===== PCA_genes_AC.txt =====
columns: 94
rows: 4619
--- header ---
gene_id	PC1	PC2	PC3	PC4	PC5	PC6	PC7	PC8	PC9	PC10	PC11	PC12	PC13	PC14	PC15	PC16	PC17	PC18	PC19	PC20	PC21	PC22	PC23	PC24	PC25	PC26	PC27	PC28	PC29	PC30	PC31	PC32	PC33	PC34	PC35	PC36	PC37	PC38	PC39	PC40	PC41	PC42	PC43	PC44	PC45	PC46	PC47	PC48	PC49	PC50	PC51	PC52	PC53	PC54	PC55	PC56	PC57	PC58	PC59	PC60	PC61	PC62	PC63	PC64	PC65	PC66	PC67	PC68	PC69	PC70	PC71	PC72	PC73	PC74	PC75	PC76	PC77	PC78	PC79	PC80	PC81	PC82	PC83	PC84	PC85	PC86	PC87	PC88	PC89	PC90	PC91	PC92	PC93
--- sample rows ---
YMR056C	-7.886450800510093	-2.353275302283553	0.5970303145184319	2.246112276996265	1.3063079795384567	1.2403940274250655	1.406773777062696	-1.5895691799979177	-0.1881994356589485	-1.296923503247899	0.009422057788438144	-0.2599085070786103	0.6922540773879086	0.6017041914037148	1.3203106857284508	0.27179492474462813	-0.053837576497432024	-1.504150667253426	0.4237726558426527	0.3214338841845048	-0.6860478338046939	0.500316269389837	0.45036601289545547	0.7175337094174068	0.5046871484180583	-1.2369240404735418	-0.38448197977212833	0.09639023904791033	0.7918217704857964	0.8321752963832763	-0.1635569915074269	0.1292386328296663	0.4307512569349786	0.6436619217008972	0.47833633056047814	-0.9082273794472668	0.10368108208750779	0.530444608922316	-0.0031458203742582773	0.3335036594488204	0.27538933505989954	0.0922781873592559	-0.23186663843771593	-0.7139608180417123	0.21480814829565162	0.006667551150056902	0.01685863364929461	0.04650714740613898	-0.42314693776499285	-0.3752307909491052	0.1957782335121804	0.051087573389511066	-0.05942643525962396	-0.1802424449488426	0.19150978465329713	-0.037116998366706774	-0.47208098371916013	-0.017224021670737895	0.2692512709228336	-0.11763989954201241	-0.13189021851889374	0.10873796476025671	0.09376287337411802	0.1271862543601485	0.035600225248751755	0.009330980563523895	-0.31595437836467444	0.11869973880723839	-0.1647920928912432	-0.1609869545449779	0.30220112107087016	-0.768853428797009	0.07644489075006497	0.06799355267515636	-0.0010463246682991954	0.21792100460348265	-0.06713361580136039	-0.19863649777348386	0.01636949370625823	0.2042567577570354	0.0756363196424399	0.06152752368631567	-0.007185439800692555	0.372434690393214	0.0889211490958402	0.18758459272800287	-0.27720217478955295	-0.18941434238543225	-0.17048627654628742	0.03788456067340442	-0.10087055481906566	-0.007140964420116958	0.19644111259294872
YJR155W	-11.324298037141642	6.376196943072297	-11.872642102603058	-0.691994235141828	-0.3903875174306974	1.733692217889163	0.8182298099331297	-2.951679256853382	0.5657750678151956	-2.8975062244413983	0.7332853741659608	-0.0173709844046018	-0.6216394934611884	0.5614662711910284	-1.7037097052945012	-0.31281940576536477	0.4362938145638849	0.18392994149536046	0.08159811456613876	0.5193787995091228	1.0837206256585588	0.551649357070434	-0.7695820485056984	-0.7850397012551573	0.24651610472463462	0.32143598681536495	-0.32690038626513396	-0.7406864937792288	-0.6856328412219389	0.41233157067030507	-0.16839283876119543	-0.301761126740291	-0.07431051604719419	-0.2654618503134375	0.5794063885135275	0.15776691247342567	0.3151804913266775	0.18918041370019492	0.3415957551127583	0.07780052587395346	0.7017447263560693	-0.3739927400922623	-0.28353830601136887	0.17733531397790095	0.24333607131179777	0.09268364960635339	-0.18544985612749945	0.21396216698513823	-0.3810196099341499	-0.24364626032957784	-0.020044815925445814	0.13606355327499486	0.15935434572403304	0.08641132896432194	-0.1541680835991068	-0.6108847145649499	-0.004860308246960833	0.0475095007511509	-0.2819389263488061	0.2085573669161485	0.005092537800969041	0.035893471975960545	-0.09994228096967286	-0.12269273539595928	-0.14441034879080647	-0.1413097946026996	0.24496319917978937	-0.03074561530438879	-0.4490415026976861	-0.22426850331788994	-0.26055475911243803	-0.15618398980374906	0.2960961473546763	-0.23210764379892315	-0.24963987751236494	0.02544493795748344	0.015669446545046997	0.2110925898080104	-0.21797166088659783	0.23869251723971838	-0.1736661927932697	0.21862648818863456	0.1660473176806305	0.10990168783875014	-0.0718663903891766	-0.3336385578462158	-0.19440872556609426	0.03819366634529335	-0.1066067803068249	0.10116352559768146	-0.19604223840612944	-0.16099075564672005	-0.2972950778419608
YNL331C	-6.19041399910531	-1.5782395384074246	0.657116463091529	-0.5658638177665345	1.282061956111918	0.32330484484938676	-1.000582762165015	-1.649893497444111	-0.7996503325453186	-0.22551980236072586	-0.06130999767855086	0.6929686108151172	-1.070543617548637	-0.11804707575900959	0.33851109625951864	0.6607913230251097	0.5291086134308695	0.36499661543487455	0.2044917388315297	-1.0614819109950857	0.5797757443072858	-0.41612047344620623	-1.0657398890688403	-0.17626676120850582	0.10551596530402008	-0.06499970138363752	-0.05278091166569856	-0.33774538320455144	-0.29147169092307307	-0.31943106352096257	-1.0959220269032839	0.4094658875200251	-0.5038682465627623	0.7744299690770995	0.4753015862028289	0.9822318783342715	-0.5332107866538273	-0.10679080407289487	-0.35491471322220924	-0.48114020543127245	0.308604046794944	0.21179345706847755	-0.8141622208473703	0.6486216004999418	-0.2306029439223913	-0.09802525197625932	0.16350957446450445	0.3764318407981455	0.1583090217666651	0.23160889410481536	0.052685312451647086	-0.08640695224386673	-0.6188523797587425	-0.4101604317569594	0.7055429746991517	0.291521564277874	-1.3301653875100914	-0.18963811047161913	-0.19068252948953532	0.5322547972406039	0.9659731841025279	-0.5724394902922244	0.21360507687244878	-0.298051399873765	-0.4206548012373433	-0.3598018517025779	-0.5689675306363593	-0.31663767255545594	0.037594783066329254	0.26923745828163387	-0.29399834764990046	-0.036665408203719475	0.3496486213059241	0.013981423831965564	0.10124459947766223	0.17952160353220942	-0.20768143074885462	-0.3077455646521457	0.458266267253599	-0.4497005169962501	-0.16626521427809365	0.1381416496243879	0.02292945956248125	0.011039938829340828	-0.19678136893149079	-0.1400021949579295	-0.07078965922347497	-0.14708776880791774	0.8916577544434201	0.5821853264264952	0.2735470332066664	0.2890862187703168	0.3069713127997553
YCR107W	-4.315949881667999	-1.8429594594873582	1.3802182701929258	-2.0234972272362635	-0.3826881248971687	0.577595197952008	-0.020357093055191754	-0.5411384095716457	8.066942761874064e-4	-0.3635228603739506	-0.4388578451486891	-0.351180105326058	0.03183179193538569	0.4907823659197129	-0.0017126776560303432	-0.3533294771057012	-0.5404499147843368	0.4210393576384809	-0.8702005719367734	-0.2304748029756172	0.26879955253319904	-0.3139601940599144	-0.3542331910381716	-0.18298277776816896	0.3043963232972336	-0.6002330014369361	-0.45623241481318677	0.10342363961284425	-0.5060688646416188	-0.5108415795667752	0.15963925975317278	0.16870838697297183	-0.37426939220375544	0.35227041676333953	-0.3743587522982511	-0.3805308664168124	0.35449317238312805	1.0834666235648744	0.10060087636420577	-0.15657757302622047	-0.24129238200589784	0.015482862514651141	-0.003523053347054084	-0.12342609715098661	-0.4755690084386591	-0.24527789127688449	0.030510321690769244	0.0838945660788122	-0.09710476041301401	-0.027868866610170545	0.0482798838826378	0.616704865849412	0.385463509724493	0.37235613935536876	-0.3456928721836639	0.1275437166034507	0.651642555565759	0.16158141570025294	0.20408131549063244	0.07436794555276505	-0.06345882190079478	0.20791360697358782	0.048899232888664615	-0.32148206392335005	0.09408859546051848	0.2097547885398343	-0.5909441105128109	-0.1293856416987433	-0.21797563639519218	-0.3741478295208418	-0.00277373631301592	0.4220463784065208	0.5210547731943633	-0.5329518574903062	0.43416251276684087	0.10035229750670652	0.058873593665673594	0.33104022079696965	-0.2905079757064747	0.17302522783592142	-0.37879263507101096	-0.025598074595625107	-0.0512151723085737	0.14055449570875853	-0.008122867765401358	0.07336313343907833	-0.025281288639792978	-0.3858293933896929	-0.46521600101015076	0.07902778417899298	0.1228674020142226	0.023705216709538488	-0.17017616841295288
YHR047C	1.4848647424060102	-0.3876455124924663	-1.70950802366799	-0.48257439386800527	-2.8101243408386045	-0.44523226848217917	1.2546896522755604	0.4243486431081488	0.028877776760144344	0.37687915474193123	-0.3284390226151023	0.9339239997185154	0.377970353377672	0.508766587885935	-0.5375363438764881	-0.47886294494533815	-0.06745106248053695	0.7938004459070965	0.2253180962495134	-0.15295592636343217	0.10255944815379185	0.5508823806560631	0.31770106301275297	-0.2334258679454442	0.4851819095712749	-0.11466216162345162	0.18397044049892536	0.04668758854004811	0.09236369154221319	0.20754085428112357	-0.2551179870099498	-0.023361776783594863	0.16169380407830472	-0.04017852656263849	0.14414842745773235	0.008660196190144439	-0.19639351398902505	0.02669455369797907	-0.10125017498352977	0.151409161199928	0.08795871520447912	0.10250110545016433	0.321076975869379	-0.20085763199327022	-0.19103926564962828	-0.10892379338875235	-0.004546017106482181	-0.04496326074530253	0.007585984904000608	0.08365141715317935	-0.053853961737548216	0.013759345776406499	-0.01973494300628892	0.08603716523874029	-0.0857290088408935	-0.001018506607774203	-0.17031487746301124	-0.03999856016385545	0.026739422144558503	7.829279358916637e-4	-0.07049594746105194	-0.19129459321995002	0.10578497860585152	-0.07096003218746327	-0.10231403785833496	0.13258202494593477	-0.025263162094313923	0.07274963617952546	0.036842841134426284	0.10898533635934547	0.07347110400487399	-0.05190133738230922	-0.05780469838994937	-0.008345864127516185	-0.11755714847347563	-0.06184833144063726	0.07138857465126987	-0.11686188633591038	-0.08240992078537684	-0.03614633878706399	-0.04138372100683525	-0.08047130770226119	-0.17452529429558367	-0.044414476764138205	-0.024630003096545734	-0.06929365767639285	0.21438779957302148	-0.008801010423396502	-0.1330760356389576	-0.05201027724607095	0.0031263134649035574	-0.0842859627381518	0.06015685763738488
YKL106W	5.195618811529224	-3.0876769815454894	-1.4929817666974867	-0.6664995933422769	-1.050494845098546	0.21491792849926153	1.3086301705708485	-0.1063081130161323	0.6209231427995239	0.13836663750762507	0.18804229097785055	-0.3394588360308586	-0.24982666301006176	0.35423986887896075	-0.7618286027476274	0.11170533600712501	-0.6128451953255027	0.284666891622429	-0.0931558190115384	0.3278064786814507	-0.12449016305068329	0.3093674059121585	0.06623484336198052	-0.008709640366912687	-0.06655946324139907	0.1336284726054497	-0.040352200576937454	-0.2138998230744496	-0.39227825757541634	-0.176301031527583	0.065071551044213	0.007027133508543769	0.12781094430237105	0.16190326236972158	0.014659523697250198	-0.19965481374339217	0.10497008038439605	0.11802223664892342	-0.11050398061312305	0.07528685520217546	-0.2238442145033396	-0.318578983726115	0.08427831445997541	0.015477889729614084	-0.04501941461632336	0.0010417322909002066	0.14975915844871557	0.16174470681068626	-0.05921769449860508	0.06317394077483679	0.00623171461990331	0.11797209444190906	9.315929807350356e-4	0.01309843734266382	0.030605472196525964	0.16276953194410898	0.05472558069596876	-0.0889432248926758	-0.15823141927003195	-0.07226594258020815	0.01936853016838864	0.04345296630439263	-0.04859031964398875	-0.04356366302798472	-0.09742886670317014	-0.03668429475340789	-0.29999931944289915	-0.05234326686693353	0.08113837891834158	0.007671293546271656	-0.009574929471499523	-0.022516755389956688	-0.047342589055090874	-0.06120043057004377	-0.009523697623374352	-0.05004455333528396	-0.04718409070677207	0.06803430706709629	-0.13218271130381407	-0.06297673832964291	9.81875093319026e-4	-0.04440115040044335	-0.1228418129768255	0.08441206661043624	-0.03693720642308335	0.03261772104929184	-0.04622207212210479	-0.08499125783949767	0.16819263033340462	0.06303207624930729	0.05398359110383325	-0.03809378375500234	-0.07926315119453332
YLR027C	0.7407614791705068	-0.7788787493402003	-1.097673992943297	2.445803847379653	-2.4233085459963943	-0.9033197570046546	1.6931933446670737	0.34009655184976956	0.2898070561105226	-0.5302835498607136	-0.8625197236344843	-0.3746992034196735	0.1775411514667175	-0.14904294139627552	0.02909537441291712	0.03891471386678214	0.08391040546631416	0.1945337112466281	-0.36899417776576476	0.16448609018904173	-0.19890847838444817	-0.06460223624926069	0.1516063622216239	0.12225839691874589	-0.11209200879806966	-0.16631059773267773	-0.039950909777201116	0.12404330269572927	0.12593017576878848	-0.0010727077306566066	0.040946500193986546	-0.1187761700398124	-0.17215378651009977	-0.20956502736056404	0.005446084013670893	0.018352917287652194	-0.04249166917806014	-0.05326480998945719	-0.1553136877806114	0.04097468819985062	0.17716039321068375	0.00876168071938252	0.12989471933801816	0.07589201715964955	0.10691652955403967	-0.1470995430071847	0.03848544801676423	-0.011837240849262062	-0.19973169160359552	0.16267375438022558	-0.023577940453046592	-0.18788068769739116	0.01571469298280626	-0.03026876456855674	-0.07534499450745961	-0.0744399621590616	0.20491723264129444	0.0198897474372344	-0.033096004443828674	-0.007120846673399975	0.018048671986190052	-0.04928329038736498	-0.1360389926160522	0.033514814258633834	-0.1508636931346682	-0.06097699122002323	-0.2023506209509499	-0.031537756299338915	0.035320389960984064	0.019076270335504675	0.008073296801000756	-0.06798306829699031	0.006340022822719616	0.08525843467372131	0.02048396742072822	0.04820799504855056	0.11541581999828468	0.013753469658364794	-0.009970849783102285	0.05447585559982107	0.07253418925756801	0.001760151399617838	-0.0364774718853589	-0.040116926092176035	0.0056384405326997	-0.008671431211923536	-0.06103557418506191	0.02673469407116094	0.004467364402901959	-0.01233242941857739	0.00472688850585231	-0.011844267928761991	0.01514817827700325
YBR236C	-0.9057781068954859	-1.1996643411571275	0.5880171008535108	-0.4000747111811207	-1.7605625470718822	-0.6446698442045411	0.4460375037261908	-0.21777609836589398	-0.03473482045520965	-0.013565655677021258	-0.062498438344525224	-0.09783354207086326	0.12072733619283679	-0.26234649585721637	-0.08196896278872282	-0.14316694827632978	0.28471815593841315	0.1460949831976576	0.10506462424872622	-0.19245065495933386	0.19243449533747856	0.07728401210072534	-0.09116464722988102	-0.022423096147712835	-0.006137841452266498	-0.0154844191757367	0.018305197256775756	0.04448037615441176	-0.003118456431884932	0.07791095644660107	-0.11490838498517454	-0.18481181724208584	-0.1728903638298368	0.0075755520159513975	-0.10328221711393365	0.00678853042756011	0.03278894848983967	0.04408262055136302	-0.044818198962988914	-0.0025458073241827668	-0.178394834620098	-0.05138174321240937	-0.12773037437483456	0.048962337430031436	-0.07351983333253093	0.010075374878952052	-0.10285896926750557	3.2118642180354543e-4	0.07290842710356978	0.08298859144163971	-0.029308161775527735	-0.0296787604130992	0.05095196909569164	-0.1176671505290814	0.10044812133015674	-0.10613075918482175	0.058721602528704474	-0.041305546696546507	0.1173459906875995	-0.025313746887785094	0.040091487195205874	0.01776516014589123	0.012925507013973022	-0.017339239091952636	-0.004611133821528353	0.03480002198622619	-0.09142792438964592	0.050711673192217775	0.02321964362109025	-0.0632304453071	0.07262820855527752	-0.13126865156905376	-0.02359185301107922	-0.08814304659700405	-0.062314805461842794	0.020884688142284752	0.06906677715900937	-0.0583634647137517	0.061396049451391425	0.09854078840122275	0.057883589998388635	-0.0015524952413302037	0.18881514032975089	0.10148099045716527	-0.047598757129129345	-0.048389288864815576	-0.10781219682522195	-0.03658410626331725	0.024654084670351385	-0.08786259896778588	-0.012493529543763713	-0.030369692422775246	0.0032729941190500996
YKL112W	2.3242384062575727	-7.074831181554042	2.4045757221426944	-0.08577028188971707	0.5349764550537944	-0.2298669582091883	0.9091058694491702	-0.3235088983787834	0.6563581685093487	-0.6042964868706748	0.2793428273508077	-0.6171502136654812	0.1983982315729583	1.8255825247021754e-4	-0.10108927193810144	0.10887419592377731	0.03481923254897063	-0.14708318167027992	-0.4019768039484221	-0.07378261982312141	-0.5496139128245513	-0.056992985133810244	0.11064580999277598	-0.1594842407559045	-0.16199039735534254	0.019591569045768604	-0.05097075430273799	-0.03201020184992493	-0.17283907818226762	-0.2078541677759599	0.17202852157226622	0.05705922327164301	-0.1277807309954432	-0.2728162937674149	-0.020699175470597478	-0.1401551850334497	-0.034811973049387664	0.039859678959866245	-0.2997191922408785	0.24130880642787192	0.20107285325045093	0.02181321434343005	0.0967599753201724	-0.1780750453043601	0.10590892900203372	-0.19562617065699023	-0.024163832875446083	-0.021962865474107758	0.0027329875131801673	-0.09707540589979088	-0.12284168496634194	0.0693687106820998	0.02459897535452701	0.2869570252501583	-0.023248868808213124	0.012535949528744438	-0.08610356029847543	0.1498252142738988	-0.1248986742665149	-0.0085982928307593	-0.021615827105398708	-0.1446075140243927	0.030452218593186735	-0.1390993641914963	0.1159060920399665	0.045993943629771585	-0.11736674519425279	0.049876062832752546	0.12763425481841775	0.16185706224536148	0.027890097321880324	-0.08529918794261995	0.04289938382293363	-0.03460304934069309	-0.011996009708490126	0.023432571467932393	0.11606216704050468	0.042967174965104195	0.04164674966744887	0.15396752658691273	0.022521320558462756	-0.04211003004660628	0.0518074299063302	-0.14301375325779578	-0.1551933554241533	-0.12907052891081716	0.12301838781907942	0.143882994326171	0.10938283018557035	-0.09039275625506157	0.09568312834451438	0.032564242698627184	0.014917384663615262
YMR072W	-3.813056183475492	-2.202359918276409	1.8143191118611683	2.337087000923699	-0.11595001181964558	0.044450124009404235	0.7425961557850846	0.5407020449791706	0.2189622759086841	-0.05282523231683036	0.02091109103505135	-0.021533321202284787	0.2589756248506717	0.09476623410475907	0.08764818822971601	0.3825810741378806	0.10207239774418769	-0.16640201481176575	0.20712720445919167	0.11096729403552873	0.3596803499975002	-0.11118418751925147	-0.0018889449661188816	-0.051730365091973506	-0.14782957878328404	0.08959596190559513	-0.01665971155420889	0.15327694244326528	0.19315191923901573	-0.12104548221573769	0.06391537500434558	-0.053371477254703224	-0.03639292371028745	-0.039252039864934786	0.15769088159579553	-0.011870933668869136	0.020944092777886388	-0.12743242045849137	0.017776011822625504	-0.055336422624305596	-0.07077367192806078	-0.020390704680598462	-0.03696194947565979	-0.018476688474132332	0.0846084735074768	-0.020418146129001516	0.10445054482110958	-0.13672296628265354	-0.013769757317208359	0.03837036101237522	-0.1137344572146598	0.053114051558527164	-0.054828257466421906	-6.720047493431826e-4	0.027838989772705235	0.05860480150765002	-0.039502739620702436	-0.10770831431570024	-0.05123449507032715	0.04036987334354228	0.059096997443339114	0.025652767827654202	-0.0900360746764186	-0.030495652605905782	-0.06428307289565191	0.10768973297580038	-0.001491174573640919	0.12759011497654363	-0.0607566860299423	0.04029133760495115	0.008878645088706458	0.09727883305099552	0.1025182696781164	0.022449138568422213	0.051520093046029836	0.0642046210517285	0.11081291161439738	-0.057527732878170874	0.05228918529720887	0.043016495273461325	-0.013878705190059988	0.032504117946241674	-0.07390821149112256	-0.02762038625335845	0.05322794592085766	-0.0032066950429487195	-0.027965375334431917	-0.009058756830607669	0.027830513814561322	0.10750931090542552	-0.032360410701400305	-0.006788164946079718	0.0548231418972367
YCR088W	-7.608137316454228	-1.431036650780637	0.30069851485323873	2.185015277507747	-1.2143364789447872	-0.6820789123381124	-0.7262476905537952	0.6976512778926862	0.2518547886422167	-0.3078488115339397	-0.9629112196659801	-0.9005885849578716	0.5748584729357162	-0.5596284383725542	-0.2884579086605905	0.6130224344865046	0.3341188626722654	-0.13565309990961846	-0.2893276213276882	-0.19223501485793584	0.012295104274563465	0.4277481687103781	0.25081711359153935	-0.17965159325248498	-0.03929905870732406	-0.036436930966031296	0.10553430560300593	0.36569568347993325	0.03322403347892526	-0.08249980906615531	0.03290951640667189	-0.1898606334720715	0.0891681415072972	0.11555723828214313	-0.0016575484305118673	-0.03358644055450363	0.018786890146124304	-0.2753028002079581	0.0021817765459234764	-0.08020347255276836	0.02495282783939762	0.08053850509411391	-0.060508021990678555	0.019714973180900278	-0.036869533127245946	-0.11232259557137547	0.111929668054209	0.044726050047738865	-0.005194014223353594	-0.07665057170884744	0.11666418896325445	-0.17282606990158628	-0.033862082711072446	-0.08103036116780485	-0.18034477265725798	0.1286131689877017	-0.10700214774992606	0.012958303825787313	0.06472022288201638	-0.12915727361120688	-0.09148171394743237	-0.10972879186859245	0.16565862134435472	0.02232667873581797	0.08770796260364098	-0.0437424749840374	0.007806456781267055	-0.11759991463600351	0.04573834388863828	0.049945572709456425	-0.03487943833753029	0.01377469280050579	-0.05007310346037255	-0.10309415642313621	-0.05693275983341898	-0.0012392295081264798	0.02797252009592324	-4.7674981267225924e-4	-0.005319896666979694	0.05873076073836311	0.03282350225691852	-0.047047215181904224	-0.014451410626449668	0.0800522089284901	0.008357398572054926	0.06012016197377601	-0.022999435946936504	0.09771960944528114	0.03285831346408996	-0.06452412602363354	0.023865843452379163	-0.06307892859154098	0.031661400427624116
YOR239W	0.9190810831285684	-2.2549782584539595	0.5780264794966175	-0.7643953986712707	-1.1833983648579676	-1.326402366204523	-0.5266029028223308	-0.04689722362074117	0.42811734556742553	0.10365961227224833	-0.06531863443521467	-0.26232112426282955	-0.4742479362185904	-0.08851867770704538	-0.09478739831834271	0.10968319295264828	0.027251799431122593	-0.050220009485327344	0.13491799253442277	-0.11816394632878527	0.06488537905449725	-0.05272627334297752	0.1451063873677031	-0.34091914759464853	0.104813081898237	0.16831603378603116	0.044046517824190515	-0.0691819018103751	-0.08723478410640739	0.21422752982118162	0.08231360607991682	-0.01563649453261685	-0.018829396084041126	-0.11699841473328355	-0.030270377037993016	-0.13319685722494173	0.06486673952999739	-0.1704099007056337	0.026074654571851562	-0.03727894718503151	-0.0769721295197497	0.04088421176570576	0.07556966609275087	-0.05607211058068851	0.02578322151068576	-0.224105039622517	-0.06956125602342786	0.015814719596858515	-0.051029215774496164	-0.027988337316165967	-0.009583325109850212	0.02949082470692476	0.09617860753448705	-0.035421479391800556	-0.06507873698063428	0.18102612166753562	-0.07164589442691768	-0.02889342372440297	-0.1061700185535314	0.01767276670117309	-0.029712415451292013	-0.04502914036052423	0.003853943686567818	0.01776839145358661	0.0959492068555121	-0.05163048766951082	0.051686292270466935	0.11203206309286798	-0.0477248812853772	0.022443218292234102	-0.0931663256443333	-0.00267159871520719	0.0061158873296159435	-0.021115669298302615	0.03106347369870899	0.006004212569217821	-0.01543199692300146	0.018555993331437214	5.655556657002658e-4	-0.1206275675476509	-0.07161672919145985	-0.024793965035991225	0.05039811317920696	5.660916625129413e-4	0.05407851420393671	0.01544655958333436	0.057050217363723156	-0.009530008580077002	0.02067426209149042	0.11689304661947265	-0.031018581248687213	0.11611603101025586	-0.001801445986021608
YNR033W	-4.351909349115563	0.39171750300068287	-0.3018079437484727	0.36352872680313286	1.0631259924925394	0.007468773657504845	-1.6195924687393384	0.093440985673572	-1.2263023519530027	0.31821511903065663	0.5347728757336767	0.2044836607952099	-0.39131303102648324	0.24252376253457825	-0.06539628257697608	-0.4301720190339619	-0.5654104317523494	0.4315111662386347	-0.07092235566391178	-0.13494285417078766	0.4588467537272446	0.30441798513698903	-0.025757505558709145	0.12078271357560849	0.4944668504485125	-0.13420274982440278	0.0722582785270982	-0.12911806643259363	-0.08544619555543223	0.1932721959505585	-0.020012271163769295	-0.07939455152469285	-0.04650116951509214	-0.004897543136669892	0.16619765130505054	-0.16779968840826945	-0.1529402388179438	0.0336354790210552	-0.17725993711568158	0.08280706426414948	-0.12387469592808122	0.014593901892721323	0.017874500822809915	-0.11488715119821413	0.1159745713382704	0.11326169961843091	-0.09964588392695987	-0.12801235648105677	-0.022150953215940506	0.0544330417934581	0.007049047960112763	0.14670981411025827	0.0299599407120518	-0.15470907922365132	0.07249218372113572	0.09400722281183141	0.13582805556030433	-0.029893554784980618	-0.040951538364635415	0.0051518290762157005	-0.0497519470092715	0.13090122325942938	0.03509664543205	0.07622272364647341	0.06641962068115552	0.10318695447924645	-0.04252622395937628	0.1198197265745098	-0.14639494512785028	0.05387572505803019	0.05020721082116976	-0.040002334743969824	0.0072557465584432955	0.019920658812251395	-0.1150343880746045	-0.10184882823909468	-0.011323878322029841	0.05571518973640287	0.16194402749699924	0.03942393437905153	0.07345082708736216	0.016666118270451984	0.020744558996086942	-0.01908233425982165	-0.07877980133341617	0.019786247040960884	0.026081586129624558	0.039825687398432376	-0.018161440751913543	0.08684615533934566	-4.598235598879869e-4	-0.027933084177848844	-0.05612689080854695
YMR289W	-2.6575033818915985	-0.6080148054947877	0.18747412930452756	2.1552647322588805	-1.33359427217267	-0.04369872975645435	0.2975179718041089	-0.6207720233871786	0.1551992285208487	0.055889219355392164	-0.11440202952006183	0.20039686463217832	-0.2094977217588451	0.02206266185367972	-0.017336627662627852	0.17283392338653886	-0.35342325229744903	-0.23302124562365809	-0.07809974882146922	-0.056417465844813185	-0.048367573306578655	0.018189120559817206	-0.33237537754683133	-0.11906017574170405	0.12758747091657804	-0.2184648896539743	0.25118055167818065	-0.028093035439957784	0.044469491414889324	-0.08912173607571973	0.14362227125122887	-0.11082627064211917	-0.13790370328049967	0.0970037771320634	-0.05312656186279942	-0.04211943789761779	-0.16351325258721838	0.027593388003144016	0.10819091210667875	0.16047745585005443	-0.03695236173689976	-0.050791600047592395	0.15136790345921045	0.23190794694740433	0.062018214097148826	-0.0297625312720913	0.07285102309264024	0.21130940599314796	-0.10890034067261908	-0.0471594459713241	-0.00909345400906652	-0.14413807484173816	0.1850373046976153	0.08115775716556271	-0.13715758773183886	0.10288256170474865	-0.0918116258355664	0.05364897295819429	-0.038099378379826965	0.03129428160945461	0.13995138266000207	0.06670716707929548	-0.15921558700694546	-0.07890151335225516	0.08834567331374525	-0.016266398374670525	-0.002843824873751002	-0.0714338362615931	-0.11040038289921306	0.08279791831658491	-0.0893655983900864	0.09100505159934699	0.023537502309889463	0.13018863440922995	-0.006382388959048084	-0.10252313689691568	-0.1152486193535258	0.022234964212198765	-0.03132833439781013	-0.07859479393331775	-0.0052242618580564245	1.4953344882342634e-5	0.028504078590543692	0.05475091725366493	0.011464490635555158	0.032198540156868516	-0.014598856342657394	-0.008796902018237861	-0.03400787223615818	0.02244016468307193	-0.05090287565914497	-0.05682691664139624	0.061201376227655944
YER045C	-2.750770489289445	0.965898057412491	-1.244622425480243	-3.3407226788635462	0.4072291069205206	0.6521411410524267	-0.25834034868160155	-1.2404617573098127	1.4351748515869622	0.6115010238061362	1.3373246117112323	0.22236445917854508	0.15628312946126882	0.5634270789077385	-0.9387103434951475	0.8278981269088607	0.606856580321267	-0.2684903162232598	0.24688057731883473	0.5697044204897237	-0.333454023118316	-0.31109705248128705	0.5669468961914057	-0.7887215982976636	0.38569150125973767	-0.42589758390031157	-0.19036915344076935	-1.0191717867869499	-0.6118265848296616	0.002969602222232149	0.051326472966363515	0.18644722051124826	-0.4479163867288647	-0.07021378782937376	0.02324579791277048	0.5630720076900821	0.32875482236475084	-0.2151016446833678	-0.14414987298915657	0.11425064219799656	-0.335100243600889	0.08518414575503562	-0.11743076017130226	-0.029505149055627164	0.3200571153358119	-0.09918657250264239	-0.1554655958849456	0.2269647613280839	-0.12617590305391238	-0.060157305514516674	0.18478852873022336	-0.1492037658828188	0.18353273300933845	0.4735935402451355	-0.2691615989345064	-0.016339048797422852	-0.2754652842765714	0.2030542619834674	-0.3063181953161117	-0.16210636498144917	-0.08585362027843851	-0.1366405417520466	-0.28418216642918726	-0.1595521409041799	-0.07685810236347225	-0.010495985814095419	0.09655292225964988	-0.02590909153656933	0.1112100294837636	0.11459615795268567	0.0018577003231544935	-0.18279120846312716	0.08374306861558525	-0.06002173958602434	-0.09425149505305276	0.048161448508925515	-0.16815568015858026	-0.304220936074285	0.06763123188264861	-0.032601070746315734	0.27251210525768643	-0.009213145599383533	-0.15601681547842222	0.005283449647062582	0.11787900572827957	-0.31427784771778217	-0.05277455694415424	-0.05316415652056663	-0.005383453951665359	-0.09142086234393625	0.082620151889444	0.0017250259575872643	0.04298236536798901
YGR037C	-3.8695821910470025	-0.5889408592999712	0.4592076158986652	-0.22084357283322387	-1.3799655559112092	-0.38457630383649005	-0.9227947666821552	-0.2462336330035529	-0.15290777422594656	-0.6286559715141503	-0.2883944816148464	-0.08840824789607425	0.3221045015736819	-0.4190797209455912	-0.3326956146157025	0.3912855952303296	0.1412219215901429	-0.2591360178244541	-0.6165973423289078	-0.21957492443321358	0.1585630991669258	-0.29425525628006477	-0.04876571326833414	0.03703583024532404	0.06045450835926637	0.09643774240893553	0.3281026291072237	0.17508596368747312	0.2977083745432835	-0.028601384514855506	0.07656080484703842	0.03730976441055011	-0.01239910400120568	0.0654985859734016	0.14699320709605815	-0.09933472765782743	-0.10573215984731942	0.08421324208981343	0.1075062986542092	0.046398564257047394	-0.039839611086364725	0.07992632492112411	0.0214955297535616	-0.037085772341477315	-0.031126043879425396	0.01706964374331684	0.05384125894533411	-0.03819341234752006	-0.043636754986786735	-0.07437419806512931	0.017152550419205614	0.004101352303306533	-0.013029594682453719	-0.04934174817890863	-0.0982499434318137	0.10895266214946397	0.10462100339350444	0.04341126824595589	0.03870732597486235	0.08745009508359121	0.055633430684762064	-6.574331281973686e-4	0.09939033260407694	-0.04692130179744657	-0.05339433710600068	-0.0032957250423710856	-0.02063161123259938	0.09214085847487363	0.05875349527414653	-0.09200981177614315	-0.02591980013406933	-0.0839512587766569	0.010111905835553691	0.1390013374391965	-0.06472197717936606	-0.0243654040801621	0.06256793158145359	-0.02681341858897048	0.02456363911374529	0.022412112525558935	-0.052113495812449215	-0.020082979362149242	0.052292328358821756	0.07740715809555007	-0.0025177451476078505	0.05486290093951439	-0.1015048347521771	0.04659009632292477	-0.029307919864458364	0.0637084104291386	0.050135631236812486	0.0625031211249369	-0.0027500027608494877
YNR016C	-0.14122229402656722	-3.808039756307449	1.1286216837624863	1.9944625401896263	-0.3418067522029502	1.1453152816691679	-1.1625964001955138	0.13311946675991818	1.1175598234324218	-0.618788565758488	-0.3748604784277026	0.5199590430825183	-0.7569958703762543	-0.2607261894789723	-0.9349159557438651	-0.0158141031778394	0.18925497747496228	-0.5455851815344286	-0.42473408553662084	-0.2081987144875476	-0.7573599537640409	0.5384472448044507	-0.06684040662258674	1.0832856694041157	0.12495212880565937	-0.07367731410910043	0.1253116646502806	0.3833932574536322	0.2649555715214691	0.13891520941841257	-0.17009214987979782	-0.014182646988170901	-0.02731321952988659	0.0800509809671054	0.03932907957191806	-0.5544213476968607	-0.23393568969517897	-0.016860177422831368	0.14512834496271013	-0.15185395877237332	-0.12261451408769129	0.13787511188606952	0.005916099730030531	0.052389810931254714	-0.044415181256525035	0.18399654076063665	-0.12168737422657658	-0.29646185567959543	-0.05084973033574472	-0.07753260527836192	0.438956561614316	-0.05249209851809289	-0.16139705473526827	-0.05161306674932302	0.5347425357987532	-0.23245860658712958	-0.06809212168090956	0.13083623812187703	0.1771910976167098	-0.1330533267267026	0.06550411134754999	-0.1077580264403871	0.23180450900585908	-0.15363645863902012	0.183120940421702	0.03391150380226339	-0.2467256088798768	0.054111521290371764	-0.08070026310088847	0.09680816861001512	-0.07987144528561071	-0.03211664336032594	-0.10032806958290244	-0.3000669539364641	-0.08500777541264987	-0.09834467473593547	-0.06945448661511475	0.08106132723686406	0.06505755980138604	0.07422227498906098	0.05642326702087393	-0.0218035235442675	-0.007736478736489719	0.02742349224923167	-0.11365374262432781	-0.07362135096613145	0.039759393852768506	-0.005283678007336748	-0.055688271379405546	0.1373949742703364	0.11389701994411645	0.01440140835926651	-0.08555257141474497
YLR131C	-1.7018998616708112	-2.9647737858113956	1.9156875156629514	1.5387196874060005	1.6330107823466784	2.1801545688488737	0.32109868652507934	0.15808110756587437	-0.03296074545149703	-0.16088967168922177	0.5702920084936685	0.4272551855563891	-0.4294537960942613	-0.32397777284491164	-0.6595362992015904	-0.4470613231927105	-0.47131432526857625	-0.7547039417857402	0.5975385878511059	-0.23718567525036446	0.010118243465211004	1.1416711514221982	0.15759522474208018	0.15554783205459677	0.09476627737659948	-0.17060958912497926	0.08562879578554687	-0.12593100480695327	-0.11296493422797513	-0.45539397218135724	0.4267867813947111	0.14950424404096815	0.10096720659793355	-0.1323172281530095	-0.37367687829640195	0.02288630157024421	-0.2524210021190688	-0.2718141129177082	-0.1156710921939027	-0.07704945280237814	0.21078553358973595	-0.011919066857564081	0.17014234382093432	0.3481911361234077	-0.07657819031303535	0.06824874733154614	-0.1327221946058337	0.09840363977511629	0.036851314526128186	0.08789106341472265	-0.43298077233875426	-0.22477565356422893	0.30399796000291085	0.037763696288891035	0.10631808823884045	0.03254995613437156	0.027951637873169333	-0.022307466251584137	-0.09486384850101227	0.017324734722083346	-0.040975443142262674	-0.02165637281340582	-0.13771624522030015	0.09143084764219747	-0.23643866389477447	0.06420107767193937	0.15008780050088932	-0.26661214897996827	-0.09432313740745804	0.13080408964987625	0.03801147045153887	0.10593507118226271	0.13924875227514066	-0.16670495176381137	-0.2681023840497903	0.11090896562180182	-0.020044781461313596	0.015977676683297953	-0.18889782384348291	0.09215439811012327	-0.13400994655567472	-0.049275397570477136	0.11080077664451553	-0.007777153993325878	0.12178008989919532	-0.04744833427274132	0.015422754401334645	-0.05019135315574497	0.025714917696973705	0.12535264615249508	0.05219484958255893	0.07820378063366745	-0.03347019540547059
YLR144C	-4.071541734084791	-0.6213820538801601	0.47238616867336947	0.32786494527447585	-1.6446993415565732	-0.1473071001266015	0.23898152922745322	-0.833586206519418	0.1094501419844669	0.09811953267978425	-0.13718580333371508	0.17789855197236734	0.19087721601527602	-0.313950237906279	0.12325125318258634	-0.37743872154897556	-0.1430561850192496	0.01961125985178237	-0.1723196275953056	-0.10635138872365238	-0.1785778686245647	0.08936771895055383	-0.2851175658810785	0.05253434161539588	0.050464391517519226	-0.24068815921819275	-0.0785506343014001	0.015879193837176522	0.01943118206108067	0.2863618713590624	-0.35500610879225497	-0.07565687390046821	0.02057883444638159	-0.05597573691539666	-0.12076558819584061	-0.014032225058377288	0.027262962703641033	0.1461334793076162	-3.771428681125801e-4	-0.0812428044157936	0.11606964487472919	0.03768873669430333	0.06956920925965562	0.07100500804930748	-0.01741656813930035	0.12036247955796456	-0.09308226309635835	-0.01691626905588825	-0.13833460967142144	0.038826452974724125	0.16433084775334877	0.1606054994372754	0.12611861463360946	-0.046482125113250755	0.15114493467157172	0.03711595082134501	0.08756669872270326	-0.0011806751516685644	0.24816744898166548	0.1056989996631896	0.1820384015461654	0.038241342278817377	0.0213431166702133	-0.06701324247330857	0.06804608434940643	-0.26927698791314764	-0.03128056493749933	-0.037482838299446215	0.0733490408159971	-0.028210936162331345	0.09137828851655465	0.001110781518180943	-0.006026074636959477	-0.044650959577104646	0.03340618386506095	0.11112954971990482	-0.2047365272766544	-0.03634864988748947	-0.0926953237953521	0.053301460699620364	0.14977415413853803	0.12830292795790832	0.020513573992034625	0.12292965109234918	0.0832413595681948	0.10321819601230198	-0.12427629565187982	-0.11813479886298792	-0.029361384651729012	-0.11739483350006905	0.027804365745613506	-9.214325397308118e-4	0.10537396489362996
YJR083C	-2.7904722319573043	-1.9820183193459324	1.6154873472890456	-0.09795501595484803	-0.8810882317927377	0.04566557564139524	0.4961222299635261	-0.15916821416520252	-0.23282436865239858	-0.009873159678535475	0.06176129586304549	-0.40276948571488896	0.13685995332071615	-0.06467296827396027	-0.2721817593551273	0.10132378013464698	-0.023077432624565953	-0.29028216128631695	0.6350552041608456	0.12403218080325995	0.14372166786296697	0.006185998976534102	-0.14174213586563786	-0.3424031572662395	-0.3222145269612161	-0.14799562046936715	0.4494368706559351	0.15687213660893023	0.1187462870798929	-0.19416187876546595	0.11401178199494767	-0.05385202476639705	-0.17555851247226648	0.058991665910982774	0.03606264375458661	0.028067166699329685	0.4508330688407446	-0.048032547087564485	-0.0689379278029947	0.12549851542713625	0.0479036908869893	-0.21690542536741447	-0.27077943268834703	-0.15676205499454943	-0.15857251007244888	-0.08106473845530617	-0.14930741169732764	-0.17135128951572148	-0.03375263495964816	-0.22071462494287597	-0.09507748901650495	-0.2945968908573204	0.05249525204018002	-0.16739878363214494	0.0031129760989078398	0.07593782271124147	0.13077513637702495	0.09227952453613267	0.06207843440699012	0.01241313150248676	3.423937096794464e-4	0.014896677438929992	-0.1175939018192346	-8.513005099672806e-4	-0.28124612300559587	0.05828812006258954	-0.21558438866110202	-0.005862937039209691	-0.009357900731415257	-0.16810591436408534	0.03252064035966578	-0.23743146621194255	0.2187863801671747	0.1353493949788351	0.06757705720799796	0.2594535229306922	-0.2588440932534569	-0.2691486697085127	-0.017475016468718612	-0.021471488392369877	-0.007661944962225427	-0.3920713790553901	0.11493417327547636	0.04507286142379248	0.17799026951985036	-0.006052367419395747	0.082653917296148	-0.034338078349823935	0.21827583517865176	-0.06165676308978794	0.04817801811780778	0.27329093801680265	-0.050067817498016386

===== Combined_norm_table_AC.txt =====
columns: 30
rows: 94
--- header ---
sample	Candida_TPMsum	S_cerevisiae_TPMsum	spikein_ratio	sample_short	experiment	ref1	ref2	ref3	sample_ref1	sample_ref2	sample_ref3	replicate_1	exp_group_1	exp_group_2	exp_group_3	exp_group_4	strain_id	strain_info	arrest	condition	strain_info_condition	strain_info_condition_easy	DNA_ratio	DNA_content_file_name	DNA_per_cell	mean_cell_volume	RNA_per_genome	RNA_per_cell	RNA_conc
--- sample rows ---
2025-01-14-MS241219L01_exp241025_MS69_SCD_1hr-arrest_Torin_polyA-RNA	495211.0520916908	463448.40978546155	0.9358603929131447	MS69_SCD_1hr-arrest_Torin	exp241025	FALSE	TRUE	FALSE	MS69_SCD_1hr-arrest_DMSO	MS69_SCD_1hr-arrest_Torin	MS69_SCD_1hr-arrest_DMSO	rep1	B	B	B	A	MS69	WT	1hr G1 arrest	Torin	WT_Torin	TORC1 inhib.	0.851995144	exp241025_MS69_1hr-Torin_G1-arrest.fcs	1.420873529	66.34	1.0984339517704396	1.5607357254254803	0.0235263148240199
2025-01-14-MS241219L02_exp241025_MS69_SCD_1hr-arrest_DMSO_polyA-RNA	314612.82682341547	657957.498465043	2.0913244545949126	MS69_SCD_1hr-arrest_DMSO	exp241025	TRUE	TRUE	TRUE	MS69_SCD_1hr-arrest_DMSO	MS69_SCD_1hr-arrest_DMSO	MS69_SCD_1hr-arrest_DMSO	rep1	B	B	B	A	MS69	WT	1hr G1 arrest	DMSO	WT_DMSO	WT_DMSO	0.884606202	exp241025_MS69_1hr-DMSO_G1-arrest.fcs	1.306024165	67.24	2.3641304456905816	3.0876114912841195	0.04591926667584949
2025-01-14-MS241219L03_exp241025_MS69_SCD_4.75hr-arrest_Torin_polyA-RNA	519818.75095544494	436907.99733660615	0.840500648607912	MS69_SCD_4.75hr-arrest_Torin	exp241025	FALSE	FALSE	FALSE	MS69_SCD_1hr-arrest_DMSO	MS69_SCD_1hr-arrest_Torin	MS69_SCD_1hr-arrest_DMSO	rep1	B	B	B	A	MS69	WT	4.75hr G1 arrest	Torin	WT_Torin	TORC1 inhib.	0.299649802	exp241025_MS69_4hr45m-Torin_G1-arrest.fcs	1.001783513	240.3	2.804943113588014	2.809945766095358	0.011693490495611145
2025-01-14-MS241219L04_exp241025_MS69_SCD_4.75hr-arrest_DMSO_polyA-RNA	373005.7547580638	589322.7828232488	1.579929465714251	MS69_SCD_4.75hr-arrest_DMSO	exp241025	FALSE	FALSE	FALSE	MS69_SCD_1hr-arrest_DMSO	MS69_SCD_1hr-arrest_DMSO	MS69_SCD_1hr-arrest_DMSO	rep1	B	B	B	A	MS69	WT	4.75hr G1 arrest	DMSO	WT_DMSO	WT_DMSO	0.31373272	exp241025_MS69_4hr45m-DMSO_G1-arrest.fcs	1.004088844	242.7	5.035909119438518	5.056500166226079	0.02083436409652278
2025-01-14-MS241219L05_exp241002_MS69_SCD_1hr-arrest_Rapa_polyA-RNA	475010.0968566009	484803.3382984119	1.0206169121595903	MS69_SCD_1hr-arrest_Rapa	exp241002	FALSE	TRUE	FALSE	MS69_SCD_1hr-arrest_DMSO	MS69_SCD_1hr-arrest_Rapa	MS69_SCD_1hr-arrest_DMSO	rep2	B	B	B	A	MS69	WT	1hr G1 arrest	Rapa	WT_Rapa	TORC1 inhib.	0.798164102	exp241002_MS69_1hr-Rapa_G1-arrest.fcs	1.23983372	66.40407	1.2787056065315128	1.5853823289308218	0.023874776484797116
2025-01-14-MS241219L06_exp241002_MS69_SCD_1hr-arrest_DMSO_polyA-RNA	315722.4606125083	655768.3005510798	2.077040383122808	MS69_SCD_1hr-arrest_DMSO	exp241002	TRUE	TRUE	TRUE	MS69_SCD_1hr-arrest_DMSO	MS69_SCD_1hr-arrest_DMSO	MS69_SCD_1hr-arrest_DMSO	rep2	B	B	B	A	MS69	WT	1hr G1 arrest	DMSO	WT_DMSO	WT_DMSO	0.72654178	exp241002_MS69_1hr-DMSO_G1-arrest.fcs	1.24896019	66.05176	2.858803774674607	3.5705321055903148	0.05405657783517524
2025-01-14-MS241219L07_exp241002_MS69_SCD_4.75hr-arrest_Rapa_polyA-RNA	534527.8378207801	424775.4420723679	0.7946741254938892	MS69_SCD_4.75hr-arrest_Rapa	exp241002	FALSE	FALSE	FALSE	MS69_SCD_1hr-arrest_DMSO	MS69_SCD_1hr-arrest_Rapa	MS69_SCD_1hr-arrest_DMSO	rep2	B	B	B	A	MS69	WT	4.75hr G1 arrest	Rapa	WT_Rapa	TORC1 inhib.	0.250728084	exp241002_MS69_4hr45m-Rapa_G1-arrest.fcs	1.00118499	255.09529	3.1694659521822417	3.1732217376409184	0.012439358396781525
2025-01-14-MS241219L08_exp241002_MS69_SCD_4.75hr-arrest_DMSO_polyA-RNA	344799.5602733848	615840.4289546454	1.786082408186245	MS69_SCD_4.75hr-arrest_DMSO	exp241002	FALSE	FALSE	FALSE	MS69_SCD_1hr-arrest_DMSO	MS69_SCD_1hr-arrest_DMSO	MS69_SCD_1hr-arrest_DMSO	rep2	B	B	B	A	MS69	WT	4.75hr G1 arrest	DMSO	WT_DMSO	WT_DMSO	0.308205762	exp241002_MS69_4hr45m-DMSO_G1-arrest.fcs	1.00074858	265.60174	5.795097394013824	5.799435488021035	0.021835080929895397
2025-01-14-MS241219L09_exp241010_MS756_SCD_1hr-arrest_PhIAA_polyA-RNA	325442.69762310374	650164.601462569	1.99778518986936	MS756_SCD_1hr-arrest_PhIAA	exp241010	FALSE	TRUE	FALSE	MS69_SCD_1hr-arrest_DMSO	MS756_SCD_1hr-arrest_PhIAA	MS69_SCD_1hr-arrest_DMSO	rep3	B	F	B	A	MS756	AID-Bcy1	1hr G1 arrest	PhIAA	AID-Bcy1_PhIAA	PKA hyper.	0.712244463	exp241010_MS756_1hr-phIAA_G1-arrest.fcs	1.204267945	66.91	2.804915016755083	3.377869243127284	0.050483772875912186
2025-01-14-MS241219L10_exp241010_MS756_SCD_1hr-arrest_DMSO_polyA-RNA	357464.01922872924	615467.5342885894	1.721760795999925	MS756_SCD_1hr-arrest_DMSO	exp241010	FALSE	TRUE	FALSE	MS69_SCD_1hr-arrest_DMSO	MS756_SCD_1hr-arrest_DMSO	MS69_SCD_1hr-arrest_DMSO	rep1	B	F	B	A	MS756	AID-Bcy1	1hr G1 arrest	DMSO	AID-Bcy1_DMSO	Control_DMSO	0.71835053	exp241010_MS756_1hr-DMSO_G1-arrest.fcs	1.196641856	65.33	2.3968253994326765	2.8681415944850595	0.04390236636285106
2025-01-14-MS241219L11_exp241010_MS756_SCD_4.75hr-arrest_PhIAA_polyA-RNA	431572.8392627515	540984.5916443915	1.2535186240370138	MS756_SCD_Large-G1arrest_PhIAA	exp241010	FALSE	FALSE	FALSE	MS69_SCD_1hr-arrest_DMSO	MS756_SCD_1hr-arrest_PhIAA	MS69_SCD_1hr-arrest_DMSO	rep3	B	F	B	A	MS756	AID-Bcy1	Large G1 arrest	PhIAA	AID-Bcy1_PhIAA	PKA hyper.	0.217089339	exp241010_MS756_4hr45m-phIAA_G1-arrest.fcs	1.001724589	268.5	5.774206277522517	5.784164410152464	0.021542511769655357
2025-01-14-MS241219L12_exp241010_MS756_SCD_4.75hr-arrest_DMSO_polyA-RNA	426372.2492983465	542003.2233389011	1.2711972325376266	MS756_SCD_Large-G1arrest_DMSO	exp241010	FALSE	FALSE	FALSE	MS69_SCD_1hr-arrest_DMSO	MS756_SCD_1hr-arrest_DMSO	MS69_SCD_1hr-arrest_DMSO	rep1	B	F	B	A	MS756	AID-Bcy1	Large G1 arrest	DMSO	AID-Bcy1_DMSO	Control_DMSO	0.210507509	exp241010_MS756_4hr45m-DMSO_G1-arrest.fcs	1.001377232	273.3	6.038726307561915	6.0470430346719315	0.02212602647154018
2025-01-14-MS241219L13_exp241010_MS791_SCD_1hr-arrest_PhIAA_polyA-RNA	325910.7294536913	643996.6626233333	1.9759909828769195	MS791_SCD_1hr-arrest_PhIAA	exp241010	FALSE	TRUE	FALSE	MS69_SCD_1hr-arrest_DMSO	MS791_SCD_1hr-arrest_PhIAA	MS69_SCD_1hr-arrest_DMSO	rep1	B	G	B	A	MS791	Hog1-AID	1hr G1 arrest	PhIAA	Hog1-AID_PhIAA	Hog1-AID_PhIAA	0.819120204	exp241010_MS791_1hr-phIAA_G1-arrest.fcs	1.202668816	66.31	2.412333346470501	2.9012380895969954	0.04375264801081278
2025-01-14-MS241219L14_exp241010_MS791_SCD_1hr-arrest_DMSO_polyA-RNA	372048.13586284174	598932.5570407425	1.60982544812842	MS791_SCD_1hr-arrest_DMSO	exp241010	FALSE	TRUE	FALSE	MS69_SCD_1hr-arrest_DMSO	MS791_SCD_1hr-arrest_PhIAA	MS69_SCD_1hr-arrest_DMSO	rep1	B	G	B	A	MS791	Hog1-AID	1hr G1 arrest	DMSO	Hog1-AID_DMSO	Hog1-AID_DMSO	0.682510206	exp241010_MS791_1hr-DMSO_G1-arrest.fcs	1.159358022	65.88	2.3586833339286652	2.7345584445479028	0.04150817311092749
2025-01-14-MS241219L15_exp241010_MS791_SCD_4.75hr-arrest_PhIAA_polyA-RNA	462106.34859491163	504857.2663373452	1.0925131582208787	MS791_SCD_Large-G1arrest_PhIAA	exp241010	FALSE	FALSE	FALSE	MS69_SCD_1hr-arrest_DMSO	MS791_SCD_1hr-arrest_PhIAA	MS69_SCD_1hr-arrest_DMSO	rep1	B	G	B	A	MS791	Hog1-AID	Large G1 arrest	PhIAA	Hog1-AID_PhIAA	Hog1-AID_PhIAA	0.228023271	exp241010_MS791_4hr45m-phIAA_G1-arrest.fcs	1.000370596	215.1	4.791235356942488	4.79301096960083	0.02228271022594528
2025-01-14-MS241219L16_exp241010_MS791_SCD_4.75hr-arrest_DMSO_polyA-RNA	492851.80840352416	472163.16796313494	0.9580225940381448	MS791_SCD_Large-G1arrest_DMSO	exp241010	FALSE	FALSE	FALSE	MS69_SCD_1hr-arrest_DMSO	MS791_SCD_1hr-arrest_PhIAA	MS69_SCD_1hr-arrest_DMSO	rep1	B	G	B	A	MS791	Hog1-AID	Large G1 arrest	DMSO	Hog1-AID_DMSO	Hog1-AID_DMSO	0.234643686	exp241010_MS791_4hr45m-DMSO_G1-arrest.fcs	1.000995807	206.1	4.082882477554264	4.08694824050559	0.019829928386732608
2025-02-23-MS250211L01_exp250206_MS791c2_SCD_1hr-arrest_PhIAA_polyA-RNA	326790.68506596074	644398.0221809974	1.9718983790830193	MS791_SCD_1hr-arrest_PhIAA	exp250206	FALSE	TRUE	FALSE	MS69_SCD_1hr-arrest_DMSO	MS791_SCD_1hr-arrest_PhIAA	MS69_SCD_1hr-arrest_DMSO	rep2	B	G	B	A	MS791c2	Hog1-AID	1hr G1 arrest	PhIAA	Hog1-AID_PhIAA	Hog1-AID_PhIAA	0.765529422	DNA_content_analysis_AC250708_MS791c2_PhIAA_1hr_exp250206.fcs	1.454243119	65.9	2.5758623018450355	3.745930027949644	0.05684264078831022
2025-02-23-MS250211L02_exp250206_MS791c2_SCD_5hr30m-arrest_PhIAA_polyA-RNA	438133.5487076419	527205.7380896603	1.2032991758899854	MS791_SCD_Large-G1arrest_PhIAA	exp250206	FALSE	FALSE	FALSE	MS69_SCD_1hr-arrest_DMSO	MS791_SCD_1hr-arrest_PhIAA	MS69_SCD_1hr-arrest_DMSO	rep2	B	G	B	A	MS791c2	Hog1-AID	Large G1 arrest	PhIAA	Hog1-AID_PhIAA	Hog1-AID_PhIAA	0.264594291	DNA_content_analysis_AC250708_MS791c2_PhIAA_5hr30min_exp250206.fcs	1.00012983	240.7	4.547714054382169	4.54830448409785	0.018896154898620066
2025-02-23-MS250211L03_exp250206_MS791c2_SCD_1hr-arrest_DMSO_polyA-RNA	352114.89675611444	620177.3551774516	1.7612925806061692	MS791_SCD_1hr-arrest_DMSO	exp250206	FALSE	TRUE	FALSE	MS69_SCD_1hr-arrest_DMSO	MS791_SCD_1hr-arrest_DMSO	MS69_SCD_1hr-arrest_DMSO	rep2	B	G	B	A	MS791c2	Hog1-AID	1hr G1 arrest	DMSO	Hog1-AID_DMSO	Hog1-AID_DMSO	0.748267333	DNA_content_analysis_AC250708_MS791c2_DMSO_1hr_exp250206.fcs	1.400248631	67.4	2.353827974214356	3.2959443985031553	0.04890125220331091
2025-02-23-MS250211L04_exp250206_MS791c2_SCD_5hr30m-arrest_DMSO_polyA-RNA	420340.0829630919	541174.7612898265	1.2874688454047445	MS791_SCD_Large-G1arrest_PhIAA	exp250206	FALSE	FALSE	FALSE	MS69_SCD_1hr-arrest_DMSO	MS791_SCD_1hr-arrest_DMSO	MS69_SCD_1hr-arrest_DMSO	rep2	B	G	B	A	MS791c2	Hog1-AID	Large G1 arrest	DMSO	Hog1-AID_DMSO	Hog1-AID_DMSO	0.252046407	DNA_content_analysis_AC250708_MS791c2_DMSO_5hr30min_exp250206.fcs	1.00017794	244.6	5.108062680713971	5.1089716093873765	0.020887046645083306

===== norm_table.txt =====
columns: 11
rows: 55
--- header ---
sample	sample_short	replicate	experiment	Candida_TPMsum	S_cerevisiae_TPMsum	spikein_ratio	DNA_ratio	mean_cell_volume	RNA_per_genome	RNA_per_cell
--- sample rows ---
2025-01-14-MS241219L01_exp241025_MS69_SCD_1hr-arrest_Torin_polyA-RNA	MS69_1hr-arrest_Torin	rep1	exp241025	495211.0520916908	463448.40978546155	0.9358603929131447	0.851995144	66.34	1.0984339517704396	1.5607357254254803
2025-01-14-MS241219L02_exp241025_MS69_SCD_1hr-arrest_DMSO_polyA-RNA	MS69_1hr-arrest_DMSO	rep1	exp241025	314612.82682341547	657957.498465043	2.0913244545949126	0.884606202	67.24	2.3641304456905816	3.0876114912841195
2025-01-14-MS241219L03_exp241025_MS69_SCD_4.75hr-arrest_Torin_polyA-RNA	MS69_4hr45m-arrest_Torin	rep1	exp241025	519818.75095544494	436907.99733660615	0.840500648607912	0.299649802	240.3	2.804943113588014	2.809945766095358
2025-01-14-MS241219L04_exp241025_MS69_SCD_4.75hr-arrest_DMSO_polyA-RNA	MS69_4hr45m-arrest_DMSO	rep1	exp241025	373005.7547580638	589322.7828232488	1.579929465714251	0.31373272	242.7	5.035909119438518	5.056500166226079
2025-01-14-MS241219L05_exp241002_MS69_SCD_1hr-arrest_Rapa_polyA-RNA	MS69_1hr-arrest_Rapa	rep2	exp241002	475010.0968566009	484803.3382984119	1.0206169121595903	0.798164102	66.40407	1.2787056065315128	1.5853823289308218
2025-01-14-MS241219L06_exp241002_MS69_SCD_1hr-arrest_DMSO_polyA-RNA	MS69_1hr-arrest_DMSO	rep2	exp241002	315722.4606125083	655768.3005510798	2.077040383122808	0.72654178	66.05176	2.858803774674607	3.5705321055903148
2025-01-14-MS241219L07_exp241002_MS69_SCD_4.75hr-arrest_Rapa_polyA-RNA	MS69_4hr45m-arrest_Rapa	rep2	exp241002	534527.8378207801	424775.4420723679	0.7946741254938892	0.250728084	255.09529	3.1694659521822417	3.1732217376409184
2025-01-14-MS241219L08_exp241002_MS69_SCD_4.75hr-arrest_DMSO_polyA-RNA	MS69_4hr45m-arrest_DMSO	rep2	exp241002	344799.5602733848	615840.4289546454	1.786082408186245	0.308205762	265.60174	5.795097394013824	5.799435488021035
2025-01-14-MS241219L09_exp241010_MS756_SCD_1hr-arrest_PhIAA_polyA-RNA	MS756_1hr-arrest_PhIAA	rep1	exp241010	325442.69762310374	650164.601462569	1.99778518986936	0.712244463	66.91	2.804915016755083	3.377869243127284
2025-01-14-MS241219L10_exp241010_MS756_SCD_1hr-arrest_DMSO_polyA-RNA	MS756_1hr-arrest_DMSO	rep1	exp241010	357464.01922872924	615467.5342885894	1.721760795999925	0.71835053	65.33	2.3968253994326765	2.8681415944850595
2025-01-14-MS241219L11_exp241010_MS756_SCD_4.75hr-arrest_PhIAA_polyA-RNA	MS756_4hr45m-arrest_PhIAA	rep1	exp241010	431572.8392627515	540984.5916443915	1.2535186240370138	0.217089339	268.5	5.774206277522517	5.784164410152464
2025-01-14-MS241219L12_exp241010_MS756_SCD_4.75hr-arrest_DMSO_polyA-RNA	MS756_4hr45m-arrest_DMSO	rep1	exp241010	426372.2492983465	542003.2233389011	1.2711972325376266	0.210507509	273.3	6.038726307561915	6.0470430346719315
2025-01-14-MS241219L13_exp241010_MS791_SCD_1hr-arrest_PhIAA_polyA-RNA	MS791_1hr-arrest_PhIAA	rep1	exp241010	325910.7294536913	643996.6626233333	1.9759909828769195	0.819120204	66.31	2.412333346470501	2.9012380895969954
2025-01-14-MS241219L14_exp241010_MS791_SCD_1hr-arrest_DMSO_polyA-RNA	MS791_1hr-arrest_DMSO	rep1	exp241010	372048.13586284174	598932.5570407425	1.60982544812842	0.682510206	65.88	2.3586833339286652	2.7345584445479028
2025-01-14-MS241219L15_exp241010_MS791_SCD_4.75hr-arrest_PhIAA_polyA-RNA	MS791_4hr45m-arrest_PhIAA	rep1	exp241010	462106.34859491163	504857.2663373452	1.0925131582208787	0.228023271	215.1	4.791235356942488	4.79301096960083
2025-01-14-MS241219L16_exp241010_MS791_SCD_4.75hr-arrest_DMSO_polyA-RNA	MS791_4hr45m-arrest_DMSO	rep1	exp241010	492851.80840352416	472163.16796313494	0.9580225940381448	0.234643686	206.1	4.082882477554264	4.08694824050559
2025-02-23-MS250211L01_exp250206_MS791_SCD_1hr-arrest_PhIAA_polyA-RNA	MS791_1hr-arrest_PhIAA	rep2	exp250206	326790.68506596074	644398.0221809974	1.9718983790830193	NA	NA	NA	NA
2025-02-23-MS250211L02_exp250206_MS791_SCD_4hr45m-arrest_PhIAA_polyA-RNA	MS791_4hr45m-arrest_PhIAA	rep2	exp241025	438133.5487076419	527205.7380896603	1.2032991758899854	NA	NA	NA	NA
2025-02-23-MS250211L03_exp250206_MS791_SCD_1hr-arrest_DMSO_polyA-RNA	MS791_1hr-arrest_DMSO	rep2	exp241025	352114.89675611444	620177.3551774516	1.7612925806061692	NA	NA	NA	NA
2025-02-23-MS250211L04_exp250206_MS791_SCD_4hr45m-arrest_DMSO_polyA-RNA	MS791_4hr45m-arrest_DMSO	rep2	exp241025	420340.0829630919	541174.7612898265	1.2874688454047445	NA	NA	NA	NA

===== MS251208_express-1.5.1.Candida+cerevisiae.2x50mers.TPM_with_both_names.table.txt =====
columns: 32
rows: 12420
--- header ---
#			2026-01-03-AC251128L01_exp251111_MS756c2_SCD_1hr-arrest_polyA-RNA	2026-01-03-AC251128L02_exp251111_MS756c2_SCD_1hr-arrest_PhIAA_polyA-RNA	2026-01-03-AC251128L03_exp251111_MS756c2_SCD_1hr-arrest_Torin+PhIAA_polyA-RNA	2026-01-03-AC251128L04_exp251111_MS756c2_SCD_4hr50min-arrest_polyA-RNA	2026-01-03-AC251128L05_exp251111_MS756c2_SCD_4hr50min-arrest_PhIAA_polyA-RNA	2026-01-03-AC251128L06_exp251111_MS756c2_SCD_4hr50min-arrest_Torin+PhIAA_polyA-RNA	2026-01-03-AC251202L01_exp251106_MS1007_SCD_1hr-arrest_ATC_polyA-RNA	2026-01-03-AC251202L02_exp251106_MS1007_SCD_5hr-arrest_ATC_polyA-RNA	2026-01-03-AC251202L03_exp251106_MS1007_SCD_5hr-arrest_ATCLong_polyA-RNA	2026-01-03-AC251202L04_exp251106_MS1116_SCD_1hr-arrest_ATC_polyA-RNA	2026-01-03-AC251202L05_exp251106_MS1116_SCD_5hr-arrest_ATC_polyA-RNA	2026-01-03-AC251202L06_exp251106_MS1116_SCD_5hr-arrest_ATCLong_polyA-RNA	2026-01-03-AC251202L07_exp251106_MS951_SCD_1hr-arrest_ATC_polyA-RNA	2026-01-03-AC251202L08_exp251106_MS951_SCD_5hr-arrest_ATC_polyA-RNA	2026-01-03-AC251202L09_exp251106_MS951_SCD_5hr-arrest_ATCLong_polyA-RNA	2026-01-03-AC251203L01_exp251017_MS69_SCD_1hr-arrest_OD-0.1_polyA-RNA	2026-01-03-AC251203L02_exp251017_MS69_SCD_1hr-arrest_OD-0.3_polyA-RNA	2026-01-03-AC251203L03_exp251017_MS69_SCD_2hr-arrest_OD-0.1_polyA-RNA	2026-01-03-AC251203L04_exp251017_MS69_SCD_2hr-arrest_OD-0.3_polyA-RNA	2026-01-03-AC251203L05_exp251017_MS69_SCD_3hr-arrest_OD-0.1_polyA-RNA	2026-01-03-AC251203L06_exp251017_MS69_SCD_3hr-arrest_OD-0.3_polyA-RNA	2026-01-03-AC251203L07_exp251017_MS69_SCD_4hr-arrest_OD-0.1_polyA-RNA	2026-01-03-AC251203L08_exp251017_MS69_SCD_4hr-arrest_OD-0.3_polyA-RNA	2026-01-03-AC251203L09_exp251017_MS69_SCD_5hr-arrest_OD-0.1_polyA-RNA	2026-01-03-AC251203L10_exp251017_MS69_SCD_5hr-arrest_OD-0.3_polyA-RNA	2026-01-03-AC251203L11_exp251017_MS69_SCD_6hr-arrest_OD-0.1_polyA-RNA	2026-01-03-AC251203L12_exp251017_MS69_SCD_6hr-arrest_OD-0.3_polyA-RNA	2026-01-03-AC251203L13_exp251017_MS69_SCD_6hr10min-arrest_OD-0.1_Torin-washout_polyA-RNA	2026-01-03-AC251203L14_exp251017_MS69_SCD_6hr10min-arrest_OD-0.3_Torin-washout_polyA-RNA
--- sample rows ---
Candida	CAGL0A00105g	CAGL0A00105g	0.09637811	0.9550153	2.223433e-25	4.891097e-25	4.275428e-05	9.375558e-11	3.291038e-23	6.147216e-23	4.143862e-20	0.5714949	3.140262e-20	1.973767e-18	5.399311e-25	1.187338e-24	0.09888435	2.276322e-24	2.64964e-30	1.318167e-12	1.672943e-25	1.394412e-16	3.822388e-24	9.193113e-18	0.4738273	3.55663e-23	1.136947e-22	1.036118e-21	2.711936e-18	2.121792e-05	3.469842e-23
Candida	CAGL0A00116g	CAGL0A00116g	1.084103	1.256038	3.28121	1.338238	1.044247	1.932236	0.4888008	0.03960297	0.6114039	0.001432342	0.3147484	0.5065387	0.3900967	0.4308201	1.330691	1.271278	1.16078e-05	0.0001776702	0.4893228	0.6797386	0.02382601	0.7839247	0.3313088	3.039124	0.5201362	0.6461842	0.1564019	0.6686098	0.96191
Candida	CAGL0A00132g	CAGL0A00132g	0.5167293	0.3871834	0.3999428	1.203423	0.4021475	0.9753506	0.0	0.0	1.188378	0.395287	0.0	0.0	0.0	0.0	0.0	0.0	0.0	0.0	0.3730921	1.012567	0.0	0.0	0.0	0.0	0.0	0.6759742	0.4904943	0.0	0.7218829
Candida	CAGL0A00154g	CAGL0A00154g	5.269136	6.896272	11.89748	6.912709	14.69827	13.09763	3.538667	5.217084	4.651813	2.118561	3.825994	3.254959	4.527735	3.629465	5.06237	8.140595	2.315202	5.725728	1.700373	6.427853	1.857522	5.37982	3.023561	4.537481	5.746507	3.677052	5.970633	14.07748	6.181964
Candida	CAGL0A00165g	CAGL0A00165g	18.68031	16.78708	24.60997	21.6973	25.11025	32.99546	9.233126	10.45696	11.62042	10.13901	10.78204	10.63181	6.924881	8.311022	10.65397	14.95708	5.379742	12.92211	5.878384	10.63776	5.077851	19.63931	7.019658	15.48967	8.118732	16.22757	11.69879	29.46939	17.47665
Candida	CAGL0A00187g	CAGL0A00187g	14.44643	15.0817	22.73765	21.50929	22.45508	29.2308	7.241981	10.63216	10.46333	9.654145	11.41	10.33666	7.319413	6.703795	9.753121	12.56212	4.872857	10.91483	4.770657	10.27466	5.240494	14.54116	7.559739	14.64112	8.093256	18.96507	9.864645	26.96826	20.17394
Candida	CAGL0A00209g	CAGL0A00209g	77.21721	82.00848	111.5437	108.0525	112.5304	123.0067	45.19058	62.0648	58.22702	56.88266	63.51183	60.60013	46.65506	47.36842	50.81519	67.92001	36.98537	67.65987	28.20922	58.69295	33.10791	85.51688	43.27715	80.72291	51.8826	97.18618	57.96732	128.85	88.03947
Candida	CAGL0A00231g	CAGL0A00231g	10.75708	11.76398	20.35879	17.89946	18.95051	23.68801	8.041033	8.462172	8.539484	9.428815	8.971906	9.328741	6.60663	7.093372	8.338569	8.886913	4.347576	10.7045	4.696779	8.592013	3.598366	14.00797	5.825903	12.73099	7.556673	14.0845	9.242548	25.88293	12.77024
Candida	CAGL0A00253g	CAGL0A00253g	60.18872	49.93535	80.95731	66.08949	65.62196	87.22132	22.95668	33.32414	25.22754	26.34472	33.12279	35.73349	21.09834	22.83084	27.29817	37.65046	21.4634	33.33421	16.24213	33.25711	16.3931	53.26611	25.23958	50.72062	27.61564	53.9173	32.72572	86.15937	60.2422
Candida	CAGL0A00275g	CAGL0A00275g	58.59924	59.22661	87.58045	73.85926	80.17602	108.0307	27.97591	36.39785	32.07645	33.48498	41.94423	39.50799	25.85542	31.56604	31.68223	41.3795	19.9948	39.14813	15.69858	39.2425	18.33707	60.71645	25.75609	56.31065	34.50869	65.45331	36.82735	104.2136	67.0204
Candida	CAGL0A00297g	CAGL0A00297g	17.1692	18.19317	24.68465	22.81626	23.63824	31.51704	8.901295	9.806654	8.851022	8.723574	11.47732	10.95453	8.311417	8.298784	9.500542	13.47829	7.002472	10.93217	5.458985	9.259716	4.366682	17.82604	6.544244	13.50745	9.411642	19.5606	9.810859	29.11606	19.42211
Candida	CAGL0A00319g	CAGL0A00319g	15.7771	18.2939	24.7863	22.05698	21.19468	29.44625	6.988422	10.43407	7.689429	7.807835	9.906968	12.43295	7.565011	6.785267	7.902834	9.368295	4.999018	11.42309	4.192101	11.10432	5.380985	16.65277	8.042601	12.69531	9.934195	18.2661	10.36493	30.71331	18.58766
Candida	CAGL0A00341g	CAGL0A00341g	2.281669	2.270673	2.393344	3.380308	4.157123	3.113326	1.401729	1.559485	1.650688	1.887959	0.6579946	1.059653	1.184801	1.366116	1.43669	1.308457	0.9439566	1.752709	1.307903	1.684639	0.5521461	2.129721	1.100623	4.24802	1.131929	2.582074	1.182939	6.592982	2.382232
Candida	CAGL0A00363g	CAGL0A00363g	142.5559	151.3271	199.6153	186.9849	194.0728	223.1	83.74804	108.258	99.63547	105.5002	113.141	107.6901	83.27465	83.99861	98.56168	123.7529	63.53627	122.1555	59.56195	107.698	59.49466	146.807	80.1916	145.0436	93.52067	168.5488	102.8278	242.3142	159.0989
Candida	CAGL0A00385g	CAGL0A00385g	2.838871	4.366396	6.170404	5.717419	5.528994	8.280972	1.929162	2.778541	2.712526	2.681445	3.548778	3.37476	2.815511	2.66944	2.849354	2.958251	1.445009	3.936562	1.845958	2.49355	1.305618	5.101423	2.339981	4.050946	2.160719	5.816586	2.311318	7.4462	5.282548
Candida	CAGL0A00407g	CAGL0A00407g	80.01244	76.19461	116.3559	102.277	109.3516	135.4927	39.98502	47.22676	42.68411	40.68144	47.83723	52.65523	35.13605	42.46157	40.20459	60.09808	28.38111	53.03142	24.98493	48.23691	27.80827	76.64536	35.0904	73.10549	43.86592	91.35189	44.30686	122.4667	76.25071
Candida	CAGL0A00429g	CAGL0A00429g	23.1595	25.68612	35.69245	32.69523	36.22475	41.91609	10.90573	15.62828	13.39808	13.45176	17.46943	16.4501	11.94553	10.86916	13.80816	17.77965	8.079215	17.60137	8.311519	16.29945	8.12303	25.11899	11.34019	22.97601	12.96945	31.09163	15.47505	44.22505	27.90675
Candida	CAGL0A00451g	CAGL0A00451g	16.5076	16.1959	24.62449	23.94577	23.35707	31.98724	8.545424	11.14592	11.47522	9.491445	12.86128	12.28665	8.300498	8.01372	9.391576	11.11537	5.131637	12.3194	4.971586	10.46902	5.61528	16.71228	7.269283	15.42158	9.046782	20.22924	9.441078	32.36363	17.59201
Candida	CAGL0A00473g	CAGL0A00473g	28.65721	29.29435	47.13217	40.85201	38.96509	49.64447	14.85664	19.06558	20.36067	19.3449	21.89393	23.27818	16.19653	16.30684	16.56128	23.59719	12.71714	24.1748	9.440919	20.5086	10.66102	30.74755	13.94392	30.53697	15.94359	33.47303	21.3865	60.05734	36.68695
Candida	CAGL0A00495g	CAGL0A00495g	316.7898	368.7619	523.3097	496.8258	507.2037	598.8278	237.5427	301.0863	325.3283	305.4101	358.5009	343.8749	249.7307	260.3213	304.6471	345.5853	187.179	357.2545	164.1569	292.5918	174.68	439.5949	239.6455	417.9739	267.9843	483.0844	312.7361	659.1516	463.8699
Candida	CAGL0A00517g	CAGL0A00517g	15.39402	17.54041	27.93407	24.80492	24.00154	34.51222	7.4143	10.96736	11.19826	11.48277	13.53961	11.06413	6.307441	8.372264	7.441753	9.836287	3.716675	11.03582	3.28157	7.640313	2.783548	17.55039	5.943798	12.58734	6.822954	18.89961	9.559375	23.2159	12.75163
Candida	CAGL0A00539g	CAGL0A00539g	30.59785	32.51019	42.91495	42.55436	41.54189	53.60479	18.42258	24.41854	19.20241	21.95159	22.14447	26.52427	16.37922	16.84757	18.22633	21.32616	12.6174	22.63429	10.93582	21.37449	10.20971	31.39517	16.36799	29.74292	17.61462	32.69865	18.09386	46.56548	34.82529
Candida	CAGL0A00561g	CAGL0A00561g	4.497574	4.511396	6.563853	7.328941	7.495411	7.853708	2.917433	3.58807	3.576464	2.776833	4.133203	2.773163	2.620026	3.249459	3.839777	2.759436	1.744771	3.647227	1.494262	3.460214	1.646808	4.659194	1.784674	5.058679	3.052708	4.630527	2.373694	8.736653	6.618119
Candida	CAGL0A00583g	CAGL0A00583g	7.134804	8.391314	12.02583	10.81344	10.38923	14.69597	4.486783	5.600155	4.477322	5.034045	4.853809	5.966667	3.375837	3.701201	4.597916	6.54349	3.311563	5.131795	2.417627	3.522579	2.518843	9.263952	3.172038	6.800149	3.898184	8.23136	4.951379	16.83704	7.708233
Candida	CAGL0A00605g	CAGL0A00605g	10.13565	9.853176	14.39817	13.02767	12.44728	17.41696	4.811457	6.737337	6.519339	6.362101	8.144917	7.457472	5.252204	5.359502	6.280148	6.929303	2.962346	8.041637	3.323549	7.047306	3.168361	10.6906	5.084109	9.780672	5.582541	12.26888	7.391123	20.31216	9.936003
Candida	CAGL0A00627g	CAGL0A00627g	44.83794	46.3819	72.8421	67.44224	61.44309	68.65628	18.23358	23.66171	20.93685	22.108	28.00423	31.8743	16.93106	21.69725	23.97727	26.40575	12.54785	32.36284	14.818	31.66327	13.70557	46.17637	23.25718	45.37108	25.41273	49.99555	30.19423	75.09461	47.42175
Candida	CAGL0A00649g	CAGL0A00649g	0.0	0.0	0.6688927	1.340986	0.0	0.8027583	0.6789239	1.432865	0.7053377	0.0	0.0	0.0	0.0	0.0	0.0	0.0	0.0	0.0	0.0	0.0	0.0	0.0	1.648476	0.0	0.0	3.530261	0.0	0.0	0.0
Candida	CAGL0A00715g	CAGL0A00715g	0.0	0.0	0.0	0.0	0.0	0.0	0.0	0.0	0.0	0.0	0.0	0.0	0.0	0.0	0.0	0.0	0.0	0.0	0.0	0.0	0.0	0.0	0.0	0.0	0.0	0.0	0.0	0.0	0.0
Candida	CAGL0A00737g	CAGL0A00737g	0.341129	0.7551645	0.8262355	0.6710961	0.2696766	0.9457133	0.5512077	0.1821314	0.9114282	0.1158685	0.5933011	0.2708569	0.05100925	0.2483382	0.1117445	0.07508445	0.4167675	0.5451634	0.4196356	0.8919274	0.4528543	0.6731574	0.434907	1.205715	0.1396014	0.2504153	0.2819528	0.08546711	0.940726
Candida	CAGL0A00781g	CAGL0A00781g	10.84435	11.08606	17.68804	17.03712	15.69052	20.12398	6.113628	7.154886	7.246214	6.474628	7.762018	7.351362	5.312014	5.785448	6.307083	7.908308	4.358462	6.90443	3.425886	6.833403	3.21994	10.08414	5.504163	9.647065	6.824213	15.04021	6.136124	22.12045	9.608633

===== combined_sample_info.txt =====
columns: 24
rows: 94
--- header ---
sample	sample_short	experiment	ref1	ref2	ref3 	sample_ref1	sample_ref2	sample_ref3	replicate_1	exp_group_1	exp_group_2	exp_group_3	exp_group_4	strain_id	strain_info	arrest	condition	strain_info_condition	strain_info_condition_easy	DNA_ratio	DNA_content_file_name	DNA_per_cell	mean_cell_volume
--- sample rows ---
2026-01-03-AC251203L01_exp251017_MS69_SCD_1hr-arrest_OD-0.1_polyA-RNA	MS69_SCD_1hr-arrest	exp251017	TRUE	TRUE	FALSE	MS69_SCD_1hr-arrest	MS69_SCD_1hr-arrest	MS69_SCD_1hr-arrest_DMSO	rep1	A	A	A	A	MS69	WT	1hr G1 arrest	OD 0.1	WT_OD 0.1	WT_untreated 	0.806773648	DNA_content_analysis_AC260123_MS69_A1_exp251017_G1-arrest.fcs	1.39602	72.61
2026-01-03-AC251203L02_exp251017_MS69_SCD_1hr-arrest_OD-0.3_polyA-RNA	MS69_SCD_1hr-arrest	exp251017	TRUE	FALSE	FALSE	MS69_SCD_1hr-arrest	MS69_SCD_1hr-arrest	MS69_SCD_1hr-arrest_DMSO	rep2	A	A	A	A	MS69	WT	1hr G1 arrest	OD 0.3	WT_OD 0.3	WT_untreated 	2.070269776	DNA_content_analysis_AC260123_MS69_B1_exp251017_G1-arrest.fcs	1.45245	70.88
2026-01-03-AC251203L03_exp251017_MS69_SCD_2hr-arrest_OD-0.1_polyA-RNA	MS69_SCD_2hr-arrest	exp251017	FALSE	TRUE	FALSE	MS69_SCD_1hr-arrest	MS69_SCD_1hr-arrest	MS69_SCD_1hr-arrest_DMSO	rep1	A	A	A	A	MS69	WT	2hr G1 arrest	OD 0.1	WT_OD 0.1	WT_untreated 	0.605780582	DNA_content_analysis_AC260123_MS69_A2_exp251017_G1-arrest.fcs	1.07391	84.64
2026-01-03-AC251203L04_exp251017_MS69_SCD_2hr-arrest_OD-0.3_polyA-RNA	MS69_SCD_2hr-arrest	exp251017	FALSE	FALSE	FALSE	MS69_SCD_1hr-arrest	MS69_SCD_1hr-arrest	MS69_SCD_1hr-arrest_DMSO	rep2	A	A	A	A	MS69	WT	2hr G1 arrest	OD 0.3	WT_OD 0.3	WT_untreated 	1.631449331	DNA_content_analysis_AC260123_MS69_B2_exp251017_G1-arrest.fcs	1.07049	84.48
2026-01-03-AC251203L05_exp251017_MS69_SCD_3hr-arrest_OD-0.1_polyA-RNA	MS69_SCD_3hr-arrest	exp251017	FALSE	TRUE	FALSE	MS69_SCD_1hr-arrest	MS69_SCD_1hr-arrest	MS69_SCD_1hr-arrest_DMSO	rep1	A	A	A	A	MS69	WT	3hr G1 arrest	OD 0.1	WT_OD 0.1	WT_untreated 	0.60661872	DNA_content_analysis_AC260123_MS69_A3_exp251017_G1-arrest.fcs	1.00702	133.51
2026-01-03-AC251203L06_exp251017_MS69_SCD_3hr-arrest_OD-0.3_polyA-RNA	MS69_SCD_3hr-arrest	exp251017	FALSE	FALSE	FALSE	MS69_SCD_1hr-arrest	MS69_SCD_1hr-arrest	MS69_SCD_1hr-arrest_DMSO	rep2	A	A	A	A	MS69	WT	3hr G1 arrest	OD 0.3	WT_OD 0.3	WT_untreated 	1.102620522	DNA_content_analysis_AC260123_MS69_B3_exp251017_G1-arrest.fcs	1.0028	130.03
2026-01-03-AC251203L07_exp251017_MS69_SCD_4hr-arrest_OD-0.1_polyA-RNA	MS69_SCD_4hr-arrest	exp251017	FALSE	TRUE	FALSE	MS69_SCD_1hr-arrest	MS69_SCD_1hr-arrest	MS69_SCD_1hr-arrest_DMSO	rep1	A	A	A	A	MS69	WT	4hr G1 arrest	OD 0.1	WT_OD 0.1	WT_untreated 	0.344394472	DNA_content_analysis_AC260123_MS69_A4_exp251017_G1-arrest.fcs	1.00083	198.5
2026-01-03-AC251203L08_exp251017_MS69_SCD_4hr-arrest_OD-0.3_polyA-RNA	MS69_SCD_4hr-arrest	exp251017	FALSE	FALSE	FALSE	MS69_SCD_1hr-arrest	MS69_SCD_1hr-arrest	MS69_SCD_1hr-arrest_DMSO	rep2	A	A	A	A	MS69	WT	4hr G1 arrest	OD 0.3	WT_OD 0.3	WT_untreated 	0.742882588	DNA_content_analysis_AC260123_MS69_B4_exp251017_G1-arrest.fcs	1.00074	195.48
2026-01-03-AC251203L09_exp251017_MS69_SCD_5hr-arrest_OD-0.1_polyA-RNA	MS69_SCD_5hr-arrest	exp251017	FALSE	TRUE	FALSE	MS69_SCD_1hr-arrest	MS69_SCD_1hr-arrest	MS69_SCD_1hr-arrest_DMSO	rep1	A	A	A	A	MS69	WT	5hr G1 arrest	OD 0.1	WT_OD 0.1	WT_untreated 	0.298155108	DNA_content_analysis_AC260123_MS69_A5_exp251017_G1-arrest.fcs	1.00021	288.42
2026-01-03-AC251203L10_exp251017_MS69_SCD_5hr-arrest_OD-0.3_polyA-RNA	MS69_SCD_5hr-arrest	exp251017	FALSE	FALSE	FALSE	MS69_SCD_1hr-arrest	MS69_SCD_1hr-arrest	MS69_SCD_1hr-arrest_DMSO	rep2	A	A	A	A	MS69	WT	5hr G1 arrest	OD 0.3	WT_OD 0.3	WT_untreated 	0.66208257	DNA_content_analysis_AC260123_MS69_B5_exp251017_G1-arrest.fcs	1.00032	276.46
2026-01-03-AC251203L11_exp251017_MS69_SCD_6hr-arrest_OD-0.1_polyA-RNA	MS69_SCD_6hr-arrest	exp251017	FALSE	TRUE	FALSE	MS69_SCD_1hr-arrest	MS69_SCD_1hr-arrest	MS69_SCD_1hr-arrest_DMSO	rep1	A	A	A	A	MS69	WT	6hr G1 arrest	OD 0.1	WT_OD 0.1	WT_untreated 	0.199253246	DNA_content_analysis_AC260123_MS69_A6_exp251017_G1-arrest.fcs	1.00029	349.1
2026-01-03-AC251203L12_exp251017_MS69_SCD_6hr-arrest_OD-0.3_polyA-RNA	MS69_SCD_6hr-arrest	exp251017	FALSE	FALSE	FALSE	MS69_SCD_1hr-arrest	MS69_SCD_1hr-arrest	MS69_SCD_1hr-arrest_DMSO	rep2	A	A	A	A	MS69	WT	6hr G1 arrest	OD 0.3	WT_OD 0.3	WT_untreated 	0.472048479	DNA_content_analysis_AC260123_MS69_B6_exp251017_G1-arrest.fcs	1.00034	343.24
2026-01-03-AC251203L13_exp251017_MS69_SCD_6hr10min-arrest_OD-0.1_Torin-washout_polyA-RNA	MS69_SCD_6hr10min-arrest_OD-0.1_Torin-washout	exp251017	FALSE	TRUE	FALSE	MS69_SCD_1hr-arrest	MS69_SCD_1hr-arrest	MS69_SCD_1hr-arrest_DMSO	rep1	A	A	A	A	MS69	WT	6hr10min G1 arrest	Torin_OD 0.1	WT_Torin_OD 0.1	WT_Torin_OD 0.1				89.34
2026-01-03-AC251203L14_exp251017_MS69_SCD_6hr10min-arrest_OD-0.3_Torin-washout_polyA-RNA	MS69_SCD_6hr10min-arrest_OD-0.3_Torin-washout	exp251017	FALSE	FALSE	FALSE	MS69_SCD_1hr-arrest	MS69_SCD_1hr-arrest	MS69_SCD_1hr-arrest_DMSO	rep2	A	A	A	A	MS69	WT	6hr10min G1 arrest	Torin_OD 0.3	WT_Torin_OD 0.3	WT_Torin_OD 0.3				97.01
2025-01-14-MS241219L01_exp241025_MS69_SCD_1hr-arrest_Torin_polyA-RNA	MS69_SCD_1hr-arrest_Torin	exp241025	FALSE	TRUE	FALSE	MS69_SCD_1hr-arrest_DMSO	MS69_SCD_1hr-arrest_Torin	MS69_SCD_1hr-arrest_DMSO	rep1	B	B	B	A	MS69	WT	1hr G1 arrest	Torin	WT_Torin	TORC1 inhib.	0.851995144	exp241025_MS69_1hr-Torin_G1-arrest.fcs	1.420873529	66.34
2025-01-14-MS241219L02_exp241025_MS69_SCD_1hr-arrest_DMSO_polyA-RNA	MS69_SCD_1hr-arrest_DMSO	exp241025	TRUE	TRUE	TRUE	MS69_SCD_1hr-arrest_DMSO	MS69_SCD_1hr-arrest_DMSO	MS69_SCD_1hr-arrest_DMSO	rep1	B	B	B	A	MS69	WT	1hr G1 arrest	DMSO	WT_DMSO	WT_DMSO	0.884606202	exp241025_MS69_1hr-DMSO_G1-arrest.fcs	1.306024165	67.24
2025-01-14-MS241219L03_exp241025_MS69_SCD_4.75hr-arrest_Torin_polyA-RNA	MS69_SCD_4.75hr-arrest_Torin	exp241025	FALSE	FALSE	FALSE	MS69_SCD_1hr-arrest_DMSO	MS69_SCD_1hr-arrest_Torin	MS69_SCD_1hr-arrest_DMSO	rep1	B	B	B	A	MS69	WT	4.75hr G1 arrest	Torin	WT_Torin	TORC1 inhib.	0.299649802	exp241025_MS69_4hr45m-Torin_G1-arrest.fcs	1.001783513	240.3
2025-01-14-MS241219L04_exp241025_MS69_SCD_4.75hr-arrest_DMSO_polyA-RNA	MS69_SCD_4.75hr-arrest_DMSO	exp241025	FALSE	FALSE	FALSE	MS69_SCD_1hr-arrest_DMSO	MS69_SCD_1hr-arrest_DMSO	MS69_SCD_1hr-arrest_DMSO	rep1	B	B	B	A	MS69	WT	4.75hr G1 arrest	DMSO	WT_DMSO	WT_DMSO	0.31373272	exp241025_MS69_4hr45m-DMSO_G1-arrest.fcs	1.004088844	242.7
2025-01-14-MS241219L05_exp241002_MS69_SCD_1hr-arrest_Rapa_polyA-RNA	MS69_SCD_1hr-arrest_Rapa	exp241002	FALSE	TRUE	FALSE	MS69_SCD_1hr-arrest_DMSO	MS69_SCD_1hr-arrest_Rapa	MS69_SCD_1hr-arrest_DMSO	rep2	B	B	B	A	MS69	WT	1hr G1 arrest	Rapa	WT_Rapa	TORC1 inhib.	0.798164102	exp241002_MS69_1hr-Rapa_G1-arrest.fcs	1.23983372	66.40407
2025-01-14-MS241219L06_exp241002_MS69_SCD_1hr-arrest_DMSO_polyA-RNA	MS69_SCD_1hr-arrest_DMSO	exp241002	TRUE	TRUE	TRUE	MS69_SCD_1hr-arrest_DMSO	MS69_SCD_1hr-arrest_DMSO	MS69_SCD_1hr-arrest_DMSO	rep2	B	B	B	A	MS69	WT	1hr G1 arrest	DMSO	WT_DMSO	WT_DMSO	0.72654178	exp241002_MS69_1hr-DMSO_G1-arrest.fcs	1.24896019	66.05176
2025-01-14-MS241219L07_exp241002_MS69_SCD_4.75hr-arrest_Rapa_polyA-RNA	MS69_SCD_4.75hr-arrest_Rapa	exp241002	FALSE	FALSE	FALSE	MS69_SCD_1hr-arrest_DMSO	MS69_SCD_1hr-arrest_Rapa	MS69_SCD_1hr-arrest_DMSO	rep2	B	B	B	A	MS69	WT	4.75hr G1 arrest	Rapa	WT_Rapa	TORC1 inhib.	0.250728084	exp241002_MS69_4hr45m-Rapa_G1-arrest.fcs	1.00118499	255.09529
2025-01-14-MS241219L08_exp241002_MS69_SCD_4.75hr-arrest_DMSO_polyA-RNA	MS69_SCD_4.75hr-arrest_DMSO	exp241002	FALSE	FALSE	FALSE	MS69_SCD_1hr-arrest_DMSO	MS69_SCD_1hr-arrest_DMSO	MS69_SCD_1hr-arrest_DMSO	rep2	B	B	B	A	MS69	WT	4.75hr G1 arrest	DMSO	WT_DMSO	WT_DMSO	0.308205762	exp241002_MS69_4hr45m-DMSO_G1-arrest.fcs	1.00074858	265.60174
2025-07-29-MS250530L01_exp250523_MS69_SCD_1hr-arrest_DMSO_polyA-RNA	MS69_SCD_1hr-arrest_DMSO	exp250523	TRUE	TRUE	TRUE	MS69_SCD_1hr-arrest_DMSO	MS69_SCD_1hr-arrest_DMSO	MS69_SCD_1hr-arrest_DMSO	rep1	B	C	B	A	MS69	WT	1hr G1 arrest	DMSO	WT_DMSO	WT_DMSO	0.451830485	DNA_content_analysis_AC250528_MS69_DMSO-1hr_exp250523.fcs	1.287529621	65.88537
2025-07-29-MS250530L02_exp250523_MS69_SCD_1hr-arrest_PhIAA_polyA-RNA	MS69_SCD_1hr-arrest_PhIAA	exp250523	FALSE	TRUE	FALSE	MS69_SCD_1hr-arrest_DMSO	MS69_SCD_1hr-arrest_PhIAA	MS69_SCD_1hr-arrest_DMSO	rep1	B	C	B	A	MS69	WT	1hr G1 arrest	PhIAA	WT_PhIAA	WT_PhIAA	0.646490291	DNA_content_analysis_AC250528_MS69_PhIAA-1hr_exp250523.fcs	1.284352248	65.89803
2025-07-29-MS250530L03_exp250523_MS69_SCD_4hr45m-arrest_DMSO_polyA-RNA	MS69_SCD_4.75hr-arrest_DMSO	exp250523	FALSE	FALSE	FALSE	MS69_SCD_1hr-arrest_DMSO	MS69_SCD_1hr-arrest_DMSO	MS69_SCD_1hr-arrest_DMSO	rep1	B	C	B	A	MS69	WT	4.75hr G1 arrest	DMSO	WT_DMSO	WT_DMSO	0.155702368	DNA_content_analysis_AC250528_MS69_DMSO-4.75hr_exp250523.fcs	1.000589354	245.06509
2025-07-29-MS250530L04_exp250523_MS69_SCD_4hr45m-arrest_PhIAA_polyA-RNA	MS69_SCD_4.75hr-arrest_PhIAA	exp250523	FALSE	FALSE	FALSE	MS69_SCD_1hr-arrest_DMSO	MS69_SCD_1hr-arrest_PhIAA	MS69_SCD_1hr-arrest_DMSO	rep1	B	C	B	A	MS69	WT	4.75hr G1 arrest	PhIAA	WT_PhIAA	WT_PhIAA	0.178188828	DNA_content_analysis_AC250528_MS69_PhIAA-4.75hr_exp250523.fcs	1.00042751	242.80898
2025-07-29-MS250701L01_exp250515_MS69_SCD_1hr-arrest_DMSO_polyA-RNA	MS69_SCD_1hr-arrest_DMSO	exp250515	TRUE	TRUE	TRUE	MS69_SCD_1hr-arrest_DMSO	MS69_SCD_1hr-arrest_DMSO	MS69_SCD_1hr-arrest_DMSO	rep2	B	C	B	A	MS69	WT	1hr G1 arrest	DMSO	WT_DMSO	WT_DMSO	0.604840869	DNA_content_analysis_AC250528_MS69_DMSO-1hr_exp250515.fcs	1.279789653	62.89363
2025-07-29-MS250701L02_exp250515_MS69_SCD_1hr-arrest_PhIAA_polyA-RNA	MS69_SCD_1hr-arrest_PhIAA	exp250515	FALSE	TRUE	FALSE	MS69_SCD_1hr-arrest_DMSO	MS69_SCD_1hr-arrest_PhIAA	MS69_SCD_1hr-arrest_DMSO	rep2	B	C	B	A	MS69	WT	1hr G1 arrest	PhIAA	WT_PhIAA	WT_PhIAA	0.590053837	DNA_content_analysis_AC250528_MS69_PhIAA-1hr_exp250515.fcs	1.277533298	64.30372
2025-07-29-MS250701L03_exp250515_MS69_SCD_4hr45m-arrest_DMSO_polyA-RNA	MS69_SCD_4.75hr-arrest_DMSO	exp250515	FALSE	FALSE	FALSE	MS69_SCD_1hr-arrest_DMSO	MS69_SCD_1hr-arrest_DMSO	MS69_SCD_1hr-arrest_DMSO	rep2	B	C	B	A	MS69	WT	4.75hr G1 arrest	DMSO	WT_DMSO	WT_DMSO	0.182968975	DNA_content_analysis_AC250528_MS69_DMSO-4.75hr_exp250515.fcs	1.00259502	248.85743
2025-07-29-MS250701L04_exp250515_MS69_SCD_4hr45m-arrest_PhIAA_polyA-RNA	MS69_SCD_4.75hr-arrest_PhIAA	exp250515	FALSE	FALSE	FALSE	MS69_SCD_1hr-arrest_DMSO	MS69_SCD_1hr-arrest_PhIAA	MS69_SCD_1hr-arrest_DMSO	rep2	B	C	B	A	MS69	WT	4.75hr G1 arrest	PhIAA	WT_PhIAA	WT_PhIAA	0.167894203	DNA_content_analysis_AC250528_MS69_PhIAA-4.75hr_exp250515.fcs	1.003190676	243.23496
2025-07-29-MS250701L05_exp250624_MS69_SCD_1hr-arrest_Torin_polyA-RNA	MS69_SCD_1hr-arrest_Torin	exp250624	FALSE	TRUE	FALSE	MS69_SCD_1hr-arrest_DMSO	MS69_SCD_1hr-arrest_Torin	MS69_SCD_1hr-arrest_DMSO	rep3	B	D	B	A	MS69	WT	1hr G1 arrest	Torin	WT_Torin	TORC1 inhib.	0.71470222	DNA_content_analysis_AC250708_MS69_Torin_1hr_exp250624.fcs	1.45207426	70.78698
2025-07-29-MS250701L06_exp250624_MS69_SCD_1hr-arrest_PhIAA_polyA-RNA	MS69_SCD_1hr-arrest_PhIAA	exp250624	FALSE	TRUE	FALSE	MS69_SCD_1hr-arrest_DMSO	MS69_SCD_1hr-arrest_PhIAA	MS69_SCD_1hr-arrest_DMSO	rep1	B	D	B	A	MS69	WT	1hr G1 arrest	PhIAA	WT_PhIAA	WT_PhIAA	0.751830914	DNA_content_analysis_AC250708_MS69_PhIAA_1hr_exp250624.fcs	1.310880829	69.1459
2025-07-29-MS250701L07_exp250624_MS69_SCD_1hr-arrest_Torin+PhIAA_polyA-RNA	MS69_SCD_1hr-arrest_Torin+PhIAA	exp250624	FALSE	TRUE	FALSE	MS69_SCD_1hr-arrest_DMSO	MS69_SCD_1hr-arrest_Torin+PhIAA	MS69_SCD_1hr-arrest_DMSO	rep1	B	D	B	A	MS69	WT	1hr G1 arrest	Torin+PhIAA	WT_Torin+PhIAA	WT_Torin+PhIAA	0.704984355	DNA_content_analysis_AC250708_MS69_Torin+PhIAA_1hr_exp250624.fcs	1.55296585	69.4778
2025-07-29-MS250701L08_exp250624_MS69_SCD_4hr45m-arrest_Torin_polyA-RNA	MS69_SCD_4.75hr-arrest_Torin	exp250624	FALSE	FALSE	FALSE	MS69_SCD_1hr-arrest_DMSO	MS69_SCD_1hr-arrest_Torin	MS69_SCD_1hr-arrest_DMSO	rep3	B	D	B	A	MS69	WT	4.75hr G1 arrest	Torin	WT_Torin	TORC1 inhib.	0.302421599	DNA_content_analysis_AC250708_MS69_Torin_4hr45min_exp250624.fcs	1.007743771	261.7467
2025-07-29-MS250701L09_exp250624_MS69_SCD_4hr45m-arrest_PhIAA_polyA-RNA	MS69_SCD_4.75hr-arrest_PhIAA	exp250624	FALSE	FALSE	FALSE	MS69_SCD_1hr-arrest_DMSO	MS69_SCD_1hr-arrest_PhIAA	MS69_SCD_1hr-arrest_DMSO	rep1	B	D	B	A	MS69	WT	4.75hr G1 arrest	PhIAA	WT_PhIAA	WT_PhIAA	0.256542497	DNA_content_analysis_AC250708_MS69_PhIAA_4hr45min_exp250624.fcs	1.001109907	265.12978
2025-07-29-MS250701L10_exp250624_MS69_SCD_4hr45m-arrest_Torin+PhIAA_polyA-RNA	MS69_SCD_4.75hr-arrest_Torin+PhIAA	exp250624	FALSE	FALSE	FALSE	MS69_SCD_1hr-arrest_DMSO	MS69_SCD_1hr-arrest_Torin+PhIAA	MS69_SCD_1hr-arrest_DMSO	rep1	B	D	B	A	MS69	WT	4.75hr G1 arrest	Torin+PhIAA	WT_Torin+PhIAA	WT_Torin+PhIAA	0.300132535	DNA_content_analysis_AC250708_MS69_Torin+PhIAA_4hr45min_exp250624.fcs	1.000837718	255.60631
2025-07-29-MS250701L11_exp250624_MS756_SCD_1hr-arrest_Torin_polyA-RNA	MS756_SCD_1hr-arrest_Torin	exp250624	FALSE	TRUE	FALSE	MS69_SCD_1hr-arrest_DMSO	MS756_SCD_1hr-arrest_Torin	MS69_SCD_1hr-arrest_DMSO	rep1	B	E	B	A	MS756	AID-Bcy1	1hr G1 arrest	Torin	AID-Bcy1_Torin	AID-Bcy1_Torin	0.854943536	DNA_content_analysis_AC250708_MS756_Torin_1hr_exp250624.fcs	1.44560734	64.05203
2025-07-29-MS250701L12_exp250624_MS756_SCD_1hr-arrest_PhIAA_polyA-RNA	MS756_SCD_1hr-arrest_PhIAA	exp250624	FALSE	TRUE	FALSE	MS69_SCD_1hr-arrest_DMSO	MS756_SCD_1hr-arrest_PhIAA	MS69_SCD_1hr-arrest_DMSO	rep1	B	E	B	A	MS756	AID-Bcy1	1hr G1 arrest	PhIAA	AID-Bcy1_PhIAA	PKA hyper.	0.87356717	DNA_content_analysis_AC250708_MS756_PhIAA_1hr_exp250624.fcs	1.272306893	67.00578
2025-07-29-MS250701L13_exp250624_MS756_SCD_1hr-arrest_Torin+PhIAA_polyA-RNA	MS756_SCD_1hr-arrest_Torin+PhIAA	exp250624	FALSE	TRUE	FALSE	MS69_SCD_1hr-arrest_DMSO	MS756_SCD_1hr-arrest_Torin+PhIAA	MS69_SCD_1hr-arrest_DMSO	rep1	B	E	B	A	MS756	AID-Bcy1	1hr G1 arrest	Torin+PhIAA	AID-Bcy1_Torin+PhIAA	TORC1 inhib. + PKA hyper.	0.836462819	DNA_content_analysis_AC250708_MS756_Torin+PhIAA_1hr_exp250624.fcs	1.48043394	64.85363
2025-07-29-MS250701L14_exp250624_MS756_SCD_4hr45m-arrest_Torin_polyA-RNA	MS756_SCD_Large-G1arrest_Torin	exp250624	FALSE	FALSE	FALSE	MS69_SCD_1hr-arrest_DMSO	MS756_SCD_1hr-arrest_Torin	MS69_SCD_1hr-arrest_DMSO	rep1	B	E	B	A	MS756	AID-Bcy1	Large G1 arrest	Torin	AID-Bcy1_Torin	AID-Bcy1_Torin	0.320817244	DNA_content_analysis_AC250708_MS756_Torin_4hr45min_exp250624.fcs	1.000470523	269.76155
2025-07-29-MS250701L15_exp250624_MS756_SCD_4hr45m-arrest_PhIAA_polyA-RNA	MS756_SCD_Large-G1arrest_PhIAA	exp250624	FALSE	FALSE	FALSE	MS69_SCD_1hr-arrest_DMSO	MS756_SCD_1hr-arrest_PhIAA	MS69_SCD_1hr-arrest_DMSO	rep1	B	E	B	A	MS756	AID-Bcy1	Large G1 arrest	PhIAA	AID-Bcy1_PhIAA	PKA hyper.	0.356388216	DNA_content_analysis_AC250708_MS756_PhIAA_4hr45min_exp250624.fcs	1.00034569	258.81605
2025-07-29-MS250701L16_exp250624_MS756_SCD_4hr45m-arrest_Torin+PhIAA_polyA-RNA	MS756_SCD_Large-G1arrest_Torin+PhIAA	exp250624	FALSE	FALSE	FALSE	MS69_SCD_1hr-arrest_DMSO	MS756_SCD_1hr-arrest_Torin+PhIAA	MS69_SCD_1hr-arrest_DMSO	rep1	B	E	B	A	MS756	AID-Bcy1	Large G1 arrest	Torin+PhIAA	AID-Bcy1_Torin+PhIAA	TORC1 inhib. + PKA hyper.	0.297277878	DNA_content_analysis_AC250708_MS756_Torin+PhIAA_4hr45min_exp250624.fcs	1.001162866	278.21851
2026-01-03-AC251128L01_exp251111_MS756c2_SCD_1hr-arrest_polyA-RNA	MS756_SCD_1hr-arrest	exp251111	FALSE	TRUE	FALSE	MS69_SCD_1hr-arrest_DMSO	MS756_SCD_1hr-arrest	MS69_SCD_1hr-arrest_DMSO	rep1	B	E	B	A	MS756c2	AID-Bcy1	1hr G1 arrest	no treatment	AID-Bcy1__no-treatment	AID-Bcy1__no-treatment	0.512613174	DNA_content_analysis_AC260123_MS756c2_no-treatment_1hr_exp251111_G1-arrest.fcs	1.33957	66.49
2026-01-03-AC251128L02_exp251111_MS756c2_SCD_1hr-arrest_PhIAA_polyA-RNA	MS756_SCD_1hr-arrest_PhIAA	exp251111	FALSE	TRUE	FALSE	MS69_SCD_1hr-arrest_DMSO	MS756_SCD_1hr-arrest_PhIAA	MS69_SCD_1hr-arrest_DMSO	rep2	B	E	B	A	MS756c2	AID-Bcy1	1hr G1 arrest	PhIAA	AID-Bcy1_PhIAA	PKA hyper.	0.501318743	DNA_content_analysis_AC260123_MS756c2_PhIAA_1hr_exp251111_G1-arrest.fcs	1.29282	69.52
2026-01-03-AC251128L03_exp251111_MS756c2_SCD_1hr-arrest_Torin+PhIAA_polyA-RNA	MS756_SCD_1hr-arrest_Torin+PhIAA	exp251111	FALSE	TRUE	FALSE	MS69_SCD_1hr-arrest_DMSO	MS756_SCD_1hr-arrest_Torin+PhIAA	MS69_SCD_1hr-arrest_DMSO	rep2	B	E	B	A	MS756c2	AID-Bcy1	1hr G1 arrest	Torin+PhIAA	AID-Bcy1_Torin+PhIAA	TORC1 inhib. + PKA hyper.	0.479100416	DNA_content_analysis_AC260123_MS756c2_PhIAA+Torin_1hr_exp251111_G1-arrest.fcs	1.42225	66.88
2026-01-03-AC251128L04_exp251111_MS756c2_SCD_4hr50min-arrest_polyA-RNA	MS756_SCD_Large-G1arrest	exp251111	FALSE	FALSE	FALSE	MS69_SCD_1hr-arrest_DMSO	MS756_SCD_1hr-arrest	MS69_SCD_1hr-arrest_DMSO	rep1	B	E	B	A	MS756c2	AID-Bcy1	Large G1 arrest	no treatment	AID-Bcy1__no-treatment	AID-Bcy1__no-treatment	0.156125548	DNA_content_analysis_AC260123_MS756c2_no-treatment_4hr50min_exp251111_G1-arrest.fcs	1.00081	262.46
2026-01-03-AC251128L05_exp251111_MS756c2_SCD_4hr50min-arrest_PhIAA_polyA-RNA	MS756_SCD_Large-G1arrest_PhIAA	exp251111	FALSE	FALSE	FALSE	MS69_SCD_1hr-arrest_DMSO	MS756_SCD_1hr-arrest_PhIAA	MS69_SCD_1hr-arrest_DMSO	rep2	B	E	B	A	MS756c2	AID-Bcy1	Large G1 arrest	PhIAA	AID-Bcy1_PhIAA	PKA hyper.	0.154636216	DNA_content_analysis_AC260123_MS756c2_PhIAA_4hr50min_exp251111_G1-arrest.fcs	1.00095	267.91
2026-01-03-AC251128L06_exp251111_MS756c2_SCD_4hr50min-arrest_Torin+PhIAA_polyA-RNA	MS756_SCD_Large-G1arrest_Torin+PhIAA	exp251111	FALSE	FALSE	FALSE	MS69_SCD_1hr-arrest_DMSO	MS756_SCD_1hr-arrest_Torin+PhIAA	MS69_SCD_1hr-arrest_DMSO	rep2	B	E	B	A	MS756c2	AID-Bcy1	Large G1 arrest	Torin+PhIAA	AID-Bcy1_Torin+PhIAA	TORC1 inhib. + PKA hyper.	0.149360969	DNA_content_analysis_AC260123_MS756c2_PhIAA+Torin_4hr50min_exp251111_G1-arrest.fcs	1.00163	294.49
2025-01-14-MS241219L09_exp241010_MS756_SCD_1hr-arrest_PhIAA_polyA-RNA	MS756_SCD_1hr-arrest_PhIAA	exp241010	FALSE	TRUE	FALSE	MS69_SCD_1hr-arrest_DMSO	MS756_SCD_1hr-arrest_PhIAA	MS69_SCD_1hr-arrest_DMSO	rep3	B	F	B	A	MS756	AID-Bcy1	1hr G1 arrest	PhIAA	AID-Bcy1_PhIAA	PKA hyper.	0.712244463	exp241010_MS756_1hr-phIAA_G1-arrest.fcs	1.204267945	66.91
2025-01-14-MS241219L10_exp241010_MS756_SCD_1hr-arrest_DMSO_polyA-RNA	MS756_SCD_1hr-arrest_DMSO	exp241010	FALSE	TRUE	FALSE	MS69_SCD_1hr-arrest_DMSO	MS756_SCD_1hr-arrest_DMSO	MS69_SCD_1hr-arrest_DMSO	rep1	B	F	B	A	MS756	AID-Bcy1	1hr G1 arrest	DMSO	AID-Bcy1_DMSO	Control_DMSO	0.71835053	exp241010_MS756_1hr-DMSO_G1-arrest.fcs	1.196641856	65.33
2025-01-14-MS241219L11_exp241010_MS756_SCD_4.75hr-arrest_PhIAA_polyA-RNA	MS756_SCD_Large-G1arrest_PhIAA	exp241010	FALSE	FALSE	FALSE	MS69_SCD_1hr-arrest_DMSO	MS756_SCD_1hr-arrest_PhIAA	MS69_SCD_1hr-arrest_DMSO	rep3	B	F	B	A	MS756	AID-Bcy1	Large G1 arrest	PhIAA	AID-Bcy1_PhIAA	PKA hyper.	0.217089339	exp241010_MS756_4hr45m-phIAA_G1-arrest.fcs	1.001724589	268.5
2025-01-14-MS241219L12_exp241010_MS756_SCD_4.75hr-arrest_DMSO_polyA-RNA	MS756_SCD_Large-G1arrest_DMSO	exp241010	FALSE	FALSE	FALSE	MS69_SCD_1hr-arrest_DMSO	MS756_SCD_1hr-arrest_DMSO	MS69_SCD_1hr-arrest_DMSO	rep1	B	F	B	A	MS756	AID-Bcy1	Large G1 arrest	DMSO	AID-Bcy1_DMSO	Control_DMSO	0.210507509	exp241010_MS756_4hr45m-DMSO_G1-arrest.fcs	1.001377232	273.3
2025-02-23-MS250211L09_exp250207_MS756c2_SCD_1hr-arrest_PhIAA_polyA-RNA	MS756_SCD_1hr-arrest_PhIAA	exp250207	FALSE	TRUE	FALSE	MS69_SCD_1hr-arrest_DMSO	MS756_SCD_1hr-arrest_PhIAA	MS69_SCD_1hr-arrest_DMSO	rep4	B	F	B	A	MS756c2	AID-Bcy1	1hr G1 arrest	PhIAA	AID-Bcy1_PhIAA	PKA hyper.	0.633417201	DNA_content_analysis_AC250708_MS756c2_PhIAA_1hr_exp250207.fcs	1.327118838	66.5
2025-02-23-MS250211L10_exp250207_MS756c2_SCD_4hr45m-arrest_PhIAA_polyA-RNA	MS756_SCD_Large-G1arrest_PhIAA	exp250207	FALSE	FALSE	FALSE	MS69_SCD_1hr-arrest_DMSO	MS756_SCD_1hr-arrest_PhIAA	MS69_SCD_1hr-arrest_DMSO	rep4	B	F	B	A	MS756c2	AID-Bcy1	Large G1 arrest	PhIAA	AID-Bcy1_PhIAA	PKA hyper.	0.254181103	DNA_content_analysis_AC250708_MS756c2_PhIAA_4hr45min_exp250207.fcs	1.000105407	263.2
2025-02-23-MS250211L11_exp250207_MS756c2_SCD_4hr45m-arrest_PhIAA-4hr35m_polyA-RNA	MS756_SCD_Large-G1arrest_longPhIAA	exp250207	FALSE	FALSE	FALSE	MS69_SCD_1hr-arrest_DMSO	MS756_SCD_1hr-arrest_PhIAA	MS69_SCD_1hr-arrest_DMSO	rep1	B	F	B	A	MS756c2	AID-Bcy1	Large G1 arrest	PhIAAlong	AID-Bcy1_PhIAA	AID-Bcy1_PhIAA_long				271.8
2025-02-23-MS250211L12_exp250207_MS756c2_SCD_1hr-arrest-DMSO_polyA-RNA	MS756_SCD_1hr-arrest_DMSO	exp250207	FALSE	TRUE	FALSE	MS69_SCD_1hr-arrest_DMSO	MS756_SCD_1hr-arrest_DMSO	MS69_SCD_1hr-arrest_DMSO	rep2	B	F	B	A	MS756c2	AID-Bcy1	1hr G1 arrest	DMSO	AID-Bcy1_DMSO	Control_DMSO	0.678337245	DNA_content_analysis_AC250708_MS756c2_DMSO_1hr_exp250207.fcs	1.361991478	63.1
2025-02-23-MS250211L13_exp250207_MS756c2_SCD_4hr45m-arrest_DMSO_polyA-RNA	MS756_SCD_Large-G1arrest_DMSO	exp250207	FALSE	FALSE	FALSE	MS69_SCD_1hr-arrest_DMSO	MS756_SCD_1hr-arrest_DMSO	MS69_SCD_1hr-arrest_DMSO	rep2	B	F	B	A	MS756c2	AID-Bcy1	Large G1 arrest	DMSO	AID-Bcy1_DMSO	Control_DMSO	0.227268458	DNA_content_analysis_AC250708_MS756c2_DMSO_4hr45min_exp250207.fcs	1.000346768	263.2
2025-02-23-MS250211L14_exp250207_MS756c2_SCD_4hr45m-arrest_DMSO-4hr35m_polyA-RNA	MS756_SCD_Large-G1arrest_longDMSO	exp250207	FALSE	FALSE	FALSE	MS69_SCD_1hr-arrest_DMSO	MS756_SCD_1hr-arrest_DMSO	MS69_SCD_1hr-arrest_DMSO	rep1	B	F	B	A	MS756c2	AID-Bcy1	Large G1 arrest	DMSOlong	AID-Bcy1_DMSO	AID-Bcy1_DMSO_long				259.8
2025-01-14-MS241219L13_exp241010_MS791_SCD_1hr-arrest_PhIAA_polyA-RNA	MS791_SCD_1hr-arrest_PhIAA	exp241010	FALSE	TRUE	FALSE	MS69_SCD_1hr-arrest_DMSO	MS791_SCD_1hr-arrest_PhIAA	MS69_SCD_1hr-arrest_DMSO	rep1	B	G	B	A	MS791	Hog1-AID	1hr G1 arrest	PhIAA	Hog1-AID_PhIAA	Hog1-AID_PhIAA	0.819120204	exp241010_MS791_1hr-phIAA_G1-arrest.fcs	1.202668816	66.31
2025-01-14-MS241219L14_exp241010_MS791_SCD_1hr-arrest_DMSO_polyA-RNA	MS791_SCD_1hr-arrest_DMSO	exp241010	FALSE	TRUE	FALSE	MS69_SCD_1hr-arrest_DMSO	MS791_SCD_1hr-arrest_PhIAA	MS69_SCD_1hr-arrest_DMSO	rep1	B	G	B	A	MS791	Hog1-AID	1hr G1 arrest	DMSO	Hog1-AID_DMSO	Hog1-AID_DMSO	0.682510206	exp241010_MS791_1hr-DMSO_G1-arrest.fcs	1.159358022	65.88
2025-01-14-MS241219L15_exp241010_MS791_SCD_4.75hr-arrest_PhIAA_polyA-RNA	MS791_SCD_Large-G1arrest_PhIAA	exp241010	FALSE	FALSE	FALSE	MS69_SCD_1hr-arrest_DMSO	MS791_SCD_1hr-arrest_PhIAA	MS69_SCD_1hr-arrest_DMSO	rep1	B	G	B	A	MS791	Hog1-AID	Large G1 arrest	PhIAA	Hog1-AID_PhIAA	Hog1-AID_PhIAA	0.228023271	exp241010_MS791_4hr45m-phIAA_G1-arrest.fcs	1.000370596	215.1
2025-01-14-MS241219L16_exp241010_MS791_SCD_4.75hr-arrest_DMSO_polyA-RNA	MS791_SCD_Large-G1arrest_DMSO	exp241010	FALSE	FALSE	FALSE	MS69_SCD_1hr-arrest_DMSO	MS791_SCD_1hr-arrest_PhIAA	MS69_SCD_1hr-arrest_DMSO	rep1	B	G	B	A	MS791	Hog1-AID	Large G1 arrest	DMSO	Hog1-AID_DMSO	Hog1-AID_DMSO	0.234643686	exp241010_MS791_4hr45m-DMSO_G1-arrest.fcs	1.000995807	206.1
2025-02-23-MS250211L01_exp250206_MS791c2_SCD_1hr-arrest_PhIAA_polyA-RNA	MS791_SCD_1hr-arrest_PhIAA	exp250206	FALSE	TRUE	FALSE	MS69_SCD_1hr-arrest_DMSO	MS791_SCD_1hr-arrest_PhIAA	MS69_SCD_1hr-arrest_DMSO	rep2	B	G	B	A	MS791c2	Hog1-AID	1hr G1 arrest	PhIAA	Hog1-AID_PhIAA	Hog1-AID_PhIAA	0.765529422	DNA_content_analysis_AC250708_MS791c2_PhIAA_1hr_exp250206.fcs	1.454243119	65.9
2025-02-23-MS250211L02_exp250206_MS791c2_SCD_5hr30m-arrest_PhIAA_polyA-RNA	MS791_SCD_Large-G1arrest_PhIAA	exp250206	FALSE	FALSE	FALSE	MS69_SCD_1hr-arrest_DMSO	MS791_SCD_1hr-arrest_PhIAA	MS69_SCD_1hr-arrest_DMSO	rep2	B	G	B	A	MS791c2	Hog1-AID	Large G1 arrest	PhIAA	Hog1-AID_PhIAA	Hog1-AID_PhIAA	0.264594291	DNA_content_analysis_AC250708_MS791c2_PhIAA_5hr30min_exp250206.fcs	1.00012983	240.7
2025-02-23-MS250211L03_exp250206_MS791c2_SCD_1hr-arrest_DMSO_polyA-RNA	MS791_SCD_1hr-arrest_DMSO	exp250206	FALSE	TRUE	FALSE	MS69_SCD_1hr-arrest_DMSO	MS791_SCD_1hr-arrest_DMSO	MS69_SCD_1hr-arrest_DMSO	rep2	B	G	B	A	MS791c2	Hog1-AID	1hr G1 arrest	DMSO	Hog1-AID_DMSO	Hog1-AID_DMSO	0.748267333	DNA_content_analysis_AC250708_MS791c2_DMSO_1hr_exp250206.fcs	1.400248631	67.4
2025-02-23-MS250211L04_exp250206_MS791c2_SCD_5hr30m-arrest_DMSO_polyA-RNA	MS791_SCD_Large-G1arrest_PhIAA	exp250206	FALSE	FALSE	FALSE	MS69_SCD_1hr-arrest_DMSO	MS791_SCD_1hr-arrest_DMSO	MS69_SCD_1hr-arrest_DMSO	rep2	B	G	B	A	MS791c2	Hog1-AID	Large G1 arrest	DMSO	Hog1-AID_DMSO	Hog1-AID_DMSO	0.252046407	DNA_content_analysis_AC250708_MS791c2_DMSO_5hr30min_exp250206.fcs	1.00017794	244.6
2025-02-23-MS250211L05_exp250206_MS793_SCD_1hr-arrest_PhIAA_polyA-RNA	MS793_SCD_1hr-arrest_PhIAA	exp250206	FALSE	TRUE	FALSE	MS69_SCD_1hr-arrest_DMSO	MS793_SCD_1hr-arrest_PhIAA	MS69_SCD_1hr-arrest_DMSO	rep1	B	H	B	A	MS793	Pkc1-AID	1hr G1 arrest	PhIAA	Pkc1-AID_PhIAA	Pkc1-AID_PhIAA	0.716249759	DNA_content_analysis_AC250708_MS793_PhIAA_1hr_exp250206.fcs	1.4528163	79.7
2025-02-23-MS250211L06_exp250206_MS793_SCD_4hr35m-arrest_PhIAA_polyA-RNA	MS793_SCD_4.65hr-arrest_PhIAA	exp250206	FALSE	FALSE	FALSE	MS69_SCD_1hr-arrest_DMSO	MS793_SCD_1hr-arrest_PhIAA	MS69_SCD_1hr-arrest_DMSO	rep1	B	H	B	A	MS793	Pkc1-AID	4.65hr G1 arrest	PhIAA	Pkc1-AID_PhIAA	Pkc1-AID_PhIAA	0.267925823	DNA_content_analysis_AC250708_MS793_PhIAA_4hr35min_exp250206.fcs	1.000143419	250.6
2025-02-23-MS250211L07_exp250206_MS793_SCD_1hr-arrest_DMSO_polyA-RNA	MS793_SCD_1hr-arrest_DMSO	exp250206	FALSE	TRUE	FALSE	MS69_SCD_1hr-arrest_DMSO	MS793_SCD_1hr-arrest_DMSO	MS69_SCD_1hr-arrest_DMSO	rep1	B	H	B	A	MS793	Pkc1-AID	1hr G1 arrest	DMSO	Pkc1-AID_DMSO	Pkc1-AID_DMSO	0.849390967	DNA_content_analysis_AC250708_MS793_DMSO_1hr_exp250206.fcs	1.446751688	73.4
2025-02-23-MS250211L08_exp250206_MS793_SCD_4hr35m-arrest_DMSO_polyA-RNA	MS793_SCD_4.65hr-arrest_DMSO	exp250206	FALSE	FALSE	FALSE	MS69_SCD_1hr-arrest_DMSO	MS793_SCD_1hr-arrest_DMSO	MS69_SCD_1hr-arrest_DMSO	rep1	B	H	B	A	MS793	Pkc1-AID	4.65hr G1 arrest	DMSO	Pkc1-AID_DMSO	Pkc1-AID_DMSO	0.278591453	DNA_content_analysis_AC250708_MS793_DMSO_4hr35min_exp250206.fcs	1.000237655	265.1
2025-07-29-MS250530L05_exp250523_MS793c2_SCD_1hr-arrest_DMSO_polyA-RNA	MS793_SCD_1hr-arrest_DMSO	exp250523	FALSE	TRUE	FALSE	MS69_SCD_1hr-arrest_DMSO	MS793_SCD_1hr-arrest_DMSO	MS69_SCD_1hr-arrest_DMSO	rep2	B	H	B	A	MS793c2	Pkc1-AID	1hr G1 arrest	DMSO	PKC1-AID_DMSO	PKC1-AID_DMSO	0.603809216	DNA_content_analysis_AC250528_MS793c2_DMSO-1hr_exp250523.fcs	1.287883943	71.99057
2025-07-29-MS250530L06_exp250523_MS793c2_SCD_1hr-arrest_PhIAA_polyA-RNA	MS793_SCD_1hr-arrest_PhIAA	exp250523	FALSE	TRUE	FALSE	MS69_SCD_1hr-arrest_DMSO	MS793_SCD_1hr-arrest_PhIAA	MS69_SCD_1hr-arrest_DMSO	rep2	B	H	B	A	MS793c2	Pkc1-AID	1hr G1 arrest	PhIAA	PKC1-AID_PhIAA	PKC1-AID_PhIAA	0.671853385	DNA_content_analysis_AC250528_MS793c2_PhIAA-1hr_exp250523.fcs	1.350674793	72.48502
2025-07-29-MS250530L07_exp250523_MS793c2_SCD_4hr35m-arrest_DMSO_polyA-RNA	MS793_SCD_4.65hr-arrest_DMSO	exp250523	FALSE	FALSE	FALSE	MS69_SCD_1hr-arrest_DMSO	MS793_SCD_1hr-arrest_DMSO	MS69_SCD_1hr-arrest_DMSO	rep2	B	H	B	A	MS793c2	Pkc1-AID	4.65hr G1 arrest	DMSO	PKC1-AID_DMSO	PKC1-AID_DMSO	0.196256642	DNA_content_analysis_AC250528_MS793c2_DMSO-4.65hr_exp250523.fcs	1.00076205	" 256.46337	"
2025-07-29-MS250530L08_exp250523_MS793c2_SCD_4hr35m-arrest_PhIAA_polyA-RNA	MS793_SCD_4.65hr-arrest_PhIAA	exp250523	FALSE	FALSE	FALSE	MS69_SCD_1hr-arrest_DMSO	MS793_SCD_1hr-arrest_PhIAA	MS69_SCD_1hr-arrest_DMSO	rep2	B	H	B	A	MS793c2	Pkc1-AID	4.65hr G1 arrest	PhIAA	PKC1-AID_PhIAA	PKC1-AID_PhIAA	0.206751586	DNA_content_analysis_AC250528_MS793c2_PhIAA-4.65hr_exp250523.fcs	1.000765516	243.9075
2026-01-03-AC251202L01_exp251106_MS1007_SCD_1hr-arrest_ATC_polyA-RNA	MS1007_SCD_1hr-arrest_ATC	exp251106	FALSE	TRUE	FALSE	MS951_SCD_1hr-arrest_ATC	MS1007_SCD_1hr-arrest_ATC	MS69_SCD_1hr-arrest_DMSO	rep1	C	I	B	A	MS1007	Sch9(2d3E)	1hr G1 arrest	ATC	Sch9(2d3E)_ATC	Sch9(2d3E)_ATC				70.98
2026-01-03-AC251202L02_exp251106_MS1007_SCD_5hr-arrest_ATC_polyA-RNA	MS1007_SCD_5hr-arrest_ATC	exp251106	FALSE	FALSE	FALSE	MS951_SCD_1hr-arrest_ATC	MS1007_SCD_1hr-arrest_ATC	MS69_SCD_1hr-arrest_DMSO	rep1	C	I	B	A	MS1007	Sch9(2d3E)	5hr G1 arrest	ATC	Sch9(2d3E)_ATC	Sch9(2d3E)_ATC				293.86
2026-01-03-AC251202L03_exp251106_MS1007_SCD_5hr-arrest_ATCLong_polyA-RNA	MS1007_SCD_5hr-arrest_ATCLong	exp251106	FALSE	FALSE	FALSE	MS951_SCD_1hr-arrest_ATC	MS1007_SCD_1hr-arrest_ATC	MS69_SCD_1hr-arrest_DMSO	rep1	C	I	B	A	MS1007	Sch9(2d3E)	5hr G1 arrest	ATC	Sch9(2d3E)_ATC	Sch9(2d3E)_ATC				287.31
2026-01-03-AC251202L04_exp251106_MS1116_SCD_1hr-arrest_ATC_polyA-RNA	MS1116_SCD_1hr-arrest_ATC	exp251106	FALSE	TRUE	FALSE	MS951_SCD_1hr-arrest_ATC	MS1116_SCD_1hr-arrest_ATC	MS69_SCD_1hr-arrest_DMSO	rep1	C	I	B	A	MS1116	Gtr2(s23L)-Gtr1(q65L)	1hr G1 arrest	ATC	Gtr2(s23L)-Gtr1(q65L)_ATC	Gtr2(s23L)-Gtr1(q65L)_ATC				65.94
2026-01-03-AC251202L05_exp251106_MS1116_SCD_5hr-arrest_ATC_polyA-RNA	MS1116_SCD_5hr-arrest_ATC	exp251106	FALSE	FALSE	FALSE	MS951_SCD_1hr-arrest_ATC	MS1116_SCD_1hr-arrest_ATC	MS69_SCD_1hr-arrest_DMSO	rep1	C	I	B	A	MS1116	Gtr2(s23L)-Gtr1(q65L)	5hr G1 arrest	ATC	Gtr2(s23L)-Gtr1(q65L)_ATC	Gtr2(s23L)-Gtr1(q65L)_ATC				221.56
2026-01-03-AC251202L06_exp251106_MS1116_SCD_5hr-arrest_ATCLong_polyA-RNA	MS1116_SCD_5hr-arrest_ATCLong	exp251106	FALSE	FALSE	FALSE	MS951_SCD_1hr-arrest_ATC	MS1116_SCD_1hr-arrest_ATC	MS69_SCD_1hr-arrest_DMSO	rep1	C	I	B	A	MS1116	Gtr2(s23L)-Gtr1(q65L)	5hr G1 arrest	ATC	Gtr2(s23L)-Gtr1(q65L)_ATC	Gtr2(s23L)-Gtr1(q65L)_ATC				209.13
2026-01-03-AC251202L07_exp251106_MS951_SCD_1hr-arrest_ATC_polyA-RNA	MS951_SCD_1hr-arrest_ATC	exp251106	TRUE	TRUE	FALSE	MS951_SCD_1hr-arrest_ATC	MS951_SCD_1hr-arrest_ATC	MS69_SCD_1hr-arrest_DMSO	rep1	C	I	B	A	MS951	WT	1hr G1 arrest	ATC	WT_ATC	WT_ATC	1.254105265	DNA_content_analysis_AC260304_MS951_N1_exp2602220_G1-arrest.fcs	1.3316	66.9
2026-01-03-AC251202L08_exp251106_MS951_SCD_5hr-arrest_ATC_polyA-RNA	MS951_SCD_5hr-arrest_ATC	exp251106	FALSE	FALSE	FALSE	MS951_SCD_1hr-arrest_ATC	MS951_SCD_1hr-arrest_ATC	MS69_SCD_1hr-arrest_DMSO	rep1	C	I	B	A	MS951	WT	5hr G1 arrest	ATC	WT_ATC	WT_ATC	0.516990942	DNA_content_analysis_AC260304_MS951_N2_exp2602220_G1-arrest.fcs	1.0046	272.89
2026-01-03-AC251202L09_exp251106_MS951_SCD_5hr-arrest_ATCLong_polyA-RNA	MS951_SCD_5hr-arrest_ATCLong	exp251106	FALSE	FALSE	FALSE	MS951_SCD_1hr-arrest_ATC	MS951_SCD_1hr-arrest_ATC	MS69_SCD_1hr-arrest_DMSO	rep1	C	I	B	A	MS951	WT	5hr G1 arrest	ATC	WT_ATC	WT_ATC				285.74
2026-03-17-MS260226L01_exp260220_MS951_SCD_1hr-arrest_1NMPP1_polyA-RNA	MS951_SCD_1hr-arrest_1NMPP1	exp260220	FALSE	TRUE	FALSE	MS951_SCD_1hr-arrest_ATC	MS951_SCD_1hr-arrest_1NMPP1	MS69_SCD_1hr-arrest_DMSO	rep1	C	J	B	A	MS951	WT	1hr G1 arrest	1NMPP1	WT_1NMPP1	WT_1NMPP1	1.254105265	DNA_content_analysis_AC260304_MS951_N1_exp2602220_G1-arrest.fcs	1.3316	53.2
2026-03-17-MS260226L02_exp260220_MS951_SCD_4hr45min-arrest_1NMPP1_polyA-RNA	MS951_SCD_4.75hr-arrest_1NMPP1	exp260220	FALSE	FALSE	FALSE	MS951_SCD_1hr-arrest_ATC	MS951_SCD_1hr-arrest_1NMPP1	MS69_SCD_1hr-arrest_DMSO	rep1	C	J	B	A	MS951	WT	4.75hr G1 arrest	1NMPP1	WT_1NMPP1	WT_1NMPP1	0.516990942	DNA_content_analysis_AC260304_MS951_N2_exp2602220_G1-arrest.fcs	1.0046	210.9
2026-03-17-MS260226L03_exp260220_MS1154_SCD_1hr-arrest_DMSO	MS1154_SCD_1hr-arrest_DMSO	exp260220	FALSE	TRUE	FALSE	MS951_SCD_1hr-arrest_ATC	MS1154_SCD_1hr-arrest_DMSO	MS69_SCD_1hr-arrest_DMSO	rep1	C	J	B	A	MS1154	TPK1-3_AS	1hr G1 arrest	DMSO	TPK1-3_AS_1NMPP1	TPK1-3_AS_1NMPP1	1.302981099	DNA_content_analysis_AC260304_MS1154_D1_exp2602220_G1-arrest.fcs	1.3079	55.3
2026-03-17-MS260226L04_exp260220_MS1154_SCD_4hr45min-arrest_DMSO	MS1154_SCD_4.75hr-arrest_DMSO	exp260220	FALSE	FALSE	FALSE	MS951_SCD_1hr-arrest_ATC	MS1154_SCD_1hr-arrest_DMSO	MS69_SCD_1hr-arrest_DMSO	rep1	C	J	B	A	MS1154	TPK1-3_AS	4.75hr G1 arrest	DMSO	TPK1-3_AS_1NMPP1	TPK1-3_AS_1NMPP1	0.412533415	DNA_content_analysis_AC260304_MS1154_D2_exp2602220_G1-arrest.fcs	1.0072	227.1
2026-03-17-MS260226L05_exp260220_MS1154_SCD_1hr-arrest_1NMPP1_polyA-RNA	MS1154_SCD_1hr-arrest_1NMPP1	exp260220	FALSE	TRUE	FALSE	MS951_SCD_1hr-arrest_ATC	MS1154_SCD_1hr-arrest_1NMPP1	MS69_SCD_1hr-arrest_DMSO	rep1	C	J	B	A	MS1154	TPK1-3_AS	1hr G1 arrest	1NMPP1	TPK1-3_AS_1NMPP1	TPK1-3_AS_1NMPP1	1.20403821	DNA_content_analysis_AC260304_MS1154_N1_exp2602220_G1-arrest.fcs	1.2707	52.4
2026-03-17-MS260226L06_exp260220_MS1154_SCD_4hr45min-arrest_1NMPP1_polyA-RNA	MS1154_SCD_4.75hr-arrest_1NMPP1	exp260220	FALSE	FALSE	FALSE	MS951_SCD_1hr-arrest_ATC	MS1154_SCD_1hr-arrest_1NMPP1	MS69_SCD_1hr-arrest_DMSO	rep1	C	J	B	A	MS1154	TPK1-3_AS	4.75hr G1 arrest	1NMPP1	TPK1-3_AS_1NMPP1	TPK1-3_AS_1NMPP1	0.453869034	DNA_content_analysis_AC260304_MS1154_N2_exp2602220_G1-arrest.fcs	1.0067	207.7
2026-03-17-MS260226L07_exp260220_MS1042_SCD_1hr-arrest_ATC_polyA-RNA	MS1042_SCD_1hr-arrest_ATC	exp260220	FALSE	TRUE	FALSE	MS951_SCD_1hr-arrest_ATC	MS1042_SCD_1hr-arrest_ATC	MS69_SCD_1hr-arrest_DMSO	rep1	C	J	B	A	MS1042	Sch9(2d3E)_Tod6-mNG	1hr G1 arrest	ATC	Sch9(2d3E)_Tod6-mNG_ATC	Sch9(2d3E)_Tod6-mNG_ATC				65.6
2026-03-17-MS260226L08_exp260220_MS1042_SCD_4hr45min-arrest_ATC_polyA-RNA	MS1042_SCD_4.75hr-arrest_ATC	exp260220	FALSE	FALSE	FALSE	MS951_SCD_1hr-arrest_ATC	MS1042_SCD_1hr-arrest_ATC	MS69_SCD_1hr-arrest_DMSO	rep1	C	J	B	A	MS1042	Sch9(2d3E)_Tod6-mNG	4.75hr G1 arrest	ATC	Sch9(2d3E)_Tod6-mNG_ATC	Sch9(2d3E)_Tod6-mNG_ATC				266.2
2026-03-17-MS260226L09_exp241211_MS796_SCD_1hr-arrest_polyA-RNA	MS796_SCD_1hr-arrest	exp260220	FALSE	TRUE	FALSE	MS951_SCD_1hr-arrest_ATC	MS796_SCD_1hr-arrest	MS69_SCD_1hr-arrest_DMSO	rep1	C	J	B	A	MS796	TOR1-L2134M	1hr G1 arrest	no treatment	TOR1-L2134M_no-treatment	TOR1-L2134M_no-treatment				66.8
2026-03-17-MS260226L10_exp241211_MS796_SCD_4hr45min-arrest_polyA-RNA	MS796_SCD_4.75hr-arrest	exp260220	FALSE	FALSE	FALSE	MS951_SCD_1hr-arrest_ATC	MS796_SCD_1hr-arrest	MS69_SCD_1hr-arrest_DMSO	rep1	C	J	B	A	MS796	TOR1-L2134M	4.75hr G1 arrest	no treatment	TOR1-L2134M_no-treatment	TOR1-L2134M_no-treatment				215.4

===== MS251208_sample_info.txt =====
columns: 23
rows: 30
--- header ---
sample	sample_updated	sample_short	strain_id	strain_info	media	arrest	treatment	experiment	DNA_ratio_A_file_name	DNA_ratio_A	DNA_ratio_B_file_name	DNA_ratio_B	DNA_ratio	DNA_content_file_name	DNA_per_cell	mean_cell_volume	ref1	ref2	sample_ref1	sample_ref2	exp_group_1	exp_group_2
--- sample rows ---
2026-01-03-AC251128L01_exp251111_MS756c2_SCD_1hr-arrest_polyA-RNA	exp251111_MS756c2_SCD_1hr-arrest_polyA-RNA	MS756_SCD_1hr-arrest	MS756c2	AID-Bcy1	SCD	1hr-arrest	control	exp251111								66.49	TRUE	TRUE	MS756_SCD_1hr-arrest	MS756_SCD_1hr-arrest	A	A
2026-01-03-AC251128L02_exp251111_MS756c2_SCD_1hr-arrest_PhIAA_polyA-RNA	exp251111_MS756c2_SCD_1hr-arrest_PhIAA_polyA-RNA	MS756_SCD_1hr-arrest_PhIAA	MS756c2	AID-Bcy1	SCD	1hr-arrest	PhIAA	exp251111								69.52	FALSE	TRUE	MS756_SCD_1hr-arrest	MS756_SCD_1hr-arrest_PhIAA	A	A
2026-01-03-AC251128L03_exp251111_MS756c2_SCD_1hr-arrest_Torin+PhIAA_polyA-RNA	exp251111_MS756c2_SCD_1hr-arrest_Torin+PhIAA_polyA-RNA	MS756_SCD_1hr-arrest_Torin+PhIAA	MS756c2	AID-Bcy1	SCD	1hr-arrest	Torin+PhIAA	exp251111								66.88	FALSE	TRUE	MS756_SCD_1hr-arrest	MS756_SCD_1hr-arrest_Torin+PhIAA	A	A
2026-01-03-AC251128L04_exp251111_MS756c2_SCD_4hr50min-arrest_polyA-RNA	exp251111_MS756c2_SCD_4hr50min-arrest_polyA-RNA	MS756_SCD_Large-G1arrest	MS756c2	AID-Bcy1	SCD	4hr50min	control	exp251111								262.46	FALSE	FALSE	MS756_SCD_1hr-arrest	MS756_SCD_1hr-arrest	A	A
2026-01-03-AC251128L05_exp251111_MS756c2_SCD_4hr50min-arrest_PhIAA_polyA-RNA	exp251111_MS756c2_SCD_4hr50min-arrest_PhIAA_polyA-RNA	MS756_SCD_Large-G1arrest_PhIAA	MS756c2	AID-Bcy1	SCD	4hr50min	PhIAA	exp251111								267.91	FALSE	FALSE	MS756_SCD_1hr-arrest	MS756_SCD_1hr-arrest_PhIAA	A	A
2026-01-03-AC251128L06_exp251111_MS756c2_SCD_4hr50min-arrest_Torin+PhIAA_polyA-RNA	exp251111_MS756c2_SCD_4hr50min-arrest_Torin+PhIAA_polyA-RNA	MS756_SCD_Large-G1arrest_Torin+PhIAA	MS756c2	AID-Bcy1	SCD	4hr50min	Torin+PhIAA	exp251111								294.49	FALSE	FALSE	MS756_SCD_1hr-arrest	MS756_SCD_1hr-arrest_Torin+PhIAA	A	A
2026-01-03-AC251202L01_exp251106_MS1007_SCD_1hr-arrest_ATC_polyA-RNA	exp251106_MS1007_SCD_1hr-arrest_ATC_polyA-RNA	MS1007_SCD_1hr-arrest_ATC	MS1007	Sch9(2d3E)	SCD	1hr-arrest	ATC	exp251106								70.98	FALSE	TRUE	MS951_SCD_1hr-arrest_ATC	MS1007_SCD_1hr-arrest_ATC	B	B
2026-01-03-AC251202L02_exp251106_MS1007_SCD_5hr-arrest_ATC_polyA-RNA	exp251106_MS1007_SCD_5hr-arrest_ATC_polyA-RNA	MS1007_SCD_5hr-arrest_ATC	MS1007	Sch9(2d3E)	SCD	5hr-arrest	ATC	exp251106								293.86	FALSE	FALSE	MS951_SCD_1hr-arrest_ATC	MS1007_SCD_1hr-arrest_ATC	B	B
2026-01-03-AC251202L03_exp251106_MS1007_SCD_5hr-arrest_ATCLong_polyA-RNA	exp251106_MS1007_SCD_5hr-arrest_ATCLong_polyA-RNA	MS1007_SCD_5hr-arrest_ATCLong	MS1007	Sch9(2d3E)	SCD	5hr-arrest	ATC	exp251106								287.31	FALSE	FALSE	MS951_SCD_1hr-arrest_ATC	MS1007_SCD_1hr-arrest_ATC	B	B
2026-01-03-AC251202L04_exp251106_MS1116_SCD_1hr-arrest_ATC_polyA-RNA	exp251106_MS1116_SCD_1hr-arrest_ATC_polyA-RNA	MS1116_SCD_1hr-arrest_ATC	MS116	Gtr2(s23L)-Gtr1(q65L)	SCD	1hr-arrest	ATC	exp251106								65.94	FALSE	TRUE	MS951_SCD_1hr-arrest_ATC	MS1116_SCD_1hr-arrest_ATC	B	C
2026-01-03-AC251202L05_exp251106_MS1116_SCD_5hr-arrest_ATC_polyA-RNA	exp251106_MS1116_SCD_5hr-arrest_ATC_polyA-RNA	MS1116_SCD_5hr-arrest_ATC	MS116	Gtr2(s23L)-Gtr1(q65L)	SCD	5hr-arrest	ATC	exp251106								221.56	FALSE	FALSE	MS951_SCD_1hr-arrest_ATC	MS1116_SCD_1hr-arrest_ATC	B	C
2026-01-03-AC251202L06_exp251106_MS1116_SCD_5hr-arrest_ATCLong_polyA-RNA	exp251106_MS1116_SCD_5hr-arrest_ATCLong_polyA-RNA	MS1116_SCD_5hr-arrest_ATCLong	MS116	Gtr2(s23L)-Gtr1(q65L)	SCD	5hr-arrest	ATC	exp251106								209.13	FALSE	FALSE	MS951_SCD_1hr-arrest_ATC	MS1116_SCD_1hr-arrest_ATC	B	C
2026-01-03-AC251202L07_exp251106_MS951_SCD_1hr-arrest_ATC_polyA-RNA	exp251106_MS951_SCD_1hr-arrest_ATC_polyA-RNA	MS951_SCD_1hr-arrest_ATC	MS951	WT	SCD	1hr-arrest	ATC	exp251106								66.9	TRUE	TRUE	MS951_SCD_1hr-arrest_ATC	MS951_SCD_1hr-arrest_ATC	B	D
2026-01-03-AC251202L08_exp251106_MS951_SCD_5hr-arrest_ATC_polyA-RNA	exp251106_MS951_SCD_5hr-arrest_ATC_polyA-RNA	MS951_SCD_5hr-arrest_ATC	MS951	WT	SCD	5hr-arrest	ATC	exp251106								272.89	FALSE	FALSE	MS951_SCD_1hr-arrest_ATC	MS951_SCD_1hr-arrest_ATC	B	D
2026-01-03-AC251202L09_exp251106_MS951_SCD_5hr-arrest_ATCLong_polyA-RNA	exp251106_MS951_SCD_5hr-arrest_ATCLong_polyA-RNA	MS951_SCD_5hr-arrest_ATCLong	MS951	WT	SCD	5hr-arrest	ATC	exp251106								285.74	FALSE	FALSE	MS951_SCD_1hr-arrest_ATC	MS951_SCD_1hr-arrest_ATC	B	D
2026-01-03-AC251203L01_exp251017_MS69_SCD_1hr-arrest_OD-0.1_polyA-RNA	exp251017_MS69_SCD_1hr-arrest_OD-0.1_polyA-RNA	MS69_SCD_1hr-arrest	MS69	WT	SCD	1hr-arrest	OD 0.1	exp251017								72.61	TRUE	TRUE	MS69_SCD_1hr-arrest	2026-01-03-AC251203L01_exp251017_MS69_SCD_1hr-arrest_OD-0.1_polyA-RNA	C	E
2026-01-03-AC251203L02_exp251017_MS69_SCD_1hr-arrest_OD-0.3_polyA-RNA	exp251017_MS69_SCD_1hr-arrest_OD-0.3_polyA-RNA	MS69_SCD_1hr-arrest	MS69	WT	SCD	1hr-arrest	OD 0.3	exp251017								70.88	TRUE	FALSE	MS69_SCD_1hr-arrest	2026-01-03-AC251203L01_exp251017_MS69_SCD_1hr-arrest_OD-0.1_polyA-RNA	C	E
2026-01-03-AC251203L03_exp251017_MS69_SCD_2hr-arrest_OD-0.1_polyA-RNA	exp251017_MS69_SCD_2hr-arrest_OD-0.1_polyA-RNA	MS69_SCD_2hr-arrest	MS69	WT	SCD	2hr-arrest	OD 0.1	exp251017								84.64	FALSE	TRUE	MS69_SCD_1hr-arrest	2026-01-03-AC251203L03_exp251017_MS69_SCD_2hr-arrest_OD-0.1_polyA-RNA	C	E
2026-01-03-AC251203L04_exp251017_MS69_SCD_2hr-arrest_OD-0.3_polyA-RNA	exp251017_MS69_SCD_2hr-arrest_OD-0.3_polyA-RNA	MS69_SCD_2hr-arrest	MS69	WT	SCD	2hr-arrest	OD 0.3	exp251017								84.48	FALSE	FALSE	MS69_SCD_1hr-arrest	2026-01-03-AC251203L03_exp251017_MS69_SCD_2hr-arrest_OD-0.1_polyA-RNA	C	E
2026-01-03-AC251203L05_exp251017_MS69_SCD_3hr-arrest_OD-0.1_polyA-RNA	exp251017_MS69_SCD_3hr-arrest_OD-0.1_polyA-RNA	MS69_SCD_3hr-arrest	MS69	WT	SCD	3hr-arrest	OD 0.1	exp251017								133.51	FALSE	TRUE	MS69_SCD_1hr-arrest	2026-01-03-AC251203L05_exp251017_MS69_SCD_3hr-arrest_OD-0.1_polyA-RNA	C	E
2026-01-03-AC251203L06_exp251017_MS69_SCD_3hr-arrest_OD-0.3_polyA-RNA	exp251017_MS69_SCD_3hr-arrest_OD-0.3_polyA-RNA	MS69_SCD_3hr-arrest	MS69	WT	SCD	3hr-arrest	OD 0.3	exp251017								130.03	FALSE	FALSE	MS69_SCD_1hr-arrest	2026-01-03-AC251203L05_exp251017_MS69_SCD_3hr-arrest_OD-0.1_polyA-RNA	C	E
2026-01-03-AC251203L07_exp251017_MS69_SCD_4hr-arrest_OD-0.1_polyA-RNA	exp251017_MS69_SCD_4hr-arrest_OD-0.1_polyA-RNA	MS69_SCD_4hr-arrest	MS69	WT	SCD	4hr-arrest	OD 0.1	exp251017								198.5	FALSE	TRUE	MS69_SCD_1hr-arrest	2026-01-03-AC251203L07_exp251017_MS69_SCD_4hr-arrest_OD-0.1_polyA-RNA	C	E
2026-01-03-AC251203L08_exp251017_MS69_SCD_4hr-arrest_OD-0.3_polyA-RNA	exp251017_MS69_SCD_4hr-arrest_OD-0.3_polyA-RNA	MS69_SCD_4hr-arrest	MS69	WT	SCD	4hr-arrest	OD 0.3	exp251017								195.48	FALSE	FALSE	MS69_SCD_1hr-arrest	2026-01-03-AC251203L07_exp251017_MS69_SCD_4hr-arrest_OD-0.1_polyA-RNA	C	E
2026-01-03-AC251203L09_exp251017_MS69_SCD_5hr-arrest_OD-0.1_polyA-RNA	exp251017_MS69_SCD_5hr-arrest_OD-0.1_polyA-RNA	MS69_SCD_5hr-arrest	MS69	WT	SCD	5hr-arrest	OD 0.1	exp251017								288.42	FALSE	TRUE	MS69_SCD_1hr-arrest	2026-01-03-AC251203L09_exp251017_MS69_SCD_5hr-arrest_OD-0.1_polyA-RNA	C	E
2026-01-03-AC251203L10_exp251017_MS69_SCD_5hr-arrest_OD-0.3_polyA-RNA	exp251017_MS69_SCD_5hr-arrest_OD-0.3_polyA-RNA	MS69_SCD_5hr-arrest	MS69	WT	SCD	5hr-arrest	OD 0.3	exp251017								276.46	FALSE	FALSE	MS69_SCD_1hr-arrest	2026-01-03-AC251203L09_exp251017_MS69_SCD_5hr-arrest_OD-0.1_polyA-RNA	C	E
2026-01-03-AC251203L11_exp251017_MS69_SCD_6hr-arrest_OD-0.1_polyA-RNA	exp251017_MS69_SCD_6hr-arrest_OD-0.1_polyA-RNA	MS69_SCD_6hr-arrest	MS69	WT	SCD	6hr-arrest	OD 0.1	exp251017								349.1	FALSE	TRUE	MS69_SCD_1hr-arrest	2026-01-03-AC251203L11_exp251017_MS69_SCD_6hr-arrest_OD-0.1_polyA-RNA	C	E
2026-01-03-AC251203L12_exp251017_MS69_SCD_6hr-arrest_OD-0.3_polyA-RNA	exp251017_MS69_SCD_6hr-arrest_OD-0.3_polyA-RNA	MS69_SCD_6hr-arrest	MS69	WT	SCD	6hr-arrest	OD 0.3	exp251017								343.24	FALSE	FALSE	MS69_SCD_1hr-arrest	2026-01-03-AC251203L11_exp251017_MS69_SCD_6hr-arrest_OD-0.1_polyA-RNA	C	E
2026-01-03-AC251203L13_exp251017_MS69_SCD_6hr10min-arrest_OD-0.1_Torin-washout_polyA-RNA	exp251017_MS69_SCD_6hr10min-arrest_OD-0.1_Torin-washout_polyA-RNA	MS69_SCD_6hr10min-arrest_OD-0.1_Torin-washout	MS69	WT	SCD	6hr10min-arrest	Torin_OD 0.1	exp251017								89.34	FALSE	TRUE	MS69_SCD_1hr-arrest	2026-01-03-AC251203L13_exp251017_MS69_SCD_6hr10min-arrest_OD-0.1_Torin-washout_polyA-RNA	C	E
2026-01-03-AC251203L14_exp251017_MS69_SCD_6hr10min-arrest_OD-0.3_Torin-washout_polyA-RNA	exp251017_MS69_SCD_6hr10min-arrest_OD-0.3_Torin-washout_polyA-RNA	MS69_SCD_6hr10min-arrest_OD-0.3_Torin-washout	MS69	WT	SCD	6hr10min-arrest	Torin_OD 0.3	exp251017								97.01	FALSE	FALSE	MS69_SCD_1hr-arrest	2026-01-03-AC251203L13_exp251017_MS69_SCD_6hr10min-arrest_OD-0.1_Torin-washout_polyA-RNA	C	E

===== PCA_samples_AC.txt =====
columns: 117
rows: 94
--- header ---
sample	PC1	PC2	PC3	PC4	PC5	PC6	PC7	PC8	PC9	PC10	PC11	PC12	PC13	PC14	PC15	PC16	PC17	PC18	PC19	PC20	PC21	PC22	PC23	PC24	PC25	PC26	PC27	PC28	PC29	PC30	PC31	PC32	PC33	PC34	PC35	PC36	PC37	PC38	PC39	PC40	PC41	PC42	PC43	PC44	PC45	PC46	PC47	PC48	PC49	PC50	PC51	PC52	PC53	PC54	PC55	PC56	PC57	PC58	PC59	PC60	PC61	PC62	PC63	PC64	PC65	PC66	PC67	PC68	PC69	PC70	PC71	PC72	PC73	PC74	PC75	PC76	PC77	PC78	PC79	PC80	PC81	PC82	PC83	PC84	PC85	PC86	PC87	PC88	PC89	PC90	PC91	PC92	PC93	sample_short	experiment	ref1	ref2	ref3	sample_ref1	sample_ref2	sample_ref3	replicate_1	exp_group_1	exp_group_2	exp_group_3	exp_group_4	strain_id	strain_info	arrest	condition	strain_info_condition	strain_info_condition_easy	DNA_ratio	DNA_content_file_name	DNA_per_cell	mean_cell_volume
--- sample rows ---
2025-01-14-MS241219L01_exp241025_MS69_SCD_1hr-arrest_Torin_polyA-RNA	-0.19992250047992097	-0.003496620076756178	0.24580722466470328	-0.14311822649792705	-0.21881787105133316	-0.0019184730870486606	0.11919540385801125	-0.01875225366104459	0.0476793916974384	-0.1304378897346843	0.023954744675949213	-0.004710140379055947	0.08034565606903282	-0.14585953715516933	0.04686740298098789	-0.06613736930959034	0.00393322898016489	0.015561053497097622	0.3258827253073474	-0.09686856564745483	0.02382157293405021	-0.18030133536647502	0.02353966674969338	-0.05832735839602567	0.04079911816120482	-0.2123639823721566	0.09585736979814398	-0.036892535520359176	0.43215217015773416	-0.09567100980439604	-0.07716983277004102	0.4523598831677768	-0.12549437147397471	-0.07583670505931701	0.022284453573504365	0.1896649553452908	-0.12223584853158974	0.024019983927993052	0.03500670123390253	0.07507601335979941	0.02462893403832014	-0.15033606406008604	-0.0236188249144739	0.05929842735333932	0.04109254394128309	0.011102768024417576	0.07316726219848216	-0.0066659965255071	-0.07098044193036811	-0.024225622558417176	-0.02583906576959251	0.02811406902782405	0.07432738068196987	0.020257590665673973	0.053144024467327335	-0.029940059965780263	-0.03858434005590181	-0.019928955606643414	-0.037302261722226754	-0.025196039550866845	-0.028615175298097456	0.023857108141864883	0.018774818610095573	2.0175426651740705e-4	0.011066340151337999	0.01129791203599074	0.015136419804233657	0.03264667258057663	0.0257382972780211	-0.01349241684684414	-0.008110580455456937	-0.008018027713556081	-0.022086875726206576	-0.025905131110780816	-0.04207385481402264	-1.0498308950194613e-4	-0.0035891758167289427	0.012560560543342628	0.008618848148457812	0.01167131610812392	0.02438530212786735	0.021201535777463417	-0.00955046186139271	-0.003674155590172438	-0.026279802060171265	-0.001625859595143153	0.021166242643839064	0.00619803603629834	0.0044272399382555136	0.001651700767245894	-0.010619890089787662	-0.005906852557187776	0.015687917985164508	MS69_SCD_1hr-arrest_Torin	exp241025	FALSE	TRUE	FALSE	MS69_SCD_1hr-arrest_DMSO	MS69_SCD_1hr-arrest_Torin	MS69_SCD_1hr-arrest_DMSO	rep1	B	B	B	A	MS69	WT	1hr G1 arrest	Torin	WT_Torin	TORC1 inhib.	0.851995144	exp241025_MS69_1hr-Torin_G1-arrest.fcs	1.420873529	66.34
2025-01-14-MS241219L02_exp241025_MS69_SCD_1hr-arrest_DMSO_polyA-RNA	0.10736244208191137	-0.021923959623920457	0.13315446486765256	0.011587006471569003	0.020223950027242116	0.09158145187359444	-0.06387542554075976	0.016012945104070142	0.06815938150774534	0.025276978986341552	0.035146785648028256	0.00673972377519223	0.17663561470176478	-0.25211267307642976	-0.06013085061107674	-0.18305674846919454	0.08549027598021836	-0.16186518452482818	0.05960819456158113	-0.10732030574883954	-0.06984596031335046	0.12916543302542036	0.041101928593753154	0.09406730961106466	0.0360372869843356	0.12529988958704202	-0.0174076944450109	-0.027483987533321957	0.16324787990764347	-0.04494045253236938	-0.32012316077636077	-0.19991766176405149	0.31772275023770813	-0.4514915274895967	-0.028968266764057747	-0.279823859935717	-0.038836412820733	-0.010666382813269204	0.05640980831826608	-0.1500669631317282	-0.1122778778895386	-0.0696109321590455	0.013512966055370328	-0.10040830422634829	0.09301852697065026	-0.06523945563247902	0.20425755184272443	-0.0455367490100259	-0.08312227781750459	0.061699566057412836	0.012824978559373118	0.016340074872621506	0.010055080651372034	-0.026662948384768403	-0.07274087603379766	-0.054648839190031065	-0.012149868036445414	-0.09524086553631153	-0.020951431423390787	-0.004208849098479257	-0.020448243044034226	-0.048430017176425505	0.025683290960512244	0.025974388619928533	0.01703073428337135	-0.03050504094837824	0.037055815046409354	-0.00677083120212971	-0.022745908790414965	0.02150228949090587	-0.020499733082916544	-0.0017946761108983515	-0.01882023656287544	0.034877375476430196	-0.038335854108621906	0.02534812301736528	-0.06306543112104704	-0.027867359934715442	0.020440249035033657	-0.01774258153352148	-0.022608062349072706	0.020989093368949788	-0.005001615137998452	-0.019968165110576516	0.02015729600168764	-0.025878533211528557	-0.015880008765317657	-0.04477781782410899	-0.007398900574852111	-0.018456020354655912	-0.006196867960688744	0.020880930549311734	-0.014616060298408323	MS69_SCD_1hr-arrest_DMSO	exp241025	TRUE	TRUE	TRUE	MS69_SCD_1hr-arrest_DMSO	MS69_SCD_1hr-arrest_DMSO	MS69_SCD_1hr-arrest_DMSO	rep1	B	B	B	A	MS69	WT	1hr G1 arrest	DMSO	WT_DMSO	WT_DMSO	0.884606202	exp241025_MS69_1hr-DMSO_G1-arrest.fcs	1.306024165	67.24
2025-01-14-MS241219L03_exp241025_MS69_SCD_4.75hr-arrest_Torin_polyA-RNA	-0.18960281216569144	0.21263679252953138	0.11132187142721373	-0.10174761911585267	0.20029837281202764	0.16668644705053418	0.06761747608363035	0.10500911358947652	-0.14843031291435	0.1993412934937548	-0.02801715082356933	0.05395608594187435	-0.04498692581981574	-0.25210802100682883	-0.16471040246698015	-0.12297079109415106	0.15081439374997113	0.08930171991665564	0.08303681706633173	0.24549975062205331	0.13067478333775479	-0.298288665444219	0.1551464394552819	0.03149134088400522	0.25145407396269764	-0.11840926953950948	0.1947889363042234	0.21628685653115245	-0.12196569163358364	-0.10322159537524093	-0.005740228823078824	-0.28549780740762887	-0.19033493642762603	0.06922850330066811	-0.19053293536357435	-0.07084346417737798	0.007534412639240838	0.1580705930137691	-0.02580790873155966	-0.01871461580928413	0.0505150131764799	-0.08202570831690995	-0.03754573884844141	-0.0040595177010448735	-0.045955720759428734	0.006821131929558954	0.06362276892975723	2.1779406120291589e-4	-0.01891258883498309	0.040351002474279654	-0.023283232308306888	0.03967127738666548	-0.012224913027511355	0.024057189893770592	-0.004092904663903645	-0.028178494503092	-0.03813087415612773	0.014724177580780633	0.02783321813383704	-0.0022456039962443775	0.026248127184255635	0.017034260792455274	-0.00328829254370754	0.030799044170315013	-0.0025973758617885913	0.035109966053797376	0.014434832375374783	0.02740542237569015	-0.0081340015510935	0.03191302674306198	-0.014525228082492498	-0.020035069862684694	0.01346048071880055	-0.011283572686766637	0.001427437524297406	0.011594174307302718	-0.0038279156532625386	0.007762565238365747	-0.0032944968937881802	0.002230629055186003	-0.00299023323751791	-0.005791115162663991	-0.0065108588615973816	-0.0027840306849692747	0.03037438054288731	0.011470365698518808	0.0036117043963906467	-0.005358943368389586	-2.361893237918585e-4	-0.014148814329963287	0.008157024939794854	-0.0034974857085231397	0.0018902261256901962	MS69_SCD_4.75hr-arrest_Torin	exp241025	FALSE	FALSE	FALSE	MS69_SCD_1hr-arrest_DMSO	MS69_SCD_1hr-arrest_Torin	MS69_SCD_1hr-arrest_DMSO	rep1	B	B	B	A	MS69	WT	4.75hr G1 arrest	Torin	WT_Torin	TORC1 inhib.	0.299649802	exp241025_MS69_4hr45m-Torin_G1-arrest.fcs	1.001783513	240.3
2025-01-14-MS241219L04_exp241025_MS69_SCD_4.75hr-arrest_DMSO_polyA-RNA	0.009503325397639328	0.14190924588727988	-0.003640720982161505	0.08405434864172524	-0.046188735557202154	0.03677908517596902	-0.03232578310094056	-0.046505790009244194	0.09612973651107418	0.02535633348525626	-0.019141024428302775	-0.06413868829017366	0.21453585753793789	-0.2959393963250643	0.006933620463536809	-0.3248755951094026	0.05349103414813287	-0.04260495868826636	0.016729566113596196	0.0032550901705056205	-0.015733675897400563	0.07543297094947647	0.11685282631343957	0.0999287847650456	-0.5456608371161247	0.22511185124338962	-0.25250325069945023	0.13497268184765712	0.11588680058177542	0.12658890045463717	0.16892640323823246	-0.06523614468735893	-0.23567013615175528	0.23109635033455256	-0.048151418037274824	0.05884761146307884	0.03681995614195782	0.04168920433771926	-0.0023771670381190473	0.02921653948654477	0.05659595390343558	-0.13710875465778297	-0.045628308917559014	0.0493469661501823	0.027412777704053988	0.004674121084841864	0.008049544925146843	0.0237689206839388	-0.025100484125660627	0.034117211844104295	-0.11352024188239673	-0.038596538972946064	-0.022280768546803623	0.01877558700007614	-0.07375147134069751	0.009344681994967357	0.02052808681452402	0.07154973986578073	0.01273598397959304	0.014758607538645023	-0.014686974768195197	-0.0035682163834155813	-0.012509693754310078	0.025859577624831157	-0.02836519432428751	-0.06784073001927003	-0.012408072030678598	-0.005156764427869652	-0.008478160865573736	0.01162322662338772	-0.009117500636721723	-0.0010824480546013412	-0.006806793413495756	-0.007727485684180851	0.0036643256293695872	0.033660371857396246	0.009261541033669413	-0.024613738957888043	-0.002656482507799881	-0.0029886358094979313	-0.0031652963080870053	-0.010055387410700872	-0.011420833304910305	0.014178517126713239	-0.017052329471654026	-0.005973305724925394	3.721657432727236e-4	-0.015687056872277737	0.0015846730375769257	0.014196856014984428	-0.004151998182361056	-0.0026244006997838965	0.006618752339165048	MS69_SCD_4.75hr-arrest_DMSO	exp241025	FALSE	FALSE	FALSE	MS69_SCD_1hr-arrest_DMSO	MS69_SCD_1hr-arrest_DMSO	MS69_SCD_1hr-arrest_DMSO	rep1	B	B	B	A	MS69	WT	4.75hr G1 arrest	DMSO	WT_DMSO	WT_DMSO	0.31373272	exp241025_MS69_4hr45m-DMSO_G1-arrest.fcs	1.004088844	242.7
2025-01-14-MS241219L05_exp241002_MS69_SCD_1hr-arrest_Rapa_polyA-RNA	-0.15527146067632058	-0.0024140121965757627	0.19831852290594898	-0.04397854891488018	-0.23115645493129794	0.24090318276084705	0.20968128451796136	0.05189102506914396	0.20759074365796817	-0.13118367637059608	0.03241375204807964	-0.10664471397864232	0.14509036866032549	0.3806784009484684	-0.2809057200022767	-0.10071635053324797	-0.2668203684656046	-0.0169227801115638	-0.18851351110295514	0.013147268986775193	0.21965750069149415	0.10754610505416268	0.3949746333156119	0.18306885950644608	0.048306307295274034	0.1642313622752293	-0.0028146429603940794	0.03820063739061185	-0.11771538705443134	-0.16420338190363426	-0.027703921404921124	0.013260647010808868	0.00843738353488209	0.012963777032905629	-0.009015992083703198	0.019420368796387838	0.027527052736504597	0.013981279468469485	-0.010350599836364324	0.009017637979411231	-0.02948192940352109	0.024503741163162285	-0.009525112164360907	-0.009227957141993186	-0.008162592576649193	0.013369639383800968	0.0034639038598118094	-0.05098032662038718	-0.02058472078263133	0.007897658747912702	0.008742262101142666	0.03384689799522536	0.019470715480109202	-0.010512986537580458	0.0223578192419406	-0.008565748629049652	-0.0036043410952535156	0.010738390022663353	-0.05100467423699123	0.014055502182584948	-0.013002756338633589	-0.008610392963360698	0.02239648028792956	-0.008572763318760038	-0.0010081081556107471	-0.00469340537417849	0.002603314936209308	0.027717400899930425	-0.02601920136984283	0.020370938897560496	0.007704247981769526	-0.013306487627722675	-0.003183044429746283	-0.04040179004634702	-0.01116175840051031	-0.012413268376844021	0.013570457888855816	-0.0015115586500941023	-0.008836973503912611	-0.016177081748420145	-0.015211552351613474	0.017344943954709657	0.01678165060851145	0.007178628699850704	-0.010050576467088465	-0.001133480314346212	0.02252282162600905	-0.005727422800761163	-0.01710825486062435	-0.009523172950137772	0.006565077780522045	-0.003235845261387809	0.01765260900560862	MS69_SCD_1hr-arrest_Rapa	exp241002	FALSE	TRUE	FALSE	MS69_SCD_1hr-arrest_DMSO	MS69_SCD_1hr-arrest_Rapa	MS69_SCD_1hr-arrest_DMSO	rep2	B	B	B	A	MS69	WT	1hr G1 arrest	Rapa	WT_Rapa	TORC1 inhib.	0.798164102	exp241002_MS69_1hr-Rapa_G1-arrest.fcs	1.23983372	66.40407
2025-01-14-MS241219L06_exp241002_MS69_SCD_1hr-arrest_DMSO_polyA-RNA	0.0903990408479851	-0.037426425663559804	0.12110706517517476	0.0286659233875578	-0.0013194545419930592	0.07371626206339019	-0.06985658211887241	-0.0037539093523661082	0.025777538056191374	0.05037863676470683	0.016982822128225807	-0.04984075170187051	0.07283358835869426	-0.1367002877089957	-0.07521177759817314	-0.09865469545970275	0.06743469684855917	0.019991743417101214	-0.012556924210476411	-0.029443975887602964	0.006331781482279473	0.018834153582069392	-6.379369543246479e-4	0.0345899584678784	0.14704592872643138	-0.01898797430194333	-0.029283603878311755	-0.03935832235754073	0.07205825539039075	0.009318001865549746	-0.1764888394750786	0.00873933463469806	0.033011642064639975	0.16503387235168873	0.1737377060778537	-0.05699324465237274	0.03680093024715836	0.09872804473698737	-0.025583696507579384	0.202085411065349	0.06744077425702702	0.18195569511868423	-0.20861903617204344	-0.09808781810314007	-0.24564730185667688	-0.13142173409444774	-0.3747681343285458	-0.15581603945620354	-0.19960182397344703	-0.45416383464894355	0.05354990713380318	-0.18494202052113404	-0.024266958412009963	-0.023159531497277973	-0.09542599357254797	-0.035685226707949436	0.19740220729842298	-0.006482727052150691	-0.041075511247299884	0.01927421574301046	0.07506115876737408	0.04291036266716914	-0.07750068816934512	-0.07035660643376185	-0.060115471925461184	-0.026940709327115175	-0.044316920072229204	-0.09602830447436564	0.06269654768569724	-0.0428243583916339	0.02782826750472675	0.0027400158062228144	-0.00792283666258602	-0.015963104592614224	-0.018862526415879335	-0.011360605572665876	-0.12167132711619771	-0.016832129141387656	-0.010519845188382374	-0.01006267177642471	0.030140676422470248	0.04349318273692075	0.06795387794230336	0.004901930906219844	0.022417673130403912	-0.01531492787735563	-0.04635637547899249	0.003249656398164689	0.00856732936385095	0.005074370482507104	-0.01862839995483314	0.0053303451947940865	0.011417426442439732	MS69_SCD_1hr-arrest_DMSO	exp241002	TRUE	TRUE	TRUE	MS69_SCD_1hr-arrest_DMSO	MS69_SCD_1hr-arrest_DMSO	MS69_SCD_1hr-arrest_DMSO	rep2	B	B	B	A	MS69	WT	1hr G1 arrest	DMSO	WT_DMSO	WT_DMSO	0.72654178	exp241002_MS69_1hr-DMSO_G1-arrest.fcs	1.24896019	66.05176
2025-01-14-MS241219L07_exp241002_MS69_SCD_4.75hr-arrest_Rapa_polyA-RNA	-0.16144643429264752	0.1856078160868282	0.0849661295223591	-0.02560558114677057	0.03526907874017983	0.32104909612676386	0.06223447674764601	0.1146855253272779	0.0013624779958023754	0.12697967859215775	-0.12425039729895329	0.10265236765681557	0.24656179545686413	0.15741517268695984	-0.23999949640861493	0.16158946504649166	-0.1605424094190588	-0.23847530362310437	-0.10439049526798114	-0.33179274376927254	-0.38248742954286546	-0.12188336555853176	-0.38824923698205155	-0.06815552049297911	-0.045848447490809796	-0.09964937871562352	-0.013740283717894887	0.010183368844950412	0.022572402568244256	0.13990991322756216	-0.0484781850271722	-0.07171759522972278	-0.08008806852242167	0.09756944740494687	-0.07402041420781529	-0.014957147974209165	-0.00391630460592287	0.04198774719253617	0.0428131842809768	0.02102768182344081	0.0057076870648732955	-0.011530337133067378	0.01204875490967456	0.016845802573851567	-4.630095659774562e-4	0.046237539625798574	0.02668675911725201	-0.00789336718436363	-0.041195982511832645	0.01191635103198962	-0.016529556263443435	-0.0339440089755809	-0.031121494747786253	0.03189324312897655	-0.005421458015902148	0.0037435732138364694	-0.0032663533032897714	0.0028502255076616138	0.0068222763542391315	0.0020005768687537274	0.014519990950679476	-0.0073914894248706285	-0.01058496375170221	-0.01922914557548196	-0.010187175082669604	-0.010107141990323632	0.0036977512988481086	-0.031725748345638856	0.005236930789100385	0.02178936664378037	-0.007962463062578938	0.016102543969482817	-0.00801493043787634	-0.0018460136636689259	-0.0025072864515326004	0.005716233879401567	0.008775856337595303	0.0033902677997959298	-0.008539018642262076	0.012390353743160044	0.007678224793151441	-0.014678257094295079	-0.0030788722524252602	-0.0038883609767253716	0.010862029530828588	0.0071460461664047265	-0.015462296189013831	0.010436307479694899	0.009051639691975965	-0.008170826851226614	0.001902857466762698	-0.007971295657284886	-0.0023919052075609282	MS69_SCD_4.75hr-arrest_Rapa	exp241002	FALSE	FALSE	FALSE	MS69_SCD_1hr-arrest_DMSO	MS69_SCD_1hr-arrest_Rapa	MS69_SCD_1hr-arrest_DMSO	rep2	B	B	B	A	MS69	WT	4.75hr G1 arrest	Rapa	WT_Rapa	TORC1 inhib.	0.250728084	exp241002_MS69_4hr45m-Rapa_G1-arrest.fcs	1.00118499	255.09529
2025-01-14-MS241219L08_exp241002_MS69_SCD_4.75hr-arrest_DMSO_polyA-RNA	0.0031156810632498597	0.1218659509604536	0.003406226497419014	0.09473802139749725	-0.08710373982819368	0.041679185984387565	-0.05824465215041341	-0.02999771578482808	0.021037159493200546	0.014381189405488257	-0.016653868217834794	0.030799723756918723	0.1481720437069345	-0.15503175220503196	-0.013652626991761355	-0.18696660324405256	0.01677265701084907	0.012733760472843875	0.0067042080083092315	0.01969409142469164	-0.0589998827502778	0.04321980175549481	-0.05510509385497388	0.010286871013680178	0.04697523928073885	-0.13062120825890083	-0.06816975205634325	0.033275474167444474	-0.08892547150235658	-0.18796436492294463	-0.005760272953707011	-0.01987331215582537	0.05989471060790087	-0.028386218218719474	0.08033590008603107	0.2934824950771515	-0.21632136270529678	0.04450217623495064	0.06095585357528634	-0.164738804560571	-0.16488503843094876	0.6558336307035745	0.017184493923864026	0.22840830160738093	-0.08834506643855725	0.022435796074413518	0.030854330336794182	0.06519978154893687	0.20179023503478588	0.09519762059480952	-0.03454866449672152	0.08346440692042353	0.03159223314423097	0.06478145428002247	0.050634336559904763	-0.07400046623361078	-0.02633355001570936	0.09404022807462982	-0.050190223956190494	0.003974559118055623	0.0022673080278296787	-0.015176539915856307	-0.0161785867862367	0.030484318163496206	-0.026282664090196743	-0.01762329479835232	-0.013170677829474745	-0.054341483563742216	0.04252755218202666	-0.05414795109429964	0.03414164973188224	0.0058295122280411695	0.00986394925811377	-0.008697575408418621	-0.012447240275823251	0.006013635058028327	-0.0037267767808986177	0.03611776412785384	-0.04001619229548494	-0.011512831586701359	0.036035677573163616	-0.019024511881685347	-0.014982286756322885	0.006552136789591431	-0.009396526788190921	0.023486151546429346	-0.009779227742326774	0.018691519901610023	-0.00493432499431854	0.009740873541429013	0.011735237795795904	-0.006667672913387726	0.010325375788817549	MS69_SCD_4.75hr-arrest_DMSO	exp241002	FALSE	FALSE	FALSE	MS69_SCD_1hr-arrest_DMSO	MS69_SCD_1hr-arrest_DMSO	MS69_SCD_1hr-arrest_DMSO	rep2	B	B	B	A	MS69	WT	4.75hr G1 arrest	DMSO	WT_DMSO	WT_DMSO	0.308205762	exp241002_MS69_4hr45m-DMSO_G1-arrest.fcs	1.00074858	265.60174
2025-01-14-MS241219L09_exp241010_MS756_SCD_1hr-arrest_PhIAA_polyA-RNA	0.192686685580594	0.05272743245187307	0.11694175008705684	-0.10147334806680681	0.1111574170855227	-0.046253036291613384	0.1305044796178918	-0.06332353199326159	-0.04859953732547273	0.12374737753449416	-0.1959697289588005	-0.1793068221033706	0.10418777196204365	0.14323162831169228	0.027177933581540373	-0.22136809466498747	-0.10094124128826823	0.12649580558637477	0.06149586980664523	0.03580367749118056	-0.13712998820023978	0.1618677009612595	0.046682454547171015	-0.1202168299185597	-0.018504877921815332	-0.2606470526040627	0.07175138296188557	0.07711418959834787	-0.06529389846415169	0.1229140762443971	0.12691994212195826	0.05833844994616724	-0.1239833416503303	-0.22334693430547992	0.32628308352961144	-0.059806168878732593	0.3746428338616574	0.29610810284096317	-0.018606851609610554	0.010552658145447577	-0.1251883804260614	-0.01426654558630952	0.1438870842288181	0.051817271068682086	-0.05755980339722945	-0.12827466246956443	0.07989573207533567	0.16012095594024073	-0.033310691902392546	-0.0020541829092499617	0.010667115469470245	-0.019986391349648976	0.013451760497764531	-0.048492952655240895	-0.01209626453280653	0.04117244053182414	-0.014505703296351188	-0.004214525566676321	-0.022962898850669114	-0.04071517804113596	-0.01077301158431402	-0.019071554277362325	0.04853238105405598	0.017218464442493555	-0.0178005918940722	0.021790527015329204	0.018906723473918835	0.015126835610253901	0.010742215191903576	-0.007792963219147745	0.06364733419624585	-0.02435307505980292	-0.0036501956267018243	-0.00643845363208162	0.02530107488898943	0.013459717984973746	-0.019137177251593106	-0.008017007269331782	0.009498752852835215	-0.024280379629255756	-0.012984993922934611	0.011951238195340184	0.052639914554017765	-0.03128289994811931	0.006196523818278288	-0.005533741238918262	0.026294950508494914	0.013148799646648147	0.014991042399311899	0.007215702773522482	-0.0024299238207736162	0.005405190040450042	0.014582766906289634	MS756_SCD_1hr-arrest_PhIAA	exp241010	FALSE	TRUE	FALSE	MS69_SCD_1hr-arrest_DMSO	MS756_SCD_1hr-arrest_PhIAA	MS69_SCD_1hr-arrest_DMSO	rep3	B	F	B	A	MS756	AID-Bcy1	1hr G1 arrest	PhIAA	AID-Bcy1_PhIAA	PKA hyper.	0.712244463	exp241010_MS756_1hr-phIAA_G1-arrest.fcs	1.204267945	66.91
2025-01-14-MS241219L10_exp241010_MS756_SCD_1hr-arrest_DMSO_polyA-RNA	0.09497658184851424	-0.034102194871763594	0.12192864304340731	0.03469634405528294	-0.0073090075428850635	0.07039052178068493	-0.04764918216789285	0.022633524599916827	0.007700722244294245	0.01794845928298705	-0.040803795170354734	-0.1820297461112799	6.934396684221689e-5	-0.06705270925073625	-0.06165350153546009	0.010599700379038457	0.04564445607199066	0.07349570373739994	-0.07650121102713399	-0.04459903363994082	0.055502003350179824	0.0028443692463256676	-0.020344018233968687	3.659260507486023e-4	0.0027897882849756625	-0.08218669609044385	-0.09444827789006113	0.03547458784094666	0.06746856824709213	-0.015564483421641483	-0.06347668489467792	-0.017001670371567516	0.06175736026563517	0.1197928412168186	0.10497478918084074	-0.05598665367619914	-0.14091984711683603	0.15119901349264628	-0.05287602497024022	0.10875130727177884	0.44810584233220163	0.15106907467615124	0.10219908945198937	-0.3079636400067565	0.36316794952415965	0.18150803995059497	-0.008813171522258315	0.35688155548228284	0.09018646241701565	0.07578561956202143	0.2600608210667265	0.09316143141844119	0.014143175459927437	0.04411520206768971	0.04870423073936779	0.1686143315607469	0.013759377684169488	-0.029023138329138755	-0.10189556067791045	0.01789973854496702	-0.012838542049731498	0.01948836890005687	0.04162625980197796	-0.03956921850366518	0.025388940483078094	0.030868796923365808	0.025245540485925554	0.013560705635711448	-5.409506604857478e-4	0.03248971623674542	0.062867413719362	0.0016643950265708349	0.020587848924862984	-0.03226729072230613	0.010503744041745144	0.014484753997171777	-0.049166152873046966	0.020721808043169757	0.0544142986126381	-0.011469081700352081	0.004506447400369304	0.04852498203965733	-0.01952617674660056	-0.06185860910468258	0.033842076873926194	0.04725988346493373	0.012938305498067376	0.02115786764795326	-0.002914218932918995	0.002915195509806229	-0.0023696489670038193	-0.0462757727322481	0.0050891866160139715	MS756_SCD_1hr-arrest_DMSO	exp241010	FALSE	TRUE	FALSE	MS69_SCD_1hr-arrest_DMSO	MS756_SCD_1hr-arrest_DMSO	MS69_SCD_1hr-arrest_DMSO	rep1	B	F	B	A	MS756	AID-Bcy1	1hr G1 arrest	DMSO	AID-Bcy1_DMSO	Control_DMSO	0.71835053	exp241010_MS756_1hr-DMSO_G1-arrest.fcs	1.196641856	65.33
2025-01-14-MS241219L11_exp241010_MS756_SCD_4.75hr-arrest_PhIAA_polyA-RNA	0.18662217890393498	0.21115278427770934	-0.021310807895495158	-0.12228400348646222	0.0016389290484326994	-0.008556940859559159	0.22525637837150977	-0.18190248554745736	0.0038118113411814147	-0.07171102726392667	0.024253678633113784	-0.10170694412794234	-0.04490567700559715	-0.16586091724039065	-0.027620610271310107	-0.019005818204829203	0.03172636636218302	-0.22756129138640036	-0.10754492682480171	-0.19977717450789986	-0.03385344645623245	-0.003879424367454928	0.09212229946441307	0.09067755314574899	0.30550596134499985	0.06811675839565633	0.12153459130901767	-0.26155354680176857	0.1739605943746146	-0.016060746505050787	0.5343595328126948	-0.15051609184014816	0.2101927022246412	0.14700274522490334	0.11588896018266198	0.03998036914552449	-0.10794168634499747	0.008984367796145459	0.015764596844979748	-0.006216032058805672	0.013410566049638546	-0.10266093451251586	0.020462235200538675	0.04377816825013992	-0.07633526628236312	0.018970390698312013	6.280260802585119e-4	0.07740889517377374	-0.008640896771406864	0.04691835630823761	-0.020268978428740016	-0.05914905148988335	-0.006067082777779315	-0.0028385767488766298	-0.015415196532832312	-0.012191056315326583	-0.02594165053549946	-0.013363844956052369	-0.030478302689579788	2.424543706571608e-5	0.023314820560957655	-0.0035018792344194416	-0.0100385398134381	-0.0021301840200421258	-2.0851348741593445e-4	0.021752426352079773	0.032591334610221886	-0.013354212490574113	0.008354029681510972	-0.011942803445389883	-0.010105142104732501	0.0053825920114882846	0.011621269646157062	-0.004698310520913476	0.005846136469127822	0.0280736409994271	-0.0026561013709909456	0.002147686078116655	0.008348423854058915	0.016289687713871626	0.014085591803423558	-9.548293051564599e-4	0.014652662051152898	0.007153791697754649	-0.013370988854583044	0.008992686110711818	0.011723815387240613	-0.01641315631570404	-0.025520144030431666	0.004983285477306597	0.005316482908630876	0.010593132575366086	-0.008005590381376937	MS756_SCD_Large-G1arrest_PhIAA	exp241010	FALSE	FALSE	FALSE	MS69_SCD_1hr-arrest_DMSO	MS756_SCD_1hr-arrest_PhIAA	MS69_SCD_1hr-arrest_DMSO	rep3	B	F	B	A	MS756	AID-Bcy1	Large G1 arrest	PhIAA	AID-Bcy1_PhIAA	PKA hyper.	0.217089339	exp241010_MS756_4hr45m-phIAA_G1-arrest.fcs	1.001724589	268.5
2025-01-14-MS241219L12_exp241010_MS756_SCD_4.75hr-arrest_DMSO_polyA-RNA	0.06572984352456195	0.15288159830512618	-0.0011576402268671537	0.02870762972630604	-0.12085948691661308	0.04087120112577647	0.013040008177605245	-0.02654883888326009	0.04203796067896641	-0.0437113793640618	-0.0679221884826238	-0.027357000503779365	0.036886805494579455	-0.052397579385958265	-0.04499618197430188	0.04741242209172939	0.09730825388684995	-0.034203440938538957	-0.10230483533185053	0.03964494933156202	0.21710036286894724	0.11065702507218583	-0.06716572432681904	-0.11118551539981314	0.08082588002991199	-0.38378402186542016	-0.2082660133262246	0.33719751035505285	0.03203736627591319	0.02377765214051037	-0.03500661200358369	0.058688124679162526	0.265991080037208	0.2028873464374068	0.043295750276213615	-0.12241219559221289	0.1762660660545643	-0.32560451503823934	-0.031119097806201833	0.12008653601239727	-0.23239817425595158	-0.1261980920184172	-0.2454743981521828	0.0243673692721358	-0.032136720443729214	0.1891906693366621	0.0537369292864468	0.13021263937060615	0.0015899279915118497	0.11406441800544201	-0.0336697878322217	0.08221728780527938	-0.017028283457131088	-0.06704644878001986	-0.05157406641322092	-0.0932191165941237	0.027971466175140944	-0.0025596583179949006	0.02334414226425973	0.00857495885091978	-0.023440658678059556	0.028815539096509052	-0.0063046681185622636	0.008129666579105216	0.03944778929091569	-0.01043723888954011	0.011574012147963164	-0.016759430518433885	0.005415535791069848	0.007377875964745144	0.017744211159767233	-0.013455267711096574	0.0016339052955781433	-0.008114280983157252	-0.03252011325335982	-0.013242035807233163	-0.029171742562154622	-0.03336120009751763	0.0023761854991777576	0.044661831301621144	0.02231711658400931	0.036200052324317555	0.028776493961550374	0.012930448161097405	-0.021722918943381242	0.007466571976725581	-0.0075489381240881614	0.018778676775394604	-0.014606328120530553	-0.013093481372698942	-0.00729167113429411	-0.007312804534870387	0.004787586982616263	MS756_SCD_Large-G1arrest_DMSO	exp241010	FALSE	FALSE	FALSE	MS69_SCD_1hr-arrest_DMSO	MS756_SCD_1hr-arrest_DMSO	MS69_SCD_1hr-arrest_DMSO	rep1	B	F	B	A	MS756	AID-Bcy1	Large G1 arrest	DMSO	AID-Bcy1_DMSO	Control_DMSO	0.210507509	exp241010_MS756_4hr45m-DMSO_G1-arrest.fcs	1.001377232	273.3
2025-01-14-MS241219L13_exp241010_MS791_SCD_1hr-arrest_PhIAA_polyA-RNA	0.0880935609957385	-0.03273338834408419	0.12125993016595857	0.03173867122937561	-0.0055624158948079745	0.06977751045005037	-0.04347053603087598	-0.0323211680578383	-0.13293940035207374	-0.06484166091497812	-0.031000277764332562	-0.207824491328681	0.04697184605681971	0.08789878898065906	-0.03350489210121785	0.053090513198808365	0.20519222388541397	0.13120847813178763	-0.153542153710455	0.03570911991981912	-0.1256217975294626	-0.06970993351612534	0.10691399289210199	-0.15358141344248497	-0.05381254818275444	-0.04834564295480477	0.004399908502746455	-0.047086077500450706	0.03897744569060005	0.007781574095736578	0.17447269935554616	0.06624328662809606	0.026518125387477512	-0.06266968109659939	-0.25582910387272983	-0.03388203514904435	-0.047575319629772336	0.097984441172175	0.18958786613747178	0.08388299039908317	-0.14354908648942685	0.12026621806743698	-0.3696908839805025	0.02845025737521779	0.256377064516297	-0.09766162464116693	0.08846458147610506	-0.25489884467762536	0.08637060148720722	0.08865393767572738	0.10712202221085775	-0.26848259108415296	-0.15856431675328755	-0.024698854803708224	-0.01672031566594216	0.18754731994884902	0.039597792301910475	-0.03802729592605106	-0.03155557944345917	-0.16161781478183407	-0.11421150084470412	0.0893867672054864	-0.031156952150344343	0.0866598848496946	0.0033200005845993377	0.002161130604717284	-0.0446740292206209	0.09426739400726357	-0.06453978673173451	-0.05466723917120283	-0.035303021976672525	-0.08256345777759785	0.036945078390482486	0.010171124686977312	-0.0054877110799050055	-0.017849963761236785	0.0033295545340115166	0.0284341768349147	-0.019448681646002323	0.02089529716830171	0.05887006988454232	0.03345311777616499	-6.077522611506285e-4	-0.011477171166379656	-0.013246170363474821	-0.016203754502993856	0.01634128750151749	0.028952460953892027	-0.014750781356203646	0.016684527238165558	-0.01941158182661218	0.022171666060712004	0.020115466204679813	MS791_SCD_1hr-arrest_PhIAA	exp241010	FALSE	TRUE	FALSE	MS69_SCD_1hr-arrest_DMSO	MS791_SCD_1hr-arrest_PhIAA	MS69_SCD_1hr-arrest_DMSO	rep1	B	G	B	A	MS791	Hog1-AID	1hr G1 arrest	PhIAA	Hog1-AID_PhIAA	Hog1-AID_PhIAA	0.819120204	exp241010_MS791_1hr-phIAA_G1-arrest.fcs	1.202668816	66.31
2025-01-14-MS241219L14_exp241010_MS791_SCD_1hr-arrest_DMSO_polyA-RNA	0.0720023140158133	-0.034951073518216344	0.11538589529034796	0.046095898497282864	-0.020387683169223604	0.06828241563119866	-0.06563787252736641	-0.05813634985858712	-0.0649087273889944	-0.009094663581765333	-0.0019338303067143459	-0.2767362667981119	0.10829261540823804	0.029959020910869924	-0.08981140230723333	0.0963712136984593	0.22112178029408244	0.12152381257409134	-0.133939879754915	0.08253568368364686	-0.16734969346662026	-0.1386068203002564	0.0977615842559385	-0.20032355352167291	-0.07355353360467994	0.08485679517842312	-0.07207078006499958	0.038612059031631694	0.04620918854634748	-0.06554877918676874	0.08975606450036136	0.009916410377718177	0.004842166714578329	-0.2111906131074823	-0.1760424797482191	-0.03894659794381841	-0.08106653787426751	-0.22012150508887757	0.10944603187082322	0.12246483199479843	-0.04887490596962335	-0.04001414856538679	0.37467154803101105	0.08560055564818947	-0.31268150588061067	0.13205055572644514	-0.19716082503496762	0.12116693246823804	-0.16851373266963415	-0.06054350418958644	0.10910651566587515	0.19738669066964082	-0.014118404075100711	0.10851919274427288	0.07233692000202717	-0.07849298644701658	-0.016610278409835054	0.06746200366417163	0.03503151912220425	0.03224169516278013	0.0794207903693373	0.06769135019243558	-0.009021979311795787	-0.017927970114750114	0.0015862629602538016	0.016702525446922842	-0.017353460386479825	0.05407530677817325	0.007138035175623114	-0.046643727879523623	-0.06351717455340745	0.007051034669010428	-0.0039032392081935624	-0.05789683360913818	0.018608989365422046	0.07708995256401384	0.005135792638812005	-0.05794728339323587	0.026761294617127403	0.04013419460192674	0.0048538159637596945	0.002154410635479359	-0.041697989826302344	-0.021589756661316302	-0.007650049782578244	-0.029325275599486764	0.02203880490299806	0.001731153596572714	0.006095298657096942	-9.188189589604163e-5	0.007015419668991718	-0.04600793580419184	-0.004773919560650458	MS791_SCD_1hr-arrest_DMSO	exp241010	FALSE	TRUE	FALSE	MS69_SCD_1hr-arrest_DMSO	MS791_SCD_1hr-arrest_PhIAA	MS69_SCD_1hr-arrest_DMSO	rep1	B	G	B	A	MS791	Hog1-AID	1hr G1 arrest	DMSO	Hog1-AID_DMSO	Hog1-AID_DMSO	0.682510206	exp241010_MS791_1hr-DMSO_G1-arrest.fcs	1.159358022	65.88
2025-01-14-MS241219L15_exp241010_MS791_SCD_4.75hr-arrest_PhIAA_polyA-RNA	0.02602006812505878	0.07341136220948943	0.021529251737636732	0.09100421280819483	-0.12487848116511359	0.08512324076601789	0.03218095017725905	-0.06820669324679457	-0.31574918873664426	-0.1056885442771206	0.05350178369488401	0.010415748884796502	-0.07985142851633328	0.15345152174575624	0.050652037683364556	-0.1488318614641133	0.22213834220441273	-0.12502532234964936	-0.06670830860003196	-0.15064099628110877	0.06818272156204605	0.05701277463368942	0.13520548893922743	0.0394948424320276	-0.15202085430775636	-0.17046830478351974	0.2449509879678794	0.06621808435518572	0.010467034255774693	0.24754064599850698	-0.20031609263344907	-0.14028976490338188	0.029530249930922195	-0.08018855867804242	0.0578302040411421	0.21096344906234368	0.037409979917947866	-0.026806327499103985	0.1316497894335787	-0.1727397342221305	0.20061942017400364	-0.04098972150534974	0.05269992819405959	-0.046625297787776535	-0.12893020817494055	0.24859826490140552	-0.1703889473257935	-0.07897540925521625	0.11904715299334595	0.025646113227843877	-0.07448071921076171	-0.18615565917987217	0.17716852800391777	-0.14639531423813254	0.08676111821306771	0.028757192175787406	-0.016054366308040278	-0.03596518720256872	0.061433768581784585	-0.08107928691307902	0.016183175094435853	0.040497224592890874	-0.019993767452818546	0.017751604963124668	0.04792431012169188	0.01500975462420474	0.02449065786157362	-0.0015401313433874714	0.013945537407481112	0.019659349139990297	-0.0645920645836526	-0.02889353610299126	0.020903926112093484	0.017343843965077488	-0.07188660213196434	-0.0353111480167935	0.050009103773420646	-0.05783991176523529	0.0034284305676832577	0.03875348954231927	0.07312396479907335	-0.010868461943922894	-0.04924972902521853	0.006670656114294994	0.03318794174288839	-0.007044445114741129	-0.011639110742125813	0.014621237415318553	-0.04168315461723196	0.0059987711945685505	0.01396725891811898	-0.01120702487263998	-0.009093948487647968	MS791_SCD_Large-G1arrest_PhIAA	exp241010	FALSE	FALSE	FALSE	MS69_SCD_1hr-arrest_DMSO	MS791_SCD_1hr-arrest_PhIAA	MS69_SCD_1hr-arrest_DMSO	rep1	B	G	B	A	MS791	Hog1-AID	Large G1 arrest	PhIAA	Hog1-AID_PhIAA	Hog1-AID_PhIAA	0.228023271	exp241010_MS791_4hr45m-phIAA_G1-arrest.fcs	1.000370596	215.1
2025-01-14-MS241219L16_exp241010_MS791_SCD_4.75hr-arrest_DMSO_polyA-RNA	-0.02448059372926048	0.08979819583211293	0.019581436003065382	0.11361478070065509	-0.0867267782529313	0.10931793124247349	-0.07731471737419636	-0.13531342440849442	-0.208581247616141	0.016191115665250264	-0.06354502500097724	-0.05210438748111524	0.06871172359296052	0.1391912703145547	0.17899304680550107	-0.01607544913301706	0.1111425334027269	-0.1250049567037428	0.04541512219416269	0.03511294414629987	-0.11340404106492132	-0.047035896287587406	0.04971479763695073	-0.0489160852065271	0.041658269177409814	0.09484768880185385	0.02354531643434201	0.008954981352786984	-0.08538108326034702	-0.30771400975294166	-0.0619047620017491	0.13697636204146224	-0.1804196121262753	0.1383641884525664	0.3399792884820615	-0.4406429761548951	-0.16291600848421106	-0.15140218043299108	-0.10656887130865939	-0.233523533540004	0.09769058341050572	-0.04625368033882246	-0.11033835095194033	0.11812862286770212	-0.02115702703293843	-0.05661393594368975	-0.03681116587327729	0.015773030062017385	-0.09699395541784996	0.14991846044259982	-0.067707009833144	-0.11052434987826976	0.023415898213213403	0.12040951814341773	0.06701155429779013	0.12935951611417923	-0.056528901175714547	0.025155413119066855	0.020037064597361817	0.02508706591294309	-0.03654971277405973	-0.03452941371090877	-0.025058900869875243	-0.015937166052337057	0.012679916091808874	-0.06784728390150256	0.05058070662719444	0.02167015444202461	-0.02165437320366608	-0.023958116946106	0.10063678219702929	-0.0014978154193874323	-0.031422802760401235	0.006326670328273588	0.014669110383198097	0.02935782722446864	-0.013944188830951694	-0.02638389029288792	-0.02884635196403634	0.009106104670370263	-0.004248659341861916	-0.02713354340132211	-0.010829850892499986	0.01902173919571074	-0.001720432939619071	-0.03164559376711557	0.028371612962606152	0.029911644132986498	0.010390331664738198	0.0057240182198567465	0.008992430895491552	0.002140423733010481	-0.009438947313625448	MS791_SCD_Large-G1arrest_DMSO	exp241010	FALSE	FALSE	FALSE	MS69_SCD_1hr-arrest_DMSO	MS791_SCD_1hr-arrest_PhIAA	MS69_SCD_1hr-arrest_DMSO	rep1	B	G	B	A	MS791	Hog1-AID	Large G1 arrest	DMSO	Hog1-AID_DMSO	Hog1-AID_DMSO	0.234643686	exp241010_MS791_4hr45m-DMSO_G1-arrest.fcs	1.000995807	206.1
2025-02-23-MS250211L01_exp250206_MS791c2_SCD_1hr-arrest_PhIAA_polyA-RNA	0.10801755397599888	-0.050675172285892	0.13989877090012484	0.01139628100647632	0.006737760338925074	0.13250364927156086	0.01492500133427467	-0.023972091805305407	-0.17898065904598426	-0.11638906434274793	0.06539507955112395	0.16685868622811906	0.05329037049974618	0.12734364078035365	0.021179177676118682	0.03519791034874194	0.08285427263572258	0.027008189341963362	0.12320758145939342	0.07368106761134184	0.07954072278055646	0.005596503781637618	0.005554861351129148	-0.09922467349868934	0.052560383791478524	0.139593496017178	-0.10999816093351969	-0.005663019845755143	0.022953269861644088	0.2073718534366229	0.1228676132113736	0.06434162153132529	0.049832632191647096	-0.02977484006534431	-0.10460003977740495	-0.03596157928395533	0.08788121740040508	0.11217669280603133	-0.12834555791220079	0.03482043114335139	0.13778406025854736	0.13999531331620108	-0.18523613712481068	0.1501657087273776	0.015916363817910985	0.08884817173673219	0.06899067433406807	0.020289980525266656	-0.10709211923578117	0.022155645661283932	0.0017550051306233078	0.09470649291306027	0.08206631744961904	-0.04911279210307465	9.747913226843402e-4	-0.16415115270411387	-0.12458987558203018	-0.051747111220984486	-0.09815844471497907	-0.11411593510140529	0.17202081625873933	-0.13587873789289498	0.05872854360033207	-0.10606582477444672	-0.14253899255839164	-0.14997320705806239	0.17087237707508887	-0.20281310279467957	-0.014888564138503743	0.0802503409277793	-0.08862854005706773	0.2432629001739392	-0.022226160690167498	0.0937222566189097	0.1327973528613282	0.1882379368601903	-0.11720988869692832	0.03492165886007782	-0.1269059950836588	0.030918346900649103	-0.06388569567233775	-0.1670949181848714	-0.10085901857871316	-0.05667367418316403	0.04224428630941929	-0.036029679557456444	0.17606124960665315	-0.02404614709413852	0.006470367328662997	-0.13478525113638115	0.013648063565369323	-0.007345777980087766	-0.07032745443903979	MS791_SCD_1hr-arrest_PhIAA	exp250206	FALSE	TRUE	FALSE	MS69_SCD_1hr-arrest_DMSO	MS791_SCD_1hr-arrest_PhIAA	MS69_SCD_1hr-arrest_DMSO	rep2	B	G	B	A	MS791c2	Hog1-AID	1hr G1 arrest	PhIAA	Hog1-AID_PhIAA	Hog1-AID_PhIAA	0.765529422	DNA_content_analysis_AC250708_MS791c2_PhIAA_1hr_exp250206.fcs	1.454243119	65.9
2025-02-23-MS250211L02_exp250206_MS791c2_SCD_5hr30m-arrest_PhIAA_polyA-RNA	0.010449432291595562	0.07335437309205714	0.012712405401378305	0.09669266907808713	-0.11942315369899566	0.07242150254600234	0.052688550748003646	-0.047169555718978504	-0.3291427430882623	-0.10468839536420643	0.11534251029575426	0.08919648015103236	-0.05831564402333489	0.18025783629955705	0.06496266833645192	-0.11243300739193707	0.18443843004414884	-0.008871770832102619	-0.07537119811220619	0.0364679635635332	0.005369294410930672	0.021903848592357333	-0.06425359230256485	0.19517530654663556	-0.035083674149157876	-0.05321916672511626	0.062097155997787604	-0.13142990433699572	0.03672220938281336	0.07575163829599593	-0.12403251607441765	-0.024223558898969738	0.03578460086786664	0.048618335398215216	-0.047486489675341095	0.15426982490799857	-0.03279248350052647	0.07361164964891782	0.013175780259075969	0.0892523883007277	-0.18002617820282213	-0.06029776051138233	-0.02566966824492423	-0.11217332149345163	0.07439875752144517	-0.20662341507224638	0.07206325124349527	0.1980275695752145	-0.15887166675191133	-0.036493586044636886	-0.08272783996456284	0.2077403272581019	-0.32952177015720463	0.2446667146835817	-0.13007130927245517	0.021954725050968845	0.08478635908673329	0.15940563657662718	-0.005658128163207175	0.16517334472671835	0.09858404143775493	-0.1391147806695495	0.10595377022510999	0.02678311093093053	0.05444165317134356	0.0015494894758719758	-0.007497807309083327	0.11046891794206669	0.03395435515470901	-0.04472512668171674	0.14815252409254162	0.05883375628001088	0.02838760468838134	-0.08555540735903053	0.07399711992769681	0.017516749126125847	0.001908468808762099	0.0776070378028119	0.01067820238403774	-0.009694449177668079	-0.05963807002028608	0.016524659268097645	0.1047078017425851	0.014204036404159865	-0.004454493422863595	0.013834546588733275	-0.027617972295784637	-0.020891490461586483	0.046754830678646525	-0.027240543000111334	-0.023133250043765458	-0.015344073824200034	0.03813230628624398	MS791_SCD_Large-G1arrest_PhIAA	exp250206	FALSE	FALSE	FALSE	MS69_SCD_1hr-arrest_DMSO	MS791_SCD_1hr-arrest_PhIAA	MS69_SCD_1hr-arrest_DMSO	rep2	B	G	B	A	MS791c2	Hog1-AID	Large G1 arrest	PhIAA	Hog1-AID_PhIAA	Hog1-AID_PhIAA	0.264594291	DNA_content_analysis_AC250708_MS791c2_PhIAA_5hr30min_exp250206.fcs	1.00012983	240.7
2025-02-23-MS250211L03_exp250206_MS791c2_SCD_1hr-arrest_DMSO_polyA-RNA	0.09394008121971423	-0.060280300081566235	0.12890458727739124	0.019256634875617067	-0.01833178215645252	0.13337308367923567	-0.02707921995760295	-0.05870831767612651	-0.10125295298399845	-0.02430951276383268	0.11514922943457433	0.1256200060185214	0.0796882560073568	0.06825273303604895	-0.015781425669703114	-0.005810924666258432	0.13438111042074913	0.05862241068200516	0.05151864804385459	0.08198851381083766	-0.011176889224790203	-0.036469809454194174	-0.05366828013477762	-0.062085966026358665	0.10647591509462831	0.21417043855581985	-0.09924014118251001	0.026571340014081637	0.02553798813806138	0.15248044839746674	0.080645525273129	0.0269599797819646	0.008116797188052707	0.023898925892489466	-0.010159724880214358	0.02726021375702048	0.04478301169347951	9.891520263926104e-5	-0.10022660844133657	0.057261902321790153	0.08761125143714887	0.027356272930191855	0.04621838897102002	0.207344560827583	-0.05356855943503742	0.032286520036283316	0.16153570592399172	-0.05543161213016692	0.030717578280428037	-0.0017219313449714987	-0.025591872860391288	0.040478338383833454	0.052832722800221305	-0.10755354920675753	0.05565182131968473	-0.00610220210223518	-0.08637301861135055	-0.15353781092801308	0.02827022515720555	0.19871039023993986	-0.17161895378391387	-0.036861586133245715	0.05218085218985579	-0.12365766984565267	0.09813614751614576	0.1544031102017927	-0.09790270521248935	-0.12513496662059928	-0.026520525785506916	0.11223436373388954	0.24425065228810258	-0.15384128538472544	-0.019209759021907025	0.02736482296369596	-0.10910491200582323	-0.23125006628768105	-0.02372216473017614	-0.008615855414779758	0.12333213930500372	-0.18087184560656416	0.01054014818681187	0.25784857964627333	0.16947677068978662	0.0029039016837657267	0.04778231134309091	0.12951426072711558	-0.29809029599978254	0.04527249680526836	-0.05046364789659059	0.17202624373856906	0.04628333278768493	0.009129544488012155	0.0688502595626927	MS791_SCD_1hr-arrest_DMSO	exp250206	FALSE	TRUE	FALSE	MS69_SCD_1hr-arrest_DMSO	MS791_SCD_1hr-arrest_DMSO	MS69_SCD_1hr-arrest_DMSO	rep2	B	G	B	A	MS791c2	Hog1-AID	1hr G1 arrest	DMSO	Hog1-AID_DMSO	Hog1-AID_DMSO	0.748267333	DNA_content_analysis_AC250708_MS791c2_DMSO_1hr_exp250206.fcs	1.400248631	67.4
2025-02-23-MS250211L04_exp250206_MS791c2_SCD_5hr30m-arrest_DMSO_polyA-RNA	-0.03280165436699936	0.09673099877850541	0.009288579643081217	0.10968541375330101	-0.08135478946266017	0.11393654594658519	-0.049928317896748065	-0.1279845483571197	-0.18440984340477037	0.022433598075462212	-0.0033988697714486954	0.031804737496347296	0.1544819868366451	0.11523620434318027	0.13928898448212973	-0.06415741107787365	0.05738200112216089	0.00271128298796605	0.03249784260119423	0.12316012219195366	-0.10346498317973114	-0.1468348438856118	-0.04241249230974494	0.11122639847074392	0.023647555886152347	0.06425618260449682	-0.07570518727746792	-0.14622864131725374	-0.013636811920696074	-0.19753889456187568	0.04506828906362022	-0.006313292141457833	-0.023202689638946207	0.0638481529100745	0.05546820801991173	-0.0263547326191281	0.09053224292553737	-0.04093747990182082	-0.08037230504409087	0.11454709076048256	-0.17690745957307563	-0.061706298577480584	0.10949875925270319	-0.22117710522050646	0.14418050017561557	0.021971424427467166	0.14029007618711078	0.05160275960110427	0.299219524267451	-0.2648729515996088	0.07484798892966485	0.05899836872423868	0.1838305154997465	-0.2728170696720219	-0.08799153465049114	-0.18952401001060726	0.11655853019299323	-0.032360561805174916	0.025404640435131617	-0.032131175690741344	-0.04415540801997046	0.08534223934982729	-0.06083363772054456	0.010658932644468625	-0.11845889825724495	0.13064349199235167	-0.061792266810090264	-0.03879074727913402	0.08806768629768467	-0.005518248352357761	-0.27365028249125584	-0.010141812427453073	-0.01434246592872489	0.04868468328518008	-0.026833900587092112	-0.07807281510560309	0.05866339459813698	0.042940174975789155	0.06964601152234404	0.009584753313146153	-0.031706138993836334	-0.08931704214824124	-0.0615491432450613	0.0174785130215874	-0.11198755854305685	0.030223458804636186	0.07030186119802423	-0.050224574904311176	-0.019636172714866163	-0.019178481440952654	-0.023446242932290307	0.04626505854780667	-0.001535106997221064	MS791_SCD_Large-G1arrest_PhIAA	exp250206	FALSE	FALSE	FALSE	MS69_SCD_1hr-arrest_DMSO	MS791_SCD_1hr-arrest_DMSO	MS69_SCD_1hr-arrest_DMSO	rep2	B	G	B	A	MS791c2	Hog1-AID	Large G1 arrest	DMSO	Hog1-AID_DMSO	Hog1-AID_DMSO	0.252046407	DNA_content_analysis_AC250708_MS791c2_DMSO_5hr30min_exp250206.fcs	1.00017794	244.6
2025-02-23-MS250211L05_exp250206_MS793_SCD_1hr-arrest_PhIAA_polyA-RNA	0.09550563455353157	-0.046483373282917136	0.12278158346808034	-0.005241859386981997	0.009681791647021737	0.030235548760594998	-0.00739433174834764	0.040852613946008844	-0.16226779439884859	-0.07335672741800493	0.02974430360355373	0.22833601585594443	-0.025173439299017275	-0.10974702055402162	-0.08870597301405231	0.08649888836951389	-0.07559790639482544	0.11669915224695215	-0.01657207993164632	0.003823597841201287	-0.02543708085161668	0.10118631961901776	-0.05311311973158488	0.06932302354214473	2.1185928302443202e-4	0.04452769956940983	-0.061922483048371516	0.04754156185336489	0.051257197506310324	-0.0677579532878294	0.042677072497333074	0.09864044599975885	0.004851510541312755	0.12202546750154059	-0.07673769454649593	0.028736004097715907	0.14223486278133365	0.028935507965683737	0.025443168569810375	-0.37360906098176455	-0.052384717058278046	0.028850076712210654	0.06746033404791726	-0.06156703905352044	-0.01014482084394755	-0.032523679113398776	-0.04638308418026819	0.11029696564584178	-0.20289788111813517	-0.034139862015175375	0.09378550455724015	-0.03617433109542971	-0.02172571698309818	-0.006389886507118369	0.040585897446237466	0.02647321284430544	3.0206447651028034e-4	0.0028553718475362033	-0.072962148576155475	-0.006553720052874752	-0.12526545959450758	0.03908033368857389	-0.09627486359308468	-0.01586770886266018	0.010027032442890119	0.055446705411103005	-0.07756502887441691	0.037072505220754476	-0.09613905265689535	0.004421014304497574	-0.12493256768435153	-0.134220785479103	0.09063877137254595	-0.020357203637410504	-0.03247875747128572	0.08518716323395532	0.05807043548008513	-0.0902974898925649	0.14392509699373596	0.09555957703281083	0.17766704063429645	0.08695130045938	0.19840656225460276	0.15345125007194327	-0.02339023895131627	0.04671286578660178	0.37765088346256825	-0.057520320758242066	-0.2834989136246688	-0.02613565990495821	0.21721920941175177	-0.010696555028898797	0.0677402214362145	MS793_SCD_1hr-arrest_PhIAA	exp250206	FALSE	TRUE	FALSE	MS69_SCD_1hr-arrest_DMSO	MS793_SCD_1hr-arrest_PhIAA	MS69_SCD_1hr-arrest_DMSO	rep1	B	H	B	A	MS793	Pkc1-AID	1hr G1 arrest	PhIAA	Pkc1-AID_PhIAA	Pkc1-AID_PhIAA	0.716249759	DNA_content_analysis_AC250708_MS793_PhIAA_1hr_exp250206.fcs	1.4528163	79.7
2025-02-23-MS250211L06_exp250206_MS793_SCD_4hr35m-arrest_PhIAA_polyA-RNA	0.03962177429450924	0.09628389177101566	0.012441890283673538	0.059411163850327804	-0.05943274920102698	-0.07544127706022631	0.07309467969206165	0.0767430376574045	-0.2592387741715731	-0.15782646406579984	-0.08802340443074501	0.144913635532822	-0.2234624988888056	-0.04931886697592901	-0.20727841082282084	-0.12169579374025538	-0.21765331966264642	0.20368992737881012	-0.02445846669988451	0.04464793528025225	-0.09317936078312442	0.0759542322599053	-0.04811419799359935	0.022256076213762313	0.035028172016269093	0.054379588894755415	-0.23038130344069888	-0.10823475774759202	0.056185386249047654	-0.06224079860975736	-0.07633881860874929	-0.05001370686439824	-0.01364088655996877	-0.013275359877611123	-0.010955292676285667	-0.09423667105974713	-0.08013234597149634	0.06403382099889234	0.09294894057337406	0.17270741603666326	-0.013333844077106569	-0.07661784108803783	0.06262533675774963	0.030981295921152098	-0.0349307803266025	0.030923898802799294	-0.03308910464414164	0.08580993977028303	-0.02598503719808872	0.10843742935289127	-0.12346612489680998	-0.04115581835263054	-0.002096774674988044	-0.053456083869721574	0.09192456536779284	0.008285290192377214	-0.006734789265121208	-0.10219332088825775	0.019105902712553476	-0.08322967896553043	-0.08351675022083743	0.028659457460700588	-0.1232786990145782	0.014870492604184063	0.09555145303384248	0.08975066740333827	-0.021122788951162572	-0.07302284829076752	0.08806819382814865	-0.08542203948169155	0.04184743142189351	-0.10561333244901408	-0.18464964799499006	-0.08935029661844172	-0.017333592759714425	-0.1077883532923676	-0.18670508032871294	-0.017865811775868115	-0.32683593238727127	-0.03153094897058895	0.1941569840092674	-0.04975070935275891	-0.19867800000199645	0.044180519861525124	-0.063694382349037	-0.12679775136846663	0.01425989867809832	-0.0309871156633673	0.08110371744251951	0.09309394330666518	-0.05823551984624654	0.01502811889095234	-0.09813118304595331	MS793_SCD_4.65hr-arrest_PhIAA	exp250206	FALSE	FALSE	FALSE	MS69_SCD_1hr-arrest_DMSO	MS793_SCD_1hr-arrest_PhIAA	MS69_SCD_1hr-arrest_DMSO	rep1	B	H	B	A	MS793	Pkc1-AID	4.65hr G1 arrest	PhIAA	Pkc1-AID_PhIAA	Pkc1-AID_PhIAA	0.267925823	DNA_content_analysis_AC250708_MS793_PhIAA_4hr35min_exp250206.fcs	1.000143419	250.6
2025-02-23-MS250211L07_exp250206_MS793_SCD_1hr-arrest_DMSO_polyA-RNA	0.10642902550526605	-0.03495824373228025	0.13127223440626765	0.0068259306613504	0.022421209201589704	0.08242643333527556	-0.010862242311501943	0.03818225765347012	-0.0627572295424794	-0.06593808101698834	0.05263857866100315	0.17968009942563629	0.04548216748774522	-0.062043739353568314	-0.02325164802628016	0.047743160797117046	-0.03626391738324693	0.027968610074866396	0.04173362057466633	0.024228659030686273	0.02609405019911156	0.04241727059642594	-0.05446671176262347	0.06834567861945254	0.06359750384601795	0.02718294498802859	-0.0431407688279836	0.06158845053541003	-0.03399926780752027	-0.013292715436904821	0.09647568906355579	0.0627475830894837	0.044336150070257555	-0.004493993428053386	0.03920004405958062	0.02823053838675177	0.10333345577928062	0.014697490108326144	-0.07359201025550466	-0.0618829839244044	0.06115456105175086	0.05139365890789911	0.017821182435615587	-0.029859955032412476	-0.006136804560040766	0.04886079911164952	0.025403561324476215	-0.0014463058780195565	-0.048073463634397254	-0.029536679504863286	0.03354336431282321	-0.05116552825931989	-0.016177976336932715	0.012180787512102439	0.0871804924850549	0.028076567471025434	0.06036158817743768	0.07350048842129964	-0.003723538936729505	-0.021756142420239696	0.00799329002435991	0.08436549093746584	0.11195661617131378	0.046643766927863005	-9.679335709144726e-4	-0.1533081528302681	0.08679579152850342	0.18454702200176704	-0.10145821256467293	-0.09921902522782688	-0.1307669849062354	-0.20747842471286165	-0.12817789570153812	-0.02761364833657242	0.11268216785513921	0.16619617379395193	0.29101701615853487	-0.020770171894468066	0.19956435609008316	0.12662933616146488	0.029600456660510973	-0.041883697440489726	-0.1322432981461265	0.2120258020541596	-0.07175496787266078	-0.2815415234441035	-0.40569919396539705	-0.04085697239377883	0.25500628400744607	0.07053397458733544	-0.2348176280826648	-0.01183143320074901	-0.049820432939646386	MS793_SCD_1hr-arrest_DMSO	exp250206	FALSE	TRUE	FALSE	MS69_SCD_1hr-arrest_DMSO	MS793_SCD_1hr-arrest_DMSO	MS69_SCD_1hr-arrest_DMSO	rep1	B	H	B	A	MS793	Pkc1-AID	1hr G1 arrest	DMSO	Pkc1-AID_DMSO	Pkc1-AID_DMSO	0.849390967	DNA_content_analysis_AC250708_MS793_DMSO_1hr_exp250206.fcs	1.446751688	73.4
2025-02-23-MS250211L08_exp250206_MS793_SCD_4hr35m-arrest_DMSO_polyA-RNA	0.009399834815321964	0.10487574178936537	5.547393340307854e-4	0.08300453911894491	-0.07862447588979601	-0.00952685273759432	-0.041780454466817565	-0.017802102274587204	0.07810178420922434	-0.026131981080969348	-0.029261976494611944	0.07152516397053882	0.12899649061642382	-0.03147279940055189	-0.12056191281751394	-0.03127759301400265	-0.0517843635619547	0.16105591088480287	0.09319557275735334	0.14279170795193508	0.029026124761434922	-0.04440522921748834	-0.09347578089077924	0.08223590023616811	0.013419217483264502	-0.035991751127325444	-0.11117065965505765	-0.2734081231487391	-0.06977284397775455	0.01842557360696514	0.06772973281479563	0.03435728227097744	0.029330812540691673	-0.07105534103509406	-0.055311121633237564	-0.09073958068935145	0.02285503478806472	0.02513984164888259	0.030415163466937435	-0.01772683473388853	-0.04590092279586369	-0.008130552768463537	-0.05514477266030035	-0.08425987753950764	-0.05418423002816974	0.2151786623729917	-0.11300540490524569	0.09438688571172915	-0.053981482145680354	-0.016189996457858707	-0.19177748095664063	-0.1668551264724623	0.10458517546184595	0.05533613634201816	0.17620664436136996	0.05296050421358698	0.04919952023518549	-0.17501567099821	0.21166551579153134	-0.17710193419464806	0.16907906002834283	-0.1399182213631394	2.849130775216986e-4	0.11677122140807823	0.20725157717323403	-0.03855326005998996	-0.026955313719149034	0.23511924044515203	0.03774229683573202	-0.008369767798961689	0.13084151040950143	0.0856527522008074	0.1861248014576145	0.13815518675875868	0.07023087892480231	-0.04625871875631107	0.049556341987744904	0.17855093354829468	0.23897106176696517	-0.0595161277602582	-0.12237749067762276	0.030464587502263614	-0.023186689879616307	-0.009315881136837408	0.1250390976583926	0.14751153981220624	0.04124477663539778	0.11072288589686266	-0.017815338110123674	-0.0944846319429288	-0.03556401051722073	0.02905467642197742	0.03605024894984804	MS793_SCD_4.65hr-arrest_DMSO	exp250206	FALSE	FALSE	FALSE	MS69_SCD_1hr-arrest_DMSO	MS793_SCD_1hr-arrest_DMSO	MS69_SCD_1hr-arrest_DMSO	rep1	B	H	B	A	MS793	Pkc1-AID	4.65hr G1 arrest	DMSO	Pkc1-AID_DMSO	Pkc1-AID_DMSO	0.278591453	DNA_content_analysis_AC250708_MS793_DMSO_4hr35min_exp250206.fcs	1.000237655	265.1
2025-02-23-MS250211L09_exp250207_MS756c2_SCD_1hr-arrest_PhIAA_polyA-RNA	0.19095623438272608	0.03709560750876061	0.12466762327340114	-0.09769319614915643	0.10301987427390322	-0.01653797085363705	0.12166586641961437	-0.06310103712251502	-0.01303472965218314	0.11157363661957359	-0.08348193650322767	0.03925017082607875	0.1385568789716026	0.11780578233755348	0.05266051991094367	-0.07443924650493894	-0.11313744009350601	0.09619226660024405	0.1736805494388365	0.14270480194033425	-0.09410270130246529	0.08856937718942684	-0.06358225413506041	0.006979825803694006	0.055290954893256625	0.0019221273222573554	-0.0016848217253350173	0.054838463289742796	-0.06844397547563515	-0.056712561404925976	0.027435244777175388	0.007661416040193686	0.08333945153528174	-0.0899615980979597	-0.052386226170406086	0.2003714919119124	-0.13004644760644593	-0.239492738672633	0.0371169364815039	-0.054297706414714514	0.23819429124995864	-0.08240629378558108	-0.05122947527528049	-0.13858698566074332	0.03557505484292192	0.07511486805454393	-0.08766546511605564	-0.08405432519308613	0.0332961298301102	0.09568386383053	-0.13382370876959193	-0.07249997510467467	-0.24246317904188514	0.06535358429588228	-0.08779954843250506	-0.134027085112289	0.17250787409529883	0.257205535331333	0.07446586931070183	-0.05631893390129247	-0.10599285213815997	0.17429527594145566	-0.15149911947258635	-0.17773390534800218	-0.0300730683107113	0.011474608240774144	0.12464843925275883	0.07888661709308978	-0.005636125776333205	0.16974825770545815	0.005277390762536135	0.01793250850862822	-0.11836355791201496	0.09437387581115031	0.00573611707724056	-0.05020102983249083	-0.12876352766113713	0.06015615265835782	0.0185841137981193	-0.17801033194247043	-0.14061238537107063	0.020477720977517017	0.01280793872778424	0.04881417713842929	-0.04166946938804253	-0.035154434551436575	0.01800643911434488	-0.023704403586685494	-0.07828578682407258	-0.03105298172132534	0.046818765330236385	0.05703968004094521	-0.03755056610823598	MS756_SCD_1hr-arrest_PhIAA	exp250207	FALSE	TRUE	FALSE	MS69_SCD_1hr-arrest_DMSO	MS756_SCD_1hr-arrest_PhIAA	MS69_SCD_1hr-arrest_DMSO	rep4	B	F	B	A	MS756c2	AID-Bcy1	1hr G1 arrest	PhIAA	AID-Bcy1_PhIAA	PKA hyper.	0.633417201	DNA_content_analysis_AC250708_MS756c2_PhIAA_1hr_exp250207.fcs	1.327118838	66.5
2025-02-23-MS250211L10_exp250207_MS756c2_SCD_4hr45m-arrest_PhIAA_polyA-RNA	0.18290077725351947	0.2002788058240661	-0.017332588815009577	-0.11749512335760783	0.0015014250446111022	-0.02951666644833253	0.18466717610365327	-0.16216615332872086	0.029000854495052124	-0.06280111669578607	0.03847591706008135	1.7134264399847055e-4	-0.01584128094620938	-0.07099937928506037	-0.060605311478762636	0.05482905358354365	0.03946424905148721	-0.07835084922450997	-1.948635669394294e-4	0.024107403639268055	0.016389819359359722	-0.12782425841539302	-0.11272664526639936	0.1036654812461563	0.0035511050987155623	0.06495444541191175	-0.13050053069227818	-0.02081897655712278	-0.041792869548141376	-0.014602486113534832	-0.10793303407399076	0.15247464158792537	-0.16133345746651762	-0.1306591963786155	-0.05262298155105996	-0.0619261205261174	0.15001860991887245	-0.021307017656413872	0.052759094106374256	-0.043166260259066766	-0.03649380321600018	0.10134984495257085	-0.06984611854232295	-0.1703882723323651	0.07995167999828796	-0.07364191321457621	-0.42920170460151297	-0.11498286904056172	0.08739089270920995	0.20879968554235395	-0.008457589163446567	0.08774463060321983	-0.028384461481914286	-0.19759770276460903	-0.04606716427253639	-0.027757340491337434	-0.30015569368991046	-0.008702743118197187	-0.03070289097663663	0.21159733747461903	0.0497989017751697	0.0764393093463007	0.2441180930837236	0.05415580000446425	-0.08988418342827324	0.0706873547151922	-0.03623158175565449	0.06049234184187969	0.01212181494348159	0.07281894306738655	-0.012169478547988753	-0.08415979300100733	0.0053459464499596016	-0.1560646921802769	0.04725692566556973	0.03633036463854406	4.4377227588644416e-4	0.08929174184048055	-0.04493414965624621	-0.024530257073984547	-0.042802171046246354	-0.03399706918064167	-0.034084272287934175	-0.017981991365257313	0.05499886422598607	0.05300062253241542	-0.030757121769461326	0.013712564505372242	-0.0048373224828634495	-8.934341822006641e-4	0.044189928550665294	0.047293537764244546	0.021319518038276086	MS756_SCD_Large-G1arrest_PhIAA	exp250207	FALSE	FALSE	FALSE	MS69_SCD_1hr-arrest_DMSO	MS756_SCD_1hr-arrest_PhIAA	MS69_SCD_1hr-arrest_DMSO	rep4	B	F	B	A	MS756c2	AID-Bcy1	Large G1 arrest	PhIAA	AID-Bcy1_PhIAA	PKA hyper.	0.254181103	DNA_content_analysis_AC250708_MS756c2_PhIAA_4hr45min_exp250207.fcs	1.000105407	263.2
2025-02-23-MS250211L11_exp250207_MS756c2_SCD_4hr45m-arrest_PhIAA-4hr35m_polyA-RNA	0.12337187384917286	0.16031899738565245	-0.0015758013091619787	-0.11479380750575438	-0.01590032503623824	-0.15704892913005192	0.08320615489661846	-0.13352480498695296	0.0773815083880027	-0.051787449323879235	0.09230248817391537	0.1648617913634451	0.20145569750198294	-0.029298263930086	-0.2774583655294004	0.3211957583296274	0.16983611863069398	0.19929929355297182	0.08378731388210967	0.1417139615023002	-0.13231416627567782	0.21862456116952048	0.010445276321252946	0.07445544583486023	-0.2517894533784712	0.06731320187919654	0.4358263520052277	0.029502208263209956	-0.051290778637826606	-0.09096879717164552	-0.15920815585265213	-0.038400055398668136	0.0456107940819236	0.14441195844834576	0.12828059424332072	-0.013507306940333419	-0.12121097252138097	0.026023046303310423	-0.04183699020978073	0.14838824684863822	-0.06840837390572606	-0.050988894184435835	0.00897341085282433	0.1346543498570657	0.052600934213256095	0.043697604407708396	0.020260190368772663	0.051122267880138066	0.048988860825746994	-0.011684347442808149	0.07384962762285066	-0.03545334062563312	0.022361501586728144	-0.030905281690503262	-0.07545985701708359	-0.03090218257920597	-0.06560660455462043	-0.08926624162942733	-0.06965771096392545	-0.06899062244838992	0.015472009672843762	0.009129752710383299	0.008338102238064173	-0.03373960432077023	-0.003971817060388953	0.009778732612043588	0.03481812227952539	-0.0032414871374354046	0.004044265900374575	-0.01749304001225599	0.00492939896005426	0.02879728004599325	0.03775003101659685	-0.021364652922246166	0.03658631459929777	0.031220763678447377	-0.03342931548226974	-0.0017134519742290216	-0.004529508142782263	-0.016634772803491637	0.05750605989471683	-0.014166624015992335	0.013650561973248071	-0.005105688769253637	-0.021745493835526153	-0.008104579621381223	-0.020981946805508078	0.011440055047667264	0.028859005903498186	0.010004366378816123	-0.012886574814640672	-0.014788134177724862	-0.015133883720553964	MS756_SCD_Large-G1arrest_longPhIAA	exp250207	FALSE	FALSE	FALSE	MS69_SCD_1hr-arrest_DMSO	MS756_SCD_1hr-arrest_PhIAA	MS69_SCD_1hr-arrest_DMSO	rep1	B	F	B	A	MS756c2	AID-Bcy1	Large G1 arrest	PhIAAlong	AID-Bcy1_PhIAA	AID-Bcy1_PhIAA_long	NA	NA	NA	271.8
2025-02-23-MS250211L12_exp250207_MS756c2_SCD_1hr-arrest-DMSO_polyA-RNA	0.09771286118850124	-0.043051639488047466	0.13047752512197333	0.017826528693456085	0.0011232223989678454	0.08261528938353292	-0.041573923825392184	0.02124156128110148	-0.007217697121910057	0.0023564401687563774	0.0326022899700697	0.0456959224226702	0.05196110681204202	-0.03773724972883962	-0.025508728205789217	0.06078915387668009	0.021814449994282198	0.036385108364385854	0.024323963271050825	0.0637373942510906	0.005881368607563275	0.09822224890837615	-0.08392167015898443	0.09820813860550742	0.09643024691297569	0.0466423580909468	-0.04114364356437125	0.02677091309495458	-0.04066824110155293	0.012375109133872332	0.0255146248446619	0.07186841461623711	0.03618442040763384	0.03238845469626078	0.10319898351425565	0.049486378270058654	0.03358991448423279	0.061999037948920865	-0.033636329204468934	0.061010785502648254	0.11667150073531692	-0.04520435019420916	0.09389076320156567	0.023185633748957116	-0.050246583313932947	-0.0718528581045664	0.05119267029626029	-0.14145115286088095	0.03272051808717513	0.07484382729496317	-0.0757274796596104	0.059020494447082406	-0.077246583439636	0.019931040756575338	-0.08005150466390537	0.02019251584603867	0.06658296552143378	0.0067106588652469865	0.15387742973533242	0.10868654451860339	4.5091647573033966e-4	0.20113576827607949	0.002265029071377919	0.11535929804208918	0.0871762071601329	-0.06100557199032898	-0.02192195458158061	0.12147787414876526	-0.0985977513774039	-0.11734218113323239	0.05717746856678062	0.1043987333048934	0.1307388846825822	0.10694265478651462	-0.3686859811716862	-0.005861432178249542	0.17253210539065533	-0.002616011111677501	-0.19046146814016887	0.3658432145916785	0.030577621500155555	-0.13973148207731284	-0.1956940453117494	-0.41054028586360136	-0.022319248672831082	0.1310064337103234	0.01845221234147551	-0.006109120729437749	-0.04699664201703349	0.024186524575784407	0.1128816624835298	0.05045542545480582	0.02832380415304675	MS756_SCD_1hr-arrest_DMSO	exp250207	FALSE	TRUE	FALSE	MS69_SCD_1hr-arrest_DMSO	MS756_SCD_1hr-arrest_DMSO	MS69_SCD_1hr-arrest_DMSO	rep2	B	F	B	A	MS756c2	AID-Bcy1	1hr G1 arrest	DMSO	AID-Bcy1_DMSO	Control_DMSO	0.678337245	DNA_content_analysis_AC250708_MS756c2_DMSO_1hr_exp250207.fcs	1.361991478	63.1
2025-02-23-MS250211L13_exp250207_MS756c2_SCD_4hr45m-arrest_DMSO_polyA-RNA	0.06343932547147615	0.13916622896086625	0.0026354940774620996	0.03209815582421455	-0.11689568930924535	0.024800067502536337	-0.007408834057359455	-0.01613923866120455	0.04581640828868516	-0.05963742511030688	-0.050788386884913515	0.024465323101556108	0.0441274342201253	-7.656431655426308e-4	-0.0648571884867031	0.09911180038185062	0.0806534090101379	6.814978504291191e-4	0.005062695265594421	0.13588802361092767	0.1924522548814931	0.03707685635298954	-0.1278714819832828	0.024938258946316294	0.008588376618929918	-0.122217661109882	-0.12736408135975508	0.007504276784981962	-0.014728584757482371	0.009093702698061076	0.05996645776496161	0.01715857053896841	0.02257742302997274	-0.09030276427959007	-0.00866739824922163	-0.05407147269020415	-0.06862158096090404	0.08344169220476357	0.08484213615935601	-0.041947991927441086	0.01304764134890569	-0.1208800930008201	0.17387159057206683	-0.026463832013298785	0.03577217492881614	-0.13685133778949385	-0.007078136036386245	-0.1809704476108633	0.02566166002009118	-0.06733642513224515	0.053339506326089046	-0.08339467369892381	0.07584888430831283	0.1756183552060591	-0.030634943406179886	0.18781720271441846	-0.022173977545563536	0.22796467518903793	-0.024468178747566682	-0.08009772805050466	0.08195973212879538	-0.1762102011691109	-0.10982424571639268	-0.15656063358788716	0.07486951453480165	-0.024406837951615447	0.16593292594041423	-0.3874843463046004	0.11931905417606034	0.028311931348290013	-0.08995594295276846	-0.2487823746443556	0.1197650370202802	-0.08475978628329812	-0.06317960785446382	0.015228549429425479	0.30080247249507636	0.010253548963572718	-0.06681973284945604	-0.22088067606985087	-0.037445493886424625	-0.06616636648586263	-0.018123362900599092	-0.07633075175099119	-0.01831129122000197	0.1046045944167532	0.014392416500712296	-0.03266814604893193	0.045291043297020515	0.004129860140255537	0.027788733514264443	0.018044290456313658	-0.04155470988753901	MS756_SCD_Large-G1arrest_DMSO	exp250207	FALSE	FALSE	FALSE	MS69_SCD_1hr-arrest_DMSO	MS756_SCD_1hr-arrest_DMSO	MS69_SCD_1hr-arrest_DMSO	rep2	B	F	B	A	MS756c2	AID-Bcy1	Large G1 arrest	DMSO	AID-Bcy1_DMSO	Control_DMSO	0.227268458	DNA_content_analysis_AC250708_MS756c2_DMSO_4hr45min_exp250207.fcs	1.000346768	263.2
2025-02-23-MS250211L14_exp250207_MS756c2_SCD_4hr45m-arrest_DMSO-4hr35m_polyA-RNA	0.06059225472668254	0.1392933034377264	0.002309293579598279	0.0340120850374037	-0.11777347705193798	0.030716236353772176	-0.01733387041822321	-0.03014136206131801	0.031512596119091	-0.06754624896462959	-0.061420241843155254	0.013578485792614147	0.05144791103244332	0.006365157736672623	-0.052100874161303934	0.10289512739954525	0.04548644957954506	-0.0094581967118256	0.012946767720232951	0.13380330909874066	0.18510329270242565	0.028169339331755985	-0.14199185824912816	0.059391370748719835	0.05221102910968063	-0.0848132540342806	-0.10454967002555317	-0.0116464820498462	-0.013561879581473646	0.04185816357415152	0.05500678205882287	0.013478593805728079	-0.009477639116032513	-0.04447976922197391	-0.03096002897726176	-0.05098384726711083	-0.04091638495640669	0.12326790405240634	0.08245923778956381	-0.122717635029748	0.049279644289382085	-0.10090396561987364	0.22103473642728236	0.030392291394074955	0.11332971910799092	-0.06269638101103076	-0.01967229614340566	-0.18964811496122747	0.15135668169383462	-0.07403022747570061	-0.03080649413641808	-0.04395321424363302	0.05237745050400808	0.10763297161889106	0.07853113957965856	0.026685085698996323	0.014009608323675038	0.057867754342914884	0.03332738445671874	-0.021721297967498575	-0.027454487370279557	0.00678167397239147	-0.024327270029024014	0.11950480297267022	-0.20732172513954986	-0.01926000650471473	-0.09685964436963738	0.04681595471808056	-0.008941365222007405	-0.06922296069745484	0.003125234222766643	0.4028209566129626	-0.14796374597688022	-0.03325033855938388	0.11523048006441733	-0.04979403571201142	-0.25149894243295384	-0.33265982014321827	-0.012606508910259913	0.1783567928032988	-0.038066003745127905	0.13311116591525504	0.23663099306382768	0.05020235894895793	0.030124146622829306	-0.1136532472478235	-0.07806291849073438	0.05838582061876598	-0.024621597636181006	0.11823512641131476	-0.068554949961986	-0.06298917195297418	0.07076745155625822	MS756_SCD_Large-G1arrest_longDMSO	exp250207	FALSE	FALSE	FALSE	MS69_SCD_1hr-arrest_DMSO	MS756_SCD_1hr-arrest_DMSO	MS69_SCD_1hr-arrest_DMSO	rep1	B	F	B	A	MS756c2	AID-Bcy1	Large G1 arrest	DMSOlong	AID-Bcy1_DMSO	AID-Bcy1_DMSO_long	NA	NA	NA	259.8
2025-07-29-MS250530L01_exp250523_MS69_SCD_1hr-arrest_DMSO_polyA-RNA	0.08330196018675157	-0.06152419151628247	0.12448153362700781	0.03853287967275331	-0.020495677865755617	0.06726196518925119	-0.07050393210926319	-0.028659901139297186	-0.014072197741971791	0.060159578454025274	0.03938774757177226	-0.13907018565623952	-0.010196089992076099	-0.09654985650952995	-0.00943418617581029	0.10147192934653791	-0.05499826296320098	0.0041535317848601094	0.03146015957769761	-0.0021770325056457845	0.04460920192191414	-0.05977570802404934	-0.017273136236079456	-0.004215135741090781	-0.005516879371959159	0.019082966987438443	-0.018139920143999747	-0.0345255603979077	-0.15429115102621593	0.08549134696367486	-0.05929869127816005	-0.02735630021022989	-0.036193175534178404	0.01738153450759704	0.11185659596065603	0.09648363074175453	-0.055756484482969354	-0.11965151959526078	-0.08394528041135546	0.14283481239658563	-0.017954414225171307	-0.0030283586201875837	0.010210000764516062	-0.06373652995877933	-0.07381307565241939	-0.16011959882802862	9.493549216253172e-4	0.07998847271444458	-0.026564241081212803	0.1338143260680602	-0.21706442236206205	-0.08210757559310713	-0.040897623523545756	0.11363842728769483	0.14214845810693935	-5.182775361089603e-4	-0.0038457339020807335	-0.11656976896677107	-0.2157367843168012	-0.2316869576066072	-0.05807183049018808	-0.2766422330075132	0.11559046426041256	0.10327119762317398	-0.09514377925594783	0.12234044989670206	0.06069144901623361	0.12341355719542296	0.0027514025585268775	0.21978222121023852	-0.3941035250648697	0.03529446337717645	-0.043726221019545305	-0.04127405180326259	-0.24440707811336096	-0.04192849358510765	0.020238115677512304	0.05761731980223349	-0.1293292030917262	0.06854187067362794	0.03940012346088895	-0.010869973038207699	0.20519007032407668	0.08661249060455727	-0.010288968119070957	0.12803393544856542	-0.13237477641404333	-0.07495350819469554	-0.03261495460679041	0.017672347475900595	0.020918127299342726	-0.031730009703320364	-0.05209222440019809	MS69_SCD_1hr-arrest_DMSO	exp250523	TRUE	TRUE	TRUE	MS69_SCD_1hr-arrest_DMSO	MS69_SCD_1hr-arrest_DMSO	MS69_SCD_1hr-arrest_DMSO	rep1	B	C	B	A	MS69	WT	1hr G1 arrest	DMSO	WT_DMSO	WT_DMSO	0.451830485	DNA_content_analysis_AC250528_MS69_DMSO-1hr_exp250523.fcs	1.287529621	65.88537
2025-07-29-MS250530L02_exp250523_MS69_SCD_1hr-arrest_PhIAA_polyA-RNA	0.08637164121316868	-0.04703495916849925	0.12358582387266745	0.0410793953465516	-0.00749284863989042	0.06178892872639921	-0.0778266559022839	-0.021445022580192537	-0.02476933911537861	-0.00957176372784207	-0.019646351616040236	-0.16693617253602974	0.05298453377452563	-0.11111735165300296	-0.03946874116077708	0.1048933268000856	-0.05326449023207358	-0.02974228485085168	0.08471396320146038	-0.05653535583579913	0.05454395986002425	-0.045655900591473945	0.020711575448507373	0.017367409055255717	0.010658749263241243	-0.02120253633966715	0.10523589176343971	-0.0895653094475511	-0.12376539238156178	0.09738242351947046	-0.050667209891557576	0.0011453984967516595	-0.027933598421363226	0.04149984257851193	0.01469749178736554	0.03792678232178656	0.0424428793178491	-0.08686306117395404	-0.07699783659799801	0.0337725239787893	-0.03214272085775003	-0.042530810748316855	-0.0014298072463458066	-0.13074824612465455	-0.0716495872482004	-0.09970986548723892	0.017965271894896273	-0.07646434317423012	0.1555902541007991	0.05772169165288647	-0.17074280510772094	0.10906198915591202	-0.026117924503635107	0.07552553554390228	0.095914605553592	-0.04980001591177991	0.06717996762710379	0.03863394693730523	-0.041410169234723626	-0.017510522761776143	-0.14207755394395907	-0.11958133434640747	0.06567040935764797	-0.016821522510926917	-0.06701542272148583	-0.11414854687578666	-0.12745058525969377	-0.13397030731682705	0.003864217786289697	0.056781907624608954	0.13299386585457984	-0.021436393667117262	0.18651108260279753	0.07352583881398128	0.39520349978947344	-0.034284182836933116	0.021103989972791518	-0.03963960995991905	0.06999536072676567	0.024068458978968022	0.2512355035157691	0.267056797081204	-0.36733556872185447	-0.06463454470446463	-0.1327905820090174	-0.09038697913211373	0.15053172392951417	-0.08455257449387782	-0.012447018506558286	0.14759023456898773	0.0773971244653362	0.09128815644604456	-0.017202157183336314	MS69_SCD_1hr-arrest_PhIAA	exp250523	FALSE	TRUE	FALSE	MS69_SCD_1hr-arrest_DMSO	MS69_SCD_1hr-arrest_PhIAA	MS69_SCD_1hr-arrest_DMSO	rep1	B	C	B	A	MS69	WT	1hr G1 arrest	PhIAA	WT_PhIAA	WT_PhIAA	0.646490291	DNA_content_analysis_AC250528_MS69_PhIAA-1hr_exp250523.fcs	1.284352248	65.89803
2025-07-29-MS250530L03_exp250523_MS69_SCD_4hr45m-arrest_DMSO_polyA-RNA	0.002889027666903949	0.09579049552620594	0.009226026091492454	0.10546942407164794	-0.11001660137495965	0.031413419609748985	-0.06605072587947708	-0.060888610781085116	0.0010447464170536727	0.013628096523851198	-0.057844124216164895	-0.058819686244601634	0.07352263472344804	-0.08115492712712019	0.022528427691567356	-0.015205562527187591	-0.0949646358166806	-0.0955025129444639	0.12660731073861586	-0.027076605772420458	0.1357198660005713	0.021187569755537164	-0.006005322836750537	-0.06028999767315191	0.005112244009678146	0.016352249996175433	0.10471628864053792	-0.0487983024130862	-0.20743764439715917	0.17057950665608843	0.003714557538396895	0.014328819973813522	0.016216325213392023	-0.038371063118034496	-0.07052827912213841	0.0323410237943558	-0.07381077279364796	-0.07483419947516859	-0.15139418513983904	0.0773316063930638	-0.007904663964665196	0.014848601404043704	0.0381646337200809	0.006163113911139398	0.10617996106052731	-0.0788297453841701	0.06924049326353668	0.08681684876166346	-0.11426061244702412	-0.18269090338951394	0.19244785101864842	-0.15747969138877851	-0.27454321374558033	-0.21940252962972584	0.298507717033448	-0.13976435264439938	-0.3170331089656967	0.07936515526026733	0.1253858677500787	0.1736221051021179	-0.11276925142372551	0.015312858695919002	-0.22509556450508844	0.09399433719187111	0.012196820754049993	-0.016934622701032204	0.14418473774126186	0.11509994595118252	0.1246110509536621	-0.09909002601450803	0.026250087653054754	-0.06386872613822309	0.15546978826697283	-0.017394769211841306	-0.07148773734385802	0.04265123918224332	-0.015715805580574577	-0.0700043587647256	-0.13027318588276854	-0.01875688028669989	-0.021930347657898516	0.02273112231558029	-0.012362072842862901	0.06386449169205329	0.07029912433462271	-0.05878800172935471	0.07930255925053922	0.06975926584177927	0.06243399359420425	-0.01146444176629161	0.002431634451893927	-0.025924580534758254	-0.04993170457372037	MS69_SCD_4.75hr-arrest_DMSO	exp250523	FALSE	FALSE	FALSE	MS69_SCD_1hr-arrest_DMSO	MS69_SCD_1hr-arrest_DMSO	MS69_SCD_1hr-arrest_DMSO	rep1	B	C	B	A	MS69	WT	4.75hr G1 arrest	DMSO	WT_DMSO	WT_DMSO	0.155702368	DNA_content_analysis_AC250528_MS69_DMSO-4.75hr_exp250523.fcs	1.000589354	245.06509
2025-07-29-MS250530L04_exp250523_MS69_SCD_4hr45m-arrest_PhIAA_polyA-RNA	-5.180628323749343e-4	0.10789535202881106	0.005211854097642441	0.1073949992153578	-0.09280587051645688	0.02590526357407748	-0.07211960469865639	-0.039447315361643004	-0.002153192183943634	-0.00889474987700548	-0.08156702425963638	-0.037530993260893854	0.06402238286885577	-0.07946521995436878	0.043837724628208785	-0.04072529555386151	-0.04416577104780863	-0.10448049180573338	0.11675966645288825	-0.03642729864101638	0.09267553682269725	0.032800205807542906	-0.00226160924480494	-0.017755458780875547	-0.006825041880391399	-0.04327083677277157	0.11634346984085217	-0.08285393555118441	-0.13120586749900884	0.04572902886086042	0.05288313662445163	0.04617283322370051	-0.04555065922660057	-0.0701288688060056	-0.12275747193766996	-0.021159060654516074	0.013332239716743213	0.02615839495188604	-0.18456481154247759	-0.03858546624103916	-0.051988183996176884	-0.057050420901440725	0.07181411989439104	-0.04769049220652111	-0.001597231595073061	0.05749181395655351	-0.16673974974215697	-0.08862499834062798	0.009419358917093282	0.08438530086096681	0.13459858818317358	0.21096560113211688	-0.175799215692953	-0.07599176050452824	-0.04822476318679094	0.04357689113243132	0.0633779918641716	-0.12128356360657438	-0.17570842217805002	-0.2503628529901239	-0.025121680099975705	-0.0324877749520867	-0.14131233980733554	-0.3038345646324159	0.12375762966246605	0.02355639454674041	-0.28406453199587156	-0.0982387130643721	-0.2989593243645862	-0.12745116840491816	0.16943843241628487	0.04061366310443938	-0.04273461822494407	0.0010786891702514064	-0.07616230125395551	-0.05468893946147465	-0.00952451652810241	0.1530226153316024	-0.023458541680001124	0.09303046765691224	0.050552726506851706	-0.25419904417177547	0.076573434197583	0.1357326966941561	-0.05839604253572051	-0.018648274798931424	-0.1164707699003681	0.024953678265608722	-0.01579548834828329	-0.057470444943713034	-0.027841019586573704	-0.07739455364462762	0.02710986968643002	MS69_SCD_4.75hr-arrest_PhIAA	exp250523	FALSE	FALSE	FALSE	MS69_SCD_1hr-arrest_DMSO	MS69_SCD_1hr-arrest_PhIAA	MS69_SCD_1hr-arrest_DMSO	rep1	B	C	B	A	MS69	WT	4.75hr G1 arrest	PhIAA	WT_PhIAA	WT_PhIAA	0.178188828	DNA_content_analysis_AC250528_MS69_PhIAA-4.75hr_exp250523.fcs	1.00042751	242.80898
2025-07-29-MS250530L05_exp250523_MS793c2_SCD_1hr-arrest_DMSO_polyA-RNA	0.08764914521206339	-0.047227598134572404	0.11709907568093439	0.031338723409277944	6.063067074860026e-4	0.055672804660939296	-0.03988898438838075	-0.026089541411045195	-0.07306379761856452	-0.024682297508542183	-0.011935790210023315	-0.1474930766325532	0.018431522032243602	-0.12550966440910633	-0.038436219683594765	0.14138803718259602	-0.1270382767929167	0.01726216855748405	0.01358184062984468	-0.04684118147310599	0.0038830325357038947	-0.045379445539278446	0.05582771465182123	-0.07041550445992344	-0.042642959152839804	0.017037781835817587	0.0953455538805228	-0.05358739092126051	-0.0782600539008383	0.01757567301356898	-0.03682460852930277	0.011829858647010503	0.02072968089087926	0.06908810374962114	-0.06409308729667235	0.06180401564364268	0.08067777739030621	-0.0958604132283834	-0.07055633955626911	-0.11173894710999045	0.02299166129437001	-0.04411623855081524	-0.040649262296702876	-0.013202677323828862	0.07083843955714104	-0.029806313446301847	0.05516206432053886	0.0013791718965447527	0.12598094950874444	-0.0775118585072236	-0.12276815605873409	0.07091436070566173	0.11632176097959443	-0.03240715512890795	0.06307147979095883	-0.025469201892001043	0.10527436370521412	0.03073071569178959	0.10937988057778145	0.01423842275247942	0.09504666981443033	0.03562928333549774	0.008663246007213002	0.21452086701409642	0.13692883548194806	-0.10637450451112834	0.037303728821997874	-0.08288376436559536	0.05933281913591991	-0.2992434191563534	0.10108672179915489	-0.12881497863973582	-0.37956891292328154	-0.10931545309909253	0.12454371657151314	0.1746353783444018	-0.06934128846987354	0.09469572283220856	-0.030690509479580727	-0.1674942755083103	0.023051437083872486	-0.1774035824930501	0.28351999594175054	-0.20354243886283072	0.1509119420774935	0.08712077849643755	-0.06543181106762926	-0.17092000782023037	-0.061512845407057044	-0.009337868517588674	0.15752737166276687	0.05420408367117015	-0.0043702653026746665	MS793_SCD_1hr-arrest_DMSO	exp250523	FALSE	TRUE	FALSE	MS69_SCD_1hr-arrest_DMSO	MS793_SCD_1hr-arrest_DMSO	MS69_SCD_1hr-arrest_DMSO	rep2	B	H	B	A	MS793c2	Pkc1-AID	1hr G1 arrest	DMSO	PKC1-AID_DMSO	PKC1-AID_DMSO	0.603809216	DNA_content_analysis_AC250528_MS793c2_DMSO-1hr_exp250523.fcs	1.287883943	71.99057
2025-07-29-MS250530L06_exp250523_MS793c2_SCD_1hr-arrest_PhIAA_polyA-RNA	0.09231989003939942	-0.05005676740362934	0.11930785821545764	0.015381386089632415	0.010667753153524868	0.026377740916507426	-0.0023388076277572525	-0.01172686184691863	-0.20099693947339584	-0.07095832524218174	-0.017184336849104583	-0.06907291382717994	-0.07218468632231469	-0.19057647344963818	-0.09675202343914129	0.0994256867495165	-0.212417994804079	0.11253919887927874	-0.058991108157017386	-0.08944443266911777	-0.06878837432420307	-0.02583313956509887	0.09715518214787777	-0.06053572719896728	-0.14783927406393976	-0.06443266782173654	0.061130994600965605	-0.0020329623513992688	-0.00732392005518946	-0.14214654380390454	0.061842804183369016	0.041423757738031544	0.0027531468603775614	0.10577312935305246	-0.0953461617101259	0.06529056625175865	0.13023487457521096	-0.11561933523812926	-0.023677936994109923	-0.40749617939638416	-0.09372065204406807	-0.024322635259152008	-0.044185015829422185	-0.08029567524564456	0.02488590232191086	-0.010184503472056647	-0.019376873119073594	0.003376924272963548	-0.02975050973268605	-0.16558393750208786	0.12951327151635372	0.02366293345809881	0.05891827514926799	0.01999485325602728	-0.1106818067811029	0.0031303749315256405	-0.04500737368526668	7.345790054737553e-4	-0.05142515277192285	0.040539602895050514	-0.01247099607991033	-0.11441932646592094	0.01469999507969326	-0.04472267711319131	0.05235839113966735	0.0697630551157547	0.09918904724381442	-0.0477942018059655	0.07537299957636989	0.1389118462412006	0.0650752168858506	0.24125807860781423	0.12610228904994922	0.04545982230351799	-0.11013508458899088	-0.1941756332608781	-0.05332422785374663	-0.0019316550570010144	-0.12974520671220371	-0.02300455848264597	-0.23365863267031683	0.055658181416284494	-0.12745761085808444	-0.13218962782126653	-0.006059080509638764	0.013519195953635233	-0.20137250593907421	0.06744032582081928	0.1949975894901483	-0.002984982649910239	-0.15825113939039437	-0.0032649260792671107	-0.006944027630503192	MS793_SCD_1hr-arrest_PhIAA	exp250523	FALSE	TRUE	FALSE	MS69_SCD_1hr-arrest_DMSO	MS793_SCD_1hr-arrest_PhIAA	MS69_SCD_1hr-arrest_DMSO	rep2	B	H	B	A	MS793c2	Pkc1-AID	1hr G1 arrest	PhIAA	PKC1-AID_PhIAA	PKC1-AID_PhIAA	0.671853385	DNA_content_analysis_AC250528_MS793c2_PhIAA-1hr_exp250523.fcs	1.350674793	72.48502
2025-07-29-MS250530L07_exp250523_MS793c2_SCD_4hr35m-arrest_DMSO_polyA-RNA	0.0147376544694058	0.11489566140542884	8.239200647026951e-4	0.09066494692160253	-0.07410356849085001	-0.00820722966188779	-0.07178136059347867	-0.0319389386796882	0.010850794321648887	-0.04059365671995188	-0.10716572780083165	-0.06718529256516813	0.032702867027340224	-0.05437024441246414	-0.00905566737369299	0.08172727425343401	-0.09393221683232943	-0.10260426331556362	0.17078108334772513	-0.008350541980577983	0.11250956288519283	0.027136625081676722	0.03647364377759562	-0.06334601729781099	-0.06937266636909441	0.015600419225590724	0.16178717686488964	-0.12640565369389575	-0.11357840368654835	0.05623248386147854	0.052871257366258986	0.023487257753495677	0.009832452987280112	-0.07301610819788643	-0.11083615791683667	-0.07080522572635085	0.1173411373642019	0.013630282558124587	-0.06757405997079532	-0.0019074229984029094	0.048998327324592326	0.13642001939438197	-0.07816066178289297	0.09278519962723969	0.08113736081522342	0.11223740026782025	0.054923664893634594	0.003570418891474828	-0.08648581051003207	0.007105194504025066	-0.03253083792127647	0.015018148426602327	0.013107396956388712	0.24465102217133258	-0.10946115774772609	0.08332065962149565	0.24885997716762284	-0.0670423156447087	0.19227605031405998	0.22184168638362184	0.24117460943894564	0.14364212604820975	0.2761961471970983	-0.0773702138894318	-0.04538397168904927	0.3179207271683015	0.03643354767367492	-0.049052878341529715	0.10834273385499248	0.015157634351191477	-0.12881341768621274	-0.1647459464301031	-0.09110384884275305	0.019377071355488065	-0.15915013432791603	-0.08609133371561963	-0.08692203820474571	-0.11520359161743006	-0.026628600535219635	0.028420216208458932	0.060617659075464035	0.018947809592184766	-0.0937603482655517	0.14456572238910104	-0.08081120108255804	-0.0748791777267565	0.13377370179358872	0.07789539129181094	-0.057379356997497896	0.036076904143124006	-0.03459803438777383	-0.036731753381269085	0.014480151885616523	MS793_SCD_4.65hr-arrest_DMSO	exp250523	FALSE	FALSE	FALSE	MS69_SCD_1hr-arrest_DMSO	MS793_SCD_1hr-arrest_DMSO	MS69_SCD_1hr-arrest_DMSO	rep2	B	H	B	A	MS793c2	Pkc1-AID	4.65hr G1 arrest	DMSO	PKC1-AID_DMSO	PKC1-AID_DMSO	0.196256642	DNA_content_analysis_AC250528_MS793c2_DMSO-4.65hr_exp250523.fcs	1.00076205	256.46337
2025-07-29-MS250530L08_exp250523_MS793c2_SCD_4hr35m-arrest_PhIAA_polyA-RNA	0.038996133065761114	0.1014487346608036	0.01674364222354104	0.068029191371902	-0.060818490791541606	-0.06573116432255595	0.04655001435792558	0.044797479770837915	-0.31020063737472475	-0.15922678907914672	-0.15152535773524853	0.041921969696498994	-0.24313074440440605	-0.13749295625516847	-0.14123857983312538	-0.06661008858499101	-0.26959305899354674	-0.04083568464481548	0.09241082065762504	-0.14349619352185422	-0.03663708620498352	0.09123251140018353	0.08863192907706105	-0.14449537881546903	-0.06663207746679939	0.01865491478435971	-0.01932565973386555	0.056417577670163185	-0.04658340429011758	-0.104355073585905	-0.05468484943240562	-0.034052011030155545	0.001482419398568752	-0.0776933340635607	0.03710071181571888	-0.11348451280708224	-0.06941359188361747	-0.07780296319145422	0.029539605042967473	0.3257524168071921	0.09008532170870719	0.012074734550482209	0.013671476202476178	0.12779820602862188	-0.02486369669100318	-0.02798460823262811	0.05696633617626212	-0.14701586434552888	0.17604515484055822	-0.03055035770586328	0.088470663266319	0.003930724347039571	-0.017031297165206894	0.0709698978395762	-0.042519779480862815	-0.040376010885299934	-0.017346049273189414	0.06845691935972667	0.050496764470579825	0.06621288192809009	0.050139860364821695	0.013866209500017575	0.0450848522750135	-0.015401974845418578	-0.19137090091891418	-0.10602226462279274	-0.07722068995005492	0.01349113272201699	-0.10386843077318426	0.07186395139187805	-0.03662420980427253	0.05089731236822841	0.1727195274861446	0.06286738958394543	0.028628845046868343	0.1050395309646356	0.1350280394114132	0.054220934560827876	0.2769427241753669	0.010675021744951755	-0.12294180739854328	0.007782378546824533	0.16901315267365968	-0.008872734066343927	0.041451076979784035	0.12409948726647946	-0.03960196736692427	0.01604249659264992	-0.08376050602095866	-0.05870077346258778	0.04261485975110977	-0.01333665567053139	0.08716877731860363	MS793_SCD_4.65hr-arrest_PhIAA	exp250523	FALSE	FALSE	FALSE	MS69_SCD_1hr-arrest_DMSO	MS793_SCD_1hr-arrest_PhIAA	MS69_SCD_1hr-arrest_DMSO	rep2	B	H	B	A	MS793c2	Pkc1-AID	4.65hr G1 arrest	PhIAA	PKC1-AID_PhIAA	PKC1-AID_PhIAA	0.206751586	DNA_content_analysis_AC250528_MS793c2_PhIAA-4.65hr_exp250523.fcs	1.000765516	243.9075
2025-07-29-MS250701L01_exp250515_MS69_SCD_1hr-arrest_DMSO_polyA-RNA	0.08600222942898064	-0.04456803731282527	0.12007866310438688	0.03547287580128273	-0.006016791326930256	0.0603405663272501	-0.07413063767961028	0.011473370771873475	0.02876675856414395	0.043293682362038885	0.026042214163163387	-0.11886701830533339	-0.021723021217934818	-0.05782395424549415	-0.009929215936083645	0.05761609523690563	0.004086474260477595	0.0813451172017086	-0.10913495918200154	0.0086927746314808	-0.029414938484082172	0.02250468298335926	-0.05576346859145067	-0.017037955840541207	0.058213494790225306	0.039789570399406234	0.0014783627628070404	-0.02305411278148495	0.046258484940885435	-0.005740216463484545	-0.07151099128602054	0.03370668372549756	-0.01638990755839693	0.055862654150235086	0.06505957088754	0.0693112103541964	0.003740997235807099	0.10464906336519979	0.018609766332250983	2.440826910557782e-4	0.05194238109441928	-0.07700481414473	-0.014591019145860088	0.012989113937181154	-0.08810868023940818	0.029177507536542708	0.057697251877845954	-0.16736203825696644	0.1418950399906567	0.12976448626313478	-0.08119298154521871	0.07324055283172407	0.06860218702138264	-0.06615039867097018	-0.05379042466042255	-0.0021782678457925387	-0.0076297755704489625	-0.00284904463943699	0.08493873993033264	0.1623145588774211	0.023639415729395152	0.025995036016954343	-0.0024402092618412015	0.04230618259567119	0.04233534512844094	0.041074901107700755	-0.07030315025275025	0.026980083238320362	0.028092236161322528	-0.013543717288171424	0.14192684562674865	0.0028542492904935065	0.18217110018929172	0.07112144325328626	-0.014072453524408744	-0.0027381640667824437	0.048700886912321294	-0.010556951805735454	-0.03821544951595725	-0.02676911620731623	-0.12341673251927132	-0.053549104128844616	0.21387479441025198	0.31343230715502696	-0.07232927612606274	-0.01838352270800101	0.24320658695443417	-0.1914732381628278	0.20076494795866762	-0.1598571324559135	-0.15283064066844806	-0.2691555573820179	-0.4845574391987863	MS69_SCD_1hr-arrest_DMSO	exp250515	TRUE	TRUE	TRUE	MS69_SCD_1hr-arrest_DMSO	MS69_SCD_1hr-arrest_DMSO	MS69_SCD_1hr-arrest_DMSO	rep2	B	C	B	A	MS69	WT	1hr G1 arrest	DMSO	WT_DMSO	WT_DMSO	0.604840869	DNA_content_analysis_AC250528_MS69_DMSO-1hr_exp250515.fcs	1.279789653	62.89363
2025-07-29-MS250701L02_exp250515_MS69_SCD_1hr-arrest_PhIAA_polyA-RNA	0.08225433333234577	-0.0479205923434403	0.11810962324228404	0.03544716088272645	-0.0024712658058740843	0.04626032588416284	-0.07124515282680058	0.014308549688614407	0.029962886615594885	0.07389928516876386	0.026478672338087636	-0.12376341657438564	-0.05727646535715851	-0.04785212871233886	0.013547582063351382	0.06914747945516427	-0.009795753861046766	0.06773495028943652	-0.1237479511948323	0.019901510829668918	-0.008691377928435249	0.06618480278013876	-0.03665507616938215	-0.05842196862315433	0.04981325950679317	0.03156543926607476	0.006184586453548566	-0.016652003752418914	0.03935421119979308	0.009992649723069317	-0.10323181838490247	-0.01291962495555155	-0.014368504950030024	0.10079346604095608	0.04318052412683325	0.09582585317790507	-0.08062550914645913	0.09019058982338207	0.04580292584706996	-0.015470324774014126	0.0049385001649995056	-0.08447960987522816	0.018004532296134364	-0.055044522104868744	-0.05699308479744225	-0.007177017528083908	0.07124262701033729	-0.04071282172915706	0.017576053443522966	0.10828665117813946	-0.12558505315239102	0.007293528240364886	0.00936642757480679	-0.04252097208490141	0.03901208746978679	-0.09445484092378431	-0.09000935040559963	-0.10507437592145222	0.07529676997399155	0.03055497188004642	0.05644919184740414	0.016868944803904978	-0.00834588418611628	-0.06059814546606658	-0.08801950983523259	-0.012298055477538086	0.04574139058685498	-0.05528973904439169	0.006395894351304542	-0.03442187143230936	0.04790741532291978	-0.10875725104791861	0.024437528195442603	0.06329694014010431	0.033862085363222	0.01088300817957378	0.034752609228279774	-0.055799038539168365	-0.08099582580138147	-0.03266578707585436	-0.16797524845684514	-0.19287115048768982	0.024871423848912534	0.2274378191235477	-0.1106522388637862	-0.017648532512907284	0.13119624107004624	0.09087258207469882	0.12306907804238218	-0.05093683964911187	-0.14353718614415775	0.16039744154325067	0.700968765353757	MS69_SCD_1hr-arrest_PhIAA	exp250515	FALSE	TRUE	FALSE	MS69_SCD_1hr-arrest_DMSO	MS69_SCD_1hr-arrest_PhIAA	MS69_SCD_1hr-arrest_DMSO	rep2	B	C	B	A	MS69	WT	1hr G1 arrest	PhIAA	WT_PhIAA	WT_PhIAA	0.590053837	DNA_content_analysis_AC250528_MS69_PhIAA-1hr_exp250515.fcs	1.277533298	64.30372
2025-07-29-MS250701L03_exp250515_MS69_SCD_4hr45m-arrest_DMSO_polyA-RNA	9.774396799143274e-4	0.11260693039214924	-4.6889089694507796e-4	0.10006003335670817	-0.08119336177914104	0.015002524829257197	-0.08086052428792995	-0.0021994738525603916	0.04195702850754285	0.02698607924951721	-0.049971983552188605	-0.017970157301979973	-0.046734429007998804	7.807162020197075e-5	0.09018374284430562	0.012051965458945636	-0.03034563840050609	0.017569753205037578	-0.03243152108875266	0.03389414816834936	0.006221417077759165	0.09890834460135375	-0.02969007658087007	-0.059120194950070266	0.05307115095403601	0.055481270405604036	0.03736760753091534	0.0022464862513614	0.03314004913878519	-0.004162044543535829	-0.024090410537378214	0.022260248348142147	-0.03115858600194654	0.055546682934774015	-0.016407770089104892	0.034188665895202364	0.004705882698178524	0.09307040094914827	0.05194309206636806	-0.051321281183171634	0.06674639123268558	-0.027127673293355792	0.054088496458954353	0.04248712233219562	-0.040779547618871086	0.0750920246498032	0.0638118778548718	-0.08064671399612952	-0.08772524517627163	0.05556887234176929	0.06753077972453916	0.028912117646458388	-0.06590639329479522	0.0069270190965604345	-0.004609037368345048	-0.09931629262736742	0.07730201045284436	-0.07999779659147323	-0.0822050167581215	-0.02539319834338695	-0.031852775422962346	0.017435802794953794	0.03063684101268275	0.04513582094349437	-0.07827171465605608	0.07815833629463007	-0.01553535892908164	0.05710883871668636	-1.2700001187056453e-4	-0.0026029402378902155	-0.025696164221283943	-0.05297195844186906	0.03834861194428134	-0.2159504787823806	0.11389306000018773	-0.08294537710789636	-0.025527708914617274	-0.1506484643341348	0.04088688696945905	8.545344563119029e-4	0.08005273124176508	0.07263781958937138	0.006470603049155339	-0.07353026084959786	-0.008606590683297026	0.1336745047880835	-0.1288901321120681	0.06398796528541038	0.12420681625308141	-0.5296868818880763	0.050350313555690446	0.5623464714403769	-0.1910115161205466	MS69_SCD_4.75hr-arrest_DMSO	exp250515	FALSE	FALSE	FALSE	MS69_SCD_1hr-arrest_DMSO	MS69_SCD_1hr-arrest_DMSO	MS69_SCD_1hr-arrest_DMSO	rep2	B	C	B	A	MS69	WT	4.75hr G1 arrest	DMSO	WT_DMSO	WT_DMSO	0.182968975	DNA_content_analysis_AC250528_MS69_DMSO-4.75hr_exp250515.fcs	1.00259502	248.85743
2025-07-29-MS250701L04_exp250515_MS69_SCD_4hr45m-arrest_PhIAA_polyA-RNA	-0.003413250822168676	0.10561646156698182	0.001828676228862507	0.10075558554148827	-0.08621508402526708	0.015303770476662969	-0.07752174474378841	-0.014249224038380663	0.03539052818842401	0.06846225172836365	-0.021618135495321784	-0.01600078315487457	-0.0441522056696262	-0.007574131951204421	0.08291217853274774	0.012861983877311875	-0.03530698829419996	0.04298909129418113	-0.040348985875764694	0.024032542500603816	-0.016090737881079675	0.13725791521647876	-0.037972179457610736	-0.04158645385787065	0.05291093011868302	0.054532444501779624	0.03378139964942817	-4.1880040527547007e-4	0.02825072550343111	-0.024467472851666682	-0.021034011665886004	0.04032396543634821	-0.013116609968616435	0.05297764704737627	0.02145359812071108	0.0484406775036083	-0.005786926007527604	0.05196767019579274	0.0718048964489505	-0.058617284121798084	0.07134598412464511	-0.057057248876786176	-0.011403109714222561	-0.028497450297000355	-0.10872763943805105	0.01783663821818795	0.1310507436361354	-0.12109407608566565	-0.12636922870189313	0.0696159319326355	0.06969704689919526	0.036767188531614946	-0.09607058466714662	-0.019519646226137843	-0.053217787732754596	-0.19677151226658726	0.09822210880794534	-0.07021161500585102	-0.1207084855733225	-0.09908908070386062	-0.04431328190941474	0.056063552894867884	0.022547972472569493	0.13602966980741021	-0.11420302497107142	0.1141759376751276	0.10957430268127354	-0.029380902415330895	0.0014494979695754734	0.015034280772587946	-0.028054884772794487	-0.112823406442304	8.332539661365314e-4	-0.2527295351700498	0.23582399119170347	-0.205089825413767	0.05196601610016647	0.07770733174795864	0.09502904302520543	0.08656034758671129	-0.12089887748970894	-0.12176788222928926	-0.1639672540359328	-0.06141624309038277	0.4563848397321254	0.10930532088653248	0.053355095220643425	0.10596556157627444	-0.0690998551913422	0.22664588720769038	-0.04303436000063388	-0.3277462590594355	-0.01274796888454377	MS69_SCD_4.75hr-arrest_PhIAA	exp250515	FALSE	FALSE	FALSE	MS69_SCD_1hr-arrest_DMSO	MS69_SCD_1hr-arrest_PhIAA	MS69_SCD_1hr-arrest_DMSO	rep2	B	C	B	A	MS69	WT	4.75hr G1 arrest	PhIAA	WT_PhIAA	WT_PhIAA	0.167894203	DNA_content_analysis_AC250528_MS69_PhIAA-4.75hr_exp250515.fcs	1.003190676	243.23496
2025-07-29-MS250701L05_exp250624_MS69_SCD_1hr-arrest_Torin_polyA-RNA	-0.2045930733501488	-0.007192289618058771	0.2430668663847428	-0.1363219724927261	-0.19544601923955804	0.013804016548837323	0.17842014857103614	-0.007332374815024739	0.0861757509397195	-0.04229666073433597	0.11942098677773894	-0.05805810433587232	-0.11606121554385876	-0.03658825389251217	0.19196388629010896	-0.06910404437228637	0.04029519311667156	0.12148585310917345	0.06992440804111576	-0.05868674421060912	-0.14560453989413585	0.06662235985631448	-0.14898226555959648	0.009448978887920342	-0.04944759395048151	0.05276628203881562	-0.08407189534067597	0.06575015675601888	-0.20136528102662607	0.06248780868060554	0.02743899295608078	-0.08550092922727189	0.16267221142606555	0.013344274383415644	-0.029581822358746047	-0.05765730787482138	-0.054049029041741914	-0.034385913908631306	-0.076191181308659	-0.08060866891017412	0.09082328762773328	-0.03815748681086186	-0.09516913435735697	0.006880798708310619	-0.11883209199150574	-0.17477395945398216	-0.05099811855513282	0.10343889112433571	0.14892919610772756	-0.08651381210804575	0.12717838304624499	0.07817248393209547	0.033283228217054234	0.06164013170682089	-0.17711726720481916	0.0622675015376126	-0.17607188012383043	0.010350102498597247	0.30043528080586285	-0.27846827405888913	0.11747435127615176	0.03121343289391766	9.999287363775177e-4	0.051862171448123766	-0.05419262595753128	0.2281643625111726	0.008287666657694393	-0.0035703469691720463	-0.09858652256135	-0.023810997128486725	0.003531469551557685	-0.12114948053817562	0.060448462747744604	0.05549220045229885	0.15055706511250533	0.011742318304966156	-0.02303494554808061	-0.01803581783931162	-0.09691848573235912	0.0949661320733778	0.07622929899815063	0.08882297296012613	0.06134983525106197	0.013045326681870539	0.02456306025463742	0.013268547688066729	-0.03463264031638722	0.04802016664641621	0.03717897778155393	-0.014106101784252362	-0.006466886232398135	0.007814974634906035	-0.010888175153938858	MS69_SCD_1hr-arrest_Torin	exp250624	FALSE	TRUE	FALSE	MS69_SCD_1hr-arrest_DMSO	MS69_SCD_1hr-arrest_Torin	MS69_SCD_1hr-arrest_DMSO	rep3	B	D	B	A	MS69	WT	1hr G1 arrest	Torin	WT_Torin	TORC1 inhib.	0.71470222	DNA_content_analysis_AC250708_MS69_Torin_1hr_exp250624.fcs	1.45207426	70.78698
2025-07-29-MS250701L06_exp250624_MS69_SCD_1hr-arrest_PhIAA_polyA-RNA	0.07673869582529927	-0.038165724744764415	0.11786999312655942	0.03915251861891856	0.024324718708049177	-0.006163831430876637	-0.06999993405764793	0.055211956477838275	0.010150903569832056	0.03985071978713965	-0.05137290113022393	-0.1519935168927741	-0.10271188118054461	-0.04842477948409755	0.02102936448788905	0.015908226657594993	0.006431402275179125	0.004481462892863809	-0.20702097282585652	0.020837317785411487	0.014385100693378214	0.14155357812265648	-0.03929105684656961	0.12303947789797996	-0.020075103517021024	-0.09684691202225908	0.05674717631696063	-0.08761819416837276	-0.0026003585247084703	-0.020205831486691743	-0.04450488693304841	0.10965322789090007	-0.11542161381370294	0.09516152990299755	-0.04409875797201416	-0.025058011759466908	-0.16429246290586597	0.16521336223769278	0.043729810498720434	-0.009771345962618362	-0.15905720062670262	-0.04245358765364053	-0.03156979263932361	-0.0903231615615058	-0.010681214387311606	0.029162393835467492	0.08850852184047173	-0.006266193699266481	-0.07302040388764382	-0.02594002890399155	-0.07872722851358835	0.07418774365744676	0.03911401702884976	-0.031856117227053414	0.01877886159430134	-0.10107181085403298	-0.2075963565965605	-0.040371092872592745	0.1748934424610894	0.03658292594863265	0.12662654876053425	0.042308320623593	-0.08626695388038028	-0.13092086255924393	-0.13159249768414025	-0.0017415571285563905	0.015428433793143268	-0.038691969005212344	-0.016937744783961692	0.1672969277959174	0.009074107481350823	0.053693638284659534	-0.24795691161996927	0.18238243827022504	-0.03341937906210697	0.10527012254118429	0.16109508200930683	0.040390921662969814	0.05270106234054675	-0.05362473961211031	0.04479204318761132	0.011810335733345908	-0.07115387727166439	0.03751882705639016	-0.010073751684289176	-0.11129277525310194	-0.20097568472243946	0.32953432723926485	-0.29858076149150187	0.010449525571658458	0.17812564801561775	0.0018082090895982096	-0.23339925071191103	MS69_SCD_1hr-arrest_PhIAA	exp250624	FALSE	TRUE	FALSE	MS69_SCD_1hr-arrest_DMSO	MS69_SCD_1hr-arrest_PhIAA	MS69_SCD_1hr-arrest_DMSO	rep1	B	D	B	A	MS69	WT	1hr G1 arrest	PhIAA	WT_PhIAA	WT_PhIAA	0.751830914	DNA_content_analysis_AC250708_MS69_PhIAA_1hr_exp250624.fcs	1.310880829	69.1459
2025-07-29-MS250701L07_exp250624_MS69_SCD_1hr-arrest_Torin+PhIAA_polyA-RNA	-0.20533917948479946	0.009329528717899188	0.2513713880051898	-0.15640385786327643	-0.15334835464731034	-0.11027062853603041	0.10731155127752309	-0.014970379828036342	0.022710529925919785	-0.015374556057053264	0.001630713853854037	-0.034677260164043294	-0.12347689120885232	-0.09782749281064103	0.17841310619187048	-0.0038925352038756975	0.11742784008918852	0.09898494058466442	0.04304902845669582	-0.06811880959801216	-0.13596854548563156	0.11461808074504011	-0.08948872294757755	0.02270162648001918	-0.05679090781231995	-0.006199978652981476	-0.034933386581061765	-0.09959932979484983	-0.2728878168923902	0.08012069458409604	0.05830912538562714	-0.14207286699037608	0.03790350741398256	0.07579210904576489	0.011467667504831741	-0.1666074025500406	0.03022438772223644	0.05430686974856813	0.10715181951674388	0.057078398613937376	-0.10521388559502293	0.041487766221994946	-0.0352864471833932	-0.042016559858356305	0.04571525771364477	0.16361337648031732	-0.005291434824622417	-0.20179321639576656	-0.04233800548156234	-0.07970945430689078	-0.09524035357343655	0.18477128915655036	0.061221854212201915	0.002270976639543922	0.25822995370738266	0.037522124094898794	0.04036875362347631	0.0876687951060632	-0.3180008958492431	0.14640685030445147	-0.06847203079829357	0.1054671399199472	0.020906523653458717	-0.05487581446726248	0.12060420767151245	-0.09319283737242072	0.1581883882332855	0.03784913604782052	0.03320377986027227	0.030736990751129775	0.02579141732069302	0.10501883697519347	-0.08323086628968313	-0.08470810332711695	-0.16135400826644317	-0.05950156706541458	0.01314387743093062	-0.06475401853059262	0.14774876545024454	-0.05542091478029282	-0.06380369066909693	-0.03231452314800428	-0.05057957837287423	0.015768517380568944	-0.00975281981530458	-0.021588154997488146	0.08888529377202797	-0.0806974244219646	-0.02028367372384437	-0.010904698472347756	0.01086978580967487	0.018824179715547246	0.03560842011246579	MS69_SCD_1hr-arrest_Torin+PhIAA	exp250624	FALSE	TRUE	FALSE	MS69_SCD_1hr-arrest_DMSO	MS69_SCD_1hr-arrest_Torin+PhIAA	MS69_SCD_1hr-arrest_DMSO	rep1	B	D	B	A	MS69	WT	1hr G1 arrest	Torin+PhIAA	WT_Torin+PhIAA	WT_Torin+PhIAA	0.704984355	DNA_content_analysis_AC250708_MS69_Torin+PhIAA_1hr_exp250624.fcs	1.55296585	69.4778
2025-07-29-MS250701L08_exp250624_MS69_SCD_4hr45m-arrest_Torin_polyA-RNA	-0.17198175488014306	0.2307907009136756	0.08224659667490344	-0.0775754910141368	0.2263180326840619	0.13477674210058238	0.04257639988317181	0.14302268693824655	-0.05117204845859359	0.13791623817991766	-0.0890230520255167	-0.01693393237147643	-0.141736203182402	-0.04542013686411905	0.03610539516736263	0.0655636120356157	0.039017184916158076	-0.027433877250992767	-0.06610379636185638	0.1233716142620954	0.06235587461861692	0.00328453689690813	0.05484528660042167	-0.007941048001217407	-0.11363624844222338	0.1572728630948079	-0.042622512655986614	-0.11289271203618446	-0.023475120881232006	0.08251781155637795	-0.04290066145928467	0.246983916411592	0.19083302753162995	-0.05026458225255118	0.0851189070194355	0.07458591912279555	1.9060804576329776e-4	-0.10530592800425635	0.05367940635820955	-0.007579328519907508	0.006736770589240651	0.013306263172712092	0.0286972472532312	0.035473951291961944	0.016278290375524102	-0.05653772861451096	-0.08303248222479685	0.10607816542427032	0.00797440713419938	0.05569650809014857	0.07849378853731298	-0.08189680948489697	-0.036656959977870156	-0.09986506489213572	-0.07886404962000026	-0.04448457440870583	0.06366676053051719	-0.044315449357498725	-0.025369047383497493	-0.12592296988153728	0.06619472243457934	-0.08957462539081672	0.07264156228262662	0.1262861553038364	-0.23559984533781664	-0.022095365988136953	0.16332108914977447	-0.07785108942692226	-0.045457649303398816	-0.2510237714988866	0.22654992008445007	0.16001774273450223	-0.03103038177946687	-0.029647308430301857	-0.21412109442315228	-0.15477378952132972	0.14856517780930145	-0.043267373562601935	0.1535142389971257	-0.17031377661395675	0.08408828853940133	0.04363258426871303	-0.06017609390295408	0.08259087619314329	-0.10896963230041302	-0.055595239811555515	0.044962074386889025	-0.05484835436249091	-0.02559497464409111	0.038563335076958916	0.03940825538617278	0.011486863969497923	-0.01841534513918514	MS69_SCD_4.75hr-arrest_Torin	exp250624	FALSE	FALSE	FALSE	MS69_SCD_1hr-arrest_DMSO	MS69_SCD_1hr-arrest_Torin	MS69_SCD_1hr-arrest_DMSO	rep3	B	D	B	A	MS69	WT	4.75hr G1 arrest	Torin	WT_Torin	TORC1 inhib.	0.302421599	DNA_content_analysis_AC250708_MS69_Torin_4hr45min_exp250624.fcs	1.007743771	261.7467
2025-07-29-MS250701L09_exp250624_MS69_SCD_4hr45m-arrest_PhIAA_polyA-RNA	-0.005288208980329865	0.1279535743584571	-0.0024217943417664993	0.1035491076866968	-0.05552083493768409	0.002055036265431715	-0.09313519879065882	0.016996959574234298	0.06230502351599672	0.0012755266406294316	-0.10011178692906181	-0.016374383575306184	-0.05061701287119343	0.014613795613716583	0.12884369683997307	-0.001970115672822814	-0.03919016790893724	-0.020905405709058696	-0.03642217559841905	0.02815030426984185	0.0218225453878297	0.10977236127493348	-0.03124183686231766	-3.4870123364526186e-4	0.03940301720162418	-0.0012823209258203093	0.011989810412555056	-0.02798913999814656	0.011516883165169233	-0.010854764451554628	-0.05266862670188346	0.029122632316116295	-0.04481951061696222	0.04559742653495143	-0.06644769072875553	-0.031291209579775596	-0.03368492521107241	0.13865105146373968	0.017195074560407888	-0.020856738927944665	0.019342595309495562	-2.3028996341368222e-4	-0.01500727952075379	0.0478507875810896	-0.06953063843306936	0.15311001747638914	0.01914527668395367	-0.06279854667758257	-0.18088594337152863	0.07536849230810966	0.11810125529144591	-0.03745950446812612	0.008306733933680912	-0.04449765044063461	-0.021900951794718612	-0.06500538561780525	-0.07018657088750829	-0.007366971174971368	-0.018898435247287612	-0.06788005772915272	0.03197577611728671	0.09440139853010393	0.025251210124941012	0.04877571606154945	0.043143470902555	0.2610645299107887	0.020772642447673545	0.0912208851884827	0.13105952314275884	0.05161895831692569	-0.03938315925123376	0.13341133809450892	0.1485651199902054	0.060319771452413365	0.1372925297305922	0.09614756050228922	0.059774519844320154	0.18026089109540364	-0.04528107601694894	-0.11307033075007236	-0.025991017401962514	0.079088399177578	0.1257539476913312	-0.2263354706727032	-0.2780044185197748	-0.21090566236984556	-0.16594262982159141	-0.5052534047367107	-0.07369376404470385	0.1379687845620178	0.09331347408125401	-0.03816244387967826	0.13422355688665968	MS69_SCD_4.75hr-arrest_PhIAA	exp250624	FALSE	FALSE	FALSE	MS69_SCD_1hr-arrest_DMSO	MS69_SCD_1hr-arrest_PhIAA	MS69_SCD_1hr-arrest_DMSO	rep1	B	D	B	A	MS69	WT	4.75hr G1 arrest	PhIAA	WT_PhIAA	WT_PhIAA	0.256542497	DNA_content_analysis_AC250708_MS69_PhIAA_4hr45min_exp250624.fcs	1.001109907	265.12978
2025-07-29-MS250701L10_exp250624_MS69_SCD_4hr45m-arrest_Torin+PhIAA_polyA-RNA	-0.1691003392942752	0.230049601481129	0.07779828754322961	-0.07860914407197186	0.22740643361092394	0.12122347561989144	0.03689562940226123	0.13828728035873566	-0.051987753462047655	0.13276253902940516	-0.08659806042499141	-0.017221396640888457	-0.12452389226486416	-0.07999549276922663	0.02551983559594293	0.0230339280176727	0.07894446736781373	-0.02506788728408019	-0.08759093008496659	0.10822929108298782	0.047822930979711645	0.05690450172599406	0.054813304895750585	0.07458039067365582	-0.11359216201579413	0.10741556120859233	-0.026630208455684225	-0.1340061038270891	-0.05478043647086319	0.10506158737021891	-0.024155938529517033	0.26984992671994845	0.20193179939304087	-0.04832268323114975	0.1864645847972936	0.09057559531654553	0.012112423156679262	-0.09971258139644763	0.03837837126015137	0.0025320484547216786	-0.052671717415441216	0.023289516250854597	0.034184388394167424	0.06288599447668276	0.04571035257116758	0.04134878911537034	0.056773041060230595	-0.060850795856571986	0.00159445735342463	-0.06294679646154996	0.045805800153214574	-0.037029728768681484	0.07899397674797418	0.05690427348343263	0.08472510841863853	0.09781269978525206	0.04638723122263357	-0.008787780582432361	4.575655399258009e-4	0.15327694087958804	-0.09077866820106935	0.01652195145920678	-0.05867193492876727	-0.17052419721251674	0.21015427860994484	0.0028350681434519778	-0.20915149382518994	0.04751950188026322	0.0137863955353789	0.19070297900530706	-0.18227376090323455	-0.10497068502136701	0.02758617944428222	0.04005972331946189	0.27193239017407317	0.14552211360249687	-0.14841493060401204	0.05887813232343813	-0.166510445742611	0.1407222297689596	-0.08356706392571614	-0.06075837948919085	0.05908725392821171	-0.08831032824540781	0.05067237104986136	0.04368423678964413	-0.035639289318542204	0.08097398064707786	0.03132508602758982	-0.02815553631707444	-0.040328728252238176	-0.024762096718881643	0.01595529465372418	MS69_SCD_4.75hr-arrest_Torin+PhIAA	exp250624	FALSE	FALSE	FALSE	MS69_SCD_1hr-arrest_DMSO	MS69_SCD_1hr-arrest_Torin+PhIAA	MS69_SCD_1hr-arrest_DMSO	rep1	B	D	B	A	MS69	WT	4.75hr G1 arrest	Torin+PhIAA	WT_Torin+PhIAA	WT_Torin+PhIAA	0.300132535	DNA_content_analysis_AC250708_MS69_Torin+PhIAA_4hr45min_exp250624.fcs	1.000837718	255.60631
2025-07-29-MS250701L11_exp250624_MS756_SCD_1hr-arrest_Torin_polyA-RNA	-0.18848607750233445	8.033194196152107e-4	0.23991025185146492	-0.15693018239040812	-0.21199432264684542	-0.06908825288764599	0.04429563731607482	0.013029648896929376	0.03520471497426984	-0.08004787670389656	-0.05110313347428464	-0.02536469714350979	-0.06640583093430305	-0.005294881899598013	0.14846796125336753	0.14917938557142327	0.07280750022015153	0.028707863464226595	0.05880465375101082	0.028895123640723223	0.050363931895395654	0.07033565092363672	-0.03850675440132023	-0.13916761899220118	0.0295239209858825	0.0849802614696106	0.014163663243127587	0.020866381720253544	0.09701141385889489	-0.052896181920063304	0.003873775450578893	-0.1974142040424478	-0.08855931868795883	0.04358846313097289	-0.03600769004933249	-0.02550054550851414	0.1391654634378288	-0.017294572863514594	0.01834062558417056	-0.04140664828078495	-0.07551320238399255	0.16027659575229766	0.23076701093030308	-0.09026963746228953	0.03058796391514458	0.05036348754726418	-0.043859402097053884	0.126560429824494	-0.035717607261843524	0.20247003710701028	-0.039628755627044265	-0.3501430977598293	-0.20227024604362082	-0.09306485023637055	-0.15351539515757462	-0.05807617502599859	0.18513883095146988	-0.10062451642677488	0.0954123082861859	0.19922536391033716	-0.02590195892469905	-0.14954320581350472	-0.052583461842080174	0.016991289829064254	-0.08001617506037804	-0.18099442862578888	-0.1906235514885588	-0.13394872131136876	0.08307185165711611	0.0021471347078659063	-0.0501360711463157	0.034473602767340614	0.037429035929891476	0.10731614346809114	0.037348908171719444	0.07472356028026975	-0.0022436008698022408	0.06413920940595184	-0.04135056652364959	-0.04141794043401169	-0.024771789189131227	-0.089441420630423693	0.0038153156844594307	-0.02280523085650338	0.026558395908918803	0.003843790734064763	-0.11373875807836041	0.02527335671414411	-0.02747453297245095	0.04754930980576834	-0.015448862832764407	-0.008616347897177395	-0.06335972155154533	MS756_SCD_1hr-arrest_Torin	exp250624	FALSE	TRUE	FALSE	MS69_SCD_1hr-arrest_DMSO	MS756_SCD_1hr-arrest_Torin	MS69_SCD_1hr-arrest_DMSO	rep1	B	E	B	A	MS756	AID-Bcy1	1hr G1 arrest	Torin	AID-Bcy1_Torin	AID-Bcy1_Torin	0.854943536	DNA_content_analysis_AC250708_MS756_Torin_1hr_exp250624.fcs	1.44560734	64.05203
2025-07-29-MS250701L12_exp250624_MS756_SCD_1hr-arrest_PhIAA_polyA-RNA	0.18243566854245366	0.047455620025229975	0.11733385514908795	-0.09674245707724456	0.11517083219561265	-0.06890797597765091	0.08612314710122457	-0.01589760150948999	0.015110317604617837	0.11704644331990197	-0.1758253397229282	-0.012131771531188953	0.011213910818822767	0.1535954577343982	0.13646640428209758	-0.12072109036561801	-0.057641069646484556	-0.03444307760816001	0.04912482877286376	0.0734491368183885	-0.01608470004588371	0.1683374868642171	-0.011772083688433004	-0.04565650582626618	0.030960123095349883	0.003624585002726477	-0.010168546745500837	0.011331468129103291	0.03331019535982414	-0.04204637260507913	-0.06764002021281719	-0.03140551154541903	-0.008676355208569922	0.09857125615930452	-0.218359534329273	0.06555272501539898	-0.20472017011811733	-0.0638911860131634	-0.06777627440110463	-0.034983524940427065	-0.08030547356052807	-0.058222956411879793	-0.06464959324634513	-0.018209693627123023	0.028175274319936598	0.04795523826960511	-0.005811870465439261	-0.06025844836048418	-0.06427900509270976	-0.04047153848627124	0.08163753041219932	-0.0012153145964164194	0.1416818905277235	-0.02233962530564393	0.05437532677746153	0.10872611389175604	-0.049925036379159564	0.007072034270912511	0.05059835019547112	0.1406541498858586	0.0922891000433315	-0.19620113134654207	-0.010048279342906712	-0.06535871796065895	-0.09789596503034252	0.043054800438169526	-0.19005306426413182	0.034545305923957034	0.10228580613413145	-0.014048813909207824	-0.02194514873215351	0.1064305434446631	-0.11472887997760477	0.012490652731163343	-0.09690328849939255	0.080300953140737	0.09670915159514014	0.006774088661701962	0.08311507879106847	0.09391710402822043	0.3643056633451803	0.04422602617228824	-0.0832555072259394	0.00222221276926625	0.23360230833295237	0.23608003117440865	0.03681997861135379	-0.18925026716092397	0.24553992017838608	0.010580629988353732	-0.13225311620588637	-0.04921676688308014	0.085572990965629675	MS756_SCD_1hr-arrest_PhIAA	exp250624	FALSE	TRUE	FALSE	MS69_SCD_1hr-arrest_DMSO	MS756_SCD_1hr-arrest_PhIAA	MS69_SCD_1hr-arrest_DMSO	rep1	B	E	B	A	MS756	AID-Bcy1	1hr G1 arrest	PhIAA	AID-Bcy1_PhIAA	PKA hyper.	0.87356717	DNA_content_analysis_AC250708_MS756_PhIAA_1hr_exp250624.fcs	1.272306893	67.00578
2025-07-29-MS250701L13_exp250624_MS756_SCD_1hr-arrest_Torin+PhIAA_polyA-RNA	-0.02554430369297845	0.007818285993747289	0.11574081597517051	-0.2478418074216874	-0.11909228229321304	-0.3112125905852645	-0.23275845988067376	0.007371343983049022	-0.10511923484996058	-0.01622207093027747	-0.3121693883185183	0.1295124457731149	0.17165257231576533	-0.04048408964603812	0.018815304471580783	-0.02948056980034864	0.05962306962534779	-0.051499194902383985	-0.29422057838398724	-0.03636359655482353	0.042381098282809025	-0.05443857369518357	-0.04967079923168057	0.046506872693919885	0.06594708295166352	0.10312197864278524	0.0440403428887699	0.024303076042383888	-0.0012965968347271866	-0.005396544558342191	0.013623386248360769	-0.009404537424815044	-0.0062037709116789085	-0.08889405804185768	-0.034500455284701345	0.059505073702459596	0.03639220839215182	-0.02218222302909078	-0.17354167165862855	0.03802571691032028	0.05129305954314669	-0.0032853268190887078	-0.03603750984446593	-0.027777092136524732	-0.034937730891356863	0.10265949694384026	0.0737004312485377	-0.02829934856825888	-0.0012152782648764593	-0.08082306555175393	0.02221714343655122	-0.03940569345954604	0.1755474575915855	0.005025927186730473	0.002624221948577324	0.01536101946378162	0.04522509360335569	0.11833648311717651	0.05705970251059871	0.009010347306984703	0.028090822353103707	-0.14188665611234352	0.05950819585927295	0.01142980718521647	-0.13270607166183473	-0.0791262092465536	0.041460347653709276	0.18238556109242302	-0.23145979361876556	0.03747567933395877	0.09037789749754442	-0.05952717116210599	-0.006562310535672658	-0.2315901838745844	0.028947176943590048	-0.10629775680748904	0.02496170332338948	0.1622290040934997	-0.254841140300558	-0.025571335485434145	-0.024697755148982457	0.0901373476456789	0.03764004597380512	-0.005871597994935018	-0.11750060881045815	-0.02115007359707425	0.07718024807841495	0.0858873398632575	-0.013053939796381028	0.0028123918930949756	0.06109769837703571	-0.03072709336386842	0.033249359434410465	MS756_SCD_1hr-arrest_Torin+PhIAA	exp250624	FALSE	TRUE	FALSE	MS69_SCD_1hr-arrest_DMSO	MS756_SCD_1hr-arrest_Torin+PhIAA	MS69_SCD_1hr-arrest_DMSO	rep1	B	E	B	A	MS756	AID-Bcy1	1hr G1 arrest	Torin+PhIAA	AID-Bcy1_Torin+PhIAA	TORC1 inhib. + PKA hyper.	0.836462819	DNA_content_analysis_AC250708_MS756_Torin+PhIAA_1hr_exp250624.fcs	1.48043394	64.85363
2025-07-29-MS250701L14_exp250624_MS756_SCD_4hr45m-arrest_Torin_polyA-RNA	-0.08073257885340814	0.16370118018197177	0.013311661036669427	-0.20533549175485524	-0.007541889196238955	0.13479645674087992	-0.226450593569212	0.16475209967643753	-0.05655475051861425	0.004937647104953189	0.07307164862298259	-0.05237783021351003	-0.08367844865660425	0.09443486190571343	-0.04712121049027055	0.1227542953928375	-0.039679541956139285	-0.010325673009279758	-0.014670951565754028	0.14555651710375317	0.12335668224858412	0.2913001369757647	-0.0702944798086479	-0.1376889833789359	-0.0874263360127677	-0.01458329361289672	0.01943923980636145	-0.13074231169771686	0.3955728374329775	-0.01878168473371673	0.1406704617686342	-0.28048509066125454	-0.24915480132536477	-0.1962834222821524	0.12667528235060146	-0.008689885356718705	-0.017045516748828135	-0.1380128369167199	-0.20079273288873847	-0.030859170241158397	-4.353923714063316e-4	0.11149338579844324	-0.17308684610019878	-0.07028089352721216	0.01451753215064558	-0.06363725414727636	-0.09409728550671217	-0.013226877641219105	0.08831954906340808	-0.09320512571831106	-0.08183688395699254	0.17524672780310158	-0.011964168369197841	-0.001165012478677429	0.033037794493374815	-0.034772146924992815	-0.09466417701291127	0.05287531574787587	-0.01553944966907585	-0.07558804729192997	-0.03650446128962924	0.07643752600243467	-0.017547472705531725	-0.003184717882614292	0.10234949527432231	0.04593515481435771	0.046837382721159566	0.07459806230319352	0.038774599813961134	-0.018775167934670985	0.004986272572228869	-0.03877668580705794	0.012252851103042051	0.014544296712720823	-0.0408654860818716	-0.004623931973838007	0.010436918306376134	-0.029912323455687444	0.03821332338846609	0.04807092659408364	0.007045984575270241	0.05656028135481908	0.009160113355540171	0.004157919381356685	0.03371972696526929	0.0010989736464160973	0.006303601700037626	-0.021294923446510784	-2.537725639845965e-4	0.00221627503017601	0.002279371203820271	0.018630690550409005	0.010471295491162498	MS756_SCD_Large-G1arrest_Torin	exp250624	FALSE	FALSE	FALSE	MS69_SCD_1hr-arrest_DMSO	MS756_SCD_1hr-arrest_Torin	MS69_SCD_1hr-arrest_DMSO	rep1	B	E	B	A	MS756	AID-Bcy1	Large G1 arrest	Torin	AID-Bcy1_Torin	AID-Bcy1_Torin	0.320817244	DNA_content_analysis_AC250708_MS756_Torin_4hr45min_exp250624.fcs	1.000470523	269.76155
2025-07-29-MS250701L15_exp250624_MS756_SCD_4hr45m-arrest_PhIAA_polyA-RNA	0.1829181760868894	0.21668041158539494	-0.024276039023951743	-0.11951053424749268	0.010186842550893162	-0.05427231146205101	0.17379702488275514	-0.11283690238068231	0.053186052201152016	-0.07255280243789002	0.005246092559502314	-0.06989791893434187	-0.13365548857596465	-0.005962078440382865	0.07402843095765844	0.10820060702116263	0.04581865177966806	-0.16810142015063345	-0.11924524105452645	-0.028854073402795125	0.02649417239372791	0.019974212643223403	-0.011121534668250457	-0.029862582246513482	0.04432509141809062	0.12603004490689834	-0.03934627746867906	0.055071159325582465	-0.02454011833768696	0.0023887752665997545	-0.22355300489039875	0.07115615977754433	-0.18076096189072285	-0.022399700862576217	-0.1838732276600149	-0.018320921287079447	-0.026138345185971554	0.12136685440727692	-0.07811032477699316	0.033659829799833126	0.007882907828355561	0.09378002397173477	-0.0030474792343214516	0.05591242163586769	-0.011867962781330597	-0.00951470596094744	0.07589927523301261	0.12613710160719652	-0.1501583530338639	-0.10944950745973692	0.019051457666233746	0.051516927393996985	0.14248903477733516	0.012170467153329872	0.07091670864407532	-0.07239728728117396	0.18791617917553577	0.2571074611213407	0.043012361196313215	-0.22716626701723938	-0.29635286841854114	0.01399560121768979	0.11455427799693993	0.1977046335817078	0.14200047004002841	-0.05475483747402893	-0.04330013657665487	-0.07833085068855396	-0.017583277883021282	0.005179231623577153	0.018448934878884313	-0.07493138213643001	0.026282277355477928	0.3402168434850038	-0.05388858231955772	-0.10915419294526586	-0.054132470950526985	-0.03763548782990256	0.028020869552405438	0.028291791639271677	-0.073169020620823	-0.06941906165855499	-0.019905325625059103	0.03921969267920517	-0.018980625207496903	0.0423499746375744	-0.012698396055059223	0.05946569041495086	0.012367766421423216	-0.05562147001430525	-0.038514616910323575	-0.021376945711187645	-0.002661326406997893	MS756_SCD_Large-G1arrest_PhIAA	exp250624	FALSE	FALSE	FALSE	MS69_SCD_1hr-arrest_DMSO	MS756_SCD_1hr-arrest_PhIAA	MS69_SCD_1hr-arrest_DMSO	rep1	B	E	B	A	MS756	AID-Bcy1	Large G1 arrest	PhIAA	AID-Bcy1_PhIAA	PKA hyper.	0.356388216	DNA_content_analysis_AC250708_MS756_PhIAA_4hr45min_exp250624.fcs	1.00034569	258.81605
2025-07-29-MS250701L16_exp250624_MS756_SCD_4hr45m-arrest_Torin+PhIAA_polyA-RNA	0.07036023556273958	0.2237676398236002	-0.07210992573824268	-0.3232263817620334	0.0901760184732597	0.03452208965150482	-0.35308621280092706	0.060575050226233065	0.027190131240853323	-0.20724283340328514	0.2259703410229574	-0.11298404828534088	-0.0032080348563109117	0.11525596709872513	0.03273170243986122	-0.09929325923968474	-0.018919183963808133	-0.014631127924700824	0.10374795757572126	-0.08405898651165135	-0.06612032290917463	0.06255396556640382	0.018085930033395772	0.015395432462845927	0.03802642583027179	-0.00922336212136479	-0.08065019321566207	0.04165619301829194	-0.0947968294466511	-0.036809755412030354	-0.08007759926744998	0.13524787066208332	0.05857022788022495	0.037594315820396164	-0.2173155541131181	-0.032523077735071716	-0.008524824547467993	0.17898841065656648	-0.058856020053054604	-0.07345384223195389	-0.022885662920483888	-0.16657688275030927	-0.03529263276470039	0.01715977218620632	-0.2284473612466126	-0.008677779189982589	-0.014442205486894037	0.1899065541674881	0.30709903904514185	-0.037083415743652884	0.056460597992899125	-0.16929260602428772	-0.083354271407718	0.17026498589220462	0.11038988128297941	-0.019378626666470083	0.06756457305100937	-0.14312827735921455	-0.13002993924980724	0.16124028558894177	-0.009670055707073735	0.0865270276622323	-0.04204880592229899	-0.0047213921455047225	-0.03252596598597545	-0.038887205571795695	0.0625458271783397	-0.03345422705266009	-0.02330553705948242	0.05964655988198938	-0.01573384083420733	0.017450248296251174	-0.01756101409621595	-0.04743236355220083	-0.04256329425415204	0.04098870848160905	-0.008363233125574488	0.07067549784498237	0.013584481554563687	-0.026143317064294527	-0.023276548767827886	-0.035235161902289425	-0.01313316567040625	-0.026462998582078526	-0.020284736553294304	4.8683351431685044e-4	0.01157825394224638	0.004781858267221663	0.01108020615989948	0.014796606115477071	7.23780808846527e-4	0.003906428391015017	-0.0143735648886206	MS756_SCD_Large-G1arrest_Torin+PhIAA	exp250624	FALSE	FALSE	FALSE	MS69_SCD_1hr-arrest_DMSO	MS756_SCD_1hr-arrest_Torin+PhIAA	MS69_SCD_1hr-arrest_DMSO	rep1	B	E	B	A	MS756	AID-Bcy1	Large G1 arrest	Torin+PhIAA	AID-Bcy1_Torin+PhIAA	TORC1 inhib. + PKA hyper.	0.297277878	DNA_content_analysis_AC250708_MS756_Torin+PhIAA_4hr45min_exp250624.fcs	1.001162866	278.21851
2026-01-03-AC251128L01_exp251111_MS756c2_SCD_1hr-arrest_polyA-RNA	0.10510159604370264	-0.04359612166262663	0.1308316164879619	0.024060374378400255	-0.003010104501126197	0.04386555360440245	-0.0757480098692602	-0.012082828140407877	0.01080882806657716	0.00853296336354369	-0.038379149842871885	0.00807875633030125	-0.04025522561367948	0.06998336645785758	0.016017941174141816	0.07032726456314212	-0.12250501476959821	-0.12079526972265675	0.23727289123791073	0.040629689813359744	0.23581498757032973	-0.19625409051147316	-9.508008486845495e-4	-0.05618432196145763	-0.10921773756941652	0.061027138260033434	0.0622139301571633	-0.11833930154514859	0.11798677787249452	0.1692840386536312	-0.07699593361025113	-0.10070380042783375	0.11865157539074422	0.19281324546099612	0.010030939903948962	-0.18424108310915221	-0.026779812551109377	0.13247998630499497	0.20676456831618317	0.008041999596556883	-0.17478502479281627	0.10722480177297897	0.06522941356428635	0.13567287603681868	-0.12459903387606258	-0.005687032259459606	-0.08595355940321142	0.1235826883563288	0.09439351745331734	0.051947648448922065	0.09489714329951497	0.06078371694448009	0.0765534453433295	-0.034587394632278765	-0.21578191045172407	0.07148681855271223	-0.008218092583888233	0.12106299609680023	-0.01676692948155406	-0.05316089686323357	-0.12034532320778629	0.07534357386882165	-0.15207437441239707	-0.03319473339434785	-0.014667642072476434	-0.060052293400445364	0.038419793659351935	0.3105522080515185	-0.042755607225171674	0.17440914845104435	0.053140893009802286	-0.05429354606804296	-0.21654809625964275	0.007318643331289837	0.04514165153673554	-0.11600603046633555	0.17204345307879784	0.006386869780028434	-0.09499227645631847	-0.027666864636007375	-0.0902551466586656	0.04827802011968453	-0.010009588431599112	-0.02802372686353194	0.062369037909670806	0.0211239926452627	0.10268053862665254	-0.025391944732503287	0.0806281209266885	-5.07348394687101e-4	0.02427244041958689	0.021917994530357542	0.020771732391607668	MS756_SCD_1hr-arrest	exp251111	FALSE	TRUE	FALSE	MS69_SCD_1hr-arrest_DMSO	MS756_SCD_1hr-arrest	MS69_SCD_1hr-arrest_DMSO	rep1	B	E	B	A	MS756c2	AID-Bcy1	1hr G1 arrest	no treatment	AID-Bcy1__no-treatment	AID-Bcy1__no-treatment	0.512613174	DNA_content_analysis_AC260123_MS756c2_no-treatment_1hr_exp251111_G1-arrest.fcs	1.33957	66.49
2026-01-03-AC251128L02_exp251111_MS756c2_SCD_1hr-arrest_PhIAA_polyA-RNA	0.179829183023206	0.012478442914457972	0.12289775136266878	-0.09113325056422636	0.07319548604585947	-0.038720702667981714	0.07775908026017196	-0.10619608373545723	0.017785830336093662	0.23317808912903548	-0.09099469305381915	-0.0032723501478712355	-0.02459361742685975	0.1970758212590195	0.0884817197260275	-0.11909749722054322	-0.16607447402374415	6.690820266756617e-4	0.158074006883891	0.11192474666144062	0.039210697630991345	-0.05676310850566086	-0.015400583488296204	-0.12386208187728034	-0.0443609815913529	0.0384194798997086	-0.03302893803930754	-0.044507043558431346	0.11504271009503916	0.0047510842221246555	-0.11652485437204647	-0.13609318341181842	0.0744131771253543	0.15731092372018465	-0.10052261057584312	0.02381890155094137	-0.154800429366032	-0.06608844188222861	0.10243055832904394	-0.02919867458331146	-0.026573032236416372	-0.004666556021229325	-0.04735227820723263	0.010202185482189362	0.013564858680491478	0.04041937717179965	-0.002107784797683191	0.0173601533057992	0.024823115864295774	-0.11645247665619064	-0.050591744050733724	0.04409520095619762	0.038108526913321034	0.019399018496114185	0.03589865614898258	0.08205946575117515	-0.06434198266285321	-0.1436352450530927	-0.06058341771541377	0.06882106572283771	0.051777769482139434	-0.05238258587957318	0.1305190080744435	0.12375427934241609	0.1672612384299093	-0.09209184346559476	-0.012376049603234457	-0.16259752718476753	-0.10700466772794995	-0.18179279791602204	-0.09953341933380978	-0.04425314914607694	0.2748462648354463	-0.2085072321638186	0.04369914679929304	-0.05505275799117141	0.021651237621858166	-0.06234824835493054	-0.025237302335803243	0.14739011953417708	-0.1318266048104653	-0.06303800339347998	0.0577200731257531	0.0037218104436715026	-0.18893516928119308	-0.2083210925136362	-0.10386696460151862	0.1601003074463166	-0.2209754538537175	0.03733047863940687	0.06704207567955964	-0.022333002232508017	-0.08569583536817806	MS756_SCD_1hr-arrest_PhIAA	exp251111	FALSE	TRUE	FALSE	MS69_SCD_1hr-arrest_DMSO	MS756_SCD_1hr-arrest_PhIAA	MS69_SCD_1hr-arrest_DMSO	rep2	B	E	B	A	MS756c2	AID-Bcy1	1hr G1 arrest	PhIAA	AID-Bcy1_PhIAA	PKA hyper.	0.501318743	DNA_content_analysis_AC260123_MS756c2_PhIAA_1hr_exp251111_G1-arrest.fcs	1.29282	69.52
2026-01-03-AC251128L03_exp251111_MS756c2_SCD_1hr-arrest_Torin+PhIAA_polyA-RNA	-0.023371424215462358	-0.02894171697046733	0.10995419794490441	-0.2484378624643351	-0.15378740909648156	-0.2827752711618724	-0.21857268892086873	-0.0663169888890295	-0.13524336273667817	0.10984162916385688	-0.2045944539570139	0.12469165334433326	0.1425167685917923	0.032799642350404966	-0.041303245390685465	-0.045900081369011886	-0.09712241115450454	-0.027370548539478786	-0.239971024484467	-0.005799985892809837	0.11635322097916165	-0.2476740520151132	0.05630119965555386	0.0754438018940666	-0.021176504623991926	0.08237911329769448	0.012099186133347834	0.03999122054902591	0.004232307816501867	0.13402374350823268	-0.028459733427338912	0.05204667950126834	0.07858146852612387	0.031388515390709644	0.08642157629746432	-0.01563472585370758	-0.02028998260119885	0.0033898947605540144	0.07788584224536359	-0.03472052323698711	0.02929238066690636	0.005474391771493091	-0.031010589880309764	0.05105414296216728	-0.00211140310747714	-0.15472647134315134	-0.05728384682026793	0.0305598555378923	0.044473350526771295	0.08047265958540224	-0.027103126194596955	0.11086044103501562	-0.1751494189817377	0.07238555015239413	-0.00958740520604076	-0.022605666645029304	-0.08762643269548971	-0.12412371734520483	-0.03856839886363684	-0.09057212696542793	-0.010616247803619262	0.1634235288248873	-0.04847999696384044	0.009047471967127475	0.13085972317587324	0.1439203286912418	-0.0021467999632300305	-0.15074580473671254	0.21196586962779534	-0.039385705270666795	-0.06947873475367332	0.03808697007590677	0.01837175895425277	0.21714186528454585	-0.0041580626484201575	0.08909886068900606	-0.025371805826021193	-0.1546893211264781	0.24164059947555389	0.015537806490139874	0.003368767577820281	-0.10168276031677326	-0.05125291093500313	-0.01146861037646896	0.1148818998175638	0.029197370970204965	-0.06751735916060321	-0.07859054533186484	0.023457333485681138	-0.02099057942813819	-0.07817750122569374	0.03707557806690962	-0.021888026125305885	MS756_SCD_1hr-arrest_Torin+PhIAA	exp251111	FALSE	TRUE	FALSE	MS69_SCD_1hr-arrest_DMSO	MS756_SCD_1hr-arrest_Torin+PhIAA	MS69_SCD_1hr-arrest_DMSO	rep2	B	E	B	A	MS756c2	AID-Bcy1	1hr G1 arrest	Torin+PhIAA	AID-Bcy1_Torin+PhIAA	TORC1 inhib. + PKA hyper.	0.479100416	DNA_content_analysis_AC260123_MS756c2_PhIAA+Torin_1hr_exp251111_G1-arrest.fcs	1.42225	66.88
2026-01-03-AC251128L04_exp251111_MS756c2_SCD_4hr50min-arrest_polyA-RNA	0.04926126855632199	0.08601408774218673	0.0046048265657462105	0.03743431257901537	-0.18874037277840577	0.052597057690806824	0.02183947094578245	-0.08690767097212578	0.044893617696774996	0.1323814954896872	0.11641784166249788	0.030384363177482596	-0.06646955262656262	0.002191607689948614	-0.019100481934359738	0.048394613914488356	-0.04082601109449612	0.05095794586655078	-0.12115621183347348	0.031691414112956826	0.145136089874529	-0.06191445879752762	-0.0711054905247656	-0.1538325512950653	-0.06870420106846553	-0.08781469173643715	-0.05326227864278495	0.131137623686206	0.030381290234941374	0.034615699513248464	0.019774117365164334	-0.11863531297634816	0.0784269081288944	-0.016320918728372893	0.07921536406689052	0.046351145191555934	-0.07386016368911208	-0.017876704236129557	0.04667996635318284	-0.1007141858087557	0.05177755695223741	-0.07461399692734853	0.13686933879614907	0.14111979348366377	0.05605572831630708	-0.24884631141431537	0.050154617276958136	-0.04591184843683766	-0.05559434829246354	-0.21410387739000064	-0.010920228159266899	-0.08533464153086608	0.06894835307879899	0.04672937172818693	0.03824602501301777	0.10834401815835117	-0.027123868999903523	-0.11353834140545417	-0.02553776628376791	0.1425036509465423	-0.08441741562122776	0.10167214530211797	0.12253703751306182	0.0038964669309331985	-0.08515313068675487	0.033909659054001534	-0.026443086796091142	0.11074929985739733	-0.16996168079387522	0.009409107515141978	0.013568418157607745	0.0689970986304602	-0.06916275449385688	0.07265486206936154	-0.010967438221959126	0.016690639836753493	-0.20366999793253154	0.4679250052843847	0.10900648220184914	-0.10505298356841995	0.07293897113221337	-0.1243710090868581	-0.2718750401511646	0.11090871281536857	-0.03197224481570411	-0.031194259462852605	0.05024461632550946	-0.08955787470818442	-0.05310200855241278	-0.10409616478959471	0.036121748153599816	0.030804744903426565	-0.030629382937669224	MS756_SCD_Large-G1arrest	exp251111	FALSE	FALSE	FALSE	MS69_SCD_1hr-arrest_DMSO	MS756_SCD_1hr-arrest	MS69_SCD_1hr-arrest_DMSO	rep1	B	E	B	A	MS756c2	AID-Bcy1	Large G1 arrest	no treatment	AID-Bcy1__no-treatment	AID-Bcy1__no-treatment	0.156125548	DNA_content_analysis_AC260123_MS756c2_no-treatment_4hr50min_exp251111_G1-arrest.fcs	1.00081	262.46
2026-01-03-AC251128L05_exp251111_MS756c2_SCD_4hr50min-arrest_PhIAA_polyA-RNA	0.1694812004761039	0.15763702673292107	-0.018051445329549044	-0.10813428388772957	-0.06196552199688245	-0.013066530108348915	0.20509396572648433	-0.2111171385900912	0.04541377292669425	0.07771603993329113	0.18391846510683846	-0.00590107877003357	-0.16797002641002692	-0.01527286203903452	0.024624759914363102	0.034361667804084395	-0.04230973791814346	-0.05395550285150056	-0.12259044531789222	-0.020058466496032584	0.058946275212014496	-0.2285428444536668	-0.07647550388145703	-0.03232278392237738	-0.1447964644714564	0.06803050281409109	-0.054915346860675694	0.09547723465889986	-0.004286423768624438	-0.07710724322027403	-0.08164672443272739	0.011605694809734538	-0.12039731197628195	-0.13462485304714025	0.057718042084580784	0.02933352051274243	0.12418904780553526	-0.04599291751206281	-0.041078169258202714	0.022896029348872502	0.06331945952035663	0.17478438682791975	-0.054839014815108174	-0.09418614219903074	-0.05676534976784828	0.041004323655437214	0.2726553469000428	-0.09185112848612455	-0.005520571018906584	-0.04462535536327311	0.013591884603661683	0.035036680388869444	-0.07468527894920712	0.1150090557624886	0.04365360378198365	0.0034373083556626955	0.1377106130932305	-0.3050354934996489	0.03165098769225045	-0.031401662621279386	0.165042454346754	-0.04582314107458136	-0.3864342628049464	-0.16682976897406052	0.025674401075984548	-0.023299745081371642	0.051784829305859904	0.12299174544035858	0.02802569777317608	-0.023694659657455	0.05263624912696827	0.06320790403425432	-0.045221011119869134	-0.08919672961741598	0.006411387371916412	0.03470574141678437	0.14492974945437265	-0.08339541981338029	-0.027673766464250352	0.017510674906182282	0.035120904805074286	0.12410119942356337	0.020268123178070377	-0.054154623771389	-0.008193029353090468	-0.08329171987502176	0.06409033852721241	-0.045369980836676455	0.024268242823222857	0.029021843936867665	0.02374665389232857	-0.016341495686589	0.013912879573372543	MS756_SCD_Large-G1arrest_PhIAA	exp251111	FALSE	FALSE	FALSE	MS69_SCD_1hr-arrest_DMSO	MS756_SCD_1hr-arrest_PhIAA	MS69_SCD_1hr-arrest_DMSO	rep2	B	E	B	A	MS756c2	AID-Bcy1	Large G1 arrest	PhIAA	AID-Bcy1_PhIAA	PKA hyper.	0.154636216	DNA_content_analysis_AC260123_MS756c2_PhIAA_4hr50min_exp251111_G1-arrest.fcs	1.00095	267.91
2026-01-03-AC251128L06_exp251111_MS756c2_SCD_4hr50min-arrest_Torin+PhIAA_polyA-RNA	0.03732456139513927	0.1437818854637469	-0.057272337668182266	-0.3238626479206933	0.002693123961065029	0.037748647835979685	-0.36736237236907804	-0.05414041066067358	-0.0732628030884714	-0.004956772544328674	0.37690107509880955	-0.08581972692311479	-0.00591987387051034	0.042190701904464535	-0.04120225768800827	-0.13883321018084938	-0.1487563371095433	0.0819151798826681	0.08744571768988221	-0.09457428620730353	-0.017241021165024288	-0.0597117552350312	0.0013860224130799762	-0.0035143552393337276	0.009586671354361509	-0.07668463754260832	0.0095536344980743	0.020639732816130577	-0.1608193018856402	-0.011922628075224208	0.05512921748993617	0.011024603885878885	0.042515945231342604	0.0874637071323102	0.09211070401879175	0.0025077307426330836	-0.01943343781722638	-0.10409194368079891	0.18998015955935518	0.08984873286420932	0.012977723731363766	0.07504327589121254	0.1446384636192479	-0.005747668313341499	0.23235772112629852	0.05571277642007344	0.04914934935323765	-0.1599633975463555	-0.3617701616388879	0.07686928986360905	-0.03392459308502851	0.06106590872364417	0.10245420370974424	-0.18957466831164022	-0.12594016487655457	0.03579667133546682	7.219793498641521e-4	0.12169951878456736	0.1312378759319443	-0.0873276932935081	0.03727417712564362	-0.11328140169635167	0.0387760122046392	-0.008011047614659024	-0.030573787329653417	-0.009680994662889604	-0.09208291256921412	-0.01699711830783637	-0.0028236512259310538	-0.04941963460749893	0.0055528093559245074	0.002876483531197489	0.0043324502184137375	0.023674022634438196	0.04394629595824444	-0.02699246185291075	0.009504530548143179	-0.03974954901397797	-0.037091067748072304	0.010976446179482381	0.02900781171210235	0.02317799879589504	0.017334119002863028	0.020531771520798513	0.0036010339828143724	-0.004606978264365718	-0.013405286852150007	0.007313819358229196	-0.009131724428889758	-0.018564816044983945	0.0064892895792058565	-0.020069168861306427	0.00906177670180305	MS756_SCD_Large-G1arrest_Torin+PhIAA	exp251111	FALSE	FALSE	FALSE	MS69_SCD_1hr-arrest_DMSO	MS756_SCD_1hr-arrest_Torin+PhIAA	MS69_SCD_1hr-arrest_DMSO	rep2	B	E	B	A	MS756c2	AID-Bcy1	Large G1 arrest	Torin+PhIAA	AID-Bcy1_Torin+PhIAA	TORC1 inhib. + PKA hyper.	0.149360969	DNA_content_analysis_AC260123_MS756c2_PhIAA+Torin_4hr50min_exp251111_G1-arrest.fcs	1.00163	294.49
2026-01-03-AC251202L01_exp251106_MS1007_SCD_1hr-arrest_ATC_polyA-RNA	0.13630670583932028	-0.012483293004496677	0.1342837825065911	-0.010977703328481123	0.05320186712520386	0.044274345761558295	6.564311941993737e-5	0.10112614336629211	0.07629348897533893	-0.010738709565088685	0.04829213736243026	0.31260336450110726	-0.03926056986989601	0.05105870884548037	0.11701006509203958	0.02476128849912989	-0.02220546889525308	-0.040875965453890085	-0.00982399409422325	-0.04217992663137413	0.03725010790415622	-0.11522369727558845	0.1260215631831197	-0.025894410083677172	-0.17762349162514676	-0.11642078409145673	-0.03042786581781424	0.010730377124059052	-0.03552543109988442	0.0030663089869552252	0.12293777454872758	-0.0349603385117331	-0.04171849044559988	-0.01695350079487351	0.08950679771774368	-0.10128588789890605	-0.17922165774216822	0.005122185046347517	0.012921219093329259	-0.02374816050114166	-0.12424967136044987	-0.06787403447277543	0.07007101144717127	-0.14331173069475708	-0.04043688115794785	0.0738737894897425	-0.02099128298836467	-0.08037018651409412	0.022540781534790076	0.04535251754884772	0.016582607790487546	0.03919401716170611	-0.03898793975518212	-0.020727925043971383	0.1438093366038658	-0.0840274295209096	0.1703361696540377	0.004662111985675026	-0.23415548205685327	0.012373224997710913	0.12070427842395243	0.07862836359358699	0.06447691530308174	0.07974121728172291	-0.2180005096108496	0.12088315738945506	-5.512987742112526e-4	0.0031547124174364856	0.03412997322541617	-0.21144789362795582	0.09702986472973207	-0.2068172533518987	0.10015232338812653	0.26878583398097183	-0.003985045286584774	0.12313243563955488	-0.08139831562469911	0.07235643425127385	-0.23104814615995092	-0.06319654977553939	-0.0030586472830519632	0.23027088849357058	0.06228387960545743	-0.09320563420395568	0.051865622007089156	0.058226132495064475	-0.05404006199177141	0.13659814849932767	-0.005593027610132025	-0.13912959181950868	-0.05558222995846777	-0.13992041198725905	0.020302631076463965	MS1007_SCD_1hr-arrest_ATC	exp251106	FALSE	TRUE	FALSE	MS951_SCD_1hr-arrest_ATC	MS1007_SCD_1hr-arrest_ATC	MS69_SCD_1hr-arrest_DMSO	rep1	C	I	B	A	MS1007	Sch9(2d3E)	1hr G1 arrest	ATC	Sch9(2d3E)_ATC	Sch9(2d3E)_ATC	NA	NA	NA	70.98
2026-01-03-AC251202L02_exp251106_MS1007_SCD_5hr-arrest_ATC_polyA-RNA	0.047621978640028116	0.1312314574490602	-0.022381047667334182	0.04643575651374225	-0.06943712006174474	-0.012389591370435805	-0.014439707157280214	0.03973548744883448	0.16148365871532527	-1.2348170546972741e-4	0.04205850211313252	0.0971603038399792	-0.022978061320164275	0.01715302346066507	0.037909275353208254	2.555106268641409e-4	-0.03964645041680749	0.15899382128402964	-0.06617418032692626	0.023046372409803822	-0.11169565542032306	-0.1539898378591977	0.18775992286603146	-0.10675919879465802	0.033067508215343856	-0.05639327316584545	-0.02728811937374191	-0.21320637858106772	0.08276168924313744	0.13912159496014617	-0.10328717334999113	-0.020054463130497874	0.014994185089204793	0.022016245974037837	0.02612380466967493	-0.07620445025365681	0.08146120906667369	-0.02811960845013295	-0.04522917233211271	-0.12348913822443855	0.049832876666752346	0.012429180685471544	-0.020433279499179686	0.011996934682570185	-0.0010147104405358349	0.050317847411200316	0.05594822372999935	-0.04014962468394438	0.02578389030999355	-0.018114577510100417	-0.008233009487745451	0.12659479693963904	-0.06610856730491786	-0.03895579826323154	-0.015665864620908732	0.03849589430893206	0.035920749683764255	0.1709557141707945	0.03163715728232466	0.05444742472451255	0.05357587339280689	-0.02559763270903748	-0.13299312811430997	0.10071843073677945	-0.1498072034746325	-0.05623390457672551	0.12321772503241654	0.0865953663491518	-0.057068017944116714	0.25698285723323006	0.05836650642419851	-0.051396745491273196	0.16806731560150914	-0.032117784847289964	-0.02052423634944701	0.06667184093471439	-0.13515519083969219	-0.09958885629422587	0.08072033018922582	-0.06525921994131002	0.35985312902656846	-0.3388937773383775	0.0959211565652796	-0.060474722865851434	-0.2064266035965735	0.1523823905469014	-0.11742720474031461	0.10193931582353141	-0.04487356907459914	0.1705977364954149	-0.14252165873574912	-0.024622144989790734	-0.01651625771862605	MS1007_SCD_5hr-arrest_ATC	exp251106	FALSE	FALSE	FALSE	MS951_SCD_1hr-arrest_ATC	MS1007_SCD_1hr-arrest_ATC	MS69_SCD_1hr-arrest_DMSO	rep1	C	I	B	A	MS1007	Sch9(2d3E)	5hr G1 arrest	ATC	Sch9(2d3E)_ATC	Sch9(2d3E)_ATC	NA	NA	NA	293.86
2026-01-03-AC251202L03_exp251106_MS1007_SCD_5hr-arrest_ATCLong_polyA-RNA	0.0527734613572889	0.13602341911069502	-0.016015626664415694	0.03491949096739085	-0.0755352586048328	-0.03774245672207841	0.01282596262048253	0.039393034234600825	0.15688676950348332	-0.025318632299515094	0.05533240108679748	0.1133377212583259	-0.009746800766572207	-0.04740981967020792	-0.036180615068933136	-0.05274216065440747	0.010820955413952575	0.18394966761837067	-0.1220380797716466	0.009704961508770683	-0.18028684554272742	-0.09624876231984217	0.20614998137973348	-0.1273432581110699	0.07044234074856585	-0.09717526176767576	-0.0436691361532747	-0.17437162412622273	0.050314516837767755	0.15439444409702938	-0.16840261438567733	-0.013063123594499796	0.008850386156471546	0.02990349344822092	0.03746751397396824	-0.015952134503939126	-0.05407877508891096	-0.031908422657038395	-0.2947969312907567	-0.09099937492859499	0.015746296278708004	-0.032781614989532526	0.012133738202861582	0.10094089866174788	-0.040003215211611425	0.015351905830444356	0.038590592694213825	0.013783830446855052	0.030818398942750094	0.03546528911721019	-0.012331085550842264	0.046789026063149	-0.20589149983879798	-0.2069248892002737	0.04891653004284896	0.30246583232841384	0.05686257548354929	0.12041204294337443	0.06284188031692606	-2.6739602022815583e-4	0.04541677608174569	0.042212561983086795	0.07209347357020775	-0.04315649138686562	-0.058892939603402375	-0.05139393855371142	-0.11502425996536741	-0.13308142123604325	0.045581704791265026	-0.024546440804428207	-0.1925221701905215	0.10515736115727331	-0.15873132534252976	-0.010899943503991469	0.008727638735138082	-0.08707418747247204	0.1870422865283986	0.03479638596644865	-0.032902957599889676	0.09383585687681627	-0.2616708070796142	0.20638647190192236	-0.05596248813110633	0.04768550422074593	0.1211881168344953	-0.08390961443892705	0.06509869501896322	-0.08597085574670524	-0.04213806671181635	-0.04522232736745956	0.10343437983393493	0.0708388890560264	0.01795717245805213	MS1007_SCD_5hr-arrest_ATCLong	exp251106	FALSE	FALSE	FALSE	MS951_SCD_1hr-arrest_ATC	MS1007_SCD_1hr-arrest_ATC	MS69_SCD_1hr-arrest_DMSO	rep1	C	I	B	A	MS1007	Sch9(2d3E)	5hr G1 arrest	ATC	Sch9(2d3E)_ATC	Sch9(2d3E)_ATC	NA	NA	NA	287.31
2026-01-03-AC251202L04_exp251106_MS1116_SCD_1hr-arrest_ATC_polyA-RNA	0.09050209369237307	-0.04476453985431149	0.11588619178290009	0.01750921579259389	-0.0040995045486790765	-0.06174108058621291	0.05211053963038237	0.16668142008595127	0.009811637069959592	0.1842284372690932	0.18039575212972808	0.10137361369704391	0.09351591890636392	-0.04138099000434424	0.05741977060232513	-0.15258523797448376	0.03328754891759717	-0.07996331225682553	-0.16588352850341298	-0.015583374762703736	0.1294519120426247	0.1766962493904256	-0.10920961311859187	0.10989437953143412	-0.03322611999923952	-0.17830740331062403	0.17783900521436838	-0.2632739955915879	-9.717851426070817e-4	-0.1529891065774312	0.03244417320618168	0.13738113145810377	-0.16024124941641718	0.06743471902787851	-0.26538955214890736	-0.22120019197373642	0.19617890354580078	-0.2509766298744481	0.2372831342331032	0.10243059712144721	0.23237464081651787	0.09597029545483882	0.08546424484388114	0.1590020240660708	-0.11167730625660224	-0.07510086742957107	0.0867013101183831	0.09667752962022007	0.12427767051530363	-0.03902583954998628	-0.02228512926805534	0.032801720638263566	-0.08590189575941612	-0.10606947195145608	0.024608633129092655	0.12491241594966482	-2.6281687498163464e-4	-0.051905170805898106	7.663562440109119e-4	-0.03679650962437605	-0.0697112972548366	-0.035664951345099866	0.02803217140670776	-0.00609658847473347	-0.059071950617301916	-0.020929554100533227	0.06953372884028175	-0.049558061704701055	-0.006481195650556958	0.004309029385429487	-0.03059414217166471	-0.007490341231021319	0.011555394052285091	0.003967667588709317	0.014977828563455727	0.017438527989649136	-0.06343019216730822	0.011701927650485222	-0.04980493945974851	-0.005982056464432426	-0.03942762259527967	0.008353983215653032	0.005058595950267522	-0.0031397863701330816	-0.004484646503135874	0.030899059539446924	-0.0062108769233625676	-0.056680997195802794	0.04359659909638048	-0.03749074750611969	-0.017693107481874956	-0.02305401443984908	0.02762917726062233	MS1116_SCD_1hr-arrest_ATC	exp251106	FALSE	TRUE	FALSE	MS951_SCD_1hr-arrest_ATC	MS1116_SCD_1hr-arrest_ATC	MS69_SCD_1hr-arrest_DMSO	rep1	C	I	B	A	MS1116	Gtr2(s23L)-Gtr1(q65L)	1hr G1 arrest	ATC	Gtr2(s23L)-Gtr1(q65L)_ATC	Gtr2(s23L)-Gtr1(q65L)_ATC	NA	NA	NA	65.94
2026-01-03-AC251202L05_exp251106_MS1116_SCD_5hr-arrest_ATC_polyA-RNA	0.011780427212124746	0.05442526094737552	0.016952968055875713	0.10278258705742685	-0.09254244942021911	-0.25311941171961205	0.14929067282045888	0.24299490647110977	-0.14972778008303184	0.23947388056921665	0.3068934958786581	-0.07490493202781764	0.1318071361070785	0.020913786212990896	-0.09183654008281064	-0.07469401981531693	0.0031736014140809365	4.29032861613392e-4	-0.010191477877777098	-0.04071773072394079	0.056882677866295014	0.005171617730008659	5.468253741614302e-4	-0.14650863170898967	0.09441151212546256	0.043015451810204844	-0.045224044523971836	-0.139032135660828	-0.08208165634651997	0.1261992800866301	-0.02034228652200334	0.04775572035303583	-0.03244595096839471	-0.03325412183840187	-0.01656057905376546	0.024803811727610637	-0.016089724740370088	-0.03655647343743537	-0.2181846217731384	-0.00709105927367936	-0.13507307409453062	-0.013256975028899316	-5.873099536896984e-4	-0.08126780563665811	0.09564088175437664	0.15718132562723477	-0.044449971808003114	0.031383697587549095	-0.0668512895651561	0.048687228299287635	-0.057651937921987834	-0.13113693968223336	0.22285012901427467	0.30702669272485983	-0.21980539259922802	-0.008270885860458307	-0.13167810112290504	-0.027257074505450996	-0.11636668235615734	0.030128021077477134	-0.17174240286836992	0.22549939884927306	-0.13082188660564772	0.06419419109257213	-0.1744831643969425	-0.02533021310317232	-0.04454744162382293	-0.04016898663475484	0.01989685973997995	-0.07115870311992148	0.036768358473893745	-0.0188884071572488	0.05270552126039931	-0.013320087243279547	0.010979835486791928	0.01612010724626022	0.07051543566676524	-0.04708821972349344	-0.015055451186263016	-0.004171600938003677	-0.030505895600427033	-0.01910702527975478	0.012334302552528795	-0.02140313557748978	0.026516834367334204	-0.004129207602424467	-0.060753878446256154	-0.026280536228084357	0.04287550596999082	-0.04532351294316173	0.061342013540783114	-0.03861219083451585	-0.0019070637029949134	MS1116_SCD_5hr-arrest_ATC	exp251106	FALSE	FALSE	FALSE	MS951_SCD_1hr-arrest_ATC	MS1116_SCD_1hr-arrest_ATC	MS69_SCD_1hr-arrest_DMSO	rep1	C	I	B	A	MS1116	Gtr2(s23L)-Gtr1(q65L)	5hr G1 arrest	ATC	Gtr2(s23L)-Gtr1(q65L)_ATC	Gtr2(s23L)-Gtr1(q65L)_ATC	NA	NA	NA	221.56
2026-01-03-AC251202L06_exp251106_MS1116_SCD_5hr-arrest_ATCLong_polyA-RNA	0.025489284006712302	0.08822224844922222	0.023721875993880245	0.09731051862079092	-0.07917162888818073	-0.2496360568913178	0.10429422038166412	0.27861353241905146	-0.11401779880691422	0.15179496077661392	0.22630067538168844	-0.08116050849544185	0.106149171063275	0.024058239547407566	-0.048761832986996816	-0.001797860713213495	-0.013582234893352932	-0.05223159739703834	0.011669124980724133	-0.018557862700217774	0.02054044457344497	0.0020546130159242	-0.0019593057651145604	-0.14851632298137166	0.051061978769736956	0.11844466957076168	-0.024673611608282683	0.11448199698193244	0.05594790429568333	0.05846732462779038	0.026133434388849415	0.08839991662167351	-0.01845589295700625	0.0985452130572477	0.06821160136897446	-0.10028248078340152	-0.06032947798861788	0.05590475414179162	0.04302408097381606	-0.07543880417882119	-0.0058778252457633165	-0.0036017768115373977	0.06633881833341121	-0.06605514348876862	-0.029890149697526014	-0.08295664761431518	0.04867736448270049	-0.12195206458232509	0.1735715461778453	0.0439758732037384	0.19483650710928085	-0.0771953382448353	-0.0900363058194367	-0.10834110791070702	0.06952506518053257	-0.2586695825353932	0.08521911546548999	0.1709511991610991	-0.022272313207738502	-0.04443045057317888	0.3144643232032185	-0.1491791809901687	0.1634681301640509	-0.001933677830635549	0.36656579099797665	0.003471558508036564	-0.02226069986359248	0.07821722237311599	0.0095064072227564	0.09466338443555528	-0.015394315228941828	0.04399446099682158	-0.09291310524296292	-4.304141548131531e-4	-0.05310012318508245	-0.018755569094077797	-0.03719547149728015	0.05951294295942474	1.0557079957818034e-4	0.031593049058842616	0.09615932701609178	0.08776798574359965	-0.008192109311723582	0.04554720049852645	-0.038565989307001856	-0.04424239526500653	0.07681775020277526	0.06131494124268899	-0.06193009382144945	0.06587428377110383	-0.049453602827786436	0.07010986366016428	0.01135136007026804	MS1116_SCD_5hr-arrest_ATCLong	exp251106	FALSE	FALSE	FALSE	MS951_SCD_1hr-arrest_ATC	MS1116_SCD_1hr-arrest_ATC	MS69_SCD_1hr-arrest_DMSO	rep1	C	I	B	A	MS1116	Gtr2(s23L)-Gtr1(q65L)	5hr G1 arrest	ATC	Gtr2(s23L)-Gtr1(q65L)_ATC	Gtr2(s23L)-Gtr1(q65L)_ATC	NA	NA	NA	209.13
2026-01-03-AC251202L07_exp251106_MS951_SCD_1hr-arrest_ATC_polyA-RNA	0.10736694644188564	-0.04096284937600674	0.1335064286127284	0.008049355030785982	0.006008903882658808	0.07409123338158147	-0.027600987343218378	0.07056378568091273	0.0580028379858477	0.04876091741715489	0.11087225411953142	0.21737943033637575	-0.0172640291556462	-0.044967115692739784	0.0741776040014985	-0.04250240389246761	0.03732394846166782	-0.06137761121065665	-0.078418040766381	-0.12507818120114866	0.032914830955945266	0.07951095337409546	0.038110287847359446	-0.10566184350110182	0.020927442850773133	-0.0020599279792607797	0.03058507483671565	0.0855322213128606	-0.0443722175663395	-0.055306114523451064	0.018065694570939768	-0.049723070094228	-0.049976824886423826	-0.03441056140020903	0.019154815507039822	0.07918171705218284	-0.003871285391384743	0.005500869341581501	0.007664083168179264	0.07041736519287954	-0.06913736012050885	-0.09484176071069272	-0.08504497340573317	0.07208548479260062	0.09669344143289044	-0.047434273318554036	-0.1357024441762869	0.06062414050054499	-0.03199869397239696	0.061913218945399355	0.14127058389809757	0.014290925467465677	0.07813117150743859	0.09467094772839799	0.18304467152044115	0.017998534492263144	0.03310053746249244	-0.012116828161843281	0.05065587320581183	-0.05022147864133496	0.06050005634281103	-0.04475335436574699	0.004219678125197607	-0.11012373899704588	-0.08029700261968804	0.084578325651986	-0.19139426078062116	0.1610804514987303	0.10058502118475984	-0.12032726991007946	-0.0309031616641701	0.0360498136061994	-0.003056261135894963	0.0019518532245748116	0.08342403484537632	-0.09278600124849622	0.009344813120155906	-0.11326850808056979	0.04094008194745554	-0.11886509568715914	-0.24785505769247973	-0.2373640635190969	-0.015617075393631441	-0.03829729643384541	-0.1250270753727853	0.12753712574988144	0.12804912498697185	0.06439750790772128	0.07579823367109609	0.434601681869626	0.09021874406630831	0.28484246913573147	-0.2067314105725184	MS951_SCD_1hr-arrest_ATC	exp251106	TRUE	TRUE	FALSE	MS951_SCD_1hr-arrest_ATC	MS951_SCD_1hr-arrest_ATC	MS69_SCD_1hr-arrest_DMSO	rep1	C	I	B	A	MS951	WT	1hr G1 arrest	ATC	WT_ATC	WT_ATC	1.254105265	DNA_content_analysis_AC260304_MS951_N1_exp2602220_G1-arrest.fcs	1.3316	66.9
2026-01-03-AC251202L08_exp251106_MS951_SCD_5hr-arrest_ATC_polyA-RNA	0.058512518727470944	0.05655780446707018	0.023741125719346588	0.04364241383541228	-0.010110049415604873	0.021522124830382423	-0.03069827245097923	0.05972497515698289	0.12276785754336557	-0.0022279045919649694	0.025146802359182634	0.1492777928092907	0.042072903451101575	-0.00528404727454956	0.1126933156734791	0.01894963340094499	0.0035470461619876922	0.06782134005545279	-0.06660302329998799	-0.05221004516616674	-0.01865109371854034	-0.07645257251215926	0.13992200740418417	-0.14949413422252847	-0.02673754814153007	0.014763545681670882	0.06710757251087811	-0.10568309737958832	-0.02840091169004314	-0.025373765980800572	-0.0128781983587787	-0.06707692947835125	-0.005870856199095604	-0.017258812985976403	0.06225331877692774	-0.014929698027413656	0.09109504145384967	0.06798872433447842	0.2251675528430643	0.05537473050275614	-0.011326348931289622	-0.03993581468389308	-0.11111675657306264	0.00653002248378986	0.1946669788192946	-0.09688499121823531	-0.18475504867785625	0.11540976000686863	0.01416058009689105	0.08601267615483556	-0.020796862212756815	0.019050280470039184	0.12738310574859874	0.14862710318135777	0.17696296144469165	-0.3128732318243138	0.08392199483548445	0.061586675262308044	0.2653717174367588	0.06422372942945889	-0.1925905311068028	-0.07019829213862142	-0.11703004865809224	-0.07391624576483562	0.03351480446901648	0.1496929844230719	0.06434733917650474	-0.255211699711207	-0.1661991335196695	0.07240498496732252	0.04583083910869697	0.08175998667981504	-0.018348447687617734	-0.17951813404093214	-0.11084317472123958	0.09494804040811902	0.09593532466755286	0.17070739938476115	0.04750431497796984	0.24358014200867983	0.010825634422944071	0.12493199286464676	0.06991022700177836	-0.02501603990347081	0.06312645971385825	-0.13480486904950598	-0.016138381567882283	-0.034120437397124496	0.09652256769786621	-0.06323551806713333	-0.02596252460620455	-0.013048928386140569	0.026337410650099598	MS951_SCD_5hr-arrest_ATC	exp251106	FALSE	FALSE	FALSE	MS951_SCD_1hr-arrest_ATC	MS951_SCD_1hr-arrest_ATC	MS69_SCD_1hr-arrest_DMSO	rep1	C	I	B	A	MS951	WT	5hr G1 arrest	ATC	WT_ATC	WT_ATC	0.516990942	DNA_content_analysis_AC260304_MS951_N2_exp2602220_G1-arrest.fcs	1.0046	272.89
2026-01-03-AC251202L09_exp251106_MS951_SCD_5hr-arrest_ATCLong_polyA-RNA	0.007428525739579855	0.10407600676369014	0.0027905261569604748	0.08919631733330173	-0.09332475902878405	-7.450851694768201e-4	-0.052305615934693205	0.018265827754068934	0.06635062219726344	0.03608133703810792	0.0316155237028081	0.08811132634091716	0.007467647031191069	-0.01475483126042495	0.04061803820099411	-0.0356577355273357	-0.033071912421624446	0.09546707453563032	-0.03643636360083582	0.008436010170585425	-0.05428391871449669	-0.036173766054828985	-0.0135717839667799	-0.06437715080012874	0.046777076121660696	0.0013919443613238474	0.009805028839255674	-0.026690002156573505	-0.022896354576642085	-0.053064786408205125	0.03176168110615398	-0.062380250963037946	-0.03059169031748243	-0.03874257945193861	0.020424084332675688	0.14548735113950703	0.007647601530246889	-0.02753519694167753	0.046398653778655194	0.06434356093199893	-0.05627084502442803	-0.0848831954994186	-0.101906177034334	-0.04533671830886658	-0.0031013993619065368	-0.12843051436415368	-0.07779973623669642	0.060624872933915885	0.05445363511320521	0.027806174472594387	0.1900033276304065	-0.09967221618236491	0.06799902535083867	0.026087407104286142	0.05733830424349829	-0.006972585957446285	-0.015774094140255598	-0.08255091262618823	0.05107515255532178	0.057683813629721734	-0.02928914658429135	-0.1849670710135732	0.1714382056714725	-0.17854139086123885	0.022309048525783363	-0.13120063927318296	0.041146305992772976	0.13294076378474512	-0.03244375290352732	0.05587295624753487	0.10661867350135877	-0.14249475464104633	-0.1421036737078803	0.11147008294785574	0.05126332097503878	-0.08337397936419894	-0.02035970355827683	-0.432226347646454	-0.017240193492104813	4.8230289848233307e-4	-0.06377816272681247	-0.11858175525914758	-0.14947646696730862	-0.11727111671410434	-0.04716957317559306	0.014423472709048219	-0.10035549013062695	-0.2413155626505604	-0.23609905054135247	-0.29409369022608756	0.0815846475865155	-0.3046624630417971	0.055002748268945294	MS951_SCD_5hr-arrest_ATCLong	exp251106	FALSE	FALSE	FALSE	MS951_SCD_1hr-arrest_ATC	MS951_SCD_1hr-arrest_ATC	MS69_SCD_1hr-arrest_DMSO	rep1	C	I	B	A	MS951	WT	5hr G1 arrest	ATC	WT_ATC	WT_ATC	NA	NA	NA	285.74
2026-01-03-AC251203L01_exp251017_MS69_SCD_1hr-arrest_OD-0.1_polyA-RNA	0.10229438066704	-0.04271042542535332	0.13178867950994683	0.024466499069959662	0.0170078158084119	0.06215054023693438	-0.03869470095103407	0.07107631915719312	0.045891267202667854	0.030822859745275114	0.0812724318958857	0.09517725290321856	-0.08257602469416998	-0.008522528112833242	0.09966106866472124	0.08035479183690043	-0.06588025827856611	-0.059910037110557174	-0.1102960064117995	-0.006188006387335349	0.1052494424861724	-0.14796485601356063	-0.046097777927780866	0.009718003603888258	-0.21409082827528425	-0.07568708809364787	0.045240306725066876	-0.003763806329520205	-0.1072270453292602	-0.19339539941941097	0.12440208573634672	0.06400983330866591	0.024127436269378365	-0.18674761281143978	0.11449588726375895	-0.023134886847785495	-0.14037093344600204	0.19230634683749306	-0.05217147311123044	0.07052626395601505	-0.049276004279223774	-0.02518583741731106	-0.0756764649751556	-0.06062680656009762	-0.11007412276624941	0.29701180145465966	0.05975782285428722	0.08480831463816128	-0.01839941161226051	-0.12187873621400339	-0.13406403094582117	-0.158929788288593	-0.2007225063416583	-0.034024730957046674	-0.16678049043000417	-0.02771952945327315	-0.2339274040452056	0.14283062565865318	0.05960814302161685	0.03328505794186085	0.03539305943641006	-0.012753132517618025	0.05863853714394664	0.094021490380599	0.11009265712550005	-0.06829861983192598	-0.12781550965353236	-0.17881668318912344	-0.21236143780510167	0.0773037305037411	-0.07436805641643085	-0.024380286122862065	-0.051616821532924545	-0.11151217863399412	-0.03391354864821317	-0.1556279043449401	-0.17502675560935	-0.11084309269817497	0.12501151648738879	0.0244190061397123	0.03745718963894168	-0.03240928176012738	-0.020530782495663192	-0.0353293544612604	0.039839978594524796	0.05104870540893741	0.057289462670482266	-0.19147763275311558	0.07523379374428152	0.04656701593476795	0.00508770920321909	0.048490191806527555	0.016373332650917297	MS69_SCD_1hr-arrest	exp251017	TRUE	TRUE	FALSE	MS69_SCD_1hr-arrest	MS69_SCD_1hr-arrest	MS69_SCD_1hr-arrest_DMSO	rep1	A	A	A	A	MS69	WT	1hr G1 arrest	OD 0.1	WT_OD 0.1	WT_untreated	0.806773648	DNA_content_analysis_AC260123_MS69_A1_exp251017_G1-arrest.fcs	1.39602	72.61
2026-01-03-AC251203L02_exp251017_MS69_SCD_1hr-arrest_OD-0.3_polyA-RNA	0.10267431073240194	-0.02678461510201718	0.12823675598820108	0.019450020716418253	0.024922586263878062	0.0656146357518287	-0.040757047281178106	0.09590398010793386	0.0423627208568613	-0.023192444382989223	0.05038123162469563	0.12056569612504738	-4.0430029574128066e-4	-0.03289047445698465	0.07799980544665838	0.07852392158933075	0.030560851313153524	-0.09191888711210082	0.00747652575308629	-0.07800935516877658	-0.0033590304595868953	0.025892001269992956	0.024011211457335487	-0.0905620173334645	-0.0064334576055970535	0.0761439499296347	0.0346042762877894	0.09120869546758865	-0.07783782581722867	-0.10044346720197887	0.04939391814333347	0.02624444829966192	0.08233551077855283	-0.07804330694122814	-0.01060227432232001	0.022623200824718116	0.08451951094312943	0.08477835361496647	-0.0741868577376782	0.08959085402993551	0.11414375500150839	-0.051844395202053015	-0.07912081789196287	0.048998537676354	-0.05480587832914337	-0.10757262188730163	-0.025637968190062397	0.04667854944187282	0.03915237728564854	0.08308685001735928	-0.10929124334513851	0.06252332268150346	0.09318772899535724	-0.05171424966021789	-0.08803922953968868	0.12972598184718656	-0.015838741134547196	0.1693185389311423	-0.029039854643136048	0.02005902420404884	-0.049658061947448214	-0.03841260655597326	-0.19225750788626686	0.11858432702105504	0.12147715917358463	0.102959502434817	-0.22706096538586715	0.09870815987972066	0.3257393933381751	-0.05834563794228897	-0.09549187259270314	0.20233607556783514	0.04262123728831372	-0.22891765790720642	0.01413318156374224	-0.03199805892592338	0.053498817469144165	0.031319215639085185	0.05151494172767459	-0.21816218186787298	0.1108056235960368	-0.03450025423654925	-0.1276178978836031	0.0019546234140785357	-0.03417564603157404	-0.13775530670321842	-0.054550927925218	0.22989490721976857	-0.21450746965375747	-0.2560582569041674	-0.1110647270329518	-0.1803028555600842	0.13174841328810286	MS69_SCD_1hr-arrest	exp251017	TRUE	FALSE	FALSE	MS69_SCD_1hr-arrest	MS69_SCD_1hr-arrest	MS69_SCD_1hr-arrest_DMSO	rep2	A	A	A	A	MS69	WT	1hr G1 arrest	OD 0.3	WT_OD 0.3	WT_untreated	2.070269776	DNA_content_analysis_AC260123_MS69_B1_exp251017_G1-arrest.fcs	1.45245	70.88
2026-01-03-AC251203L03_exp251017_MS69_SCD_2hr-arrest_OD-0.1_polyA-RNA	0.08574815984757327	-0.016882067007211576	0.09380351701137254	0.03758511963473302	-0.03252303207991518	-0.014476681844889445	-0.08896699206640357	-2.835400646398286e-4	0.09323102239329796	0.10196045604635423	-0.04132714789690463	-0.01635630813616327	-0.2523354717113248	0.1086253894828342	-0.17875455870724877	-0.1558341806751429	0.139962466583015	0.015681882357999666	0.12287833005476136	-0.07244775430015914	-0.03260736217799065	-0.03952157093618443	-0.09563410401822481	0.18240882972989048	0.014574014715032058	0.05377248772751307	0.05343894592500991	0.012293700683352567	0.13012862268587014	0.005016767467370567	-9.788423253383812e-4	-0.016261694603939007	0.006119807002406824	0.14676783513772673	0.03590632492433365	0.008416118520557792	0.1353392435246621	-0.149078406828471	-0.15016744300751164	-0.027645186174381827	-0.1084483501449174	0.07813656410520307	0.0945374246641584	0.022445299876618034	0.057437322856508356	0.0276155488885906	0.015229622235349087	-0.09483721525620982	7.109065475462799e-4	0.019421597371648728	0.06288384727316162	-0.07665842890652397	-0.11221827294870228	0.14481196917880043	0.20275961409979615	-0.06113241953176832	-0.07620540899813334	0.01222064438386167	0.10958563449036948	-0.14841038277327706	-0.03566656272299497	0.08582280233535121	0.12202170897009511	0.07248778299398621	-0.039833594820972255	0.07350827390728688	-0.17341745313724594	-0.09070262094685565	-0.18176831921487083	0.08356926304133903	-0.04722954698854938	0.02803574155817375	-0.08563993735783772	-0.06393206831759701	-0.078274015586325435	0.046879668030011847	0.035274350660649254	-0.048965806364194855	0.06514447094863063	-0.2964862171851674	-0.013157475757597148	-0.038398534560694274	0.018363042987695505	-0.29651214191901304	-0.03161434408279679	-0.14708791271569932	0.17243828851438003	0.0937996558404954	0.11740628620986801	-0.11549719390655416	-0.17160052933742356	-0.12364049328261435	0.007328096644801721	MS69_SCD_2hr-arrest	exp251017	FALSE	TRUE	FALSE	MS69_SCD_1hr-arrest	MS69_SCD_1hr-arrest	MS69_SCD_1hr-arrest_DMSO	rep1	A	A	A	A	MS69	WT	2hr G1 arrest	OD 0.1	WT_OD 0.1	WT_untreated	0.605780582	DNA_content_analysis_AC260123_MS69_A2_exp251017_G1-arrest.fcs	1.07391	84.64
2026-01-03-AC251203L04_exp251017_MS69_SCD_2hr-arrest_OD-0.3_polyA-RNA	0.0895949008541844	0.02736087500799489	0.08861939498019145	0.040158141288766845	0.010612461991460945	-0.052283376272476985	-0.09958115096653346	0.09136732566337404	0.1626993988960334	0.002859311559226347	-0.09701105241886984	0.02021482327515035	-0.18228919199729512	0.14408820364011174	-0.14267761115924887	-0.13490838565106794	0.1815976176860608	-0.016303114907758053	0.11754115118897533	-0.07676927156467195	-0.028239113672739843	-0.1588002978671998	-0.03495078435699676	-0.019647751789827406	-0.1300199569590419	0.04076741849310467	0.024914373589313227	-0.05068291312688147	0.06267364025620398	-0.2343931873928465	0.019378500621561847	-0.04592336453482322	0.13533405353053754	0.04317510977452999	0.020064477150587456	0.04087748797792658	0.2640208534094487	-0.03000394803358392	-0.07221284311567716	0.0448567409385787	0.03308658702557193	0.014026126650928073	0.040008895547692304	-0.06181474932773485	-0.0026240625184486385	0.027991657661548385	0.07341096520133815	-0.10724814404005767	-0.007030353329106862	0.01219104157831695	0.06417338603112412	-0.08445236825140268	-0.020623514403821475	0.10919450260476492	0.058935935762325004	-0.028869353711594006	-0.11036214290875393	0.12270578300380057	-0.04359989574164519	-0.014411703219204543	-0.017902655438026376	0.05072443633715595	0.04333169522603453	0.028990235006897198	0.07787773643196064	0.05417842001382184	0.12976714038714487	-0.049268448843452675	0.15908561566244675	-0.04619570489298494	0.1090515404313698	0.14391768910175592	-0.02450997191114191	0.10334505978141188	0.12847189259376066	-0.05489603005482535	0.04475492781666563	0.06347304811046608	-0.1267290960728454	0.17907445550570983	0.07993158293287443	-0.08637181381025763	-0.02476115173574949	0.34709221052197686	0.008206354270503724	0.19893043645448538	-0.148870075411257	-0.00678556741084058	0.005631386092236048	0.0032688479223601866	0.33036017207667395	0.01901430783064641	0.031202270481523124	MS69_SCD_2hr-arrest	exp251017	FALSE	FALSE	FALSE	MS69_SCD_1hr-arrest	MS69_SCD_1hr-arrest	MS69_SCD_1hr-arrest_DMSO	rep2	A	A	A	A	MS69	WT	2hr G1 arrest	OD 0.3	WT_OD 0.3	WT_untreated	1.631449331	DNA_content_analysis_AC260123_MS69_B2_exp251017_G1-arrest.fcs	1.07049	84.48
2026-01-03-AC251203L05_exp251017_MS69_SCD_3hr-arrest_OD-0.1_polyA-RNA	0.05399206509615166	0.035813695727736156	0.061571982460889345	0.0755739649192879	-0.07677468522301163	-0.05466609179239409	-0.07872254433115422	0.06488991222047716	0.08434315056772017	0.05926965378155576	-0.07815873916965631	-0.037624919551890304	-0.2289264451888678	0.12184044124741866	-0.17125378889023365	-0.03139459007313629	0.1129972749778949	0.006391384786583341	0.06262646306243519	-0.059517966631204344	-0.04888479912936216	0.005098412525052299	-0.04254548121339684	0.08383919313170506	0.028438605389395993	0.0701452781808182	0.11661062017310947	0.09966522048668086	0.009268831104421954	0.13004611220617215	0.09783984431520358	0.1670659695526306	-0.033205305770537916	0.021739810604095012	-0.046924262941073956	-0.08649369431085122	-0.08829653402296926	0.042308978801968634	-0.021839386725933187	-0.09431749601935985	-0.0585397270048057	0.038546583454067106	-0.024501252473212064	-0.015179735104847521	0.03371799817370915	-0.08413073653694783	0.0012909352805851241	0.06017707287206401	0.0500803893613569	0.056446065998206375	-0.10751063562525776	0.11844459514414128	0.13077340077029526	-0.11183708007922152	-0.06155814775875724	-0.03344559540654159	0.146730891780997	0.04761079909669609	0.0719349730361993	-0.026400854309891326	0.08308565932641096	-0.109706643257414	-0.2249344349446564	-0.017672040209660476	-0.07742366518690705	-0.07684531663470773	-0.026641890916235776	0.06397998373190078	-0.011594960153737155	-0.055144435130141736	-0.09125074854761404	-0.1524192400999011	0.16846047118477575	-0.1610988922332342	-0.19594175366627076	0.1664947989330605	-0.33972872488775857	-0.03318495563586755	0.12602670769450708	0.014651840248938851	-0.2282400398757308	0.10082432106630984	-0.2094171150464687	0.08970655243973094	0.009451747473922413	0.042249754267549185	-0.16110421097906952	-0.1583057214345015	0.07437968907626613	0.03952247082286913	0.20390110923167026	-0.04287997221828186	0.02919695909948092	MS69_SCD_3hr-arrest	exp251017	FALSE	TRUE	FALSE	MS69_SCD_1hr-arrest	MS69_SCD_1hr-arrest	MS69_SCD_1hr-arrest_DMSO	rep1	A	A	A	A	MS69	WT	3hr G1 arrest	OD 0.1	WT_OD 0.1	WT_untreated	0.60661872	DNA_content_analysis_AC260123_MS69_A3_exp251017_G1-arrest.fcs	1.00702	133.51
2026-01-03-AC251203L06_exp251017_MS69_SCD_3hr-arrest_OD-0.3_polyA-RNA	0.056172853132923306	0.0630985334363547	0.05150507023121754	0.07725488391766266	-0.0397643878437324	-0.05113309751499169	-0.0937894122557795	0.08006240184865711	0.11941599976239502	-0.0011367807215217447	-0.10765530715935712	0.027902146619588397	-0.1436925192831195	0.07774771975779639	-0.17608798918889826	-0.08172804647847456	0.19810627679444437	-0.04854464274517142	0.07698315523692736	-0.09879280795574967	0.011729769839489066	-0.01584902708474689	-0.04713669227295553	-0.12112850613453847	0.004865112427917131	0.06450911812904732	0.01361791993091272	-0.02647039739717133	-0.15437642379034103	-0.0970189617459745	0.032438644074109825	0.03726228713172865	-0.058171534042381304	-0.016462333977485206	-0.00345741974759369	0.13274102685121078	0.009585269573779556	-0.038382245143354476	0.015445561269944327	-0.015135821349422244	0.012104250421460542	-0.04430997974808007	0.003183206524757021	-0.04021830733087122	0.009198215110018348	-0.038606556649275266	0.0032462719098604455	0.05264903923994987	-0.045404469021078406	-0.030416658299720418	-0.033528105241711535	0.05722410941097126	0.055283718053748425	-0.04623717852313262	-0.14467742477105733	0.04955090430462732	-0.07989111205172121	-0.05594933436817033	-0.05509046675816126	0.030580721582371784	-0.02997015307217676	-0.03213131899279433	-0.048058847258402364	-0.022525191163995963	-0.013729285772309188	-0.09599403927378496	0.12522455626901713	7.416141013787002e-4	0.035581063149389774	-0.03219139892464158	0.0478560748720861	-0.08658404135062625	-0.06454370805260312	0.07940153836607888	-7.331866675199947e-4	5.917440571738141e-4	8.739504887412685e-5	0.08715973050576603	-0.011644078709961182	0.15304450929484062	-0.041205221754420034	0.10279695115031316	0.08288212216179061	-0.0653063498195668	0.0486785649773355	-0.010058803895254974	0.08370041196499235	-0.12818805014320014	-0.3740355238037075	0.0850782447004308	-0.5693273670745725	0.25560645377738267	-0.09040270928504952	MS69_SCD_3hr-arrest	exp251017	FALSE	FALSE	FALSE	MS69_SCD_1hr-arrest	MS69_SCD_1hr-arrest	MS69_SCD_1hr-arrest_DMSO	rep2	A	A	A	A	MS69	WT	3hr G1 arrest	OD 0.3	WT_OD 0.3	WT_untreated	1.102620522	DNA_content_analysis_AC260123_MS69_B3_exp251017_G1-arrest.fcs	1.0028	130.03
2026-01-03-AC251203L07_exp251017_MS69_SCD_4hr-arrest_OD-0.1_polyA-RNA	0.01951673535822772	0.045518526492651	0.035963666736479424	0.09452468323720997	-0.11987260402090033	-0.027003091729057037	-0.0565113631076405	0.00836095990857769	0.06341954273737123	0.11659580222621398	0.007949915059621273	-0.0029521744028627415	-0.15236103670129197	0.02365213942855169	-0.08719078247214031	-0.04190437236540437	-0.02126019018474322	0.039626299376913504	-0.011585724537293769	-0.027881628617930657	-0.07667623195187609	-0.019777816470277505	-0.003631050529559219	0.08677901371980695	0.026739938703143003	0.005767467574851353	0.09941547979632706	0.18175363669418257	0.007949638399750547	0.09843991082152938	0.14428915305643655	0.10760499410423799	-0.01464585886115895	-0.1558107181937931	-0.03919419757395512	-0.15090986492775232	-0.16149808543862287	0.01133739808595031	0.03317179548145419	-0.06990205348920427	0.016057327916741006	0.021631419318905068	-0.08129094086014817	0.03434723036511159	0.1115829099898689	-0.050242208616112484	-0.09829411120480479	0.18151685151777558	0.006080141441909538	-0.12089606516281001	-0.17442803712440447	0.03479793248222459	0.009694193829255425	-0.10136872698224111	-0.02481264124650513	-0.12100105766726828	0.17861902593604803	-0.08538420437372192	0.03429604700321194	0.11799965510319704	-0.0937533518206001	0.15823965975986776	0.13511723950385776	-0.15208998316298267	0.09445451424055223	-0.10959761695164487	0.06982786105266978	0.012724878584346991	-0.10538595909560103	-0.0689381033832304	-0.1659714486477817	0.2312338718111513	0.1264849388783971	0.018872496404831084	0.18516737218415485	-0.11934568399888178	0.2910409417455481	-0.0870499539689898	-0.2411212841131594	-0.19430300929323432	0.19441900151280717	-0.019291424256912004	0.11996092466145904	0.056153005714691784	0.06044503028559625	0.15749737214475726	-0.04066788026614235	-0.015749396128577734	0.02082908119654488	0.041604132432974526	-0.03893643058609948	-0.026614248099243294	0.025973602384016286	MS69_SCD_4hr-arrest	exp251017	FALSE	TRUE	FALSE	MS69_SCD_1hr-arrest	MS69_SCD_1hr-arrest	MS69_SCD_1hr-arrest_DMSO	rep1	A	A	A	A	MS69	WT	4hr G1 arrest	OD 0.1	WT_OD 0.1	WT_untreated	0.344394472	DNA_content_analysis_AC260123_MS69_A4_exp251017_G1-arrest.fcs	1.00083	198.5
2026-01-03-AC251203L08_exp251017_MS69_SCD_4hr-arrest_OD-0.3_polyA-RNA	0.023323557235573226	0.08532168361142885	0.02444535052906975	0.09306761696184898	-0.08724400084850041	-0.027032183875137946	-0.06818849697098571	0.051857693578389624	0.07982169857129624	0.010596573539046	-0.06566322537663104	0.04764653797116846	-0.0702716750989557	0.021019644431109794	-0.07907570284188484	-0.07188255948031634	0.07793106467581876	0.0021651938437139253	-0.001166817291151124	-0.04107365671816405	0.009333503194156993	-0.010743351281868563	-0.05396439430788192	-0.13353954794209083	0.03368015037107787	0.050161146802407956	-0.025159449747241727	-0.021291233663378595	-0.11956128888359581	-0.11726392413685137	0.04787955898226668	0.004144295420349983	-0.025094802649678245	-0.054931728849695875	-0.02858395374711842	0.14102935490989135	-0.059029426292711816	-0.020310937171115605	0.021732137094973694	-0.0014752367655734432	0.03299621646066651	-0.09769738778279448	-0.015540653923474828	-0.021102092873093375	-0.015692454236016493	-0.05892977253366699	-0.03458315847055196	0.034391854662732806	0.003625391705524536	-0.0033353346798294984	-0.06782833707366251	0.04466225610933579	0.03650641427404137	-0.16832697673612357	-0.18056816688276267	0.10058359387595225	0.04548054599305461	-0.08054615986040427	-0.13272207076885478	0.06327457207732327	-0.027228440631370483	-0.09756582301999811	0.06635431123318022	-0.04004376615612755	0.04008737966624798	-0.035676462748635354	0.13496416637955477	0.05445886230845549	0.08590369049835976	0.07974259044493628	-0.031899305608859105	-0.06571124601021258	0.005488688951500117	0.19187228429269815	-0.01187169263202466	-0.057395223496062894	-0.03591337816866416	0.014712797932983185	0.1620224036979413	0.06881668435458357	0.14687734183451281	-0.05754012247468187	0.2318059524842173	-0.2212913522730492	0.09307405110799828	-0.4073394170598423	0.13297931114193592	0.22313533833529806	0.3605119606448042	0.029242270205076654	0.2914465232309556	-0.01577758723318878	0.020000313763140945	MS69_SCD_4hr-arrest	exp251017	FALSE	FALSE	FALSE	MS69_SCD_1hr-arrest	MS69_SCD_1hr-arrest	MS69_SCD_1hr-arrest_DMSO	rep2	A	A	A	A	MS69	WT	4hr G1 arrest	OD 0.3	WT_OD 0.3	WT_untreated	0.742882588	DNA_content_analysis_AC260123_MS69_B4_exp251017_G1-arrest.fcs	1.00074	195.48
2026-01-03-AC251203L09_exp251017_MS69_SCD_5hr-arrest_OD-0.1_polyA-RNA	2.4103634061448616e-4	0.07488117209115082	0.012322058377023947	0.09702927600688437	-0.11590516722863899	1.2435036042830354e-4	-0.04830592180871397	-0.010489696354211374	0.012762498668098301	0.09173553858750574	0.05568506727351102	0.014591221981186672	-0.06353585034005865	0.014213868209169199	0.0540930072367808	0.04476204619996389	-0.15088260648529783	0.06854512098845417	0.014993352791095826	0.093717366879774	-0.1003294494517608	-0.08203857120168392	-0.010917762165538311	0.19876117033917282	-0.038837546857936875	-0.02016603103353904	0.10104853413383595	0.175045909064773	0.06801898584438734	0.0847790726271101	0.13219921172413632	0.009677820087452235	0.06852756492747393	-0.1419894823193318	-0.09934488871082271	-0.06801958724792675	-0.10865270929492866	-0.11141446341677486	-0.04133349691374355	0.0689617295753058	0.01685354604501283	0.0687327548601472	-0.032789759263589964	-0.0910725554418071	-0.11450752933081597	-0.006827099073037398	0.05626658684483647	0.04935710442606408	-0.004592426612279841	-0.06521299718846817	-0.017762096864474546	-0.15988808169508464	0.09727453880216597	-0.10589961314348617	-0.019191205898734107	0.09125686893879775	0.08643761106330367	0.037681125506204956	-0.1318443766543743	-0.030462404130181905	-0.14986556483992694	-0.05317313730468461	0.14379204898482312	0.058614864407958246	-0.037506211179513735	0.16872715020112133	-0.10266722364707218	-0.08868567681586276	0.1759054338347716	0.21121759583768004	0.39830474192678433	0.031113721473923224	-0.07430381604520706	-0.1292654355152084	-0.05752761288918066	0.324699018483045	0.1223257172583103	-0.06033707290080598	-0.02047196969377422	0.18712427177053262	-0.12310655283450396	-0.1329136224354856	0.025213183016675262	0.029709799200101018	1.5079188625876958e-4	-0.07336938386496937	0.08612826103087586	0.05476798047949874	-0.04814382049072427	0.05826128764161304	-0.019932183342595423	0.13517068754634665	-0.023682984184123592	MS69_SCD_5hr-arrest	exp251017	FALSE	TRUE	FALSE	MS69_SCD_1hr-arrest	MS69_SCD_1hr-arrest	MS69_SCD_1hr-arrest_DMSO	rep1	A	A	A	A	MS69	WT	5hr G1 arrest	OD 0.1	WT_OD 0.1	WT_untreated	0.298155108	DNA_content_analysis_AC260123_MS69_A5_exp251017_G1-arrest.fcs	1.00021	288.42
2026-01-03-AC251203L10_exp251017_MS69_SCD_5hr-arrest_OD-0.3_polyA-RNA	-1.5950591268353947e-4	0.10930254062083401	-0.0016525211342243702	0.10087912927201619	-0.08615187087151446	0.006636167598735217	-0.060805810641065064	0.012154321706135778	0.012772171478325517	0.02581590822664713	-0.04460774088775785	0.015768846170577812	-0.027608667119640513	0.002018138677162483	0.107563468798442	0.014190255777659797	-0.05708439159474942	-0.012866603429696949	-0.011271404666505364	0.016532418646021427	-0.004601683642314154	0.004143557698390665	0.003763912418744675	-0.07297803888402012	0.043795876366617775	0.036067862216332326	0.012169022274228506	-0.026816753913443254	-0.06161443683932299	-0.07211778500629579	-0.05476189445939933	-0.07709596951869391	0.02869393071577861	-0.015187881465030978	-0.06287578255438232	0.12377364913338292	0.03589799542993742	0.037339635078663065	-0.001596983120176713	0.008862624916243178	0.031425242143899274	-0.037841680326193346	0.020056702900296024	0.026589119611673408	0.02355881332528732	-0.09735252712632218	-0.03834794778502864	0.02232350325555527	-0.11520631948313638	0.030878808639767812	-0.07872535967674418	-0.06146555673311034	-1.3380589761489784e-5	-0.11901003152624014	-0.09665360717413057	0.011895508488416086	-0.07708526744339181	-0.09794875509219189	-0.08183462072495698	-0.09079970501561321	0.015320830454080848	0.18423650143717893	0.035458420079608775	-0.023903673034673983	0.14679663395071432	-0.11328951161305785	0.07823428266976767	-0.06347808783023975	-0.009747559362359125	-0.015153672438378793	-0.029386253980218463	0.03732181378409315	-0.20310058501089678	-0.08251573384015688	0.03838210986211143	0.2438061291087008	-0.026594221159705958	-0.019842660673564855	0.10486361663391992	0.04355150355235684	-0.07887323445204969	0.3134951808619904	-0.03729312093428388	-0.07332092771403247	-0.41657023089836687	0.4150481067383228	0.07883002605584388	0.21388153653382733	0.17892334365966392	0.06577438001831755	-0.042484460815067175	-0.22124583702855338	-0.023970225850710458	MS69_SCD_5hr-arrest	exp251017	FALSE	FALSE	FALSE	MS69_SCD_1hr-arrest	MS69_SCD_1hr-arrest	MS69_SCD_1hr-arrest_DMSO	rep2	A	A	A	A	MS69	WT	5hr G1 arrest	OD 0.3	WT_OD 0.3	WT_untreated	0.66208257	DNA_content_analysis_AC260123_MS69_B5_exp251017_G1-arrest.fcs	1.00032	276.46
2026-01-03-AC251203L11_exp251017_MS69_SCD_6hr-arrest_OD-0.1_polyA-RNA	-0.021609607521869224	0.0935078378985831	-0.0030018842812957426	0.09861771946906168	-0.09410602255473488	0.02853462063434844	-0.05375827164637992	-0.03605087353152024	-0.025295654240122846	0.1647269455122043	0.07765635425699552	-0.0167248420124922	-0.06151741521602747	-0.004435222636335006	0.1624072876174054	0.0504347395718991	-0.18131319782652536	0.054143490958767485	-0.05708774125719687	0.0788565112400718	-0.1758486051776039	-0.002078777142046776	0.06504511334847861	0.22858897679673723	-0.033142084683930303	-0.021664022911069922	0.1614390160659773	0.1949293179841467	0.21327621521354878	0.021041846046253757	0.047390673350415635	0.06333263652443219	0.19273291531139108	-0.0057240174870659185	-0.16818802493550322	-0.0909439497513895	0.13043173747251435	0.07480958416538826	-0.16430881554015017	0.1350634634901904	0.01839694874561075	0.09505240257828247	0.06590583245868563	-0.013150641903660738	-9.314735063159715e-4	-0.024611215474522257	-0.1571438383066992	-0.08678303819971196	0.002532783366498698	0.1678110659196464	-0.03187952865752354	-0.015375108017014643	0.09183897825487129	0.12033867710568694	0.07977731213903423	0.022255234804635884	-0.15054374685342042	0.07580547160961602	-0.031119093776987954	0.11568640117967105	0.026812631205700276	-0.13569349722532942	-0.14707675762114808	-0.035603159711061	-0.033783472735162814	-0.10655617043506956	0.13971901897213723	-0.01156737957866337	0.0375940111133304	-0.16882465173823885	-0.11929342437565402	-0.10696452621272524	-0.07931490722105572	0.18291207892891834	0.04450268697604994	-0.30062333147067116	-0.10274474625555481	0.14114286444785898	0.09990712568887357	0.13136734381925658	0.012118253744407522	0.057965574622711	0.10523669180238779	-0.10042289926380706	-0.05918243199852433	-0.025638058149465986	0.044787663154438065	0.035320578156050816	-0.013058462017066515	7.461155177787861e-4	-0.08344060496202056	0.02382995233995012	-0.01564312218203055	MS69_SCD_6hr-arrest	exp251017	FALSE	TRUE	FALSE	MS69_SCD_1hr-arrest	MS69_SCD_1hr-arrest	MS69_SCD_1hr-arrest_DMSO	rep1	A	A	A	A	MS69	WT	6hr G1 arrest	OD 0.1	WT_OD 0.1	WT_untreated	0.199253246	DNA_content_analysis_AC260123_MS69_A6_exp251017_G1-arrest.fcs	1.00029	349.1
2026-01-03-AC251203L12_exp251017_MS69_SCD_6hr-arrest_OD-0.3_polyA-RNA	-0.019667967111840337	0.12892931702977162	-0.012924691726415981	0.0983504794340427	-0.06373834959123892	0.041999911427219164	-0.06609757564147392	-0.019792419628607838	-0.02579760925882375	0.08059565386729711	-0.004762051870276695	0.019941810581137483	0.02829308000693474	0.0035504700980827993	0.22503883942605968	0.04983495525998379	-0.09921766516707152	-0.019448883560516217	-0.05107436762577018	0.04502723123438757	-0.06324857397875858	-0.02291739332325254	0.02123741078886611	-0.031638474223357256	-5.935387956655068e-4	4.517237916836118e-4	0.02624876671417691	-0.05204858905481221	0.050144273445693825	-0.22044084774141068	-0.0503997808650749	-0.028484815044001716	0.15703587822980475	0.07150007996907318	-0.08130037652001555	0.14755905182152515	0.19203728412461846	0.0984615173191952	-0.08102046306418391	0.13307211717238757	-0.004498100769937054	-0.056292378511198005	0.08064473515354618	0.027763967680399997	0.04583646136004001	-0.05504475923091478	-0.07609143031926377	-0.03838299949244081	-0.005881698608859844	0.053681833758028534	-0.012739333868612002	0.06800705113389435	0.09264154429661954	0.03826904447783205	-0.020199551460570335	0.053456618722466556	-0.016637860039216933	-0.037325614589123465	-0.034374084068346744	-0.11614905060338362	0.07067967550116586	0.13754106127973686	0.07349942056033802	0.010767378832991658	0.10300497898534865	-0.18187632819223742	-0.007177259587480359	0.04478295523384037	-0.15498772407535932	0.1270407713244065	0.010075187868011766	0.01634441660187412	0.18801268798357298	0.04194556053274601	-0.17084367380453058	0.2505500581358638	-0.06915133759689529	-0.1559740468463814	-0.1798564944512596	-0.2688006790202684	0.03959175687194607	0.15973990318486767	-0.045008865499890464	0.13592179194679574	0.37837906474627336	-0.12679282656024257	-0.018418039684454202	-0.01688563551395857	-0.04480538776074932	0.1610945433669435	-0.0012460806412415179	0.13855470205356266	-0.005161754016605914	MS69_SCD_6hr-arrest	exp251017	FALSE	FALSE	FALSE	MS69_SCD_1hr-arrest	MS69_SCD_1hr-arrest	MS69_SCD_1hr-arrest_DMSO	rep2	A	A	A	A	MS69	WT	6hr G1 arrest	OD 0.3	WT_OD 0.3	WT_untreated	0.472048479	DNA_content_analysis_AC260123_MS69_B6_exp251017_G1-arrest.fcs	1.00034	343.24
2026-01-03-AC251203L13_exp251017_MS69_SCD_6hr10min-arrest_OD-0.1_Torin-washout_polyA-RNA	-0.03706244816148534	-0.06951013318428456	0.046984035553031885	-0.04157407788410787	-0.1209543507445371	-0.06371088635354448	-0.08447180866907154	-0.15520876236324485	-0.050094302905790505	0.33201716225958633	0.0737017250976532	0.06545460173563232	-0.11428161736139333	0.010395062997015033	-0.12349050146445949	0.18488213488941352	0.032538420448237244	-0.1863933299841565	0.10583573867304866	0.02438786008494736	-0.12576626482531927	0.07870220403952655	0.24974201179275654	0.12686933281406343	-0.02015965008274653	-0.18861981284498386	-0.2786932908693034	-0.12061744021882416	-0.0462596770720433	-0.013995037485885454	0.00731055131926414	-0.01030298054282078	-0.04381148418319707	-0.02705374266076435	0.01658933665152052	0.04385242762353497	0.007172144130633978	0.1444441012277212	-0.010483522894126985	-0.02375946177632234	0.04811662759651879	-0.0620767905783122	-0.051261183667872474	0.05250158166586523	-0.10208093944823013	0.17242812074835429	-0.018321849594385792	-0.10338832405615112	0.07730244737215897	-0.001274234146189037	0.1846171260318634	0.07528801010054277	-0.09928617198670783	0.051958272651907694	-0.1321299094967695	-0.06049326115042969	0.018195035436389468	-0.05568919533177603	0.18859804704758426	-0.009777157405222284	-0.31082404179540096	-0.2139101816124739	0.1350002257728108	-0.06332292610097807	0.026961024802450804	-0.04491892320795437	0.09338938165816699	0.07636737001611307	0.1155268694342923	-0.14088499399219861	-0.052985655252943235	0.015299755687514849	-0.03425022814507903	-0.05270081885096097	-0.041773834503219726	0.15735573081427304	-0.05236891587257768	0.05774119485348173	-0.01787125392773758	-0.05317909228211148	0.03465518912898323	0.03887856275614257	-0.0017929160319855356	0.037965174770267604	-0.012616731581104499	0.011280132187785027	0.026187368796776005	0.06521823269091266	-0.006808710163939533	0.029906595594981277	0.009915178985613893	0.007426355656435319	0.012006575455982521	MS69_SCD_6hr10min-arrest_OD-0.1_Torin-washout	exp251017	FALSE	TRUE	FALSE	MS69_SCD_1hr-arrest	MS69_SCD_1hr-arrest	MS69_SCD_1hr-arrest_DMSO	rep1	A	A	A	A	MS69	WT	6hr10min G1 arrest	Torin_OD 0.1	WT_Torin_OD 0.1	WT_Torin_OD 0.1	NA	NA	NA	89.34
2026-01-03-AC251203L14_exp251017_MS69_SCD_6hr10min-arrest_OD-0.3_Torin-washout_polyA-RNA	-0.03203316783582514	-0.040283261518594064	0.044881580732466675	-0.029926788699151382	-0.10299453816981477	-0.07971961980754709	-0.0833354890986832	-0.09944178263494043	-0.05075438404620002	0.22877040932901646	-0.004505034484689517	0.031011314718959092	-0.05081462831049592	0.010244738103439626	-0.10797896630466418	0.24409902615733495	0.08973288297587456	-0.2192219839247306	0.1641892726219125	0.017151151236854973	-0.12439935175527188	0.12986735906074245	0.2569525013112622	0.08540296132152977	0.03400711546680867	-0.09529586126857939	-0.23526004148546367	-0.04382797053261987	-0.03367975294195307	-0.05351117983059742	-0.02603342427728438	-0.03432670946150199	-0.03723682784780917	-0.039350458483442034	-0.07728383011881741	0.1048255664193583	0.06760086418435682	-0.027926160931558367	0.09750942496453127	0.028769605872790722	0.05196924228112552	-8.669503602190399e-4	-0.03408472831670307	0.046535329908515846	0.0711240342770914	-0.15807520371575712	0.060756611940100264	0.19454897501906648	-0.06035217346934152	-0.0046342456295958385	-0.10405871624613203	-0.1153494152507409	0.07341454803725961	-0.10634885521782143	0.1262576008695534	0.02263898887351542	-0.01850953171817371	0.11094266752310908	-0.149231535764303	0.022501409931900664	0.3615357878732327	0.17537088656809796	-0.168413815221192	0.04482790493812742	-0.026215661129709616	0.09402555779970864	-0.11666243050115531	-0.06314806513734757	-0.17078369066133534	0.1496563217175869	0.13219060144694458	-0.03457060500574264	0.010484172944338892	0.028792410006365295	0.0929790075280251	-0.177352403018185	0.049981505598460034	-0.03905129140365623	-0.00772369246429749	0.07778086749054852	-0.019226364494517725	-0.018493201736811248	0.007682632100591101	-0.021612627852701165	0.00831377106920379	-0.028596008680672892	-0.04999361746128933	-0.07735310698247001	0.06019443289112851	-0.06282834065279098	0.006422083544016418	-0.013462301101930278	-0.009805957204249203	MS69_SCD_6hr10min-arrest_OD-0.3_Torin-washout	exp251017	FALSE	FALSE	FALSE	MS69_SCD_1hr-arrest	MS69_SCD_1hr-arrest	MS69_SCD_1hr-arrest_DMSO	rep2	A	A	A	A	MS69	WT	6hr10min G1 arrest	Torin_OD 0.3	WT_Torin_OD 0.3	WT_Torin_OD 0.3	NA	NA	NA	97.01
2026-03-17-MS260226L01_exp260220_MS951_SCD_1hr-arrest_1NMPP1_polyA-RNA	-0.13978511067996427	0.012591433003039238	0.24480590836952673	0.16622273452877667	0.18448382680614364	-0.19453358916860866	-0.07117903467624556	-0.15278573191435646	0.06682345744463448	-0.23663373723845194	0.15342153873163256	0.04978826854315043	-0.01656124057549516	0.0271707910552044	-0.10476119710089853	-0.06475104805943979	-0.10284309239980308	-0.27598928518090116	-0.06029030498693767	0.3099063203313892	-0.08759943532841805	-0.03459420783337833	-0.05662068670632537	-0.03810978757510341	-0.06702060029637769	-0.10984506713475983	0.030203476696880383	-0.04071989270312773	-0.027121000641803047	0.08940872384543369	0.06417835864155691	-0.03733456824979235	-0.03251343216553681	0.011868356863890065	0.03624180660240549	0.04120755603620675	-0.04858157797633134	-0.05001295555145189	0.007071505190641675	0.0068989118934999595	-0.002778421979493021	0.020572651041964197	-0.060270966397785994	-0.22035792882717425	-0.17644375371175683	-0.16839429308843448	0.12712818766524062	0.0302808912225789	-0.10586432470281465	0.19589613375916481	0.20234639865828008	-0.00416101637651795	0.15808045467127857	-0.006571103557728529	0.0806126126922737	0.04786955570589689	0.033034529834081665	-0.008196423555408805	0.123007018414107	-0.010169449039555255	-0.026978623912967015	0.22041302029142418	0.0664693145783237	-0.07970400614470853	-0.012324127734690144	-0.19068234984405014	-0.007980664802112939	-0.08808319773322446	0.05700323227119862	0.005632054518117354	-0.04192741531610951	0.08344661862111796	0.0650509453485983	-0.10718017149807545	-0.04033377250195363	-0.0976454621567932	-0.11514654566994247	0.06606457021267453	0.04653611966648397	-0.020628278132892468	0.053701660906426064	-0.017694134657118776	0.0916710813859412	-0.0012779350827164682	0.008282410470573027	-0.010096800688782027	-0.012882019919585454	-0.005372040454519329	0.030784132321892158	-7.003151530728288e-4	-0.0256732967326548	0.015602134386826895	-0.005188042058749858	MS951_SCD_1hr-arrest_1NMPP1	exp260220	FALSE	TRUE	FALSE	MS951_SCD_1hr-arrest_ATC	MS951_SCD_1hr-arrest_1NMPP1	MS69_SCD_1hr-arrest_DMSO	rep1	C	J	B	A	MS951	WT	1hr G1 arrest	1NMPP1	WT_1NMPP1	WT_1NMPP1	1.254105265	DNA_content_analysis_AC260304_MS951_N1_exp2602220_G1-arrest.fcs	1.3316	53.2
2026-03-17-MS260226L02_exp260220_MS951_SCD_4hr45min-arrest_1NMPP1_polyA-RNA	-0.1447398024887004	0.1497688914682984	0.14123443435251568	0.17612110661600966	0.25423886203673063	-0.1374055103242695	-0.050018794892644713	-0.22524437909381445	-0.01670399821566552	0.029026560278746637	0.042728825949734914	0.042539421317714994	0.08638796475953378	0.08420362740841002	-0.014977190096186825	0.06495999311558667	0.011815772831746346	0.2183164842046806	0.04320187004786621	-0.32861137338228036	0.19305103046735395	0.05920212472072109	0.017765244226573523	0.045597101787232294	0.02476038222492795	-0.012841073190309856	-0.0790257034749176	-0.0021236764980467776	0.06968865949047735	-0.010447707368057595	2.0825978692643607e-4	-0.0178504112430672	-0.08492062543244731	-0.035927683329355656	-0.02379406824635448	0.007207021653356122	-0.05027394379098884	-0.033924151736333334	-0.06207523637152595	0.09660382982902525	-0.05337598257139508	0.06410748752927967	-0.007756973934235632	-0.11628728936406937	-0.16742862417084853	-0.06535634832013133	0.03336270312911854	-0.0405061695818818	5.485718512932907e-4	0.12017848332200398	0.037480583113401224	-0.027887067392227887	0.06748394758826533	-0.0733417212001796	-0.055019689786710096	0.1424358009598832	0.05151022111267535	0.07165910211450659	-0.002150204585402787	0.17925895667154831	-0.05275748336951037	-0.09654752251832802	-0.10868516472480633	0.1091215255441973	0.12857454724800535	0.26769384030768373	0.1824877686209273	-0.038420917364377104	-0.3159525420132791	-0.09790972087463905	-0.08469656899883268	0.13994665145018537	-0.05354386520714086	0.08820478864366489	0.09422132252374496	0.10628815060683598	-0.019048672348186458	-0.10468208658390028	0.03070058125351954	-0.0865597194611318	-0.042060751716200065	-0.02136419140158683	-0.06021614947228828	0.018681481755089987	0.022836403678740284	0.03407938062095169	-0.004722077177610233	0.048207150293568826	-0.0064649633399329175	0.01984558450800599	-0.00881418926045142	0.06587789949237347	0.0010521963057467856	MS951_SCD_4.75hr-arrest_1NMPP1	exp260220	FALSE	FALSE	FALSE	MS951_SCD_1hr-arrest_ATC	MS951_SCD_1hr-arrest_1NMPP1	MS69_SCD_1hr-arrest_DMSO	rep1	C	J	B	A	MS951	WT	4.75hr G1 arrest	1NMPP1	WT_1NMPP1	WT_1NMPP1	0.516990942	DNA_content_analysis_AC260304_MS951_N2_exp2602220_G1-arrest.fcs	1.0046	210.9
2026-03-17-MS260226L03_exp260220_MS1154_SCD_1hr-arrest_DMSO	0.08084671711404554	-0.06785317642812734	0.11612705715308018	0.047473875971099845	0.002360649384989862	0.051241697520954976	-0.07315399691914913	-0.006716467913909483	0.026711373910356537	0.00969425552942312	0.07934850519442713	-0.07419602393151836	-0.06794465450799107	-0.09748918920576975	0.07631618222617739	0.04733464553164397	-0.11484723641679083	-0.016267576593648764	-0.03842156011501964	0.0017329765610739998	0.008505360340502586	-0.05828881530403784	-0.07317198738894322	0.16547508497104707	0.20215384573985276	0.21925401933674757	-0.019724781560696947	0.06623567958100575	0.03218557197009414	0.06724686467958789	-0.1430653069388096	-0.07157732760762668	-0.24956966936633027	-0.054672604542680595	0.09555742442738413	0.10658132973237586	0.08880234708619948	-0.09240828281806304	0.10402656817362772	0.04908511657531442	-0.25846493201536963	-0.1128765134849308	-7.269861187969607e-4	0.18879443933227008	0.08795531827974266	0.20405004771574725	0.031439478353862856	0.11335437167979465	0.13415688767681103	-0.0021026887738784085	0.04764277042031729	-0.1687073325051965	-0.03316484953906032	-0.028420498093992386	-0.008725365324634539	0.21189135012679355	0.014175636950205146	0.21085812536900325	-0.030844335798671463	-0.10557485733833198	0.08700852813193578	0.09588316123824712	0.06784210208566825	-0.29210584725177935	-0.012610281441494899	0.07180354735541314	0.22621368708901934	-0.019241041114608278	0.03282247063007379	-0.15242040011567753	0.035256917760544654	0.09276211051670925	0.14423351274132623	-0.06477954911202968	0.023095896602110443	0.051516136263582486	-0.1561944034941429	0.08499429264547453	0.064799681286265	0.09427843912860019	0.11173821676495968	0.024661811150504677	0.0032304795526416834	-0.018665337569244465	0.11345369379464781	0.005651112819719472	-0.03093875617316411	0.05726849409744115	-0.06017395646177608	-0.042811774843458446	-0.027704456050072133	-0.023830150333400295	0.010695355886029012	MS1154_SCD_1hr-arrest_DMSO	exp260220	FALSE	TRUE	FALSE	MS951_SCD_1hr-arrest_ATC	MS1154_SCD_1hr-arrest_DMSO	MS69_SCD_1hr-arrest_DMSO	rep1	C	J	B	A	MS1154	TPK1-3_AS	1hr G1 arrest	DMSO	TPK1-3_AS_1NMPP1	TPK1-3_AS_1NMPP1	1.302981099	DNA_content_analysis_AC260304_MS1154_D1_exp2602220_G1-arrest.fcs	1.3079	55.3
2026-03-17-MS260226L04_exp260220_MS1154_SCD_4hr45min-arrest_DMSO	-0.004891680648864989	0.08887638804433479	0.009376336169049494	0.10707780205882064	-0.07727679751599004	-0.0030284916434309963	-0.07963444720919945	-0.03781544459204215	0.044282173402758446	0.04293208836272704	0.005217168203446385	0.011945952046656466	0.013993762997685939	0.006990958532066064	0.011975898236035207	0.005511414365627305	-0.06326408991135511	0.0881797375372544	0.06734120570160483	0.029626753275312567	-0.046126952637284654	0.0320394277685175	-0.06825269603893752	0.1201144235692393	0.1523630559659794	0.14022248409047802	0.10562817084236296	0.06422279405654391	-0.020103689457070542	0.09192473752991887	0.06716792474979945	-0.023985133140754	-0.13885052151354574	-0.14288358999617234	0.1555582324701394	0.08137429212319802	0.08554171357051726	-0.11246825959941069	0.30024980223199427	-0.02010901079938112	0.048813886640882063	-0.11838882777855361	-0.23329092070502905	0.008224545313147093	-0.019388013865039626	0.1628252533042409	-0.014958284110101442	0.05557987743489262	0.014036077003392137	-0.05226757983349985	0.29554480830175567	0.1826867545815799	-0.04681562769621731	0.14391323635377734	-0.01684192648575489	0.1023782873275972	-0.032047679809710204	-0.046486534842566665	-0.0823851328840799	0.0905607691447992	0.06189639032793383	-0.05015041634038112	-0.130675205795334	0.3803803045857387	-0.024116477957626326	-0.1897379115938671	-0.18364442504375844	-0.16222106642950299	-6.632954209498113e-4	0.08094041084184851	-0.0820478487821571	0.007468968613343893	-0.12183746795968363	0.16476728828903117	-0.0698488065894229	-0.019916081021197823	0.034588503304670636	0.10302558815435194	-0.1204076242355689	-0.06773432450940256	0.008894152252723617	0.09450214050847498	-0.027772024900093815	0.12276069708358985	-0.0523637006495452	0.007966158142825485	-0.006182097587913713	0.03202594345856226	0.033948797188586906	0.023315599403215675	0.056294654425849425	0.017016983231463834	0.05578179707022102	MS1154_SCD_4.75hr-arrest_DMSO	exp260220	FALSE	FALSE	FALSE	MS951_SCD_1hr-arrest_ATC	MS1154_SCD_1hr-arrest_DMSO	MS69_SCD_1hr-arrest_DMSO	rep1	C	J	B	A	MS1154	TPK1-3_AS	4.75hr G1 arrest	DMSO	TPK1-3_AS_1NMPP1	TPK1-3_AS_1NMPP1	0.412533415	DNA_content_analysis_AC260304_MS1154_D2_exp2602220_G1-arrest.fcs	1.0072	227.1
2026-03-17-MS260226L05_exp260220_MS1154_SCD_1hr-arrest_1NMPP1_polyA-RNA	-0.14478122210530733	0.02381272752622801	0.24082719032656827	0.16630951888039908	0.20743831857687944	-0.19639572773594305	-0.07184789280770318	-0.17179400862668462	0.09845204493306381	-0.17991716510214223	0.15060133993052613	-0.03664199014146269	-0.06165725514813412	0.012602476769033463	-0.07565877255174608	-0.10750650402271082	-0.076153454700700493	-0.23350182181318055	-0.1371878948568793	0.21917569981033386	-0.14854264025578778	0.01281579018871529	-0.039548745727571326	-0.12123254658370938	0.08249185043468661	-0.052838570525862764	0.01801451414007337	0.06484797590368906	0.03650590321013242	-0.0011715495207317403	-0.04487929658491161	0.005223631106283534	0.04460036998853716	0.01764695918114557	0.008941940387269313	-0.014264935947980405	0.08205690754108479	0.023820977723286188	-0.018309506003383998	-0.039085513235326344	0.08389552397524387	-0.04569140521043177	0.06528678974629884	0.21404372460753243	0.26751153716322285	0.13112251368830258	-0.15929888722003613	-0.029767139368324744	0.09194424199460417	-0.20804998797314728	-0.19023911880501373	0.001877428388282199	-0.13407721059895825	0.04527512160715263	-0.08115148141231235	-0.08705664366182812	-0.021352237444433632	-0.0168946609601266	-0.14615883026833024	0.005325522619209579	0.009535579937592412	-0.22722354094435468	-0.0875851050652948	0.08443944327846069	0.0061725478535707215	0.18532944142991656	-0.014303849560751338	0.08771541575428501	-0.06735248658287542	-0.0025022993432414747	0.037918115997138596	-0.09721435433241599	-0.03676591955731563	0.08393532749399567	0.027939074080523908	0.09720247391658109	0.1066909005653289	-0.06058287612853584	-0.029883186299606943	0.016407550572498295	-0.046442143300354365	0.017863150370697876	-0.10144914893859315	-0.010921260855244665	-0.002339259083312753	0.013104880035646069	0.03871939865505405	-0.0076456313103896965	-0.020577965870623303	0.0010123644464461656	0.023321629626402315	-0.033260238802582234	0.005925132181772029	MS1154_SCD_1hr-arrest_1NMPP1	exp260220	FALSE	TRUE	FALSE	MS951_SCD_1hr-arrest_ATC	MS1154_SCD_1hr-arrest_1NMPP1	MS69_SCD_1hr-arrest_DMSO	rep1	C	J	B	A	MS1154	TPK1-3_AS	1hr G1 arrest	1NMPP1	TPK1-3_AS_1NMPP1	TPK1-3_AS_1NMPP1	1.20403821	DNA_content_analysis_AC260304_MS1154_N1_exp2602220_G1-arrest.fcs	1.2707	52.4
2026-03-17-MS260226L06_exp260220_MS1154_SCD_4hr45min-arrest_1NMPP1_polyA-RNA	-0.14714434971600898	0.16064683890353498	0.14121284922178723	0.1702774823040799	0.2736031954246246	-0.13142530663522248	-0.03586954287175452	-0.2255711991205957	-0.008224057785686955	0.07463342771783701	0.04321361029202714	0.008750072629638688	0.04335549426813201	0.10545950265301547	0.05923239183626637	0.1077819019607652	0.01531670755635533	0.23261424111148146	-0.010369157873496238	-0.3552242541591328	0.1918037854967275	0.031537826603320655	0.03706161963705808	0.061314030294915695	0.009049181684538447	0.019093666690668417	-0.08583168882438082	0.033748084081121996	0.050934012231831215	-0.06557478598308383	0.015112299880854548	-0.038708679911076564	0.031171137892547794	-0.04911346344738473	-0.0419199871051757	-0.0647165995799849	0.002681865132390222	0.039508931094704894	0.016937167873517144	-0.08186380200372344	0.03925214726343984	-0.025759187897826226	0.015524368762984627	0.10261601771732541	0.07863283266283141	-0.006809011914895519	-0.003740834328392861	0.03055017064329782	0.03239576732422502	-0.1086182656077351	-0.09265460088736918	0.04118970282048224	-0.08837894746891863	0.03959474118484908	0.04202767079608588	-0.10731701040637957	-0.06322466533417248	-0.013559385223383884	0.04757995791952441	-0.17695060764509468	0.04993968031740364	0.11286479216141322	0.11958433594898363	-0.11998703127497584	-0.11966578207700279	-0.2662943199102512	-0.16753691916191335	0.042289272141147444	0.3164028296220827	0.09956883230761607	0.07945597587893363	-0.1367245765658326	0.03374196085337133	-0.09246253035358884	-0.10934638310051442	-0.10378514018371451	0.008165534459595565	0.09432087931337423	-0.037943245982171615	0.10180039009936734	0.04307479459489882	0.019717633206425875	0.07455069416621767	-0.01214265137406946	-0.02510906416844156	-0.02852542654328208	-0.01548255373347696	-0.03668041110401838	0.006843082544365242	-0.019005090968699723	0.006933688735514348	-0.04703674209255466	-0.002357933352709906	MS1154_SCD_4.75hr-arrest_1NMPP1	exp260220	FALSE	FALSE	FALSE	MS951_SCD_1hr-arrest_ATC	MS1154_SCD_1hr-arrest_1NMPP1	MS69_SCD_1hr-arrest_DMSO	rep1	C	J	B	A	MS1154	TPK1-3_AS	4.75hr G1 arrest	1NMPP1	TPK1-3_AS_1NMPP1	TPK1-3_AS_1NMPP1	0.453869034	DNA_content_analysis_AC260304_MS1154_N2_exp2602220_G1-arrest.fcs	1.0067	207.7
2026-03-17-MS260226L07_exp260220_MS1042_SCD_1hr-arrest_ATC_polyA-RNA	0.1465390615013924	0.024180298773923917	0.1327771469390136	-0.00885133398471909	0.1109298718671842	0.046692664670182404	-0.02419429192707886	0.16885709872083568	0.046883598455876425	-0.13422691003763723	-0.06636100015035062	0.13889594728842042	0.00234856243107951	-0.007597628847675241	0.17933390941456512	0.0451875266010484	0.0513736930698808	-0.0729829634702011	-0.0025095077139976178	-0.08880584837832287	-0.09000016237485893	0.052251893913490506	0.2234203094933223	0.1497402792181532	0.09559092018783417	-0.12761984621620015	-0.06315142883257326	0.1197967195750895	-0.04168055673294739	0.12157078753811254	0.048349511707155714	0.01726866530654884	-0.19931596674087987	0.03500494826143329	-0.002572171909758371	0.00395821698739729	-0.14294060617193763	-0.16277995043585264	-0.11745708568998074	0.10568148889981313	-0.13508365374391024	0.09651956500404078	0.25197149751639547	0.04029972161772727	0.16878017019057473	-0.05063135164521331	-0.08886596485996402	-0.12792347006452606	0.015563058687388281	-0.058645579229073916	0.06804076329154429	0.004688095808941138	0.007378147979881978	0.100572527700095	-0.17838941432092764	0.024231809803971882	-4.929750183973908e-4	-0.3043035205067949	0.11919456560842673	-0.05678061959327366	0.04382030285273836	0.05699166575786943	-0.05532037612902785	0.19964668336853783	0.2028566512856312	-0.08128178441434326	0.193736859036106	-0.02120309989240329	0.057393436709252295	0.20546111041399495	0.07272862375008889	0.020836160022385114	-0.012694063710014003	-0.10298683753451486	0.08262985478388543	-0.11583700030180884	-0.04438403547380615	0.02222874832680095	0.03662556341554636	0.009105914785122328	0.0037310816887105645	-0.03711503878754048	-0.01562188472394985	0.12866276548403968	-0.0030151602915789457	-0.03524302535824737	0.07027142484706135	-0.060785717416383334	-0.0015511766496287807	-0.059538296085187015	0.04764944997249508	0.006168645493844036	0.02890124141531419	MS1042_SCD_1hr-arrest_ATC	exp260220	FALSE	TRUE	FALSE	MS951_SCD_1hr-arrest_ATC	MS1042_SCD_1hr-arrest_ATC	MS69_SCD_1hr-arrest_DMSO	rep1	C	J	B	A	MS1042	Sch9(2d3E)_Tod6-mNG	1hr G1 arrest	ATC	Sch9(2d3E)_Tod6-mNG_ATC	Sch9(2d3E)_Tod6-mNG_ATC	NA	NA	NA	65.6
2026-03-17-MS260226L08_exp260220_MS1042_SCD_4hr45min-arrest_ATC_polyA-RNA	0.06506553264258265	0.1805716232251495	-0.013648692042864133	0.05283115068790344	0.00784547569918979	-0.030758554318106902	-0.04151997282076292	0.12485817039414962	0.13083615863543815	-0.1906673054536096	-0.12797495145516338	0.02422405389531621	0.023139275065637288	0.0190743810675151	0.11596018763880298	0.12380605237049107	0.020286410930630324	0.0688425015856043	0.042140968918580886	0.014437386101056637	-0.13335084622736323	-0.04235142471997365	0.21138041166243562	0.05901370764313254	0.10425456963306758	-0.04326163377467713	-0.044001285394945786	-0.003726716362865068	-0.004926121011994583	0.16575892871881975	-0.045737839576222385	-0.020279680520922716	-0.078968839035182	0.0705001814663948	0.004948980786118565	-0.051948032988816686	0.08093681268311355	-0.14618153781417081	0.22786956429352942	-0.01386186269221118	0.16756077924026866	0.12747000314954993	-0.0040903930027427525	-0.1800833075167093	-0.0863552402657187	-0.0505465882175481	0.2431842081719735	0.02770684811348913	0.014973878738336667	-0.12575925273398447	-0.12325899758131974	-0.0849323942658006	0.053920305696922854	0.15797912428041838	-0.17676739114479834	-0.1453720966463416	-0.30986813539814584	0.04125777395041973	-0.12225849104076807	-0.01706091080882902	-0.04062074377053457	-0.04877325338478081	0.08026660381343996	-0.2205524507540764	0.06524798853494827	0.04449245106072609	-0.19688376589474327	0.13503485764721415	-0.07363768497291436	-0.2918695063629102	-0.048509803595601975	0.012571042137513871	-0.011652858878166925	0.022068038642427134	-0.09138781427274172	0.008885786416331577	-0.006845883270492187	-0.00743843504797998	-5.15267120199212e-4	-0.08879999655542144	-0.02851758230869811	-0.01768164267783938	-0.020065702567126177	1.9612840076303214e-4	0.06308026576832003	-0.04300721765692136	0.0396403305769316	0.021528416188931965	0.05671527768836158	0.04848661545897821	0.02347652855628609	0.01930796966305724	-0.03847388760994299	MS1042_SCD_4.75hr-arrest_ATC	exp260220	FALSE	FALSE	FALSE	MS951_SCD_1hr-arrest_ATC	MS1042_SCD_1hr-arrest_ATC	MS69_SCD_1hr-arrest_DMSO	rep1	C	J	B	A	MS1042	Sch9(2d3E)_Tod6-mNG	4.75hr G1 arrest	ATC	Sch9(2d3E)_Tod6-mNG_ATC	Sch9(2d3E)_Tod6-mNG_ATC	NA	NA	NA	266.2
2026-03-17-MS260226L09_exp241211_MS796_SCD_1hr-arrest_polyA-RNA	0.10728590154067932	0.02717960979312609	0.09598590234754631	0.02555917757286353	0.0389836318640319	-0.11830684757826943	0.055458166354727105	0.24778660745548683	-0.011006583764355673	-0.13673921517932894	-0.017705220805881446	-0.2548171185525506	0.021652984632036944	0.08601900238009158	0.0637613662031299	0.07675148878915508	-0.008221527424692357	0.08751990862127015	0.013560819527138123	0.011415191137582999	0.023683185694136646	-0.22220211844762056	-0.14104763924928887	0.3717077140782945	-0.1329498737977839	-0.20912470250609902	-0.1183620176639347	-0.1384380931631584	-0.03770716146284434	-0.05912386336239465	-0.042084254842909764	-0.2241916253166786	-0.004253013671893269	-0.08525503521641199	0.04925605443518719	0.05554978160011186	-0.027377195638818987	-0.04587453020956719	-0.1393060707126955	-0.05599844371733666	0.14774131086191084	-0.09258661067653602	-0.12719396214707482	0.38075150439043637	0.037623373885143856	-0.08215439517174178	-0.02326631600240413	0.005112924846737051	-0.13644974191751372	0.10631570498457893	0.1558190947868844	-0.03169142656862729	0.08660865859482383	-0.10696724309713262	-0.04137277600636099	-0.20766320410327335	0.11124536786419938	-0.03595112101402617	-0.10026362576428677	0.11510637223418126	-0.0026849113722115085	-0.0334365838959346	-0.06446531563130357	-0.017625637056632743	0.009529814328752665	-0.015577876934181546	-0.06348380666126596	0.011260282915379477	-0.03010606163637101	-0.06252956656818497	-0.0508835317192647	-0.04721974470109129	0.042708093700042936	0.006567480406637262	0.001547367640461403	-0.0021460028065671457	0.02671843639108131	-0.020097608089506495	0.0589383226092958	-0.007833052559441946	-0.017976607431929845	-0.002574722220076373	-0.003508453036076713	-0.00492357592891601	0.016317456107078257	-0.01964190117245409	0.011079165123471969	0.04433957125162344	-0.03382790877354122	0.026792470148438784	-0.025500288390194296	0.0437644637699369	0.01498392996230698	MS796_SCD_1hr-arrest	exp260220	FALSE	TRUE	FALSE	MS951_SCD_1hr-arrest_ATC	MS796_SCD_1hr-arrest	MS69_SCD_1hr-arrest_DMSO	rep1	C	J	B	A	MS796	TOR1-L2134M	1hr G1 arrest	no treatment	TOR1-L2134M_no-treatment	TOR1-L2134M_no-treatment	NA	NA	NA	66.8
2026-03-17-MS260226L10_exp241211_MS796_SCD_4hr45min-arrest_polyA-RNA	0.04230038040268983	0.16379398109765267	0.01565791502336117	0.10188669738167597	0.023383100444393734	-0.2569843474785494	0.05183930000009885	0.3646648225155019	-0.09274231089001106	-0.08982109708949312	0.04585303255282034	-0.13213993259770854	0.1563957751806336	0.06674278894205504	0.06879913512217224	0.17470114905760087	0.023322739551104293	-0.1614650195011744	0.17326987775967576	0.003713280438140406	-0.03800487875997374	-0.058073631774116556	0.0634754603146115	0.054517987580570734	0.0014333500407950513	0.10309713879610422	-0.044734399044607756	0.20567403144804533	0.06483648603645366	-0.13219611473175022	0.032437964826657145	-0.0639117710504714	0.11538995311610395	0.03350263292029317	0.07831604368119935	0.09145306520411674	0.053184577390269515	0.11032225163898837	0.13021601959927653	-0.019843620509664914	-0.0362049625850844	0.05271832412948466	-0.046132607578041745	-0.08355391261180246	-0.04346457882531259	0.04810650508952422	-0.01706040288810734	-0.020481717684668662	-0.08184090728104372	-0.13989739924751227	-0.14928530797401945	0.20491714104322997	-0.15288990345304443	-0.12399165233382277	0.21712989821297746	0.2964354887961991	-0.00317602046693233	-0.1458776866898925	0.21059794303073162	-0.047789900090779186	-0.13539217226397812	-0.042756584828011826	0.003642101640716362	-0.04744336237561298	-0.19218226648379338	0.0737657103564636	0.0802376445358384	-0.042845110704947696	-0.04983175401484624	0.010356747968717965	0.0013602069367610644	0.0027345509005047095	0.01946839567003163	0.012357758312231877	0.036968559257452883	-0.009591835407539063	-0.010199942871647875	0.011969766230845755	-0.008688575390758516	-0.04105013212900542	-0.05260011019306444	-0.06326577189695316	0.013008195740160076	-0.05114634191699014	-0.012558677286416643	0.040374130450970075	-0.016840646499449215	-0.03600876065952645	0.025129018144998076	-0.02103359854824696	0.0035917896162336797	-0.03919651134902463	-0.03202834962883732	MS796_SCD_4.75hr-arrest	exp260220	FALSE	FALSE	FALSE	MS951_SCD_1hr-arrest_ATC	MS796_SCD_1hr-arrest	MS69_SCD_1hr-arrest_DMSO	rep1	C	J	B	A	MS796	TOR1-L2134M	4.75hr G1 arrest	no treatment	TOR1-L2134M_no-treatment	TOR1-L2134M_no-treatment	NA	NA	NA	215.4

