trx,cds,utr5,utr3,
YAL067C,0,0,0,0
YAL063C-A,2,0,2,0
YAL063C,3,3,NA,0
YAL054C,6,5,NA,0
YAL049C,173,148,3,0
YAL047C,47,45,0,0
YAL046C,45,37,0,0
YAL044C,374,325,0,0
YAL043C,181,178,0,0
YAL040C,75,63,7,0
YAL039C,244,209,1,0
YAL037C-A,0,0,0,0
YAL036C,279,265,0,0
YAL034C-B,0,0,0,0
YAL034C,33,32,0,0
YAL032C,44,42,0,0
YAL031C,36,33,0,0
YAL029C,55,54,NA,1
YAL026C-A,2,2,NA,0
YAL026C,81,81,0,NA
YAL025C,240,231,0,0
YAL024C,29,29,NA,0
YAL023C,409,383,0,0
YAL022C,93,91,0,0
YAL021C,354,335,0,0
YAL020C,22,20,NA,0
YAL018C,0,0,0,0
YAL015C,46,43,NA,0
YAL014C,74,57,6,0
YAL010C,59,55,0,0
YAL007C,184,144,1,0
YAL005C,6816,6686,1,NA
YAL001C,67,65,0,NA
YAR002C-A,195,157,0,0
YAR007C,327,323,0,0
YAR014C,110,108,0,0
YAR018C,109,100,0,0
YAR019C,30,30,NA,0
YAR023C,7,1,6,NA
YAR047C,0,0,0,0
YAL066W,0,0,0,0
YAL064W-B,4,0,4,0
YAL062W,28,28,NA,0
YAL061W,33,28,0,0
YAL060W,349,319,0,0
YAL059W,82,82,NA,0
YAL058W,27,26,0,0
YAL056W,48,45,0,0
YAL055W,24,21,0,0
YAL053W,347,312,9,1
YAL051W,61,60,NA,0
YAL047W-A,0,0,0,0
YAL044W-A,92,69,NA,0
YAL042W,219,198,0,0
YAL041W,100,99,0,0
YAL038W,7775,7381,0,1
YAL037W,4,3,NA,NA
YAL035W,1350,1303,0,NA
YAL034W-A,22,21,0,0
YAL033W,67,55,NA,0
YAL030W,78,65,0,0
YAL028W,10,8,2,0
YAL027W,29,26,NA,0
YAL019W,194,192,NA,0
YAL017W,172,169,2,NA
YAL016W,509,500,0,0
YAL013W,88,82,0,0
YAL012W,1207,1082,4,0
YAL011W,33,32,NA,0
YAL009W,17,16,NA,0
YAL008W,72,56,0,0
YAL004W,2,0,0,2
YAL003W,1741,1560,0,0
YAL002W,39,38,NA,0
YAR002W,279,277,0,0
YAR003W,29,27,0,0
YAR008W,38,27,6,0
YAR015W,219,202,0,0
YAR019W-A,9,0,NA,8
YAR027W,166,146,3,0
YAR028W,57,48,0,1
YAR029W,0,0,0,0
YAR031W,34,31,NA,0
YAR033W,42,39,1,0
YAR035W,5,5,NA,0
YAR042W,130,129,NA,0
YAR050W,1,1,NA,0
YAR053W,2,2,0,NA
YAR071W,31,31,NA,0
YBL113C,79,73,NA,1
YBL107C,47,43,NA,0
YBL106C,14,14,NA,0
YBL105C,127,123,1,0
YBL104C,50,48,NA,0
YBL103C,126,118,3,0
YBL101C,85,84,NA,0
YBL093C,138,129,2,0
YBL091C-A,37,35,NA,0
YBL091C,332,309,0,0
YBL088C,15,14,NA,0
YBL087C,1167,1060,1,0
YBL086C,50,47,0,0
YBL084C,40,38,NA,0
YBL080C,34,33,0,0
YBL078C,113,96,0,2
YBL076C,1165,1127,0,0
YBL075C,33,32,NA,0
YBL074C,33,30,NA,NA
YBL072C,2285,2111,0,5
YBL071C,0,0,0,0
YBL070C,2,0,2,NA
YBL067C,47,39,2,NA
YBL066C,41,36,0,1
YBL064C,234,208,0,0
YBL061C,101,99,0,0
YBL059C-A,103,70,0,1
YBL057C,84,76,0,0
YBL055C,56,56,0,0
YBL052C,13,11,2,0
YBL051C,280,275,0,1
YBL047C,852,835,2,0
YBL045C,835,771,7,2
YBL042C,373,344,0,0
YBL040C,213,179,1,0
YBL039C,647,634,NA,0
YBL036C,139,124,0,0
YBL035C,133,132,0,0
YBL034C,65,64,NA,0
YBL033C,159,135,0,0
YBL030C,1358,1211,7,1
YBL029C-A,92,70,3,0
YBL028C,161,132,0,0
YBL023C,158,155,0,0
YBL022C,352,336,0,0
YBL021C,33,27,0,0
YBL018C,57,39,4,0
YBL017C,246,239,NA,1
YBL014C,20,16,0,0
YBL010C,65,61,NA,0
YBL007C,603,586,2,0
YBL006C,108,98,0,0
YBL003C,1065,886,1,3
YBL001C,285,245,0,1
YBR001C,92,87,0,0
YBR002C,55,51,0,0
YBR004C,28,26,0,0
YBR007C,78,77,NA,0
YBR008C,1,0,0,1
YBR009C,961,779,4,1
YBR011C,1260,1181,0,0
YBR012C,0,0,0,0
YBR013C,0,0,0,0
YBR014C,154,138,1,0
YBR015C,204,183,1,1
YBR017C,267,252,1,0
YBR018C,0,0,0,0
YBR019C,0,0,0,0
YBR023C,229,225,NA,0
YBR025C,1160,1055,1,0
YBR026C,241,232,NA,0
YBR028C,80,73,4,0
YBR029C,193,173,0,0
YBR034C,208,195,0,0
YBR035C,356,315,0,0
YBR036C,247,231,0,1
YBR037C,128,119,0,0
YBR042C,38,38,0,0
YBR043C,137,105,8,0
YBR044C,31,28,0,0
YBR045C,12,11,NA,0
YBR046C,110,97,0,0
YBR049C,259,255,1,0
YBR050C,3,3,0,0
YBR052C,241,214,4,0
YBR053C,189,174,0,0
YBR055C,76,75,0,0
YBR057C,128,125,0,0
YBR058C,193,187,0,0
YBR058C-A,118,78,6,2
YBR059C,227,222,3,NA
YBR060C,73,71,1,0
YBR061C,180,176,0,1
YBR062C,118,103,0,0
YBR063C,0,0,0,0
YBR065C,101,86,0,NA
YBR066C,29,28,NA,0
YBR067C,714,634,3,1
YBR068C,790,762,2,1
YBR069C,325,307,1,0
YBR070C,33,30,0,0
YBR072C-A,0,0,0,0
YBR076C-A,14,14,NA,0
YBR077C,117,103,0,NA
YBR079C,1039,1006,0,0
YBR080C,331,321,0,0
YBR081C,93,90,NA,0
YBR082C,1103,986,6,0
YBR084C-A,1527,1363,0,0
YBR085C-A,562,442,0,0
YBR086C,368,350,11,0
YBR088C,401,351,0,0
YBR089C-A,204,144,NA,1
YBR091C,75,60,0,0
YBR092C,752,690,0,0
YBR093C,187,183,0,0
YBR095C,82,81,0,0
YBR099C,1,0,1,NA
YBR101C,305,288,0,0
YBR102C,112,109,0,0
YBR103C-A,0,0,0,0
YBR105C,57,54,0,0
YBR107C,6,5,0,0
YBR109C,624,533,0,2
YBR111C,281,264,NA,0
YBR112C,754,746,NA,0
YBR115C,762,754,NA,0
YBR120C,89,75,1,0
YBR121C,868,827,5,NA
YBR122C,191,149,1,0
YBR123C,108,106,0,0
YBR125C,49,40,2,0
YBR126C,959,901,2,1
YBR127C,1000,929,1,1
YBR128C,4,4,0,NA
YBR129C,94,86,0,1
YBR130C,146,140,0,0
YBR132C,84,78,2,0
YBR133C,67,65,0,0
YBR138C,102,99,0,0
YBR140C,105,103,NA,0
YBR141C,32,31,0,0
YBR143C,639,602,0,0
YBR144C,0,0,0,0
YBR150C,55,55,0,0
YBR154C,326,294,0,0
YBR156C,50,49,0,0
YBR157C,6,4,NA,0
YBR162C,715,666,14,0
YBR164C,162,122,5,0
YBR166C,178,162,0,0
YBR167C,37,33,NA,0
YBR169C,214,203,0,0
YBR170C,153,144,0,0
YBR172C,146,141,0,0
YBR173C,242,227,0,0
YBR174C,1,0,1,0
YBR177C,438,412,0,0
YBR179C,108,103,1,1
YBR181C,2584,2383,0,1
YBR182C,31,30,NA,0
YBR182C-A,0,0,0,0
YBR185C,108,95,0,0
YBR188C,105,81,2,0
YBR193C,63,61,0,0
YBR195C,39,35,0,1
YBR196C,3154,2979,1,3
YBR197C,54,50,0,0
YBR198C,185,176,0,1
YBR201C-A,13,9,0,0
YBR204C,61,58,0,0
YBR208C,111,88,19,1
YBR211C,30,29,0,NA
YBR216C,51,48,0,0
YBR218C,487,463,2,0
YBR221C,588,533,17,1
YBR222C,213,203,0,1
YBR223C,31,27,0,0
YBR229C,133,130,0,0
YBR230C,202,165,0,0
YBR231C,60,51,0,0
YBR234C,411,390,0,0
YBR236C,164,144,0,0
YBR238C,84,82,NA,NA
YBR239C,51,48,1,0
YBR240C,7,7,NA,0
YBR241C,45,41,0,0
YBR243C,48,44,0,0
YBR245C,299,299,NA,NA
YBR247C,227,217,0,0
YBR248C,291,272,0,0
YBR249C,1133,1091,1,0
YBR254C,57,52,0,0
YBR255C-A,39,24,0,0
YBR256C,188,172,0,0
YBR258C,34,27,1,0
YBR260C,134,130,0,0
YBR261C,142,133,0,0
YBR262C,102,79,0,0
YBR264C,41,40,0,0
YBR269C,151,131,0,0
YBR270C,6,6,0,0
YBR272C,68,67,0,0
YBR273C,134,125,0,0
YBR275C,80,80,NA,NA
YBR276C,28,25,2,0
YBR277C,0,0,0,0
YBR280C,44,42,0,0
YBR281C,91,86,0,0
YBR283C,363,341,4,1
YBR288C,131,118,0,0
YBR291C,52,49,0,0
YBR292C,4,1,3,NA
YBR296C,2,2,0,0
YBR298C,2,1,1,0
YBL102W,105,91,2,0
YBL100W-C,1,0,0,0
YBL099W,1562,1464,40,7
YBL098W,49,45,NA,0
YBL097W,36,33,0,0
YBL095W,18,15,0,0
YBL092W,1757,1510,12,2
YBL090W,104,93,2,0
YBL089W,30,29,0,0
YBL085W,123,122,NA,0
YBL081W,197,193,0,0
YBL079W,148,142,0,NA
YBL071W-A,105,85,0,0
YBL068W,158,146,1,0
YBL063W,21,19,0,NA
YBL060W,38,35,0,0
YBL059W,47,44,NA,0
YBL058W,454,435,0,0
YBL056W,222,199,0,0
YBL054W,112,107,1,0
YBL050W,251,228,0,0
YBL048W,0,0,0,0
YBL046W,82,79,NA,0
YBL043W,15,10,3,0
YBL041W,386,354,0,0
YBL039W-B,21,10,7,0
YBL038W,233,205,0,0
YBL037W,169,159,2,1
YBL032W,211,188,1,0
YBL031W,27,24,0,0
YBL029W,29,26,NA,1
YBL027W,1726,1567,1,1
YBL026W,128,90,6,0
YBL025W,55,38,3,0
YBL024W,484,461,0,NA
YBL020W,33,23,4,0
YBL019W,21,21,NA,0
YBL016W,138,130,NA,0
YBL015W,106,96,0,0
YBL011W,83,79,1,0
YBL009W,102,98,1,0
YBL008W,47,47,NA,0
YBL005W,23,21,0,0
YBL004W,231,229,NA,0
YBL002W,908,725,0,1
YBR003W,95,89,0,0
YBR005W,52,44,1,0
YBR006W,43,42,0,0
YBR010W,1522,1248,2,1
YBR016W,359,318,0,0
YBR020W,0,0,0,0
YBR021W,132,128,0,1
YBR022W,67,58,0,0
YBR024W,65,59,1,NA
YBR030W,19,19,0,0
YBR031W,3583,3329,0,1
YBR033W,11,11,NA,0
YBR038W,295,272,0,0
YBR039W,640,593,0,1
YBR041W,94,87,0,0
YBR047W,3,1,0,0
YBR048W,1510,1399,0,1
YBR051W,0,0,0,0
YBR054W,391,323,31,0
YBR056W,208,202,0,0
YBR056W-A,126,98,0,1
YBR071W,293,267,3,0
YBR072W,168,157,1,0
YBR073W,280,274,NA,0
YBR074W,112,108,NA,0
YBR076W,2,1,NA,0
YBR078W,1988,1870,6,3
YBR083W,189,180,2,NA
YBR084W,458,442,0,1
YBR085W,6,6,0,0
YBR087W,103,92,0,0
YBR094W,94,92,0,NA
YBR096W,160,144,0,0
YBR097W,45,44,NA,0
YBR098W,20,20,0,0
YBR103W,71,67,2,0
YBR104W,64,56,1,0
YBR106W,366,302,0,1
YBR108W,175,173,0,0
YBR110W,76,72,0,0
YBR111W-A,81,68,0,0
YBR114W,53,51,0,0
YBR118W,12446,11861,0,3
YBR119W,67,60,1,0
YBR131W,23,21,0,0
YBR135W,139,120,3,0
YBR136W,41,39,NA,1
YBR137W,81,79,NA,0
YBR139W,385,380,NA,0
YBR141W-A,7,0,0,1
YBR142W,187,177,1,0
YBR145W,60,50,2,0
YBR146W,144,128,1,0
YBR147W,10,6,0,0
YBR148W,3,2,NA,0
YBR149W,592,560,0,0
YBR151W,106,101,0,0
YBR152W,38,37,0,NA
YBR153W,52,52,0,0
YBR155W,119,113,0,0
YBR158W,195,175,6,0
YBR159W,205,189,0,0
YBR160W,217,205,2,0
YBR161W,60,50,1,0
YBR162W-A,200,154,0,0
YBR163W,8,8,0,0
YBR165W,81,75,0,0
YBR168W,18,17,1,NA
YBR171W,173,162,0,0
YBR175W,29,26,NA,1
YBR176W,41,36,0,0
YBR178W,0,0,0,0
YBR183W,120,99,0,0
YBR184W,20,19,NA,0
YBR186W,0,0,0,0
YBR187W,112,87,3,0
YBR189W,1828,1576,0,1
YBR192W,78,72,3,0
YBR194W,43,29,5,0
YBR199W,207,198,1,0
YBR200W,106,98,2,0
YBR201W,24,16,1,0
YBR202W,191,183,0,0
YBR203W,46,45,0,0
YBR205W,149,132,0,NA
YBR207W,97,93,0,1
YBR210W,51,38,0,0
YBR212W,327,318,3,1
YBR213W,33,31,0,2
YBR214W,314,298,2,1
YBR215W,122,118,0,0
YBR217W,27,15,0,0
YBR225W,67,67,NA,0
YBR228W,16,16,NA,0
YBR230W-A,88,57,0,0
YBR233W,61,57,0,0
YBR233W-A,17,13,0,1
YBR235W,37,37,0,0
YBR237W,34,33,0,0
YBR242W,118,91,9,1
YBR244W,28,20,0,0
YBR246W,74,65,0,0
YBR250W,0,0,0,0
YBR251W,177,168,0,1
YBR252W,149,117,0,1
YBR253W,47,35,2,0
YBR255W,31,28,0,1
YBR257W,47,44,0,0
YBR259W,18,16,0,0
YBR263W,174,159,0,0
YBR265W,126,108,0,0
YBR267W,150,146,0,0
YBR268W,72,56,0,0
YBR271W,44,41,0,0
YBR274W,35,30,0,0
YBR278W,37,32,0,0
YBR279W,240,225,0,0
YBR282W,203,167,0,0
YBR284W,11,9,2,NA
YBR285W,10,9,NA,0
YBR286W,903,862,0,0
YBR287W,148,141,0,0
YBR289W,303,299,0,0
YBR290W,122,109,0,0
YBR293W,5,5,NA,0
YBR294W,1,1,NA,0
YBR295W,20,19,NA,0
YBR297W,38,37,0,0
YBR299W,21,19,1,0
YCL064C,28,24,0,0
YCL061C,252,244,0,NA
YCL059C,474,424,0,0
YCL057C-A,387,286,0,0
YCL056C,32,31,NA,0
YCL052C,143,125,0,0
YCL050C,1160,1058,3,0
YCL049C,240,202,0,0
YCL047C,84,71,NA,0
YCL045C,580,558,0,0
YCL044C,174,165,0,0
YCL043C,1989,1929,NA,0
YCL041C,166,142,0,NA
YCL038C,88,81,0,0
YCL037C,999,963,3,1
YCL035C,797,646,0,0
YCL033C,154,138,NA,0
YCL031C,339,308,0,1
YCL030C,912,856,0,0
YCL029C,107,98,0,0
YCL026C-B,44,42,0,0
YCL026C-A,3,2,NA,0
YCL025C,1065,1040,0,0
YCL017C,501,474,0,0
YCL016C,86,79,0,0
YCL012C,127,91,0,0
YCL011C,310,289,0,0
YCL010C,108,101,0,0
YCL009C,920,838,0,0
YCL008C,147,143,NA,2
YCL002C,18,16,0,0
YCR002C,517,465,0,0
YCR004C,624,560,5,0
YCR005C,932,880,0,0
YCR007C,42,27,3,0
YCR009C,547,471,3,0
YCR010C,3,2,NA,1
YCR011C,369,348,2,0
YCR014C,7,6,NA,0
YCR015C,81,74,0,0
YCR017C,448,418,0,0
YCR020C,13,13,NA,0
YCR020C-A,114,97,0,1
YCR021C,49,46,1,0
YCR022C,1,0,0,1
YCR023C,96,75,14,0
YCR024C,104,95,0,0
YCR024C-B,1,0,0,1
YCR024C-A,398,194,26,NA
YCR025C,0,0,0,0
YCR026C,273,259,1,0
YCR027C,60,46,4,0
YCR028C,101,91,2,0
YCR028C-A,420,353,2,0
YCR030C,764,740,5,0
YCR031C,2125,1855,0,1
YCR035C,271,262,0,0
YCR037C,243,239,NA,1
YCR038C,16,16,NA,0
YCR042C,273,268,0,NA
YCR043C,149,122,0,0
YCR044C,69,66,0,0
YCR045C,1,1,0,0
YCR046C,269,241,NA,0
YCR047C,164,145,2,0
YCR054C,166,164,0,0
YCR057C,340,295,0,0
YCR059C,95,80,0,0
YCR064C,0,0,0,0
YCR067C,272,268,1,0
YCR071C,217,194,0,0
YCR072C,241,229,0,0
YCR073C,43,42,0,0
YCR075C,54,53,0,0
YCR076C,116,107,0,0
YCR077C,1201,1177,0,0
YCR084C,803,725,19,0
YCR087C-A,222,184,0,1
YCR090C,137,109,0,0
YCR092C,117,113,0,1
YCR095C,75,65,0,0
YCR098C,12,10,NA,0
YCR102C,2,2,0,0
YCL063W,132,123,0,0
YCL058W-A,94,77,0,0
YCL057W,486,479,0,0
YCL055W,133,128,0,0
YCL054W,503,474,0,0
YCL051W,145,137,4,0
YCL048W,2,2,NA,0
YCL040W,2297,2222,NA,1
YCL039W,192,184,0,0
YCL036W,71,66,NA,0
YCL034W,321,310,0,0
YCL032W,142,126,0,0
YCL028W,867,819,0,0
YCL027W,15,14,0,0
YCL024W,175,171,1,NA
YCL021W-A,1,1,0,0
YCL018W,139,119,0,0
YCL014W,205,199,0,0
YCL005W-A,240,179,0,2
YCL005W,33,27,1,0
YCL004W,82,68,12,0
YCL001W,250,214,0,1
YCR003W,338,316,0,0
YCR008W,96,90,1,0
YCR012W,9733,9224,3,6
YCR016W,255,245,0,0
YCR019W,62,39,13,0
YCR020W-B,214,142,0,1
YCR032W,65,65,NA,0
YCR033W,99,99,NA,0
YCR034W,701,627,0,0
YCR036W,277,263,NA,0
YCR045W-A,10,1,7,2
YCR048W,75,69,0,0
YCR051W,275,243,0,1
YCR052W,329,310,0,0
YCR053W,2132,2000,0,0
YCR061W,225,212,0,2
YCR063W,125,104,0,1
YCR065W,189,179,1,0
YCR066W,89,78,0,0
YCR068W,82,79,1,0
YCR069W,206,180,1,3
YCR073W-A,346,318,0,0
YCR075W-A,79,39,0,0
YCR079W,29,27,0,0
YCR081W,64,60,0,NA
YCR082W,250,203,0,0
YCR083W,141,114,0,0
YCR085W,0,0,0,0
YCR086W,147,139,0,NA
YCR088W,1643,1601,3,0
YCR089W,9,9,NA,0
YCR091W,91,88,0,0
YCR093W,575,568,0,0
YCR094W,149,133,1,0
YCR095W-A,14,0,9,4
YCR097W,0,0,0,0
YCR105W,4,4,NA,0
YCR106W,43,36,0,NA
YCR107W,12,9,NA,0
YDL243C,3,3,0,0
YDL239C,0,0,0,0
YDL238C,21,21,0,0
YDL235C,100,86,1,1
YDL234C,139,134,1,0
YDL231C,10,9,NA,0
YDL227C,75,74,NA,1
YDL226C,395,366,0,0
YDL224C,163,157,2,0
YDL222C,30,30,NA,NA
YDL220C,22,22,NA,0
YDL217C,118,94,1,0
YDL216C,28,28,NA,0
YDL215C,212,209,NA,0
YDL214C,2,2,0,0
YDL213C,232,211,0,0
YDL211C,18,17,0,0
YDL209C,55,49,0,0
YDL205C,79,70,1,0
YDL203C,88,78,2,0
YDL200C,20,19,NA,0
YDL199C,22,20,0,0
YDL198C,217,174,0,0
YDL197C,15,14,0,0
YDL190C,203,183,4,0
YDL188C,143,137,3,0
YDL187C,6,0,6,NA
YDL184C,1175,296,0,5
YDL183C,17,14,0,0
YDL177C,16,14,0,0
YDL175C,97,92,0,0
YDL174C,472,453,0,NA
YDL171C,421,408,4,NA
YDL169C,14,14,NA,0
YDL167C,122,117,0,0
YDL166C,97,82,0,0
YDL164C,134,133,1,0
YDL160C-A,19,12,0,0
YDL160C,946,885,8,1
YDL157C,143,115,0,0
YDL153C,190,184,0,0
YDL148C,284,280,0,NA
YDL145C,481,462,5,1
YDL144C,42,38,0,0
YDL142C,41,38,1,0
YDL140C,323,318,NA,0
YDL139C,23,21,NA,0
YDL135C,156,142,0,0
YDL134C,217,198,7,0
YDL133C-A,1196,296,0,2
YDL126C,1624,1584,0,0
YDL125C,244,223,NA,1
YDL121C,95,72,0,0
YDL119C,51,44,2,0
YDL115C,70,67,0,0
YDL113C,69,67,0,0
YDL111C,152,145,2,0
YDL110C,208,187,0,1
YDL109C,2,1,NA,0
YDL106C,128,125,0,0
YDL104C,19,17,0,0
YDL103C,310,291,0,0
YDL101C,90,88,0,0
YDL100C,584,544,0,2
YDL098C,22,19,0,0
YDL097C,528,517,0,0
YDL094C,0,0,0,0
YDL091C,60,55,0,0
YDL090C,39,35,0,0
YDL088C,133,132,0,0
YDL087C,24,23,0,0
YDL086C-A,1,0,0,0
YDL085C-A,49,39,1,0
YDL083C,1143,907,0,0
YDL081C,975,741,12,3
YDL080C,31,29,NA,0
YDL079C,14,14,NA,0
YDL078C,357,331,0,0
YDL077C,56,52,NA,0
YDL076C,75,60,8,0
YDL074C,164,156,0,0
YDL072C,394,332,1,0
YDL069C,15,15,0,0
YDL067C,265,139,0,2
YDL065C,177,162,0,0
YDL063C,126,118,0,0
YDL061C,572,289,0,2
YDL059C,15,11,3,NA
YDL055C,2126,1955,15,1
YDL054C,43,38,0,0
YDL053C,157,137,2,0
YDL052C,121,109,0,0
YDL049C,7,6,0,0
YDL048C,39,39,0,0
YDL045C,55,53,0,0
YDL044C,64,57,0,0
YDL043C,96,72,1,0
YDL042C,56,52,0,0
YDL040C,408,386,0,0
YDL039C,17,15,NA,0
YDL036C,56,52,NA,0
YDL035C,38,37,NA,0
YDL033C,17,15,0,0
YDL028C,79,71,3,0
YDL027C,41,29,1,0
YDL025C,76,70,1,0
YDL024C,3,3,NA,0
YDL020C,223,208,2,0
YDL019C,178,177,NA,0
YDL018C,88,77,0,0
YDL015C,339,311,0,NA
YDL012C,236,210,0,1
YDL009C,0,0,0,0
YDL005C,151,146,0,0
YDL002C,88,79,2,0
YDR001C,472,466,NA,0
YDR005C,103,95,0,0
YDR006C,107,100,0,0
YDR008C,5,3,NA,2
YDR010C,2,0,2,0
YDR016C,37,27,0,0
YDR017C,135,127,NA,0
YDR018C,8,8,NA,0
YDR019C,242,225,NA,1
YDR020C,52,47,NA,0
YDR022C,24,23,0,0
YDR026C,54,51,2,0
YDR027C,59,56,0,0
YDR028C,327,317,NA,0
YDR030C,16,15,0,0
YDR032C,537,455,3,0
YDR034C,59,56,2,1
YDR036C,77,71,0,0
YDR038C,275,262,NA,0
YDR042C,0,0,0,0
YDR045C,90,64,3,0
YDR046C,350,326,4,0
YDR048C,0,0,0,0
YDR050C,3613,3316,3,5
YDR051C,94,89,0,0
YDR052C,87,83,1,0
YDR054C,250,233,2,1
YDR056C,126,102,0,0
YDR058C,33,28,0,0
YDR059C,89,75,0,0
YDR066C,13,12,0,0
YDR067C,52,40,3,0
YDR069C,76,73,NA,0
YDR070C,18,11,0,0
YDR071C,404,341,6,0
YDR072C,180,174,3,0
YDR078C,11,10,0,0
YDR079C-A,41,22,0,0
YDR081C,78,73,0,0
YDR084C,86,76,0,0
YDR085C,57,56,NA,0
YDR086C,278,182,8,1
YDR087C,230,219,0,0
YDR088C,66,62,1,0
YDR090C,54,45,2,0
YDR091C,490,477,0,0
YDR097C,149,142,0,0
YDR098C,347,338,NA,0
YDR101C,364,349,0,0
YDR104C,19,17,NA,0
YDR105C,93,87,0,0
YDR107C,25,21,0,0
YDR109C,44,42,NA,0
YDR111C,98,90,1,0
YDR113C,88,86,0,0
YDR116C,176,165,0,0
YDR117C,119,110,0,0
YDR120C,186,184,NA,0
YDR123C,56,46,1,0
YDR125C,6,6,NA,0
YDR129C,1029,991,0,0
YDR130C,84,74,0,0
YDR131C,21,21,0,0
YDR132C,19,17,1,0
YDR133C,613,3,533,0
YDR135C,287,281,NA,0
YDR139C,66,46,0,0
YDR141C,187,186,NA,NA
YDR142C,28,20,1,0
YDR143C,126,118,4,0
YDR144C,92,86,1,0
YDR146C,258,255,NA,0
YDR148C,504,475,0,0
YDR151C,126,116,1,0
YDR153C,261,249,1,0
YDR162C,106,98,2,0
YDR164C,82,76,0,0
YDR166C,115,113,NA,0
YDR169C,156,145,3,0
YDR170C,524,522,NA,0
YDR173C,39,36,2,NA
YDR175C,175,154,0,0
YDR179C,43,37,0,0
YDR181C,60,59,0,1
YDR185C,18,16,0,0
YDR186C,108,102,1,0
YDR190C,445,423,0,0
YDR192C,99,96,0,0
YDR194C,274,258,0,0
YDR196C,81,74,NA,0
YDR198C,33,30,0,0
YDR200C,62,55,0,0
YDR202C,49,47,0,0
YDR207C,70,70,0,NA
YDR215C,5,2,0,2
YDR217C,59,57,0,NA
YDR218C,2,2,NA,0
YDR219C,94,91,NA,0
YDR224C,1274,1044,4,3
YDR228C,131,129,0,0
YDR231C,93,82,0,0
YDR233C,715,667,0,0
YDR236C,68,68,0,0
YDR238C,723,693,0,0
YDR239C,48,42,0,0
YDR240C,35,34,0,0
YDR243C,66,64,0,0
YDR248C,48,39,0,0
YDR249C,12,9,3,0
YDR253C,1,1,0,0
YDR255C,36,33,0,1
YDR256C,2,2,NA,0
YDR257C,104,99,0,0
YDR258C,944,920,0,0
YDR259C,13,13,0,0
YDR260C,92,80,0,0
YDR261C,69,66,0,0
YDR263C,11,10,0,0
YDR264C,163,154,0,0
YDR266C,278,269,5,0
YDR267C,51,49,0,0
YDR271C,2,2,NA,0
YDR274C,0,0,0,0
YDR276C,445,289,4,4
YDR277C,145,126,2,0
YDR281C,0,0,0,0
YDR282C,27,22,0,1
YDR283C,103,102,NA,0
YDR284C,125,113,1,0
YDR286C,22,20,NA,0
YDR289C,102,93,1,0
YDR292C,150,140,1,0
YDR293C,404,387,10,NA
YDR294C,205,201,0,0
YDR295C,83,72,0,0
YDR298C,341,302,3,0
YDR300C,62,55,0,0
YDR303C,113,105,1,0
YDR304C,350,302,0,0
YDR305C,44,43,NA,0
YDR306C,60,52,3,0
YDR308C,93,75,1,0
YDR309C,428,397,3,0
YDR310C,117,112,1,0
YDR313C,42,39,0,0
YDR314C,13,8,2,0
YDR315C,9,9,0,0
YDR319C,45,31,6,0
YDR320C,216,213,0,0
YDR320C-A,44,31,NA,0
YDR322C-A,185,153,0,2
YDR323C,26,26,0,0
YDR324C,284,282,NA,0
YDR326C,173,172,NA,0
YDR328C,334,266,5,1
YDR329C,64,57,0,0
YDR333C,128,124,0,0
YDR338C,36,36,0,0
YDR339C,203,164,0,0
YDR341C,740,710,0,0
YDR342C,3333,3230,4,3
YDR343C,3279,3176,4,3
YDR345C,1559,1523,0,1
YDR346C,253,234,0,0
YDR348C,211,200,4,0
YDR349C,100,98,0,0
YDR350C,36,31,1,0
YDR357C,48,42,1,0
YDR359C,65,63,1,0
YDR361C,173,147,0,0
YDR362C,54,50,1,0
YDR364C,46,44,0,0
YDR365C,355,342,0,0
YDR366C,4,4,0,NA
YDR369C,51,48,NA,0
YDR370C,32,32,0,0
YDR372C,193,178,4,0
YDR375C,74,63,0,0
YDR378C,91,71,0,1
YDR379C-A,40,32,0,0
YDR381C-A,65,59,NA,0
YDR383C,34,30,0,0
YDR384C,276,258,1,0
YDR387C,26,18,8,0
YDR390C,111,105,0,0
YDR391C,119,109,0,0
YDR397C,122,108,0,0
YDR402C,1,0,NA,1
YDR404C,89,73,3,1
YDR407C,74,67,0,0
YDR408C,102,89,0,2
YDR410C,26,25,0,0
YDR411C,135,120,0,0
YDR414C,33,31,0,0
YDR415C,102,81,0,0
YDR422C,96,93,0,0
YDR423C,81,80,NA,0
YDR424C,71,61,1,0
YDR426C,0,0,0,0
YDR428C,48,40,0,0
YDR429C,632,565,0,1
YDR430C,193,188,0,0
YDR435C,39,37,0,0
YDR441C,42,34,0,0
YDR443C,50,50,NA,0
YDR445C,23,23,NA,0
YDR447C,1620,1316,1,4
YDR449C,149,144,0,0
YDR451C,187,176,0,0
YDR453C,30,25,1,0
YDR454C,292,275,0,0
YDR458C,125,121,0,0
YDR459C,9,6,0,0
YDR461C-A,31,26,0,0
YDR465C,145,131,0,1
YDR468C,108,98,0,0
YDR470C,82,74,0,0
YDR473C,93,90,0,0
YDR475C,62,60,0,0
YDR476C,100,87,0,0
YDR479C,50,49,0,0
YDR481C,133,117,2,0
YDR482C,19,19,0,0
YDR485C,87,85,0,0
YDR486C,147,135,0,0
YDR487C,282,267,0,0
YDR488C,23,22,NA,0
YDR490C,77,74,0,0
YDR495C,56,52,NA,0
YDR496C,463,447,0,1
YDR497C,696,651,5,1
YDR498C,61,58,1,0
YDR500C,891,632,0,1
YDR502C,1197,1084,3,1
YDR503C,35,34,0,0
YDR504C,1,0,NA,1
YDR505C,243,234,4,NA
YDR506C,24,23,0,1
YDR507C,347,341,NA,2
YDR508C,893,844,1,0
YDR510C-A,0,0,0,0
YDR512C,68,63,NA,0
YDR514C,84,83,0,0
YDR516C,307,295,3,0
YDR520C,28,27,0,0
YDR522C,0,0,0,0
YDR523C,0,0,0,0
YDR524C,29,29,0,0
YDR524C-B,1308,1009,8,7
YDR524C-A,1,0,0,1
YDR529C,530,445,0,2
YDR530C,31,28,NA,0
YDR532C,45,39,0,0
YDR533C,153,124,0,1
YDR534C,0,0,0,0
YDR535C,1,1,NA,0
YDR540C,7,3,0,0
YDR541C,12,12,0,0
YDL248W,300,274,0,0
YDL244W,25,21,NA,0
YDL242W,2,1,NA,1
YDL241W,37,33,0,0
YDL240W,36,36,NA,0
YDL237W,92,83,0,0
YDL236W,251,219,0,0
YDL233W,65,58,0,0
YDL232W,67,14,0,0
YDL230W,30,26,0,0
YDL229W,4106,3955,5,0
YDL225W,227,202,1,0
YDL221W,0,0,0,0
YDL219W,112,93,0,0
YDL218W,0,0,0,0
YDL212W,260,214,0,0
YDL210W,1,1,NA,0
YDL208W,369,306,0,0
YDL207W,54,51,0,0
YDL206W,12,10,2,0
YDL204W,260,229,16,0
YDL202W,166,146,0,0
YDL201W,125,110,0,0
YDL195W,813,790,1,0
YDL194W,9,9,NA,0
YDL193W,164,140,1,0
YDL192W,757,685,0,1
YDL191W,1324,1150,0,2
YDL189W,78,73,0,0
YDL185W,2460,2392,0,0
YDL182W,610,583,0,0
YDL181W,141,107,2,0
YDL180W,37,31,1,0
YDL179W,126,108,0,0
YDL178W,171,166,0,0
YDL176W,35,28,5,0
YDL173W,266,259,NA,NA
YDL170W,44,42,NA,0
YDL168W,317,279,0,0
YDL165W,107,99,0,0
YDL161W,271,264,0,0
YDL159W,55,53,1,0
YDL156W,45,45,0,NA
YDL155W,55,52,0,0
YDL154W,4,4,NA,0
YDL150W,130,121,0,NA
YDL149W,31,31,NA,0
YDL147W,620,579,0,0
YDL146W,17,12,2,0
YDL143W,522,487,0,0
YDL141W,84,79,3,0
YDL138W,17,11,5,0
YDL137W,377,317,7,0
YDL136W,1262,1123,2,0
YDL133W,54,49,4,0
YDL132W,185,178,6,NA
YDL131W,772,737,0,0
YDL130W-A,218,160,0,0
YDL130W,1125,847,0,2
YDL129W,8,7,0,0
YDL128W,291,278,0,0
YDL127W,55,45,0,2
YDL124W,917,830,3,0
YDL123W,66,48,0,0
YDL122W,235,230,4,NA
YDL120W,138,109,0,1
YDL117W,115,108,1,0
YDL116W,111,100,0,0
YDL114W,0,0,0,0
YDL112W,210,208,NA,1
YDL108W,57,55,0,0
YDL107W,36,32,0,0
YDL105W,27,25,0,0
YDL102W,124,118,0,0
YDL099W,180,170,1,0
YDL095W,392,371,0,1
YDL093W,75,71,0,0
YDL092W,161,146,0,0
YDL089W,31,29,0,0
YDL086W,481,442,NA,0
YDL085W,5,5,0,0
YDL084W,846,810,3,0
YDL082W,1332,1194,0,3
YDL075W,1240,1045,0,1
YDL073W,25,20,3,0
YDL070W,128,125,0,1
YDL068W,1,1,NA,0
YDL066W,301,278,0,0
YDL064W,160,137,0,0
YDL060W,214,211,0,NA
YDL058W,83,81,0,0
YDL057W,29,25,0,0
YDL056W,94,92,NA,0
YDL051W,296,274,0,0
YDL046W,245,194,1,3
YDL045W-A,114,72,0,1
YDL041W,0,0,0,0
YDL032W,0,0,0,0
YDL031W,270,265,0,0
YDL030W,49,47,0,0
YDL029W,420,391,0,0
YDL025W-A,0,0,0,0
YDL022W,1317,1242,10,0
YDL021W,66,59,0,0
YDL017W,54,52,NA,0
YDL014W,1231,1130,15,0
YDL013W,36,36,0,0
YDL010W,99,85,0,0
YDL008W,46,41,0,0
YDL007W,467,428,0,0
YDL006W,56,53,1,0
YDL004W,366,310,1,1
YDL003W,116,114,NA,0
YDL001W,76,69,0,1
YDR002W,775,689,0,0
YDR003W-A,0,0,0,0
YDR004W,19,19,NA,0
YDR007W,24,20,0,0
YDR009W,19,19,0,0
YDR011W,297,283,4,0
YDR012W,3698,3495,0,0
YDR013W,39,36,0,1
YDR014W,31,31,0,0
YDR014W-A,3,2,NA,1
YDR021W,38,36,0,1
YDR023W,1256,1185,0,0
YDR024W,2,0,NA,NA
YDR025W,1800,1666,NA,1
YDR031W,91,77,0,0
YDR033W,1514,1393,40,2
YDR034W-B,73,47,0,0
YDR035W,544,513,0,0
YDR037W,1759,1697,0,1
YDR041W,116,92,0,0
YDR044W,114,105,0,0
YDR047W,142,127,0,0
YDR049W,98,95,1,0
YDR055W,1246,1197,1,2
YDR057W,43,41,0,0
YDR060W,411,395,3,0
YDR061W,92,86,0,0
YDR062W,282,260,6,0
YDR063W,116,99,6,0
YDR064W,1822,1587,0,1
YDR065W,19,19,0,0
YDR068W,95,90,0,NA
YDR073W,62,43,14,NA
YDR074W,779,729,2,NA
YDR075W,34,29,0,0
YDR076W,36,20,0,12
YDR077W,13181,12485,15,25
YDR079W,86,69,0,1
YDR080W,82,81,0,NA
YDR082W,7,4,1,0
YDR083W,194,185,0,0
YDR089W,92,89,1,0
YDR092W,231,202,0,0
YDR093W,93,88,1,NA
YDR096W,136,135,NA,0
YDR099W,1023,907,17,1
YDR100W,107,80,0,0
YDR103W,90,85,NA,0
YDR106W,4,4,NA,0
YDR108W,44,41,0,0
YDR110W,62,59,0,1
YDR115W,123,103,0,0
YDR118W,20,19,0,NA
YDR119W,230,220,2,0
YDR119W-A,96,51,0,0
YDR121W,122,84,1,0
YDR122W,163,160,NA,0
YDR124W,14,4,10,0
YDR126W,11,7,1,NA
YDR127W,1176,1140,0,0
YDR128W,33,33,NA,0
YDR137W,65,60,0,0
YDR138W,67,62,0,0
YDR140W,73,54,0,0
YDR145W,417,408,0,0
YDR147W,47,45,0,0
YDR150W,453,452,0,0
YDR152W,171,155,0,0
YDR158W,982,955,0,0
YDR159W,43,41,1,NA
YDR160W,14,12,0,NA
YDR161W,188,180,0,0
YDR163W,75,74,NA,0
YDR165W,227,210,0,0
YDR167W,113,103,0,0
YDR168W,401,375,0,1
YDR171W,342,318,1,0
YDR172W,1065,1043,0,0
YDR174W,452,411,0,0
YDR176W,89,86,0,0
YDR177W,356,312,2,1
YDR178W,191,164,1,0
YDR179W-A,21,20,0,0
YDR180W,27,24,0,NA
YDR182W,160,159,0,0
YDR183W,56,50,0,0
YDR188W,413,383,1,1
YDR189W,190,175,0,0
YDR191W,35,30,0,0
YDR195W,150,143,0,0
YDR197W,59,55,0,0
YDR201W,22,22,NA,0
YDR204W,88,82,0,0
YDR205W,49,45,0,0
YDR206W,153,141,8,NA
YDR208W,167,157,2,0
YDR210W,315,253,0,0
YDR211W,234,212,0,0
YDR212W,431,397,0,0
YDR213W,93,91,1,0
YDR214W,901,821,1,1
YDR216W,330,323,NA,0
YDR221W,79,74,0,1
YDR222W,73,70,0,0
YDR223W,4,1,3,NA
YDR225W,1182,933,6,5
YDR226W,825,740,0,0
YDR227W,136,125,0,0
YDR229W,69,62,2,0
YDR232W,278,254,9,0
YDR234W,238,229,0,0
YDR235W,54,54,NA,0
YDR237W,134,124,0,1
YDR241W,8,8,NA,0
YDR242W,24,15,4,0
YDR244W,121,119,0,0
YDR245W,121,110,0,0
YDR246W,64,55,0,0
YDR247W,40,34,0,1
YDR251W,141,131,4,NA
YDR252W,35,33,0,0
YDR254W,19,18,0,0
YDR262W,106,96,0,1
YDR265W,25,17,6,0
YDR268W,48,43,0,0
YDR270W,25,23,NA,0
YDR272W,246,212,0,0
YDR273W,2,2,0,NA
YDR275W,15,13,1,0
YDR279W,55,51,0,0
YDR280W,127,108,4,0
YDR285W,17,17,NA,0
YDR287W,58,53,0,0
YDR288W,46,45,NA,0
YDR291W,35,35,NA,0
YDR296W,194,164,0,0
YDR297W,159,150,0,0
YDR299W,258,245,0,0
YDR301W,71,69,0,0
YDR302W,61,48,0,1
YDR307W,94,88,1,0
YDR311W,95,92,0,0
YDR312W,157,149,0,0
YDR316W,114,110,0,0
YDR317W,3,2,0,0
YDR318W,26,25,0,0
YDR320W-B,0,0,0,0
YDR321W,405,367,0,0
YDR322W,177,161,0,0
YDR325W,47,45,NA,0
YDR330W,85,79,0,0
YDR331W,144,124,0,0
YDR332W,14,12,0,0
YDR334W,39,36,1,0
YDR335W,173,171,NA,0
YDR336W,11,11,NA,0
YDR337W,134,115,0,1
YDR347W,125,119,1,0
YDR351W,111,110,NA,NA
YDR352W,74,70,3,0
YDR353W,666,602,0,0
YDR354W,143,128,3,0
YDR356W,116,115,0,0
YDR358W,190,182,0,0
YDR363W,38,32,2,0
YDR363W-A,194,145,0,0
YDR367W,83,70,0,0
YDR368W,245,206,1,0
YDR371W,45,42,1,0
YDR374W-A,44,31,0,0
YDR376W,57,55,0,0
YDR377W,315,225,3,0
YDR379W,119,113,2,0
YDR380W,248,225,6,0
YDR381W,525,501,0,1
YDR382W,1189,981,10,2
YDR385W,4747,4570,0,1
YDR386W,49,47,0,0
YDR388W,590,557,0,0
YDR389W,72,71,NA,0
YDR392W,42,39,0,0
YDR393W,33,29,0,0
YDR394W,302,273,2,0
YDR395W,413,394,4,0
YDR396W,0,0,0,0
YDR398W,227,213,0,0
YDR399W,147,126,0,0
YDR401W,0,0,0,0
YDR403W,12,12,NA,0
YDR405W,143,120,0,0
YDR406W,37,37,NA,NA
YDR409W,56,53,NA,0
YDR412W,135,121,0,0
YDR416W,59,56,1,0
YDR418W,1608,1345,0,4
YDR419W,39,36,0,0
YDR420W,174,172,NA,0
YDR421W,27,26,1,0
YDR425W,59,57,NA,0
YDR427W,379,357,0,0
YDR434W,103,86,3,1
YDR436W,76,75,0,0
YDR438W,0,0,0,0
YDR439W,21,18,0,1
YDR440W,47,46,0,0
YDR442W,0,0,0,0
YDR444W,23,20,1,0
YDR446W,0,0,0,0
YDR448W,115,107,0,0
YDR450W,1340,1142,0,1
YDR452W,148,130,3,1
YDR456W,90,80,0,0
YDR457W,240,227,0,0
YDR460W,68,65,0,0
YDR461W,0,0,0,0
YDR462W,225,183,0,1
YDR463W,269,257,0,1
YDR464W,76,73,1,NA
YDR466W,62,60,1,0
YDR469W,71,65,0,0
YDR471W,894,770,0,4
YDR472W,78,69,0,0
YDR477W,282,267,4,0
YDR478W,56,47,0,0
YDR483W,243,225,0,0
YDR484W,63,63,0,0
YDR489W,58,58,0,0
YDR492W,99,83,1,0
YDR493W,98,77,1,0
YDR494W,195,188,0,0
YDR499W,26,24,0,NA
YDR501W,21,21,0,0
YDR510W,300,240,0,1
YDR511W,110,95,NA,0
YDR513W,337,319,0,1
YDR515W,105,94,0,0
YDR517W,94,82,0,1
YDR518W,118,109,0,0
YDR519W,138,120,0,0
YDR525W-A,247,184,0,2
YDR527W,37,37,0,0
YDR528W,25,23,0,0
YDR531W,93,81,3,0
YDR536W,6,5,NA,0
YDR538W,31,28,0,0
YDR539W,171,153,0,0
YEL073C,72,63,0,1
YEL068C,11,9,0,0
YEL064C,32,30,0,0
YEL063C,36,17,2,0
YEL061C,62,57,2,NA
YEL060C,1181,1128,2,0
YEL059C-A,29,20,0,0
YEL057C,1,1,NA,0
YEL055C,189,179,1,0
YEL054C,1354,1119,0,2
YEL053C,56,51,0,0
YEL050C,233,220,1,0
YEL048C,20,19,NA,0
YEL047C,295,263,0,NA
YEL046C,931,858,NA,3
YEL039C,179,156,1,0
YEL037C,339,313,2,0
YEL036C,196,186,1,0
YEL034C-A,0,0,0,0
YEL029C,53,49,0,0
YEL025C,25,23,NA,0
YEL023C,1,0,1,NA
YEL017C-A,217,125,0,0
YEL016C,14,12,1,0
YEL009C-A,1,1,NA,0
YEL009C,311,116,186,0
YEL008C-A,8,0,NA,8
YEL005C,26,22,0,0
YEL002C,284,257,0,1
YEL001C,222,186,0,0
YER003C,681,655,0,0
YER007C-A,254,223,0,2
YER008C,169,164,0,0
YER010C,52,50,0,0
YER017C,198,189,NA,0
YER018C,39,34,0,0
YER019C-A,184,160,0,0
YER023C-A,0,0,0,0
YER026C,682,606,0,1
YER027C,203,190,0,0
YER028C,4,3,0,0
YER029C,81,66,0,0
YER031C,258,222,0,1
YER033C,48,47,NA,0
YER036C,668,628,0,1
YER038C,6,5,0,0
YER039C,1,0,NA,1
YER043C,2982,2762,0,0
YER044C,204,161,0,1
YER044C-A,1,1,NA,NA
YER045C,44,41,1,0
YER047C,74,74,NA,0
YER048C,271,258,2,0
YER050C,245,211,10,0
YER052C,437,422,1,0
YER053C,279,234,4,0
YER053C-A,258,124,1,5
YER054C,68,67,NA,0
YER055C,454,407,0,0
YER056C,699,636,5,0
YER056C-A,1225,992,0,1
YER057C,270,203,1,0
YER061C,41,39,0,0
YER062C,400,362,1,0
YER064C,301,283,1,0
YER065C,10,1,9,0
YER071C,63,53,0,0
YER075C,46,42,2,0
YER076C,15,8,5,0
YER077C,127,126,NA,0
YER078C,56,53,1,0
YER082C,175,161,0,0
YER083C,199,183,0,0
YER085C,1,1,0,0
YER087C-B,149,84,0,4
YER088C,166,164,0,0
YER088C-A,13,7,NA,0
YER089C,209,180,18,NA
YER091C,1723,1646,4,0
YER093C,49,47,NA,0
YER093C-A,30,20,0,0
YER094C,294,249,5,1
YER099C,162,146,0,0
YER101C,99,89,0,0
YER105C,175,165,0,0
YER107C,120,111,2,0
YER109C,40,38,NA,NA
YER110C,401,386,0,1
YER111C,90,82,6,NA
YER113C,37,33,1,0
YER114C,181,179,NA,0
YER115C,9,6,3,0
YER116C,66,60,NA,3
YER118C,120,108,0,0
YER119C,76,73,0,0
YER122C,364,347,0,0
YER124C,537,520,0,0
YER126C,263,232,0,1
YER130C,83,74,0,0
YER132C,33,33,NA,0
YER134C,108,101,0,0
YER137C,36,31,0,1
YER139C,72,60,0,0
YER142C,11,9,0,0
YER144C,48,47,0,0
YER145C,111,103,0,0
YER147C,47,46,0,NA
YER149C,55,52,0,0
YER151C,301,293,0,0
YER152C,58,48,0,0
YER155C,185,184,NA,0
YER156C,272,262,0,0
YER158C,12,11,NA,0
YER159C,195,144,16,0
YER161C,103,93,0,0
YER162C,57,54,0,0
YER163C,87,79,0,0
YER168C,142,141,NA,0
YER172C,254,244,0,0
YER174C,62,59,NA,1
YER175C,107,101,0,0
YER180C,0,0,0,0
YER180C-A,34,31,0,0
YER181C,1,0,1,0
YER183C,56,54,NA,0
YER184C,11,10,NA,0
YER186C,9,1,8,0
YER188C-A,1,1,0,NA
YEL072W,11,6,4,0
YEL071W,734,681,0,0
YEL070W,11,10,NA,0
YEL066W,93,88,NA,0
YEL065W,122,111,0,0
YEL062W,42,40,0,0
YEL058W,306,273,0,1
YEL056W,80,76,0,NA
YEL052W,67,63,0,0
YEL051W,352,309,1,0
YEL049W,5,2,3,0
YEL044W,52,51,NA,0
YEL043W,83,80,0,0
YEL042W,209,199,0,0
YEL041W,33,30,2,NA
YEL040W,611,600,0,0
YEL038W,87,80,0,0
YEL034W,2160,1901,15,1
YEL033W,2,1,NA,NA
YEL032W,124,117,0,0
YEL031W,499,473,0,0
YEL030W,16,16,NA,0
YEL028W,2,0,2,0
YEL027W,893,757,2,0
YEL026W,432,341,1,0
YEL024W,506,446,9,0
YEL022W,146,140,NA,0
YEL021W,965,871,3,0
YEL020W-A,233,173,0,3
YEL018W,42,40,NA,0
YEL017W,124,111,0,0
YEL015W,235,224,0,0
YEL013W,271,250,9,0
YEL012W,45,42,0,0
YEL011W,175,169,0,0
YEL008W,0,0,0,0
YEL007W,148,146,NA,0
YEL006W,43,35,0,1
YEL004W,35,33,0,0
YEL003W,103,94,NA,0
YER001W,300,283,0,0
YER002W,296,260,0,0
YER004W,129,114,0,1
YER005W,45,40,0,0
YER006W,451,412,0,0
YER007W,16,16,0,0
YER009W,536,445,0,1
YER011W,5,5,0,0
YER012W,261,229,2,0
YER013W,72,72,NA,0
YER014W,68,59,0,0
YER015W,23,23,NA,0
YER016W,64,62,NA,0
YER019W,75,71,NA,0
YER020W,92,90,0,0
YER021W,396,382,0,0
YER022W,113,109,0,0
YER023W,344,304,0,0
YER024W,13,13,NA,0
YER025W,841,809,0,0
YER030W,181,152,0,0
YER032W,129,126,0,0
YER034W,64,63,0,0
YER035W,293,251,3,0
YER037W,8,6,0,0
YER038W-A,0,0,0,0
YER040W,82,78,1,0
YER041W,22,10,6,0
YER042W,62,55,0,0
YER046W,37,30,1,0
YER048W-A,99,75,0,0
YER049W,351,313,0,0
YER051W,30,28,0,NA
YER058W,35,30,0,0
YER059W,100,94,1,0
YER060W,10,9,0,NA
YER060W-A,94,94,NA,0
YER063W,197,182,0,0
YER066W,14,9,5,0
YER067W,428,348,2,0
YER068W,256,242,0,0
YER069W,655,642,0,0
YER070W,855,812,2,0
YER072W,292,232,0,0
YER073W,365,332,0,0
YER074W,1628,1417,3,1
YER074W-A,78,58,0,0
YER076W-A,1,1,NA,0
YER079W,121,114,2,0
YER080W,190,183,0,0
YER081W,264,264,0,0
YER084W,8,5,NA,0
YER086W,335,306,0,0
YER087W,54,54,0,0
YER088W-B,1,0,1,NA
YER090W,524,491,0,0
YER092W,145,122,0,0
YER095W,182,176,NA,1
YER096W,2,2,NA,0
YER098W,27,25,NA,0
YER100W,219,205,1,0
YER102W,2243,2073,0,0
YER103W,137,130,0,0
YER104W,56,50,0,0
YER106W,1,1,NA,0
YER112W,210,176,1,1
YER117W,1357,1187,0,2
YER120W,494,473,0,0
YER121W,10,9,NA,1
YER123W,89,87,2,0
YER125W,417,410,NA,0
YER127W,186,180,0,0
YER128W,54,53,NA,0
YER129W,29,29,NA,0
YER131W,853,704,8,1
YER133W,461,427,0,1
YER136W,293,262,1,0
YER138W-A,52,2,NA,47
YER140W,23,21,NA,0
YER141W,350,337,0,2
YER143W,134,127,0,0
YER146W,100,81,0,0
YER148W,153,123,9,0
YER150W,127,111,0,0
YER154W,125,117,0,0
YER157W,80,78,0,0
YER158W-A,1,1,NA,0
YER164W,181,179,NA,0
YER165W,1346,1287,2,3
YER166W,185,183,NA,0
YER167W,104,102,2,0
YER169W,70,69,0,0
YER170W,67,58,0,0
YER171W,111,104,2,0
YER173W,23,22,0,NA
YER175W-A,1,0,NA,1
YER176W,108,106,0,0
YER177W,1922,1761,1,0
YER178W,645,604,0,2
YER179W,5,5,NA,0
YER182W,111,97,0,0
YER187W,3,1,2,0
YER188W,2,2,0,0
YFL057C,0,0,0,0
YFL054C,30,29,NA,0
YFL050C,6,3,3,0
YFL048C,250,238,0,0
YFL045C,805,706,3,0
YFL044C,117,107,0,0
YFL042C,59,57,0,0
YFL039C,2441,2284,20,1
YFL038C,550,456,0,2
YFL034C-B,130,115,0,0
YFL034C-A,191,127,0,0
YFL033C,84,83,NA,0
YFL029C,38,35,NA,0
YFL028C,87,82,0,1
YFL027C,29,26,0,0
YFL025C,39,36,1,0
YFL024C,68,67,NA,0
YFL022C,660,623,0,1
YFL021C-A,0,0,0,0
YFL020C,0,0,0,0
YFL018C,751,701,1,2
YFL017C,118,110,0,0
YFL016C,360,343,0,0
YFL013C,189,182,0,0
YFL010C,805,752,0,0
YFL003C,2,2,NA,0
YFL002C,130,127,0,0
YFR003C,157,129,0,1
YFR005C,49,47,0,0
YFR011C,136,122,0,0
YFR014C,83,78,1,0
YFR015C,249,238,3,0
YFR016C,244,241,NA,0
YFR017C,111,82,5,1
YFR018C,39,34,0,0
YFR024C-A,163,155,0,0
YFR025C,57,55,0,0
YFR026C,7,5,2,0
YFR028C,92,76,1,0
YFR031C,66,66,NA,0
YFR031C-A,2347,2116,0,3
YFR032C-A,873,672,0,0
YFR033C,371,296,6,1
YFR034C,103,98,0,NA
YFR037C,393,373,0,0
YFR039C,65,57,1,0
YFR041C,129,118,NA,0
YFR043C,48,41,0,0
YFR044C,732,692,0,0
YFR046C,38,38,NA,0
YFR047C,124,113,0,0
YFR050C,397,352,0,0
YFR051C,349,320,0,1
YFR053C,2349,2204,17,NA
YFR054C,0,0,0,0
YFL055W,2,2,NA,0
YFL053W,2,2,NA,0
YFL052W,16,14,0,0
YFL049W,102,101,0,0
YFL047W,67,67,0,0
YFL046W,41,35,0,0
YFL041W-A,0,0,0,0
YFL041W,85,76,0,0
YFL037W,404,377,0,0
YFL036W,187,186,NA,0
YFL034W,52,50,0,NA
YFL031W,167,163,NA,1
YFL030W,15,15,NA,0
YFL026W,0,0,0,0
YFL023W,113,112,0,0
YFL021W,283,282,NA,0
YFL017W-A,75,51,0,0
YFL014W,1737,1301,11,3
YFL012W-A,0,0,0,0
YFL012W,1,1,0,0
YFL011W,2,1,1,NA
YFL010W-A,0,0,0,0
YFL009W,148,138,2,0
YFL008W,225,223,0,NA
YFL007W,160,153,2,0
YFL005W,265,241,5,0
YFL004W,199,192,0,0
YFL001W,46,45,NA,1
YFR001W,189,157,0,2
YFR002W,214,206,0,0
YFR004W,311,260,1,0
YFR006W,236,235,NA,0
YFR007W,43,42,0,0
YFR008W,105,98,0,0
YFR009W,368,354,0,0
YFR010W,348,335,0,0
YFR010W-A,0,0,0,0
YFR013W,110,104,0,0
YFR019W,126,125,NA,0
YFR020W,0,0,0,0
YFR021W,33,31,1,0
YFR022W,20,15,1,0
YFR023W,1,1,NA,0
YFR027W,26,24,0,0
YFR029W,45,45,0,0
YFR030W,38,34,3,0
YFR034W-A,24,6,NA,14
YFR038W,74,73,NA,0
YFR040W,84,82,NA,NA
YFR042W,46,38,0,0
YFR045W,48,46,0,NA
YFR048W,59,56,1,0
YFR049W,112,88,6,0
YFR052W,339,317,0,0
YFR055W,178,167,0,0
YGL257C,21,15,1,0
YGL252C,155,148,0,1
YGL251C,13,13,NA,0
YGL246C,79,74,0,0
YGL242C,138,130,1,0
YGL237C,57,56,0,0
YGL236C,44,43,0,1
YGL231C,255,226,0,0
YGL230C,1,1,0,0
YGL229C,9,7,2,0
YGL226C-A,111,90,0,1
YGL224C,68,57,1,0
YGL223C,59,56,NA,0
YGL222C,395,370,1,0
YGL221C,237,217,0,0
YGL219C,133,128,0,0
YGL213C,109,105,0,0
YGL206C,825,814,3,NA
YGL204C,10,8,0,0
YGL203C,129,120,0,0
YGL201C,159,142,0,0
YGL200C,209,184,0,1
YGL199C,1,0,1,0
YGL194C-A,17,9,5,0
YGL194C,70,62,0,NA
YGL193C,0,0,0,0
YGL190C,105,94,6,0
YGL189C,1515,1173,0,2
YGL187C,376,309,4,1
YGL186C,100,96,0,0
YGL185C,56,54,0,0
YGL184C,21,21,NA,0
YGL182C,1,0,0,NA
YGL179C,7,7,0,NA
YGL176C,7,7,0,0
YGL175C,11,10,0,NA
YGL173C,828,807,NA,0
YGL167C,202,189,6,0
YGL165C,0,0,0,0
YGL164C,69,67,0,NA
YGL163C,48,46,0,0
YGL161C,190,182,2,0
YGL154C,11,10,0,0
YGL152C,0,0,0,0
YGL150C,148,146,0,NA
YGL147C,1667,1448,0,3
YGL146C,3,2,1,NA
YGL144C,15,14,0,0
YGL143C,45,41,0,0
YGL142C,41,35,0,0
YGL140C,132,130,NA,1
YGL136C,18,18,0,0
YGL131C,25,23,0,NA
YGL129C,124,120,0,0
YGL128C,31,27,NA,0
YGL127C,70,56,0,0
YGL124C,64,62,NA,0
YGL122C,675,669,0,0
YGL121C,52,44,0,1
YGL120C,345,331,0,0
YGL112C,146,139,0,0
YGL110C,74,70,0,0
YGL108C,56,48,0,0
YGL107C,131,129,0,0
YGL104C,33,32,NA,0
YGL095C,117,110,0,0
YGL094C,34,31,1,0
YGL091C,161,148,0,0
YGL089C,6,6,0,NA
YGL087C,289,253,1,2
YGL084C,106,98,0,0
YGL078C,415,398,1,0
YGL077C,269,249,5,0
YGL076C,2747,2490,0,3
YGL075C,22,22,0,0
YGL072C,3,0,NA,2
YGL070C,166,135,0,0
YGL065C,117,93,0,0
YGL064C,86,83,0,NA
YGL063C-A,1,0,NA,1
YGL061C,72,61,1,0
YGL057C,40,39,NA,0
YGL056C,268,250,0,0
YGL054C,243,204,3,0
YGL049C,484,452,1,0
YGL048C,427,394,0,0
YGL044C,146,142,0,0
YGL040C,267,255,2,1
YGL038C,90,86,0,0
YGL037C,1025,909,2,0
YGL035C,176,168,0,NA
YGL032C,0,0,0,0
YGL031C,1556,1407,1,0
YGL028C,534,477,4,0
YGL027C,122,120,0,0
YGL026C,1097,1055,0,0
YGL025C,91,88,NA,0
YGL023C,89,85,NA,0
YGL020C,111,99,0,0
YGL018C,86,74,2,1
YGL015C,1,1,0,0
YGL013C,80,79,NA,0
YGL011C,365,343,0,1
YGL009C,1295,1247,1,1
YGL008C,6395,6173,15,4
YGL007C-A,5,0,2,1
YGL005C,61,55,0,0
YGL004C,33,30,NA,0
YGL003C,41,35,1,0
YGL001C,280,264,0,0
YGR001C,227,203,0,0
YGR002C,123,116,0,0
YGR005C,185,175,0,0
YGR008C,336,234,6,1
YGR009C,295,280,0,0
YGR015C,19,19,NA,0
YGR018C,1,1,0,0
YGR020C,298,233,2,0
YGR024C,39,27,2,NA
YGR027C,1158,882,0,3
YGR030C,75,60,0,0
YGR033C,99,86,2,3
YGR035C,1,1,0,0
YGR036C,49,38,2,0
YGR037C,325,254,1,2
YGR043C,12,11,NA,0
YGR044C,152,144,NA,1
YGR045C,4,1,3,NA
YGR047C,77,76,NA,0
YGR050C,0,0,0,0
YGR053C,4,4,0,0
YGR057C,15,11,1,0
YGR061C,471,460,NA,0
YGR062C,20,19,NA,0
YGR063C,136,117,1,0
YGR065C,54,49,5,0
YGR067C,7,7,NA,0
YGR068C,43,39,0,1
YGR071C,31,29,1,NA
YGR073C,0,0,0,0
YGR075C,39,37,0,NA
YGR076C,146,125,0,0
YGR077C,37,37,0,0
YGR078C,181,169,0,0
YGR081C,144,127,NA,0
YGR083C,368,363,1,NA
YGR084C,192,188,NA,0
YGR085C,1834,1597,0,1
YGR086C,1399,1280,12,0
YGR087C,10,10,0,0
YGR095C,80,63,4,0
YGR098C,26,26,NA,0
YGR102C,68,59,0,0
YGR104C,49,43,0,0
YGR106C,277,237,2,0
YGR109C,80,74,1,0
YGR117C,68,63,0,0
YGR119C,278,268,1,0
YGR120C,64,58,0,0
YGR121C,20,19,0,0
YGR122C-A,9,9,0,0
YGR123C,147,136,0,0
YGR128C,209,200,0,0
YGR130C,623,605,0,1
YGR132C,238,203,0,0
YGR138C,147,145,0,1
YGR146C,61,51,3,0
YGR146C-A,0,0,0,0
YGR147C,68,58,0,0
YGR148C,1298,1183,1,0
YGR150C,49,48,0,0
YGR154C,8,0,8,0
YGR158C,130,115,1,0
YGR159C,758,704,1,0
YGR161C,445,408,0,0
YGR168C,20,13,6,0
YGR169C,30,27,1,0
YGR169C-A,202,147,3,1
YGR171C,32,32,0,0
YGR172C,203,189,0,1
YGR174C,78,77,NA,0
YGR175C,1204,1161,1,0
YGR177C,67,59,4,1
YGR178C,565,538,1,0
YGR179C,71,69,0,0
YGR180C,672,632,1,0
YGR182C,0,0,0,0
YGR183C,276,194,0,0
YGR184C,127,126,NA,0
YGR185C,913,856,0,0
YGR187C,201,193,0,0
YGR188C,9,9,0,NA
YGR189C,1906,1812,2,0
YGR192C,10644,9701,16,8
YGR193C,279,275,0,0
YGR194C,75,74,NA,0
YGR196C,109,108,0,NA
YGR197C,24,23,0,0
YGR200C,186,177,0,0
YGR201C,7,6,NA,0
YGR202C,117,105,0,1
YGR204C-A,0,0,0,0
YGR207C,311,289,0,0
YGR209C,302,215,3,2
YGR210C,147,132,7,0
YGR213C,5,4,NA,0
YGR216C,54,45,0,0
YGR220C,130,121,0,1
YGR221C,6,5,0,0
YGR223C,44,44,NA,0
YGR229C,337,304,10,NA
YGR231C,227,200,2,2
YGR233C,33,31,NA,0
YGR235C,258,216,0,0
YGR236C,2,2,NA,0
YGR237C,91,90,0,0
YGR238C,36,34,NA,0
YGR239C,73,67,0,0
YGR240C,2318,2252,13,0
YGR241C,115,113,1,0
YGR244C,413,371,2,0
YGR245C,243,231,3,0
YGR246C,92,88,0,0
YGR250C,161,150,1,0
YGR253C,375,361,1,0
YGR255C,78,69,3,0
YGR257C,26,23,0,0
YGR258C,48,48,0,0
YGR259C,3,1,2,0
YGR261C,184,179,0,0
YGR262C,75,70,0,0
YGR263C,27,25,0,0
YGR264C,642,616,0,0
YGR267C,225,200,7,0
YGR268C,97,82,0,7
YGR271C-A,144,138,NA,0
YGR274C,59,58,0,0
YGR276C,100,97,0,NA
YGR277C,73,61,0,0
YGR279C,1464,1303,2,0
YGR280C,192,164,0,0
YGR282C,1890,1722,0,7
YGR283C,69,66,0,0
YGR284C,329,303,1,0
YGR285C,1097,1041,0,0
YGR286C,25,24,0,0
YGR287C,17,16,0,1
YGR289C,2,0,2,0
YGL263W,0,0,0,0
YGL258W,6,0,6,0
YGL256W,17,12,3,0
YGL255W,84,69,1,0
YGL254W,77,74,0,0
YGL253W,1244,1169,2,0
YGL250W,29,24,NA,0
YGL248W,80,76,0,1
YGL247W,22,18,NA,0
YGL245W,1578,1535,0,0
YGL244W,332,322,0,NA
YGL243W,22,22,NA,0
YGL241W,113,111,0,0
YGL240W,13,12,NA,0
YGL238W,333,328,NA,0
YGL234W,496,480,0,0
YGL233W,74,69,0,0
YGL232W,96,96,0,0
YGL228W,191,182,1,0
YGL227W,44,42,0,0
YGL226W,60,48,NA,0
YGL225W,383,347,0,0
YGL220W,76,71,NA,0
YGL218W,0,0,0,0
YGL216W,67,65,0,0
YGL215W,51,44,2,1
YGL212W,51,49,0,0
YGL211W,71,69,0,0
YGL210W,79,67,0,0
YGL209W,72,67,0,1
YGL208W,57,55,0,0
YGL207W,530,521,1,NA
YGL205W,3,2,NA,1
YGL202W,674,648,6,0
YGL198W,156,144,0,0
YGL197W,121,112,NA,0
YGL196W,49,49,0,0
YGL195W,943,932,NA,0
YGL192W,0,0,0,0
YGL191W,724,621,1,1
YGL181W,217,210,0,0
YGL180W,22,18,3,0
YGL178W,109,108,NA,0
YGL174W,46,43,0,0
YGL172W,230,225,0,0
YGL171W,188,176,0,0
YGL169W,87,79,1,0
YGL166W,49,45,0,0
YGL162W,37,33,0,0
YGL160W,59,53,0,0
YGL159W,59,55,0,0
YGL158W,1,1,0,0
YGL157W,306,283,0,0
YGL156W,95,90,NA,1
YGL155W,38,32,2,0
YGL153W,54,50,0,1
YGL151W,137,129,0,0
YGL148W,590,563,1,0
YGL145W,110,105,0,0
YGL141W,102,95,0,0
YGL139W,136,112,1,0
YGL137W,567,541,0,0
YGL135W,2364,2188,4,1
YGL134W,15,12,2,0
YGL133W,85,81,1,NA
YGL130W,136,126,0,0
YGL125W,617,543,25,NA
YGL123W,2379,2149,19,0
YGL119W,34,32,0,0
YGL117W,60,54,0,1
YGL116W,116,112,0,0
YGL115W,194,165,2,0
YGL114W,47,40,0,0
YGL113W,19,18,0,0
YGL111W,222,219,0,0
YGL109W,0,0,0,0
YGL106W,313,264,0,0
YGL105W,1374,1304,0,1
YGL103W,1850,1562,0,1
YGL101W,109,95,0,0
YGL100W,143,126,0,0
YGL099W,162,148,0,0
YGL098W,74,63,1,0
YGL097W,293,274,0,0
YGL096W,21,21,NA,0
YGL093W,52,52,NA,0
YGL092W,260,258,NA,0
YGL090W,17,14,1,0
YGL088W,4,1,NA,3
YGL086W,89,88,NA,1
YGL085W,10,9,0,0
YGL083W,38,36,0,0
YGL082W,112,108,0,0
YGL081W,10,8,0,1
YGL080W,147,131,0,0
YGL079W,37,30,1,0
YGL073W,115,112,0,0
YGL071W,58,53,1,0
YGL068W,343,310,0,1
YGL067W,65,62,0,0
YGL066W,145,140,3,0
YGL063W,21,15,5,1
YGL062W,254,241,0,0
YGL060W,71,65,4,0
YGL059W,40,31,0,0
YGL058W,276,232,0,1
YGL055W,1075,999,1,1
YGL050W,47,35,0,0
YGL047W,32,31,0,0
YGL045W,32,32,NA,0
YGL043W,352,332,0,0
YGL041W-A,108,102,0,1
YGL039W,20,19,0,0
YGL036W,84,80,1,NA
YGL033W,0,0,0,0
YGL030W,1086,796,8,1
YGL029W,94,67,0,0
YGL022W,251,226,1,0
YGL021W,204,202,NA,1
YGL019W,120,108,2,0
YGL017W,41,39,0,0
YGL016W,64,60,1,0
YGL014W,207,202,NA,0
YGL012W,346,324,0,0
YGL010W,50,40,1,0
YGL007W,2,2,NA,0
YGL006W-A,12,0,NA,12
YGL006W,100,99,NA,0
YGL002W,38,31,0,0
YGR003W,74,66,0,0
YGR004W,32,28,1,0
YGR006W,45,43,NA,NA
YGR007W,103,96,0,0
YGR012W,57,55,0,0
YGR013W,70,64,0,0
YGR014W,357,353,NA,0
YGR016W,19,15,NA,0
YGR017W,71,62,2,1
YGR019W,248,230,0,0
YGR021W,82,73,0,0
YGR023W,29,25,2,0
YGR026W,221,201,NA,1
YGR028W,74,66,0,0
YGR029W,111,89,NA,0
YGR031W,59,50,1,3
YGR032W,647,622,NA,0
YGR034W,1099,929,0,0
YGR038W,177,163,2,0
YGR039W,9,9,NA,0
YGR040W,57,49,0,2
YGR041W,45,37,5,0
YGR042W,39,37,0,0
YGR046W,59,49,2,0
YGR048W,145,131,0,0
YGR049W,261,218,2,0
YGR052W,42,38,NA,0
YGR054W,452,424,5,2
YGR055W,428,418,0,0
YGR056W,101,101,0,0
YGR058W,69,63,0,0
YGR059W,0,0,0,0
YGR060W,706,649,0,0
YGR064W,2,0,2,0
YGR070W,47,44,NA,NA
YGR072W,95,85,0,NA
YGR074W,124,118,0,0
YGR079W,158,156,NA,0
YGR080W,270,256,0,0
YGR082W,371,313,3,0
YGR088W,225,218,0,0
YGR089W,69,68,NA,0
YGR090W,245,232,1,0
YGR091W,32,31,0,0
YGR092W,218,214,0,0
YGR093W,79,73,0,0
YGR094W,1250,1231,NA,1
YGR096W,9,9,0,0
YGR097W,169,165,NA,1
YGR099W,30,29,NA,0
YGR100W,92,88,0,0
YGR101W,73,68,0,0
YGR103W,515,461,0,0
YGR105W,75,48,0,0
YGR107W,0,0,0,0
YGR108W,134,125,0,0
YGR110W,11,10,0,1
YGR111W,199,182,0,0
YGR112W,58,53,0,0
YGR113W,88,75,0,0
YGR116W,453,443,0,NA
YGR118W,1674,1343,0,2
YGR121W-A,0,0,0,0
YGR122W,25,25,0,0
YGR124W,1043,1020,0,0
YGR125W,151,141,0,0
YGR127W,31,29,0,0
YGR129W,61,54,0,0
YGR131W,4,4,NA,0
YGR133W,28,27,NA,0
YGR134W,37,34,1,0
YGR135W,391,353,0,0
YGR137W,298,237,NA,0
YGR139W,3,1,2,NA
YGR140W,59,59,NA,0
YGR141W,60,54,0,0
YGR142W,120,109,3,0
YGR143W,76,76,NA,0
YGR145W,198,189,0,0
YGR149W,168,153,1,0
YGR153W,14,13,NA,0
YGR155W,1355,1297,3,0
YGR156W,136,123,1,0
YGR157W,517,494,7,0
YGR160W,0,0,0,0
YGR161W-C,60,47,0,0
YGR162W,894,880,NA,0
YGR163W,67,61,0,0
YGR165W,242,227,0,1
YGR166W,37,35,0,0
YGR167W,450,402,0,0
YGR170W,44,41,0,0
YGR173W,344,329,0,0
YGR174W-A,3,0,3,0
YGR181W,136,112,0,0
YGR186W,200,191,0,0
YGR191W,254,233,3,0
YGR195W,177,150,5,0
YGR198W,68,61,0,0
YGR199W,140,135,0,NA
YGR203W,70,53,1,0
YGR204W,757,729,0,0
YGR205W,85,75,3,0
YGR206W,30,24,0,0
YGR208W,125,115,0,0
YGR211W,481,457,2,0
YGR212W,8,7,NA,1
YGR214W,1702,1539,0,0
YGR215W,142,110,0,2
YGR217W,83,81,0,NA
YGR218W,543,524,2,0
YGR222W,50,48,NA,0
YGR224W,5,5,0,0
YGR225W,4,4,0,0
YGR227W,82,77,0,0
YGR230W,60,54,0,0
YGR232W,123,112,0,0
YGR234W,3671,3361,0,1
YGR243W,64,51,0,0
YGR247W,45,38,2,0
YGR248W,98,81,0,0
YGR249W,3,3,0,0
YGR251W,86,81,0,NA
YGR252W,57,50,0,0
YGR254W,7648,7220,3,0
YGR256W,25,25,NA,0
YGR260W,95,94,NA,0
YGR266W,115,106,0,0
YGR270W,151,150,NA,0
YGR271W,95,94,NA,0
YGR278W,54,49,0,0
YGR281W,104,99,0,0
YGR288W,46,34,8,0
YGR292W,20,19,0,0
YHL047C,5,5,0,0
YHL046C,2,2,0,0
YHL040C,20,19,1,0
YHL038C,42,42,0,0
YHL037C,5,1,4,0
YHL035C,12,11,NA,0
YHL034C,727,682,2,0
YHL033C,2053,1875,0,1
YHL032C,29,25,0,2
YHL031C,183,167,0,1
YHL029C,62,59,0,0
YHL026C,9,7,2,0
YHL023C,58,57,0,0
YHL022C,8,8,NA,0
YHL021C,362,343,2,0
YHL020C,120,120,0,0
YHL019C,34,34,0,0
YHL016C,0,0,0,0
YHL014C,37,36,0,0
YHL013C,104,104,0,0
YHL011C,296,254,7,0
YHL010C,29,25,0,0
YHL009C,74,66,0,0
YHL008C,28,22,0,0
YHL007C,236,226,0,0
YHL006C,14,13,NA,0
YHL003C,172,146,1,0
YHL002C-A,0,0,0,0
YHR003C,108,105,0,0
YHR004C,24,22,0,NA
YHR005C,160,139,4,1
YHR005C-A,210,174,0,1
YHR007C,1063,1011,6,2
YHR007C-A,1,0,NA,1
YHR008C,441,391,0,0
YHR009C,104,83,8,0
YHR013C,231,207,0,0
YHR016C,88,83,1,0
YHR018C,888,842,0,0
YHR019C,1115,1058,1,0
YHR021C,840,639,2,1
YHR022C,15,13,0,1
YHR022C-A,0,0,0,0
YHR024C,116,109,0,0
YHR027C,609,596,0,1
YHR028C,172,160,0,1
YHR029C,56,49,0,0
YHR030C,297,281,0,0
YHR031C,44,44,0,0
YHR032C-A,0,0,0,0
YHR034C,55,52,0,0
YHR039C,272,263,3,0
YHR039C-A,551,436,0,0
YHR041C,20,20,0,0
YHR043C,122,100,3,0
YHR044C,40,40,0,0
YHR046C,80,68,0,0
YHR047C,89,85,0,0
YHR049C-A,3,0,NA,3
YHR056C,100,92,0,NA
YHR057C,66,55,0,0
YHR058C,77,65,0,0
YHR061C,40,34,1,0
YHR062C,93,80,0,0
YHR063C,200,170,0,0
YHR064C,1156,1094,1,0
YHR065C,341,319,0,0
YHR069C,173,158,0,0
YHR071C-A,0,0,0,0
YHR073C-B,0,0,0,0
YHR075C,29,27,0,0
YHR077C,139,132,0,0
YHR079C,17,15,1,0
YHR080C,33,33,0,NA
YHR082C,81,78,NA,0
YHR089C,407,376,0,0
YHR090C,80,69,0,0
YHR091C,31,29,0,0
YHR092C,893,859,0,0
YHR094C,389,369,0,0
YHR096C,28,28,NA,0
YHR097C,160,151,0,NA
YHR098C,264,253,0,0
YHR100C,43,39,0,0
YHR101C,48,44,NA,0
YHR107C,283,272,0,0
YHR112C,74,69,0,0
YHR115C,119,111,1,NA
YHR118C,77,75,0,0
YHR129C,40,29,7,0
YHR130C,1,0,NA,0
YHR131C,18,18,0,NA
YHR132C,207,199,0,0
YHR133C,114,99,0,0
YHR135C,274,253,5,0
YHR136C,0,0,0,0
YHR138C,47,42,0,0
YHR139C,1,0,NA,1
YHR141C,1483,1204,0,0
YHR144C,49,47,0,1
YHR145C,14,11,2,NA
YHR147C,179,153,0,0
YHR149C,82,74,2,0
YHR151C,13,10,1,0
YHR153C,8,7,NA,0
YHR156C,20,19,0,0
YHR158C,169,166,NA,0
YHR161C,115,111,1,0
YHR164C,48,47,NA,0
YHR165C,137,132,3,0
YHR166C,39,37,0,0
YHR173C,0,0,0,0
YHR180C-B,1,0,0,0
YHR182C-A,0,0,0,0
YHR185C,0,0,0,0
YHR186C,96,91,1,NA
YHR188C,86,82,0,0
YHR191C,33,29,0,0
YHR193C,944,834,0,1
YHR193C-A,1,1,0,0
YHR198C,73,71,NA,0
YHR199C,46,44,0,0
YHR201C,126,113,0,1
YHR203C,2754,2476,1,4
YHR210C,2,1,0,0
YHL048W,164,153,0,0
YHL045W,0,0,0,0
YHL044W,7,7,0,0
YHL043W,0,0,0,0
YHL042W,22,20,NA,0
YHL041W,0,0,0,0
YHL039W,100,89,0,0
YHL036W,7,7,0,0
YHL030W,170,166,NA,0
YHL028W,16,15,1,0
YHL027W,289,280,0,0
YHL025W,104,96,0,0
YHL024W,330,317,NA,0
YHL017W,42,40,0,0
YHL015W,1430,1233,0,1
YHL012W,1,1,NA,NA
YHL006W-A,0,0,0,0
YHL004W,139,130,0,0
YHL002W,219,210,0,0
YHL001W,1208,1026,0,10
YHR001W,188,176,0,0
YHR001W-A,390,274,2,1
YHR002W,28,26,0,0
YHR006W,209,198,0,0
YHR010W,1380,1130,0,6
YHR011W,43,40,0,0
YHR012W,106,94,0,0
YHR015W,7,6,NA,0
YHR017W,42,40,0,0
YHR020W,773,732,0,0
YHR021W-A,0,0,0,0
YHR023W,156,156,NA,0
YHR025W,441,418,0,0
YHR026W,297,253,9,1
YHR028W-A,0,0,0,0
YHR032W,164,153,1,NA
YHR032W-A,1,1,0,0
YHR033W,131,119,0,1
YHR035W,12,10,0,NA
YHR036W,46,44,0,0
YHR037W,415,394,0,0
YHR038W,127,111,0,0
YHR040W,48,47,0,0
YHR042W,199,188,0,0
YHR045W,53,47,3,0
YHR048W,14,14,0,0
YHR049W,426,385,0,0
YHR050W,88,80,1,0
YHR051W,357,326,NA,3
YHR052W,365,342,0,0
YHR056W-A,2,0,NA,1
YHR059W,142,100,1,0
YHR060W,105,99,NA,0
YHR066W,250,226,0,1
YHR067W,37,36,0,0
YHR068W,460,420,0,0
YHR070W,123,113,0,2
YHR071W,54,23,27,NA
YHR072W,255,237,0,0
YHR072W-A,216,139,1,0
YHR073W,136,132,NA,0
YHR074W,248,226,0,1
YHR076W,127,113,0,0
YHR078W,40,39,0,0
YHR081W,82,67,0,0
YHR083W,54,47,0,0
YHR084W,86,76,4,0
YHR085W,67,47,0,0
YHR086W,92,89,0,0
YHR087W,649,507,7,1
YHR088W,178,167,0,0
YHR099W,322,319,0,NA
YHR102W,104,103,NA,0
YHR103W,120,106,6,0
YHR104W,749,683,2,1
YHR105W,47,35,0,0
YHR106W,28,27,NA,0
YHR108W,440,426,0,0
YHR109W,25,18,0,0
YHR110W,54,47,0,0
YHR111W,110,102,NA,0
YHR113W,145,144,0,0
YHR114W,131,123,4,NA
YHR116W,65,56,NA,0
YHR117W,124,119,0,0
YHR119W,96,94,NA,0
YHR120W,15,15,NA,0
YHR121W,183,149,1,0
YHR122W,122,116,0,0
YHR123W,103,98,0,0
YHR124W,4,4,NA,0
YHR127W,87,80,0,0
YHR128W,266,223,0,0
YHR132W-A,93,73,0,0
YHR134W,31,31,NA,0
YHR137W,349,314,0,0
YHR140W,5,5,0,0
YHR142W,207,186,3,0
YHR143W,470,427,9,1
YHR143W-A,195,120,0,4
YHR146W,534,527,0,NA
YHR148W,155,142,0,0
YHR150W,15,13,2,0
YHR152W,149,134,0,0
YHR154W,98,95,0,NA
YHR155W,39,37,0,0
YHR157W,1,1,0,0
YHR159W,33,32,1,0
YHR162W,669,512,26,0
YHR163W,106,102,0,1
YHR167W,41,35,0,0
YHR168W,26,24,0,0
YHR169W,87,79,0,0
YHR170W,211,198,0,0
YHR171W,25,25,0,0
YHR172W,42,40,0,0
YHR174W,10335,9787,1,8
YHR176W,5,5,NA,0
YHR177W,20,20,NA,0
YHR178W,29,29,0,0
YHR179W,555,510,0,0
YHR180W,1,0,1,NA
YHR181W,91,82,0,0
YHR182W,21,21,0,0
YHR183W,2292,2165,3,1
YHR184W,12,12,NA,0
YHR187W,73,67,0,0
YHR190W,846,760,0,0
YHR192W,81,72,0,0
YHR194W,21,18,0,0
YHR195W,68,52,1,0
YHR196W,146,134,0,0
YHR197W,137,136,0,0
YHR200W,288,271,0,3
YHR202W,22,21,0,0
YHR204W,31,28,0,0
YHR205W,265,258,4,0
YHR206W,114,108,0,0
YHR208W,1236,1159,0,2
YHR209W,281,261,1,0
YHR211W,3,3,NA,0
YHR215W,31,31,NA,0
YHR216W,157,148,0,0
YIL169C,77,77,0,NA
YIL166C,4,4,NA,0
YIL165C,0,0,0,0
YIL163C,4,4,NA,0
YIL160C,8,7,NA,0
YIL157C,137,129,NA,0
YIL155C,98,90,0,2
YIL154C,125,113,0,0
YIL151C,50,50,NA,0
YIL150C,43,43,0,0
YIL149C,89,87,NA,0
YIL147C,39,38,NA,0
YIL146C,25,24,1,0
YIL145C,105,99,0,0
YIL143C,96,95,0,NA
YIL139C,9,9,0,0
YIL138C,247,209,0,2
YIL137C,222,214,0,0
YIL135C,159,150,1,0
YIL134C-A,1,0,1,NA
YIL133C,1092,975,0,1
YIL132C,5,5,NA,0
YIL131C,118,113,0,0
YIL129C,75,72,NA,0
YIL127C,121,103,0,0
YIL119C,44,42,1,NA
YIL117C,309,275,1,0
YIL115C,368,365,NA,0
YIL114C,17,14,0,0
YIL109C,762,728,4,0
YIL107C,96,91,2,0
YIL105C,269,262,0,0
YIL104C,96,88,0,0
YIL102C-A,22,14,0,0
YIL101C,73,71,NA,0
YIL098C,99,82,0,0
YIL096C,39,36,NA,0
YIL094C,386,349,0,0
YIL093C,138,123,0,0
YIL091C,141,137,0,0
YIL088C,96,91,0,0
YIL087C,68,63,0,0
YIL085C,54,50,1,NA
YIL084C,70,68,0,NA
YIL083C,123,107,0,0
YIL079C,69,65,1,0
YIL077C,38,37,0,0
YIL075C,693,673,0,NA
YIL074C,171,160,0,0
YIL073C,24,23,NA,0
YIL071C,14,13,NA,0
YIL070C,290,273,0,0
YIL069C,1276,1162,1,3
YIL068C,92,89,1,0
YIL067C,39,36,0,0
YIL066C,55,51,NA,0
YIL065C,130,106,0,1
YIL063C,184,178,1,0
YIL062C,333,280,0,0
YIL061C,61,56,0,1
YIL059C,16,3,4,9
YIL057C,1,1,0,0
YIL055C,42,41,NA,0
YIL052C,1006,769,1,0
YIL051C,675,541,3,0
YIL047C,79,77,0,NA
YIL044C,133,124,0,0
YIL043C,195,180,0,0
YIL042C,33,29,0,0
YIL038C,243,228,2,0
YIL037C,0,0,0,0
YIL035C,161,142,2,0
YIL034C,223,203,0,0
YIL033C,366,350,3,0
YIL030C,215,208,NA,0
YIL029C,8,1,7,0
YIL027C,117,101,0,1
YIL026C,112,108,0,0
YIL023C,74,69,0,0
YIL020C,61,51,0,NA
YIL017C,30,30,0,NA
YIL014C-A,4,2,1,0
YIL013C,6,5,NA,0
YIL009C-A,47,44,0,0
YIL007C,69,63,0,0
YIL004C,53,47,0,0
YIL002C,39,33,0,0
YIR001C,94,90,0,0
YIR002C,24,23,1,0
YIR006C,760,740,NA,0
YIR008C,94,91,0,0
YIR011C,126,115,0,0
YIR013C,0,0,0,0
YIR017C,17,17,NA,0
YIR018C-A,3,0,3,NA
YIR019C,1,1,NA,0
YIR020C,0,0,0,0
YIR024C,52,39,0,0
YIR026C,101,93,0,0
YIR027C,1,1,NA,0
YIR030C,6,5,0,0
YIR031C,3,0,3,0
YIR032C,13,11,1,0
YIR034C,440,422,0,0
YIR035C,108,98,0,0
YIR036C,116,109,0,0
YIR038C,115,106,0,0
YIR039C,28,28,NA,0
YIR042C,22,17,2,0
YIL162W,176,172,NA,0
YIL161W,69,66,0,0
YIL159W,25,25,NA,0
YIL158W,52,46,0,0
YIL156W-B,82,75,NA,0
YIL156W,61,60,NA,0
YIL153W,43,41,0,0
YIL152W,21,21,0,0
YIL148W,1644,1333,0,3
YIL144W,88,85,0,0
YIL142W,479,453,0,0
YIL140W,227,224,NA,0
YIL136W,319,307,0,0
YIL134W,19,15,0,0
YIL130W,180,174,0,NA
YIL128W,125,125,NA,NA
YIL126W,162,157,1,0
YIL125W,486,478,NA,1
YIL124W,382,346,1,0
YIL123W,910,893,0,0
YIL122W,44,33,NA,0
YIL121W,38,36,NA,0
YIL120W,15,14,NA,0
YIL118W,139,117,2,0
YIL116W,207,199,0,NA
YIL113W,18,9,0,0
YIL112W,116,111,0,NA
YIL111W,108,84,0,0
YIL110W,81,76,0,0
YIL108W,181,176,0,0
YIL106W,179,163,0,0
YIL103W,94,88,1,0
YIL100W,0,0,0,0
YIL099W,4,4,NA,0
YIL097W,35,32,0,0
YIL095W,71,62,1,0
YIL092W,12,11,0,0
YIL090W,60,54,1,1
YIL089W,4,4,0,0
YIL078W,1498,1462,0,0
YIL076W,318,282,0,0
YIL066W-A,0,0,0,0
YIL064W,60,59,NA,0
YIL056W,44,44,NA,0
YIL054W,0,0,0,0
YIL053W,1490,1305,0,4
YIL050W,128,108,6,0
YIL049W,18,17,NA,0
YIL048W,100,95,2,0
YIL046W-A,2,0,1,1
YIL046W,30,28,0,0
YIL045W,26,25,0,0
YIL041W,503,452,0,1
YIL040W,57,52,0,0
YIL039W,115,114,0,0
YIL036W,258,250,2,0
YIL031W,35,29,3,NA
YIL028W,6,0,6,0
YIL022W,276,249,1,0
YIL021W,221,200,0,0
YIL019W,97,79,0,1
YIL018W,2686,2484,0,0
YIL016W,49,43,0,1
YIL015W,4,4,NA,0
YIL014W,32,25,3,0
YIL011W,4,3,0,0
YIL010W,106,87,0,0
YIL009W,109,107,0,0
YIL008W,76,38,2,0
YIL006W,17,17,NA,0
YIL005W,134,131,0,0
YIL003W,35,28,0,0
YIL002W-A,88,51,0,0
YIL001W,30,27,2,0
YIR003W,242,234,0,0
YIR004W,200,195,0,0
YIR005W,42,35,0,0
YIR007W,28,28,0,0
YIR009W,56,36,0,0
YIR010W,64,63,1,0
YIR012W,260,241,0,1
YIR014W,16,13,0,0
YIR016W,3,3,0,0
YIR018W,26,21,0,0
YIR021W,38,37,0,0
YIR022W,99,95,NA,0
YIR023W,80,77,NA,0
YIR025W,32,30,0,0
YIR028W,3,3,NA,0
YIR029W,2,2,NA,0
YIR033W,91,89,NA,0
YIR037W,319,261,4,0
YIR041W,2,1,1,0
YJL216C,0,0,0,0
YJL215C,0,0,0,0
YJL212C,210,199,1,0
YJL208C,111,100,0,0
YJL207C,83,78,0,NA
YJL206C,19,18,NA,0
YJL205C,20,12,0,1
YJL204C,76,72,0,0
YJL202C,0,0,0,0
YJL200C,383,374,0,0
YJL199C,16,15,NA,0
YJL196C,122,101,0,0
YJL192C,147,135,0,0
YJL190C,1183,1015,0,5
YJL187C,32,32,0,0
YJL185C,12,10,NA,0
YJL180C,126,112,0,1
YJL178C,153,137,0,1
YJL176C,178,174,0,0
YJL173C,110,92,0,1
YJL171C,356,333,0,0
YJL170C,0,0,0,0
YJL168C,74,72,0,1
YJL165C,134,123,1,NA
YJL164C,48,45,0,0
YJL163C,10,8,0,0
YJL162C,51,49,0,0
YJL160C,3,3,0,NA
YJL158C,2433,2239,1,3
YJL157C,187,185,NA,0
YJL156C,91,89,NA,0
YJL155C,102,95,0,0
YJL154C,164,164,NA,0
YJL153C,110,108,NA,0
YJL151C,363,325,0,1
YJL147C,25,22,0,0
YJL139C,27,25,1,0
YJL138C,1779,1704,2,2
YJL137C,27,19,0,0
YJL136C,1114,834,2,1
YJL133C-A,315,253,0,3
YJL131C,40,36,0,0
YJL130C,1841,1801,NA,0
YJL129C,38,29,9,NA
YJL128C,146,143,1,0
YJL127C-B,55,28,0,1
YJL127C,39,37,1,0
YJL125C,83,73,0,0
YJL124C,202,182,6,0
YJL123C,294,294,0,NA
YJL121C,173,150,0,0
YJL119C,0,0,0,0
YJL116C,66,57,NA,0
YJL110C,2,2,0,0
YJL109C,355,351,0,0
YJL108C,0,0,0,0
YJL107C,95,87,0,NA
YJL103C,13,13,0,0
YJL101C,39,36,1,0
YJL094C,49,48,0,0
YJL093C,21,21,NA,0
YJL091C,112,107,0,0
YJL090C,24,24,NA,0
YJL087C,91,86,NA,0
YJL084C,114,110,0,0
YJL081C,125,121,0,0
YJL080C,1102,1075,NA,0
YJL079C,372,335,4,0
YJL078C,387,376,1,0
YJL077C,1,1,NA,0
YJL074C,150,148,NA,0
YJL072C,71,67,0,0
YJL070C,41,41,NA,0
YJL069C,179,173,0,0
YJL068C,199,180,0,0
YJL066C,139,131,0,0
YJL065C,113,102,5,0
YJL063C,167,139,0,0
YJL058C,21,21,0,0
YJL057C,54,52,0,0
YJL056C,20,20,NA,0
YJL048C,230,206,3,0
YJL047C-A,3,0,0,3
YJL047C,57,53,1,0
YJL044C,50,43,0,0
YJL039C,226,221,0,0
YJL038C,0,0,0,0
YJL035C,18,18,0,0
YJL031C,50,44,NA,0
YJL029C,88,83,0,0
YJL027C,0,0,0,0
YJL024C,115,87,0,1
YJL023C,25,23,NA,0
YJL020C,769,753,1,0
YJL015C,2,0,NA,2
YJL013C,30,30,NA,0
YJL012C,234,225,0,0
YJL011C,73,63,0,0
YJL010C,184,172,0,0
YJL008C,494,461,0,0
YJL006C,52,50,0,0
YJL004C,43,34,0,1
YJL002C,219,200,0,0
YJR003C,37,36,0,0
YJR004C,120,114,NA,0
YJR009C,7227,6597,5,10
YJR010C-A,49,44,0,0
YJR011C,16,15,0,0
YJR012C,12,9,NA,1
YJR016C,961,914,0,0
YJR017C,110,92,0,1
YJR019C,36,33,0,0
YJR021C,24,24,0,0
YJR025C,143,117,0,0
YJR030C,42,40,0,NA
YJR031C,80,78,0,0
YJR033C,63,63,0,NA
YJR036C,3,3,NA,0
YJR041C,134,133,0,0
YJR043C,62,59,0,0
YJR044C,84,69,1,0
YJR045C,2406,2302,18,5
YJR047C,236,234,0,0
YJR049C,143,131,0,0
YJR056C,64,55,0,0
YJR058C,24,22,0,0
YJR062C,89,87,0,0
YJR065C,488,463,0,1
YJR067C,57,52,NA,0
YJR069C,208,192,0,0
YJR070C,481,449,0,0
YJR072C,235,217,0,0
YJR073C,562,477,0,0
YJR076C,209,190,0,0
YJR077C,587,527,0,2
YJR080C,146,124,0,0
YJR082C,48,35,2,0
YJR083C,111,107,0,0
YJR085C,158,122,1,0
YJR088C,138,128,0,0
YJR090C,105,104,0,0
YJR091C,187,181,0,1
YJR093C,110,105,1,0
YJR094C,6,6,NA,0
YJR098C,21,20,NA,0
YJR100C,44,40,0,0
YJR102C,32,28,0,0
YJR104C,1262,1080,1,6
YJR109C,899,852,0,0
YJR111C,56,53,NA,0
YJR113C,159,125,0,0
YJR118C,79,62,0,0
YJR119C,22,21,NA,0
YJR124C,27,23,0,0
YJR125C,371,357,0,0
YJR126C,51,51,NA,0
YJR127C,70,69,NA,0
YJR129C,10,10,0,0
YJR130C,118,109,4,0
YJR134C,98,93,4,0
YJR135C,15,15,0,NA
YJR136C,50,47,NA,0
YJR137C,45,45,NA,0
YJR139C,679,610,0,0
YJR140C,61,59,NA,0
YJR143C,357,332,2,1
YJR145C,2876,2568,0,0
YJR150C,0,0,0,0
YJR151C,1,1,0,NA
YJR156C,30,27,NA,0
YJR161C,347,286,NA,0
YJL218W,15,14,0,0
YJL217W,113,105,0,0
YJL214W,11,7,NA,3
YJL213W,0,0,0,0
YJL210W,40,36,0,0
YJL209W,18,14,0,0
YJL203W,67,61,0,0
YJL201W,56,53,0,0
YJL198W,153,147,0,0
YJL197W,61,59,0,0
YJL194W,56,51,0,0
YJL193W,12,10,NA,0
YJL191W,602,550,0,0
YJL189W,1105,716,0,5
YJL186W,299,273,0,0
YJL184W,126,110,0,0
YJL183W,130,116,3,0
YJL181W,31,28,0,0
YJL179W,122,90,0,0
YJL177W,1185,1044,0,0
YJL175W,0,0,0,0
YJL174W,331,305,3,0
YJL172W,338,320,0,0
YJL167W,1397,1282,8,0
YJL166W,456,312,1,1
YJL161W,55,49,0,0
YJL159W,9200,8786,26,7
YJL152W,0,0,0,0
YJL150W,3,2,0,NA
YJL149W,82,78,NA,0
YJL148W,202,181,1,0
YJL146W,76,72,1,0
YJL145W,131,113,0,0
YJL144W,46,39,0,0
YJL143W,242,203,0,0
YJL140W,183,167,0,0
YJL136W-A,0,0,0,0
YJL134W,91,84,NA,0
YJL133W,45,37,2,1
YJL132W,30,30,0,0
YJL126W,15,13,0,0
YJL122W,157,124,0,0
YJL118W,4,4,NA,0
YJL117W,141,123,0,0
YJL115W,103,90,0,0
YJL112W,68,64,1,0
YJL111W,330,313,0,0
YJL106W,26,16,9,NA
YJL104W,214,186,0,0
YJL102W,39,37,0,0
YJL100W,42,39,0,0
YJL099W,58,57,0,NA
YJL098W,134,124,4,NA
YJL097W,173,139,0,0
YJL096W,130,110,0,0
YJL095W,44,43,NA,0
YJL092W,22,22,NA,0
YJL088W,524,473,0,0
YJL085W,93,91,0,0
YJL083W,14,14,0,0
YJL082W,131,126,1,0
YJL077W-B,1,0,1,0
YJL077W-A,4,0,0,2
YJL076W,261,258,NA,0
YJL073W,71,66,0,0
YJL071W,37,34,1,0
YJL062W-A,147,120,0,0
YJL062W,79,78,0,0
YJL061W,118,110,0,0
YJL060W,166,161,0,0
YJL059W,29,25,1,0
YJL055W,216,198,0,0
YJL054W,69,66,0,0
YJL053W,125,103,2,0
YJL052W,3134,2853,2,0
YJL051W,46,42,0,NA
YJL050W,400,395,0,0
YJL049W,58,57,0,0
YJL046W,21,17,0,0
YJL045W,3,2,NA,0
YJL043W,3,0,NA,3
YJL042W,162,159,3,NA
YJL041W,464,440,0,1
YJL037W,3,1,NA,2
YJL036W,132,128,0,0
YJL034W,1438,1363,2,0
YJL033W,251,239,0,NA
YJL030W,43,34,0,0
YJL028W,0,0,0,0
YJL026W,522,472,1,2
YJL025W,13,11,2,0
YJL022W,1,0,NA,1
YJL019W,37,36,0,0
YJL016W,70,62,2,0
YJL014W,469,435,0,0
YJL005W,200,198,0,NA
YJL003W,73,60,0,0
YJL001W,250,230,0,0
YJR001W,194,181,1,0
YJR002W,218,206,0,0
YJR005W,128,124,0,1
YJR006W,72,70,0,0
YJR007W,506,449,3,0
YJR008W,114,104,2,0
YJR010W,21,21,NA,0
YJR013W,44,35,0,0
YJR014W,355,326,0,1
YJR015W,220,219,0,0
YJR018W,0,0,0,0
YJR020W,0,0,0,0
YJR032W,112,106,0,0
YJR034W,77,59,2,0
YJR035W,54,53,NA,0
YJR039W,17,17,NA,NA
YJR040W,56,55,0,0
YJR042W,176,170,0,0
YJR046W,59,56,0,0
YJR048W,558,474,2,1
YJR050W,68,53,0,1
YJR051W,97,92,1,0
YJR052W,76,73,NA,0
YJR053W,30,29,0,NA
YJR054W,26,22,1,0
YJR055W,17,16,0,0
YJR057W,64,60,0,0
YJR059W,220,215,3,NA
YJR060W,228,211,0,0
YJR061W,7,7,NA,0
YJR063W,148,133,0,0
YJR064W,305,286,0,0
YJR066W,84,83,0,NA
YJR068W,99,89,1,0
YJR074W,67,66,NA,0
YJR075W,158,146,0,0
YJR078W,13,13,0,NA
YJR079W,0,0,0,0
YJR084W,63,56,0,0
YJR089W,38,38,0,NA
YJR092W,314,312,NA,0
YJR094W-A,1047,671,0,2
YJR095W,1,1,0,0
YJR096W,88,77,NA,0
YJR097W,47,43,0,0
YJR099W,62,56,1,0
YJR101W,177,158,0,0
YJR103W,120,108,0,0
YJR105W,739,642,0,0
YJR106W,29,29,NA,NA
YJR107W,0,0,0,0
YJR108W,7,7,NA,0
YJR110W,19,18,0,0
YJR112W,46,40,0,0
YJR112W-A,9,4,0,0
YJR115W,3,3,NA,0
YJR116W,23,22,0,0
YJR117W,288,263,0,0
YJR120W,17,3,NA,6
YJR121W,1374,1312,0,1
YJR122W,31,28,0,0
YJR123W,2558,2307,1,2
YJR131W,63,58,0,0
YJR132W,91,91,0,0
YJR133W,186,161,1,0
YJR135W-A,135,105,0,1
YJR138W,56,50,NA,0
YJR141W,10,6,0,0
YJR142W,101,93,0,0
YJR144W,147,138,0,0
YJR147W,8,6,NA,2
YJR148W,317,276,2,1
YJR149W,15,14,NA,0
YJR152W,5,1,2,0
YJR153W,3,3,0,0
YJR154W,3,3,0,NA
YJR155W,0,0,0,0
YKL222C,11,9,1,0
YKL220C,1,1,NA,0
YKL218C,98,87,0,1
YKL215C,115,107,0,NA
YKL214C,53,49,0,0
YKL213C,151,141,4,0
YKL211C,366,347,0,NA
YKL209C,3,3,NA,NA
YKL206C,92,85,0,0
YKL203C,102,98,NA,NA
YKL201C,56,55,NA,NA
YKL198C,18,17,0,0
YKL197C,43,42,NA,0
YKL196C,183,150,1,2
YKL194C,49,47,0,0
YKL193C,162,150,0,0
YKL192C,418,300,0,0
YKL188C,7,7,NA,0
YKL187C,2,2,NA,0
YKL186C,158,143,0,0
YKL179C,158,153,0,0
YKL178C,105,95,1,0
YKL176C,26,21,5,0
YKL174C,66,58,1,0
YKL169C,0,0,0,0
YKL168C,46,43,NA,0
YKL167C,127,112,0,0
YKL166C,75,74,NA,0
YKL165C-A,1,0,1,NA
YKL165C,147,136,0,0
YKL164C,4364,4152,21,3
YKL162C,23,21,1,0
YKL161C,158,141,3,9
YKL159C,85,74,NA,0
YKL155C,71,62,0,0
YKL152C,4928,4451,0,2
YKL151C,136,131,0,NA
YKL149C,23,22,0,0
YKL148C,439,411,4,0
YKL144C,69,62,0,0
YKL138C-A,55,38,0,0
YKL138C,103,75,1,0
YKL135C,174,168,0,0
YKL134C,61,60,0,0
YKL133C,8,7,0,0
YKL132C,1,0,0,0
YKL130C,129,95,0,1
YKL129C,144,132,NA,0
YKL128C,83,72,0,0
YKL122C,276,227,0,1
YKL119C,83,78,1,1
YKL116C,71,63,NA,0
YKL113C,132,109,0,0
YKL110C,118,110,0,0
YKL106C-A,0,0,0,0
YKL105C,66,62,1,NA
YKL104C,776,726,3,3
YKL103C,258,239,0,0
YKL102C,0,0,0,0
YKL100C,166,155,1,1
YKL099C,139,116,0,0
YKL092C,35,33,0,NA
YKL091C,107,100,NA,1
YKL087C,197,189,0,1
YKL082C,193,187,0,NA
YKL075C,58,56,0,NA
YKL074C,84,81,0,0
YKL065C,293,263,0,0
YKL063C,134,99,1,0
YKL060C,6888,6491,0,2
YKL059C,99,90,0,0
YKL057C,149,144,0,0
YKL056C,1012,830,1,0
YKL055C,11,9,0,0
YKL054C,2197,2161,5,0
YKL053C-A,135,109,1,0
YKL052C,79,75,0,0
YKL050C,3,3,NA,0
YKL049C,101,93,0,0
YKL048C,29,29,NA,0
YKL046C,168,152,5,1
YKL040C,150,127,0,1
YKL036C,3,0,NA,3
YKL032C,397,396,NA,1
YKL029C,405,390,0,1
YKL026C,16,14,NA,0
YKL025C,163,157,0,0
YKL024C,134,124,NA,0
YKL022C,105,103,NA,0
YKL021C,146,137,NA,0
YKL020C,122,120,NA,0
YKL018C-A,24,18,0,0
YKL017C,44,43,0,0
YKL016C,618,539,0,0
YKL014C,170,170,NA,0
YKL013C,253,218,0,0
YKL011C,32,31,NA,0
YKL010C,166,165,NA,0
YKL008C,133,120,0,1
YKL006C-A,67,55,0,0
YKL005C,62,61,0,0
YKL003C,76,66,1,0
YKL001C,29,23,0,0
YKR001C,649,623,0,0
YKR004C,27,24,2,NA
YKR005C,4,4,NA,0
YKR006C,202,181,0,0
YKR009C,16,14,NA,0
YKR010C,50,48,0,NA
YKR011C,113,110,NA,0
YKR012C,1,0,1,NA
YKR014C,256,210,1,0
YKR015C,2,2,0,0
YKR017C,17,16,0,0
YKR018C,172,161,0,1
YKR019C,19,17,0,0
YKR022C,44,34,1,0
YKR024C,125,116,0,0
YKR026C,150,138,0,2
YKR029C,109,107,NA,0
YKR031C,62,62,NA,0
YKR036C,29,27,0,0
YKR037C,48,45,0,0
YKR038C,135,126,0,0
YKR040C,1,1,NA,NA
YKR043C,353,333,0,1
YKR045C,85,69,0,1
YKR046C,914,847,0,2
YKR048C,653,606,0,0
YKR049C,41,34,0,0
YKR052C,39,38,0,0
YKR053C,0,0,0,0
YKR054C,63,60,0,0
YKR063C,38,37,NA,0
YKR065C,263,241,0,0
YKR066C,317,294,0,0
YKR068C,137,121,0,1
YKR071C,335,318,0,1
YKR072C,155,152,NA,0
YKR075C,55,50,1,0
YKR079C,73,62,8,0
YKR081C,253,211,0,0
YKR083C,38,33,0,0
YKR084C,160,155,0,0
YKR085C,142,138,0,0
YKR087C,52,48,0,0
YKR088C,89,83,0,0
YKR089C,70,64,2,0
YKR092C,425,410,0,1
YKR094C,1546,1297,0,5
YKR098C,24,22,2,0
YKR100C,91,78,5,0
YKL221W,0,0,0,0
YKL219W,58,56,NA,0
YKL217W,7,6,NA,0
YKL216W,849,776,2,0
YKL212W,457,426,6,NA
YKL210W,733,713,0,0
YKL208W,46,39,0,0
YKL207W,230,196,0,0
YKL205W,146,141,0,NA
YKL204W,470,448,0,0
YKL195W,339,323,0,0
YKL191W,73,67,0,0
YKL190W,140,119,1,0
YKL189W,51,40,0,0
YKL185W,416,384,12,1
YKL184W,325,308,2,0
YKL183W,98,76,6,0
YKL182W,3841,3790,NA,1
YKL181W,321,288,9,0
YKL180W,1623,1474,0,4
YKL175W,140,128,0,0
YKL173W,92,86,0,0
YKL172W,516,491,0,0
YKL171W,29,27,1,0
YKL170W,136,119,0,0
YKL163W,1438,1325,49,NA
YKL160W,112,71,0,0
YKL157W,509,501,0,0
YKL156W,621,521,NA,11
YKL154W,78,62,0,1
YKL153W,0,0,0,0
YKL150W,670,612,0,0
YKL146W,141,140,0,0
YKL145W,525,490,NA,0
YKL143W,229,214,0,0
YKL142W,499,463,1,0
YKL141W,250,221,0,0
YKL140W,83,70,0,0
YKL139W,93,89,0,0
YKL137W,110,67,0,1
YKL127W,198,188,0,0
YKL126W,251,238,3,0
YKL125W,108,99,1,0
YKL124W,60,56,0,NA
YKL121W,39,38,NA,0
YKL120W,279,262,0,0
YKL118W,0,0,0,0
YKL117W,583,533,0,0
YKL112W,148,142,1,0
YKL109W,268,238,8,0
YKL108W,48,44,0,0
YKL107W,2,2,NA,0
YKL106W,73,67,0,0
YKL101W,133,130,NA,0
YKL098W,30,27,0,0
YKL096W-A,2698,2079,9,13
YKL096W,2248,1956,5,3
YKL094W,168,142,0,0
YKL093W,11,11,NA,0
YKL090W,29,28,NA,0
YKL089W,52,52,0,0
YKL088W,163,154,0,0
YKL086W,18,16,0,0
YKL085W,628,595,3,0
YKL084W,37,33,1,NA
YKL081W,1521,1380,0,2
YKL080W,272,253,1,0
YKL079W,88,86,0,0
YKL078W,61,58,0,0
YKL077W,275,245,0,0
YKL073W,190,184,0,0
YKL072W,21,21,0,0
YKL071W,1,1,NA,0
YKL070W,0,0,0,0
YKL069W,112,97,0,0
YKL068W-A,43,31,0,0
YKL068W,275,267,1,0
YKL065W-A,1,1,0,0
YKL064W,135,124,6,NA
YKL062W,396,388,NA,0
YKL061W,34,20,0,0
YKL058W,71,57,0,0
YKL053W,3,0,NA,3
YKL051W,134,123,NA,0
YKL047W,86,77,0,0
YKL045W,109,105,0,0
YKL044W,1,0,0,NA
YKL043W,16,16,NA,0
YKL042W,91,75,0,0
YKL041W,75,63,2,0
YKL039W,362,319,9,0
YKL038W,57,56,0,0
YKL035W,1313,1190,9,0
YKL034W,67,64,1,0
YKL033W-A,239,211,0,0
YKL033W,54,54,NA,0
YKL031W,1,1,0,NA
YKL028W,105,88,0,1
YKL027W,94,83,0,0
YKL023W,122,111,0,0
YKL019W,51,45,0,0
YKL018W,90,72,0,0
YKL015W,42,37,3,0
YKL012W,96,92,0,NA
YKL009W,353,298,0,0
YKL007W,359,328,0,0
YKL006W,1378,1124,0,2
YKL004W,90,77,6,0
YKL002W,118,111,0,0
YKR002W,97,92,1,0
YKR003W,96,89,2,0
YKR007W,93,81,0,0
YKR008W,144,123,0,0
YKR013W,617,580,1,0
YKR016W,270,246,2,0
YKR020W,40,35,0,0
YKR021W,95,88,1,1
YKR023W,89,85,0,0
YKR025W,116,109,0,1
YKR027W,57,50,1,0
YKR028W,122,117,NA,1
YKR030W,76,70,0,0
YKR035W-A,221,187,0,0
YKR039W,1665,1582,4,2
YKR041W,19,16,NA,3
YKR042W,1728,1551,37,0
YKR044W,13,8,1,0
YKR047W,1,0,1,NA
YKR050W,9,5,4,0
YKR051W,16,16,0,0
YKR055W,48,44,0,0
YKR056W,172,170,NA,0
YKR057W,591,421,0,3
YKR058W,45,36,3,0
YKR059W,1683,1618,0,0
YKR060W,90,86,0,0
YKR061W,21,21,0,0
YKR062W,178,149,0,0
YKR064W,43,41,NA,0
YKR067W,135,119,0,0
YKR069W,20,15,4,0
YKR070W,74,71,NA,0
YKR074W,167,139,NA,1
YKR075W-A,0,0,0,0
YKR076W,35,35,0,0
YKR077W,195,187,0,0
YKR078W,38,36,0,0
YKR080W,119,112,0,1
YKR082W,158,156,NA,0
YKR086W,54,53,0,0
YKR090W,76,70,0,0
YKR091W,304,284,1,1
YKR093W,1082,1030,8,0
YKR095W,229,226,NA,0
YKR095W-A,85,59,0,0
YKR096W,89,81,0,0
YKR097W,10,10,NA,0
YKR099W,57,52,2,0
YKR101W,18,18,0,0
YKR102W,0,0,0,0
YKR103W,2,1,1,NA
YKR104W,0,0,0,0
YLL063C,16,16,NA,0
YLL062C,5,5,0,0
YLL060C,5,4,0,0
YLL059C,1,1,NA,0
YLL057C,5,4,NA,1
YLL056C,2,2,NA,0
YLL054C,4,4,0,0
YLL053C,0,0,0,0
YLL051C,27,24,0,0
YLL050C,691,593,0,3
YLL048C,393,390,NA,NA
YLL045C,2681,2451,0,0
YLL042C,2,1,NA,0
YLL041C,304,281,0,0
YLL040C,418,415,NA,0
YLL039C,2262,2154,4,1
YLL038C,58,49,NA,2
YLL036C,99,93,0,0
YLL034C,154,146,0,0
YLL032C,65,64,NA,0
YLL031C,111,110,0,0
YLL024C,6993,6811,0,7
YLL023C,216,189,0,0
YLL022C,66,63,NA,0
YLL019C,124,118,3,NA
YLL018C-A,69,48,0,1
YLL018C,1172,1114,0,0
YLL013C,253,251,0,0
YLL010C,74,69,4,0
YLL009C,240,166,1,0
YLL007C,59,57,0,0
YLR001C,34,29,0,0
YLR002C,191,186,0,0
YLR003C,131,126,0,1
YLR004C,2,2,0,0
YLR006C,87,79,5,NA
YLR008C,197,173,1,2
YLR010C,18,17,0,0
YLR014C,28,27,NA,NA
YLR016C,51,42,1,0
YLR018C,72,71,0,0
YLR020C,40,38,0,0
YLR022C,137,121,NA,2
YLR023C,133,125,4,0
YLR024C,28,27,0,NA
YLR026C,133,124,1,0
YLR027C,793,733,0,0
YLR028C,345,332,2,0
YLR029C,2067,1797,0,2
YLR034C,102,96,2,0
YLR035C,18,16,0,1
YLR036C,39,23,0,0
YLR037C,2,1,1,0
YLR038C,387,313,1,2
YLR039C,52,51,NA,0
YLR040C,298,259,3,0
YLR042C,23,18,0,0
YLR043C,306,254,0,0
YLR044C,11713,11189,3,9
YLR045C,118,118,0,NA
YLR046C,0,0,0,0
YLR047C,22,20,2,0
YLR049C,200,188,2,0
YLR050C,60,55,0,0
YLR051C,183,170,0,0
YLR053C,3,3,NA,0
YLR054C,5,4,NA,1
YLR055C,56,55,NA,0
YLR058C,561,527,0,0
YLR059C,76,73,NA,0
YLR065C,67,52,0,0
YLR067C,34,33,NA,0
YLR069C,318,293,0,0
YLR070C,5,3,NA,0
YLR071C,123,119,0,0
YLR073C,21,14,2,0
YLR074C,176,135,0,0
YLR078C,126,115,0,0
YLR082C,45,42,0,0
YLR083C,198,184,0,NA
YLR084C,84,83,NA,1
YLR085C,55,54,0,0
YLR087C,19,19,NA,0
YLR089C,299,276,4,0
YLR093C,179,160,1,0
YLR094C,126,121,0,0
YLR095C,117,109,0,0
YLR097C,51,33,1,0
YLR098C,36,31,0,1
YLR099C,43,41,0,0
YLR103C,36,34,0,0
YLR105C,18,18,0,0
YLR106C,379,379,NA,0
YLR108C,15,15,0,0
YLR110C,5550,4743,24,12
YLR114C,69,67,0,0
YLR117C,73,72,0,0
YLR118C,158,150,0,0
YLR120C,343,299,0,0
YLR121C,132,130,0,0
YLR126C,22,18,0,0
YLR127C,33,32,0,NA
YLR130C,32,28,3,0
YLR131C,108,107,NA,0
YLR132C,29,29,0,0
YLR136C,21,19,NA,0
YLR139C,81,80,0,0
YLR144C,92,87,0,0
YLR146C,79,72,0,0
YLR147C,78,64,0,0
YLR149C,61,56,1,0
YLR151C,46,42,NA,2
YLR152C,35,29,3,0
YLR153C,1621,1509,1,2
YLR154C,48,30,1,0
YLR163C,221,206,0,0
YLR165C,15,15,NA,0
YLR166C,140,132,0,0
YLR168C,275,230,0,2
YLR170C,109,94,0,0
YLR172C,216,186,0,1
YLR176C,51,51,NA,0
YLR178C,408,370,0,0
YLR179C,249,235,0,0
YLR181C,89,80,0,0
YLR183C,137,125,2,0
YLR189C,63,61,NA,0
YLR192C,556,519,0,0
YLR193C,108,92,0,1
YLR194C,627,542,0,0
YLR195C,213,203,0,0
YLR199C,196,174,0,0
YLR201C,156,147,NA,0
YLR203C,224,203,1,0
YLR205C,115,110,1,0
YLR209C,172,168,NA,0
YLR211C,29,24,0,0
YLR212C,56,49,0,0
YLR213C,0,0,0,0
YLR215C,50,47,0,0
YLR216C,935,867,0,1
YLR218C,25,23,NA,0
YLR221C,184,162,1,0
YLR222C,237,231,0,0
YLR223C,194,180,2,NA
YLR225C,167,156,0,0
YLR227C,19,4,14,NA
YLR228C,37,32,0,0
YLR229C,239,217,6,0
YLR231C,58,54,0,0
YLR233C,11,8,1,0
YLR239C,59,55,0,0
YLR242C,9,8,1,0
YLR244C,453,428,0,0
YLR245C,31,26,0,1
YLR247C,69,61,NA,0
YLR254C,68,59,0,0
YLR255C,0,0,0,0
YLR259C,2408,2284,1,0
YLR262C-A,245,165,0,0
YLR265C,17,14,NA,1
YLR266C,9,9,NA,0
YLR269C,0,0,0,0
YLR272C,79,77,0,0
YLR273C,11,10,0,0
YLR276C,354,332,0,0
YLR277C,49,43,5,0
YLR284C,14,12,2,0
YLR285C-A,0,0,0,0
YLR286C,1586,1449,31,NA
YLR287C,138,130,1,0
YLR287C-A,741,512,0,5
YLR288C,32,27,0,0
YLR290C,51,47,0,0
YLR291C,234,211,0,1
YLR292C,228,196,0,0
YLR293C,1108,971,1,2
YLR294C,17,0,NA,NA
YLR298C,68,61,NA,0
YLR304C,2357,2238,0,0
YLR305C,139,138,NA,0
YLR309C,144,141,0,NA
YLR310C,166,163,NA,0
YLR311C,0,0,0,0
YLR312C,15,14,0,NA
YLR313C,31,24,5,0
YLR314C,513,487,0,0
YLR316C,70,70,0,0
YLR319C,122,114,0,1
YLR321C,171,168,0,0
YLR323C,23,22,0,0
YLR325C,1050,767,0,3
YLR327C,542,379,8,3
YLR333C,729,558,4,0
YLR336C,123,118,0,NA
YLR337C,308,298,0,0
YLR339C,0,0,0,0
YLR346C,1,0,1,0
YLR347C,385,363,1,0
YLR348C,75,70,0,0
YLR351C,158,150,NA,0
YLR354C,1000,937,0,0
YLR355C,4455,4076,11,4
YLR361C,62,56,0,0
YLR361C-A,64,46,NA,0
YLR363C,152,117,1,0
YLR364C-A,0,0,0,0
YLR370C,284,239,0,0
YLR373C,80,78,0,0
YLR376C,15,12,0,0
YLR378C,324,308,2,0
YLR382C,93,87,1,0
YLR384C,317,314,NA,0
YLR387C,279,261,0,0
YLR389C,143,141,NA,0
YLR392C,32,29,0,0
YLR395C,282,217,0,0
YLR396C,63,62,0,0
YLR397C,117,109,0,0
YLR398C,230,229,NA,0
YLR399C,198,190,0,NA
YLR401C,213,210,0,0
YLR406C,521,451,0,1
YLR406C-A,1,0,1,NA
YLR408C,15,15,NA,0
YLR409C,196,194,0,0
YLR412C-A,1,0,0,1
YLR414C,430,382,5,0
YLR418C,233,213,NA,1
YLR421C,282,257,0,0
YLR423C,26,24,0,0
YLR428C,2,1,0,1
YLR431C,19,14,3,0
YLR433C,85,81,NA,0
YLR436C,68,62,0,0
YLR437C,142,134,2,0
YLR438C-A,128,86,4,0
YLR440C,81,77,0,0
YLR441C,1735,1572,0,1
YLR442C,66,62,0,0
YLR447C,369,346,0,0
YLR452C,19,16,1,0
YLR453C,26,23,3,NA
YLR457C,16,15,0,0
YLR460C,2,2,0,0
YLL061W,15,13,0,0
YLL058W,49,46,0,0
YLL055W,4,3,1,0
YLL049W,10,9,0,NA
YLL047W,0,0,0,0
YLL043W,161,159,0,0
YLL037W,0,0,0,0
YLL035W,38,36,0,0
YLL033W,29,28,NA,0
YLL029W,244,228,2,0
YLL028W,191,185,0,1
YLL027W,195,171,6,0
YLL026W,2135,2068,2,0
YLL025W,5,3,0,1
YLL021W,270,265,0,NA
YLL015W,128,127,NA,0
YLL014W,90,67,0,1
YLL012W,30,30,0,0
YLL011W,134,125,0,0
YLL008W,324,306,0,0
YLL006W,77,70,0,0
YLL004W,56,55,0,0
YLL003W,28,28,0,0
YLL002W,27,22,0,0
YLL001W,250,244,0,1
YLR005W,67,61,0,0
YLR007W,30,28,0,0
YLR009W,319,262,9,0
YLR011W,43,34,2,0
YLR015W,52,43,1,0
YLR017W,163,158,NA,0
YLR019W,103,98,1,0
YLR021W,62,46,1,1
YLR025W,223,192,5,0
YLR031W,0,0,0,0
YLR032W,71,70,NA,0
YLR033W,106,100,0,0
YLR041W,7,0,0,7
YLR048W,1893,1761,6,0
YLR052W,73,69,NA,0
YLR056W,484,450,2,1
YLR057W,85,79,0,0
YLR060W,828,782,0,0
YLR061W,1283,905,0,2
YLR064W,175,142,1,0
YLR066W,89,77,0,0
YLR068W,100,88,0,0
YLR072W,27,27,0,0
YLR075W,2717,2391,0,0
YLR077W,57,57,0,0
YLR079W,205,175,1,0
YLR080W,19,18,NA,0
YLR081W,4,4,0,0
YLR086W,84,77,NA,0
YLR088W,95,87,0,0
YLR090W,109,106,0,0
YLR091W,27,23,NA,0
YLR092W,3,3,NA,0
YLR096W,95,91,2,NA
YLR099W-A,34,23,1,0
YLR100W,419,394,0,0
YLR104W,60,53,1,0
YLR107W,59,58,NA,0
YLR109W,1411,1204,1,4
YLR112W,15,2,0,10
YLR113W,312,290,4,0
YLR115W,64,59,0,0
YLR116W,84,81,NA,0
YLR119W,40,40,NA,0
YLR120W-A,1,0,1,0
YLR124W,5,2,NA,0
YLR125W,0,0,0,0
YLR128W,25,19,0,0
YLR129W,177,170,0,0
YLR133W,201,194,0,0
YLR134W,491,490,0,0
YLR135W,36,35,0,0
YLR137W,13,13,0,0
YLR138W,63,55,1,NA
YLR141W,18,18,NA,0
YLR142W,248,242,NA,0
YLR143W,76,73,0,0
YLR145W,37,37,0,0
YLR146W-A,44,32,0,0
YLR148W,141,139,NA,0
YLR150W,2083,1945,1,1
YLR164W,3,2,NA,0
YLR167W,2287,2055,3,1
YLR173W,42,39,0,0
YLR174W,12,8,2,0
YLR175W,786,732,0,1
YLR177W,140,139,0,0
YLR180W,864,800,4,2
YLR182W,125,123,0,0
YLR185W,1141,842,0,1
YLR186W,184,173,0,0
YLR187W,129,121,1,NA
YLR188W,43,40,1,0
YLR190W,199,188,3,1
YLR191W,60,56,0,0
YLR196W,416,400,0,NA
YLR197W,1152,1103,1,NA
YLR200W,132,103,0,0
YLR204W,177,153,2,0
YLR206W,297,286,5,NA
YLR207W,69,66,0,0
YLR208W,292,260,3,2
YLR210W,41,39,0,0
YLR214W,17,17,0,0
YLR217W,0,0,0,0
YLR219W,155,146,5,0
YLR220W,158,138,3,0
YLR224W,22,19,1,0
YLR226W,109,109,0,0
YLR234W,23,21,0,0
YLR237W,166,162,0,0
YLR238W,56,50,0,0
YLR240W,69,64,1,0
YLR241W,106,93,3,0
YLR243W,106,101,0,0
YLR246W,20,20,NA,0
YLR248W,259,239,0,0
YLR249W,6202,6080,1,0
YLR250W,217,192,1,0
YLR253W,96,80,10,0
YLR256W,112,110,0,NA
YLR257W,628,585,9,0
YLR258W,431,411,0,2
YLR260W,117,102,1,1
YLR263W,6,1,5,0
YLR264W,564,368,0,3
YLR267W,4,4,0,0
YLR268W,146,112,2,0
YLR270W,315,279,0,1
YLR271W,29,24,1,0
YLR274W,171,167,0,0
YLR275W,66,51,0,0
YLR283W,23,21,NA,0
YLR285W,154,145,NA,0
YLR286W-A,2,0,1,0
YLR289W,36,33,0,0
YLR296W,0,0,0,0
YLR297W,44,35,1,0
YLR299W,139,135,0,0
YLR300W,1951,1797,17,11
YLR301W,288,260,0,0
YLR303W,275,251,0,0
YLR306W,34,28,2,0
YLR307W,5,4,0,0
YLR312W-A,146,139,0,0
YLR315W,24,19,0,1
YLR317W,0,0,0,0
YLR318W,2,2,NA,NA
YLR320W,15,15,NA,0
YLR324W,68,63,0,0
YLR326W,64,59,0,0
YLR328W,100,90,5,0
YLR329W,3,3,NA,0
YLR330W,299,284,0,1
YLR332W,147,135,3,0
YLR335W,416,398,0,0
YLR340W,2887,2680,6,1
YLR342W,1599,1555,10,NA
YLR342W-A,1,0,0,NA
YLR343W,0,0,0,0
YLR344W,856,722,0,8
YLR345W,97,94,0,0
YLR349W,4,0,NA,4
YLR350W,250,221,1,0
YLR352W,35,34,1,0
YLR353W,27,25,2,0
YLR356W,115,105,0,0
YLR357W,163,160,NA,0
YLR359W,240,218,1,0
YLR360W,36,30,2,1
YLR362W,83,77,0,0
YLR363W-A,61,41,0,0
YLR364W,26,20,0,0
YLR367W,601,554,NA,0
YLR368W,13,12,0,0
YLR369W,130,127,0,NA
YLR371W,89,86,1,NA
YLR372W,340,304,5,0
YLR375W,53,51,0,0
YLR380W,236,217,2,0
YLR381W,20,18,0,NA
YLR383W,55,50,0,0
YLR386W,86,81,0,0
YLR388W,425,287,17,1
YLR390W,68,61,NA,0
YLR390W-A,1633,1497,0,5
YLR393W,49,43,0,NA
YLR394W,1,1,NA,0
YLR400W,0,0,0,0
YLR402W,2,0,NA,2
YLR403W,129,127,NA,0
YLR404W,18,14,0,0
YLR405W,52,50,0,0
YLR407W,101,82,3,1
YLR410W,324,320,NA,0
YLR411W,2,2,NA,0
YLR412W,43,43,NA,0
YLR413W,246,239,0,0
YLR417W,31,30,0,0
YLR419W,107,102,0,0
YLR420W,297,277,0,0
YLR422W,39,38,1,0
YLR424W,43,42,NA,0
YLR425W,40,38,NA,0
YLR426W,15,13,0,0
YLR427W,90,80,1,0
YLR429W,508,499,0,0
YLR430W,148,145,1,0
YLR432W,677,642,0,0
YLR435W,172,141,3,0
YLR438W,63,59,0,0
YLR439W,165,158,0,0
YLR443W,29,24,1,0
YLR446W,33,31,0,NA
YLR448W,1253,1067,0,0
YLR449W,540,505,0,0
YLR450W,94,94,0,0
YLR451W,106,97,1,NA
YLR454W,98,94,0,0
YLR455W,80,75,2,0
YLR456W,19,16,0,0
YLR459W,95,89,0,0
YML130C,279,261,0,0
YML129C,152,106,0,0
YML128C,474,430,4,0
YML126C,793,776,NA,1
YML125C,120,117,0,0
YML124C,213,190,0,0
YML123C,1,1,0,0
YML122C,1,1,NA,0
YML120C,306,297,2,0
YML115C,145,128,0,0
YML114C,65,63,0,0
YML110C,187,174,0,0
YML107C,27,27,0,0
YML105C,263,250,0,0
YML104C,26,22,0,0
YML103C,244,240,NA,0
YML099C,38,38,NA,0
YML097C,102,93,0,0
YML095C,51,47,0,0
YML094C-A,0,0,0,0
YML092C,379,343,0,0
YML091C,190,190,NA,NA
YML089C,2,0,NA,2
YML087C,9,9,0,0
YML086C,420,390,0,0
YML085C,294,270,1,0
YML083C,1,1,NA,0
YML081C-A,312,155,4,2
YML076C,36,34,0,0
YML075C,335,312,2,0
YML074C,529,498,0,NA
YML073C,1379,1202,0,0
YML072C,560,550,4,NA
YML071C,87,83,0,0
YML067C,75,68,0,0
YML064C,73,63,1,0
YML062C,93,88,0,0
YML061C,50,49,0,0
YML059C,99,98,NA,0
YML056C,484,457,1,1
YML054C,136,132,NA,0
YML053C,73,68,0,0
YML049C,60,60,NA,NA
YML043C,22,18,2,0
YML041C,71,67,NA,0
YML038C,46,42,1,0
YML035C,249,244,0,0
YML032C,51,48,0,0
YML026C,1529,1318,4,2
YML025C,221,186,5,0
YML023C,19,13,4,0
YML021C,89,82,NA,0
YML018C,28,24,3,0
YML015C,61,54,0,0
YML011C,38,38,NA,0
YML009C,93,57,2,5
YML008C,655,565,2,1
YML007C-A,3,0,0,1
YML006C,37,35,0,0
YML004C,469,442,0,0
YMR001C,161,158,NA,0
YMR001C-A,3,0,NA,3
YMR006C,37,34,0,0
YMR008C,317,314,NA,0
YMR013C,37,34,NA,0
YMR015C,545,523,2,0
YMR016C,68,68,0,0
YMR021C,54,53,0,0
YMR023C,10,10,0,0
YMR026C,22,18,3,0
YMR029C,79,75,0,0
YMR031C,430,423,0,NA
YMR034C,2,1,1,0
YMR036C,25,22,1,0
YMR037C,213,210,NA,0
YMR038C,260,235,0,0
YMR039C,176,159,2,NA
YMR041C,33,29,0,0
YMR047C,320,314,0,NA
YMR049C,612,598,0,0
YMR052C-A,0,0,0,0
YMR053C,17,15,NA,NA
YMR055C,52,47,0,0
YMR056C,13,11,0,0
YMR060C,40,38,0,0
YMR062C,455,428,0,0
YMR067C,132,129,0,0
YMR071C,93,80,0,0
YMR073C,106,99,0,0
YMR074C,231,201,0,0
YMR076C,146,142,NA,0
YMR077C,48,43,0,0
YMR078C,57,54,0,0
YMR080C,245,229,0,0
YMR081C,23,22,0,0
YMR086C-A,3,0,2,0
YMR088C,66,55,6,0
YMR089C,147,137,10,NA
YMR091C,209,206,0,0
YMR092C,380,365,0,0
YMR097C,59,44,3,0
YMR098C,55,50,0,0
YMR099C,404,367,0,1
YMR101C,7,7,NA,0
YMR102C,63,61,NA,0
YMR103C,0,0,0,0
YMR105C,759,728,1,1
YMR106C,30,28,0,1
YMR110C,277,259,0,0
YMR111C,33,32,0,0
YMR112C,82,77,NA,0
YMR114C,33,29,NA,0
YMR116C,2352,2137,0,2
YMR117C,19,19,NA,0
YMR118C,1,1,NA,0
YMR120C,64,64,0,0
YMR121C,718,669,0,0
YMR122C,0,0,0,0
YMR126C,6,5,1,0
YMR127C,19,16,0,0
YMR131C,374,363,0,0
YMR132C,58,52,0,0
YMR135C,136,126,0,0
YMR137C,23,20,2,0
YMR142C,1513,1305,0,2
YMR145C,890,844,11,1
YMR146C,735,660,0,0
YMR150C,32,28,0,NA
YMR153C-A,0,0,0,0
YMR154C,18,18,NA,NA
YMR156C,26,25,NA,0
YMR157C,44,39,0,0
YMR158C-A,1,1,0,0
YMR162C,42,42,NA,0
YMR163C,18,17,0,0
YMR164C,206,202,2,NA
YMR165C,69,66,1,0
YMR166C,37,30,3,0
YMR168C,30,27,0,0
YMR169C,314,302,NA,0
YMR170C,253,227,0,0
YMR171C,57,51,1,0
YMR174C,30,24,0,1
YMR180C,23,17,0,0
YMR181C,51,44,0,1
YMR182C,13,7,1,1
YMR183C,324,285,0,1
YMR187C,22,20,0,0
YMR188C,184,165,0,1
YMR190C,16,16,0,NA
YMR193C-A,0,0,0,0
YMR194C-B,27,17,NA,0
YMR197C,251,229,1,1
YMR201C,46,42,0,0
YMR204C,43,42,0,0
YMR205C,2085,2017,0,0
YMR207C,36,31,5,0
YMR209C,27,27,0,0
YMR212C,122,114,1,0
YMR216C,93,85,3,0
YMR218C,73,70,0,NA
YMR221C,136,129,0,0
YMR222C,129,114,0,0
YMR224C,36,34,0,0
YMR225C,138,108,0,0
YMR226C,700,637,0,1
YMR227C,117,111,0,0
YMR229C,749,739,NA,0
YMR235C,416,388,0,1
YMR239C,137,127,0,2
YMR240C,65,61,0,0
YMR242C,1494,1343,0,2
YMR243C,189,166,1,0
YMR244C-A,66,49,0,1
YMR247C,174,170,0,NA
YMR252C,4,4,0,0
YMR253C,51,51,0,NA
YMR256C,327,238,0,1
YMR257C,11,6,3,1
YMR258C,44,43,1,0
YMR259C,88,87,NA,0
YMR260C,596,469,0,0
YMR261C,280,272,1,0
YMR265C,14,14,NA,0
YMR268C,49,48,0,0
YMR270C,27,24,2,0
YMR271C,23,22,NA,0
YMR272C,449,428,0,0
YMR273C,45,36,0,0
YMR274C,18,17,0,0
YMR275C,87,86,0,0
YMR279C,0,0,0,0
YMR280C,17,17,NA,0
YMR282C,48,45,0,NA
YMR283C,36,36,NA,0
YMR285C,121,118,0,0
YMR287C,57,55,0,NA
YMR290C,528,492,0,1
YMR293C,55,52,0,0
YMR295C,485,439,1,NA
YMR296C,165,153,3,0
YMR299C,27,26,0,0
YMR300C,183,165,0,0
YMR301C,100,94,0,0
YMR302C,170,149,0,1
YMR303C,1681,1621,0,0
YMR305C,655,613,4,NA
YMR306C-A,2,1,NA,1
YMR308C,342,337,0,0
YMR309C,745,726,1,1
YMR310C,85,79,0,0
YMR311C,228,203,0,0
YMR313C,88,87,0,0
YMR316C-A,1,1,0,0
YMR316C-B,0,0,0,0
YMR318C,327,315,0,0
YMR319C,121,119,0,0
YML131W,62,54,0,0
YML127W,153,146,0,NA
YML121W,67,53,1,0
YML119W,121,111,0,0
YML118W,14,11,3,NA
YML117W,280,270,4,NA
YML116W,13,8,4,0
YML113W,146,139,0,0
YML112W,49,46,0,0
YML111W,151,147,1,NA
YML109W,88,85,0,0
YML108W,76,66,0,0
YML106W,303,253,13,0
YML102W,48,46,0,0
YML100W-A,0,0,0,0
YML100W,784,769,0,0
YML098W,54,41,0,0
YML096W,62,55,0,0
YML094W,164,143,0,0
YML093W,304,284,0,NA
YML090W,0,0,0,0
YML088W,57,54,0,NA
YML084W,3,2,NA,0
YML082W,59,59,0,0
YML081W,58,56,0,0
YML080W,83,74,0,0
YML079W,165,162,0,0
YML078W,365,315,0,1
YML077W,45,38,NA,0
YML070W,428,421,0,0
YML069W,338,322,0,0
YML068W,26,21,2,0
YML065W,72,72,0,0
YML063W,2043,1849,1,0
YML060W,77,71,0,0
YML058W-A,6,2,1,0
YML058W,770,612,0,3
YML057W,199,189,0,0
YML055W,76,67,0,0
YML052W,259,236,0,0
YML051W,13,9,1,0
YML050W,33,32,0,0
YML048W,207,186,1,0
YML046W,64,58,0,0
YML042W,15,15,NA,0
YML036W,61,50,0,0
YML034W,222,221,0,0
YML031W,89,75,0,0
YML030W,94,76,0,0
YML029W,93,88,0,2
YML028W,1236,1064,0,1
YML027W,142,132,0,0
YML024W,1604,1330,0,0
YML022W,263,238,0,0
YML020W,33,30,3,0
YML019W,47,45,0,0
YML017W,188,172,0,0
YML014W,60,52,NA,0
YML013W,118,113,0,1
YML012W,217,173,3,0
YML010W,679,672,0,NA
YML007W,169,159,2,1
YML005W,43,41,0,0
YML002W,1,1,NA,0
YML001W,267,224,2,0
YMR002W,801,697,0,0
YMR003W,55,46,0,0
YMR004W,122,118,2,0
YMR005W,159,153,0,0
YMR007W,0,0,0,0
YMR009W,109,99,0,0
YMR010W,63,57,2,0
YMR011W,789,748,1,1
YMR012W,680,658,1,0
YMR013W-A,0,0,0,0
YMR014W,152,143,0,0
YMR017W,4,4,NA,0
YMR018W,1,1,NA,0
YMR019W,42,42,NA,0
YMR020W,32,27,1,0
YMR022W,283,254,0,0
YMR024W,238,231,NA,0
YMR025W,22,19,0,0
YMR027W,283,245,3,0
YMR028W,84,81,0,0
YMR030W,27,24,1,0
YMR033W,135,122,0,1
YMR035W,14,13,0,0
YMR040W,11,6,5,0
YMR042W,16,15,0,0
YMR043W,223,206,0,0
YMR044W,117,109,0,1
YMR048W,34,33,0,0
YMR052W,31,29,0,0
YMR054W,112,98,6,0
YMR058W,148,139,0,0
YMR059W,35,25,0,0
YMR061W,111,106,0,0
YMR063W,7,5,1,0
YMR064W,37,37,NA,0
YMR065W,1,1,NA,0
YMR066W,25,25,0,0
YMR068W,21,21,0,0
YMR069W,7,7,NA,0
YMR070W,115,109,3,NA
YMR072W,479,414,0,2
YMR075W,78,71,0,0
YMR079W,458,413,0,0
YMR083W,590,551,1,0
YMR085W,1,1,NA,0
YMR086W,212,194,5,0
YMR087W,37,33,0,0
YMR090W,38,36,0,0
YMR093W,147,133,0,0
YMR094W,8,8,0,0
YMR096W,17,16,0,0
YMR100W,38,35,NA,0
YMR107W,3,2,0,0
YMR108W,1374,1308,4,0
YMR109W,244,234,0,0
YMR113W,67,60,0,0
YMR115W,112,103,0,0
YMR119W,50,37,7,NA
YMR122W-A,936,777,3,2
YMR123W,152,130,0,0
YMR124W,234,233,1,NA
YMR125W,401,381,2,NA
YMR128W,220,210,0,0
YMR129W,243,237,NA,1
YMR130W,78,67,0,0
YMR134W,55,49,0,0
YMR136W,82,79,0,0
YMR138W,26,25,NA,0
YMR139W,96,84,4,0
YMR140W,93,89,0,0
YMR143W,1135,895,0,0
YMR144W,86,72,1,0
YMR148W,45,26,16,1
YMR151W,4,2,NA,2
YMR152W,160,151,0,0
YMR153W,217,207,1,0
YMR155W,28,28,0,0
YMR158W,97,83,0,0
YMR160W,44,44,0,0
YMR161W,188,173,0,0
YMR167W,41,40,0,NA
YMR172W,43,43,NA,NA
YMR175W,11,10,0,NA
YMR176W,33,33,0,0
YMR177W,29,28,0,0
YMR178W,133,124,0,0
YMR179W,45,43,NA,0
YMR182W-A,10,0,9,1
YMR184W,137,118,0,0
YMR185W,50,48,0,NA
YMR186W,4234,4129,0,3
YMR189W,506,471,2,0
YMR192W,165,159,0,0
YMR193W,201,194,0,0
YMR194W,897,704,0,0
YMR195W,69,57,3,0
YMR196W,152,145,NA,0
YMR198W,31,28,0,0
YMR199W,121,115,1,0
YMR200W,241,199,2,1
YMR202W,404,321,0,0
YMR203W,637,585,0,0
YMR206W,3,3,0,0
YMR208W,251,231,0,0
YMR210W,46,41,0,0
YMR211W,31,29,0,1
YMR213W,46,43,0,0
YMR214W,126,117,0,0
YMR215W,204,202,0,0
YMR217W,614,585,0,0
YMR219W,171,169,NA,0
YMR220W,163,155,0,0
YMR223W,67,62,0,0
YMR228W,74,65,1,0
YMR230W,1014,755,2,1
YMR231W,74,72,0,0
YMR233W,67,57,1,0
YMR234W,18,17,0,0
YMR236W,169,150,0,1
YMR237W,247,235,5,0
YMR238W,223,206,2,0
YMR241W,223,198,3,0
YMR246W,482,460,0,1
YMR250W,231,210,2,0
YMR251W,1,1,NA,NA
YMR251W-A,1163,721,6,5
YMR255W,129,117,NA,0
YMR262W,31,28,NA,0
YMR263W,110,97,0,0
YMR264W,91,79,0,0
YMR266W,52,51,1,0
YMR267W,151,138,2,0
YMR269W,80,76,0,0
YMR276W,596,567,0,0
YMR277W,74,67,0,0
YMR278W,225,219,0,0
YMR281W,29,28,0,0
YMR284W,27,27,0,0
YMR286W,121,91,0,0
YMR288W,55,55,0,0
YMR289W,51,50,NA,0
YMR291W,447,415,2,0
YMR292W,64,57,0,0
YMR294W,33,29,0,0
YMR297W,854,806,1,0
YMR298W,218,184,0,0
YMR304W,141,141,NA,NA
YMR306W,4,4,0,NA
YMR307W,2163,2057,0,4
YMR312W,89,82,0,0
YMR314W,334,289,1,0
YMR315W,509,448,0,0
YMR316W,65,62,0,0
YMR317W,1,1,NA,0
YMR320W,0,0,0,0
YNL331C,10,10,NA,0
YNL330C,163,147,0,2
YNL329C,48,47,NA,0
YNL328C,19,15,0,0
YNL326C,34,31,1,0
YNL325C,34,33,0,0
YNL322C,328,282,0,0
YNL316C,70,65,0,0
YNL315C,178,165,0,0
YNL313C,158,153,0,0
YNL311C,42,38,0,0
YNL310C,102,86,0,0
YNL308C,323,290,1,0
YNL307C,254,247,1,1
YNL305C,144,125,0,0
YNL302C,1384,1191,0,1
YNL301C,970,845,0,0
YNL297C,134,131,NA,0
YNL294C,30,27,1,0
YNL291C,19,14,1,0
YNL284C,119,116,NA,1
YNL283C,33,25,3,0
YNL280C,155,140,2,1
YNL276C,5,2,0,0
YNL274C,415,397,0,1
YNL272C,80,77,1,0
YNL271C,100,100,NA,0
YNL270C,15,14,1,0
YNL265C,107,100,0,0
YNL264C,67,65,NA,0
YNL263C,237,212,3,0
YNL260C,102,90,NA,0
YNL259C,35,23,1,0
YNL258C,99,96,0,0
YNL257C,76,63,1,0
YNL255C,616,527,0,1
YNL254C,27,24,0,NA
YNL252C,191,182,0,0
YNL251C,336,328,1,0
YNL249C,10,10,0,0
YNL248C,385,371,0,2
YNL245C,65,54,0,1
YNL244C,417,368,0,1
YNL241C,245,223,0,0
YNL240C,79,77,0,NA
YNL231C,266,236,7,0
YNL230C,25,20,1,1
YNL229C,214,204,NA,0
YNL227C,84,76,0,0
YNL225C,72,68,NA,0
YNL224C,112,111,0,0
YNL221C,77,73,0,0
YNL219C,146,139,0,0
YNL213C,15,13,0,0
YNL211C,15,6,5,NA
YNL206C,48,46,NA,0
YNL201C,61,60,0,NA
YNL200C,81,75,1,0
YNL199C,101,98,NA,0
YNL197C,201,190,3,0
YNL195C,8,7,NA,0
YNL185C,121,108,NA,0
YNL183C,230,213,1,0
YNL182C,132,123,0,0
YNL180C,147,139,NA,0
YNL179C,7,5,2,NA
YNL177C,181,169,0,0
YNL176C,81,80,0,0
YNL175C,242,227,1,0
YNL173C,157,147,0,0
YNL169C,125,112,0,0
YNL168C,223,199,0,0
YNL167C,116,111,1,NA
YNL166C,234,219,0,0
YNL164C,46,38,0,0
YNL163C,112,110,0,0
YNL159C,96,90,0,0
YNL156C,179,146,16,0
YNL154C,259,246,3,0
YNL153C,122,102,0,0
YNL151C,116,110,1,0
YNL149C,137,118,0,0
YNL148C,22,20,0,1
YNL146C-A,1,0,NA,1
YNL144C,7,7,NA,0
YNL143C,55,36,NA,0
YNL139C,143,137,1,NA
YNL137C,236,228,0,0
YNL135C,758,654,0,1
YNL134C,461,426,0,0
YNL133C,49,43,0,0
YNL130C,215,195,2,1
YNL130C-A,0,0,0,0
YNL125C,90,85,1,0
YNL122C,125,118,NA,2
YNL121C,712,666,0,0
YNL118C,1358,1328,1,0
YNL115C,112,108,0,0
YNL114C,1,1,0,NA
YNL111C,372,296,2,1
YNL110C,310,273,0,2
YNL108C,129,119,0,0
YNL106C,43,42,NA,0
YNL104C,1211,1158,6,0
YNL099C,90,84,0,0
YNL098C,332,292,0,0
YNL097C-B,3,0,NA,2
YNL097C,59,55,1,0
YNL096C,1475,1312,0,1
YNL095C,16,14,1,0
YNL084C,217,202,0,0
YNL081C,184,129,0,1
YNL080C,21,15,0,1
YNL079C,790,684,0,1
YNL074C,273,258,0,0
YNL069C,1927,1693,0,3
YNL068C,128,121,1,0
YNL064C,1588,1452,26,0
YNL062C,200,193,1,0
YNL059C,117,112,0,0
YNL058C,426,395,0,0
YNL055C,1661,1530,2,0
YNL050C,106,100,0,0
YNL049C,122,118,0,0
YNL047C,45,44,0,0
YNL043C,0,0,0,0
YNL041C,107,105,0,NA
YNL037C,718,675,8,0
YNL035C,54,50,0,0
YNL031C,1349,1143,0,3
YNL029C,23,23,0,0
YNL025C,24,24,0,0
YNL024C-A,74,56,2,0
YNL024C,5,5,0,0
YNL023C,59,59,0,0
YNL022C,97,91,0,0
YNL020C,55,55,0,0
YNL019C,0,0,0,0
YNL011C,46,43,0,0
YNL008C,68,68,0,0
YNL007C,1002,952,4,0
YNL005C,196,183,0,0
YNL003C,45,42,0,1
YNL002C,374,352,0,0
YNR001C,833,797,2,1
YNR002C,8,8,NA,0
YNR003C,169,164,0,0
YNR007C,76,71,0,0
YNR011C,79,76,0,0
YNR013C,366,358,0,0
YNR016C,1722,1707,NA,0
YNR020C,51,49,NA,0
YNR022C,86,75,0,0
YNR025C,0,0,0,0
YNR026C,157,149,0,NA
YNR029C,74,70,0,0
YNR031C,58,53,NA,1
YNR032C-A,44,28,0,0
YNR035C,431,392,0,0
YNR036C,248,236,0,0
YNR037C,120,80,0,0
YNR039C,58,57,0,0
YNR041C,119,114,0,0
YNR049C,82,71,0,0
YNR050C,302,285,0,0
YNR051C,148,134,9,0
YNR052C,209,199,1,0
YNR053C,315,293,0,0
YNR054C,122,117,1,0
YNR055C,135,104,19,0
YNR056C,0,0,0,0
YNR061C,71,61,0,0
YNR062C,0,0,0,0
YNR064C,6,6,NA,0
YNR065C,62,58,NA,0
YNR066C,41,38,NA,NA
YNR067C,471,460,0,0
YNR068C,5,5,NA,0
YNR069C,3,3,0,NA
YNR071C,0,0,0,0
YNR073C,9,8,NA,0
YNR074C,0,0,0,0
YNL327W,1343,1319,1,0
YNL323W,132,122,0,0
YNL321W,139,138,0,0
YNL320W,58,51,1,0
YNL317W,75,69,0,0
YNL314W,22,21,NA,0
YNL312W,162,155,0,0
YNL309W,101,98,0,0
YNL306W,199,181,0,2
YNL300W,390,286,3,3
YNL299W,57,52,0,0
YNL298W,128,125,NA,0
YNL295W,48,44,0,0
YNL293W,46,44,0,0
YNL292W,83,77,0,0
YNL290W,121,114,0,0
YNL289W,225,209,1,0
YNL288W,135,119,3,0
YNL287W,638,614,2,0
YNL286W,46,43,1,0
YNL281W,328,269,0,1
YNL279W,4,4,0,NA
YNL278W,40,39,0,0
YNL277W-A,0,0,0,0
YNL277W,14,10,NA,2
YNL275W,27,26,0,0
YNL273W,64,63,NA,0
YNL268W,557,538,1,0
YNL267W,149,145,1,0
YNL262W,121,120,NA,0
YNL261W,46,41,0,0
YNL256W,80,78,0,0
YNL253W,56,49,0,0
YNL250W,41,38,NA,0
YNL247W,446,433,NA,0
YNL246W,65,60,0,0
YNL243W,398,388,0,0
YNL242W,33,32,0,NA
YNL239W,402,368,18,0
YNL238W,82,71,6,0
YNL237W,5,5,0,0
YNL236W,69,68,0,0
YNL234W,8,8,0,0
YNL233W,178,169,2,0
YNL232W,142,128,0,0
YNL228W,0,0,0,0
YNL226W,0,0,0,0
YNL223W,33,31,NA,0
YNL222W,149,134,0,1
YNL220W,266,238,0,0
YNL218W,45,43,1,0
YNL217W,8,5,0,0
YNL216W,231,226,1,0
YNL215W,73,70,0,NA
YNL214W,36,31,0,0
YNL212W,148,141,0,0
YNL209W,3784,3684,0,1
YNL208W,1015,958,0,0
YNL207W,140,126,0,0
YNL202W,16,15,0,0
YNL193W,58,50,0,0
YNL192W,398,386,1,NA
YNL191W,46,42,1,0
YNL190W,804,723,20,2
YNL189W,559,510,3,0
YNL188W,22,21,1,0
YNL187W,5,4,1,0
YNL186W,174,154,2,0
YNL181W,78,71,0,0
YNL178W,2357,2098,0,0
YNL172W,61,60,0,NA
YNL165W,26,22,3,0
YNL162W-A,31,24,0,0
YNL162W,1497,1208,0,2
YNL161W,281,274,2,0
YNL160W,1341,1215,0,0
YNL158W,50,40,0,NA
YNL157W,214,182,0,1
YNL155W,124,115,1,0
YNL152W,60,57,0,0
YNL147W,124,100,8,0
YNL146W,16,12,1,0
YNL145W,0,0,0,0
YNL142W,78,67,7,NA
YNL141W,258,228,0,0
YNL138W-A,73,61,0,0
YNL138W,828,799,0,0
YNL136W,29,24,0,NA
YNL132W,330,312,1,0
YNL131W,425,367,1,1
YNL129W,61,52,NA,0
YNL128W,1,1,0,NA
YNL127W,65,64,NA,0
YNL126W,42,41,0,0
YNL124W,91,84,0,0
YNL123W,253,247,0,0
YNL119W,95,94,0,0
YNL117W,2,2,0,0
YNL116W,184,169,0,0
YNL113W,286,251,1,0
YNL112W,577,546,0,0
YNL109W,3,0,3,NA
YNL107W,76,71,NA,0
YNL103W-A,0,0,0,0
YNL103W,125,123,1,0
YNL102W,226,222,NA,0
YNL101W,108,100,1,2
YNL100W,170,150,0,0
YNL097W-A,0,0,0,0
YNL094W,43,34,7,0
YNL093W,2,2,0,0
YNL092W,11,10,0,0
YNL091W,186,169,1,NA
YNL090W,33,25,2,0
YNL088W,167,165,0,NA
YNL087W,65,65,NA,0
YNL086W,36,30,2,0
YNL085W,320,312,4,0
YNL083W,58,52,0,4
YNL082W,65,64,0,0
YNL078W,58,57,0,0
YNL077W,40,34,4,0
YNL076W,86,80,0,0
YNL075W,176,165,0,0
YNL073W,45,41,0,0
YNL072W,62,52,0,0
YNL071W,1009,963,0,0
YNL070W,185,129,2,0
YNL067W-A,0,0,0,0
YNL067W,819,732,1,0
YNL066W,256,218,8,1
YNL065W,158,151,1,0
YNL063W,14,13,NA,0
YNL061W,423,404,0,NA
YNL057W,1,1,NA,0
YNL056W,91,67,0,0
YNL054W,103,99,NA,1
YNL053W,63,61,1,0
YNL052W,453,398,1,0
YNL051W,68,66,NA,0
YNL048W,64,62,0,0
YNL046W,29,29,NA,0
YNL045W,254,254,NA,0
YNL044W,265,231,2,1
YNL042W,14,12,1,0
YNL040W,128,121,0,0
YNL039W,116,115,0,0
YNL038W,28,25,0,0
YNL036W,89,79,0,0
YNL033W,0,0,0,0
YNL032W,77,71,1,0
YNL030W,1102,860,4,3
YNL027W,172,165,1,0
YNL026W,84,80,0,0
YNL021W,72,69,0,0
YNL016W,1013,973,1,0
YNL015W,358,294,1,1
YNL014W,28,28,NA,0
YNL012W,17,17,NA,0
YNL010W,400,341,1,0
YNL009W,12,12,NA,0
YNL006W,106,105,0,1
YNL004W,238,232,0,0
YNL001W,162,149,0,0
YNR001W-A,0,0,0,0
YNR004W,8,8,0,0
YNR006W,206,203,0,0
YNR008W,171,159,0,0
YNR009W,87,70,0,0
YNR010W,82,69,0,0
YNR012W,114,110,0,0
YNR014W,46,46,0,0
YNR015W,84,77,0,0
YNR017W,203,173,8,2
YNR018W,275,239,1,1
YNR019W,301,280,2,NA
YNR021W,333,308,0,0
YNR023W,91,82,0,0
YNR024W,86,77,0,0
YNR027W,44,41,0,2
YNR028W,61,52,3,0
YNR030W,114,101,0,0
YNR032W,32,28,0,0
YNR033W,146,140,NA,0
YNR034W,125,108,0,0
YNR034W-A,273,206,1,0
YNR038W,124,118,NA,0
YNR040W,72,69,NA,0
YNR043W,535,491,0,0
YNR044W,68,65,0,0
YNR045W,34,32,0,0
YNR046W,214,188,0,0
YNR047W,70,69,0,0
YNR048W,26,20,0,0
YNR058W,6,5,1,0
YNR059W,13,4,7,0
YNR060W,0,0,0,0
YNR063W,20,20,NA,0
YNR070W,0,0,0,0
YNR072W,0,0,0,0
YNR075W,24,24,0,NA
YOL159C-A,46,34,0,0
YOL159C,41,39,0,0
YOL158C,6,6,0,0
YOL157C,17,16,NA,0
YOL155C,1192,1182,0,NA
YOL150C,1,1,NA,0
YOL148C,82,78,NA,NA
YOL147C,138,110,0,0
YOL145C,257,241,2,0
YOL143C,492,432,0,1
YOL139C,840,772,1,0
YOL138C,40,40,NA,0
YOL136C,107,99,6,0
YOL135C,79,73,0,0
YOL128C,24,22,NA,1
YOL126C,232,213,0,1
YOL124C,90,77,0,0
YOL122C,94,87,0,0
YOL121C,1117,974,0,2
YOL120C,1697,1425,0,1
YOL119C,116,114,0,0
YOL114C,6,5,0,0
YOL111C,215,188,1,0
YOL108C,60,47,NA,0
YOL105C,24,18,3,0
YOL102C,51,49,NA,0
YOL101C,7,7,0,0
YOL097C,427,393,0,0
YOL096C,68,60,0,0
YOL095C,14,13,0,0
YOL094C,133,112,0,0
YOL089C,73,72,NA,0
YOL088C,99,82,0,0
YOL087C,74,66,NA,0
YOL086C,6970,6314,7,2
YOL085C,0,0,0,0
YOL080C,69,67,0,0
YOL077C,358,339,0,0
YOL075C,46,45,NA,NA
YOL073C,53,50,0,0
YOL070C,287,275,0,0
YOL068C,29,29,NA,NA
YOL067C,86,79,NA,0
YOL066C,90,86,0,0
YOL065C,54,51,0,0
YOL064C,110,96,0,0
YOL063C,31,26,5,0
YOL062C,50,47,0,0
YOL060C,99,93,0,0
YOL055C,42,37,NA,0
YOL052C-A,185,132,0,0
YOL052C,108,101,0,0
YOL048C,38,32,0,0
YOL043C,31,24,2,0
YOL041C,362,341,0,0
YOL040C,1866,1490,5,2
YOL038C-A,2,1,1,0
YOL037C,0,0,0,0
YOL031C,128,122,0,0
YOL029C,1,1,NA,0
YOL028C,53,46,1,NA
YOL027C,258,255,0,1
YOL026C,84,75,0,0
YOL022C,118,115,0,0
YOL021C,277,271,0,0
YOL018C,101,95,4,0
YOL016C,145,130,0,0
YOL013C,38,36,0,0
YOL012C,130,97,3,2
YOL009C,33,31,NA,0
YOL007C,147,129,0,0
YOL006C,142,135,0,0
YOL005C,186,155,1,0
YOL003C,40,37,0,0
YOL002C,59,55,0,0
YOR005C,22,22,NA,0
YOR006C,91,81,0,0
YOR007C,476,438,NA,0
YOR008C,170,144,3,0
YOR008C-A,0,0,0,0
YOR010C,3,3,0,0
YOR016C,62,57,1,0
YOR020C,631,490,0,5
YOR021C,227,179,0,1
YOR022C,24,23,NA,0
YOR023C,66,62,1,0
YOR028C,193,175,3,1
YOR032C,25,24,1,0
YOR033C,48,43,1,0
YOR034C,28,22,5,0
YOR035C,123,117,0,NA
YOR038C,75,74,0,0
YOR041C,7,0,6,1
YOR046C,495,476,0,0
YOR047C,68,62,0,0
YOR048C,206,197,0,0
YOR049C,0,0,0,0
YOR050C,0,0,0,0
YOR051C,254,228,0,0
YOR052C,340,297,7,1
YOR054C,94,92,0,0
YOR056C,155,144,1,0
YOR058C,86,79,NA,1
YOR059C,42,39,0,0
YOR060C,32,28,0,1
YOR062C,52,49,NA,0
YOR064C,27,23,NA,0
YOR067C,82,75,0,0
YOR068C,0,0,0,0
YOR070C,88,85,2,0
YOR071C,20,17,0,3
YOR074C,146,134,0,0
YOR076C,87,87,0,0
YOR079C,60,56,0,0
YOR081C,87,86,0,0
YOR086C,230,227,0,0
YOR089C,179,144,1,0
YOR090C,96,95,0,0
YOR093C,56,56,0,0
YOR095C,91,76,0,0
YOR097C,33,22,0,0
YOR098C,222,221,NA,0
YOR100C,2,1,NA,1
YOR103C,146,112,0,0
YOR108C-A,0,0,0,0
YOR115C,75,58,0,0
YOR116C,150,133,1,0
YOR119C,121,113,0,0
YOR121C,0,0,0,0
YOR122C,497,409,0,1
YOR123C,224,211,0,0
YOR124C,262,259,0,0
YOR125C,140,128,1,0
YOR126C,58,57,0,0
YOR128C,46,33,0,0
YOR129C,9,7,0,0
YOR130C,38,32,NA,0
YOR131C,122,109,0,0
YOR137C,7,6,NA,0
YOR138C,92,90,0,0
YOR141C,179,173,0,0
YOR143C,51,51,0,0
YOR144C,34,32,NA,0
YOR145C,255,227,0,0
YOR148C,24,18,0,0
YOR149C,20,16,0,0
YOR151C,312,303,NA,0
YOR152C,36,30,0,0
YOR155C,83,81,NA,0
YOR156C,38,32,3,0
YOR157C,395,382,4,0
YOR159C,59,44,1,0
YOR161C,167,152,0,0
YOR161C-C,3,3,NA,0
YOR162C,36,34,2,0
YOR164C,222,204,0,0
YOR166C,51,48,0,0
YOR167C,698,421,0,4
YOR171C,194,188,0,NA
YOR175C,113,104,1,0
YOR177C,17,17,NA,0
YOR178C,116,110,NA,0
YOR179C,70,60,0,0
YOR180C,3,2,1,0
YOR182C,767,612,NA,3
YOR185C,124,113,3,0
YOR186C-A,0,0,0,0
YOR192C,17,14,NA,1
YOR194C,140,136,0,NA
YOR196C,82,72,0,0
YOR198C,937,864,0,0
YOR201C,68,63,0,0
YOR205C,26,23,0,0
YOR207C,250,235,0,0
YOR209C,304,270,6,0
YOR211C,133,130,NA,0
YOR213C,49,43,0,0
YOR215C,154,143,0,0
YOR216C,122,104,0,0
YOR218C,0,0,0,0
YOR219C,58,57,NA,0
YOR221C,78,72,0,0
YOR224C,282,225,0,1
YOR226C,137,108,0,0
YOR228C,21,13,3,0
YOR234C,719,580,0,1
YOR242C,0,0,0,0
YOR243C,264,256,0,0
YOR245C,76,70,0,0
YOR246C,55,39,1,0
YOR249C,33,32,0,0
YOR250C,88,84,0,0
YOR251C,172,164,0,0
YOR254C,352,326,0,0
YOR256C,74,73,NA,0
YOR259C,513,492,0,0
YOR261C,413,367,0,0
YOR267C,483,467,8,0
YOR270C,565,543,6,0
YOR271C,221,196,3,0
YOR273C,181,174,0,0
YOR275C,46,45,0,0
YOR279C,32,31,1,0
YOR280C,96,86,0,0
YOR281C,182,161,0,0
YOR287C,127,124,0,0
YOR288C,92,91,0,0
YOR290C,171,168,NA,0
YOR292C,24,21,0,0
YOR293C-A,0,0,0,0
YOR297C,83,67,0,0
YOR298C-A,1144,961,0,0
YOR304C-A,79,49,NA,1
YOR306C,18,15,0,0
YOR307C,94,77,4,0
YOR308C,66,64,0,0
YOR309C,152,143,NA,0
YOR311C,78,68,1,0
YOR312C,1658,1464,0,2
YOR313C,3,3,0,0
YOR316C,90,84,1,0
YOR318C,2,2,NA,0
YOR320C,90,85,2,0
YOR322C,76,76,NA,0
YOR323C,586,561,0,1
YOR324C,39,37,0,0
YOR327C,148,110,4,1
YOR329C,157,154,NA,0
YOR333C,0,0,0,0
YOR335C,1108,1063,1,1
YOR339C,0,0,0,0
YOR340C,322,289,0,0
YOR342C,71,59,6,0
YOR343C,2,0,0,2
YOR344C,149,139,1,0
YOR347C,80,71,0,0
YOR348C,510,498,NA,0
YOR350C,49,47,1,0
YOR353C,96,94,NA,NA
YOR354C,209,202,0,0
YOR357C,125,115,0,0
YOR360C,99,86,1,0
YOR361C,915,892,NA,1
YOR362C,322,300,0,0
YOR363C,31,31,0,NA
YOR365C,3,3,NA,0
YOR369C,1395,1193,5,5
YOR370C,236,197,21,1
YOR371C,64,58,0,0
YOR372C,226,221,0,0
YOR375C,3160,2942,1,0
YOR379C,1,1,0,NA
YOR383C,12,6,0,0
YOL164W,4,4,NA,0
YOL154W,0,0,0,0
YOL152W,23,23,0,0
YOL151W,55,54,0,0
YOL149W,109,103,0,NA
YOL146W,71,68,0,0
YOL144W,86,86,0,0
YOL142W,124,114,0,0
YOL141W,33,29,0,NA
YOL140W,166,152,0,0
YOL137W,93,89,1,0
YOL133W,113,92,0,0
YOL132W,0,0,0,0
YOL130W,101,96,2,0
YOL129W,154,129,0,0
YOL127W,1806,1526,0,1
YOL125W,28,25,1,0
YOL123W,655,621,22,NA
YOL117W,35,35,0,NA
YOL116W,30,28,0,0
YOL115W,88,87,0,NA
YOL113W,70,62,1,0
YOL112W,31,27,1,0
YOL110W,12,8,0,0
YOL109W,1608,1317,5,6
YOL107W,64,58,0,0
YOL103W,35,27,6,0
YOL100W,53,53,NA,0
YOL097W-A,1,0,0,0
YOL093W,126,115,0,0
YOL092W,127,116,0,0
YOL091W,6,6,NA,0
YOL090W,166,164,0,0
YOL086W-A,42,34,0,0
YOL085W-A,1,0,1,0
YOL083W,13,12,0,0
YOL082W,106,100,0,1
YOL081W,122,121,NA,0
YOL078W,58,56,0,0
YOL077W-A,190,134,0,2
YOL076W,131,127,0,0
YOL072W,39,39,NA,0
YOL071W,135,119,NA,0
YOL069W,33,33,0,0
YOL061W,284,267,0,0
YOL059W,421,406,NA,0
YOL058W,899,819,0,1
YOL057W,159,153,0,0
YOL056W,43,37,0,0
YOL054W,56,52,0,0
YOL053W,42,40,NA,0
YOL051W,331,327,NA,NA
YOL049W,217,204,0,0
YOL045W,87,83,1,0
YOL044W,36,34,0,0
YOL042W,56,56,0,0
YOL039W,1287,993,1,14
YOL038W,364,326,0,0
YOL036W,75,54,17,0
YOL034W,27,27,0,0
YOL033W,71,63,0,0
YOL032W,107,98,2,0
YOL030W,533,503,0,2
YOL025W,15,15,0,0
YOL024W,0,0,0,0
YOL023W,73,72,0,0
YOL020W,131,115,0,0
YOL019W,181,158,0,0
YOL017W,46,44,0,0
YOL015W,2,0,2,0
YOL014W,6,0,4,0
YOL013W-B,0,0,0,0
YOL013W-A,4,4,NA,0
YOL011W,163,149,7,NA
YOL010W,162,151,0,0
YOL008W,69,64,0,0
YOL004W,348,346,NA,0
YOL001W,18,10,7,NA
YOR001W,192,188,0,1
YOR002W,102,97,1,0
YOR003W,17,16,0,1
YOR004W,166,123,3,0
YOR009W,3,3,NA,0
YOR011W,8,8,NA,0
YOR013W,6,6,NA,0
YOR014W,223,213,2,NA
YOR015W,0,0,0,0
YOR017W,42,40,0,1
YOR018W,55,53,0,NA
YOR019W,8,8,NA,0
YOR020W-A,68,51,0,0
YOR025W,113,104,0,0
YOR026W,35,35,NA,0
YOR027W,1729,1646,0,2
YOR029W,0,0,0,0
YOR030W,20,19,1,0
YOR031W,39,19,0,0
YOR032W-A,0,0,0,0
YOR036W,91,87,0,1
YOR037W,61,57,0,0
YOR039W,140,122,2,0
YOR040W,25,25,NA,0
YOR042W,333,309,1,0
YOR043W,189,172,5,0
YOR044W,22,16,2,0
YOR045W,254,175,1,1
YOR053W,0,0,0,0
YOR057W,96,90,0,0
YOR061W,192,162,4,0
YOR063W,4090,3806,0,0
YOR065W,721,655,18,0
YOR066W,153,147,NA,0
YOR069W,189,181,0,0
YOR073W,47,38,4,0
YOR075W,63,59,0,NA
YOR077W,47,43,0,NA
YOR078W,108,91,0,0
YOR080W,33,33,0,NA
YOR084W,14,13,0,0
YOR085W,159,138,3,0
YOR087W,115,105,2,0
YOR091W,310,267,0,0
YOR092W,58,52,0,0
YOR094W,83,73,2,0
YOR096W,1587,1388,1,0
YOR099W,171,159,0,0
YOR101W,66,55,0,0
YOR102W,0,0,0,0
YOR104W,87,78,1,NA
YOR106W,46,39,3,0
YOR107W,6,4,2,0
YOR108W,380,361,0,0
YOR109W,164,159,2,NA
YOR110W,53,45,2,0
YOR111W,61,56,0,0
YOR112W,104,98,0,0
YOR113W,119,113,NA,0
YOR114W,31,22,2,0
YOR117W,410,384,1,0
YOR118W,43,39,1,0
YOR120W,649,592,1,3
YOR127W,106,103,NA,0
YOR132W,153,142,2,0
YOR133W,4615,4461,0,2
YOR136W,928,868,15,0
YOR140W,72,67,3,1
YOR142W,537,504,5,0
YOR146W,0,0,0,0
YOR147W,35,35,0,0
YOR150W,131,115,0,1
YOR153W,618,600,7,NA
YOR154W,31,28,0,0
YOR158W,207,198,0,0
YOR160W,124,124,0,0
YOR163W,89,82,0,0
YOR165W,210,198,0,0
YOR168W,948,934,0,0
YOR172W,30,28,2,0
YOR173W,131,109,0,0
YOR174W,59,45,0,0
YOR176W,237,219,0,0
YOR181W,193,186,0,0
YOR184W,532,499,2,0
YOR186W,1,0,1,0
YOR187W,566,529,0,1
YOR188W,89,88,0,NA
YOR189W,117,101,0,0
YOR190W,1,1,0,NA
YOR191W,87,83,2,0
YOR193W,22,21,0,0
YOR195W,177,169,0,0
YOR197W,342,331,0,0
YOR202W,204,182,0,NA
YOR204W,1707,1654,NA,2
YOR206W,453,447,0,0
YOR208W,42,42,NA,0
YOR210W,255,147,2,3
YOR212W,112,108,NA,0
YOR217W,190,179,0,0
YOR220W,270,251,0,0
YOR222W,139,131,0,0
YOR223W,108,103,0,0
YOR227W,106,105,NA,0
YOR229W,55,45,1,0
YOR230W,780,710,1,0
YOR231W,42,38,3,0
YOR232W,501,442,7,0
YOR233W,55,53,NA,0
YOR235W,0,0,0,0
YOR236W,22,20,0,0
YOR237W,0,0,0,0
YOR238W,48,42,0,0
YOR239W,325,318,0,NA
YOR241W,159,154,NA,0
YOR244W,71,64,1,0
YOR247W,833,707,37,NA
YOR252W,157,143,0,0
YOR253W,100,86,0,0
YOR255W,0,0,0,0
YOR257W,99,93,0,0
YOR258W,13,13,0,0
YOR260W,214,197,1,0
YOR262W,33,27,1,0
YOR264W,189,183,0,0
YOR265W,150,109,0,0
YOR266W,45,43,0,0
YOR269W,11,10,0,0
YOR272W,259,241,0,0
YOR274W,67,61,NA,NA
YOR276W,372,310,0,0
YOR278W,39,33,0,0
YOR283W,135,112,0,0
YOR284W,19,16,0,0
YOR285W,335,298,NA,1
YOR286W,303,279,NA,0
YOR289W,47,47,NA,0
YOR291W,83,81,NA,0
YOR293W,1126,818,0,0
YOR294W,263,237,1,1
YOR295W,27,25,0,0
YOR296W,37,35,1,NA
YOR298W,1,1,0,NA
YOR299W,46,45,0,NA
YOR301W,68,65,0,0
YOR303W,936,893,NA,0
YOR304W,98,97,NA,0
YOR305W,31,17,4,NA
YOR314W,0,0,0,0
YOR314W-A,0,0,0,0
YOR315W,64,61,0,0
YOR317W,1063,1027,0,0
YOR319W,34,31,1,0
YOR321W,59,56,0,0
YOR325W,0,0,0,0
YOR326W,336,328,NA,0
YOR328W,7,7,NA,0
YOR332W,729,628,0,0
YOR334W,27,26,NA,0
YOR336W,38,37,0,0
YOR337W,62,59,NA,0
YOR338W,6,5,0,0
YOR341W,707,686,4,1
YOR346W,65,60,1,0
YOR349W,15,15,0,0
YOR352W,59,56,0,0
YOR355W,171,165,2,0
YOR356W,100,92,0,0
YOR358W,27,18,0,0
YOR359W,80,78,0,0
YOR364W,4,4,0,NA
YOR366W,0,0,0,0
YOR367W,91,87,0,0
YOR368W,27,25,0,0
YOR373W,85,84,NA,0
YOR374W,700,658,2,0
YOR376W-A,3,0,2,1
YOR377W,4,3,0,0
YOR378W,2,2,NA,0
YOR380W,25,18,7,0
YOR381W,0,0,0,0
YOR381W-A,7,0,0,7
YOR382W,34,29,0,0
YOR384W,1,1,0,0
YOR385W,61,59,0,0
YOR386W,62,60,0,NA
YOR389W,33,31,0,0
YOR390W,42,40,NA,0
YPL279C,40,40,NA,0
YPL272C,1,1,0,NA
YPL264C,16,16,NA,0
YPL263C,185,172,0,0
YPL261C,0,0,0,0
YPL259C,65,60,0,1
YPL258C,11,3,7,NA
YPL256C,297,281,3,0
YPL253C,43,40,1,0
YPL252C,90,81,0,1
YPL250C,185,150,1,1
YPL249C-A,1374,1158,4,1
YPL249C,131,129,0,0
YPL248C,7,7,0,0
YPL247C,80,79,NA,0
YPL246C,152,136,1,0
YPL244C,22,21,0,0
YPL242C,157,154,NA,2
YPL241C,37,36,0,0
YPL240C,2453,2383,0,1
YPL236C,33,28,1,0
YPL234C,255,211,0,3
YPL227C,53,41,0,0
YPL224C,44,42,NA,0
YPL223C,19,17,NA,0
YPL222C-A,0,0,0,0
YPL217C,249,246,0,NA
YPL214C,74,61,4,0
YPL212C,275,268,1,NA
YPL210C,384,369,0,0
YPL209C,35,28,0,0
YPL206C,201,190,0,0
YPL205C,2,2,NA,0
YPL202C,106,95,0,0
YPL199C,145,124,0,0
YPL197C,0,0,0,0
YPL192C,1,0,0,0
YPL191C,33,31,0,0
YPL190C,698,679,4,0
YPL189C-A,164,117,1,0
YPL186C,51,50,NA,0
YPL184C,148,130,8,0
YPL183C,139,136,0,0
YPL177C,146,131,3,0
YPL176C,152,146,1,0
YPL174C,14,14,NA,0
YPL172C,77,74,0,0
YPL171C,6,6,NA,0
YPL169C,171,164,0,0
YPL167C,11,5,2,NA
YPL165C,0,0,0,0
YPL164C,13,12,0,NA
YPL163C,465,415,1,3
YPL162C,33,28,0,1
YPL161C,38,36,0,NA
YPL159C,105,93,0,0
YPL158C,220,207,0,0
YPL156C,9,7,0,NA
YPL155C,93,89,0,0
YPL154C,835,766,11,0
YPL153C,38,38,NA,0
YPL151C,35,31,0,0
YPL148C,16,11,4,0
YPL146C,223,204,0,0
YPL145C,520,505,1,0
YPL141C,85,82,1,NA
YPL140C,56,50,6,0
YPL139C,68,67,0,0
YPL138C,74,69,0,0
YPL137C,115,113,NA,0
YPL135C-A,0,0,0,0
YPL134C,52,45,0,0
YPL133C,34,31,2,0
YPL128C,81,77,1,1
YPL127C,310,281,0,0
YPL123C,94,89,0,0
YPL122C,55,54,0,0
YPL119C-A,0,0,0,0
YPL119C,30,29,0,NA
YPL117C,479,439,3,0
YPL115C,118,118,NA,0
YPL113C,13,13,0,0
YPL112C,144,136,0,0
YPL110C,194,188,NA,0
YPL109C,21,18,0,0
YPL106C,1971,1914,1,NA
YPL105C,268,264,0,0
YPL103C,49,47,0,0
YPL102C,0,0,0,0
YPL099C,73,70,0,0
YPL098C,191,136,1,0
YPL096C-A,19,14,1,0
YPL095C,19,19,0,0
YPL094C,208,183,0,0
YPL090C,2588,2406,0,1
YPL089C,135,125,3,0
YPL086C,191,176,0,0
YPL083C,46,45,0,0
YPL082C,121,115,NA,0
YPL078C,396,365,2,0
YPL077C,25,24,NA,0
YPL071C,30,16,7,0
YPL069C,28,26,0,0
YPL068C,35,32,0,0
YPL067C,120,109,0,0
YPL064C,50,48,0,0
YPL058C,236,230,NA,0
YPL057C,152,138,1,1
YPL056C,0,0,0,0
YPL055C,110,107,0,0
YPL053C,211,193,1,0
YPL050C,186,167,1,1
YPL049C,215,203,1,0
YPL046C,37,32,0,0
YPL042C,34,28,3,0
YPL041C,17,16,0,0
YPL040C,76,76,NA,0
YPL037C,897,783,0,0
YPL033C,0,0,0,0
YPL032C,159,151,1,0
YPL031C,183,176,0,0
YPL026C,95,91,1,1
YPL025C,1,0,1,0
YPL023C,125,122,2,0
YPL020C,97,93,2,0
YPL019C,107,102,0,0
YPL017C,9,7,NA,NA
YPL015C,34,33,0,0
YPL013C,95,78,0,0
YPL011C,55,45,0,0
YPL009C,332,326,0,0
YPL007C,58,53,0,0
YPL004C,1129,1059,0,0
YPL002C,33,29,0,0
YPR002C-A,13,11,0,NA
YPR003C,46,45,0,0
YPR004C,157,145,0,0
YPR005C,69,65,NA,0
YPR006C,22,22,NA,0
YPR007C,1,1,NA,0
YPR010C,652,615,5,0
YPR010C-A,252,150,1,0
YPR011C,24,23,0,0
YPR013C,30,29,1,0
YPR015C,3,2,NA,0
YPR016C,424,369,7,1
YPR017C,49,46,0,0
YPR021C,34,33,NA,0
YPR022C,109,108,NA,0
YPR023C,98,93,2,1
YPR025C,79,76,0,0
YPR027C,0,0,0,0
YPR029C,158,155,0,0
YPR033C,504,496,NA,0
YPR037C,58,33,0,0
YPR042C,131,130,NA,NA
YPR044C,0,0,0,0
YPR045C,153,142,0,0
YPR049C,61,59,0,0
YPR050C,0,0,0,0
YPR052C,234,184,NA,1
YPR053C,172,164,0,NA
YPR060C,158,143,3,0
YPR061C,8,8,0,0
YPR063C,230,197,1,0
YPR068C,6,5,NA,0
YPR069C,333,295,0,0
YPR073C,107,83,1,0
YPR074C,1118,1056,1,0
YPR075C,81,71,2,1
YPR081C,30,30,NA,NA
YPR082C,46,38,0,0
YPR085C,21,15,6,0
YPR088C,422,390,0,0
YPR091C,86,83,0,0
YPR093C,34,33,0,0
YPR095C,18,17,NA,0
YPR098C,70,63,0,0
YPR102C,1840,1630,0,1
YPR104C,65,64,0,0
YPR105C,72,69,0,0
YPR107C,89,65,1,0
YPR110C,408,377,0,0
YPR112C,346,342,1,NA
YPR120C,96,93,0,0
YPR123C,3,0,2,0
YPR126C,0,0,0,0
YPR128C,60,59,0,0
YPR133C,252,237,0,0
YPR138C,68,52,6,0
YPR139C,76,64,0,0
YPR141C,67,65,0,0
YPR144C,187,177,0,0
YPR145C-A,1,1,0,NA
YPR146C,2,1,NA,NA
YPR148C,314,301,0,0
YPR151C,23,20,0,NA
YPR152C,31,31,0,0
YPR155C,48,44,0,0
YPR156C,263,242,7,0
YPR161C,136,133,1,0
YPR162C,73,63,0,0
YPR163C,1041,964,2,0
YPR166C,179,135,1,0
YPR167C,12,11,NA,0
YPR170C,1,0,0,1
YPR173C,250,232,0,0
YPR174C,39,30,0,0
YPR176C,73,67,NA,0
YPR179C,48,44,0,0
YPR181C,559,538,1,0
YPR186C,36,36,NA,0
YPR188C,92,78,0,0
YPR190C,114,112,0,0
YPR193C,14,10,NA,2
YPR194C,13,13,NA,0
YPR195C,4,2,NA,2
YPR197C,0,0,0,0
YPR199C,34,31,0,0
YPR200C,2,1,NA,0
YPL274W,367,354,0,0
YPL273W,178,160,0,0
YPL271W,249,159,0,0
YPL270W,65,59,0,0
YPL269W,14,12,0,0
YPL268W,20,20,0,0
YPL267W,132,113,0,0
YPL266W,222,192,1,0
YPL265W,422,384,7,2
YPL262W,381,376,NA,0
YPL260W,542,513,5,1
YPL257W,15,13,0,0
YPL255W,21,19,1,0
YPL254W,87,80,0,0
YPL251W,0,0,0,0
YPL245W,41,37,0,0
YPL243W,271,256,0,0
YPL239W,188,161,0,0
YPL237W,544,492,0,0
YPL235W,292,277,0,0
YPL233W,45,38,1,0
YPL232W,305,278,1,0
YPL231W,3318,3291,NA,0
YPL230W,96,94,0,0
YPL229W,84,67,0,0
YPL228W,154,146,0,0
YPL226W,718,670,0,0
YPL225W,428,373,0,0
YPL222W,28,24,1,0
YPL221W,137,128,3,0
YPL220W,2268,2141,0,3
YPL219W,73,72,0,0
YPL218W,352,338,1,0
YPL216W,14,14,NA,NA
YPL215W,193,180,0,1
YPL213W,109,88,0,0
YPL211W,259,224,0,0
YPL208W,65,60,NA,0
YPL207W,150,144,0,0
YPL204W,212,195,1,0
YPL203W,79,76,2,0
YPL200W,0,0,0,0
YPL198W,2177,2120,0,1
YPL196W,60,55,0,0
YPL195W,164,158,0,0
YPL194W,14,14,0,0
YPL193W,72,69,1,0
YPL189W,1,1,0,0
YPL188W,152,138,0,0
YPL187W,1603,1346,15,2
YPL185W,4,4,0,0
YPL183W-A,149,117,1,0
YPL181W,115,108,1,0
YPL180W,155,147,0,0
YPL179W,126,101,5,0
YPL178W,206,182,2,0
YPL175W,64,62,0,0
YPL173W,216,200,1,2
YPL170W,146,136,1,0
YPL168W,29,28,0,0
YPL166W,44,42,0,0
YPL160W,1035,1022,1,0
YPL157W,46,41,1,1
YPL152W,101,84,1,0
YPL150W,48,48,NA,0
YPL149W,16,8,0,0
YPL147W,9,9,NA,0
YPL144W,63,52,0,0
YPL143W,1142,885,0,0
YPL135W,304,269,3,2
YPL132W,36,30,3,0
YPL131W,2917,2715,0,1
YPL129W,260,238,0,0
YPL126W,314,301,0,NA
YPL125W,86,85,0,NA
YPL124W,52,52,0,0
YPL120W,60,59,0,0
YPL118W,270,243,0,0
YPL116W,96,93,NA,0
YPL114W,4,3,1,0
YPL111W,625,574,3,0
YPL108W,46,45,NA,1
YPL107W,41,35,0,0
YPL104W,73,69,0,0
YPL101W,110,104,0,0
YPL100W,58,57,0,0
YPL097W,68,66,0,0
YPL096W,51,50,0,0
YPL093W,365,316,0,3
YPL092W,40,34,1,1
YPL091W,336,321,NA,0
YPL088W,64,56,0,0
YPL087W,142,120,1,0
YPL085W,406,398,NA,0
YPL084W,196,189,0,0
YPL081W,1042,903,0,0
YPL079W,1391,1182,0,0
YPL076W,32,16,2,1
YPL075W,41,40,NA,0
YPL074W,57,55,0,0
YPL072W,24,15,8,0
YPL070W,97,84,1,0
YPL066W,42,41,0,0
YPL065W,55,53,NA,0
YPL063W,297,276,0,0
YPL062W,0,0,0,0
YPL061W,1522,1417,2,1
YPL060W,39,32,1,0
YPL059W,197,161,0,0
YPL054W,7,7,0,NA
YPL052W,54,44,0,0
YPL051W,50,42,0,0
YPL048W,560,529,0,0
YPL047W,23,10,3,0
YPL045W,41,38,0,0
YPL043W,330,320,0,NA
YPL038W,44,39,0,0
YPL036W,317,317,NA,NA
YPL034W,23,8,15,0
YPL030W,94,90,0,0
YPL029W,39,35,0,0
YPL028W,839,779,1,0
YPL027W,0,0,0,0
YPL024W,60,52,0,0
YPL022W,46,41,2,0
YPL018W,23,23,0,0
YPL016W,103,102,NA,0
YPL014W,78,72,0,0
YPL012W,389,382,0,NA
YPL010W,300,266,0,0
YPL008W,30,23,4,0
YPL006W,104,98,0,0
YPL005W,15,15,0,0
YPL003W,27,24,0,0
YPL001W,71,68,0,0
YPR001W,4,4,0,0
YPR002W,53,45,0,0
YPR008W,140,128,3,0
YPR009W,10,10,0,0
YPR012W,0,0,0,0
YPR018W,88,86,0,1
YPR019W,137,133,0,0
YPR020W,311,273,3,0
YPR024W,389,361,3,0
YPR026W,41,41,NA,NA
YPR028W,479,436,0,0
YPR030W,15,14,NA,0
YPR031W,23,22,0,NA
YPR032W,73,71,NA,0
YPR034W,149,142,0,0
YPR035W,1142,1069,2,1
YPR036W,944,911,4,0
YPR036W-A,810,552,14,5
YPR040W,101,96,NA,0
YPR041W,655,593,4,0
YPR043W,1051,735,1,0
YPR046W,17,15,0,0
YPR047W,77,74,0,0
YPR048W,69,65,0,0
YPR051W,138,115,0,0
YPR054W,0,0,0,0
YPR055W,111,107,0,NA
YPR056W,76,66,0,0
YPR057W,17,17,NA,0
YPR058W,81,72,0,0
YPR062W,273,212,0,0
YPR065W,230,214,0,0
YPR066W,16,16,NA,NA
YPR067W,36,33,0,0
YPR070W,43,42,0,0
YPR071W,14,11,0,0
YPR072W,397,368,7,0
YPR079W,66,57,0,0
YPR080W,12425,11848,1,5
YPR083W,29,26,0,0
YPR084W,27,25,1,0
YPR086W,64,57,0,0
YPR087W,0,0,0,0
YPR089W,126,120,0,0
YPR094W,58,35,0,0
YPR097W,171,159,3,0
YPR100W,94,70,0,0
YPR101W,45,41,0,0
YPR103W,364,322,1,0
YPR106W,72,64,0,NA
YPR108W,436,416,4,0
YPR108W-A,1,1,NA,0
YPR109W,38,33,5,NA
YPR111W,55,55,0,0
YPR113W,219,189,0,0
YPR114W,69,59,1,0
YPR115W,44,43,NA,1
YPR116W,8,8,NA,0
YPR117W,11,10,0,NA
YPR118W,188,183,0,0
YPR119W,138,128,3,0
YPR121W,0,0,0,0
YPR122W,27,27,NA,0
YPR124W,71,67,0,1
YPR125W,178,153,1,2
YPR127W,58,54,0,0
YPR129W,364,349,0,0
YPR132W,1811,1461,0,3
YPR133W-A,139,90,0,3
YPR134W,25,20,0,0
YPR135W,109,106,NA,1
YPR137W,173,153,1,0
YPR140W,61,57,2,0
YPR143W,165,135,1,0
YPR145W,1307,1271,0,0
YPR149W,797,635,12,1
YPR150W,6,1,5,NA
YPR153W,16,10,0,0
YPR154W,273,268,0,0
YPR157W,3,3,0,0
YPR158W,101,86,0,0
YPR159W,454,440,2,1
YPR160W,1146,1080,5,0
YPR164W,42,41,0,0
YPR165W,541,485,7,1
YPR169W,119,115,0,0
YPR170W-B,269,219,NA,1
YPR171W,89,86,0,0
YPR172W,104,94,0,0
YPR175W,57,54,0,0
YPR178W,62,58,0,0
YPR180W,91,85,0,0
YPR182W,63,39,3,0
YPR183W,606,560,0,0
YPR184W,239,229,NA,0
YPR185W,52,48,1,0
YPR187W,247,231,0,1
YPR189W,201,199,NA,0
YPR191W,589,523,2,6
YPR192W,1,1,0,0
YPR196W,8,8,0,0
YPR198W,70,65,0,0
YPR201W,2,2,NA,0