trx,cds,utr5,utr3,
YAL067C,4,4,NA,0
YAL063C-A,2,0,2,0
YAL063C,18,17,NA,1
YAL054C,18,17,NA,0
YAL049C,416,361,0,0
YAL047C,70,63,0,0
YAL046C,143,109,0,0
YAL044C,876,738,0,0
YAL043C,402,390,0,0
YAL040C,108,92,9,0
YAL039C,535,473,1,0
YAL037C-A,0,0,0,0
YAL036C,589,545,0,1
YAL034C-B,1,1,NA,0
YAL034C,79,69,9,0
YAL032C,94,88,0,0
YAL031C,88,79,0,0
YAL029C,172,166,NA,0
YAL026C-A,9,8,NA,0
YAL026C,230,229,0,NA
YAL025C,495,465,0,1
YAL024C,62,62,NA,0
YAL023C,993,943,4,1
YAL022C,197,188,0,0
YAL021C,731,685,0,0
YAL020C,50,44,NA,0
YAL018C,1,1,0,0
YAL015C,113,110,NA,0
YAL014C,106,87,1,0
YAL010C,94,89,0,0
YAL007C,373,303,4,0
YAL005C,13658,13330,21,NA
YAL001C,143,141,0,NA
YAR002C-A,483,417,0,0
YAR007C,723,697,0,1
YAR014C,241,236,1,0
YAR018C,175,165,0,0
YAR019C,64,63,NA,0
YAR023C,21,4,17,NA
YAR047C,0,0,0,0
YAL066W,1,1,0,NA
YAL064W-B,15,1,14,0
YAL062W,93,93,NA,0
YAL061W,92,84,0,0
YAL060W,641,577,3,0
YAL059W,229,222,NA,1
YAL058W,73,65,0,0
YAL056W,123,120,0,0
YAL055W,42,39,0,0
YAL053W,1014,949,15,0
YAL051W,155,153,NA,1
YAL047W-A,0,0,0,0
YAL044W-A,178,133,NA,0
YAL042W,461,421,0,0
YAL041W,221,212,1,0
YAL038W,13629,12862,4,9
YAL037W,5,4,NA,NA
YAL035W,2805,2679,0,NA
YAL034W-A,61,53,0,0
YAL033W,130,113,NA,0
YAL030W,218,180,0,0
YAL028W,29,26,1,0
YAL027W,81,73,NA,1
YAL019W,434,426,NA,0
YAL017W,425,410,9,NA
YAL016W,1175,1128,7,0
YAL013W,194,184,0,0
YAL012W,2677,2483,5,0
YAL011W,75,74,NA,0
YAL009W,36,31,NA,0
YAL008W,154,131,0,0
YAL004W,6,0,1,5
YAL003W,3374,3007,0,5
YAL002W,77,74,NA,0
YAR002W,481,464,0,1
YAR003W,83,79,0,0
YAR008W,84,53,9,0
YAR015W,480,417,8,0
YAR019W-A,16,1,NA,14
YAR027W,329,261,8,1
YAR028W,142,133,0,0
YAR029W,2,0,1,0
YAR031W,77,75,NA,0
YAR033W,62,51,0,0
YAR035W,21,18,NA,0
YAR042W,266,263,NA,0
YAR050W,7,7,NA,0
YAR053W,2,0,1,NA
YAR071W,39,38,NA,0
YBL113C,190,180,NA,3
YBL107C,146,138,NA,0
YBL106C,7,7,NA,0
YBL105C,247,241,1,0
YBL104C,104,100,NA,0
YBL103C,241,218,8,1
YBL101C,170,168,NA,0
YBL093C,211,184,1,0
YBL091C-A,86,77,NA,0
YBL091C,757,711,0,0
YBL088C,31,30,NA,0
YBL087C,2409,2116,0,2
YBL086C,104,93,0,0
YBL084C,95,91,NA,0
YBL080C,125,113,0,0
YBL078C,274,218,2,1
YBL076C,2378,2286,0,1
YBL075C,106,101,NA,0
YBL074C,59,53,NA,NA
YBL072C,4418,4094,0,6
YBL071C,1,1,NA,0
YBL070C,13,0,13,NA
YBL067C,91,76,2,NA
YBL066C,112,96,0,0
YBL064C,738,652,0,1
YBL061C,270,262,1,0
YBL059C-A,248,187,0,0
YBL057C,151,134,0,0
YBL055C,140,134,0,1
YBL052C,29,26,2,0
YBL051C,516,486,0,1
YBL047C,1717,1678,11,0
YBL045C,2596,2433,35,2
YBL042C,750,700,0,1
YBL040C,516,411,2,0
YBL039C,1266,1237,NA,1
YBL036C,309,277,0,1
YBL035C,269,262,0,0
YBL034C,147,146,NA,0
YBL033C,359,321,0,0
YBL030C,3812,3433,22,1
YBL029C-A,233,169,3,1
YBL028C,375,304,0,0
YBL023C,336,324,0,0
YBL022C,1039,1007,2,0
YBL021C,86,69,0,0
YBL018C,105,68,8,0
YBL017C,546,537,NA,0
YBL014C,43,34,0,0
YBL010C,128,119,NA,0
YBL007C,1138,1103,1,0
YBL006C,242,213,0,2
YBL003C,2181,1777,3,4
YBL001C,575,496,0,1
YBR001C,294,284,0,0
YBR002C,98,88,0,1
YBR004C,80,77,0,0
YBR007C,150,149,NA,0
YBR008C,7,3,2,2
YBR009C,2281,1781,19,7
YBR011C,2481,2274,0,1
YBR012C,0,0,0,0
YBR013C,0,0,0,0
YBR014C,344,291,0,0
YBR015C,515,472,1,0
YBR017C,656,606,4,0
YBR018C,2,1,0,0
YBR019C,3,3,NA,0
YBR023C,516,506,NA,1
YBR025C,2392,2213,2,1
YBR026C,532,504,NA,0
YBR028C,183,165,10,0
YBR029C,437,376,0,1
YBR034C,618,565,0,1
YBR035C,831,736,0,1
YBR036C,634,583,2,0
YBR037C,271,256,0,0
YBR042C,76,69,0,0
YBR043C,289,242,16,0
YBR044C,110,98,0,0
YBR045C,22,22,NA,0
YBR046C,206,179,0,0
YBR049C,620,605,2,0
YBR050C,5,5,0,0
YBR052C,615,546,18,0
YBR053C,441,409,0,0
YBR055C,186,181,0,0
YBR057C,231,221,0,1
YBR058C,436,429,0,0
YBR058C-A,227,126,3,3
YBR059C,476,454,5,NA
YBR060C,131,119,0,0
YBR061C,343,319,0,0
YBR062C,161,135,0,1
YBR063C,3,2,0,1
YBR065C,287,242,0,NA
YBR066C,61,54,NA,2
YBR067C,1026,895,7,2
YBR068C,1974,1904,8,3
YBR069C,790,760,7,0
YBR070C,79,70,0,0
YBR072C-A,2,0,NA,2
YBR076C-A,23,22,NA,0
YBR077C,289,260,1,NA
YBR079C,2217,2151,0,2
YBR080C,755,733,0,0
YBR081C,220,213,NA,0
YBR082C,1927,1603,13,6
YBR084C-A,3204,2891,0,0
YBR085C-A,1356,1031,0,4
YBR086C,791,742,11,1
YBR088C,893,777,0,0
YBR089C-A,443,332,NA,2
YBR091C,177,139,0,0
YBR092C,1350,1243,0,0
YBR093C,328,317,0,0
YBR095C,236,219,0,1
YBR099C,4,0,4,NA
YBR101C,616,547,0,1
YBR102C,234,228,1,0
YBR103C-A,0,0,0,0
YBR105C,123,115,0,0
YBR107C,19,16,0,1
YBR109C,1307,1095,2,0
YBR111C,637,612,NA,1
YBR112C,1044,1019,NA,0
YBR115C,1487,1472,NA,0
YBR120C,233,194,0,0
YBR121C,1978,1881,10,NA
YBR122C,416,332,3,0
YBR123C,233,220,0,0
YBR125C,111,99,5,0
YBR126C,1997,1873,5,1
YBR127C,2037,1921,2,1
YBR128C,21,20,0,NA
YBR129C,174,159,1,0
YBR130C,324,317,0,0
YBR132C,182,161,4,0
YBR133C,112,112,0,0
YBR138C,224,210,0,1
YBR140C,290,287,NA,0
YBR141C,86,77,0,0
YBR143C,1491,1393,0,1
YBR144C,0,0,0,0
YBR150C,80,80,0,0
YBR154C,669,562,6,1
YBR156C,112,101,2,0
YBR157C,9,8,NA,0
YBR162C,1611,1456,23,0
YBR164C,450,362,11,0
YBR166C,477,437,0,0
YBR167C,82,70,NA,0
YBR169C,617,586,0,1
YBR170C,408,378,0,0
YBR172C,327,303,1,2
YBR173C,618,526,0,0
YBR174C,0,0,0,0
YBR177C,1021,967,0,1
YBR179C,315,302,1,0
YBR181C,4964,4617,1,2
YBR182C,138,133,NA,1
YBR182C-A,0,0,0,0
YBR185C,317,274,0,0
YBR188C,193,150,3,0
YBR193C,175,163,0,0
YBR195C,91,82,0,0
YBR196C,6552,6172,3,4
YBR197C,121,105,0,1
YBR198C,385,365,2,0
YBR201C-A,19,14,0,1
YBR204C,145,134,2,0
YBR208C,240,207,27,0
YBR211C,59,52,0,NA
YBR216C,136,113,1,0
YBR218C,1190,1131,3,0
YBR221C,1291,1187,12,0
YBR222C,496,476,0,0
YBR223C,76,62,0,0
YBR229C,276,264,0,0
YBR230C,555,459,0,0
YBR231C,120,113,0,0
YBR234C,927,875,1,0
YBR236C,325,284,1,0
YBR238C,187,178,NA,NA
YBR239C,116,102,1,0
YBR240C,17,15,NA,0
YBR241C,163,156,0,0
YBR243C,134,125,0,0
YBR245C,597,595,NA,NA
YBR247C,498,455,0,0
YBR248C,622,579,3,0
YBR249C,2341,2223,5,0
YBR254C,99,91,0,1
YBR255C-A,119,78,0,0
YBR256C,437,402,0,1
YBR258C,92,85,0,0
YBR260C,308,298,0,0
YBR261C,323,284,0,0
YBR262C,322,251,0,2
YBR264C,103,93,0,0
YBR269C,404,344,0,0
YBR270C,23,16,6,0
YBR272C,232,221,0,3
YBR273C,315,304,0,0
YBR275C,200,193,NA,NA
YBR276C,58,53,5,0
YBR277C,0,0,0,0
YBR280C,133,126,1,0
YBR281C,228,215,0,0
YBR283C,886,843,8,1
YBR288C,342,322,0,0
YBR291C,91,87,0,0
YBR292C,18,0,18,NA
YBR296C,4,4,0,0
YBR298C,8,4,4,0
YBL102W,252,217,2,0
YBL100W-C,3,0,0,0
YBL099W,4386,4145,86,14
YBL098W,121,119,NA,0
YBL097W,102,94,0,0
YBL095W,84,77,0,0
YBL092W,3225,2755,19,8
YBL090W,332,274,0,1
YBL089W,83,80,0,0
YBL085W,217,215,NA,0
YBL081W,217,199,6,0
YBL079W,342,332,0,NA
YBL071W-A,207,153,0,0
YBL068W,353,320,0,0
YBL063W,45,42,0,NA
YBL060W,91,87,0,0
YBL059W,108,104,NA,0
YBL058W,940,884,0,0
YBL056W,559,523,0,1
YBL054W,190,178,1,0
YBL050W,601,547,1,1
YBL048W,0,0,0,0
YBL046W,163,153,NA,0
YBL043W,93,70,8,0
YBL041W,877,803,1,0
YBL039W-B,39,20,10,0
YBL038W,533,473,0,0
YBL037W,354,340,1,0
YBL032W,399,359,4,0
YBL031W,67,59,0,0
YBL029W,64,63,NA,1
YBL027W,3825,3469,6,5
YBL026W,260,199,3,0
YBL025W,103,80,1,0
YBL024W,1035,947,0,NA
YBL020W,91,84,3,0
YBL019W,41,38,NA,0
YBL016W,306,291,NA,0
YBL015W,336,311,0,0
YBL011W,251,237,1,0
YBL009W,181,169,3,0
YBL008W,84,82,NA,0
YBL005W,41,40,0,0
YBL004W,580,569,NA,0
YBL002W,1768,1407,0,3
YBR003W,310,290,0,0
YBR005W,188,148,2,0
YBR006W,133,122,0,1
YBR010W,3163,2535,3,5
YBR016W,536,460,0,2
YBR020W,0,0,0,0
YBR021W,344,330,1,0
YBR022W,144,127,1,1
YBR024W,157,148,0,NA
YBR030W,47,46,1,0
YBR031W,7046,6626,0,3
YBR033W,89,87,NA,0
YBR038W,588,546,0,3
YBR039W,1720,1608,4,1
YBR041W,251,236,0,0
YBR047W,9,9,0,0
YBR048W,2778,2558,0,4
YBR051W,0,0,0,0
YBR054W,1233,1083,49,3
YBR056W,620,598,0,0
YBR056W-A,354,273,1,0
YBR071W,712,676,7,0
YBR072W,680,599,2,1
YBR073W,642,633,NA,3
YBR074W,248,241,NA,1
YBR076W,2,2,NA,0
YBR078W,4322,3994,43,3
YBR083W,211,195,4,NA
YBR084W,865,846,0,0
YBR085W,7,6,0,0
YBR087W,284,247,0,0
YBR094W,240,225,1,NA
YBR096W,353,295,5,0
YBR097W,103,103,NA,0
YBR098W,61,60,0,1
YBR103W,159,148,3,0
YBR104W,127,112,0,0
YBR106W,797,709,0,1
YBR108W,267,257,0,0
YBR110W,149,139,0,0
YBR111W-A,200,154,1,1
YBR114W,111,105,2,0
YBR118W,22541,21346,0,18
YBR119W,127,114,3,0
YBR131W,54,49,0,0
YBR135W,272,239,2,0
YBR136W,116,113,NA,0
YBR137W,200,187,NA,0
YBR139W,778,745,NA,0
YBR141W-A,13,4,0,0
YBR142W,405,365,1,1
YBR145W,87,77,2,0
YBR146W,419,389,2,0
YBR147W,23,20,1,0
YBR148W,7,7,NA,0
YBR149W,1450,1353,1,0
YBR151W,243,224,2,1
YBR152W,76,72,3,NA
YBR153W,149,139,1,0
YBR155W,230,215,1,0
YBR158W,342,322,10,0
YBR159W,514,445,1,0
YBR160W,547,497,4,0
YBR161W,129,111,1,0
YBR162W-A,421,324,0,2
YBR163W,24,23,0,0
YBR165W,157,125,0,0
YBR168W,49,46,1,NA
YBR171W,331,301,0,1
YBR175W,64,60,NA,0
YBR176W,106,88,0,0
YBR178W,0,0,0,0
YBR183W,307,261,1,1
YBR184W,21,20,NA,1
YBR186W,2,2,0,NA
YBR187W,245,186,7,0
YBR189W,3943,3412,2,3
YBR192W,228,211,2,0
YBR194W,87,69,4,1
YBR199W,504,459,4,0
YBR200W,225,208,4,0
YBR201W,47,37,3,0
YBR202W,338,331,0,0
YBR203W,169,160,1,0
YBR205W,374,351,1,NA
YBR207W,261,243,1,0
YBR210W,102,85,0,0
YBR212W,531,508,11,0
YBR213W,52,46,1,1
YBR214W,714,680,1,0
YBR215W,203,200,0,0
YBR217W,48,24,0,0
YBR225W,161,157,NA,0
YBR228W,23,23,NA,0
YBR230W-A,228,147,1,0
YBR233W,167,158,0,2
YBR233W-A,61,53,0,0
YBR235W,104,100,1,0
YBR237W,73,71,0,0
YBR242W,239,197,9,0
YBR244W,41,34,0,0
YBR246W,156,128,0,0
YBR250W,3,2,1,NA
YBR251W,449,413,0,0
YBR252W,377,312,0,0
YBR253W,115,85,2,0
YBR255W,98,91,0,0
YBR257W,116,106,0,0
YBR259W,57,53,1,0
YBR263W,402,369,0,0
YBR265W,305,281,0,0
YBR267W,333,316,0,0
YBR268W,222,182,0,0
YBR271W,90,78,0,0
YBR274W,112,110,0,0
YBR278W,101,85,0,0
YBR279W,526,494,0,0
YBR282W,535,460,0,0
YBR284W,20,17,3,NA
YBR285W,13,13,NA,0
YBR286W,1891,1808,1,1
YBR287W,445,426,0,1
YBR289W,380,376,0,0
YBR290W,276,258,0,0
YBR293W,17,14,NA,1
YBR294W,3,3,NA,0
YBR295W,74,72,NA,0
YBR297W,84,77,1,0
YBR299W,54,50,2,0
YCL064C,65,61,0,0
YCL061C,511,499,0,NA
YCL059C,1063,924,0,0
YCL057C-A,1005,761,0,0
YCL056C,92,85,NA,0
YCL052C,361,324,0,1
YCL050C,1977,1806,2,0
YCL049C,486,433,0,0
YCL047C,210,186,NA,1
YCL045C,1208,1170,0,0
YCL044C,309,298,0,0
YCL043C,4854,4760,NA,0
YCL041C,288,247,0,NA
YCL038C,191,171,0,0
YCL037C,1654,1558,6,2
YCL035C,1719,1349,0,4
YCL033C,417,393,NA,0
YCL031C,750,677,0,1
YCL030C,2247,2154,0,3
YCL029C,274,251,2,5
YCL026C-B,167,151,0,0
YCL026C-A,4,4,NA,0
YCL025C,2305,2219,0,0
YCL017C,1337,1248,8,0
YCL016C,157,136,0,0
YCL012C,320,225,0,0
YCL011C,750,696,0,2
YCL010C,258,226,0,1
YCL009C,1869,1675,0,1
YCL008C,238,229,NA,1
YCL002C,64,57,0,0
YCR002C,1195,1072,3,0
YCR004C,1488,1328,18,0
YCR005C,2162,2065,0,3
YCR007C,57,37,10,0
YCR009C,1285,1151,2,0
YCR010C,4,3,NA,1
YCR011C,809,778,3,0
YCR014C,21,21,NA,0
YCR015C,221,193,0,0
YCR017C,856,810,0,1
YCR020C,36,33,NA,0
YCR020C-A,308,271,0,2
YCR021C,153,143,0,0
YCR022C,0,0,0,0
YCR023C,234,185,30,0
YCR024C,285,255,0,2
YCR024C-B,6,3,0,2
YCR024C-A,767,397,53,NA
YCR025C,1,1,NA,0
YCR026C,554,513,0,2
YCR027C,264,209,24,0
YCR028C,284,258,12,1
YCR028C-A,1135,954,2,4
YCR030C,1612,1535,7,0
YCR031C,4362,3648,0,9
YCR035C,598,563,0,1
YCR037C,526,514,NA,1
YCR038C,47,47,NA,0
YCR042C,612,598,0,NA
YCR043C,362,311,0,1
YCR044C,170,165,0,0
YCR045C,3,3,0,0
YCR046C,644,553,NA,0
YCR047C,355,311,4,0
YCR054C,381,368,2,0
YCR057C,734,675,0,1
YCR059C,207,182,0,0
YCR064C,3,3,NA,NA
YCR067C,558,538,3,0
YCR071C,521,447,1,1
YCR072C,546,491,0,0
YCR073C,123,122,1,0
YCR075C,103,96,0,0
YCR076C,259,232,0,0
YCR077C,2501,2420,0,0
YCR084C,1646,1499,47,1
YCR087C-A,431,376,0,1
YCR090C,304,237,0,1
YCR092C,238,222,0,1
YCR095C,197,170,1,1
YCR098C,30,30,NA,0
YCR102C,5,5,0,0
YCL063W,323,300,1,0
YCL058W-A,175,130,0,0
YCL057W,1181,1161,0,2
YCL055W,261,248,0,0
YCL054W,1109,1043,0,1
YCL051W,235,218,2,1
YCL048W,12,12,NA,0
YCL040W,5151,4967,NA,2
YCL039W,363,338,0,0
YCL036W,177,165,NA,0
YCL034W,751,700,0,0
YCL032W,325,296,0,0
YCL028W,1657,1584,0,0
YCL027W,26,26,0,0
YCL024W,428,426,0,NA
YCL021W-A,5,5,0,0
YCL018W,425,323,0,1
YCL014W,437,425,0,0
YCL005W-A,620,441,0,1
YCL005W,95,84,0,0
YCL004W,160,132,19,0
YCL001W,599,512,0,0
YCR003W,849,795,0,1
YCR008W,217,188,16,1
YCR012W,16325,15446,8,12
YCR016W,508,481,0,0
YCR019W,208,166,20,0
YCR020W-B,440,285,0,2
YCR032W,175,172,NA,0
YCR033W,222,215,NA,0
YCR034W,1445,1296,0,3
YCR036W,672,637,NA,0
YCR045W-A,22,0,22,0
YCR048W,114,103,0,0
YCR051W,648,583,2,1
YCR052W,707,661,0,0
YCR053W,4309,4039,3,0
YCR061W,448,421,0,1
YCR063W,220,180,0,0
YCR065W,478,441,1,0
YCR066W,168,140,0,0
YCR068W,183,169,6,0
YCR069W,433,388,5,0
YCR073W-A,727,673,0,0
YCR075W-A,201,119,0,0
YCR079W,57,49,1,1
YCR081W,170,166,0,NA
YCR082W,615,485,0,2
YCR083W,275,228,0,0
YCR085W,1,0,1,NA
YCR086W,313,278,1,NA
YCR088W,3608,3484,1,3
YCR089W,30,30,NA,0
YCR091W,172,162,1,0
YCR093W,1265,1249,0,0
YCR094W,343,318,2,0
YCR095W-A,21,0,17,4
YCR097W,0,0,0,0
YCR105W,16,13,NA,0
YCR106W,115,113,0,NA
YCR107W,33,26,NA,2
YDL243C,23,18,4,1
YDL239C,3,3,NA,0
YDL238C,79,73,1,0
YDL235C,295,251,1,1
YDL234C,411,387,11,0
YDL231C,17,15,NA,0
YDL227C,115,108,NA,0
YDL226C,846,781,0,0
YDL224C,357,334,11,0
YDL222C,72,69,NA,NA
YDL220C,76,75,NA,0
YDL217C,320,258,3,0
YDL216C,59,56,NA,0
YDL215C,555,541,NA,0
YDL214C,7,6,1,0
YDL213C,382,339,0,2
YDL211C,35,30,0,0
YDL209C,88,82,0,0
YDL205C,190,167,1,0
YDL203C,184,169,5,0
YDL200C,60,50,NA,0
YDL199C,68,61,0,0
YDL198C,620,531,0,0
YDL197C,34,33,0,0
YDL190C,575,513,12,0
YDL188C,338,323,3,0
YDL187C,9,0,9,NA
YDL184C,1865,563,0,4
YDL183C,63,57,0,0
YDL177C,32,24,1,0
YDL175C,219,198,0,0
YDL174C,592,551,0,NA
YDL171C,885,865,4,NA
YDL169C,32,31,NA,0
YDL167C,252,231,1,0
YDL166C,232,194,2,0
YDL164C,294,283,0,7
YDL160C-A,69,48,0,0
YDL160C,1903,1779,31,4
YDL157C,281,237,0,0
YDL153C,425,416,0,0
YDL148C,641,625,0,NA
YDL145C,1138,1084,12,0
YDL144C,158,145,0,0
YDL142C,86,78,0,0
YDL140C,762,749,NA,0
YDL139C,74,67,NA,0
YDL135C,375,323,1,0
YDL134C,520,474,9,0
YDL133C-A,1951,563,0,17
YDL126C,3509,3384,0,0
YDL125C,529,486,NA,0
YDL121C,286,235,0,0
YDL119C,138,128,0,0
YDL115C,145,131,0,0
YDL113C,187,182,0,0
YDL111C,280,253,4,0
YDL110C,587,503,2,6
YDL109C,22,20,NA,1
YDL106C,246,234,0,0
YDL104C,69,65,0,0
YDL103C,683,630,0,0
YDL101C,219,209,0,0
YDL100C,1338,1228,0,2
YDL098C,53,52,0,0
YDL097C,1324,1272,0,0
YDL094C,2,0,2,0
YDL091C,134,122,3,0
YDL090C,69,66,0,0
YDL088C,282,277,0,0
YDL087C,85,78,0,0
YDL086C-A,0,0,0,0
YDL085C-A,123,94,1,0
YDL083C,2243,1818,0,2
YDL081C,2053,1596,20,2
YDL080C,79,74,NA,0
YDL079C,25,25,NA,0
YDL078C,787,713,2,0
YDL077C,117,112,NA,0
YDL076C,137,112,11,0
YDL074C,367,353,0,0
YDL072C,972,792,2,0
YDL069C,43,36,0,0
YDL067C,703,402,1,5
YDL065C,447,402,0,0
YDL063C,227,208,1,0
YDL061C,1213,702,0,4
YDL059C,31,28,0,NA
YDL055C,4676,4272,60,6
YDL054C,116,106,0,0
YDL053C,353,286,10,1
YDL052C,279,246,0,0
YDL049C,36,32,1,0
YDL048C,94,90,0,0
YDL045C,142,132,1,1
YDL044C,173,155,0,0
YDL043C,198,169,0,0
YDL042C,156,141,0,0
YDL040C,901,856,0,0
YDL039C,31,30,NA,0
YDL036C,110,104,NA,0
YDL035C,101,98,NA,0
YDL033C,39,38,0,0
YDL028C,179,169,5,0
YDL027C,133,100,7,1
YDL025C,177,160,5,1
YDL024C,7,7,NA,0
YDL020C,501,464,1,0
YDL019C,409,406,NA,0
YDL018C,177,158,0,0
YDL015C,767,684,0,NA
YDL012C,401,348,0,0
YDL009C,0,0,0,0
YDL005C,309,291,1,0
YDL002C,200,185,2,0
YDR001C,1217,1202,NA,0
YDR005C,197,183,1,0
YDR006C,252,247,0,0
YDR008C,10,9,NA,1
YDR010C,2,0,2,0
YDR016C,73,57,0,1
YDR017C,285,276,NA,0
YDR018C,26,26,NA,0
YDR019C,827,780,NA,1
YDR020C,117,110,NA,0
YDR022C,52,47,0,0
YDR026C,66,60,5,0
YDR027C,142,133,2,0
YDR028C,736,721,NA,0
YDR030C,40,37,0,0
YDR032C,1296,1134,4,0
YDR034C,155,151,1,0
YDR036C,223,213,0,0
YDR038C,585,568,NA,0
YDR042C,2,2,NA,0
YDR045C,210,140,13,0
YDR046C,963,893,17,0
YDR048C,3,0,3,0
YDR050C,6928,6311,5,12
YDR051C,210,195,0,0
YDR052C,242,222,1,1
YDR054C,533,502,3,4
YDR056C,269,223,0,0
YDR058C,71,65,0,0
YDR059C,290,245,0,0
YDR066C,45,36,1,0
YDR067C,128,103,6,0
YDR069C,172,166,NA,0
YDR070C,28,25,1,0
YDR071C,801,631,12,2
YDR072C,369,350,3,0
YDR078C,23,22,0,0
YDR079C-A,75,47,0,1
YDR081C,163,155,0,0
YDR084C,190,148,0,1
YDR085C,145,142,NA,0
YDR086C,610,404,17,5
YDR087C,508,473,0,0
YDR088C,160,152,1,1
YDR090C,118,95,7,1
YDR091C,1097,1032,2,1
YDR097C,357,343,1,0
YDR098C,705,684,NA,0
YDR101C,807,772,0,0
YDR104C,48,48,NA,0
YDR105C,176,166,0,1
YDR107C,71,66,0,1
YDR109C,99,88,NA,0
YDR111C,158,151,0,0
YDR113C,237,222,0,0
YDR116C,447,422,0,0
YDR117C,266,241,0,0
YDR120C,434,428,NA,0
YDR123C,111,101,1,0
YDR125C,29,29,NA,0
YDR129C,2285,2201,0,1
YDR130C,198,177,0,0
YDR131C,64,62,0,0
YDR132C,40,37,1,0
YDR133C,925,12,828,2
YDR135C,779,773,NA,0
YDR139C,139,101,0,1
YDR141C,402,397,NA,NA
YDR142C,67,48,1,0
YDR143C,286,269,3,0
YDR144C,197,181,3,0
YDR146C,539,532,NA,0
YDR148C,1312,1253,0,2
YDR151C,231,214,3,0
YDR153C,602,577,4,1
YDR162C,277,237,2,0
YDR164C,188,164,2,0
YDR166C,321,314,NA,0
YDR169C,307,280,7,0
YDR170C,1205,1180,NA,2
YDR173C,78,72,1,NA
YDR175C,467,418,1,0
YDR179C,71,67,0,0
YDR181C,132,124,0,0
YDR185C,46,38,1,0
YDR186C,242,236,1,0
YDR190C,936,892,2,0
YDR192C,199,189,2,0
YDR194C,737,697,0,0
YDR196C,184,174,NA,0
YDR198C,105,90,0,0
YDR200C,96,89,0,0
YDR202C,117,115,0,0
YDR207C,118,114,1,NA
YDR215C,5,3,0,2
YDR217C,136,136,0,NA
YDR218C,2,2,NA,0
YDR219C,231,223,NA,0
YDR224C,2467,2001,3,3
YDR228C,206,195,0,0
YDR231C,268,233,0,0
YDR233C,1531,1416,0,0
YDR236C,98,94,0,0
YDR238C,1730,1680,0,0
YDR239C,145,140,0,0
YDR240C,82,68,0,0
YDR243C,140,137,0,0
YDR248C,158,126,7,0
YDR249C,30,27,2,0
YDR253C,22,15,0,0
YDR255C,88,86,0,2
YDR256C,7,7,NA,0
YDR257C,260,244,0,1
YDR258C,2486,2387,0,0
YDR259C,31,24,6,0
YDR260C,205,171,0,0
YDR261C,168,165,0,0
YDR263C,33,28,3,0
YDR264C,424,402,0,0
YDR266C,458,444,5,0
YDR267C,118,104,1,0
YDR271C,7,7,NA,0
YDR274C,0,0,0,0
YDR276C,781,514,2,7
YDR277C,288,263,5,0
YDR281C,0,0,0,0
YDR282C,71,62,0,2
YDR283C,196,187,NA,0
YDR284C,313,275,7,1
YDR286C,46,42,NA,1
YDR289C,263,254,0,1
YDR292C,321,298,1,0
YDR293C,945,895,16,NA
YDR294C,535,515,0,0
YDR295C,171,155,3,0
YDR298C,1119,991,17,4
YDR300C,242,199,1,0
YDR303C,218,207,2,0
YDR304C,807,706,1,2
YDR305C,141,130,NA,0
YDR306C,129,109,5,0
YDR308C,219,164,4,0
YDR309C,874,801,4,0
YDR310C,243,235,0,0
YDR313C,78,69,0,0
YDR314C,39,32,1,0
YDR315C,30,27,0,0
YDR319C,113,88,9,0
YDR320C,418,403,0,0
YDR320C-A,131,95,NA,1
YDR322C-A,591,502,0,3
YDR323C,45,43,0,0
YDR324C,598,596,NA,0
YDR326C,262,256,NA,0
YDR328C,784,640,3,1
YDR329C,200,188,0,0
YDR333C,301,289,0,0
YDR338C,76,73,0,0
YDR339C,349,297,0,0
YDR341C,1676,1623,0,0
YDR342C,6407,6172,17,8
YDR343C,6267,6040,17,3
YDR345C,3224,3131,0,1
YDR346C,563,495,2,0
YDR348C,348,328,6,1
YDR349C,234,209,5,0
YDR350C,99,86,4,0
YDR357C,132,111,6,0
YDR359C,134,121,9,0
YDR361C,390,329,0,2
YDR362C,113,103,0,0
YDR364C,100,92,0,0
YDR365C,656,624,0,0
YDR366C,5,5,0,NA
YDR369C,70,67,NA,0
YDR370C,61,56,0,0
YDR372C,488,432,12,0
YDR375C,163,141,0,0
YDR378C,209,150,0,0
YDR379C-A,98,68,0,2
YDR381C-A,153,129,NA,0
YDR383C,78,62,0,0
YDR384C,262,227,1,0
YDR387C,54,29,22,0
YDR390C,326,305,0,0
YDR391C,283,254,0,0
YDR397C,279,226,9,2
YDR402C,3,2,NA,0
YDR404C,232,188,7,0
YDR407C,175,164,0,0
YDR408C,293,270,0,0
YDR410C,62,49,0,0
YDR411C,360,316,0,1
YDR414C,76,67,0,0
YDR415C,199,176,0,0
YDR422C,192,184,0,0
YDR423C,200,198,NA,0
YDR424C,204,154,0,0
YDR426C,1,1,NA,0
YDR428C,87,84,0,0
YDR429C,1418,1269,0,2
YDR430C,501,486,0,0
YDR435C,100,89,0,0
YDR441C,138,109,4,1
YDR443C,76,72,NA,2
YDR445C,23,23,NA,0
YDR447C,3067,2446,0,7
YDR449C,342,325,0,0
YDR451C,489,450,2,0
YDR453C,36,26,0,0
YDR454C,668,629,0,1
YDR458C,321,298,0,0
YDR459C,24,20,0,0
YDR461C-A,93,60,0,0
YDR465C,365,334,0,0
YDR468C,239,215,1,0
YDR470C,224,189,0,0
YDR473C,135,128,0,0
YDR475C,110,102,1,0
YDR476C,212,189,0,0
YDR479C,134,127,0,0
YDR481C,302,277,2,0
YDR482C,49,38,0,0
YDR485C,217,211,0,0
YDR486C,285,253,0,1
YDR487C,599,545,0,1
YDR488C,50,48,NA,1
YDR490C,189,180,1,0
YDR495C,134,125,NA,0
YDR496C,993,953,0,0
YDR497C,1624,1527,6,1
YDR498C,145,137,0,0
YDR500C,1616,1200,0,1
YDR502C,2578,2352,2,7
YDR503C,72,63,0,0
YDR504C,3,1,NA,1
YDR505C,529,500,15,NA
YDR506C,67,62,0,3
YDR507C,714,708,NA,0
YDR508C,2034,1930,2,0
YDR510C-A,0,0,0,0
YDR512C,103,100,NA,0
YDR514C,153,150,0,0
YDR516C,552,525,0,1
YDR520C,59,57,0,0
YDR522C,1,1,NA,0
YDR523C,2,2,NA,0
YDR524C,85,78,3,0
YDR524C-B,2823,1786,15,19
YDR524C-A,2,0,0,2
YDR529C,1256,1042,0,4
YDR530C,75,72,NA,0
YDR532C,96,87,0,0
YDR533C,621,517,0,0
YDR534C,0,0,0,0
YDR535C,2,0,NA,2
YDR540C,16,14,0,0
YDR541C,21,19,0,0
YDL248W,621,573,0,2
YDL244W,46,41,NA,1
YDL242W,2,0,NA,2
YDL241W,54,51,0,0
YDL240W,81,78,NA,0
YDL237W,229,207,0,0
YDL236W,600,520,0,1
YDL233W,168,155,0,0
YDL232W,111,35,0,0
YDL230W,66,60,0,0
YDL229W,8131,7837,3,2
YDL225W,487,453,1,0
YDL221W,0,0,0,0
YDL219W,236,190,1,0
YDL218W,9,7,0,0
YDL212W,603,505,0,1
YDL210W,9,8,NA,0
YDL208W,857,702,6,0
YDL207W,92,84,0,1
YDL206W,39,26,9,0
YDL204W,537,468,38,0
YDL202W,373,319,0,1
YDL201W,322,285,0,0
YDL195W,1518,1474,1,1
YDL194W,23,23,NA,0
YDL193W,286,245,3,1
YDL192W,1650,1455,1,4
YDL191W,2763,2277,0,4
YDL189W,153,147,0,0
YDL185W,5154,5056,3,4
YDL182W,1212,1171,0,0
YDL181W,519,379,3,0
YDL180W,61,53,1,0
YDL179W,242,213,0,0
YDL178W,487,470,0,0
YDL176W,65,52,7,0
YDL173W,618,596,NA,NA
YDL170W,100,86,NA,0
YDL168W,941,863,1,0
YDL165W,250,213,2,0
YDL161W,495,472,0,0
YDL159W,123,113,1,0
YDL156W,69,66,1,NA
YDL155W,160,155,2,0
YDL154W,7,7,NA,0
YDL150W,309,296,2,NA
YDL149W,86,86,NA,0
YDL147W,1481,1367,1,0
YDL146W,37,30,3,0
YDL143W,1226,1150,0,0
YDL141W,223,210,3,1
YDL138W,25,19,3,0
YDL137W,925,788,18,4
YDL136W,2575,2206,1,1
YDL133W,127,110,11,0
YDL132W,545,516,16,NA
YDL131W,1514,1429,2,0
YDL130W-A,473,374,0,2
YDL130W,2265,1717,0,6
YDL129W,14,12,0,0
YDL128W,614,575,0,1
YDL127W,110,92,0,5
YDL124W,1886,1687,6,3
YDL123W,108,77,0,2
YDL122W,497,480,9,NA
YDL120W,288,247,1,0
YDL117W,245,230,3,0
YDL116W,303,288,0,0
YDL114W,1,1,NA,0
YDL112W,471,467,NA,0
YDL108W,129,116,0,0
YDL107W,129,121,0,0
YDL105W,73,64,0,1
YDL102W,296,279,1,0
YDL099W,369,344,0,0
YDL095W,928,873,0,0
YDL093W,115,108,0,0
YDL092W,398,334,0,0
YDL089W,84,74,6,0
YDL086W,968,889,NA,0
YDL085W,9,9,0,0
YDL084W,1865,1721,18,0
YDL082W,2611,2303,0,8
YDL075W,2459,2002,7,1
YDL073W,64,55,6,0
YDL070W,297,280,0,0
YDL068W,2,2,NA,0
YDL066W,748,697,0,0
YDL064W,301,242,0,1
YDL060W,441,427,0,NA
YDL058W,241,234,0,0
YDL057W,77,61,0,0
YDL056W,173,168,NA,1
YDL051W,654,617,0,0
YDL046W,559,462,1,0
YDL045W-A,286,202,0,2
YDL041W,0,0,0,0
YDL032W,0,0,0,0
YDL031W,450,442,0,0
YDL030W,85,77,0,0
YDL029W,1080,1011,0,0
YDL025W-A,0,0,0,0
YDL022W,3788,3577,16,3
YDL021W,123,100,0,0
YDL017W,132,123,NA,0
YDL014W,2662,2403,34,1
YDL013W,113,109,0,0
YDL010W,270,235,0,0
YDL008W,168,151,0,0
YDL007W,1020,930,0,2
YDL006W,143,128,7,0
YDL004W,988,808,1,1
YDL003W,284,275,NA,0
YDL001W,209,192,0,0
YDR002W,1748,1572,0,1
YDR003W-A,0,0,0,0
YDR004W,45,43,NA,0
YDR007W,44,31,0,0
YDR009W,34,33,0,0
YDR011W,660,623,11,0
YDR012W,7138,6798,0,1
YDR013W,104,90,0,0
YDR014W,68,66,0,0
YDR014W-A,3,2,NA,0
YDR021W,93,88,1,0
YDR023W,2716,2542,0,0
YDR024W,6,2,NA,NA
YDR025W,3440,3113,NA,1
YDR031W,282,232,0,0
YDR033W,3421,3069,81,3
YDR034W-B,173,125,0,0
YDR035W,1240,1116,0,1
YDR037W,3899,3721,0,0
YDR041W,301,260,0,0
YDR044W,195,179,0,0
YDR047W,342,319,3,1
YDR049W,194,188,0,0
YDR055W,3317,3160,1,6
YDR057W,130,125,0,0
YDR060W,882,849,0,0
YDR061W,235,222,0,0
YDR062W,605,561,5,1
YDR063W,188,158,6,0
YDR064W,3263,2797,0,4
YDR065W,45,42,2,0
YDR068W,223,213,1,NA
YDR073W,142,98,36,NA
YDR074W,1727,1639,11,NA
YDR075W,84,76,0,0
YDR076W,76,47,0,25
YDR077W,20830,19489,47,43
YDR079W,173,124,0,1
YDR080W,202,200,0,NA
YDR082W,18,9,2,1
YDR083W,370,350,0,0
YDR089W,252,247,0,0
YDR092W,435,359,0,0
YDR093W,195,188,1,NA
YDR096W,298,291,NA,0
YDR099W,1886,1650,34,3
YDR100W,270,223,0,1
YDR103W,185,180,NA,0
YDR106W,14,14,NA,0
YDR108W,114,107,0,0
YDR110W,98,87,0,0
YDR115W,290,242,0,2
YDR118W,69,68,0,NA
YDR119W,440,408,4,0
YDR119W-A,134,99,1,0
YDR121W,233,199,2,1
YDR122W,332,327,NA,0
YDR124W,34,7,27,0
YDR126W,33,27,2,NA
YDR127W,2555,2483,0,2
YDR128W,92,89,NA,0
YDR137W,127,115,0,0
YDR138W,153,146,0,0
YDR140W,157,120,0,0
YDR145W,640,608,0,0
YDR147W,128,126,0,0
YDR150W,1178,1166,0,0
YDR152W,410,367,0,0
YDR158W,2022,1902,0,1
YDR159W,87,82,1,NA
YDR160W,37,33,3,NA
YDR161W,376,361,0,0
YDR163W,160,143,NA,0
YDR165W,486,449,1,1
YDR167W,256,225,0,0
YDR168W,929,878,0,0
YDR171W,924,853,1,0
YDR172W,2193,2119,0,0
YDR174W,1048,954,0,3
YDR176W,173,164,0,0
YDR177W,791,690,12,0
YDR178W,531,439,7,1
YDR179W-A,57,53,2,0
YDR180W,79,74,2,NA
YDR182W,278,274,0,0
YDR183W,114,97,1,0
YDR188W,924,861,0,2
YDR189W,419,407,0,0
YDR191W,85,73,0,0
YDR195W,287,279,2,0
YDR197W,136,131,0,0
YDR201W,88,81,NA,0
YDR204W,202,189,0,0
YDR205W,129,121,0,0
YDR206W,330,302,15,NA
YDR208W,353,333,6,0
YDR210W,531,408,0,0
YDR211W,505,462,0,0
YDR212W,992,922,3,2
YDR213W,193,187,2,0
YDR214W,1848,1693,8,0
YDR216W,671,653,NA,1
YDR221W,201,194,0,0
YDR222W,139,130,0,0
YDR223W,4,0,4,NA
YDR225W,2453,1962,13,12
YDR226W,1786,1579,0,2
YDR227W,225,212,1,0
YDR229W,215,195,5,0
YDR232W,587,553,7,3
YDR234W,362,353,0,0
YDR235W,148,135,NA,0
YDR237W,310,274,1,0
YDR241W,12,12,NA,0
YDR242W,57,39,14,0
YDR244W,304,295,0,0
YDR245W,307,292,1,2
YDR246W,162,133,0,0
YDR247W,81,71,3,0
YDR251W,340,316,9,NA
YDR252W,70,61,0,0
YDR254W,61,55,0,0
YDR262W,307,287,0,0
YDR265W,83,57,18,0
YDR268W,140,131,0,0
YDR270W,95,92,NA,0
YDR272W,574,494,2,0
YDR273W,4,4,0,NA
YDR275W,31,27,1,0
YDR279W,105,89,0,0
YDR280W,284,252,7,0
YDR285W,33,30,NA,1
YDR287W,141,124,0,0
YDR288W,96,91,NA,0
YDR291W,80,73,NA,0
YDR296W,438,390,0,0
YDR297W,317,306,0,0
YDR299W,509,477,0,0
YDR301W,150,139,0,1
YDR302W,169,141,0,0
YDR307W,246,233,0,0
YDR311W,182,173,0,0
YDR312W,318,291,0,0
YDR316W,310,291,0,0
YDR317W,11,11,0,0
YDR318W,50,48,0,0
YDR320W-B,0,0,0,0
YDR321W,883,827,0,0
YDR322W,518,468,0,0
YDR325W,120,114,NA,0
YDR330W,221,209,0,1
YDR331W,323,275,0,1
YDR332W,24,20,0,0
YDR334W,68,65,3,0
YDR335W,434,426,NA,0
YDR336W,34,30,NA,0
YDR337W,321,281,1,0
YDR347W,346,320,3,0
YDR351W,259,257,NA,NA
YDR352W,183,170,7,0
YDR353W,1362,1259,1,0
YDR354W,290,264,5,0
YDR356W,273,268,0,0
YDR358W,433,412,0,1
YDR363W,96,89,5,0
YDR363W-A,426,321,0,2
YDR367W,162,134,1,0
YDR368W,686,613,1,1
YDR371W,112,107,1,0
YDR374W-A,120,99,0,0
YDR376W,138,128,0,0
YDR377W,862,613,1,3
YDR379W,211,201,1,0
YDR380W,664,617,8,3
YDR381W,1283,1205,0,2
YDR382W,2434,1932,31,4
YDR385W,10000,9646,2,1
YDR386W,101,101,0,0
YDR388W,1326,1239,0,0
YDR389W,187,181,NA,1
YDR392W,127,114,1,0
YDR393W,107,98,0,1
YDR394W,748,680,1,0
YDR395W,944,893,7,2
YDR396W,0,0,0,0
YDR398W,481,461,0,0
YDR399W,370,339,0,1
YDR401W,2,1,NA,1
YDR403W,18,17,NA,1
YDR405W,433,375,3,3
YDR406W,137,135,NA,NA
YDR409W,70,66,NA,0
YDR412W,266,224,2,0
YDR416W,106,101,0,0
YDR418W,3087,2622,5,3
YDR419W,72,67,0,1
YDR420W,314,310,NA,0
YDR421W,74,72,1,0
YDR425W,112,107,NA,0
YDR427W,852,784,0,0
YDR434W,253,223,3,0
YDR436W,204,202,0,0
YDR438W,1,0,1,0
YDR439W,60,55,0,0
YDR440W,97,90,0,0
YDR442W,0,0,0,0
YDR444W,80,75,2,0
YDR446W,2,2,NA,NA
YDR448W,251,232,0,0
YDR450W,2900,2514,0,4
YDR452W,340,296,11,1
YDR456W,239,218,0,0
YDR457W,641,620,3,0
YDR460W,185,168,1,0
YDR461W,1,1,0,0
YDR462W,464,377,1,1
YDR463W,619,567,1,0
YDR464W,153,148,0,NA
YDR466W,146,133,0,0
YDR469W,179,160,0,0
YDR471W,1937,1654,0,4
YDR472W,167,145,1,0
YDR477W,667,634,9,0
YDR478W,85,66,0,0
YDR483W,565,511,0,0
YDR484W,157,147,0,0
YDR489W,107,97,0,1
YDR492W,217,184,4,0
YDR493W,291,210,1,0
YDR494W,493,475,0,1
YDR499W,60,58,0,NA
YDR501W,51,50,0,1
YDR510W,623,498,1,0
YDR511W,221,202,NA,0
YDR513W,609,556,0,1
YDR515W,237,217,1,0
YDR517W,210,177,0,0
YDR518W,239,223,0,0
YDR519W,318,278,0,1
YDR525W-A,516,370,0,3
YDR527W,123,121,0,0
YDR528W,57,43,10,0
YDR531W,198,167,2,0
YDR536W,74,68,NA,0
YDR538W,61,53,0,0
YDR539W,376,346,0,0
YEL073C,121,100,0,0
YEL068C,37,35,0,0
YEL064C,63,60,0,0
YEL063C,104,52,6,1
YEL061C,154,148,2,NA
YEL060C,3326,3209,0,1
YEL059C-A,54,37,0,0
YEL057C,6,6,NA,0
YEL055C,467,452,0,0
YEL054C,2633,2255,1,3
YEL053C,111,106,1,0
YEL050C,523,490,3,0
YEL048C,70,61,NA,1
YEL047C,571,543,0,NA
YEL046C,2310,2161,NA,8
YEL039C,256,192,1,0
YEL037C,726,665,8,0
YEL036C,318,299,1,0
YEL034C-A,0,0,0,0
YEL029C,115,97,1,0
YEL025C,41,37,NA,0
YEL023C,5,3,2,NA
YEL017C-A,440,236,1,0
YEL016C,40,32,7,0
YEL009C-A,3,3,NA,0
YEL009C,602,197,383,0
YEL008C-A,4,0,NA,3
YEL005C,66,55,0,0
YEL002C,771,708,1,0
YEL001C,536,482,0,1
YER003C,1358,1275,0,0
YER007C-A,525,461,0,3
YER008C,307,290,0,0
YER010C,120,112,0,0
YER017C,429,413,NA,0
YER018C,117,105,2,0
YER019C-A,382,306,2,3
YER023C-A,0,0,0,0
YER026C,1475,1334,0,1
YER027C,421,392,1,0
YER028C,6,6,0,0
YER029C,203,168,1,0
YER031C,615,543,1,0
YER033C,68,67,NA,0
YER036C,1490,1406,0,0
YER038C,17,16,0,0
YER039C,1,1,NA,0
YER043C,5744,5331,0,2
YER044C,334,276,0,0
YER044C-A,3,3,NA,NA
YER045C,132,122,6,0
YER047C,161,158,NA,0
YER048C,701,657,1,1
YER050C,495,408,21,3
YER052C,1068,1004,0,0
YER053C,551,506,6,1
YER053C-A,559,258,0,12
YER054C,124,121,NA,0
YER055C,1052,943,0,0
YER056C,1490,1375,15,1
YER056C-A,2523,2009,0,0
YER057C,559,413,4,1
YER061C,73,67,0,0
YER062C,1273,1112,3,3
YER064C,598,556,2,0
YER065C,23,9,13,1
YER071C,167,126,0,0
YER075C,113,105,3,0
YER076C,26,23,0,0
YER077C,416,411,NA,1
YER078C,139,125,3,0
YER082C,466,431,0,0
YER083C,510,467,0,0
YER085C,0,0,0,0
YER087C-B,305,197,1,5
YER088C,406,389,2,2
YER088C-A,23,16,NA,0
YER089C,497,429,32,NA
YER091C,3906,3700,5,3
YER093C,97,97,NA,0
YER093C-A,80,57,0,0
YER094C,638,548,8,1
YER099C,365,336,0,0
YER101C,190,169,0,1
YER105C,381,365,0,0
YER107C,250,211,2,0
YER109C,55,52,NA,NA
YER110C,813,778,4,0
YER111C,190,173,10,NA
YER113C,91,82,1,0
YER114C,333,328,NA,0
YER115C,12,7,4,0
YER116C,135,121,NA,5
YER118C,249,232,3,0
YER119C,172,154,0,0
YER122C,810,769,0,0
YER124C,1006,980,1,0
YER126C,638,567,1,0
YER130C,247,231,1,1
YER132C,56,53,NA,0
YER134C,280,243,0,1
YER137C,69,56,0,1
YER139C,160,137,0,1
YER142C,35,28,0,0
YER144C,85,85,0,0
YER145C,322,303,0,0
YER147C,96,94,0,NA
YER149C,112,104,0,2
YER151C,547,528,0,0
YER152C,148,125,0,0
YER155C,406,398,NA,0
YER156C,652,621,0,0
YER158C,50,50,NA,0
YER159C,402,299,45,1
YER161C,166,153,1,0
YER162C,131,124,0,0
YER163C,199,185,0,0
YER168C,297,287,NA,0
YER172C,484,465,0,0
YER174C,168,154,NA,0
YER175C,235,219,0,0
YER180C,0,0,0,0
YER180C-A,78,59,0,0
YER181C,2,1,1,0
YER183C,111,101,NA,0
YER184C,22,22,NA,0
YER186C,16,3,13,0
YER188C-A,0,0,0,0
YEL072W,11,6,4,0
YEL071W,1596,1510,0,0
YEL070W,26,25,NA,0
YEL066W,218,209,NA,0
YEL065W,435,395,0,0
YEL062W,72,67,0,0
YEL058W,860,801,0,1
YEL056W,167,157,0,NA
YEL052W,195,182,0,0
YEL051W,702,629,1,0
YEL049W,12,4,8,0
YEL044W,105,101,NA,0
YEL043W,144,136,0,0
YEL042W,382,343,5,0
YEL041W,84,71,7,NA
YEL040W,1181,1130,0,1
YEL038W,183,170,0,0
YEL034W,4169,3579,17,3
YEL033W,8,5,NA,NA
YEL032W,320,295,1,0
YEL031W,1103,1045,0,0
YEL030W,30,30,NA,0
YEL028W,4,0,4,0
YEL027W,1975,1675,8,2
YEL026W,910,734,12,1
YEL024W,1407,1203,19,3
YEL022W,330,327,NA,0
YEL021W,2825,2529,6,3
YEL020W-A,610,468,0,5
YEL018W,90,87,NA,0
YEL017W,235,227,0,0
YEL015W,567,534,0,0
YEL013W,691,650,9,0
YEL012W,128,112,2,0
YEL011W,420,390,0,1
YEL008W,2,0,NA,2
YEL007W,309,298,NA,0
YEL006W,106,83,1,1
YEL004W,68,62,0,0
YEL003W,283,243,NA,0
YER001W,775,729,3,1
YER002W,619,530,0,1
YER004W,331,307,0,1
YER005W,91,82,0,0
YER006W,933,821,0,0
YER007W,43,35,0,0
YER009W,1154,980,0,1
YER011W,6,5,0,0
YER012W,609,520,1,0
YER013W,174,170,NA,0
YER014W,147,135,0,0
YER015W,66,65,NA,0
YER016W,167,165,NA,0
YER019W,173,168,NA,0
YER020W,228,206,2,1
YER021W,1004,958,1,2
YER022W,251,239,0,0
YER023W,838,730,0,2
YER024W,48,48,NA,0
YER025W,1836,1760,2,0
YER030W,395,325,0,0
YER032W,244,233,1,0
YER034W,181,163,0,0
YER035W,645,552,4,0
YER037W,45,42,0,0
YER038W-A,3,0,2,0
YER040W,139,133,1,0
YER041W,36,22,9,0
YER042W,194,173,0,0
YER046W,69,45,4,0
YER048W-A,244,166,3,1
YER049W,693,644,0,0
YER051W,70,66,0,NA
YER058W,105,87,0,0
YER059W,184,172,5,0
YER060W,26,26,0,NA
YER060W-A,201,201,NA,0
YER063W,494,442,4,1
YER066W,14,8,5,1
YER067W,997,801,8,0
YER068W,447,422,1,0
YER069W,1410,1376,1,0
YER070W,2058,1980,1,3
YER072W,609,482,0,1
YER073W,882,821,3,0
YER074W,2891,2568,3,3
YER074W-A,181,148,0,1
YER076W-A,3,3,NA,0
YER079W,175,153,8,0
YER080W,436,400,0,0
YER081W,505,501,0,0
YER084W,10,8,NA,0
YER086W,799,733,0,1
YER087W,142,139,0,0
YER088W-B,5,0,5,NA
YER090W,1208,1131,1,0
YER092W,286,219,0,0
YER095W,444,435,NA,0
YER096W,10,9,NA,0
YER098W,72,70,NA,0
YER100W,443,406,4,0
YER102W,4292,3991,0,1
YER103W,330,315,1,0
YER104W,126,109,0,0
YER106W,5,3,NA,1
YER112W,411,349,0,1
YER117W,2831,2478,0,8
YER120W,1012,932,0,0
YER121W,20,17,NA,0
YER123W,244,214,9,0
YER125W,933,920,NA,0
YER127W,348,325,0,0
YER128W,105,100,NA,0
YER129W,83,82,NA,0
YER131W,1618,1327,19,3
YER133W,1091,1008,4,5
YER136W,712,639,1,0
YER138W-A,51,0,NA,48
YER140W,42,40,NA,1
YER141W,748,697,0,0
YER143W,366,350,0,0
YER146W,247,191,0,0
YER148W,345,265,13,0
YER150W,225,166,1,0
YER154W,227,202,0,0
YER157W,183,171,0,0
YER158W-A,2,2,NA,0
YER164W,406,396,NA,0
YER165W,2754,2612,7,0
YER166W,489,485,NA,0
YER167W,263,255,6,0
YER169W,150,144,0,1
YER170W,118,103,0,1
YER171W,218,201,3,0
YER173W,58,50,0,NA
YER175W-A,3,3,NA,0
YER176W,208,205,0,1
YER177W,3471,3158,2,0
YER178W,1632,1538,0,2
YER179W,7,6,NA,0
YER182W,288,244,0,0
YER187W,6,2,4,0
YER188W,9,7,0,0
YFL057C,7,7,0,0
YFL054C,90,88,NA,0
YFL050C,15,2,12,1
YFL048C,650,598,0,1
YFL045C,1677,1451,10,2
YFL044C,284,246,0,1
YFL042C,133,129,0,0
YFL039C,5213,4840,30,4
YFL038C,1328,1167,0,1
YFL034C-B,218,193,0,0
YFL034C-A,361,255,0,1
YFL033C,195,191,NA,0
YFL029C,105,99,NA,0
YFL028C,249,228,0,0
YFL027C,62,53,0,0
YFL025C,141,130,1,0
YFL024C,126,124,NA,0
YFL022C,1389,1335,0,3
YFL021C-A,0,0,0,0
YFL020C,3,2,0,0
YFL018C,1996,1872,0,0
YFL017C,225,196,0,0
YFL016C,832,786,1,1
YFL013C,431,407,0,0
YFL010C,1552,1421,0,1
YFL003C,1,1,NA,0
YFL002C,287,279,0,0
YFR003C,317,253,1,3
YFR005C,105,94,0,0
YFR011C,374,322,0,0
YFR014C,223,200,2,0
YFR015C,529,509,4,0
YFR016C,467,458,NA,0
YFR017C,234,180,5,0
YFR018C,103,95,0,0
YFR024C-A,450,415,0,0
YFR025C,144,131,0,0
YFR026C,13,8,3,0
YFR028C,242,224,2,0
YFR031C,123,123,NA,0
YFR031C-A,4578,4364,0,2
YFR032C-A,1532,1208,0,4
YFR033C,1145,886,28,0
YFR034C,237,219,1,NA
YFR037C,805,759,0,0
YFR039C,131,109,1,0
YFR041C,272,266,NA,1
YFR043C,101,87,0,0
YFR044C,1588,1507,0,1
YFR046C,83,82,NA,0
YFR047C,272,246,0,0
YFR050C,866,767,5,1
YFR051C,684,629,0,0
YFR053C,4467,4189,31,NA
YFR054C,0,0,0,0
YFL055W,11,10,NA,0
YFL053W,7,6,NA,0
YFL052W,68,66,0,0
YFL049W,218,203,0,0
YFL047W,177,168,0,1
YFL046W,129,105,0,1
YFL041W-A,4,0,4,0
YFL041W,253,234,0,0
YFL037W,1045,957,1,0
YFL036W,567,563,NA,0
YFL034W,137,131,1,NA
YFL031W,341,321,NA,4
YFL030W,65,63,NA,0
YFL026W,1,0,1,NA
YFL023W,213,207,0,0
YFL021W,508,502,NA,0
YFL017W-A,175,132,0,0
YFL014W,3612,2777,26,13
YFL012W-A,2,0,NA,2
YFL012W,1,1,0,0
YFL011W,3,0,3,NA
YFL010W-A,2,0,2,NA
YFL009W,291,264,7,0
YFL008W,546,541,0,NA
YFL007W,438,422,2,0
YFL005W,719,627,7,1
YFL004W,512,494,0,0
YFL001W,118,113,NA,0
YFR001W,439,355,0,0
YFR002W,568,544,0,0
YFR004W,780,649,0,0
YFR006W,576,575,NA,0
YFR007W,123,111,0,0
YFR008W,153,141,0,0
YFR009W,898,865,1,0
YFR010W,864,820,0,0
YFR010W-A,0,0,0,0
YFR013W,229,223,0,0
YFR019W,257,251,NA,0
YFR020W,3,3,0,0
YFR021W,65,61,2,0
YFR022W,69,58,5,0
YFR023W,2,2,NA,0
YFR027W,72,63,0,0
YFR029W,99,93,0,0
YFR030W,96,88,2,0
YFR034W-A,92,18,NA,63
YFR038W,177,170,NA,0
YFR040W,216,214,NA,NA
YFR042W,76,65,0,0
YFR045W,120,113,0,NA
YFR048W,154,147,1,0
YFR049W,293,219,29,1
YFR052W,815,782,0,0
YFR055W,341,291,0,0
YGL257C,66,53,4,0
YGL252C,373,354,0,0
YGL251C,32,31,NA,0
YGL246C,178,167,0,0
YGL242C,378,348,0,0
YGL237C,177,167,1,0
YGL236C,160,158,0,0
YGL231C,576,505,0,2
YGL230C,7,6,0,0
YGL229C,14,12,0,0
YGL226C-A,189,151,0,0
YGL224C,149,123,6,0
YGL223C,131,127,NA,0
YGL222C,770,688,7,1
YGL221C,589,543,0,0
YGL219C,312,298,0,0
YGL213C,291,277,0,0
YGL206C,1890,1855,11,NA
YGL204C,37,30,0,1
YGL203C,295,273,1,0
YGL201C,376,353,1,0
YGL200C,512,444,0,0
YGL199C,1,0,1,0
YGL194C-A,47,24,15,1
YGL194C,175,155,1,NA
YGL193C,1,0,NA,1
YGL190C,318,280,12,0
YGL189C,2683,2084,0,5
YGL187C,1097,931,12,1
YGL186C,257,233,0,0
YGL185C,129,121,0,0
YGL184C,32,30,NA,0
YGL182C,2,1,0,NA
YGL179C,24,24,0,NA
YGL176C,25,24,0,0
YGL175C,19,18,0,NA
YGL173C,1826,1791,NA,1
YGL167C,509,469,21,0
YGL165C,0,0,0,0
YGL164C,166,164,0,NA
YGL163C,110,100,0,0
YGL161C,351,305,5,0
YGL154C,25,24,0,0
YGL152C,1,1,NA,NA
YGL150C,305,293,1,NA
YGL147C,3469,3024,0,6
YGL146C,5,3,2,NA
YGL144C,37,36,0,0
YGL143C,108,106,0,0
YGL142C,107,95,0,0
YGL140C,264,253,NA,1
YGL136C,50,41,1,0
YGL131C,84,81,1,NA
YGL129C,359,322,0,0
YGL128C,70,65,NA,0
YGL127C,107,88,0,1
YGL124C,119,115,NA,0
YGL122C,1096,1070,0,0
YGL121C,184,162,0,1
YGL120C,659,625,0,0
YGL112C,317,302,0,0
YGL110C,183,178,0,0
YGL108C,159,132,1,1
YGL107C,393,363,0,0
YGL104C,61,59,NA,0
YGL095C,244,218,0,0
YGL094C,106,89,3,0
YGL091C,300,273,0,0
YGL089C,8,6,0,NA
YGL087C,485,424,5,0
YGL084C,255,240,0,1
YGL078C,813,750,1,1
YGL077C,661,583,19,0
YGL076C,5233,4754,0,3
YGL075C,36,32,1,0
YGL072C,3,0,NA,2
YGL070C,321,266,0,4
YGL065C,301,268,0,0
YGL064C,191,190,0,NA
YGL063C-A,2,0,NA,2
YGL061C,164,153,0,0
YGL057C,137,131,NA,0
YGL056C,646,619,2,0
YGL054C,608,485,5,4
YGL049C,977,924,5,0
YGL048C,1098,1027,0,1
YGL044C,293,267,5,1
YGL040C,646,603,3,4
YGL038C,213,196,1,1
YGL037C,2322,2030,3,2
YGL035C,275,267,1,NA
YGL032C,0,0,0,0
YGL031C,3085,2770,7,0
YGL028C,907,811,10,0
YGL027C,335,325,0,0
YGL026C,2422,2323,0,0
YGL025C,222,215,NA,0
YGL023C,169,165,NA,0
YGL020C,253,232,0,0
YGL018C,174,150,2,0
YGL015C,4,0,4,0
YGL013C,235,233,NA,0
YGL011C,838,780,1,0
YGL009C,3436,3288,1,1
YGL008C,14599,14127,37,16
YGL007C-A,8,1,5,1
YGL005C,141,116,0,0
YGL004C,87,77,NA,0
YGL003C,61,60,0,0
YGL001C,591,553,0,0
YGR001C,453,404,0,0
YGR002C,283,278,0,0
YGR005C,424,403,0,0
YGR008C,775,485,15,6
YGR009C,591,558,0,0
YGR015C,43,43,NA,0
YGR018C,2,1,0,0
YGR020C,579,466,1,0
YGR024C,81,73,3,NA
YGR027C,2206,1796,3,4
YGR030C,220,184,0,0
YGR033C,254,228,1,1
YGR035C,5,5,0,0
YGR036C,124,103,2,0
YGR037C,701,536,3,2
YGR043C,62,61,NA,0
YGR044C,313,299,NA,0
YGR045C,4,0,4,NA
YGR047C,189,184,NA,0
YGR050C,13,11,NA,0
YGR053C,12,9,1,0
YGR057C,71,56,7,0
YGR061C,1131,1113,NA,1
YGR062C,49,43,NA,0
YGR063C,333,267,1,1
YGR065C,204,174,14,0
YGR067C,13,13,NA,0
YGR068C,97,91,0,0
YGR071C,74,68,2,NA
YGR073C,0,0,0,0
YGR075C,87,78,0,NA
YGR076C,366,307,0,0
YGR077C,97,89,0,0
YGR078C,388,351,0,0
YGR081C,318,272,NA,0
YGR083C,760,732,0,NA
YGR084C,421,411,NA,1
YGR085C,3716,3223,0,6
YGR086C,2966,2700,17,0
YGR087C,38,38,0,0
YGR095C,191,167,1,0
YGR098C,73,70,NA,0
YGR102C,140,119,0,1
YGR104C,132,122,0,0
YGR106C,612,535,1,1
YGR109C,119,111,1,0
YGR117C,135,130,0,0
YGR119C,604,591,3,0
YGR120C,139,117,0,0
YGR121C,62,55,0,1
YGR122C-A,8,6,0,0
YGR123C,369,348,0,0
YGR128C,375,353,0,1
YGR130C,1414,1360,1,1
YGR132C,669,589,2,1
YGR138C,419,408,4,0
YGR146C,138,103,10,0
YGR146C-A,1,1,0,0
YGR147C,214,197,2,0
YGR148C,2678,2353,13,1
YGR150C,143,132,0,0
YGR154C,19,3,15,0
YGR158C,275,241,2,0
YGR159C,1692,1564,2,1
YGR161C,991,889,2,2
YGR168C,47,31,10,0
YGR169C,69,57,0,0
YGR169C-A,411,286,0,3
YGR171C,79,70,0,0
YGR172C,412,376,0,0
YGR174C,174,167,NA,0
YGR175C,2374,2270,0,0
YGR177C,153,137,4,0
YGR178C,1106,1025,5,0
YGR179C,143,136,0,0
YGR180C,1610,1503,0,0
YGR182C,2,1,0,NA
YGR183C,695,469,1,2
YGR184C,356,346,NA,0
YGR185C,1854,1709,5,1
YGR187C,433,409,0,0
YGR188C,29,26,2,NA
YGR189C,4488,4241,27,3
YGR192C,17916,16325,33,24
YGR193C,557,543,0,0
YGR194C,177,175,NA,0
YGR196C,242,237,0,NA
YGR197C,67,59,0,0
YGR200C,427,411,0,0
YGR201C,29,26,NA,0
YGR202C,302,287,0,0
YGR204C-A,0,0,0,0
YGR207C,742,674,0,3
YGR209C,768,577,8,0
YGR210C,308,285,7,0
YGR213C,19,12,NA,3
YGR216C,98,93,0,0
YGR220C,317,293,0,3
YGR221C,14,13,0,0
YGR223C,77,75,NA,1
YGR229C,712,662,9,NA
YGR231C,602,530,2,0
YGR233C,113,110,NA,0
YGR235C,602,512,1,0
YGR236C,6,6,NA,0
YGR237C,173,163,0,2
YGR238C,69,69,NA,0
YGR239C,181,166,0,3
YGR240C,4647,4487,28,1
YGR241C,224,217,1,0
YGR244C,1097,1024,7,0
YGR245C,485,445,4,0
YGR246C,267,256,0,0
YGR250C,505,481,3,0
YGR253C,1005,906,2,1
YGR255C,186,159,7,1
YGR257C,64,56,3,0
YGR258C,133,129,0,0
YGR259C,2,0,1,1
YGR261C,391,379,0,0
YGR262C,212,190,1,0
YGR263C,48,47,0,0
YGR264C,1397,1352,0,0
YGR267C,446,386,17,0
YGR268C,205,167,0,13
YGR271C-A,260,231,NA,1
YGR274C,123,120,0,0
YGR276C,221,206,0,NA
YGR277C,190,172,0,2
YGR279C,3144,2841,10,2
YGR280C,386,329,0,0
YGR282C,3947,3663,3,11
YGR283C,142,134,0,0
YGR284C,709,636,2,0
YGR285C,2172,2084,0,0
YGR286C,68,61,3,0
YGR287C,29,27,0,0
YGR289C,11,4,7,0
YGL263W,0,0,0,0
YGL258W,6,1,5,0
YGL256W,33,19,13,0
YGL255W,510,432,2,0
YGL254W,121,110,0,1
YGL253W,2905,2767,9,1
YGL250W,105,99,NA,0
YGL248W,269,256,2,0
YGL247W,36,30,NA,0
YGL245W,3400,3295,0,0
YGL244W,707,680,1,NA
YGL243W,71,66,NA,0
YGL241W,224,212,0,0
YGL240W,44,44,NA,0
YGL238W,724,714,NA,0
YGL234W,1121,1075,0,1
YGL233W,227,217,1,0
YGL232W,221,215,0,0
YGL228W,489,461,0,1
YGL227W,190,176,0,0
YGL226W,105,94,NA,0
YGL225W,839,766,0,3
YGL220W,167,154,NA,1
YGL218W,1,1,NA,0
YGL216W,151,147,2,0
YGL215W,98,88,2,1
YGL212W,160,156,0,1
YGL211W,162,155,0,0
YGL210W,172,146,0,0
YGL209W,161,147,0,0
YGL208W,117,116,0,0
YGL207W,1108,1065,1,NA
YGL205W,13,12,NA,0
YGL202W,1306,1221,10,0
YGL198W,342,315,0,0
YGL197W,194,188,NA,0
YGL196W,105,96,1,0
YGL195W,2217,2196,NA,1
YGL192W,0,0,0,0
YGL191W,1744,1520,2,2
YGL181W,382,355,1,0
YGL180W,74,66,4,0
YGL178W,193,190,NA,0
YGL174W,104,94,0,1
YGL172W,376,365,0,0
YGL171W,425,405,0,1
YGL169W,229,210,4,0
YGL166W,94,90,0,1
YGL162W,33,30,0,1
YGL160W,158,143,2,0
YGL159W,103,91,0,0
YGL158W,3,2,0,0
YGL157W,812,761,1,0
YGL156W,277,270,NA,0
YGL155W,97,78,2,0
YGL153W,151,141,0,0
YGL151W,303,292,1,1
YGL148W,1234,1160,0,0
YGL145W,203,200,1,0
YGL141W,240,216,0,0
YGL139W,323,284,8,0
YGL137W,1265,1205,1,0
YGL135W,4485,4071,15,2
YGL134W,25,18,5,0
YGL133W,179,169,4,NA
YGL130W,300,279,0,0
YGL125W,1277,1149,31,NA
YGL123W,4674,4265,48,1
YGL119W,118,113,0,0
YGL117W,177,157,2,0
YGL116W,261,243,2,0
YGL115W,446,376,9,1
YGL114W,106,93,2,0
YGL113W,36,32,0,1
YGL111W,435,413,0,0
YGL109W,0,0,0,0
YGL106W,685,586,0,0
YGL105W,2686,2538,0,0
YGL103W,3780,3178,0,9
YGL101W,270,241,0,1
YGL100W,368,331,0,0
YGL099W,361,336,0,0
YGL098W,177,151,1,5
YGL097W,685,629,2,1
YGL096W,79,77,NA,0
YGL093W,162,160,NA,0
YGL092W,587,581,NA,0
YGL090W,38,33,0,0
YGL088W,1,1,NA,0
YGL086W,210,206,NA,0
YGL085W,50,38,1,0
YGL083W,105,97,2,0
YGL082W,316,287,5,0
YGL081W,19,16,1,0
YGL080W,297,264,2,0
YGL079W,91,63,5,0
YGL073W,231,219,0,0
YGL071W,107,94,6,0
YGL068W,938,804,3,3
YGL067W,121,106,0,0
YGL066W,258,248,5,0
YGL063W,40,33,6,0
YGL062W,891,861,0,0
YGL060W,161,137,9,0
YGL059W,79,64,1,0
YGL058W,480,394,0,1
YGL055W,2685,2500,7,0
YGL050W,104,85,0,1
YGL047W,102,84,3,0
YGL045W,87,83,NA,0
YGL043W,661,617,0,2
YGL041W-A,245,226,0,0
YGL039W,59,57,0,0
YGL036W,182,181,0,NA
YGL033W,5,5,NA,0
YGL030W,2052,1456,23,2
YGL029W,185,130,0,1
YGL022W,662,617,0,0
YGL021W,385,381,NA,4
YGL019W,295,258,2,0
YGL017W,80,76,0,0
YGL016W,173,157,2,0
YGL014W,421,415,NA,0
YGL012W,958,917,0,0
YGL010W,99,78,0,0
YGL007W,1,1,NA,0
YGL006W-A,17,2,NA,14
YGL006W,320,316,NA,0
YGL002W,71,60,0,0
YGR003W,170,156,0,0
YGR004W,87,80,0,0
YGR006W,85,83,NA,NA
YGR007W,188,165,0,0
YGR012W,140,134,0,0
YGR013W,174,159,0,0
YGR014W,781,768,NA,0
YGR016W,45,41,NA,0
YGR017W,144,115,13,0
YGR019W,510,473,0,0
YGR021W,282,243,3,0
YGR023W,59,52,2,0
YGR026W,442,418,NA,2
YGR028W,266,247,1,0
YGR029W,270,216,NA,0
YGR031W,175,149,2,9
YGR032W,1466,1433,NA,0
YGR034W,2108,1723,1,9
YGR038W,326,291,9,0
YGR039W,7,5,NA,1
YGR040W,149,137,0,4
YGR041W,54,49,2,0
YGR042W,72,63,0,0
YGR046W,152,132,5,0
YGR048W,328,296,0,1
YGR049W,386,302,1,1
YGR052W,60,52,NA,0
YGR054W,1024,967,4,2
YGR055W,1521,1462,1,2
YGR056W,189,185,0,0
YGR058W,124,118,0,0
YGR059W,0,0,0,0
YGR060W,1428,1321,1,0
YGR064W,4,0,4,0
YGR070W,81,77,NA,NA
YGR072W,199,180,1,NA
YGR074W,257,236,0,1
YGR079W,294,290,NA,0
YGR080W,622,569,0,0
YGR082W,713,585,3,0
YGR088W,426,407,0,0
YGR089W,115,112,NA,0
YGR090W,585,549,2,0
YGR091W,67,65,1,0
YGR092W,471,451,1,0
YGR093W,135,118,0,0
YGR094W,2818,2778,NA,0
YGR096W,25,17,0,1
YGR097W,410,404,NA,0
YGR099W,89,83,NA,0
YGR100W,228,219,3,0
YGR101W,148,140,0,0
YGR103W,1042,914,0,0
YGR105W,197,133,0,1
YGR107W,0,0,0,0
YGR108W,318,296,2,0
YGR110W,31,30,0,0
YGR111W,440,401,0,1
YGR112W,154,141,0,0
YGR113W,231,206,0,0
YGR116W,1084,1064,0,NA
YGR118W,3193,2580,0,8
YGR121W-A,0,0,0,0
YGR122W,62,59,0,1
YGR124W,2257,2157,0,0
YGR125W,340,306,1,1
YGR127W,79,75,0,0
YGR129W,116,106,0,0
YGR131W,8,6,NA,0
YGR133W,66,58,NA,1
YGR134W,49,46,2,0
YGR135W,895,797,2,0
YGR137W,518,428,NA,0
YGR139W,3,0,3,NA
YGR140W,137,134,NA,0
YGR141W,171,149,0,0
YGR142W,242,227,4,0
YGR143W,196,189,NA,1
YGR145W,476,444,0,0
YGR149W,338,304,4,1
YGR153W,79,75,NA,0
YGR155W,3148,3037,0,2
YGR156W,231,206,6,0
YGR157W,1260,1195,14,0
YGR160W,0,0,0,0
YGR161W-C,200,158,1,1
YGR162W,1774,1733,NA,0
YGR163W,188,176,0,0
YGR165W,578,517,0,0
YGR166W,122,107,2,0
YGR167W,1114,1013,0,0
YGR170W,107,93,1,0
YGR173W,707,658,0,1
YGR174W-A,18,0,14,0
YGR181W,335,274,0,2
YGR186W,515,489,0,0
YGR191W,527,475,4,0
YGR195W,364,322,3,0
YGR198W,134,119,0,0
YGR199W,263,258,1,NA
YGR203W,154,135,1,1
YGR204W,1557,1498,0,0
YGR205W,185,159,5,0
YGR206W,46,36,0,0
YGR208W,220,194,0,0
YGR211W,1054,987,1,0
YGR212W,29,19,NA,8
YGR214W,3309,2972,0,4
YGR215W,389,296,0,4
YGR217W,195,185,0,NA
YGR218W,1213,1150,10,0
YGR222W,147,134,NA,1
YGR224W,4,2,0,0
YGR225W,30,29,0,0
YGR227W,184,172,0,0
YGR230W,119,102,0,1
YGR232W,256,226,0,1
YGR234W,8496,7931,0,15
YGR243W,181,164,0,0
YGR247W,153,126,7,0
YGR248W,268,243,0,1
YGR249W,3,3,0,0
YGR251W,161,154,0,NA
YGR252W,122,114,0,0
YGR254W,13306,12502,3,2
YGR256W,74,72,NA,0
YGR260W,193,185,NA,0
YGR266W,240,219,0,0
YGR270W,317,305,NA,0
YGR271W,215,215,NA,0
YGR278W,150,143,0,0
YGR281W,218,205,0,0
YGR288W,52,39,8,0
YGR292W,50,48,0,0
YHL047C,19,19,0,0
YHL046C,3,2,0,0
YHL040C,135,111,4,0
YHL038C,108,101,0,0
YHL037C,1,1,0,0
YHL035C,47,45,NA,0
YHL034C,1724,1629,3,2
YHL033C,3869,3561,0,1
YHL032C,84,81,1,0
YHL031C,362,341,0,1
YHL029C,140,137,0,0
YHL026C,22,14,3,0
YHL023C,114,112,0,0
YHL022C,15,14,NA,0
YHL021C,849,814,6,0
YHL020C,240,228,0,0
YHL019C,106,103,0,0
YHL016C,3,1,NA,0
YHL014C,87,81,0,0
YHL013C,218,204,0,0
YHL011C,711,618,7,0
YHL010C,74,70,0,0
YHL009C,156,146,0,0
YHL008C,78,69,0,0
YHL007C,439,417,2,0
YHL006C,33,27,NA,4
YHL003C,466,407,5,2
YHL002C-A,0,0,0,0
YHR003C,296,280,0,1
YHR004C,48,47,0,NA
YHR005C,397,356,5,0
YHR005C-A,553,463,2,1
YHR007C,2128,2049,8,1
YHR007C-A,0,0,0,0
YHR008C,1187,1055,0,1
YHR009C,235,190,16,0
YHR013C,424,366,0,0
YHR016C,241,222,0,0
YHR018C,1976,1846,1,1
YHR019C,2431,2348,0,0
YHR021C,1605,1170,11,5
YHR022C,24,22,1,0
YHR022C-A,1,0,NA,1
YHR024C,311,299,0,0
YHR027C,1556,1482,0,0
YHR028C,408,385,0,0
YHR029C,121,103,0,0
YHR030C,898,836,4,0
YHR031C,85,82,0,0
YHR032C-A,0,0,0,0
YHR034C,137,128,0,0
YHR039C,663,640,2,0
YHR039C-A,1244,959,0,0
YHR041C,53,49,0,0
YHR043C,328,275,8,1
YHR044C,114,113,0,0
YHR046C,154,134,0,0
YHR047C,255,249,0,0
YHR049C-A,4,0,NA,4
YHR056C,259,252,0,NA
YHR057C,164,147,0,0
YHR058C,159,140,0,0
YHR061C,87,79,1,0
YHR062C,186,144,0,1
YHR063C,525,457,0,1
YHR064C,2360,2256,3,4
YHR065C,726,661,0,0
YHR069C,347,323,0,1
YHR071C-A,1,0,0,1
YHR073C-B,0,0,0,0
YHR075C,63,60,0,0
YHR077C,322,298,1,0
YHR079C,48,46,0,1
YHR080C,83,80,1,NA
YHR082C,212,205,NA,0
YHR089C,935,834,0,0
YHR090C,209,199,0,0
YHR091C,89,82,0,1
YHR092C,1605,1510,3,0
YHR094C,695,663,0,0
YHR096C,86,86,NA,0
YHR097C,375,348,2,NA
YHR098C,555,520,1,0
YHR100C,91,77,0,0
YHR101C,74,68,NA,0
YHR107C,589,553,5,1
YHR112C,177,172,0,0
YHR115C,259,240,1,NA
YHR118C,189,179,0,0
YHR129C,70,55,8,0
YHR130C,0,0,0,0
YHR131C,34,32,0,NA
YHR132C,508,487,1,0
YHR133C,237,204,0,0
YHR135C,564,528,4,0
YHR136C,1,1,NA,0
YHR138C,175,153,0,0
YHR139C,13,11,NA,2
YHR141C,2346,1825,0,3
YHR144C,89,82,0,0
YHR145C,21,14,4,NA
YHR147C,472,407,2,0
YHR149C,138,128,1,0
YHR151C,31,25,1,0
YHR153C,33,30,NA,0
YHR156C,73,71,0,0
YHR158C,361,356,NA,0
YHR161C,240,229,0,0
YHR164C,109,107,NA,0
YHR165C,268,248,13,0
YHR166C,93,91,0,0
YHR173C,0,0,0,0
YHR180C-B,4,0,0,4
YHR182C-A,0,0,0,0
YHR185C,0,0,0,0
YHR186C,200,194,1,NA
YHR188C,199,184,0,0
YHR191C,100,89,0,0
YHR193C,1916,1675,2,2
YHR193C-A,0,0,0,0
YHR198C,163,152,NA,1
YHR199C,80,70,0,0
YHR201C,324,307,0,0
YHR203C,5294,4769,7,4
YHR210C,7,5,1,0
YHL048W,372,328,0,0
YHL045W,0,0,0,0
YHL044W,16,14,0,1
YHL043W,0,0,0,0
YHL042W,18,13,NA,2
YHL041W,0,0,0,0
YHL039W,213,190,1,0
YHL036W,30,27,0,0
YHL030W,445,436,NA,0
YHL028W,40,34,1,0
YHL027W,567,537,7,0
YHL025W,242,225,0,0
YHL024W,732,718,NA,0
YHL017W,111,107,0,0
YHL015W,2732,2332,4,4
YHL012W,4,4,NA,NA
YHL006W-A,0,0,0,0
YHL004W,326,304,4,0
YHL002W,462,434,0,0
YHL001W,2653,2246,0,30
YHR001W,454,417,0,2
YHR001W-A,881,645,6,0
YHR002W,77,71,1,0
YHR006W,452,416,1,0
YHR010W,2884,2344,1,10
YHR011W,124,122,0,0
YHR012W,203,173,0,0
YHR015W,16,13,NA,3
YHR017W,88,78,0,0
YHR020W,1839,1746,2,0
YHR021W-A,0,0,0,0
YHR023W,315,314,NA,1
YHR025W,888,807,0,0
YHR026W,772,642,8,2
YHR028W-A,1,0,NA,0
YHR032W,380,368,0,NA
YHR032W-A,0,0,0,0
YHR033W,374,336,0,2
YHR035W,23,23,0,NA
YHR036W,98,92,0,0
YHR037W,1144,1080,1,1
YHR038W,269,233,0,0
YHR040W,91,85,0,0
YHR042W,451,425,0,0
YHR045W,110,101,1,0
YHR048W,10,9,1,0
YHR049W,1358,1191,0,0
YHR050W,235,205,15,0
YHR051W,896,822,NA,0
YHR052W,756,697,1,0
YHR056W-A,2,0,NA,2
YHR059W,328,251,1,1
YHR060W,217,204,NA,0
YHR066W,555,473,0,0
YHR067W,96,82,0,0
YHR068W,896,807,0,1
YHR070W,310,298,0,5
YHR071W,101,48,45,NA
YHR072W,423,390,1,0
YHR072W-A,465,284,4,2
YHR073W,263,262,NA,0
YHR074W,589,542,1,0
YHR076W,269,239,0,0
YHR078W,52,48,0,0
YHR081W,191,166,0,0
YHR083W,120,114,0,0
YHR084W,141,132,3,1
YHR085W,149,130,0,0
YHR086W,195,180,3,0
YHR087W,1635,1241,19,1
YHR088W,326,294,0,0
YHR099W,730,725,1,NA
YHR102W,216,209,NA,0
YHR103W,264,250,8,0
YHR104W,1631,1496,1,3
YHR105W,81,67,0,0
YHR106W,102,91,NA,0
YHR108W,890,847,0,0
YHR109W,92,88,0,0
YHR110W,95,80,0,0
YHR111W,208,200,NA,0
YHR113W,344,333,0,0
YHR114W,361,340,6,NA
YHR116W,145,130,NA,0
YHR117W,277,264,0,0
YHR119W,210,208,NA,0
YHR120W,56,54,NA,0
YHR121W,377,312,0,2
YHR122W,294,272,0,0
YHR123W,219,202,0,0
YHR124W,12,12,NA,0
YHR127W,171,154,0,0
YHR128W,579,501,0,1
YHR132W-A,216,162,1,2
YHR134W,76,74,NA,1
YHR137W,798,738,0,1
YHR140W,11,10,0,0
YHR142W,424,388,6,0
YHR143W,806,734,13,1
YHR143W-A,433,279,0,2
YHR146W,1024,997,0,NA
YHR148W,296,261,0,0
YHR150W,50,41,6,0
YHR152W,305,273,2,0
YHR154W,242,229,0,NA
YHR155W,98,89,0,0
YHR157W,4,3,0,0
YHR159W,105,99,3,0
YHR162W,1582,1158,124,0
YHR163W,296,289,0,0
YHR167W,100,82,0,0
YHR168W,80,76,0,0
YHR169W,205,186,0,0
YHR170W,502,479,1,0
YHR171W,49,48,0,0
YHR172W,99,93,0,0
YHR174W,16969,16041,14,16
YHR176W,26,26,NA,0
YHR177W,33,33,NA,0
YHR178W,52,49,0,2
YHR179W,1353,1246,1,1
YHR180W,4,3,0,NA
YHR181W,168,147,1,0
YHR182W,41,35,0,0
YHR183W,5932,5611,4,10
YHR184W,46,43,NA,1
YHR187W,196,185,0,0
YHR190W,1696,1523,1,2
YHR192W,181,151,0,1
YHR194W,55,50,1,0
YHR195W,114,95,0,0
YHR196W,377,343,2,1
YHR197W,360,350,0,0
YHR200W,667,606,0,1
YHR202W,52,46,0,0
YHR204W,75,63,2,1
YHR205W,704,675,12,0
YHR206W,223,211,3,0
YHR208W,2836,2626,0,3
YHR209W,840,782,6,1
YHR211W,14,13,NA,1
YHR215W,39,37,NA,0
YHR216W,374,345,0,1
YIL169C,287,287,0,NA
YIL166C,12,10,NA,1
YIL165C,0,0,0,0
YIL163C,10,3,NA,6
YIL160C,23,22,NA,0
YIL157C,387,352,NA,1
YIL155C,382,360,0,2
YIL154C,297,266,0,0
YIL151C,121,118,NA,0
YIL150C,78,77,0,0
YIL149C,199,196,NA,0
YIL147C,82,82,NA,0
YIL146C,79,75,2,0
YIL145C,278,257,0,1
YIL143C,220,213,0,NA
YIL139C,4,4,0,0
YIL138C,547,443,0,6
YIL137C,473,455,0,0
YIL135C,261,247,0,0
YIL134C-A,1,0,1,NA
YIL133C,2261,1987,0,1
YIL132C,15,15,NA,0
YIL131C,217,202,0,3
YIL129C,162,160,NA,0
YIL127C,219,200,0,0
YIL119C,120,112,4,NA
YIL117C,538,450,6,0
YIL115C,743,732,NA,0
YIL114C,38,38,0,0
YIL109C,1416,1371,1,1
YIL107C,286,275,2,0
YIL105C,433,418,1,0
YIL104C,186,167,0,0
YIL102C-A,50,38,0,0
YIL101C,129,124,NA,0
YIL098C,255,197,0,0
YIL096C,98,92,NA,0
YIL094C,864,782,0,2
YIL093C,343,297,3,1
YIL091C,327,309,0,0
YIL088C,216,211,0,0
YIL087C,147,122,0,0
YIL085C,103,94,0,NA
YIL084C,155,143,0,NA
YIL083C,211,187,1,0
YIL079C,130,123,1,0
YIL077C,120,111,0,0
YIL075C,1964,1892,0,NA
YIL074C,330,313,0,0
YIL073C,47,46,NA,0
YIL071C,40,36,NA,1
YIL070C,797,732,0,0
YIL069C,2317,2139,0,5
YIL068C,235,223,0,0
YIL067C,86,81,1,0
YIL066C,89,87,NA,0
YIL065C,297,228,0,1
YIL063C,424,402,2,0
YIL062C,905,764,0,1
YIL061C,115,103,0,0
YIL059C,30,7,9,11
YIL057C,1,1,0,0
YIL055C,79,74,NA,0
YIL052C,2230,1798,3,3
YIL051C,1353,1045,4,1
YIL047C,153,147,0,NA
YIL044C,278,257,0,2
YIL043C,464,416,0,0
YIL042C,117,105,0,0
YIL038C,640,590,11,1
YIL037C,1,1,NA,0
YIL035C,310,275,4,0
YIL034C,512,489,0,0
YIL033C,756,710,7,0
YIL030C,489,480,NA,0
YIL029C,7,1,5,0
YIL027C,272,226,0,0
YIL026C,288,279,0,0
YIL023C,157,146,0,0
YIL020C,146,129,0,NA
YIL017C,99,94,0,NA
YIL014C-A,6,5,0,0
YIL013C,19,17,NA,0
YIL009C-A,101,91,0,0
YIL007C,136,118,0,0
YIL004C,135,110,0,1
YIL002C,72,60,2,0
YIR001C,139,124,0,0
YIR002C,68,58,3,0
YIR006C,1343,1325,NA,0
YIR008C,238,227,0,0
YIR011C,308,280,0,0
YIR013C,0,0,0,0
YIR017C,42,39,NA,0
YIR018C-A,7,0,7,NA
YIR019C,16,15,NA,1
YIR020C,0,0,0,0
YIR024C,121,109,0,3
YIR026C,248,220,0,0
YIR027C,3,3,NA,0
YIR030C,9,8,0,0
YIR031C,26,5,21,0
YIR032C,57,50,0,0
YIR034C,818,766,0,0
YIR035C,351,315,0,0
YIR036C,277,250,0,0
YIR038C,308,284,0,0
YIR039C,70,68,NA,0
YIR042C,45,36,3,0
YIL162W,336,327,NA,0
YIL161W,133,131,0,0
YIL159W,64,62,NA,0
YIL158W,90,74,0,0
YIL156W-B,178,147,NA,0
YIL156W,95,93,NA,0
YIL153W,103,98,0,0
YIL152W,42,39,0,1
YIL148W,2918,2306,0,4
YIL144W,212,209,0,0
YIL142W,1136,1059,0,0
YIL140W,572,563,NA,0
YIL136W,772,730,0,0
YIL134W,62,59,0,0
YIL130W,313,298,2,NA
YIL128W,284,280,NA,NA
YIL126W,452,437,0,0
YIL125W,1235,1210,NA,2
YIL124W,867,790,0,0
YIL123W,2151,2071,0,1
YIL122W,72,66,NA,0
YIL121W,114,107,NA,0
YIL120W,17,16,NA,0
YIL118W,324,286,1,1
YIL116W,447,420,0,NA
YIL113W,35,24,0,0
YIL112W,244,240,0,NA
YIL111W,221,176,0,0
YIL110W,194,167,0,2
YIL108W,556,530,0,0
YIL106W,385,350,0,0
YIL103W,197,180,2,0
YIL100W,3,1,2,NA
YIL099W,3,3,NA,0
YIL097W,123,112,0,0
YIL095W,157,145,0,0
YIL092W,24,21,0,0
YIL090W,123,111,0,1
YIL089W,18,17,0,0
YIL078W,2924,2832,1,0
YIL076W,795,718,0,0
YIL066W-A,1,0,NA,0
YIL064W,140,137,NA,0
YIL056W,86,84,NA,0
YIL054W,1,0,1,0
YIL053W,2714,2382,1,3
YIL050W,330,275,5,0
YIL049W,52,49,NA,0
YIL048W,228,206,5,0
YIL046W-A,1,0,1,0
YIL046W,78,71,0,0
YIL045W,65,61,0,0
YIL041W,1363,1247,0,0
YIL040W,160,140,0,0
YIL039W,287,272,0,1
YIL036W,432,405,3,0
YIL031W,47,33,3,NA
YIL028W,11,0,9,0
YIL022W,701,630,3,1
YIL021W,531,470,2,1
YIL019W,192,166,0,0
YIL018W,5284,5035,0,1
YIL016W,109,93,0,0
YIL015W,4,4,NA,0
YIL014W,101,90,5,1
YIL011W,9,7,0,0
YIL010W,254,215,0,0
YIL009W,186,182,0,0
YIL008W,157,99,2,0
YIL006W,42,42,NA,0
YIL005W,300,287,2,0
YIL003W,92,77,3,0
YIL002W-A,195,120,0,1
YIL001W,95,88,1,1
YIR003W,548,522,0,0
YIR004W,476,450,0,0
YIR005W,118,96,0,0
YIR007W,75,75,0,0
YIR009W,114,89,0,0
YIR010W,130,126,0,0
YIR012W,544,514,0,1
YIR014W,37,31,0,0
YIR016W,20,19,0,0
YIR018W,69,64,0,0
YIR021W,112,108,0,0
YIR022W,277,253,NA,1
YIR023W,121,116,NA,0
YIR025W,76,74,0,0
YIR028W,19,19,NA,0
YIR029W,6,6,NA,0
YIR033W,189,188,NA,0
YIR037W,778,623,0,0
YIR041W,15,1,14,0
YJL216C,1,1,NA,0
YJL215C,2,0,2,NA
YJL212C,367,347,0,0
YJL208C,254,224,1,0
YJL207C,212,205,0,NA
YJL206C,48,48,NA,0
YJL205C,43,32,0,0
YJL204C,205,199,0,0
YJL202C,0,0,0,0
YJL200C,639,605,0,0
YJL199C,39,32,NA,1
YJL196C,287,265,0,0
YJL192C,307,275,0,2
YJL190C,2174,1781,0,3
YJL187C,81,74,3,0
YJL185C,37,35,NA,0
YJL180C,316,281,0,6
YJL178C,298,262,0,0
YJL176C,441,419,0,0
YJL173C,216,179,0,1
YJL171C,881,817,0,0
YJL170C,0,0,0,0
YJL168C,182,173,0,0
YJL165C,296,286,0,NA
YJL164C,117,107,2,0
YJL163C,37,36,0,0
YJL162C,81,77,1,0
YJL160C,3,3,0,NA
YJL158C,5072,4628,5,9
YJL157C,289,286,NA,0
YJL156C,225,216,NA,0
YJL155C,336,307,3,2
YJL154C,409,399,NA,0
YJL153C,140,136,NA,0
YJL151C,859,727,0,1
YJL147C,43,39,0,0
YJL139C,64,61,2,0
YJL138C,3755,3600,3,3
YJL137C,70,50,3,0
YJL136C,2117,1553,0,12
YJL133C-A,608,433,0,3
YJL131C,77,71,0,0
YJL130C,5053,4985,NA,0
YJL129C,91,77,12,NA
YJL128C,370,350,2,1
YJL127C-B,128,66,1,3
YJL127C,95,83,4,1
YJL125C,211,189,0,1
YJL124C,398,322,7,0
YJL123C,700,688,0,NA
YJL121C,337,284,0,0
YJL119C,3,1,1,0
YJL116C,145,137,NA,0
YJL110C,19,14,2,0
YJL109C,797,781,0,0
YJL108C,0,0,0,0
YJL107C,270,259,1,NA
YJL103C,41,35,3,0
YJL101C,126,100,1,0
YJL094C,135,125,1,0
YJL093C,59,58,NA,0
YJL091C,259,244,0,0
YJL090C,63,62,NA,0
YJL087C,214,211,NA,0
YJL084C,236,227,3,0
YJL081C,220,201,0,0
YJL080C,2256,2212,NA,1
YJL079C,870,754,6,0
YJL078C,746,715,4,2
YJL077C,0,0,0,0
YJL074C,371,363,NA,0
YJL072C,135,124,0,0
YJL070C,98,98,NA,0
YJL069C,394,377,0,0
YJL068C,493,441,0,0
YJL066C,378,345,1,1
YJL065C,254,222,6,0
YJL063C,420,360,0,0
YJL058C,56,55,0,0
YJL057C,109,106,0,0
YJL056C,90,80,NA,0
YJL048C,489,440,6,0
YJL047C-A,6,0,0,6
YJL047C,126,122,0,1
YJL044C,100,82,0,0
YJL039C,483,460,0,0
YJL038C,2,2,NA,0
YJL035C,67,59,0,0
YJL031C,130,123,NA,1
YJL029C,257,239,0,0
YJL027C,0,0,0,0
YJL024C,297,227,0,1
YJL023C,59,56,NA,0
YJL020C,1748,1691,2,0
YJL015C,1,0,NA,1
YJL013C,75,72,NA,1
YJL012C,540,522,0,0
YJL011C,161,142,0,0
YJL010C,411,382,0,0
YJL008C,1117,1030,0,0
YJL006C,103,98,0,0
YJL004C,142,111,0,7
YJL002C,409,381,1,0
YJR003C,117,115,0,0
YJR004C,136,130,NA,0
YJR009C,12007,10946,9,18
YJR010C-A,118,86,0,1
YJR011C,55,51,0,0
YJR012C,16,15,NA,0
YJR016C,2208,2097,0,0
YJR017C,258,201,0,0
YJR019C,125,118,0,0
YJR021C,68,63,0,0
YJR025C,242,201,0,0
YJR030C,136,130,2,NA
YJR031C,214,211,0,0
YJR033C,157,146,0,NA
YJR036C,8,8,NA,0
YJR041C,246,236,0,0
YJR043C,151,139,0,0
YJR044C,220,167,2,1
YJR045C,5982,5706,56,6
YJR047C,425,425,0,0
YJR049C,300,277,0,0
YJR056C,142,117,8,0
YJR058C,48,40,0,0
YJR062C,201,194,0,0
YJR065C,1093,1034,1,0
YJR067C,122,111,NA,0
YJR069C,502,444,2,0
YJR070C,1007,936,0,1
YJR072C,548,493,0,0
YJR073C,1241,1088,0,1
YJR076C,476,434,0,0
YJR077C,1718,1553,0,4
YJR080C,362,322,0,1
YJR082C,86,63,0,0
YJR083C,187,170,0,0
YJR085C,402,288,4,0
YJR088C,355,335,2,0
YJR090C,196,186,3,0
YJR091C,318,308,1,1
YJR093C,249,232,3,0
YJR094C,21,21,NA,0
YJR098C,57,53,NA,0
YJR100C,138,120,3,0
YJR102C,93,88,0,0
YJR104C,2388,1998,10,18
YJR109C,2404,2262,4,1
YJR111C,106,98,NA,1
YJR113C,405,348,1,0
YJR118C,183,149,0,0
YJR119C,56,53,NA,0
YJR124C,71,67,0,0
YJR125C,767,727,0,0
YJR126C,106,105,NA,0
YJR127C,98,98,NA,0
YJR129C,44,40,0,0
YJR130C,338,296,8,0
YJR134C,230,203,11,0
YJR135C,43,39,0,NA
YJR136C,81,81,NA,0
YJR137C,136,133,NA,0
YJR139C,1612,1466,3,2
YJR140C,161,153,NA,4
YJR143C,738,709,2,0
YJR145C,5548,4953,0,7
YJR150C,0,0,0,0
YJR151C,6,5,1,NA
YJR156C,61,58,NA,0
YJR161C,758,624,NA,2
YJL218W,33,27,0,0
YJL217W,282,252,0,0
YJL214W,24,13,NA,7
YJL213W,0,0,0,0
YJL210W,86,80,0,0
YJL209W,61,53,0,0
YJL203W,131,117,0,0
YJL201W,150,138,0,0
YJL198W,264,252,1,0
YJL197W,154,151,0,0
YJL194W,140,134,0,0
YJL193W,47,44,NA,0
YJL191W,1363,1230,0,1
YJL189W,1868,1133,2,11
YJL186W,752,686,0,3
YJL184W,231,178,1,0
YJL183W,265,222,11,1
YJL181W,77,72,0,0
YJL179W,343,274,2,0
YJL177W,2271,2023,0,1
YJL175W,2,0,2,0
YJL174W,754,656,2,0
YJL172W,778,730,0,0
YJL167W,3107,2760,12,5
YJL166W,990,700,1,2
YJL161W,120,106,0,1
YJL159W,15583,14788,35,15
YJL152W,1,0,1,0
YJL150W,4,3,1,NA
YJL149W,204,199,NA,0
YJL148W,372,305,1,1
YJL146W,175,163,2,0
YJL145W,314,269,0,0
YJL144W,117,79,0,0
YJL143W,639,506,3,3
YJL140W,404,355,4,0
YJL136W-A,0,0,0,0
YJL134W,182,176,NA,0
YJL133W,107,93,3,0
YJL132W,86,84,0,0
YJL126W,58,57,0,0
YJL122W,325,281,0,3
YJL118W,16,15,NA,0
YJL117W,334,291,1,0
YJL115W,268,231,1,0
YJL112W,188,167,4,0
YJL111W,786,728,1,2
YJL106W,33,18,13,NA
YJL104W,516,452,0,1
YJL102W,106,98,0,0
YJL100W,83,80,0,0
YJL099W,134,121,0,NA
YJL098W,281,266,1,NA
YJL097W,431,375,0,0
YJL096W,297,236,1,1
YJL095W,86,85,NA,0
YJL092W,66,64,NA,0
YJL088W,1033,941,0,0
YJL085W,230,217,2,0
YJL083W,39,37,0,0
YJL082W,428,402,4,0
YJL077W-B,4,0,4,0
YJL077W-A,10,2,0,4
YJL076W,502,495,NA,1
YJL073W,127,118,0,0
YJL071W,80,76,0,0
YJL062W-A,363,260,0,1
YJL062W,152,150,0,0
YJL061W,273,253,0,0
YJL060W,397,359,0,0
YJL059W,55,52,0,0
YJL055W,515,445,0,0
YJL054W,172,167,0,0
YJL053W,282,243,4,0
YJL052W,5218,4790,2,0
YJL051W,123,115,0,NA
YJL050W,881,854,0,0
YJL049W,163,157,0,0
YJL046W,60,55,1,0
YJL045W,11,10,NA,0
YJL043W,9,0,NA,9
YJL042W,366,357,5,NA
YJL041W,899,864,1,1
YJL037W,4,3,NA,0
YJL036W,284,261,2,0
YJL034W,3708,3522,2,2
YJL033W,468,439,0,NA
YJL030W,97,84,0,0
YJL028W,0,0,0,0
YJL026W,1176,1068,1,0
YJL025W,26,24,2,0
YJL022W,5,1,NA,3
YJL019W,103,99,0,0
YJL016W,158,150,1,0
YJL014W,1027,953,0,0
YJL005W,377,365,2,NA
YJL003W,199,163,1,1
YJL001W,671,574,0,2
YJR001W,474,462,1,1
YJR002W,482,459,0,1
YJR005W,284,266,0,0
YJR006W,179,172,0,0
YJR007W,1134,1018,6,0
YJR008W,314,274,8,0
YJR010W,76,76,NA,0
YJR013W,142,120,0,0
YJR014W,818,722,0,2
YJR015W,428,419,0,0
YJR018W,0,0,0,0
YJR020W,0,0,0,0
YJR032W,261,252,0,0
YJR034W,182,144,1,0
YJR035W,99,95,NA,0
YJR039W,34,32,NA,NA
YJR040W,140,125,0,0
YJR042W,434,414,0,0
YJR046W,114,106,0,0
YJR048W,1342,1071,2,6
YJR050W,133,118,0,1
YJR051W,213,198,1,0
YJR052W,167,163,NA,0
YJR053W,50,48,0,NA
YJR054W,56,52,2,0
YJR055W,77,68,0,0
YJR057W,155,139,0,0
YJR059W,472,455,2,NA
YJR060W,550,513,0,1
YJR061W,50,49,NA,0
YJR063W,283,240,0,2
YJR064W,790,741,0,0
YJR066W,215,210,0,NA
YJR068W,196,193,0,0
YJR074W,186,183,NA,0
YJR075W,376,352,1,2
YJR078W,42,42,0,NA
YJR079W,0,0,0,0
YJR084W,116,107,0,0
YJR089W,100,93,1,NA
YJR092W,557,551,NA,0
YJR094W-A,1941,1291,0,6
YJR095W,7,6,0,0
YJR096W,207,185,NA,0
YJR097W,86,74,0,0
YJR099W,137,117,2,0
YJR101W,480,425,0,0
YJR103W,299,276,1,1
YJR105W,1720,1564,0,0
YJR106W,81,78,NA,NA
YJR107W,0,0,0,0
YJR108W,14,13,NA,0
YJR110W,51,47,0,0
YJR112W,117,100,0,0
YJR112W-A,30,17,0,0
YJR115W,9,9,NA,0
YJR116W,37,31,2,0
YJR117W,551,507,0,0
YJR120W,55,5,NA,23
YJR121W,3956,3777,0,6
YJR122W,69,63,0,0
YJR123W,5241,4645,9,11
YJR131W,189,177,1,0
YJR132W,217,212,0,0
YJR133W,391,344,3,0
YJR135W-A,358,281,0,1
YJR138W,124,122,NA,1
YJR141W,28,23,0,0
YJR142W,254,242,0,0
YJR144W,405,357,0,0
YJR147W,2,1,NA,0
YJR148W,696,629,6,0
YJR149W,49,47,NA,0
YJR152W,13,3,9,0
YJR153W,2,1,1,0
YJR154W,11,3,7,NA
YJR155W,5,3,NA,0
YKL222C,20,14,3,0
YKL220C,5,5,NA,0
YKL218C,176,162,1,0
YKL215C,220,206,1,NA
YKL214C,142,127,0,0
YKL213C,400,380,0,0
YKL211C,721,679,0,NA
YKL209C,12,12,NA,NA
YKL206C,274,250,0,1
YKL203C,325,318,NA,NA
YKL201C,78,74,NA,NA
YKL198C,36,34,0,0
YKL197C,113,111,NA,1
YKL196C,471,383,1,6
YKL194C,137,121,0,0
YKL193C,392,365,0,0
YKL192C,794,571,0,1
YKL188C,21,21,NA,0
YKL187C,3,2,NA,0
YKL186C,399,349,0,1
YKL179C,323,313,0,0
YKL178C,206,189,0,0
YKL176C,56,44,11,0
YKL174C,166,143,2,0
YKL169C,0,0,0,0
YKL168C,87,80,NA,0
YKL167C,330,280,0,0
YKL166C,125,121,NA,0
YKL165C-A,6,0,6,NA
YKL165C,374,351,0,0
YKL164C,8326,7812,60,6
YKL162C,54,49,2,0
YKL161C,551,447,6,50
YKL159C,173,154,NA,0
YKL155C,191,173,0,0
YKL152C,7960,7154,0,5
YKL151C,360,346,0,NA
YKL149C,56,49,0,0
YKL148C,1322,1256,4,0
YKL144C,140,122,0,4
YKL138C-A,153,99,0,2
YKL138C,292,235,4,0
YKL135C,377,357,0,0
YKL134C,184,174,0,0
YKL133C,37,33,0,0
YKL132C,5,3,0,0
YKL130C,295,230,0,0
YKL129C,325,309,NA,0
YKL128C,137,120,0,0
YKL122C,580,478,0,2
YKL119C,198,171,0,0
YKL116C,153,146,NA,0
YKL113C,270,231,0,1
YKL110C,249,225,0,0
YKL106C-A,1,1,NA,0
YKL105C,132,127,0,NA
YKL104C,1949,1800,12,6
YKL103C,443,410,1,1
YKL102C,1,0,NA,1
YKL100C,421,391,0,0
YKL099C,320,264,0,0
YKL092C,115,107,0,NA
YKL091C,260,244,NA,0
YKL087C,537,497,2,0
YKL082C,392,371,4,NA
YKL075C,151,142,0,NA
YKL074C,202,194,0,0
YKL065C,690,619,0,0
YKL063C,348,265,7,0
YKL060C,11963,10960,0,4
YKL059C,198,186,0,0
YKL057C,388,373,1,0
YKL056C,2391,1954,6,5
YKL055C,26,24,0,1
YKL054C,3928,3793,8,2
YKL053C-A,337,254,8,1
YKL052C,143,139,0,0
YKL050C,3,3,NA,0
YKL049C,188,172,0,0
YKL048C,63,62,NA,0
YKL046C,478,432,9,1
YKL040C,422,367,4,1
YKL036C,5,1,NA,4
YKL032C,548,539,NA,0
YKL029C,726,687,0,0
YKL026C,28,21,NA,0
YKL025C,286,269,0,1
YKL024C,269,260,NA,0
YKL022C,288,284,NA,0
YKL021C,362,347,NA,0
YKL020C,261,256,NA,0
YKL018C-A,89,53,0,0
YKL017C,108,105,0,0
YKL016C,1553,1356,3,1
YKL014C,364,359,NA,0
YKL013C,537,457,0,0
YKL011C,61,58,NA,0
YKL010C,430,427,NA,0
YKL008C,316,293,0,0
YKL006C-A,149,122,0,0
YKL005C,132,125,1,0
YKL003C,226,181,0,0
YKL001C,98,67,10,0
YKR001C,1461,1403,0,1
YKR004C,47,41,3,NA
YKR005C,12,12,NA,0
YKR006C,516,472,0,0
YKR009C,39,38,NA,0
YKR010C,121,112,0,NA
YKR011C,252,240,NA,0
YKR012C,0,0,0,0
YKR014C,641,539,3,0
YKR015C,2,0,1,1
YKR017C,40,36,0,0
YKR018C,460,426,0,0
YKR019C,44,40,0,0
YKR022C,96,77,5,0
YKR024C,247,235,0,1
YKR026C,355,325,1,2
YKR029C,227,221,NA,0
YKR031C,153,152,NA,0
YKR036C,51,50,0,0
YKR037C,126,119,0,0
YKR038C,318,300,0,0
YKR040C,1,1,NA,NA
YKR043C,806,758,0,0
YKR045C,127,109,0,1
YKR046C,2320,2199,0,2
YKR048C,1458,1373,0,0
YKR049C,109,92,0,0
YKR052C,156,143,1,1
YKR053C,3,3,NA,0
YKR054C,170,168,0,0
YKR063C,104,97,NA,0
YKR065C,582,532,0,0
YKR066C,659,604,0,0
YKR068C,368,305,0,0
YKR071C,837,787,0,1
YKR072C,295,291,NA,0
YKR075C,142,129,0,0
YKR079C,209,190,12,0
YKR081C,452,408,0,0
YKR083C,108,93,0,0
YKR084C,333,313,0,0
YKR085C,301,286,0,0
YKR087C,112,93,0,0
YKR088C,175,157,0,0
YKR089C,155,146,4,0
YKR092C,716,657,1,1
YKR094C,2775,2222,0,3
YKR098C,58,54,0,0
YKR100C,210,185,8,0
YKL221W,0,0,0,0
YKL219W,146,144,NA,0
YKL217W,29,29,NA,0
YKL216W,1973,1824,5,2
YKL212W,1043,971,12,NA
YKL210W,1764,1728,0,0
YKL208W,117,100,0,0
YKL207W,510,433,0,1
YKL205W,258,250,0,NA
YKL204W,808,772,0,0
YKL195W,915,856,0,1
YKL191W,137,121,0,0
YKL190W,308,272,0,0
YKL189W,151,135,0,0
YKL185W,856,791,39,0
YKL184W,747,710,6,0
YKL183W,194,167,3,0
YKL182W,8847,8737,NA,0
YKL181W,717,677,13,0
YKL180W,3219,2890,0,11
YKL175W,269,245,1,1
YKL173W,208,191,0,0
YKL172W,1033,974,0,0
YKL171W,64,60,1,0
YKL170W,274,238,0,0
YKL163W,3678,3403,101,NA
YKL160W,237,156,0,0
YKL157W,1169,1140,0,0
YKL156W,1172,982,NA,13
YKL154W,147,130,0,0
YKL153W,1,1,0,NA
YKL150W,1755,1583,4,2
YKL146W,309,300,0,0
YKL145W,1212,1139,NA,1
YKL143W,430,390,0,0
YKL142W,1099,970,3,1
YKL141W,642,568,0,2
YKL140W,196,178,2,0
YKL139W,188,179,0,0
YKL137W,336,247,0,0
YKL127W,366,345,0,0
YKL126W,643,613,4,0
YKL125W,241,216,2,0
YKL124W,124,112,1,NA
YKL121W,79,75,NA,0
YKL120W,813,765,1,1
YKL118W,1,0,NA,1
YKL117W,1305,1173,0,3
YKL112W,331,322,2,0
YKL109W,741,661,30,1
YKL108W,91,87,0,0
YKL107W,5,5,NA,0
YKL106W,125,114,0,0
YKL101W,304,299,NA,0
YKL098W,84,71,3,0
YKL096W-A,4951,3755,37,32
YKL096W,4497,4016,14,5
YKL094W,436,403,0,0
YKL093W,62,58,NA,0
YKL090W,49,44,NA,0
YKL089W,126,121,0,0
YKL088W,310,300,0,0
YKL086W,37,30,0,0
YKL085W,1666,1552,7,0
YKL084W,65,43,3,NA
YKL081W,3449,3152,1,6
YKL080W,642,590,2,0
YKL079W,173,161,0,1
YKL078W,125,123,0,0
YKL077W,634,586,0,2
YKL073W,441,427,0,0
YKL072W,41,36,2,0
YKL071W,3,2,NA,1
YKL070W,1,0,NA,1
YKL069W,254,223,0,0
YKL068W-A,112,78,2,2
YKL068W,483,470,0,0
YKL065W-A,4,3,0,0
YKL064W,277,261,11,NA
YKL062W,840,809,NA,2
YKL061W,101,61,0,0
YKL058W,189,147,0,1
YKL053W,13,0,NA,13
YKL051W,251,233,NA,0
YKL047W,218,204,0,0
YKL045W,317,304,1,1
YKL044W,3,3,0,NA
YKL043W,44,44,NA,0
YKL042W,202,175,3,0
YKL041W,215,184,2,0
YKL039W,992,880,9,4
YKL038W,129,125,0,0
YKL035W,2561,2327,4,0
YKL034W,179,167,0,0
YKL033W-A,537,483,2,0
YKL033W,116,110,NA,0
YKL031W,0,0,0,0
YKL028W,191,173,0,2
YKL027W,244,207,0,1
YKL023W,257,230,0,0
YKL019W,128,115,0,0
YKL018W,172,144,0,0
YKL015W,83,81,0,0
YKL012W,203,193,0,NA
YKL009W,703,596,0,0
YKL007W,808,729,0,0
YKL006W,2953,2456,0,3
YKL004W,202,170,8,0
YKL002W,267,247,0,0
YKR002W,255,232,4,0
YKR003W,288,255,5,1
YKR007W,171,157,0,0
YKR008W,259,251,0,0
YKR013W,1449,1347,0,2
YKR016W,753,690,2,3
YKR020W,90,82,0,0
YKR021W,175,158,0,0
YKR023W,152,144,0,0
YKR025W,220,206,0,0
YKR027W,120,113,0,0
YKR028W,296,287,NA,0
YKR030W,172,146,0,1
YKR035W-A,475,447,0,0
YKR039W,3083,2878,15,2
YKR041W,35,19,NA,14
YKR042W,3218,2878,55,4
YKR044W,28,24,1,0
YKR047W,2,0,2,NA
YKR050W,14,3,11,0
YKR051W,31,23,2,0
YKR055W,97,88,0,0
YKR056W,360,356,NA,0
YKR057W,1206,858,1,2
YKR058W,59,53,3,0
YKR059W,3591,3474,0,2
YKR060W,163,148,0,0
YKR061W,83,82,0,0
YKR062W,343,310,1,0
YKR064W,93,91,NA,0
YKR067W,352,329,2,0
YKR069W,32,22,9,0
YKR070W,149,147,NA,0
YKR074W,304,262,NA,1
YKR075W-A,1,0,NA,1
YKR076W,109,105,0,1
YKR077W,437,410,0,0
YKR078W,79,75,0,0
YKR080W,326,292,0,0
YKR082W,462,453,NA,0
YKR086W,109,103,0,0
YKR090W,196,183,0,1
YKR091W,682,601,3,0
YKR093W,1895,1809,3,0
YKR095W,456,451,NA,0
YKR095W-A,194,142,0,0
YKR096W,182,178,0,0
YKR097W,13,13,NA,0
YKR099W,106,100,0,0
YKR101W,53,52,0,0
YKR102W,1,1,NA,NA
YKR103W,6,3,3,NA
YKR104W,0,0,0,0
YLL063C,19,19,NA,0
YLL062C,41,35,0,0
YLL060C,18,17,0,0
YLL059C,11,8,NA,3
YLL057C,14,14,NA,0
YLL056C,3,3,NA,0
YLL054C,27,24,0,0
YLL053C,2,1,NA,0
YLL051C,45,43,0,1
YLL050C,1691,1471,0,7
YLL048C,842,836,NA,NA
YLL045C,4900,4473,0,0
YLL042C,7,7,NA,0
YLL041C,1179,1062,2,1
YLL040C,900,893,NA,0
YLL039C,4778,4501,11,3
YLL038C,114,94,NA,9
YLL036C,195,178,0,0
YLL034C,294,280,0,0
YLL032C,163,157,NA,0
YLL031C,278,263,0,0
YLL024C,13713,13323,1,6
YLL023C,510,433,0,2
YLL022C,147,145,NA,0
YLL019C,372,355,10,NA
YLL018C-A,128,83,0,1
YLL018C,2585,2487,0,0
YLL013C,517,502,5,0
YLL010C,167,156,6,0
YLL009C,618,393,3,0
YLL007C,134,118,0,0
YLR001C,77,76,0,0
YLR002C,432,415,0,0
YLR003C,269,242,0,0
YLR004C,9,8,0,0
YLR006C,170,151,14,NA
YLR008C,515,453,2,1
YLR010C,33,23,0,0
YLR014C,64,61,NA,NA
YLR016C,104,85,2,0
YLR018C,158,148,3,0
YLR020C,112,96,1,0
YLR022C,265,237,NA,0
YLR023C,287,256,9,0
YLR024C,60,57,0,NA
YLR026C,247,215,2,0
YLR027C,1638,1531,0,0
YLR028C,923,868,6,2
YLR029C,4280,3687,0,13
YLR034C,288,264,3,1
YLR035C,47,44,0,0
YLR036C,90,64,0,1
YLR037C,6,2,4,0
YLR038C,894,685,3,10
YLR039C,143,143,NA,0
YLR040C,583,511,1,1
YLR042C,46,35,1,1
YLR043C,634,505,1,1
YLR044C,23037,21926,11,56
YLR045C,363,349,0,NA
YLR046C,2,1,NA,1
YLR047C,47,46,0,1
YLR049C,383,353,0,1
YLR050C,119,96,0,0
YLR051C,300,273,0,0
YLR053C,2,2,NA,0
YLR054C,16,14,NA,0
YLR055C,124,121,NA,0
YLR058C,1572,1480,0,2
YLR059C,163,156,NA,0
YLR065C,136,99,0,0
YLR067C,83,80,NA,0
YLR069C,906,846,0,0
YLR070C,21,19,NA,0
YLR071C,291,275,0,0
YLR073C,65,60,1,0
YLR074C,319,234,0,0
YLR078C,252,222,2,1
YLR082C,93,87,0,0
YLR083C,446,401,1,NA
YLR084C,153,149,NA,0
YLR085C,104,96,0,0
YLR087C,73,72,NA,0
YLR089C,562,507,2,0
YLR093C,380,330,2,0
YLR094C,279,268,1,0
YLR095C,205,186,0,0
YLR097C,128,104,6,0
YLR098C,73,67,0,0
YLR099C,93,84,0,0
YLR103C,92,78,0,0
YLR105C,69,65,0,0
YLR106C,837,831,NA,0
YLR108C,64,61,1,0
YLR110C,8862,7444,52,30
YLR114C,171,164,0,0
YLR117C,183,177,0,0
YLR118C,252,217,0,0
YLR120C,863,762,6,1
YLR121C,408,391,0,0
YLR126C,65,52,2,0
YLR127C,73,72,0,NA
YLR130C,177,152,5,0
YLR131C,149,145,NA,0
YLR132C,79,75,0,1
YLR136C,100,94,NA,0
YLR139C,149,142,2,0
YLR144C,186,179,0,0
YLR146C,161,139,0,0
YLR147C,175,128,0,0
YLR149C,143,128,2,0
YLR151C,102,99,NA,0
YLR152C,106,89,8,0
YLR153C,3370,3221,3,0
YLR154C,107,67,5,0
YLR163C,522,495,0,1
YLR165C,30,29,NA,0
YLR166C,363,347,0,0
YLR168C,709,583,0,0
YLR170C,288,245,0,1
YLR172C,548,505,0,0
YLR176C,110,109,NA,0
YLR178C,770,671,0,0
YLR179C,581,533,0,1
YLR181C,240,224,1,0
YLR183C,337,302,2,1
YLR189C,168,167,NA,0
YLR192C,1117,1040,0,1
YLR193C,223,187,0,0
YLR194C,1632,1452,0,0
YLR195C,525,498,0,0
YLR199C,332,285,0,0
YLR201C,321,298,NA,0
YLR203C,461,416,5,0
YLR205C,322,296,2,1
YLR209C,338,336,NA,0
YLR211C,56,47,0,3
YLR212C,113,101,0,0
YLR213C,6,6,0,0
YLR215C,128,112,0,3
YLR216C,2043,1875,1,0
YLR218C,45,36,NA,1
YLR221C,370,334,0,2
YLR222C,539,513,0,1
YLR223C,410,389,10,NA
YLR225C,435,407,0,1
YLR227C,38,13,24,NA
YLR228C,87,83,0,0
YLR229C,569,488,9,0
YLR231C,145,132,0,0
YLR233C,34,17,3,0
YLR239C,148,136,0,0
YLR242C,29,26,1,0
YLR244C,854,797,0,0
YLR245C,112,93,0,0
YLR247C,154,141,NA,0
YLR254C,113,98,1,0
YLR255C,1,0,0,1
YLR259C,5681,5418,0,3
YLR262C-A,550,353,0,1
YLR265C,38,35,NA,0
YLR266C,20,20,NA,0
YLR269C,4,0,NA,4
YLR272C,163,159,0,0
YLR273C,26,22,1,0
YLR276C,729,676,3,2
YLR277C,198,175,9,0
YLR284C,49,46,1,0
YLR285C-A,0,0,0,0
YLR286C,2825,2602,59,NA
YLR287C,296,278,2,0
YLR287C-A,1411,1013,0,4
YLR288C,54,50,0,0
YLR290C,107,97,0,1
YLR291C,479,443,0,0
YLR292C,429,357,0,0
YLR293C,2229,1960,1,0
YLR294C,57,5,NA,NA
YLR298C,146,131,NA,0
YLR304C,5954,5685,0,2
YLR305C,337,332,NA,0
YLR309C,347,341,0,NA
YLR310C,370,365,NA,0
YLR311C,0,0,0,0
YLR312C,43,43,0,NA
YLR313C,69,54,9,0
YLR314C,1097,1039,2,0
YLR316C,108,102,0,0
YLR319C,240,229,0,0
YLR321C,385,369,0,0
YLR323C,86,80,0,0
YLR325C,2095,1422,0,8
YLR327C,1170,798,18,5
YLR333C,1463,1115,22,9
YLR336C,311,302,0,NA
YLR337C,520,495,4,0
YLR339C,0,0,0,0
YLR346C,2,2,0,0
YLR347C,835,795,3,1
YLR348C,223,203,0,0
YLR351C,323,308,NA,0
YLR354C,2409,2203,3,1
YLR355C,8868,8213,9,9
YLR361C,134,114,0,1
YLR361C-A,137,117,NA,0
YLR363C,308,252,0,1
YLR364C-A,0,0,0,0
YLR370C,644,566,1,1
YLR373C,169,157,0,0
YLR376C,23,20,1,0
YLR378C,815,763,14,0
YLR382C,252,236,0,0
YLR384C,696,693,NA,1
YLR387C,610,575,0,1
YLR389C,313,308,NA,0
YLR392C,63,55,2,0
YLR395C,749,536,1,2
YLR396C,136,131,0,0
YLR397C,250,243,0,0
YLR398C,582,576,NA,1
YLR399C,384,373,0,NA
YLR401C,417,395,0,0
YLR406C,1145,940,0,1
YLR406C-A,2,0,2,NA
YLR408C,59,58,NA,0
YLR409C,409,401,0,0
YLR412C-A,3,0,1,2
YLR414C,1088,967,13,1
YLR418C,427,396,NA,0
YLR421C,585,513,0,3
YLR423C,59,49,0,0
YLR428C,2,1,0,0
YLR431C,42,30,5,1
YLR433C,162,155,NA,0
YLR436C,118,104,0,0
YLR437C,213,191,5,1
YLR438C-A,334,228,5,2
YLR440C,230,215,1,1
YLR441C,3720,3298,1,3
YLR442C,205,202,0,0
YLR447C,931,841,1,0
YLR452C,43,40,0,0
YLR453C,52,37,7,NA
YLR457C,29,27,0,1
YLR460C,13,13,0,0
YLL061W,35,33,0,0
YLL058W,111,106,0,0
YLL055W,3,1,2,0
YLL049W,32,31,0,NA
YLL047W,0,0,0,0
YLL043W,313,304,3,0
YLL037W,1,1,NA,0
YLL035W,65,64,0,0
YLL033W,47,44,NA,0
YLL029W,615,573,9,1
YLL028W,573,547,3,2
YLL027W,366,325,16,0
YLL026W,5168,4952,15,0
YLL025W,3,2,0,0
YLL021W,585,569,3,NA
YLL015W,374,364,NA,0
YLL014W,199,145,0,0
YLL012W,83,78,1,0
YLL011W,308,282,0,0
YLL008W,706,684,0,0
YLL006W,204,191,0,0
YLL004W,108,103,0,0
YLL003W,71,71,0,0
YLL002W,60,55,0,0
YLL001W,637,619,0,0
YLR005W,165,155,0,0
YLR007W,69,67,0,0
YLR009W,554,464,22,0
YLR011W,105,71,1,0
YLR015W,108,102,0,0
YLR017W,354,350,NA,0
YLR019W,248,228,5,0
YLR021W,127,94,6,0
YLR025W,481,430,1,1
YLR031W,1,1,NA,0
YLR032W,157,151,NA,0
YLR033W,264,237,1,0
YLR041W,21,1,0,20
YLR048W,3804,3498,10,1
YLR052W,182,171,NA,1
YLR056W,1061,973,2,0
YLR057W,187,171,2,0
YLR060W,1627,1553,1,1
YLR061W,2444,1805,0,6
YLR064W,357,302,2,0
YLR066W,256,222,0,0
YLR068W,187,152,0,0
YLR072W,101,96,0,0
YLR075W,5240,4624,0,2
YLR077W,141,129,0,0
YLR079W,336,301,0,1
YLR080W,35,34,NA,0
YLR081W,6,6,0,0
YLR086W,193,187,NA,0
YLR088W,244,210,1,0
YLR090W,252,247,0,0
YLR091W,31,29,NA,0
YLR092W,3,3,NA,0
YLR096W,175,169,3,NA
YLR099W-A,102,81,1,0
YLR100W,830,781,0,0
YLR104W,177,157,1,0
YLR107W,162,155,NA,0
YLR109W,3915,3354,6,19
YLR112W,21,4,0,15
YLR113W,670,605,6,1
YLR115W,164,152,0,0
YLR116W,178,176,NA,0
YLR119W,99,99,NA,0
YLR120W-A,6,0,4,2
YLR124W,8,4,NA,1
YLR125W,1,0,0,0
YLR128W,83,70,0,0
YLR129W,461,432,0,0
YLR133W,504,475,0,1
YLR134W,1173,1166,0,0
YLR135W,58,56,0,1
YLR137W,45,40,0,0
YLR138W,147,133,7,NA
YLR141W,48,46,NA,1
YLR142W,308,302,NA,0
YLR143W,167,163,0,0
YLR145W,92,83,0,0
YLR146W-A,170,139,0,2
YLR148W,357,341,NA,0
YLR150W,4073,3800,2,0
YLR164W,8,7,NA,0
YLR167W,4002,3547,4,1
YLR173W,100,92,0,0
YLR174W,32,29,1,0
YLR175W,1588,1469,0,1
YLR177W,294,287,0,1
YLR180W,2296,2145,10,0
YLR182W,312,303,1,0
YLR185W,2211,1610,0,5
YLR186W,449,389,0,0
YLR187W,270,261,0,NA
YLR188W,123,116,0,0
YLR190W,401,372,5,0
YLR191W,179,161,0,0
YLR196W,728,680,1,NA
YLR197W,2530,2414,0,NA
YLR200W,325,259,0,1
YLR204W,448,380,1,0
YLR206W,635,609,14,NA
YLR207W,158,155,0,0
YLR208W,700,620,3,5
YLR210W,79,76,0,0
YLR214W,70,65,0,0
YLR217W,1,1,0,0
YLR219W,363,347,5,0
YLR220W,401,330,15,0
YLR224W,91,74,5,0
YLR226W,256,244,0,0
YLR234W,48,46,0,0
YLR237W,342,319,2,1
YLR238W,115,100,0,1
YLR240W,136,131,1,0
YLR241W,235,227,0,0
YLR243W,304,260,2,0
YLR246W,34,34,NA,0
YLR248W,607,565,0,0
YLR249W,12917,12719,2,3
YLR250W,591,523,0,0
YLR253W,226,208,11,0
YLR256W,211,196,2,NA
YLR257W,1182,1084,18,0
YLR258W,992,961,6,1
YLR260W,220,209,5,0
YLR263W,5,1,4,0
YLR264W,1194,816,0,6
YLR267W,6,6,0,0
YLR268W,347,275,3,1
YLR270W,802,726,4,5
YLR271W,77,64,8,0
YLR274W,384,355,0,0
YLR275W,167,119,0,0
YLR283W,47,41,NA,0
YLR285W,293,272,NA,0
YLR286W-A,2,0,0,0
YLR289W,128,118,0,0
YLR296W,0,0,0,0
YLR297W,89,65,6,0
YLR299W,365,349,4,0
YLR300W,4757,4391,34,25
YLR301W,619,543,1,0
YLR303W,1081,993,1,1
YLR306W,88,69,2,0
YLR307W,6,6,0,0
YLR312W-A,443,391,0,2
YLR315W,74,53,0,1
YLR317W,0,0,0,0
YLR318W,7,6,NA,NA
YLR320W,24,23,NA,0
YLR324W,182,173,0,0
YLR326W,159,141,1,0
YLR328W,192,170,4,0
YLR329W,9,7,NA,1
YLR330W,752,717,0,1
YLR332W,324,294,11,0
YLR335W,951,878,0,0
YLR340W,5725,5221,16,7
YLR342W,3934,3835,19,NA
YLR342W-A,1,0,1,NA
YLR343W,2,2,NA,0
YLR344W,1674,1410,0,3
YLR345W,286,274,0,0
YLR349W,7,3,NA,4
YLR350W,460,417,2,0
YLR352W,74,70,3,0
YLR353W,50,45,3,0
YLR356W,293,236,3,0
YLR357W,319,315,NA,0
YLR359W,616,557,4,3
YLR360W,116,100,1,0
YLR362W,208,199,0,0
YLR363W-A,142,94,0,0
YLR364W,64,48,0,0
YLR367W,1146,1029,NA,1
YLR368W,61,55,0,0
YLR369W,283,268,0,NA
YLR371W,176,170,2,NA
YLR372W,762,689,10,1
YLR375W,127,116,2,0
YLR380W,452,416,6,0
YLR381W,48,47,0,NA
YLR383W,121,104,1,0
YLR386W,254,240,0,0
YLR388W,951,648,31,10
YLR390W,159,148,NA,0
YLR390W-A,3061,2783,1,7
YLR393W,143,131,0,NA
YLR394W,3,3,NA,0
YLR400W,0,0,0,0
YLR402W,9,4,NA,5
YLR403W,277,270,NA,0
YLR404W,43,36,0,0
YLR405W,110,104,0,0
YLR407W,191,159,8,0
YLR410W,724,715,NA,0
YLR411W,8,8,NA,0
YLR412W,113,106,NA,0
YLR413W,459,444,0,0
YLR417W,78,73,0,0
YLR419W,257,240,0,0
YLR420W,660,600,0,0
YLR422W,102,96,2,1
YLR424W,75,74,NA,0
YLR425W,64,63,NA,0
YLR426W,52,49,0,0
YLR427W,192,171,2,0
YLR429W,884,851,0,0
YLR430W,309,302,2,0
YLR432W,1536,1437,1,1
YLR435W,387,316,3,0
YLR438W,139,125,1,0
YLR439W,390,343,0,0
YLR443W,70,55,6,0
YLR446W,64,58,0,NA
YLR448W,2424,2105,0,3
YLR449W,1181,1075,3,0
YLR450W,206,191,3,1
YLR451W,205,195,2,NA
YLR454W,199,189,1,0
YLR455W,204,189,2,0
YLR456W,48,43,0,0
YLR459W,152,138,0,0
YML130C,660,606,1,0
YML129C,378,262,0,5
YML128C,1138,1044,2,0
YML126C,1805,1769,NA,0
YML125C,289,261,0,0
YML124C,523,490,0,0
YML123C,1,1,0,0
YML122C,2,1,NA,0
YML120C,1046,994,1,1
YML115C,313,259,0,0
YML114C,147,136,0,0
YML110C,419,395,0,0
YML107C,63,62,0,0
YML105C,641,594,0,0
YML104C,58,54,2,0
YML103C,473,469,NA,0
YML099C,81,80,NA,0
YML097C,199,185,0,0
YML095C,81,73,0,0
YML094C-A,0,0,0,0
YML092C,866,770,0,0
YML091C,522,511,NA,NA
YML089C,3,1,NA,2
YML087C,20,19,0,0
YML086C,873,820,1,0
YML085C,638,567,0,0
YML083C,1,1,NA,0
YML081C-A,695,386,13,4
YML076C,50,48,0,0
YML075C,691,633,2,0
YML074C,1049,1002,0,NA
YML073C,2628,2303,0,9
YML072C,1272,1238,8,NA
YML071C,214,188,4,0
YML067C,219,200,0,0
YML064C,174,146,5,0
YML062C,207,195,0,0
YML061C,138,135,1,0
YML059C,251,248,NA,0
YML056C,976,902,4,0
YML054C,210,196,NA,0
YML053C,158,132,1,0
YML049C,175,174,NA,NA
YML043C,32,25,4,1
YML041C,150,128,NA,0
YML038C,111,102,2,0
YML035C,572,550,5,0
YML032C,133,115,0,0
YML026C,2949,2502,0,9
YML025C,521,469,7,0
YML023C,47,41,3,0
YML021C,122,116,NA,0
YML018C,69,65,0,0
YML015C,137,122,1,0
YML011C,60,56,NA,0
YML009C,254,163,5,2
YML008C,1438,1312,0,1
YML007C-A,6,2,0,1
YML006C,68,63,1,0
YML004C,1045,980,0,0
YMR001C,358,344,NA,0
YMR001C-A,1,0,NA,1
YMR006C,86,82,0,0
YMR008C,869,848,NA,2
YMR013C,75,70,NA,1
YMR015C,1286,1238,3,0
YMR016C,128,120,2,0
YMR021C,137,128,0,0
YMR023C,28,27,0,0
YMR026C,58,49,7,0
YMR029C,174,158,0,0
YMR031C,994,963,1,NA
YMR034C,15,9,6,0
YMR036C,63,63,0,0
YMR037C,340,331,NA,1
YMR038C,584,527,1,1
YMR039C,431,377,5,NA
YMR041C,94,83,0,0
YMR047C,711,702,1,NA
YMR049C,1071,1042,0,0
YMR052C-A,3,2,NA,1
YMR053C,28,25,NA,NA
YMR055C,122,114,0,0
YMR056C,36,30,0,0
YMR060C,97,89,0,0
YMR062C,878,813,0,1
YMR067C,253,245,0,0
YMR071C,217,175,1,0
YMR073C,173,162,0,0
YMR074C,530,472,0,0
YMR076C,460,455,NA,0
YMR077C,89,77,0,0
YMR078C,160,158,0,0
YMR080C,542,518,0,0
YMR081C,51,49,2,0
YMR086C-A,4,0,4,0
YMR088C,113,101,6,0
YMR089C,337,314,12,NA
YMR091C,493,470,0,0
YMR092C,899,865,0,0
YMR097C,141,119,3,0
YMR098C,161,154,1,0
YMR099C,870,785,0,1
YMR101C,11,11,NA,0
YMR102C,126,123,NA,0
YMR103C,2,2,0,0
YMR105C,1654,1597,0,0
YMR106C,61,58,0,0
YMR110C,616,582,0,0
YMR111C,74,62,1,1
YMR112C,127,121,NA,0
YMR114C,79,66,NA,1
YMR116C,5021,4537,2,7
YMR117C,74,67,NA,0
YMR118C,6,6,NA,0
YMR120C,201,191,0,0
YMR121C,1488,1369,3,0
YMR122C,0,0,0,0
YMR126C,25,19,6,0
YMR127C,53,45,2,0
YMR131C,716,688,0,0
YMR132C,134,117,0,0
YMR135C,265,251,0,1
YMR137C,44,39,1,0
YMR142C,3225,2854,0,5
YMR145C,3033,2866,46,2
YMR146C,1431,1280,1,0
YMR150C,93,79,4,NA
YMR153C-A,1,0,0,1
YMR154C,54,54,NA,NA
YMR156C,40,37,NA,0
YMR157C,152,128,0,0
YMR158C-A,6,6,0,0
YMR162C,108,107,NA,0
YMR163C,46,44,0,0
YMR164C,277,268,3,NA
YMR165C,135,130,0,0
YMR166C,99,81,5,0
YMR168C,95,86,1,0
YMR169C,729,713,NA,0
YMR170C,611,564,0,0
YMR171C,127,114,4,1
YMR174C,92,70,0,1
YMR180C,79,57,0,0
YMR181C,137,114,1,0
YMR182C,26,18,0,1
YMR183C,637,547,3,1
YMR187C,44,36,0,0
YMR188C,545,498,0,1
YMR190C,31,29,1,NA
YMR193C-A,0,0,0,0
YMR194C-B,47,35,NA,0
YMR197C,579,510,4,1
YMR201C,98,97,0,0
YMR204C,59,58,0,0
YMR205C,3895,3734,2,1
YMR207C,69,61,6,2
YMR209C,51,44,0,0
YMR212C,252,240,1,0
YMR216C,272,245,10,0
YMR218C,131,127,1,NA
YMR221C,230,215,0,0
YMR222C,259,228,0,0
YMR224C,51,46,0,0
YMR225C,290,221,0,0
YMR226C,1682,1549,1,1
YMR227C,197,185,0,0
YMR229C,1588,1563,NA,0
YMR235C,854,777,0,3
YMR239C,257,230,0,4
YMR240C,142,126,0,0
YMR242C,2999,2671,0,5
YMR243C,440,389,1,0
YMR244C-A,154,110,1,1
YMR247C,420,412,0,NA
YMR252C,9,8,0,1
YMR253C,124,118,0,NA
YMR256C,777,522,2,5
YMR257C,49,28,19,0
YMR258C,154,145,7,0
YMR259C,200,199,NA,0
YMR260C,1264,1014,0,0
YMR261C,626,589,2,0
YMR265C,21,20,NA,0
YMR268C,127,116,1,0
YMR270C,65,53,8,0
YMR271C,48,46,NA,0
YMR272C,959,901,0,0
YMR273C,87,79,1,0
YMR274C,46,45,0,0
YMR275C,183,176,0,0
YMR279C,4,2,0,0
YMR280C,48,48,NA,0
YMR282C,117,113,0,NA
YMR283C,65,61,NA,2
YMR285C,284,275,0,0
YMR287C,127,123,0,NA
YMR290C,1022,989,0,0
YMR293C,117,110,0,1
YMR295C,1131,1003,7,NA
YMR296C,412,392,1,0
YMR299C,62,58,0,0
YMR300C,460,413,0,0
YMR301C,226,218,0,0
YMR302C,468,423,1,1
YMR303C,2494,2407,0,0
YMR305C,1715,1606,15,NA
YMR306C-A,12,7,NA,5
YMR308C,756,739,2,0
YMR309C,1686,1602,0,0
YMR310C,190,169,0,0
YMR311C,462,400,0,0
YMR313C,205,196,0,0
YMR316C-A,0,0,0,0
YMR316C-B,0,0,0,0
YMR318C,689,642,0,0
YMR319C,222,208,0,0
YML131W,287,252,0,0
YML127W,319,303,0,NA
YML121W,182,151,0,0
YML119W,214,194,0,0
YML118W,29,27,0,NA
YML117W,758,745,3,NA
YML116W,27,20,5,0
YML113W,219,202,0,0
YML112W,134,126,0,0
YML111W,291,284,0,NA
YML109W,160,147,0,0
YML108W,251,200,0,0
YML106W,642,541,16,1
YML102W,138,130,0,0
YML100W-A,1,0,NA,1
YML100W,1702,1666,2,0
YML098W,142,118,0,0
YML096W,113,95,0,0
YML094W,309,255,0,0
YML093W,563,540,0,NA
YML090W,0,0,0,0
YML088W,148,146,0,NA
YML084W,13,11,NA,2
YML082W,124,117,0,0
YML081W,99,95,1,0
YML080W,161,146,0,0
YML079W,356,339,0,0
YML078W,898,787,0,0
YML077W,76,70,NA,0
YML070W,1032,1007,0,1
YML069W,811,769,0,0
YML068W,55,44,5,1
YML065W,130,119,0,0
YML063W,4091,3673,2,4
YML060W,173,158,0,1
YML058W-A,13,6,0,0
YML058W,1594,1258,0,2
YML057W,558,523,0,0
YML055W,182,143,0,2
YML052W,476,439,0,0
YML051W,34,31,0,1
YML050W,111,100,0,0
YML048W,520,473,1,0
YML046W,124,112,3,0
YML042W,35,33,NA,0
YML036W,138,120,0,0
YML034W,408,400,0,0
YML031W,194,176,0,0
YML030W,282,220,0,0
YML029W,228,211,0,0
YML028W,2562,2160,2,6
YML027W,390,366,0,0
YML024W,3101,2481,0,0
YML022W,586,522,0,1
YML020W,78,60,12,0
YML019W,123,112,0,0
YML017W,415,378,1,0
YML014W,159,154,NA,0
YML013W,272,263,0,2
YML012W,718,588,1,1
YML010W,1352,1332,0,NA
YML007W,426,406,6,0
YML005W,90,87,0,0
YML002W,4,4,NA,0
YML001W,620,512,4,0
YMR002W,1844,1580,1,3
YMR003W,152,140,1,0
YMR004W,279,265,2,1
YMR005W,307,285,0,0
YMR007W,0,0,0,0
YMR009W,267,231,0,1
YMR010W,165,127,20,0
YMR011W,1491,1392,3,1
YMR012W,1682,1615,3,0
YMR013W-A,0,0,0,0
YMR014W,348,331,0,0
YMR017W,7,6,NA,0
YMR018W,1,1,NA,0
YMR019W,80,80,NA,0
YMR020W,66,58,2,0
YMR022W,508,461,0,0
YMR024W,566,540,NA,0
YMR025W,62,60,0,0
YMR027W,670,615,3,0
YMR028W,192,179,0,0
YMR030W,72,67,1,0
YMR033W,273,244,1,1
YMR035W,40,35,0,0
YMR040W,43,28,11,1
YMR042W,64,56,0,1
YMR043W,437,396,0,1
YMR044W,206,200,0,0
YMR048W,128,123,0,0
YMR052W,86,77,0,0
YMR054W,301,266,12,0
YMR058W,622,574,1,0
YMR059W,75,58,0,0
YMR061W,228,223,0,0
YMR063W,34,28,1,0
YMR064W,87,80,NA,0
YMR065W,10,10,NA,0
YMR066W,80,80,0,0
YMR068W,77,70,0,0
YMR069W,20,17,NA,1
YMR070W,225,213,3,NA
YMR072W,961,838,0,1
YMR075W,112,106,0,0
YMR079W,1016,913,2,0
YMR083W,1345,1234,1,0
YMR085W,3,2,NA,0
YMR086W,418,400,7,0
YMR087W,65,63,0,0
YMR090W,171,160,0,0
YMR093W,315,291,0,0
YMR094W,22,20,0,2
YMR096W,46,37,0,0
YMR100W,100,92,NA,0
YMR107W,17,14,0,0
YMR108W,3257,3111,8,2
YMR109W,577,551,0,0
YMR113W,119,113,1,0
YMR115W,259,247,0,1
YMR119W,117,98,7,NA
YMR122W-A,2044,1617,10,8
YMR123W,320,265,0,0
YMR124W,454,442,5,NA
YMR125W,981,925,10,NA
YMR128W,433,404,2,0
YMR129W,502,489,NA,1
YMR130W,148,131,0,0
YMR134W,189,177,0,0
YMR136W,257,236,1,0
YMR138W,45,39,NA,0
YMR139W,223,198,9,0
YMR140W,270,253,0,0
YMR143W,2426,1905,0,10
YMR144W,188,162,1,0
YMR148W,78,60,14,1
YMR151W,5,3,NA,2
YMR152W,374,354,0,0
YMR153W,404,378,0,0
YMR155W,81,80,0,0
YMR158W,279,252,0,0
YMR160W,110,109,0,0
YMR161W,339,310,0,0
YMR167W,107,103,0,NA
YMR172W,111,110,NA,NA
YMR175W,43,36,1,NA
YMR176W,75,71,1,0
YMR177W,72,71,0,0
YMR178W,286,256,0,0
YMR179W,93,92,NA,0
YMR182W-A,15,0,14,0
YMR184W,330,263,0,0
YMR185W,130,122,0,NA
YMR186W,8595,8385,0,8
YMR189W,1189,1111,4,0
YMR192W,376,354,3,0
YMR193W,458,433,0,0
YMR194W,1786,1398,0,3
YMR195W,119,86,7,0
YMR196W,372,357,NA,0
YMR198W,88,78,7,0
YMR199W,314,287,7,0
YMR200W,598,508,4,1
YMR202W,803,694,0,2
YMR203W,1358,1262,3,1
YMR206W,11,11,0,0
YMR208W,560,517,0,0
YMR210W,119,110,0,0
YMR211W,80,75,0,0
YMR213W,105,101,0,0
YMR214W,281,264,0,0
YMR215W,420,406,0,1
YMR217W,1354,1254,4,2
YMR219W,386,383,NA,0
YMR220W,414,382,0,0
YMR223W,133,119,2,0
YMR228W,209,199,0,0
YMR230W,1783,1350,0,3
YMR231W,174,167,0,0
YMR233W,121,106,1,0
YMR234W,49,44,0,0
YMR236W,378,341,0,0
YMR237W,540,514,7,0
YMR238W,684,615,3,0
YMR241W,491,456,7,0
YMR246W,936,860,4,1
YMR250W,653,596,1,0
YMR251W,2,2,NA,NA
YMR251W-A,2096,1292,7,15
YMR255W,264,256,NA,0
YMR262W,76,62,NA,0
YMR263W,199,172,1,0
YMR264W,169,145,1,0
YMR266W,229,227,0,0
YMR267W,380,337,3,0
YMR269W,139,122,0,0
YMR276W,1323,1233,0,1
YMR277W,153,136,2,0
YMR278W,498,485,0,0
YMR281W,102,94,0,0
YMR284W,78,71,0,0
YMR286W,262,184,0,1
YMR288W,146,144,0,0
YMR289W,143,140,NA,0
YMR291W,917,862,3,0
YMR292W,131,124,0,0
YMR294W,81,74,0,0
YMR297W,2062,1940,0,0
YMR298W,441,380,0,0
YMR304W,359,353,NA,NA
YMR306W,15,14,1,NA
YMR307W,4934,4718,1,6
YMR312W,170,153,0,1
YMR314W,841,709,2,0
YMR315W,1173,1062,1,3
YMR316W,181,166,0,0
YMR317W,15,15,NA,0
YMR320W,1,0,1,0
YNL331C,22,22,NA,0
YNL330C,373,346,1,2
YNL329C,135,130,NA,0
YNL328C,45,34,0,0
YNL326C,69,66,0,0
YNL325C,123,114,0,0
YNL322C,726,654,0,1
YNL316C,142,122,0,0
YNL315C,459,425,0,0
YNL313C,416,398,0,0
YNL311C,79,74,0,0
YNL310C,199,166,0,0
YNL308C,693,633,3,0
YNL307C,540,518,2,0
YNL305C,459,402,0,1
YNL302C,2904,2498,0,5
YNL301C,1941,1703,1,0
YNL297C,354,345,NA,0
YNL294C,56,49,3,0
YNL291C,63,49,1,0
YNL284C,322,315,NA,0
YNL283C,85,70,10,0
YNL280C,351,309,1,0
YNL276C,2,1,0,0
YNL274C,1142,1073,1,1
YNL272C,225,217,4,0
YNL271C,181,180,NA,0
YNL270C,46,45,1,0
YNL265C,273,251,0,0
YNL264C,128,122,NA,0
YNL263C,428,378,6,0
YNL260C,272,259,NA,1
YNL259C,100,67,1,0
YNL258C,198,191,0,0
YNL257C,193,169,1,0
YNL255C,1362,1153,0,5
YNL254C,65,55,0,NA
YNL252C,532,485,0,0
YNL251C,706,667,9,0
YNL249C,32,27,0,0
YNL248C,742,700,0,2
YNL245C,122,106,0,1
YNL244C,856,669,1,0
YNL241C,860,799,1,1
YNL240C,179,177,0,NA
YNL231C,559,496,9,0
YNL230C,74,60,7,1
YNL229C,507,492,NA,1
YNL227C,165,148,0,0
YNL225C,137,131,NA,1
YNL224C,259,249,1,0
YNL221C,163,150,1,0
YNL219C,346,326,5,0
YNL213C,48,38,3,0
YNL211C,45,30,10,NA
YNL206C,146,140,NA,1
YNL201C,140,135,1,NA
YNL200C,202,180,1,0
YNL199C,191,184,NA,0
YNL197C,375,361,3,1
YNL195C,20,20,NA,0
YNL185C,269,239,NA,2
YNL183C,566,522,2,0
YNL182C,217,198,0,0
YNL180C,382,356,NA,0
YNL179C,17,12,2,NA
YNL177C,486,447,0,1
YNL176C,149,138,3,0
YNL175C,562,534,0,1
YNL173C,337,313,1,0
YNL169C,277,256,1,0
YNL168C,413,367,0,0
YNL167C,178,169,2,NA
YNL166C,488,453,0,1
YNL164C,118,94,0,0
YNL163C,309,298,0,0
YNL159C,199,180,0,1
YNL156C,468,369,53,1
YNL154C,639,590,10,0
YNL153C,251,197,1,2
YNL151C,240,216,1,2
YNL149C,313,253,0,0
YNL148C,62,60,0,0
YNL146C-A,5,0,NA,4
YNL144C,16,15,NA,0
YNL143C,96,62,NA,1
YNL139C,352,344,0,NA
YNL137C,575,506,9,0
YNL135C,1426,1161,1,4
YNL134C,1783,1628,0,1
YNL133C,97,91,0,0
YNL130C,461,413,2,0
YNL130C-A,1,1,0,0
YNL125C,197,175,12,0
YNL122C,267,251,NA,0
YNL121C,1382,1302,1,0
YNL118C,1365,1334,1,1
YNL115C,284,272,0,0
YNL114C,5,5,0,NA
YNL111C,665,513,2,0
YNL110C,590,508,0,0
YNL108C,277,262,1,0
YNL106C,93,90,NA,0
YNL104C,3069,2910,21,0
YNL099C,211,192,0,0
YNL098C,768,695,0,0
YNL097C-B,10,0,NA,10
YNL097C,156,144,0,0
YNL096C,2770,2457,2,9
YNL095C,29,27,2,0
YNL084C,381,350,1,1
YNL081C,392,307,0,2
YNL080C,36,29,2,0
YNL079C,1585,1352,0,3
YNL074C,546,505,0,0
YNL069C,3853,3447,0,5
YNL068C,210,190,5,0
YNL064C,3377,3093,56,1
YNL062C,478,456,0,0
YNL059C,277,270,0,0
YNL058C,691,622,0,0
YNL055C,3929,3629,10,1
YNL050C,211,201,0,0
YNL049C,231,219,0,0
YNL047C,95,92,0,0
YNL043C,5,1,4,0
YNL041C,248,240,0,NA
YNL037C,1817,1671,9,0
YNL035C,169,151,0,0
YNL031C,2748,2312,0,6
YNL029C,36,35,0,0
YNL025C,92,89,0,0
YNL024C-A,203,155,5,0
YNL024C,13,10,0,0
YNL023C,109,107,0,0
YNL022C,206,194,0,0
YNL020C,107,102,1,0
YNL019C,4,4,NA,0
YNL011C,101,95,0,0
YNL008C,113,109,0,0
YNL007C,1943,1785,6,0
YNL005C,473,457,0,1
YNL003C,133,126,0,0
YNL002C,776,706,0,0
YNR001C,2526,2360,12,0
YNR002C,8,8,NA,0
YNR003C,345,310,0,0
YNR007C,178,157,0,0
YNR011C,168,162,0,0
YNR013C,734,718,0,1
YNR016C,3926,3882,NA,3
YNR020C,129,124,NA,1
YNR022C,236,203,0,0
YNR025C,1,0,NA,1
YNR026C,325,309,0,NA
YNR029C,203,189,0,0
YNR031C,140,137,NA,0
YNR032C-A,89,61,0,1
YNR035C,981,908,0,0
YNR036C,620,537,0,0
YNR037C,305,207,0,0
YNR039C,125,117,0,0
YNR041C,264,246,0,0
YNR049C,180,163,0,0
YNR050C,634,600,0,0
YNR051C,287,253,19,0
YNR052C,410,361,5,0
YNR053C,612,573,0,1
YNR054C,255,242,0,0
YNR055C,368,281,51,0
YNR056C,0,0,0,0
YNR061C,188,158,3,1
YNR062C,1,1,NA,0
YNR064C,13,12,NA,0
YNR065C,210,204,NA,0
YNR066C,149,142,NA,NA
YNR067C,956,923,0,0
YNR068C,2,2,NA,0
YNR069C,10,5,4,NA
YNR071C,0,0,0,0
YNR073C,17,16,NA,0
YNR074C,0,0,0,0
YNL327W,2515,2469,0,0
YNL323W,295,274,0,0
YNL321W,287,286,0,0
YNL320W,106,97,0,0
YNL317W,162,158,0,0
YNL314W,50,44,NA,0
YNL312W,394,357,0,0
YNL309W,145,135,0,0
YNL306W,488,427,0,1
YNL300W,739,551,3,1
YNL299W,74,73,0,0
YNL298W,235,232,NA,0
YNL295W,128,109,3,0
YNL293W,144,140,0,0
YNL292W,182,169,0,0
YNL290W,267,256,0,1
YNL289W,629,564,6,1
YNL288W,331,299,9,0
YNL287W,1465,1412,10,0
YNL286W,90,86,1,0
YNL281W,717,570,0,0
YNL279W,4,4,0,NA
YNL278W,87,82,0,0
YNL277W-A,5,4,NA,0
YNL277W,29,22,NA,3
YNL275W,44,43,0,0
YNL273W,112,110,NA,0
YNL268W,1129,1103,0,0
YNL267W,288,280,0,0
YNL262W,314,311,NA,0
YNL261W,133,125,0,0
YNL256W,200,198,0,0
YNL253W,136,128,0,0
YNL250W,115,113,NA,0
YNL247W,975,947,NA,0
YNL246W,199,168,0,0
YNL243W,875,840,0,0
YNL242W,93,89,1,NA
YNL239W,806,761,22,1
YNL238W,193,159,7,0
YNL237W,21,19,0,0
YNL236W,193,186,0,0
YNL234W,20,18,0,0
YNL233W,309,300,0,0
YNL232W,278,249,1,0
YNL228W,1,0,1,NA
YNL226W,0,0,0,0
YNL223W,95,91,NA,0
YNL222W,340,314,1,1
YNL220W,628,547,0,0
YNL218W,97,93,1,0
YNL217W,62,60,0,0
YNL216W,495,485,2,0
YNL215W,220,202,1,NA
YNL214W,107,89,0,0
YNL212W,353,331,0,0
YNL209W,7504,7282,0,4
YNL208W,2414,2248,0,1
YNL207W,320,286,4,0
YNL202W,31,29,0,0
YNL193W,120,109,0,0
YNL192W,996,965,1,NA
YNL191W,81,73,2,0
YNL190W,1816,1663,37,1
YNL189W,1395,1288,15,2
YNL188W,46,43,1,0
YNL187W,11,4,6,0
YNL186W,401,368,7,0
YNL181W,229,215,1,0
YNL178W,4855,4348,0,0
YNL172W,121,117,0,NA
YNL165W,74,73,0,0
YNL162W-A,57,30,0,0
YNL162W,2182,1682,0,4
YNL161W,472,462,2,0
YNL160W,2769,2530,2,1
YNL158W,122,94,1,NA
YNL157W,470,408,0,0
YNL155W,281,250,4,1
YNL152W,80,71,0,0
YNL147W,216,171,9,0
YNL146W,32,27,1,1
YNL145W,1,0,0,0
YNL142W,123,101,9,NA
YNL141W,593,532,0,0
YNL138W-A,119,100,0,0
YNL138W,1848,1762,2,0
YNL136W,78,65,0,NA
YNL132W,751,712,0,0
YNL131W,1066,943,5,1
YNL129W,112,101,NA,0
YNL128W,4,4,0,NA
YNL127W,149,146,NA,0
YNL126W,127,118,1,0
YNL124W,174,165,0,0
YNL123W,625,601,0,0
YNL119W,144,130,0,0
YNL117W,2,1,0,0
YNL116W,336,316,0,0
YNL113W,559,471,3,0
YNL112W,1138,1064,1,0
YNL109W,6,2,4,NA
YNL107W,182,157,NA,1
YNL103W-A,0,0,0,0
YNL103W,269,254,2,0
YNL102W,530,521,NA,1
YNL101W,213,199,3,0
YNL100W,463,416,0,0
YNL097W-A,0,0,0,0
YNL094W,97,66,29,0
YNL093W,22,19,2,0
YNL092W,28,24,0,0
YNL091W,438,404,3,NA
YNL090W,100,75,6,0
YNL088W,372,367,0,NA
YNL087W,139,137,NA,0
YNL086W,88,69,2,0
YNL085W,747,696,26,2
YNL083W,151,125,1,13
YNL082W,161,160,0,0
YNL078W,138,133,0,1
YNL077W,100,91,4,0
YNL076W,203,188,4,0
YNL075W,390,347,1,0
YNL073W,153,139,0,0
YNL072W,132,119,0,0
YNL071W,2280,2187,1,1
YNL070W,414,278,2,4
YNL067W-A,1,0,NA,0
YNL067W,1798,1610,0,3
YNL066W,411,360,17,1
YNL065W,224,208,2,0
YNL063W,38,38,NA,0
YNL061W,846,794,0,NA
YNL057W,2,2,NA,0
YNL056W,186,154,0,0
YNL054W,165,160,NA,0
YNL053W,159,155,0,0
YNL052W,1089,1013,1,3
YNL051W,146,141,NA,0
YNL048W,180,169,0,0
YNL046W,77,76,NA,0
YNL045W,513,509,NA,1
YNL044W,621,538,2,0
YNL042W,39,37,1,1
YNL040W,262,240,0,0
YNL039W,261,254,0,0
YNL038W,55,50,0,0
YNL036W,2021,1804,6,2
YNL033W,4,4,0,0
YNL032W,140,122,6,0
YNL030W,2595,1969,5,14
YNL027W,335,316,1,0
YNL026W,212,198,0,0
YNL021W,177,164,3,0
YNL016W,1773,1693,2,0
YNL015W,853,614,1,0
YNL014W,75,75,NA,0
YNL012W,17,16,NA,0
YNL010W,896,781,1,0
YNL009W,40,36,NA,0
YNL006W,243,236,0,0
YNL004W,514,492,0,1
YNL001W,361,346,0,1
YNR001W-A,2,0,0,1
YNR004W,12,11,0,0
YNR006W,470,452,0,0
YNR008W,340,321,0,0
YNR009W,168,147,2,0
YNR010W,197,157,0,1
YNR012W,213,194,1,0
YNR014W,92,79,0,0
YNR015W,204,188,0,1
YNR017W,540,449,18,0
YNR018W,535,474,0,0
YNR019W,647,599,0,NA
YNR021W,811,743,1,0
YNR023W,165,153,0,0
YNR024W,170,143,0,1
YNR027W,79,74,0,0
YNR028W,181,168,3,0
YNR030W,263,236,0,0
YNR032W,104,93,2,0
YNR033W,305,293,NA,0
YNR034W,261,228,2,1
YNR034W-A,520,411,2,0
YNR038W,251,241,NA,0
YNR040W,186,169,NA,0
YNR043W,1047,966,0,1
YNR044W,63,59,1,0
YNR045W,88,83,0,0
YNR046W,472,413,0,1
YNR047W,194,178,0,0
YNR048W,86,77,0,0
YNR058W,16,15,1,0
YNR059W,46,33,13,0
YNR060W,3,3,0,0
YNR063W,37,32,NA,4
YNR070W,0,0,0,0
YNR072W,2,2,0,0
YNR075W,62,59,0,NA
YOL159C-A,93,65,3,3
YOL159C,80,71,0,0
YOL158C,28,23,3,0
YOL157C,35,35,NA,0
YOL155C,2953,2915,0,NA
YOL150C,0,0,0,0
YOL148C,169,159,NA,NA
YOL147C,363,305,0,1
YOL145C,578,541,1,0
YOL143C,1029,867,5,0
YOL139C,1762,1587,2,1
YOL138C,91,91,NA,0
YOL136C,198,159,28,0
YOL135C,195,166,0,0
YOL128C,49,43,NA,3
YOL126C,676,619,2,1
YOL124C,183,170,0,0
YOL122C,366,345,0,1
YOL121C,2522,2200,0,3
YOL120C,3377,2896,0,0
YOL119C,284,276,0,0
YOL114C,16,15,0,0
YOL111C,452,391,0,1
YOL108C,127,102,NA,2
YOL105C,56,46,5,0
YOL102C,115,105,NA,0
YOL101C,18,15,0,0
YOL097C,819,755,0,0
YOL096C,171,153,2,0
YOL095C,52,48,0,0
YOL094C,250,223,0,0
YOL089C,192,187,NA,0
YOL088C,247,199,0,0
YOL087C,161,153,NA,2
YOL086C,11457,10609,6,1
YOL085C,4,0,NA,4
YOL080C,131,123,1,0
YOL077C,753,698,0,0
YOL075C,89,89,NA,NA
YOL073C,139,125,0,0
YOL070C,478,462,0,2
YOL068C,86,86,NA,NA
YOL067C,192,176,NA,0
YOL066C,185,174,0,0
YOL065C,114,105,0,0
YOL064C,205,183,0,0
YOL063C,77,63,1,0
YOL062C,140,126,0,0
YOL060C,230,208,1,1
YOL055C,118,111,NA,0
YOL052C-A,587,366,0,6
YOL052C,262,236,0,0
YOL048C,104,95,0,0
YOL043C,66,45,10,0
YOL041C,727,685,0,1
YOL040C,3601,2911,19,8
YOL038C-A,6,0,2,0
YOL037C,0,0,0,0
YOL031C,229,221,0,0
YOL029C,0,0,0,0
YOL028C,114,94,10,NA
YOL027C,675,651,0,0
YOL026C,205,178,0,0
YOL022C,288,262,0,0
YOL021C,615,594,0,0
YOL018C,270,241,9,0
YOL016C,390,352,0,0
YOL013C,76,69,0,0
YOL012C,349,280,7,3
YOL009C,69,62,NA,0
YOL007C,395,350,1,1
YOL006C,353,346,0,0
YOL005C,430,341,1,0
YOL003C,99,91,0,0
YOL002C,173,169,0,0
YOR005C,51,50,NA,0
YOR006C,231,207,0,0
YOR007C,1209,1135,NA,2
YOR008C,339,291,4,3
YOR008C-A,1,0,1,NA
YOR010C,4,3,0,0
YOR016C,145,115,3,1
YOR020C,1625,1214,2,3
YOR021C,461,386,1,0
YOR022C,73,71,NA,0
YOR023C,191,181,3,0
YOR028C,319,289,5,0
YOR032C,34,30,2,0
YOR033C,83,76,3,0
YOR034C,55,51,3,0
YOR035C,265,250,0,NA
YOR038C,165,161,0,0
YOR041C,15,0,15,0
YOR046C,1024,964,0,0
YOR047C,107,102,0,0
YOR048C,426,406,0,0
YOR049C,1,1,0,0
YOR050C,0,0,0,0
YOR051C,525,480,0,0
YOR052C,834,717,5,1
YOR054C,208,199,1,0
YOR056C,260,245,0,0
YOR058C,175,173,NA,0
YOR059C,133,125,0,0
YOR060C,69,57,0,0
YOR062C,129,124,NA,1
YOR064C,57,52,NA,0
YOR067C,244,220,0,0
YOR068C,0,0,0,0
YOR070C,155,151,0,0
YOR071C,52,43,0,8
YOR074C,344,310,0,0
YOR076C,161,159,0,0
YOR079C,138,127,0,0
YOR081C,171,166,0,0
YOR086C,538,505,6,0
YOR089C,435,355,0,2
YOR090C,241,232,3,0
YOR093C,152,149,0,0
YOR095C,175,151,3,0
YOR097C,71,47,0,0
YOR098C,403,399,NA,0
YOR100C,3,3,NA,0
YOR103C,253,188,0,0
YOR108C-A,0,0,0,0
YOR115C,135,104,0,0
YOR116C,359,335,2,0
YOR119C,225,213,0,0
YOR121C,3,0,3,NA
YOR122C,1043,826,0,4
YOR123C,448,427,0,0
YOR124C,676,653,6,0
YOR125C,247,223,1,2
YOR126C,148,141,0,0
YOR128C,83,50,0,0
YOR129C,39,38,0,0
YOR130C,89,75,NA,0
YOR131C,258,215,1,0
YOR137C,19,19,NA,0
YOR138C,217,207,0,0
YOR141C,393,385,0,1
YOR143C,123,115,1,0
YOR144C,77,76,NA,0
YOR145C,535,463,0,2
YOR148C,39,33,0,0
YOR149C,48,42,0,0
YOR151C,649,623,NA,0
YOR152C,94,82,3,0
YOR155C,238,235,NA,0
YOR156C,78,77,1,0
YOR157C,945,871,2,0
YOR159C,96,65,0,0
YOR161C,457,404,11,0
YOR161C-C,2,1,NA,0
YOR162C,99,85,11,0
YOR164C,513,460,1,0
YOR166C,69,57,0,0
YOR167C,1430,947,0,7
YOR171C,419,392,2,NA
YOR175C,250,223,1,0
YOR177C,35,31,NA,3
YOR178C,296,279,NA,0
YOR179C,127,116,0,1
YOR180C,16,5,10,0
YOR182C,1398,1118,NA,9
YOR185C,318,291,5,0
YOR186C-A,0,0,0,0
YOR192C,45,43,NA,0
YOR194C,314,296,0,NA
YOR196C,205,183,0,0
YOR198C,1839,1688,1,1
YOR201C,228,189,0,0
YOR205C,86,85,0,0
YOR207C,486,455,0,0
YOR209C,713,628,6,0
YOR211C,423,412,NA,0
YOR213C,98,80,1,1
YOR215C,399,344,0,0
YOR216C,260,215,3,0
YOR218C,0,0,0,0
YOR219C,179,177,NA,0
YOR221C,209,197,0,0
YOR224C,602,495,0,3
YOR226C,340,278,0,0
YOR228C,50,33,8,0
YOR234C,1474,1184,0,0
YOR242C,1,1,NA,0
YOR243C,565,545,0,0
YOR245C,222,192,3,1
YOR246C,149,112,6,0
YOR249C,62,59,0,0
YOR250C,165,162,0,0
YOR251C,363,335,0,0
YOR254C,965,888,0,2
YOR256C,153,144,NA,0
YOR259C,1148,1092,0,0
YOR261C,998,880,0,0
YOR267C,602,561,14,0
YOR270C,1231,1169,13,0
YOR271C,580,523,1,0
YOR273C,490,465,2,0
YOR275C,105,101,0,0
YOR279C,116,106,2,0
YOR280C,197,174,0,0
YOR281C,386,356,0,0
YOR287C,268,249,0,0
YOR288C,182,172,2,1
YOR290C,354,348,NA,0
YOR292C,63,59,0,1
YOR293C-A,0,0,0,0
YOR297C,206,181,0,0
YOR298C-A,2257,1936,1,1
YOR304C-A,153,101,NA,0
YOR306C,54,49,0,0
YOR307C,175,142,16,0
YOR308C,170,161,0,0
YOR309C,305,281,NA,0
YOR311C,197,170,0,0
YOR312C,3276,2881,0,6
YOR313C,2,2,0,0
YOR316C,257,222,2,0
YOR318C,0,0,0,0
YOR320C,193,167,9,0
YOR322C,184,181,NA,0
YOR323C,1251,1188,0,0
YOR324C,81,76,0,0
YOR327C,315,226,2,2
YOR329C,333,326,NA,0
YOR333C,0,0,0,0
YOR335C,2382,2303,7,0
YOR339C,0,0,0,0
YOR340C,681,612,1,0
YOR342C,150,117,5,0
YOR343C,5,1,1,2
YOR344C,251,235,1,0
YOR347C,207,192,2,1
YOR348C,1383,1350,NA,0
YOR350C,107,102,1,0
YOR353C,234,232,NA,NA
YOR354C,557,535,1,0
YOR357C,269,246,0,0
YOR360C,182,159,0,0
YOR361C,1921,1878,NA,1
YOR362C,809,721,0,1
YOR363C,93,85,5,NA
YOR365C,12,9,NA,0
YOR369C,2792,2311,20,5
YOR370C,555,496,25,1
YOR371C,116,109,0,0
YOR372C,337,328,1,2
YOR375C,7659,7088,12,3
YOR379C,10,7,3,NA
YOR383C,45,39,0,0
YOL164W,7,7,NA,0
YOL154W,1,1,0,0
YOL152W,34,33,0,0
YOL151W,267,256,0,0
YOL149W,201,192,0,NA
YOL146W,117,105,0,0
YOL144W,183,174,0,0
YOL142W,235,214,0,0
YOL141W,90,85,0,NA
YOL140W,384,345,0,0
YOL137W,199,183,0,0
YOL133W,234,189,0,0
YOL132W,1,1,NA,0
YOL130W,223,202,10,0
YOL129W,378,309,0,0
YOL127W,3205,2685,1,1
YOL125W,90,80,0,0
YOL123W,1371,1234,90,NA
YOL117W,84,82,0,NA
YOL116W,62,59,1,0
YOL115W,199,191,1,NA
YOL113W,201,200,0,0
YOL112W,136,106,8,0
YOL110W,34,31,0,0
YOL109W,3265,2614,18,15
YOL107W,140,129,1,0
YOL103W,90,68,17,0
YOL100W,105,103,NA,0
YOL097W-A,6,0,4,0
YOL093W,239,219,0,1
YOL092W,285,247,0,0
YOL091W,12,12,NA,0
YOL090W,395,387,0,0
YOL086W-A,112,74,6,1
YOL085W-A,0,0,0,0
YOL083W,51,45,1,0
YOL082W,264,254,1,0
YOL081W,257,253,NA,0
YOL078W,125,119,0,0
YOL077W-A,488,378,4,6
YOL076W,266,253,0,0
YOL072W,103,102,NA,0
YOL071W,352,320,NA,0
YOL069W,99,91,0,0
YOL061W,584,546,0,0
YOL059W,613,593,NA,0
YOL058W,1783,1611,7,4
YOL057W,396,379,0,0
YOL056W,97,76,0,0
YOL054W,139,124,0,0
YOL053W,104,100,NA,0
YOL051W,620,615,NA,NA
YOL049W,471,435,0,0
YOL045W,155,146,0,0
YOL044W,92,90,0,0
YOL042W,161,151,1,0
YOL039W,2605,2013,3,26
YOL038W,849,772,0,0
YOL036W,163,110,47,0
YOL034W,72,67,0,0
YOL033W,141,123,7,0
YOL032W,220,203,4,0
YOL030W,1247,1174,0,1
YOL025W,37,35,0,0
YOL024W,0,0,0,0
YOL023W,171,162,0,0
YOL020W,323,295,1,0
YOL019W,487,426,2,1
YOL017W,139,135,0,0
YOL015W,4,2,2,0
YOL014W,3,0,3,0
YOL013W-B,0,0,0,0
YOL013W-A,6,6,NA,0
YOL011W,394,348,20,NA
YOL010W,353,325,0,0
YOL008W,151,131,0,0
YOL004W,785,779,NA,0
YOL001W,36,20,13,NA
YOR001W,384,363,0,0
YOR002W,226,211,3,0
YOR003W,35,32,0,1
YOR004W,304,248,2,0
YOR009W,6,6,NA,0
YOR011W,18,17,NA,0
YOR013W,7,6,NA,0
YOR014W,535,498,15,NA
YOR015W,1,1,0,0
YOR017W,118,115,0,1
YOR018W,133,131,0,NA
YOR019W,15,15,NA,0
YOR020W-A,197,143,0,1
YOR025W,208,196,0,0
YOR026W,83,77,NA,0
YOR027W,3694,3500,0,4
YOR029W,0,0,0,0
YOR030W,59,50,2,0
YOR031W,75,39,0,4
YOR032W-A,0,0,0,0
YOR036W,213,198,0,0
YOR037W,103,89,1,0
YOR039W,348,295,5,4
YOR040W,38,35,NA,0
YOR042W,851,771,0,0
YOR043W,437,393,9,0
YOR044W,54,41,5,0
YOR045W,548,355,4,0
YOR053W,9,0,9,NA
YOR057W,252,233,1,0
YOR061W,445,400,8,1
YOR063W,8377,7731,0,0
YOR065W,1964,1764,57,7
YOR066W,246,237,NA,0
YOR069W,384,365,0,1
YOR073W,57,49,1,0
YOR075W,134,133,0,NA
YOR077W,78,76,0,NA
YOR078W,172,152,0,0
YOR080W,69,69,0,NA
YOR084W,23,21,0,0
YOR085W,303,272,1,0
YOR087W,300,269,5,0
YOR091W,613,528,0,0
YOR092W,97,87,1,0
YOR094W,176,144,4,0
YOR096W,3293,2900,3,3
YOR099W,386,359,2,0
YOR101W,177,160,2,0
YOR102W,1,1,0,NA
YOR104W,229,203,2,NA
YOR106W,97,86,5,0
YOR107W,17,8,7,0
YOR108W,742,700,0,1
YOR109W,403,386,5,NA
YOR110W,148,135,0,0
YOR111W,125,123,0,0
YOR112W,251,241,1,0
YOR113W,232,230,NA,0
YOR114W,86,61,0,0
YOR117W,984,914,9,0
YOR118W,99,91,2,0
YOR120W,1234,1118,3,1
YOR127W,285,278,NA,0
YOR132W,351,336,2,0
YOR133W,9813,9490,3,0
YOR136W,2181,2040,36,2
YOR140W,148,136,7,0
YOR142W,1299,1190,14,1
YOR146W,0,0,0,0
YOR147W,107,98,0,0
YOR150W,296,254,0,1
YOR153W,1624,1572,20,NA
YOR154W,62,55,1,0
YOR158W,501,466,1,1
YOR160W,316,307,1,0
YOR163W,194,176,0,0
YOR165W,520,491,0,0
YOR168W,2053,2010,0,2
YOR172W,59,52,3,0
YOR173W,345,290,1,0
YOR174W,138,109,0,1
YOR176W,488,445,0,0
YOR181W,332,308,0,0
YOR184W,1152,1067,2,1
YOR186W,10,5,3,0
YOR187W,1686,1573,0,0
YOR188W,192,179,6,NA
YOR189W,220,180,0,1
YOR190W,2,2,0,NA
YOR191W,174,169,3,1
YOR193W,61,55,2,0
YOR195W,434,426,0,0
YOR197W,725,688,0,1
YOR202W,505,479,0,NA
YOR204W,3568,3443,NA,2
YOR206W,1006,979,0,0
YOR208W,159,159,NA,0
YOR210W,498,329,1,2
YOR212W,211,193,NA,0
YOR217W,404,389,0,0
YOR220W,665,600,1,0
YOR222W,387,358,0,0
YOR223W,197,179,0,0
YOR227W,170,169,NA,0
YOR229W,81,73,0,0
YOR230W,1837,1657,10,2
YOR231W,102,94,4,0
YOR232W,1115,958,3,3
YOR233W,105,99,NA,0
YOR235W,1,1,0,NA
YOR236W,44,41,0,0
YOR237W,0,0,0,0
YOR238W,110,106,0,0
YOR239W,726,695,0,NA
YOR241W,395,377,NA,0
YOR244W,156,143,1,0
YOR247W,1837,1567,64,NA
YOR252W,315,276,0,1
YOR253W,222,183,0,0
YOR255W,0,0,0,0
YOR257W,177,152,0,0
YOR258W,31,29,0,0
YOR260W,451,424,2,0
YOR262W,107,95,0,0
YOR264W,379,358,3,0
YOR265W,331,247,0,1
YOR266W,121,112,1,0
YOR269W,53,48,0,0
YOR272W,505,468,0,0
YOR274W,148,143,NA,NA
YOR276W,860,711,0,0
YOR278W,89,84,0,0
YOR283W,289,244,3,1
YOR284W,57,43,1,1
YOR285W,822,704,NA,1
YOR286W,557,501,NA,3
YOR289W,121,117,NA,0
YOR291W,148,147,NA,0
YOR293W,2041,1491,1,0
YOR294W,516,465,0,0
YOR295W,72,65,1,0
YOR296W,63,61,0,NA
YOR298W,2,2,0,NA
YOR299W,146,138,0,NA
YOR301W,158,151,0,0
YOR303W,1965,1865,NA,0
YOR304W,244,239,NA,0
YOR305W,151,79,24,NA
YOR314W,0,0,0,0
YOR314W-A,1,0,1,NA
YOR315W,123,110,3,2
YOR317W,2192,2091,0,1
YOR319W,60,52,0,0
YOR321W,136,133,0,0
YOR325W,0,0,0,0
YOR326W,762,752,NA,1
YOR328W,11,11,NA,0
YOR332W,1608,1415,0,3
YOR334W,65,57,NA,0
YOR336W,92,86,0,1
YOR337W,129,125,NA,1
YOR338W,27,23,0,3
YOR341W,1614,1573,5,0
YOR346W,154,142,7,0
YOR349W,38,38,0,0
YOR352W,137,125,0,0
YOR355W,307,288,11,0
YOR356W,233,220,0,0
YOR358W,96,81,0,3
YOR359W,153,141,0,0
YOR364W,13,12,1,NA
YOR366W,0,0,0,0
YOR367W,199,170,0,0
YOR368W,71,68,0,0
YOR373W,159,159,NA,0
YOR374W,1978,1850,3,4
YOR376W-A,8,1,6,1
YOR377W,9,7,0,1
YOR378W,1,1,NA,0
YOR380W,62,32,24,0
YOR381W,6,6,0,0
YOR381W-A,8,0,0,8
YOR382W,175,135,0,0
YOR384W,2,0,0,2
YOR385W,133,121,0,0
YOR386W,158,150,0,NA
YOR389W,124,121,0,0
YOR390W,96,93,NA,0
YPL279C,98,94,NA,1
YPL272C,7,2,5,NA
YPL264C,39,37,NA,0
YPL263C,392,357,0,0
YPL261C,0,0,0,0
YPL259C,193,187,0,0
YPL258C,33,13,18,NA
YPL256C,664,599,9,1
YPL253C,89,87,0,0
YPL252C,186,162,0,0
YPL250C,397,316,9,4
YPL249C-A,2542,2046,4,8
YPL249C,317,309,0,0
YPL248C,14,14,0,0
YPL247C,182,173,NA,0
YPL246C,389,329,0,1
YPL244C,69,64,0,0
YPL242C,330,327,NA,0
YPL241C,78,72,0,0
YPL240C,5393,5203,2,1
YPL236C,63,56,0,0
YPL234C,555,464,0,0
YPL227C,120,101,3,0
YPL224C,87,82,NA,1
YPL223C,49,43,NA,1
YPL222C-A,0,0,0,0
YPL217C,522,514,0,NA
YPL214C,159,135,11,0
YPL212C,550,530,4,NA
YPL210C,850,825,0,0
YPL209C,61,57,2,0
YPL206C,443,410,0,0
YPL205C,3,2,NA,0
YPL202C,233,210,1,2
YPL199C,311,271,0,0
YPL197C,6,0,6,NA
YPL192C,1,0,0,0
YPL191C,97,88,0,0
YPL190C,1266,1213,3,1
YPL189C-A,393,246,1,3
YPL186C,124,119,NA,0
YPL184C,379,337,25,0
YPL183C,318,301,0,1
YPL177C,338,301,7,0
YPL176C,338,329,1,0
YPL174C,29,29,NA,0
YPL172C,204,190,2,0
YPL171C,30,27,NA,0
YPL169C,305,293,0,0
YPL167C,23,14,4,NA
YPL165C,0,0,0,0
YPL164C,45,38,6,NA
YPL163C,990,858,0,0
YPL162C,85,74,0,0
YPL161C,130,125,0,NA
YPL159C,234,209,0,0
YPL158C,436,402,3,0
YPL156C,11,9,0,NA
YPL155C,208,191,0,0
YPL154C,2209,2005,30,0
YPL153C,82,79,NA,0
YPL151C,85,74,0,1
YPL148C,54,33,16,0
YPL146C,440,415,4,0
YPL145C,1156,1106,8,1
YPL141C,207,195,1,NA
YPL140C,142,120,10,0
YPL139C,143,135,0,0
YPL138C,98,91,0,0
YPL137C,175,169,NA,0
YPL135C-A,2,0,0,2
YPL134C,156,139,0,0
YPL133C,77,69,5,0
YPL128C,199,192,0,0
YPL127C,727,659,0,0
YPL123C,221,209,0,1
YPL122C,113,109,0,0
YPL119C-A,1,0,NA,1
YPL119C,74,74,0,NA
YPL117C,1060,970,5,0
YPL115C,237,235,NA,0
YPL113C,38,37,0,0
YPL112C,298,283,0,0
YPL110C,553,540,NA,0
YPL109C,50,44,0,0
YPL106C,4376,4239,9,NA
YPL105C,536,531,0,1
YPL103C,113,107,0,0
YPL102C,0,0,0,0
YPL099C,195,173,0,0
YPL098C,365,299,0,0
YPL096C-A,46,24,4,0
YPL095C,44,44,0,0
YPL094C,447,397,0,0
YPL090C,4963,4616,2,6
YPL089C,337,304,3,0
YPL086C,385,350,0,0
YPL083C,119,100,2,0
YPL082C,250,240,NA,0
YPL078C,1212,1101,3,11
YPL077C,57,54,NA,0
YPL071C,56,45,5,0
YPL069C,71,63,0,0
YPL068C,56,45,0,0
YPL067C,392,337,2,0
YPL064C,105,90,0,0
YPL058C,402,383,NA,0
YPL057C,414,377,5,3
YPL056C,3,1,0,1
YPL055C,203,195,0,0
YPL053C,475,430,3,0
YPL050C,479,434,5,0
YPL049C,364,331,2,3
YPL046C,76,63,0,0
YPL042C,71,57,4,0
YPL041C,38,27,0,0
YPL040C,156,154,NA,0
YPL037C,1751,1533,1,1
YPL033C,0,0,0,0
YPL032C,334,319,3,0
YPL031C,363,340,0,2
YPL026C,269,252,1,1
YPL025C,0,0,0,0
YPL023C,334,316,8,0
YPL020C,240,228,2,0
YPL019C,240,225,1,0
YPL017C,33,33,NA,NA
YPL015C,108,102,0,1
YPL013C,240,188,0,0
YPL011C,113,100,0,0
YPL009C,568,542,0,1
YPL007C,105,91,0,0
YPL004C,2348,2197,1,4
YPL002C,81,70,0,0
YPR002C-A,29,22,0,NA
YPR003C,106,99,0,2
YPR004C,414,377,0,0
YPR005C,297,283,NA,0
YPR006C,51,48,NA,0
YPR007C,4,4,NA,0
YPR010C,1464,1376,4,0
YPR010C-A,645,429,5,1
YPR011C,82,68,0,0
YPR013C,47,44,1,0
YPR015C,10,10,NA,0
YPR016C,972,854,5,0
YPR017C,104,94,0,0
YPR021C,98,90,NA,0
YPR022C,240,238,NA,1
YPR023C,220,209,1,0
YPR025C,127,124,0,0
YPR027C,0,0,0,0
YPR029C,362,353,1,0
YPR033C,1115,1090,NA,3
YPR037C,101,81,0,0
YPR042C,194,189,NA,NA
YPR044C,0,0,0,0
YPR045C,344,318,0,0
YPR049C,134,129,0,0
YPR050C,0,0,0,0
YPR052C,515,432,NA,2
YPR053C,378,369,0,NA
YPR060C,347,303,0,0
YPR061C,30,28,0,0
YPR063C,438,369,0,0
YPR068C,8,7,NA,0
YPR069C,736,653,0,2
YPR073C,278,220,1,2
YPR074C,2723,2590,0,4
YPR075C,176,154,4,0
YPR081C,83,77,NA,NA
YPR082C,111,93,0,1
YPR085C,45,29,15,0
YPR088C,912,849,0,0
YPR091C,204,193,0,0
YPR093C,93,84,1,0
YPR095C,49,48,NA,0
YPR098C,182,154,0,0
YPR102C,3581,3159,1,2
YPR104C,139,134,0,0
YPR105C,179,166,0,0
YPR107C,174,143,1,0
YPR110C,858,792,0,0
YPR112C,626,608,1,NA
YPR120C,155,141,2,0
YPR123C,9,1,7,0
YPR126C,5,0,5,NA
YPR128C,100,90,0,0
YPR133C,598,550,1,1
YPR138C,150,113,18,0
YPR139C,163,133,1,0
YPR141C,151,139,1,0
YPR144C,413,380,0,0
YPR145C-A,13,12,0,NA
YPR146C,5,1,NA,NA
YPR148C,808,762,3,1
YPR151C,70,49,7,NA
YPR152C,61,52,0,6
YPR155C,180,163,0,0
YPR156C,671,636,12,0
YPR161C,302,291,2,0
YPR162C,174,157,0,0
YPR163C,2064,1974,8,1
YPR166C,392,274,2,2
YPR167C,52,49,NA,0
YPR170C,1,0,1,0
YPR173C,550,503,2,0
YPR174C,98,84,1,0
YPR176C,187,166,NA,0
YPR179C,137,130,0,0
YPR181C,1177,1134,3,1
YPR186C,57,54,NA,0
YPR188C,225,201,0,0
YPR190C,214,207,0,0
YPR193C,37,32,NA,1
YPR194C,23,23,NA,0
YPR195C,14,3,NA,11
YPR197C,1,1,NA,0
YPR199C,83,74,0,0
YPR200C,4,3,NA,0
YPL274W,1106,1022,0,0
YPL273W,376,344,2,0
YPL271W,698,424,0,0
YPL270W,155,143,0,1
YPL269W,14,10,0,0
YPL268W,37,33,0,0
YPL267W,275,236,0,0
YPL266W,480,428,3,0
YPL265W,640,600,5,0
YPL262W,922,901,NA,0
YPL260W,1252,1190,8,2
YPL257W,36,33,0,1
YPL255W,51,46,0,0
YPL254W,151,138,2,0
YPL251W,0,0,0,0
YPL245W,135,126,1,1
YPL243W,715,680,4,0
YPL239W,449,387,1,3
YPL237W,1086,978,3,0
YPL235W,742,693,0,0
YPL233W,126,117,0,0
YPL232W,686,625,3,0
YPL231W,7241,7176,NA,0
YPL230W,165,163,0,0
YPL229W,196,175,0,0
YPL228W,379,351,3,0
YPL226W,1464,1385,1,0
YPL225W,1076,921,0,0
YPL222W,78,73,1,0
YPL221W,418,374,7,0
YPL220W,4352,4023,0,1
YPL219W,134,129,0,0
YPL218W,939,837,8,1
YPL216W,18,18,NA,NA
YPL215W,487,441,0,0
YPL213W,260,228,0,0
YPL211W,457,399,0,0
YPL208W,137,134,NA,0
YPL207W,316,302,0,0
YPL204W,446,398,1,0
YPL203W,209,197,6,0
YPL200W,0,0,0,0
YPL198W,4129,3998,0,1
YPL196W,150,133,0,0
YPL195W,403,377,0,0
YPL194W,33,33,0,0
YPL193W,136,125,1,0
YPL189W,6,5,0,0
YPL188W,389,348,0,0
YPL187W,3019,2579,32,3
YPL185W,13,11,0,0
YPL183W-A,349,266,5,1
YPL181W,348,331,0,0
YPL180W,240,227,0,0
YPL179W,344,293,12,0
YPL178W,454,409,8,1
YPL175W,141,125,0,1
YPL173W,500,456,1,0
YPL170W,334,283,3,2
YPL168W,77,75,0,0
YPL166W,99,90,0,2
YPL160W,2236,2173,3,0
YPL157W,77,59,0,7
YPL152W,209,171,0,1
YPL150W,119,118,NA,0
YPL149W,53,39,2,0
YPL147W,40,40,NA,0
YPL144W,110,83,0,1
YPL143W,2159,1665,1,4
YPL135W,903,759,5,2
YPL132W,100,85,3,0
YPL131W,5806,5441,0,2
YPL129W,584,532,1,0
YPL126W,646,621,2,NA
YPL125W,297,291,3,NA
YPL124W,89,88,0,0
YPL120W,155,146,0,0
YPL118W,713,642,3,0
YPL116W,273,261,NA,0
YPL114W,5,3,0,1
YPL111W,1226,1115,1,1
YPL108W,78,72,NA,1
YPL107W,112,78,0,0
YPL104W,195,183,0,0
YPL101W,242,235,0,0
YPL100W,171,160,0,0
YPL097W,212,196,0,0
YPL096W,154,140,0,0
YPL093W,807,732,0,3
YPL092W,85,73,5,0
YPL091W,830,802,NA,0
YPL088W,167,147,1,2
YPL087W,380,333,3,1
YPL085W,833,815,NA,0
YPL084W,429,414,0,0
YPL081W,1838,1674,2,4
YPL079W,2707,2284,0,3
YPL076W,52,35,4,0
YPL075W,86,84,NA,0
YPL074W,93,92,0,0
YPL072W,69,53,8,0
YPL070W,232,217,0,0
YPL066W,90,81,3,0
YPL065W,116,114,NA,0
YPL063W,686,635,0,1
YPL062W,0,0,0,0
YPL061W,3738,3490,5,3
YPL060W,69,52,5,0
YPL059W,497,403,2,0
YPL054W,30,27,1,NA
YPL052W,124,95,1,0
YPL051W,110,98,0,0
YPL048W,1387,1308,0,0
YPL047W,49,34,2,0
YPL045W,116,100,3,0
YPL043W,646,623,0,NA
YPL038W,80,67,0,0
YPL036W,762,762,NA,NA
YPL034W,59,11,41,0
YPL030W,176,166,2,0
YPL029W,121,118,1,0
YPL028W,1873,1766,5,1
YPL027W,0,0,0,0
YPL024W,161,140,0,0
YPL022W,129,118,8,0
YPL018W,61,58,0,1
YPL016W,229,228,NA,0
YPL014W,134,114,0,0
YPL012W,869,844,3,NA
YPL010W,561,498,1,1
YPL008W,70,58,11,0
YPL006W,259,246,0,0
YPL005W,55,53,0,0
YPL003W,71,64,0,0
YPL001W,168,156,0,0
YPR001W,12,12,0,0
YPR002W,160,146,0,1
YPR008W,263,246,1,0
YPR009W,41,35,2,0
YPR012W,1,0,1,NA
YPR018W,211,199,1,0
YPR019W,305,300,0,0
YPR020W,779,677,5,1
YPR024W,722,670,14,1
YPR026W,91,87,NA,NA
YPR028W,1171,1052,3,2
YPR030W,64,62,NA,0
YPR031W,48,44,0,NA
YPR032W,156,149,NA,0
YPR034W,346,327,1,0
YPR035W,2270,2096,13,1
YPR036W,2153,2055,2,0
YPR036W-A,1584,1079,37,13
YPR040W,257,246,NA,0
YPR041W,1439,1329,7,0
YPR043W,2043,1456,3,1
YPR046W,63,57,0,0
YPR047W,203,191,5,0
YPR048W,145,135,0,0
YPR051W,242,215,0,0
YPR054W,0,0,0,0
YPR055W,295,293,0,NA
YPR056W,197,177,0,0
YPR057W,76,73,NA,0
YPR058W,180,167,0,0
YPR062W,535,430,0,0
YPR065W,468,435,0,0
YPR066W,30,30,NA,NA
YPR067W,97,87,0,0
YPR070W,128,118,0,0
YPR071W,33,29,0,0
YPR072W,772,723,12,0
YPR079W,132,115,1,0
YPR080W,22351,21285,2,8
YPR083W,58,52,0,0
YPR084W,57,51,1,0
YPR086W,154,143,0,0
YPR087W,0,0,0,0
YPR089W,307,291,0,0
YPR094W,125,89,0,0
YPR097W,364,344,4,0
YPR100W,276,226,0,0
YPR101W,110,93,0,0
YPR103W,757,669,6,0
YPR106W,169,159,0,NA
YPR108W,952,896,9,2
YPR108W-A,0,0,0,0
YPR109W,108,94,14,NA
YPR111W,146,130,0,0
YPR113W,519,452,1,0
YPR114W,185,162,0,0
YPR115W,104,101,NA,0
YPR116W,16,14,NA,1
YPR117W,19,16,2,NA
YPR118W,398,376,0,0
YPR119W,292,263,12,0
YPR121W,5,5,NA,0
YPR122W,83,83,NA,0
YPR124W,206,184,1,0
YPR125W,400,367,4,1
YPR127W,174,157,5,0
YPR129W,722,694,0,1
YPR132W,3464,2732,0,17
YPR133W-A,358,219,1,5
YPR134W,88,73,0,0
YPR135W,221,217,NA,0
YPR137W,378,339,1,0
YPR140W,155,138,1,0
YPR143W,302,258,0,0
YPR145W,2755,2697,0,1
YPR149W,1819,1433,33,5
YPR150W,2,0,2,NA
YPR153W,22,16,0,0
YPR154W,507,475,0,0
YPR157W,9,9,0,0
YPR158W,206,177,0,0
YPR159W,1018,981,10,1
YPR160W,2305,2190,10,1
YPR164W,97,88,0,3
YPR165W,1520,1339,18,0
YPR169W,264,254,0,0
YPR170W-B,533,415,NA,5
YPR171W,172,162,0,0
YPR172W,234,208,0,0
YPR175W,120,120,0,0
YPR178W,119,108,0,0
YPR180W,194,188,0,0
YPR182W,118,71,7,0
YPR183W,1396,1260,1,1
YPR184W,486,465,NA,0
YPR185W,99,88,2,0
YPR187W,546,488,0,0
YPR189W,451,444,NA,0
YPR191W,1876,1686,7,14
YPR192W,3,3,0,0
YPR196W,31,31,0,0
YPR198W,185,169,0,0
YPR201W,25,21,NA,3