trx,cds,utr5,utr3,
YAL067C,5,5,NA,0
YAL063C-A,0,0,0,0
YAL063C,5,5,NA,0
YAL054C,12,12,NA,0
YAL049C,311,274,2,0
YAL047C,40,36,0,0
YAL046C,98,79,0,0
YAL044C,567,506,0,1
YAL043C,222,217,0,0
YAL040C,168,145,12,0
YAL039C,471,431,3,0
YAL037C-A,0,0,0,0
YAL036C,299,281,0,0
YAL034C-B,0,0,0,0
YAL034C,29,23,6,0
YAL032C,65,60,0,0
YAL031C,61,59,0,0
YAL029C,137,132,NA,0
YAL026C-A,8,7,NA,0
YAL026C,157,157,0,NA
YAL025C,218,201,0,0
YAL024C,61,60,NA,0
YAL023C,880,857,5,1
YAL022C,175,167,0,0
YAL021C,516,482,0,1
YAL020C,27,26,NA,0
YAL018C,3,2,0,0
YAL015C,44,42,NA,0
YAL014C,67,57,2,0
YAL010C,59,54,0,0
YAL007C,359,329,5,1
YAL005C,8858,8657,18,NA
YAL001C,94,92,0,NA
YAR002C-A,477,430,0,0
YAR007C,421,410,1,0
YAR014C,182,172,6,0
YAR018C,119,112,0,1
YAR019C,36,35,NA,0
YAR023C,2,1,1,NA
YAR047C,0,0,0,0
YAL066W,0,0,0,0
YAL064W-B,5,0,5,0
YAL062W,14,13,NA,0
YAL061W,46,43,2,0
YAL060W,330,309,0,0
YAL059W,115,109,NA,0
YAL058W,66,58,0,0
YAL056W,45,42,0,0
YAL055W,29,24,0,0
YAL053W,577,531,21,1
YAL051W,78,77,NA,0
YAL047W-A,0,0,0,0
YAL044W-A,142,110,NA,0
YAL042W,380,352,0,0
YAL041W,131,128,0,0
YAL038W,12959,12342,4,9
YAL037W,6,6,NA,NA
YAL035W,1359,1318,0,NA
YAL034W-A,37,32,0,0
YAL033W,84,70,NA,0
YAL030W,129,103,0,0
YAL028W,20,16,1,0
YAL027W,46,44,NA,0
YAL019W,215,214,NA,0
YAL017W,238,227,8,NA
YAL016W,592,586,3,0
YAL013W,97,92,0,0
YAL012W,1803,1667,5,1
YAL011W,44,44,NA,0
YAL009W,22,18,NA,0
YAL008W,124,103,1,0
YAL004W,5,0,1,4
YAL003W,2882,2590,0,5
YAL002W,44,42,NA,0
YAR002W,296,284,1,0
YAR003W,51,49,1,0
YAR008W,24,19,2,0
YAR015W,245,226,3,0
YAR019W-A,6,0,NA,6
YAR027W,175,146,12,0
YAR028W,36,32,0,0
YAR029W,0,0,0,0
YAR031W,31,29,NA,0
YAR033W,39,36,1,0
YAR035W,10,10,NA,0
YAR042W,152,148,NA,0
YAR050W,7,7,NA,0
YAR053W,1,0,0,NA
YAR071W,57,56,NA,0
YBL113C,146,137,NA,0
YBL107C,99,93,NA,0
YBL106C,22,21,NA,0
YBL105C,138,132,4,0
YBL104C,73,71,NA,0
YBL103C,86,79,2,2
YBL101C,145,141,NA,0
YBL093C,123,113,1,0
YBL091C-A,51,45,NA,1
YBL091C,409,393,0,0
YBL088C,19,19,NA,0
YBL087C,1728,1544,2,1
YBL086C,70,61,0,0
YBL084C,54,53,NA,0
YBL080C,69,63,0,0
YBL078C,127,113,0,0
YBL076C,1521,1486,0,0
YBL075C,19,19,NA,0
YBL074C,24,23,NA,NA
YBL072C,3217,2990,0,7
YBL071C,0,0,0,0
YBL070C,0,0,0,0
YBL067C,97,80,7,NA
YBL066C,37,33,1,1
YBL064C,407,366,0,0
YBL061C,193,186,1,0
YBL059C-A,154,121,0,1
YBL057C,110,99,0,0
YBL055C,105,101,0,0
YBL052C,19,18,1,0
YBL051C,359,339,1,0
YBL047C,1279,1252,9,0
YBL045C,1250,1175,17,2
YBL042C,316,301,0,0
YBL040C,307,245,1,1
YBL039C,728,719,NA,0
YBL036C,228,210,0,1
YBL035C,145,143,0,0
YBL034C,108,107,NA,0
YBL033C,193,175,0,0
YBL030C,2310,2070,27,2
YBL029C-A,104,67,12,0
YBL028C,153,125,0,0
YBL023C,217,205,0,0
YBL022C,638,617,3,0
YBL021C,40,38,0,0
YBL018C,70,46,4,0
YBL017C,422,418,NA,0
YBL014C,19,18,0,1
YBL010C,61,58,NA,1
YBL007C,721,709,2,0
YBL006C,105,91,0,0
YBL003C,1046,869,0,9
YBL001C,381,326,0,0
YBR001C,173,162,2,0
YBR002C,46,44,0,0
YBR004C,68,60,0,0
YBR007C,78,74,NA,1
YBR008C,2,1,0,1
YBR009C,1021,835,14,4
YBR011C,2469,2298,0,7
YBR012C,0,0,0,0
YBR013C,0,0,0,0
YBR014C,216,186,6,0
YBR015C,464,421,7,4
YBR017C,289,267,1,0
YBR018C,3,3,0,0
YBR019C,2,2,NA,0
YBR023C,439,430,NA,0
YBR025C,1681,1560,2,3
YBR026C,459,436,NA,0
YBR028C,83,77,1,0
YBR029C,364,329,0,2
YBR034C,300,273,0,0
YBR035C,545,487,0,0
YBR036C,461,431,1,3
YBR037C,188,176,1,1
YBR042C,109,102,0,0
YBR043C,53,43,3,0
YBR044C,70,61,1,0
YBR045C,22,22,NA,0
YBR046C,173,155,0,0
YBR049C,294,280,4,0
YBR050C,0,0,0,0
YBR052C,293,245,6,0
YBR053C,300,280,0,0
YBR055C,111,107,0,0
YBR057C,103,97,0,0
YBR058C,213,207,0,0
YBR058C-A,179,108,6,3
YBR059C,291,286,4,NA
YBR060C,74,71,1,0
YBR061C,159,156,0,0
YBR062C,114,103,0,0
YBR063C,1,1,0,0
YBR065C,76,63,0,NA
YBR066C,79,74,NA,1
YBR067C,841,747,6,3
YBR068C,549,517,3,1
YBR069C,360,335,6,0
YBR070C,73,72,0,0
YBR072C-A,2,0,NA,2
YBR076C-A,10,10,NA,0
YBR077C,133,126,0,NA
YBR079C,1225,1194,0,0
YBR080C,547,524,0,0
YBR081C,116,112,NA,0
YBR082C,1184,1014,19,5
YBR084C-A,2241,2012,0,1
YBR085C-A,850,658,0,2
YBR086C,547,506,18,0
YBR088C,390,347,0,0
YBR089C-A,314,236,NA,3
YBR091C,90,72,0,0
YBR092C,1096,1025,0,0
YBR093C,305,295,0,0
YBR095C,84,82,0,0
YBR099C,2,0,2,NA
YBR101C,289,267,1,1
YBR102C,128,128,0,0
YBR103C-A,0,0,0,0
YBR105C,59,56,0,0
YBR107C,10,7,0,1
YBR109C,850,724,1,2
YBR111C,388,372,NA,1
YBR112C,735,727,NA,1
YBR115C,715,710,NA,0
YBR120C,153,129,0,0
YBR121C,1312,1271,7,NA
YBR122C,269,219,5,0
YBR123C,106,104,0,0
YBR125C,93,75,5,0
YBR126C,1246,1176,16,2
YBR127C,1708,1627,2,1
YBR128C,16,14,0,NA
YBR129C,71,65,0,2
YBR130C,134,129,0,0
YBR132C,127,113,7,0
YBR133C,114,112,0,0
YBR138C,135,128,0,0
YBR140C,136,134,NA,0
YBR141C,39,33,0,0
YBR143C,809,755,1,3
YBR144C,0,0,0,0
YBR150C,78,77,0,0
YBR154C,392,359,5,0
YBR156C,81,75,0,0
YBR157C,16,14,NA,0
YBR162C,1282,1155,50,3
YBR164C,249,210,15,1
YBR166C,265,247,0,0
YBR167C,33,27,NA,0
YBR169C,373,352,0,0
YBR170C,174,166,0,0
YBR172C,242,229,0,0
YBR173C,320,270,0,1
YBR174C,0,0,0,0
YBR177C,709,672,0,0
YBR179C,156,150,0,0
YBR181C,3536,3264,0,2
YBR182C,55,53,NA,0
YBR182C-A,0,0,0,0
YBR185C,204,172,0,0
YBR188C,71,58,1,1
YBR193C,104,96,0,0
YBR195C,80,79,1,0
YBR196C,4945,4695,7,7
YBR197C,40,35,0,0
YBR198C,211,204,0,0
YBR201C-A,19,16,1,0
YBR204C,91,87,0,0
YBR208C,104,94,7,0
YBR211C,32,29,0,NA
YBR216C,45,44,0,0
YBR218C,900,860,4,0
YBR221C,1051,946,36,0
YBR222C,507,497,0,0
YBR223C,40,38,0,0
YBR229C,320,307,0,0
YBR230C,400,329,0,3
YBR231C,49,44,0,0
YBR234C,527,480,2,0
YBR236C,164,150,0,0
YBR238C,78,75,NA,NA
YBR239C,47,44,0,0
YBR240C,13,11,NA,1
YBR241C,99,95,0,0
YBR243C,115,107,0,0
YBR245C,330,330,NA,NA
YBR247C,233,211,0,0
YBR248C,405,380,0,0
YBR249C,1736,1640,15,1
YBR254C,64,58,0,0
YBR255C-A,59,32,0,0
YBR256C,347,317,0,2
YBR258C,31,30,0,0
YBR260C,123,119,0,0
YBR261C,183,176,0,0
YBR262C,92,67,0,1
YBR264C,63,54,0,0
YBR269C,223,201,0,1
YBR270C,4,3,0,0
YBR272C,140,134,0,1
YBR273C,221,217,0,1
YBR275C,110,108,NA,NA
YBR276C,52,44,5,0
YBR277C,0,0,0,0
YBR280C,80,78,0,0
YBR281C,118,114,0,0
YBR283C,662,608,13,0
YBR288C,151,146,0,0
YBR291C,74,63,0,0
YBR292C,13,0,12,NA
YBR296C,8,7,0,0
YBR298C,1,0,1,0
YBL102W,160,144,0,1
YBL100W-C,2,2,0,0
YBL099W,2644,2452,80,10
YBL098W,244,232,NA,0
YBL097W,50,49,0,0
YBL095W,49,43,0,0
YBL092W,2518,2182,13,5
YBL090W,157,129,0,0
YBL089W,41,37,0,0
YBL085W,182,182,NA,0
YBL081W,160,155,3,0
YBL079W,185,180,1,NA
YBL071W-A,78,65,0,0
YBL068W,175,159,0,1
YBL063W,40,40,0,NA
YBL060W,41,40,0,0
YBL059W,59,55,NA,0
YBL058W,497,475,1,0
YBL056W,278,254,0,0
YBL054W,112,111,0,0
YBL050W,380,338,4,0
YBL048W,0,0,0,0
YBL046W,104,100,NA,1
YBL043W,27,25,1,0
YBL041W,454,422,0,0
YBL039W-B,19,10,6,0
YBL038W,307,267,1,0
YBL037W,178,173,0,0
YBL032W,258,237,3,0
YBL031W,30,26,0,0
YBL029W,45,44,NA,0
YBL027W,2347,2118,2,3
YBL026W,203,125,11,0
YBL025W,45,39,0,0
YBL024W,570,542,0,NA
YBL020W,100,84,4,0
YBL019W,29,29,NA,0
YBL016W,132,123,NA,0
YBL015W,261,242,0,1
YBL011W,155,144,3,0
YBL009W,119,113,2,0
YBL008W,68,67,NA,0
YBL005W,44,40,0,0
YBL004W,274,267,NA,0
YBL002W,854,718,0,0
YBR003W,188,172,0,0
YBR005W,73,59,0,0
YBR006W,105,98,1,0
YBR010W,1278,1103,1,3
YBR016W,320,280,0,1
YBR020W,0,0,0,0
YBR021W,152,146,2,0
YBR022W,87,80,0,2
YBR024W,115,108,1,NA
YBR030W,26,22,1,0
YBR031W,5020,4715,0,2
YBR033W,17,17,NA,0
YBR038W,518,501,0,0
YBR039W,970,888,4,0
YBR041W,214,200,1,0
YBR047W,12,11,0,0
YBR048W,2214,2023,0,3
YBR051W,0,0,0,0
YBR054W,1039,914,61,1
YBR056W,313,304,0,0
YBR056W-A,77,57,0,0
YBR071W,326,299,5,2
YBR072W,219,195,2,0
YBR073W,346,341,NA,0
YBR074W,173,168,NA,1
YBR076W,8,8,NA,0
YBR078W,3561,3341,52,4
YBR083W,164,156,0,NA
YBR084W,648,637,0,0
YBR085W,9,8,1,0
YBR087W,177,152,0,0
YBR094W,196,191,0,NA
YBR096W,304,260,3,1
YBR097W,58,57,NA,0
YBR098W,37,36,0,0
YBR103W,75,65,2,0
YBR104W,94,85,0,0
YBR106W,892,825,0,1
YBR108W,204,201,0,0
YBR110W,119,112,0,0
YBR111W-A,112,93,1,1
YBR114W,51,46,2,0
YBR118W,17231,16409,0,9
YBR119W,82,78,1,0
YBR131W,24,22,0,0
YBR135W,216,189,3,0
YBR136W,47,45,NA,1
YBR137W,179,165,NA,0
YBR139W,445,431,NA,0
YBR141W-A,2,0,0,0
YBR142W,201,194,0,0
YBR145W,74,61,0,0
YBR146W,411,375,4,1
YBR147W,29,21,1,0
YBR148W,17,16,NA,0
YBR149W,836,787,1,0
YBR151W,243,217,6,0
YBR152W,29,28,1,NA
YBR153W,46,41,0,0
YBR155W,130,121,0,0
YBR158W,215,195,11,1
YBR159W,383,346,0,1
YBR160W,332,296,3,0
YBR161W,85,74,1,0
YBR162W-A,312,228,0,2
YBR163W,19,18,1,0
YBR165W,74,66,0,0
YBR168W,25,19,5,NA
YBR171W,234,222,0,1
YBR175W,34,31,NA,0
YBR176W,89,77,0,0
YBR178W,0,0,0,0
YBR183W,129,117,0,0
YBR184W,15,14,NA,0
YBR186W,5,5,0,NA
YBR187W,180,150,3,0
YBR189W,2530,2181,0,1
YBR192W,178,164,8,0
YBR194W,58,36,7,0
YBR199W,244,232,2,0
YBR200W,119,110,3,0
YBR201W,33,28,3,0
YBR202W,277,270,0,0
YBR203W,117,112,2,0
YBR205W,332,308,0,NA
YBR207W,145,134,1,0
YBR210W,52,49,0,0
YBR212W,364,347,11,0
YBR213W,47,44,0,0
YBR214W,467,453,1,0
YBR215W,108,103,0,0
YBR217W,24,15,1,0
YBR225W,88,85,NA,0
YBR228W,20,20,NA,0
YBR230W-A,138,100,0,0
YBR233W,81,77,1,0
YBR233W-A,37,31,0,1
YBR235W,102,96,0,0
YBR237W,40,39,0,0
YBR242W,158,148,5,0
YBR244W,26,21,0,0
YBR246W,83,78,0,0
YBR250W,4,4,0,NA
YBR251W,268,258,0,0
YBR252W,187,144,0,0
YBR253W,58,40,1,0
YBR255W,30,28,0,0
YBR257W,65,63,1,0
YBR259W,27,25,0,0
YBR263W,488,464,0,0
YBR265W,129,122,0,0
YBR267W,193,182,0,0
YBR268W,137,106,0,1
YBR271W,57,51,0,1
YBR274W,68,61,1,0
YBR278W,35,31,0,0
YBR279W,224,207,0,0
YBR282W,275,239,0,1
YBR284W,9,8,0,NA
YBR285W,27,23,NA,0
YBR286W,1564,1509,1,2
YBR287W,280,271,1,0
YBR289W,243,242,0,0
YBR290W,140,132,0,0
YBR293W,13,11,NA,1
YBR294W,0,0,0,0
YBR295W,46,46,NA,0
YBR297W,37,35,0,0
YBR299W,77,72,1,0
YCL064C,72,69,0,0
YCL061C,210,207,0,NA
YCL059C,463,394,1,0
YCL057C-A,644,509,0,0
YCL056C,40,30,NA,0
YCL052C,247,228,0,0
YCL050C,1463,1356,3,1
YCL049C,379,329,1,0
YCL047C,179,163,NA,0
YCL045C,1049,1015,1,0
YCL044C,261,245,0,2
YCL043C,4165,4097,NA,0
YCL041C,253,208,0,NA
YCL038C,145,135,0,0
YCL037C,989,957,1,4
YCL035C,951,780,0,1
YCL033C,350,324,NA,0
YCL031C,322,292,1,1
YCL030C,1129,1064,1,0
YCL029C,140,125,0,2
YCL026C-B,276,261,0,0
YCL026C-A,8,7,NA,0
YCL025C,912,884,0,1
YCL017C,853,788,8,0
YCL016C,121,117,0,0
YCL012C,242,184,1,0
YCL011C,410,392,0,0
YCL010C,100,96,0,0
YCL009C,1561,1402,0,1
YCL008C,161,157,NA,2
YCL002C,45,41,0,0
YCR002C,741,655,3,1
YCR004C,1209,1074,27,0
YCR005C,1291,1241,1,4
YCR007C,13,11,1,0
YCR009C,650,579,3,1
YCR010C,5,3,NA,1
YCR011C,466,454,1,0
YCR014C,21,21,NA,0
YCR015C,63,57,0,1
YCR017C,562,553,0,0
YCR020C,9,9,NA,0
YCR020C-A,143,125,0,1
YCR021C,31,29,0,0
YCR022C,1,0,0,0
YCR023C,131,104,18,1
YCR024C,253,240,0,1
YCR024C-B,9,5,0,2
YCR024C-A,619,311,98,NA
YCR025C,3,0,NA,3
YCR026C,299,284,0,0
YCR027C,94,74,9,0
YCR028C,119,111,0,0
YCR028C-A,871,751,4,2
YCR030C,936,903,8,0
YCR031C,2928,2514,0,11
YCR035C,291,275,0,0
YCR037C,374,362,NA,0
YCR038C,25,24,NA,0
YCR042C,332,328,0,NA
YCR043C,303,252,1,0
YCR044C,139,134,0,0
YCR045C,2,2,0,0
YCR046C,489,464,NA,0
YCR047C,231,214,3,1
YCR054C,153,148,1,0
YCR057C,388,353,0,1
YCR059C,201,195,0,0
YCR064C,0,0,0,0
YCR067C,551,536,3,1
YCR071C,314,267,1,0
YCR072C,315,292,0,0
YCR073C,78,76,1,0
YCR075C,83,78,0,0
YCR076C,144,135,0,0
YCR077C,1237,1203,0,1
YCR084C,1121,1026,38,3
YCR087C-A,217,192,0,2
YCR090C,255,204,0,1
YCR092C,144,143,0,0
YCR095C,100,91,0,0
YCR098C,16,16,NA,0
YCR102C,19,18,0,0
YCL063W,217,203,1,0
YCL058W-A,131,99,0,0
YCL057W,910,885,0,1
YCL055W,168,158,0,0
YCL054W,649,621,0,1
YCL051W,146,138,2,0
YCL048W,14,13,NA,0
YCL040W,2872,2770,NA,3
YCL039W,225,215,0,0
YCL036W,83,79,NA,0
YCL034W,342,330,2,0
YCL032W,167,162,0,0
YCL028W,1217,1167,2,0
YCL027W,21,21,0,0
YCL024W,179,177,1,NA
YCL021W-A,5,3,1,0
YCL018W,103,88,0,0
YCL014W,335,326,0,0
YCL005W-A,452,363,0,1
YCL005W,79,69,0,0
YCL004W,84,69,11,0
YCL001W,392,347,0,1
YCR003W,412,376,0,0
YCR008W,217,183,15,1
YCR012W,13432,12711,9,15
YCR016W,296,274,0,0
YCR019W,84,66,12,0
YCR020W-B,115,76,0,1
YCR032W,78,78,NA,0
YCR033W,204,202,NA,0
YCR034W,1103,998,0,2
YCR036W,392,373,NA,0
YCR045W-A,9,0,9,0
YCR048W,132,127,0,0
YCR051W,359,323,0,0
YCR052W,460,426,0,1
YCR053W,2759,2602,3,2
YCR061W,442,421,0,3
YCR063W,68,42,0,4
YCR065W,216,193,5,0
YCR066W,82,67,0,0
YCR068W,92,82,3,0
YCR069W,363,331,3,1
YCR073W-A,415,391,0,0
YCR075W-A,112,72,0,0
YCR079W,62,58,0,0
YCR081W,78,78,0,NA
YCR082W,236,222,0,0
YCR083W,198,161,0,0
YCR085W,0,0,0,0
YCR086W,195,180,0,NA
YCR088W,2569,2479,0,4
YCR089W,5,5,NA,0
YCR091W,82,77,1,0
YCR093W,1081,1052,0,3
YCR094W,226,208,2,0
YCR095W-A,10,0,9,1
YCR097W,0,0,0,0
YCR105W,16,12,NA,0
YCR106W,29,26,0,NA
YCR107W,5,5,NA,0
YDL243C,10,8,1,1
YDL239C,1,1,NA,0
YDL238C,32,30,0,0
YDL235C,298,267,0,0
YDL234C,160,155,1,0
YDL231C,7,7,NA,0
YDL227C,137,135,NA,0
YDL226C,372,343,0,1
YDL224C,255,244,6,0
YDL222C,37,36,NA,NA
YDL220C,44,37,NA,0
YDL217C,129,110,3,0
YDL216C,26,25,NA,0
YDL215C,265,261,NA,0
YDL214C,13,11,2,0
YDL213C,233,214,0,0
YDL211C,21,21,0,0
YDL209C,44,43,0,0
YDL205C,88,78,1,0
YDL203C,106,102,2,0
YDL200C,55,50,NA,0
YDL199C,38,37,0,0
YDL198C,547,471,0,0
YDL197C,14,14,0,0
YDL190C,248,224,11,0
YDL188C,243,225,7,2
YDL187C,1,0,1,NA
YDL184C,1246,317,0,12
YDL183C,41,38,0,0
YDL177C,17,15,1,0
YDL175C,95,88,0,0
YDL174C,367,352,0,NA
YDL171C,1290,1240,26,NA
YDL169C,20,17,NA,0
YDL167C,111,107,0,0
YDL166C,122,102,2,0
YDL164C,163,159,0,1
YDL160C-A,23,17,0,0
YDL160C,483,451,6,3
YDL157C,202,159,2,0
YDL153C,223,215,0,0
YDL148C,250,245,0,NA
YDL145C,865,837,17,0
YDL144C,116,104,0,0
YDL142C,60,56,0,0
YDL140C,728,713,NA,0
YDL139C,40,32,NA,0
YDL135C,236,218,1,0
YDL134C,289,265,12,0
YDL133C-A,1240,317,0,14
YDL126C,2420,2348,2,1
YDL125C,409,382,NA,0
YDL121C,156,141,0,0
YDL119C,104,94,0,0
YDL115C,68,63,0,0
YDL113C,109,107,0,0
YDL111C,127,120,1,0
YDL110C,368,331,5,1
YDL109C,10,3,NA,5
YDL106C,116,114,0,0
YDL104C,50,46,0,0
YDL103C,471,449,0,0
YDL101C,156,149,0,0
YDL100C,797,738,0,0
YDL098C,21,18,0,0
YDL097C,583,554,2,0
YDL094C,0,0,0,0
YDL091C,86,82,1,1
YDL090C,73,69,0,0
YDL088C,188,183,2,0
YDL087C,33,32,0,0
YDL086C-A,0,0,0,0
YDL085C-A,79,65,0,0
YDL083C,1700,1373,0,10
YDL081C,1484,1189,29,10
YDL080C,33,33,NA,0
YDL079C,6,6,NA,0
YDL078C,519,477,0,1
YDL077C,73,73,NA,0
YDL076C,67,60,5,0
YDL074C,171,164,0,0
YDL072C,575,480,5,2
YDL069C,25,20,0,0
YDL067C,308,227,0,2
YDL065C,192,174,0,0
YDL063C,127,123,1,0
YDL061C,759,429,0,6
YDL059C,23,22,1,NA
YDL055C,2911,2672,55,2
YDL054C,109,104,2,0
YDL053C,284,247,12,0
YDL052C,231,213,0,0
YDL049C,15,15,0,0
YDL048C,63,62,0,1
YDL045C,61,57,2,0
YDL044C,104,99,0,0
YDL043C,75,65,0,0
YDL042C,116,105,0,0
YDL040C,529,499,0,0
YDL039C,25,23,NA,0
YDL036C,54,50,NA,0
YDL035C,106,102,NA,0
YDL033C,53,52,0,0
YDL028C,86,79,4,0
YDL027C,95,71,2,0
YDL025C,78,73,0,0
YDL024C,4,3,NA,0
YDL020C,265,251,1,0
YDL019C,277,274,NA,0
YDL018C,142,125,1,0
YDL015C,508,462,2,NA
YDL012C,209,184,0,1
YDL009C,0,0,0,0
YDL005C,150,144,0,0
YDL002C,88,84,0,0
YDR001C,603,597,NA,0
YDR005C,115,112,0,0
YDR006C,122,111,7,0
YDR008C,7,7,NA,0
YDR010C,1,0,1,0
YDR016C,38,29,0,0
YDR017C,138,134,NA,0
YDR018C,32,32,NA,0
YDR019C,307,288,NA,0
YDR020C,52,47,NA,0
YDR022C,49,46,0,0
YDR026C,59,56,1,0
YDR027C,74,69,0,0
YDR028C,351,347,NA,0
YDR030C,26,26,0,0
YDR032C,986,855,15,0
YDR034C,104,101,3,0
YDR036C,193,187,0,0
YDR038C,304,298,NA,0
YDR042C,3,2,NA,0
YDR045C,115,77,3,2
YDR046C,384,350,5,1
YDR048C,1,0,1,0
YDR050C,4910,4547,3,8
YDR051C,137,129,0,0
YDR052C,118,114,0,0
YDR054C,261,230,5,4
YDR056C,175,157,6,0
YDR058C,34,29,0,0
YDR059C,133,120,0,0
YDR066C,24,20,2,0
YDR067C,69,61,0,0
YDR069C,94,92,NA,1
YDR070C,33,24,0,0
YDR071C,392,332,13,0
YDR072C,203,186,7,1
YDR078C,10,8,0,0
YDR079C-A,57,42,0,0
YDR081C,112,107,0,0
YDR084C,147,126,0,0
YDR085C,108,101,NA,0
YDR086C,476,331,22,3
YDR087C,196,177,1,0
YDR088C,92,84,1,1
YDR090C,76,60,6,0
YDR091C,626,600,3,0
YDR097C,164,155,1,0
YDR098C,483,471,NA,0
YDR101C,352,336,0,1
YDR104C,25,25,NA,0
YDR105C,103,91,2,0
YDR107C,37,35,0,1
YDR109C,32,32,NA,0
YDR111C,53,46,3,0
YDR113C,80,76,0,0
YDR116C,329,317,0,0
YDR117C,162,154,0,0
YDR120C,200,195,NA,0
YDR123C,51,40,1,0
YDR125C,16,16,NA,0
YDR129C,1227,1183,0,2
YDR130C,76,73,0,0
YDR131C,47,42,1,0
YDR132C,44,42,1,0
YDR133C,377,12,311,0
YDR135C,479,474,NA,0
YDR139C,119,81,0,2
YDR141C,166,164,NA,NA
YDR142C,43,36,2,0
YDR143C,163,156,4,1
YDR144C,203,190,2,0
YDR146C,345,341,NA,0
YDR148C,743,711,0,0
YDR151C,126,124,0,0
YDR153C,289,257,4,0
YDR162C,102,87,1,0
YDR164C,109,104,0,0
YDR166C,133,132,NA,0
YDR169C,187,171,10,1
YDR170C,618,612,NA,0
YDR173C,49,47,1,NA
YDR175C,279,250,1,0
YDR179C,35,35,0,0
YDR181C,68,62,0,0
YDR185C,26,25,0,0
YDR186C,156,153,0,0
YDR190C,521,491,1,0
YDR192C,103,99,0,0
YDR194C,572,546,0,0
YDR196C,93,86,NA,0
YDR198C,44,41,0,0
YDR200C,74,69,1,0
YDR202C,53,50,0,0
YDR207C,100,97,1,NA
YDR215C,1,0,0,0
YDR217C,102,101,0,NA
YDR218C,11,11,NA,0
YDR219C,94,91,NA,0
YDR224C,1067,885,6,4
YDR228C,145,140,0,0
YDR231C,116,110,0,0
YDR233C,1328,1246,4,2
YDR236C,66,65,0,0
YDR238C,992,969,0,0
YDR239C,114,109,0,0
YDR240C,38,35,0,0
YDR243C,64,64,0,0
YDR248C,103,85,1,0
YDR249C,13,13,0,0
YDR253C,5,3,0,0
YDR255C,54,49,2,0
YDR256C,2,2,NA,0
YDR257C,124,116,0,0
YDR258C,960,916,0,0
YDR259C,43,35,3,0
YDR260C,71,57,0,0
YDR261C,285,282,0,0
YDR263C,23,20,1,0
YDR264C,177,168,0,0
YDR266C,227,216,6,0
YDR267C,55,54,0,0
YDR271C,2,1,NA,1
YDR274C,0,0,0,0
YDR276C,547,412,4,8
YDR277C,104,92,4,0
YDR281C,2,2,0,0
YDR282C,27,25,0,1
YDR283C,90,87,NA,0
YDR284C,302,258,13,1
YDR286C,48,37,NA,1
YDR289C,132,121,0,0
YDR292C,221,212,0,0
YDR293C,466,444,16,NA
YDR294C,346,335,0,0
YDR295C,69,63,1,0
YDR298C,642,579,13,0
YDR300C,163,151,1,0
YDR303C,178,158,2,0
YDR304C,526,455,0,1
YDR305C,99,96,NA,0
YDR306C,77,70,0,0
YDR308C,96,77,2,1
YDR309C,288,269,2,0
YDR310C,183,171,4,0
YDR313C,36,33,0,0
YDR314C,15,15,0,0
YDR315C,27,26,0,0
YDR319C,47,39,3,0
YDR320C,184,180,0,0
YDR320C-A,54,44,NA,0
YDR322C-A,288,233,0,1
YDR323C,34,31,0,0
YDR324C,319,315,NA,1
YDR326C,174,173,NA,0
YDR328C,350,282,4,0
YDR329C,98,96,0,0
YDR333C,152,145,0,0
YDR338C,53,50,0,0
YDR339C,206,180,0,0
YDR341C,1145,1099,0,1
YDR342C,2426,2364,11,0
YDR343C,2361,2301,11,0
YDR345C,2418,2327,1,0
YDR346C,423,401,3,0
YDR348C,240,229,7,0
YDR349C,158,148,3,0
YDR350C,44,39,0,0
YDR357C,110,100,4,1
YDR359C,83,76,6,0
YDR361C,152,142,0,1
YDR362C,42,40,0,0
YDR364C,39,35,0,0
YDR365C,266,257,1,1
YDR366C,5,5,0,NA
YDR369C,68,66,NA,0
YDR370C,45,45,0,0
YDR372C,293,254,13,0
YDR375C,204,193,0,0
YDR378C,172,142,0,2
YDR379C-A,63,47,0,2
YDR381C-A,90,79,NA,0
YDR383C,36,28,0,0
YDR384C,198,175,1,0
YDR387C,27,21,4,0
YDR390C,133,128,0,0
YDR391C,123,109,0,0
YDR397C,118,99,5,0
YDR402C,3,3,NA,0
YDR404C,147,116,10,2
YDR407C,88,84,0,0
YDR408C,177,156,0,0
YDR410C,57,49,0,0
YDR411C,206,193,0,0
YDR414C,50,45,1,0
YDR415C,101,93,0,0
YDR422C,118,113,1,0
YDR423C,78,78,NA,0
YDR424C,148,120,1,0
YDR426C,0,0,0,0
YDR428C,109,98,0,0
YDR429C,627,584,0,2
YDR430C,333,321,1,0
YDR435C,64,61,0,0
YDR441C,130,111,5,0
YDR443C,80,76,NA,2
YDR445C,12,12,NA,0
YDR447C,1763,1420,0,2
YDR449C,130,127,0,0
YDR451C,191,182,0,1
YDR453C,24,19,0,0
YDR454C,670,605,0,0
YDR458C,156,150,0,0
YDR459C,13,11,0,0
YDR461C-A,55,38,0,0
YDR465C,159,144,0,2
YDR468C,127,106,5,0
YDR470C,133,122,1,0
YDR473C,61,58,0,0
YDR475C,61,59,1,0
YDR476C,143,126,0,0
YDR479C,58,56,0,0
YDR481C,264,241,2,0
YDR482C,31,27,0,0
YDR485C,104,102,0,0
YDR486C,226,207,0,0
YDR487C,522,483,1,0
YDR488C,15,14,NA,1
YDR490C,144,134,5,0
YDR495C,48,47,NA,0
YDR496C,416,397,0,1
YDR497C,1004,944,13,3
YDR498C,71,66,1,0
YDR500C,1237,958,0,1
YDR502C,1773,1623,1,2
YDR503C,68,62,0,1
YDR504C,0,0,0,0
YDR505C,307,292,2,NA
YDR506C,40,38,0,1
YDR507C,373,366,NA,1
YDR508C,1131,1075,2,0
YDR510C-A,0,0,0,0
YDR512C,81,71,NA,1
YDR514C,87,80,3,0
YDR516C,473,459,2,0
YDR520C,44,38,2,0
YDR522C,0,0,0,0
YDR523C,7,6,NA,0
YDR524C,78,71,0,0
YDR524C-B,1957,1299,32,16
YDR524C-A,6,0,0,6
YDR529C,603,508,1,9
YDR530C,41,38,NA,0
YDR532C,41,40,0,0
YDR533C,604,530,0,1
YDR534C,1,1,0,0
YDR535C,1,0,NA,1
YDR540C,39,31,0,0
YDR541C,29,27,1,0
YDL248W,373,355,0,0
YDL244W,59,50,NA,0
YDL242W,0,0,0,0
YDL241W,96,89,0,0
YDL240W,52,52,NA,0
YDL237W,206,187,1,0
YDL236W,390,360,0,0
YDL233W,71,61,0,0
YDL232W,85,28,0,0
YDL230W,68,64,0,0
YDL229W,6624,6408,1,2
YDL225W,298,276,0,0
YDL221W,0,0,0,0
YDL219W,144,116,1,0
YDL218W,8,7,1,0
YDL212W,435,362,0,1
YDL210W,10,8,NA,0
YDL208W,398,335,2,0
YDL207W,88,86,0,0
YDL206W,21,18,3,0
YDL204W,148,124,12,0
YDL202W,262,240,0,0
YDL201W,187,168,0,0
YDL195W,1360,1325,6,1
YDL194W,12,12,NA,0
YDL193W,176,165,2,0
YDL192W,1233,1111,1,6
YDL191W,1767,1487,0,5
YDL189W,102,94,4,0
YDL185W,3674,3568,11,1
YDL182W,812,786,1,1
YDL181W,273,201,5,0
YDL180W,56,55,1,0
YDL179W,134,122,1,0
YDL178W,318,308,0,0
YDL176W,30,25,4,0
YDL173W,263,258,NA,NA
YDL170W,44,38,NA,0
YDL168W,561,515,1,1
YDL165W,125,104,0,0
YDL161W,233,218,0,0
YDL159W,75,70,0,0
YDL156W,30,28,0,NA
YDL155W,78,72,2,0
YDL154W,5,5,NA,0
YDL150W,132,126,0,NA
YDL149W,60,60,NA,0
YDL147W,598,564,1,0
YDL146W,29,21,4,0
YDL143W,735,695,0,1
YDL141W,145,136,6,1
YDL138W,24,21,2,0
YDL137W,794,681,21,1
YDL136W,1640,1417,2,1
YDL133W,39,32,1,0
YDL132W,278,261,12,NA
YDL131W,985,948,1,0
YDL130W-A,314,207,0,1
YDL130W,1674,1302,0,11
YDL129W,6,6,0,0
YDL128W,455,426,1,2
YDL127W,51,36,0,10
YDL124W,1211,1112,0,1
YDL123W,63,49,0,2
YDL122W,280,269,8,NA
YDL120W,194,154,7,0
YDL117W,143,125,6,0
YDL116W,181,166,0,0
YDL114W,2,2,NA,0
YDL112W,208,204,NA,0
YDL108W,66,57,0,0
YDL107W,67,63,0,0
YDL105W,18,16,0,0
YDL102W,158,148,1,0
YDL099W,185,174,0,0
YDL095W,796,757,0,0
YDL093W,91,85,0,0
YDL092W,161,136,0,2
YDL089W,75,71,2,0
YDL086W,486,447,NA,0
YDL085W,19,18,0,0
YDL084W,1284,1204,22,1
YDL082W,1925,1727,0,5
YDL075W,1678,1430,5,1
YDL073W,41,37,1,0
YDL070W,198,187,0,1
YDL068W,0,0,0,0
YDL066W,721,672,0,0
YDL064W,171,140,0,0
YDL060W,269,262,0,NA
YDL058W,145,141,1,0
YDL057W,60,52,0,0
YDL056W,94,91,NA,0
YDL051W,439,409,0,0
YDL046W,428,354,1,3
YDL045W-A,149,102,1,1
YDL041W,1,1,0,0
YDL032W,0,0,0,0
YDL031W,324,318,0,1
YDL030W,42,40,0,0
YDL029W,565,538,0,0
YDL025W-A,0,0,0,0
YDL022W,1905,1781,26,2
YDL021W,130,116,0,0
YDL017W,56,52,NA,0
YDL014W,1239,1141,20,0
YDL013W,72,69,0,0
YDL010W,138,121,0,0
YDL008W,56,47,0,0
YDL007W,580,533,0,1
YDL006W,75,70,2,0
YDL004W,573,498,1,1
YDL003W,148,139,NA,0
YDL001W,67,62,0,0
YDR002W,1080,979,1,5
YDR003W-A,0,0,0,0
YDR004W,18,18,NA,0
YDR007W,7,6,0,0
YDR009W,15,14,0,0
YDR011W,310,291,7,0
YDR012W,4982,4728,0,1
YDR013W,42,36,0,0
YDR014W,36,35,0,0
YDR014W-A,10,9,NA,0
YDR021W,57,56,0,0
YDR023W,1593,1509,0,1
YDR024W,0,0,0,0
YDR025W,2350,2154,NA,1
YDR031W,104,85,0,0
YDR033W,2837,2517,115,12
YDR034W-B,76,55,0,0
YDR035W,777,744,0,2
YDR037W,2148,2052,0,1
YDR041W,248,228,0,0
YDR044W,187,171,0,1
YDR047W,212,195,1,0
YDR049W,115,111,0,0
YDR055W,2021,1915,5,7
YDR057W,90,87,0,0
YDR060W,399,391,0,0
YDR061W,138,129,0,0
YDR062W,415,365,19,0
YDR063W,158,130,10,0
YDR064W,2238,1957,0,3
YDR065W,25,23,2,0
YDR068W,111,106,0,NA
YDR073W,69,61,4,NA
YDR074W,829,777,7,NA
YDR075W,40,37,0,0
YDR076W,36,11,0,23
YDR077W,12182,11480,24,37
YDR079W,110,93,0,0
YDR080W,78,74,0,NA
YDR082W,5,2,3,0
YDR083W,146,130,0,0
YDR089W,136,133,1,0
YDR092W,231,205,0,0
YDR093W,196,181,9,NA
YDR096W,163,159,NA,0
YDR099W,1479,1327,29,3
YDR100W,100,88,0,0
YDR103W,110,109,NA,0
YDR106W,4,4,NA,0
YDR108W,42,38,0,0
YDR110W,70,67,0,0
YDR115W,237,208,1,0
YDR118W,49,49,0,NA
YDR119W,276,260,4,1
YDR119W-A,18,12,0,0
YDR121W,96,61,3,0
YDR122W,215,209,NA,0
YDR124W,5,4,1,0
YDR126W,20,18,1,NA
YDR127W,1909,1858,0,0
YDR128W,63,62,NA,0
YDR137W,71,67,0,0
YDR138W,98,93,0,0
YDR140W,74,60,0,0
YDR145W,354,340,3,0
YDR147W,48,47,0,0
YDR150W,741,734,0,0
YDR152W,158,148,0,0
YDR158W,1893,1811,0,0
YDR159W,75,73,1,NA
YDR160W,16,16,0,NA
YDR161W,183,177,0,0
YDR163W,126,115,NA,1
YDR165W,206,185,2,0
YDR167W,152,141,0,0
YDR168W,528,498,0,0
YDR171W,389,363,1,1
YDR172W,1136,1111,0,1
YDR174W,540,479,0,2
YDR176W,93,88,0,0
YDR177W,439,383,14,1
YDR178W,435,367,20,3
YDR179W-A,28,26,2,0
YDR180W,71,67,0,NA
YDR182W,223,209,0,0
YDR183W,42,38,1,0
YDR188W,592,563,0,2
YDR189W,255,247,0,0
YDR191W,57,51,0,1
YDR195W,132,125,0,0
YDR197W,75,73,0,0
YDR201W,44,38,NA,0
YDR204W,105,97,0,0
YDR205W,64,62,0,0
YDR206W,143,132,6,NA
YDR208W,196,188,3,0
YDR210W,300,243,0,0
YDR211W,300,283,0,0
YDR212W,645,622,1,0
YDR213W,49,48,0,0
YDR214W,976,894,5,1
YDR216W,259,255,NA,0
YDR221W,104,99,0,0
YDR222W,58,56,0,0
YDR223W,4,2,2,NA
YDR225W,1006,838,4,3
YDR226W,1408,1236,0,0
YDR227W,116,114,0,0
YDR229W,90,82,3,0
YDR232W,486,457,7,0
YDR234W,289,284,0,0
YDR235W,63,62,NA,0
YDR237W,262,245,2,1
YDR241W,2,1,NA,1
YDR242W,18,13,4,0
YDR244W,118,116,0,0
YDR245W,219,202,1,1
YDR246W,97,83,0,0
YDR247W,31,27,3,0
YDR251W,227,218,7,NA
YDR252W,24,22,0,0
YDR254W,25,24,0,0
YDR262W,141,125,0,0
YDR265W,38,30,7,0
YDR268W,106,100,0,0
YDR270W,49,49,NA,0
YDR272W,327,283,0,0
YDR273W,6,6,0,NA
YDR275W,14,12,1,0
YDR279W,58,55,0,0
YDR280W,101,91,4,0
YDR285W,16,15,NA,0
YDR287W,80,72,0,0
YDR288W,41,39,NA,0
YDR291W,53,52,NA,0
YDR296W,325,290,0,0
YDR297W,192,179,0,0
YDR299W,189,182,0,0
YDR301W,76,75,0,0
YDR302W,93,71,0,0
YDR307W,145,140,0,0
YDR311W,107,102,0,0
YDR312W,142,129,0,0
YDR316W,189,177,0,1
YDR317W,22,22,0,0
YDR318W,29,29,0,0
YDR320W-B,2,0,2,NA
YDR321W,560,517,0,0
YDR322W,318,285,0,0
YDR325W,67,63,NA,0
YDR330W,126,120,0,0
YDR331W,109,96,0,0
YDR332W,18,17,0,0
YDR334W,49,46,1,0
YDR335W,226,223,NA,0
YDR336W,18,17,NA,0
YDR337W,281,255,2,1
YDR347W,263,242,5,0
YDR351W,160,156,NA,NA
YDR352W,136,128,5,0
YDR353W,1028,953,0,1
YDR354W,256,233,4,0
YDR356W,107,105,0,1
YDR358W,227,221,1,0
YDR363W,40,38,0,0
YDR363W-A,241,200,0,0
YDR367W,145,130,0,0
YDR368W,554,513,2,0
YDR371W,63,62,0,0
YDR374W-A,60,42,0,0
YDR376W,118,111,0,1
YDR377W,420,301,6,2
YDR379W,102,100,1,0
YDR380W,231,213,8,1
YDR381W,883,841,0,0
YDR382W,1597,1306,25,9
YDR385W,8893,8621,5,3
YDR386W,42,39,0,0
YDR388W,721,671,3,0
YDR389W,121,119,NA,1
YDR392W,50,48,0,0
YDR393W,59,55,0,0
YDR394W,481,439,5,1
YDR395W,476,460,5,0
YDR396W,1,0,NA,1
YDR398W,195,190,0,0
YDR399W,215,189,1,0
YDR401W,1,1,NA,0
YDR403W,20,19,NA,0
YDR405W,236,213,4,0
YDR406W,63,63,NA,NA
YDR409W,68,68,NA,0
YDR412W,163,150,0,0
YDR416W,83,79,0,0
YDR418W,2058,1677,5,12
YDR419W,39,36,0,0
YDR420W,311,308,NA,0
YDR421W,33,30,1,0
YDR425W,65,65,NA,0
YDR427W,433,390,0,0
YDR434W,238,217,7,0
YDR436W,101,95,4,0
YDR438W,0,0,0,0
YDR439W,42,39,0,0
YDR440W,63,59,0,1
YDR442W,0,0,0,0
YDR444W,39,33,3,0
YDR446W,5,4,NA,NA
YDR448W,68,65,0,0
YDR450W,2092,1846,0,2
YDR452W,198,175,10,0
YDR456W,184,168,1,0
YDR457W,228,218,2,0
YDR460W,79,75,1,0
YDR461W,0,0,0,0
YDR462W,218,179,0,1
YDR463W,288,267,0,0
YDR464W,90,89,0,NA
YDR466W,85,78,2,0
YDR469W,100,86,0,0
YDR471W,1154,999,0,1
YDR472W,100,92,0,0
YDR477W,359,344,7,0
YDR478W,37,32,0,0
YDR483W,555,514,0,0
YDR484W,74,71,0,0
YDR489W,48,47,0,0
YDR492W,184,156,2,0
YDR493W,169,124,3,0
YDR494W,352,340,1,0
YDR499W,27,27,0,NA
YDR501W,31,28,1,1
YDR510W,409,318,6,2
YDR511W,127,119,NA,0
YDR513W,444,411,0,0
YDR515W,151,140,2,0
YDR517W,235,197,4,0
YDR518W,242,227,0,0
YDR519W,238,208,0,0
YDR525W-A,202,151,0,1
YDR527W,74,71,0,0
YDR528W,42,33,4,1
YDR531W,125,106,4,0
YDR536W,2,2,NA,0
YDR538W,49,46,0,0
YDR539W,219,205,0,0
YEL073C,34,28,0,1
YEL068C,33,23,0,2
YEL064C,37,34,0,0
YEL063C,26,19,2,0
YEL061C,68,65,2,NA
YEL060C,1632,1560,0,1
YEL059C-A,57,43,1,0
YEL057C,3,3,NA,0
YEL055C,352,339,1,0
YEL054C,1853,1540,1,4
YEL053C,57,55,0,0
YEL050C,386,369,2,0
YEL048C,30,27,NA,0
YEL047C,364,347,0,NA
YEL046C,1047,973,NA,10
YEL039C,200,161,4,1
YEL037C,472,443,10,0
YEL036C,270,251,2,0
YEL034C-A,0,0,0,0
YEL029C,60,59,0,0
YEL025C,30,29,NA,0
YEL023C,2,0,2,NA
YEL017C-A,333,195,5,3
YEL016C,21,21,0,0
YEL009C-A,7,2,NA,5
YEL009C,419,183,221,0
YEL008C-A,1,1,NA,0
YEL005C,29,28,0,0
YEL002C,554,503,0,0
YEL001C,370,335,0,0
YER003C,1102,1048,0,0
YER007C-A,319,289,0,0
YER008C,175,171,0,0
YER010C,77,71,0,0
YER017C,288,276,NA,0
YER018C,49,44,2,0
YER019C-A,327,277,0,0
YER023C-A,1,1,NA,NA
YER026C,800,735,0,2
YER027C,298,283,1,0
YER028C,18,18,0,0
YER029C,92,84,0,0
YER031C,387,347,2,0
YER033C,53,53,NA,0
YER036C,922,873,0,1
YER038C,6,5,0,0
YER039C,0,0,0,0
YER043C,4706,4505,0,1
YER044C,407,329,2,0
YER044C-A,2,2,NA,NA
YER045C,70,66,1,0
YER047C,85,84,NA,1
YER048C,406,373,4,0
YER050C,211,162,8,0
YER052C,773,729,0,1
YER053C,253,216,5,1
YER053C-A,223,108,1,3
YER054C,36,36,NA,0
YER055C,503,456,0,1
YER056C,589,536,8,0
YER056C-A,1636,1316,0,1
YER057C,443,331,5,0
YER061C,52,51,0,0
YER062C,705,635,3,1
YER064C,261,242,3,1
YER065C,20,13,7,0
YER071C,95,78,0,0
YER075C,66,63,3,0
YER076C,15,14,1,0
YER077C,159,159,NA,0
YER078C,78,74,0,0
YER082C,206,184,2,0
YER083C,275,260,0,0
YER085C,3,3,0,0
YER087C-B,240,162,0,7
YER088C,203,200,0,0
YER088C-A,8,7,NA,0
YER089C,258,217,25,NA
YER091C,3826,3676,6,2
YER093C,61,59,NA,0
YER093C-A,69,59,0,0
YER094C,437,384,5,1
YER099C,136,132,0,0
YER101C,96,85,0,0
YER105C,226,217,0,0
YER107C,208,187,4,0
YER109C,15,15,NA,NA
YER110C,481,467,3,0
YER111C,132,123,6,NA
YER113C,102,89,4,0
YER114C,229,227,NA,0
YER115C,10,4,3,0
YER116C,67,58,NA,4
YER118C,203,181,1,0
YER119C,131,128,0,0
YER122C,502,479,2,0
YER124C,403,396,0,0
YER126C,280,251,0,0
YER130C,114,102,0,2
YER132C,56,54,NA,0
YER134C,162,146,1,1
YER137C,18,18,0,0
YER139C,64,61,0,0
YER142C,46,41,0,0
YER144C,75,74,0,0
YER145C,207,192,0,1
YER147C,41,41,0,NA
YER149C,84,75,0,0
YER151C,308,305,0,0
YER152C,109,92,0,0
YER155C,232,229,NA,0
YER156C,387,374,0,0
YER158C,49,48,NA,0
YER159C,227,173,22,0
YER161C,96,83,0,0
YER162C,36,36,0,0
YER163C,86,82,0,0
YER168C,161,159,NA,0
YER172C,194,183,0,0
YER174C,119,112,NA,0
YER175C,124,120,0,0
YER180C,0,0,0,0
YER180C-A,23,15,0,0
YER181C,0,0,0,0
YER183C,67,65,NA,0
YER184C,13,13,NA,0
YER186C,4,3,1,0
YER188C-A,2,2,0,NA
YEL072W,3,2,0,0
YEL071W,1208,1129,0,0
YEL070W,9,7,NA,0
YEL066W,207,198,NA,1
YEL065W,44,41,0,0
YEL062W,44,42,0,0
YEL058W,625,597,0,0
YEL056W,102,97,0,NA
YEL052W,127,113,2,0
YEL051W,595,541,1,1
YEL049W,11,6,3,0
YEL044W,105,98,NA,0
YEL043W,100,96,0,0
YEL042W,403,359,6,0
YEL041W,31,28,2,NA
YEL040W,816,779,0,0
YEL038W,175,164,0,0
YEL034W,3627,3132,58,4
YEL033W,7,3,NA,NA
YEL032W,165,163,1,0
YEL031W,794,762,0,1
YEL030W,7,7,NA,0
YEL028W,1,0,1,0
YEL027W,1404,1214,9,3
YEL026W,623,491,13,0
YEL024W,683,614,18,3
YEL022W,171,166,NA,0
YEL021W,1181,1077,1,3
YEL020W-A,381,296,0,0
YEL018W,43,41,NA,0
YEL017W,156,141,0,0
YEL015W,237,229,0,0
YEL013W,455,424,14,1
YEL012W,73,63,2,0
YEL011W,200,196,0,0
YEL008W,0,0,0,0
YEL007W,221,216,NA,0
YEL006W,60,44,3,1
YEL004W,31,28,0,1
YEL003W,157,133,NA,0
YER001W,364,347,0,0
YER002W,262,205,1,1
YER004W,330,310,0,0
YER005W,51,47,0,0
YER006W,580,524,0,0
YER007W,25,24,0,0
YER009W,921,782,0,2
YER011W,28,26,0,0
YER012W,423,360,9,0
YER013W,112,110,NA,0
YER014W,104,93,0,0
YER015W,26,25,NA,0
YER016W,93,92,NA,0
YER019W,141,131,NA,0
YER020W,153,147,2,1
YER021W,499,486,0,0
YER022W,153,143,0,0
YER023W,925,808,0,0
YER024W,39,39,NA,0
YER025W,1146,1112,0,0
YER030W,217,186,0,0
YER032W,124,121,0,0
YER034W,79,72,0,0
YER035W,205,177,4,1
YER037W,24,20,0,0
YER038W-A,2,2,0,0
YER040W,78,72,0,0
YER041W,13,11,1,0
YER042W,146,130,0,0
YER046W,39,26,3,0
YER048W-A,146,101,3,0
YER049W,460,423,1,0
YER051W,31,26,0,NA
YER058W,96,77,1,1
YER059W,102,93,6,0
YER060W,48,46,0,NA
YER060W-A,74,74,NA,0
YER063W,226,199,2,0
YER066W,4,2,2,0
YER067W,186,143,3,0
YER068W,351,330,2,0
YER069W,1125,1104,5,1
YER070W,741,708,0,1
YER072W,349,284,0,0
YER073W,344,317,1,0
YER074W,2253,1930,8,8
YER074W-A,87,75,0,0
YER076W-A,1,1,NA,0
YER079W,77,63,7,0
YER080W,392,372,0,2
YER081W,348,342,0,1
YER084W,3,1,NA,0
YER086W,665,614,1,4
YER087W,115,109,0,0
YER088W-B,0,0,0,0
YER090W,779,745,1,0
YER092W,89,71,0,0
YER095W,298,289,NA,1
YER096W,13,12,NA,0
YER098W,31,29,NA,0
YER100W,287,264,5,0
YER102W,3019,2886,0,4
YER103W,198,192,0,0
YER104W,25,23,0,0
YER106W,4,3,NA,1
YER112W,279,232,1,0
YER117W,2032,1788,0,3
YER120W,806,761,0,1
YER121W,14,10,NA,0
YER123W,131,121,6,0
YER125W,579,566,NA,0
YER127W,139,133,0,0
YER128W,71,69,NA,0
YER129W,45,45,NA,0
YER131W,960,810,1,1
YER133W,683,637,5,5
YER136W,531,493,3,1
YER138W-A,28,3,NA,20
YER140W,44,43,NA,0
YER141W,461,442,0,1
YER143W,259,249,0,1
YER146W,151,119,0,0
YER148W,244,198,12,0
YER150W,75,67,0,0
YER154W,230,217,0,0
YER157W,119,117,0,0
YER158W-A,0,0,0,0
YER164W,270,262,NA,0
YER165W,2569,2463,8,1
YER166W,271,268,NA,0
YER167W,151,142,3,0
YER169W,106,99,1,0
YER170W,67,52,0,1
YER171W,110,105,1,0
YER173W,29,28,0,NA
YER175W-A,0,0,0,0
YER176W,103,102,0,0
YER177W,2643,2458,1,0
YER178W,1485,1380,0,6
YER179W,9,9,NA,0
YER182W,193,163,0,0
YER187W,3,0,2,1
YER188W,6,5,0,0
YFL057C,7,6,0,1
YFL054C,26,25,NA,0
YFL050C,5,2,3,0
YFL048C,415,396,0,0
YFL045C,1462,1276,23,0
YFL044C,108,103,0,2
YFL042C,88,86,0,0
YFL039C,4881,4544,101,6
YFL038C,729,638,0,0
YFL034C-B,144,130,0,0
YFL034C-A,203,150,0,0
YFL033C,175,170,NA,0
YFL029C,66,62,NA,0
YFL028C,176,161,0,0
YFL027C,42,40,0,0
YFL025C,103,100,0,0
YFL024C,111,109,NA,0
YFL022C,1082,1047,0,0
YFL021C-A,0,0,0,0
YFL020C,0,0,0,0
YFL018C,1215,1175,2,1
YFL017C,124,114,0,0
YFL016C,447,421,1,0
YFL013C,145,138,0,1
YFL010C,986,901,1,0
YFL003C,6,6,NA,0
YFL002C,136,131,0,0
YFR003C,192,170,1,1
YFR005C,55,53,0,0
YFR011C,211,187,0,0
YFR014C,130,120,1,0
YFR015C,196,184,5,0
YFR016C,283,279,NA,0
YFR017C,92,68,2,0
YFR018C,107,94,0,0
YFR024C-A,299,282,0,0
YFR025C,138,131,0,0
YFR026C,8,5,3,0
YFR028C,159,135,0,0
YFR031C,72,72,NA,0
YFR031C-A,3294,3054,0,3
YFR032C-A,1249,980,0,5
YFR033C,549,412,32,1
YFR034C,124,120,0,NA
YFR037C,410,395,0,0
YFR039C,106,101,0,0
YFR041C,116,108,NA,1
YFR043C,56,45,0,0
YFR044C,1071,1014,0,0
YFR046C,19,17,NA,0
YFR047C,331,299,0,0
YFR050C,483,439,1,0
YFR051C,549,517,0,0
YFR053C,2177,2045,30,NA
YFR054C,0,0,0,0
YFL055W,8,8,NA,0
YFL053W,0,0,0,0
YFL052W,14,14,0,0
YFL049W,128,122,0,0
YFL047W,116,110,0,0
YFL046W,83,71,0,0
YFL041W-A,0,0,0,0
YFL041W,216,202,0,1
YFL037W,901,832,0,2
YFL036W,367,364,NA,0
YFL034W,60,60,0,NA
YFL031W,233,223,NA,1
YFL030W,27,26,NA,0
YFL026W,1,1,0,NA
YFL023W,114,111,0,0
YFL021W,302,298,NA,0
YFL017W-A,88,66,0,0
YFL014W,2081,1612,19,10
YFL012W-A,0,0,0,0
YFL012W,7,5,0,0
YFL011W,6,3,3,NA
YFL010W-A,0,0,0,0
YFL009W,151,136,3,0
YFL008W,216,213,0,NA
YFL007W,178,170,3,0
YFL005W,515,455,8,0
YFL004W,380,368,0,0
YFL001W,75,70,NA,1
YFR001W,200,162,1,1
YFR002W,297,283,0,0
YFR004W,385,345,1,0
YFR006W,324,320,NA,0
YFR007W,65,62,0,0
YFR008W,74,71,0,0
YFR009W,375,363,2,0
YFR010W,449,427,0,0
YFR010W-A,0,0,0,0
YFR013W,163,150,1,0
YFR019W,146,144,NA,0
YFR020W,15,12,0,0
YFR021W,78,73,1,0
YFR022W,20,16,0,0
YFR023W,16,16,NA,0
YFR027W,32,27,0,0
YFR029W,51,49,0,0
YFR030W,95,88,3,0
YFR034W-A,60,6,NA,46
YFR038W,73,72,NA,0
YFR040W,93,91,NA,NA
YFR042W,89,77,0,0
YFR045W,101,93,0,NA
YFR048W,74,61,6,0
YFR049W,222,169,32,2
YFR052W,439,412,0,0
YFR055W,112,92,0,0
YGL257C,51,45,1,0
YGL252C,221,212,0,0
YGL251C,12,12,NA,0
YGL246C,80,78,0,0
YGL242C,227,204,0,0
YGL237C,82,77,1,0
YGL236C,125,121,0,0
YGL231C,359,328,0,0
YGL230C,16,11,0,0
YGL229C,17,16,1,0
YGL226C-A,201,160,0,2
YGL224C,114,91,3,0
YGL223C,83,81,NA,0
YGL222C,189,171,5,0
YGL221C,268,248,0,0
YGL219C,160,151,0,2
YGL213C,146,139,0,0
YGL206C,1533,1515,6,NA
YGL204C,60,44,0,1
YGL203C,198,179,1,0
YGL201C,185,176,0,0
YGL200C,496,435,1,5
YGL199C,0,0,0,0
YGL194C-A,35,19,9,0
YGL194C,71,67,0,NA
YGL193C,0,0,0,0
YGL190C,152,128,9,0
YGL189C,1900,1451,0,3
YGL187C,519,446,4,0
YGL186C,166,165,0,0
YGL185C,70,62,0,0
YGL184C,28,28,NA,0
YGL182C,1,0,0,NA
YGL179C,18,17,0,NA
YGL176C,18,18,0,0
YGL175C,12,12,0,NA
YGL173C,711,690,NA,0
YGL167C,376,339,20,0
YGL165C,0,0,0,0
YGL164C,58,57,0,NA
YGL163C,76,72,0,0
YGL161C,237,219,3,1
YGL154C,24,23,0,0
YGL152C,0,0,0,0
YGL150C,171,170,0,NA
YGL147C,2043,1778,0,4
YGL146C,2,1,0,NA
YGL144C,18,18,0,0
YGL143C,119,104,0,0
YGL142C,98,89,0,1
YGL140C,160,156,NA,0
YGL136C,17,15,0,0
YGL131C,36,36,0,NA
YGL129C,303,287,1,0
YGL128C,27,27,NA,0
YGL127C,73,66,2,0
YGL124C,63,60,NA,0
YGL122C,664,652,0,0
YGL121C,98,90,0,0
YGL120C,386,367,2,0
YGL112C,156,150,0,0
YGL110C,74,71,0,0
YGL108C,73,62,1,0
YGL107C,241,233,0,0
YGL104C,45,44,NA,0
YGL095C,125,114,0,0
YGL094C,64,55,5,0
YGL091C,124,116,0,0
YGL089C,33,24,1,NA
YGL087C,308,263,0,2
YGL084C,199,193,0,1
YGL078C,492,465,5,0
YGL077C,437,389,16,1
YGL076C,3608,3332,0,3
YGL075C,15,13,0,0
YGL072C,4,1,NA,2
YGL070C,133,111,0,1
YGL065C,141,132,0,0
YGL064C,111,109,0,NA
YGL063C-A,0,0,0,0
YGL061C,59,54,0,0
YGL057C,61,61,NA,0
YGL056C,268,250,1,0
YGL054C,384,322,4,1
YGL049C,630,597,2,0
YGL048C,512,483,0,0
YGL044C,145,137,3,0
YGL040C,455,411,4,2
YGL038C,132,124,0,0
YGL037C,1439,1274,4,3
YGL035C,195,191,0,NA
YGL032C,4,4,0,0
YGL031C,2098,1897,2,2
YGL028C,435,403,8,0
YGL027C,286,278,0,0
YGL026C,1728,1676,0,0
YGL025C,91,87,NA,2
YGL023C,144,144,NA,0
YGL020C,148,136,1,0
YGL018C,60,52,0,0
YGL015C,1,0,1,0
YGL013C,120,118,NA,0
YGL011C,418,385,0,2
YGL009C,2243,2146,7,1
YGL008C,10665,10260,80,17
YGL007C-A,16,0,5,11
YGL005C,63,58,0,0
YGL004C,87,85,NA,0
YGL003C,67,62,1,0
YGL001C,503,474,0,0
YGR001C,253,230,0,0
YGR002C,122,115,0,0
YGR005C,270,262,0,0
YGR008C,308,217,17,2
YGR009C,267,258,0,0
YGR015C,20,18,NA,0
YGR018C,0,0,0,0
YGR020C,378,284,1,2
YGR024C,68,62,0,NA
YGR027C,1565,1241,1,3
YGR030C,81,74,0,0
YGR033C,139,126,2,1
YGR035C,3,3,0,0
YGR036C,46,41,1,0
YGR037C,698,533,5,2
YGR043C,79,76,NA,0
YGR044C,228,217,NA,1
YGR045C,0,0,0,0
YGR047C,146,144,NA,0
YGR050C,2,2,NA,0
YGR053C,15,13,1,0
YGR057C,27,19,1,0
YGR061C,900,882,NA,0
YGR062C,46,43,NA,0
YGR063C,132,109,0,0
YGR065C,147,133,7,0
YGR067C,17,17,NA,0
YGR068C,46,45,0,0
YGR071C,49,44,0,NA
YGR073C,0,0,0,0
YGR075C,39,39,0,NA
YGR076C,279,239,0,2
YGR077C,64,64,0,0
YGR078C,207,184,0,0
YGR081C,155,139,NA,0
YGR083C,427,413,0,NA
YGR084C,387,381,NA,0
YGR085C,2542,2260,0,5
YGR086C,2207,1999,21,0
YGR087C,7,7,0,0
YGR095C,128,116,1,0
YGR098C,44,44,NA,0
YGR102C,92,86,0,0
YGR104C,70,66,0,0
YGR106C,578,520,5,0
YGR109C,65,63,0,0
YGR117C,77,73,0,0
YGR119C,329,322,2,0
YGR120C,69,60,0,2
YGR121C,40,40,0,0
YGR122C-A,11,10,0,0
YGR123C,248,233,1,0
YGR128C,204,194,0,0
YGR130C,815,779,1,1
YGR132C,495,441,4,2
YGR138C,311,304,5,0
YGR146C,120,103,7,0
YGR146C-A,2,1,0,1
YGR147C,148,139,2,0
YGR148C,1923,1694,3,1
YGR150C,81,77,0,0
YGR154C,2,0,2,0
YGR158C,142,125,2,1
YGR159C,1017,939,1,2
YGR161C,427,395,4,0
YGR168C,31,25,6,0
YGR169C,47,39,0,0
YGR169C-A,149,106,4,0
YGR171C,59,55,0,0
YGR172C,235,223,0,0
YGR174C,100,94,NA,0
YGR175C,1494,1445,0,1
YGR177C,71,65,1,0
YGR178C,688,652,11,0
YGR179C,57,55,0,1
YGR180C,1406,1333,1,1
YGR182C,1,1,0,NA
YGR183C,301,205,1,3
YGR184C,167,164,NA,0
YGR185C,883,841,1,0
YGR187C,225,216,0,0
YGR188C,19,19,0,NA
YGR189C,2341,2227,14,1
YGR192C,16184,14875,64,14
YGR193C,389,379,0,0
YGR194C,95,93,NA,1
YGR196C,133,126,0,NA
YGR197C,38,32,0,0
YGR200C,216,209,0,0
YGR201C,31,29,NA,0
YGR202C,261,242,0,0
YGR204C-A,0,0,0,0
YGR207C,366,335,1,0
YGR209C,586,445,16,1
YGR210C,232,216,4,0
YGR213C,14,14,NA,0
YGR216C,75,70,0,0
YGR220C,240,226,0,0
YGR221C,8,8,0,0
YGR223C,43,41,NA,0
YGR229C,360,328,13,NA
YGR231C,511,474,1,0
YGR233C,86,85,NA,0
YGR235C,302,262,0,0
YGR236C,1,1,NA,0
YGR237C,145,140,0,0
YGR238C,33,30,NA,0
YGR239C,60,52,0,1
YGR240C,3489,3374,32,3
YGR241C,155,149,2,0
YGR244C,768,720,3,0
YGR245C,220,200,4,0
YGR246C,136,125,0,0
YGR250C,296,280,10,0
YGR253C,494,454,2,0
YGR255C,152,124,7,1
YGR257C,47,41,3,0
YGR258C,73,70,0,0
YGR259C,1,0,0,1
YGR261C,195,188,0,0
YGR262C,85,76,0,1
YGR263C,44,41,0,0
YGR264C,706,682,0,0
YGR267C,323,281,15,0
YGR268C,100,77,0,11
YGR271C-A,97,90,NA,0
YGR274C,110,109,0,0
YGR276C,158,152,0,NA
YGR277C,132,118,0,0
YGR279C,2135,1958,17,5
YGR280C,166,147,0,1
YGR282C,2921,2727,3,5
YGR283C,70,67,0,0
YGR284C,462,439,0,0
YGR285C,1880,1790,0,1
YGR286C,101,97,2,0
YGR287C,49,46,1,0
YGR289C,7,6,1,0
YGL263W,0,0,0,0
YGL258W,358,340,2,0
YGL256W,4476,4171,39,6
YGL255W,2806,2522,24,3
YGL254W,32,29,0,1
YGL253W,2627,2483,6,2
YGL250W,52,47,NA,1
YGL248W,174,172,0,1
YGL247W,28,25,NA,0
YGL245W,2525,2453,0,0
YGL244W,347,332,0,NA
YGL243W,38,37,NA,0
YGL241W,130,124,0,0
YGL240W,11,9,NA,1
YGL238W,390,381,NA,0
YGL234W,935,904,0,0
YGL233W,143,141,0,0
YGL232W,142,139,0,0
YGL228W,339,318,0,0
YGL227W,108,101,1,1
YGL226W,59,55,NA,0
YGL225W,618,539,0,1
YGL220W,138,122,NA,0
YGL218W,0,0,0,0
YGL216W,74,72,1,0
YGL215W,159,143,7,0
YGL212W,43,42,0,0
YGL211W,69,67,0,0
YGL210W,112,108,0,0
YGL209W,148,141,0,0
YGL208W,94,91,0,0
YGL207W,684,666,3,NA
YGL205W,4,4,NA,0
YGL202W,1243,1158,13,2
YGL198W,184,177,0,0
YGL197W,128,122,NA,0
YGL196W,99,96,0,0
YGL195W,914,905,NA,1
YGL192W,0,0,0,0
YGL191W,802,702,2,1
YGL181W,197,185,0,0
YGL180W,60,54,5,0
YGL178W,165,160,NA,2
YGL174W,59,53,0,0
YGL172W,237,232,0,0
YGL171W,225,213,0,0
YGL169W,98,91,2,0
YGL166W,76,69,0,0
YGL162W,30,29,1,0
YGL160W,149,128,2,0
YGL159W,81,76,0,0
YGL158W,1,1,0,0
YGL157W,683,637,0,2
YGL156W,274,265,NA,0
YGL155W,50,44,3,0
YGL153W,94,80,0,0
YGL151W,144,139,0,0
YGL148W,904,852,3,1
YGL145W,118,112,1,0
YGL141W,90,82,0,0
YGL139W,167,150,8,0
YGL137W,860,826,0,0
YGL135W,3210,3047,23,6
YGL134W,15,12,3,0
YGL133W,80,70,8,NA
YGL130W,172,157,1,2
YGL125W,642,607,22,NA
YGL123W,3601,3250,52,0
YGL119W,120,114,0,0
YGL117W,135,130,0,0
YGL116W,161,155,2,0
YGL115W,216,189,3,0
YGL114W,69,63,2,0
YGL113W,26,23,0,0
YGL111W,185,174,0,1
YGL109W,0,0,0,0
YGL106W,401,330,0,2
YGL105W,1546,1453,0,0
YGL103W,2608,2216,0,9
YGL101W,99,88,0,0
YGL100W,161,144,1,0
YGL099W,291,271,0,0
YGL098W,62,54,0,0
YGL097W,307,292,2,1
YGL096W,39,38,NA,0
YGL093W,87,82,NA,1
YGL092W,348,346,NA,0
YGL090W,6,6,0,0
YGL088W,1,0,NA,1
YGL086W,121,118,NA,0
YGL085W,18,16,0,0
YGL083W,79,76,2,1
YGL082W,162,154,1,0
YGL081W,22,20,0,0
YGL080W,158,148,0,1
YGL079W,42,29,5,1
YGL073W,116,109,2,0
YGL071W,60,53,2,0
YGL068W,615,554,0,1
YGL067W,102,95,1,0
YGL066W,141,137,4,0
YGL063W,13,11,2,0
YGL062W,846,812,0,0
YGL060W,89,81,3,0
YGL059W,57,46,1,0
YGL058W,197,171,3,0
YGL055W,1639,1531,0,2
YGL050W,73,55,0,0
YGL047W,81,72,3,0
YGL045W,54,53,NA,0
YGL043W,296,278,0,0
YGL041W-A,94,87,0,0
YGL039W,64,61,1,0
YGL036W,134,128,2,NA
YGL033W,0,0,0,0
YGL030W,1390,1022,19,4
YGL029W,101,79,0,0
YGL022W,626,576,16,3
YGL021W,316,314,NA,0
YGL019W,190,175,2,0
YGL017W,47,41,0,0
YGL016W,160,154,1,0
YGL014W,266,264,NA,0
YGL012W,701,666,0,2
YGL010W,40,36,1,0
YGL007W,0,0,0,0
YGL006W-A,8,0,NA,7
YGL006W,180,177,NA,1
YGL002W,55,49,0,1
YGR003W,54,50,0,0
YGR004W,68,62,2,0
YGR006W,26,26,NA,NA
YGR007W,96,91,0,0
YGR012W,82,81,0,0
YGR013W,99,99,0,0
YGR014W,556,547,NA,0
YGR016W,18,15,NA,0
YGR017W,108,94,6,1
YGR019W,445,425,2,0
YGR021W,165,143,1,0
YGR023W,59,50,3,0
YGR026W,361,333,NA,0
YGR028W,171,158,1,2
YGR029W,194,158,NA,0
YGR031W,75,58,5,7
YGR032W,802,795,NA,0
YGR034W,1805,1518,1,1
YGR038W,181,167,3,0
YGR039W,10,8,NA,0
YGR040W,73,67,0,1
YGR041W,56,49,4,0
YGR042W,53,50,0,1
YGR046W,89,78,6,0
YGR048W,187,173,0,0
YGR049W,318,263,9,1
YGR052W,77,68,NA,0
YGR054W,854,814,7,0
YGR055W,851,819,0,7
YGR056W,176,170,0,0
YGR058W,90,85,0,0
YGR059W,1,1,NA,0
YGR060W,1376,1260,4,0
YGR064W,1,0,1,0
YGR070W,58,56,NA,NA
YGR072W,107,99,0,NA
YGR074W,119,110,0,1
YGR079W,137,134,NA,1
YGR080W,392,368,0,0
YGR082W,576,493,6,1
YGR088W,330,314,0,0
YGR089W,94,92,NA,0
YGR090W,368,345,3,0
YGR091W,72,67,0,0
YGR092W,389,370,1,1
YGR093W,124,115,0,0
YGR094W,2357,2341,NA,0
YGR096W,13,9,0,0
YGR097W,317,306,NA,0
YGR099W,37,37,NA,0
YGR100W,144,137,2,1
YGR101W,143,141,0,0
YGR103W,579,520,1,1
YGR105W,193,128,1,3
YGR107W,0,0,0,0
YGR108W,168,153,4,0
YGR110W,22,22,0,0
YGR111W,241,231,0,0
YGR112W,143,129,2,0
YGR113W,97,85,0,1
YGR116W,656,644,0,NA
YGR118W,1922,1620,1,4
YGR121W-A,0,0,0,0
YGR122W,46,44,0,0
YGR124W,1216,1185,0,0
YGR125W,186,183,0,0
YGR127W,36,30,0,0
YGR129W,46,43,0,0
YGR131W,4,4,NA,0
YGR133W,22,22,NA,0
YGR134W,47,42,1,0
YGR135W,464,422,1,0
YGR137W,257,211,NA,0
YGR139W,1,0,1,NA
YGR140W,60,60,NA,0
YGR141W,95,82,0,0
YGR142W,84,78,0,0
YGR143W,125,124,NA,0
YGR145W,208,195,0,0
YGR149W,201,176,6,0
YGR153W,47,42,NA,0
YGR155W,1810,1735,3,1
YGR156W,149,133,4,0
YGR157W,829,782,18,0
YGR160W,0,0,0,0
YGR161W-C,60,54,0,0
YGR162W,1064,1052,NA,0
YGR163W,100,94,1,1
YGR165W,382,360,0,3
YGR166W,63,56,4,0
YGR167W,514,466,2,0
YGR170W,72,67,2,0
YGR173W,288,275,1,0
YGR174W-A,4,0,4,0
YGR181W,243,205,1,1
YGR186W,262,251,0,0
YGR191W,227,203,4,0
YGR195W,145,127,3,0
YGR198W,84,76,0,0
YGR199W,158,154,2,NA
YGR203W,107,89,0,0
YGR204W,1239,1207,0,0
YGR205W,72,68,1,0
YGR206W,31,23,0,0
YGR208W,172,156,2,0
YGR211W,553,523,1,2
YGR212W,17,14,NA,2
YGR214W,2291,2108,0,0
YGR215W,204,162,0,1
YGR217W,92,90,0,NA
YGR218W,702,665,9,0
YGR222W,53,42,NA,1
YGR224W,0,0,0,0
YGR225W,18,16,0,0
YGR227W,147,137,0,0
YGR230W,66,56,1,1
YGR232W,240,220,0,0
YGR234W,3602,3338,0,8
YGR243W,42,37,1,0
YGR247W,54,44,6,0
YGR248W,98,88,0,0
YGR249W,5,5,0,0
YGR251W,45,40,0,NA
YGR252W,77,73,0,0
YGR254W,12028,11429,9,1
YGR256W,62,60,NA,0
YGR260W,280,273,NA,0
YGR266W,212,199,1,0
YGR270W,191,189,NA,0
YGR271W,132,131,NA,0
YGR278W,67,62,0,1
YGR281W,176,171,3,0
YGR288W,33,28,3,0
YGR292W,79,75,0,0
YHL047C,7,7,0,0
YHL046C,5,4,0,1
YHL040C,8,8,0,0
YHL038C,67,62,0,0
YHL037C,1,0,1,0
YHL035C,16,16,NA,0
YHL034C,1248,1169,12,1
YHL033C,2825,2603,0,1
YHL032C,32,31,0,0
YHL031C,189,167,0,0
YHL029C,92,92,0,0
YHL026C,15,13,2,0
YHL023C,85,84,0,0
YHL022C,23,21,NA,0
YHL021C,456,441,5,0
YHL020C,136,127,0,0
YHL019C,50,49,0,0
YHL016C,2,2,NA,0
YHL014C,53,49,0,0
YHL013C,98,93,0,0
YHL011C,529,470,10,0
YHL010C,41,39,0,0
YHL009C,68,66,0,1
YHL008C,36,31,0,0
YHL007C,231,217,5,0
YHL006C,20,18,NA,0
YHL003C,248,231,5,0
YHL002C-A,2,0,2,NA
YHR003C,152,144,0,0
YHR004C,36,32,1,NA
YHR005C,216,200,1,0
YHR005C-A,411,356,2,1
YHR007C,1436,1356,12,2
YHR007C-A,1,1,NA,0
YHR008C,732,652,1,0
YHR009C,163,135,11,0
YHR013C,257,224,1,1
YHR016C,168,158,0,0
YHR018C,1206,1143,1,1
YHR019C,1655,1583,0,0
YHR021C,1132,939,2,5
YHR022C,8,8,0,0
YHR022C-A,0,0,0,0
YHR024C,202,192,0,0
YHR027C,995,952,0,2
YHR028C,295,280,0,0
YHR029C,198,194,0,0
YHR030C,450,423,2,2
YHR031C,50,48,0,0
YHR032C-A,0,0,0,0
YHR034C,90,88,0,0
YHR039C,511,497,3,0
YHR039C-A,723,585,0,0
YHR041C,61,59,0,2
YHR043C,216,175,7,0
YHR044C,81,79,0,0
YHR046C,91,79,0,0
YHR047C,265,259,0,0
YHR049C-A,1,0,NA,1
YHR056C,405,400,0,NA
YHR057C,157,139,0,0
YHR058C,63,52,0,0
YHR061C,44,34,1,0
YHR062C,80,63,0,0
YHR063C,276,250,0,0
YHR064C,2038,1947,1,0
YHR065C,316,295,0,0
YHR069C,155,150,0,0
YHR071C-A,0,0,0,0
YHR073C-B,1,0,1,0
YHR075C,46,43,0,0
YHR077C,147,138,1,0
YHR079C,39,32,3,0
YHR080C,52,50,0,NA
YHR082C,155,146,NA,0
YHR089C,476,424,0,0
YHR090C,76,67,0,0
YHR091C,72,69,0,0
YHR092C,875,845,2,0
YHR094C,770,729,1,0
YHR096C,53,51,NA,0
YHR097C,231,220,0,NA
YHR098C,345,330,0,0
YHR100C,65,57,0,0
YHR101C,47,40,NA,1
YHR107C,401,375,13,0
YHR112C,123,118,0,0
YHR115C,171,157,4,NA
YHR118C,86,83,0,0
YHR129C,28,19,7,0
YHR130C,0,0,0,0
YHR131C,36,35,1,NA
YHR132C,324,311,0,0
YHR133C,162,144,0,0
YHR135C,368,341,8,0
YHR136C,0,0,0,0
YHR138C,130,113,1,0
YHR139C,6,5,NA,1
YHR141C,2014,1619,0,2
YHR144C,55,52,0,0
YHR145C,49,43,3,NA
YHR147C,248,211,2,0
YHR149C,145,133,7,0
YHR151C,23,16,5,0
YHR153C,12,12,NA,0
YHR156C,29,26,0,0
YHR158C,186,184,NA,0
YHR161C,183,175,1,0
YHR164C,81,78,NA,0
YHR165C,141,134,5,0
YHR166C,51,49,0,0
YHR173C,1,1,NA,0
YHR180C-B,3,0,0,3
YHR182C-A,0,0,0,0
YHR185C,5,5,NA,0
YHR186C,110,108,0,NA
YHR188C,286,256,0,0
YHR191C,42,39,0,0
YHR193C,1581,1414,1,3
YHR193C-A,1,1,0,0
YHR198C,129,123,NA,0
YHR199C,57,53,0,0
YHR201C,201,191,0,0
YHR203C,3635,3337,5,2
YHR210C,4,2,1,0
YHL048W,259,242,0,0
YHL045W,0,0,0,0
YHL044W,28,25,0,0
YHL043W,0,0,0,0
YHL042W,12,11,NA,0
YHL041W,0,0,0,0
YHL039W,139,136,0,0
YHL036W,9,9,0,0
YHL030W,292,290,NA,0
YHL028W,54,49,0,1
YHL027W,323,311,6,0
YHL025W,124,114,0,1
YHL024W,335,323,NA,0
YHL017W,67,63,0,0
YHL015W,2068,1813,1,7
YHL012W,5,5,NA,NA
YHL006W-A,0,0,0,0
YHL004W,335,315,2,0
YHL002W,235,224,0,0
YHL001W,1626,1419,0,15
YHR001W,245,230,0,0
YHR001W-A,288,196,9,1
YHR002W,34,30,1,0
YHR006W,173,165,0,0
YHR010W,2010,1660,1,7
YHR011W,104,96,0,0
YHR012W,122,114,0,0
YHR015W,90,86,NA,0
YHR017W,73,70,0,0
YHR020W,1415,1334,20,1
YHR021W-A,0,0,0,0
YHR023W,229,229,NA,0
YHR025W,597,555,1,0
YHR026W,511,430,18,2
YHR028W-A,0,0,0,0
YHR032W,195,193,1,NA
YHR032W-A,0,0,0,0
YHR033W,81,74,0,0
YHR035W,20,19,0,NA
YHR036W,57,55,0,1
YHR037W,539,504,1,0
YHR038W,169,142,0,0
YHR040W,61,55,0,0
YHR042W,598,576,0,0
YHR045W,88,79,2,0
YHR048W,1,1,0,0
YHR049W,455,397,0,0
YHR050W,118,104,8,0
YHR051W,522,475,NA,2
YHR052W,417,389,1,0
YHR056W-A,2,0,NA,1
YHR059W,165,125,3,0
YHR060W,126,122,NA,0
YHR066W,209,185,0,0
YHR067W,48,43,0,0
YHR068W,561,502,0,0
YHR070W,144,134,0,5
YHR071W,90,51,34,NA
YHR072W,307,278,5,0
YHR072W-A,309,206,3,2
YHR073W,173,172,NA,0
YHR074W,300,286,0,0
YHR076W,167,148,0,0
YHR078W,56,56,0,0
YHR081W,80,74,0,2
YHR083W,98,90,0,0
YHR084W,106,98,4,1
YHR085W,95,82,0,0
YHR086W,134,127,2,0
YHR087W,712,543,26,1
YHR088W,157,145,0,0
YHR099W,342,336,3,NA
YHR102W,83,82,NA,0
YHR103W,155,141,10,0
YHR104W,740,666,8,3
YHR105W,40,37,0,0
YHR106W,61,61,NA,0
YHR108W,596,574,0,0
YHR109W,64,60,0,0
YHR110W,101,83,0,0
YHR111W,139,135,NA,0
YHR113W,240,237,0,0
YHR114W,186,180,4,NA
YHR116W,106,97,NA,0
YHR117W,211,202,0,0
YHR119W,94,94,NA,0
YHR120W,32,30,NA,0
YHR121W,200,175,3,0
YHR122W,155,140,0,0
YHR123W,134,126,0,0
YHR124W,12,12,NA,0
YHR127W,98,92,0,0
YHR128W,459,407,0,1
YHR132W-A,117,85,0,1
YHR134W,23,23,NA,0
YHR137W,297,280,0,0
YHR140W,26,22,0,0
YHR142W,219,188,12,0
YHR143W,605,562,17,1
YHR143W-A,207,139,0,1
YHR146W,435,428,0,NA
YHR148W,99,88,0,0
YHR150W,31,29,0,1
YHR152W,256,230,2,0
YHR154W,100,97,0,NA
YHR155W,60,54,0,0
YHR157W,2,2,0,0
YHR159W,50,50,0,0
YHR162W,673,504,55,1
YHR163W,243,233,0,1
YHR167W,39,36,0,0
YHR168W,62,56,0,1
YHR169W,114,110,0,0
YHR170W,203,194,0,0
YHR171W,49,48,0,0
YHR172W,71,67,2,0
YHR174W,16011,15190,23,22
YHR176W,28,28,NA,0
YHR177W,31,31,NA,0
YHR178W,22,21,0,0
YHR179W,1175,1082,0,0
YHR180W,3,2,0,NA
YHR181W,134,127,0,0
YHR182W,39,39,0,0
YHR183W,3258,3083,11,2
YHR184W,36,36,NA,0
YHR187W,119,105,0,2
YHR190W,935,848,4,2
YHR192W,101,88,0,0
YHR194W,27,26,0,0
YHR195W,85,72,2,0
YHR196W,177,170,0,0
YHR197W,168,161,0,0
YHR200W,428,401,0,0
YHR202W,70,69,0,0
YHR204W,36,34,1,0
YHR205W,406,386,15,0
YHR206W,167,155,6,0
YHR208W,1662,1535,0,1
YHR209W,501,459,4,0
YHR211W,11,11,NA,0
YHR215W,52,51,NA,0
YHR216W,711,682,0,0
YIL169C,220,220,0,NA
YIL166C,7,5,NA,2
YIL165C,0,0,0,0
YIL163C,1,0,NA,1
YIL160C,6,6,NA,0
YIL157C,218,199,NA,0
YIL155C,214,208,1,1
YIL154C,166,151,0,0
YIL151C,75,75,NA,0
YIL150C,29,28,0,0
YIL149C,110,108,NA,0
YIL147C,64,64,NA,0
YIL146C,46,44,1,0
YIL145C,129,119,0,1
YIL143C,135,134,0,NA
YIL139C,14,12,0,0
YIL138C,289,263,0,2
YIL137C,319,308,0,0
YIL135C,177,164,1,0
YIL134C-A,0,0,0,0
YIL133C,1474,1339,0,3
YIL132C,10,8,NA,1
YIL131C,122,112,1,0
YIL129C,127,127,NA,0
YIL127C,112,102,0,1
YIL119C,118,107,6,NA
YIL117C,356,329,0,1
YIL115C,395,389,NA,0
YIL114C,47,41,1,0
YIL109C,1049,1002,4,0
YIL107C,195,188,1,0
YIL105C,274,264,2,0
YIL104C,84,75,0,0
YIL102C-A,15,10,0,1
YIL101C,64,63,NA,0
YIL098C,141,116,0,0
YIL096C,68,63,NA,0
YIL094C,532,492,0,2
YIL093C,254,220,1,1
YIL091C,175,167,0,0
YIL088C,175,168,0,0
YIL087C,81,72,0,0
YIL085C,81,73,1,NA
YIL084C,52,51,0,NA
YIL083C,178,152,1,0
YIL079C,69,65,0,0
YIL077C,33,33,0,0
YIL075C,966,937,0,NA
YIL074C,251,244,0,0
YIL073C,27,25,NA,1
YIL071C,13,12,NA,0
YIL070C,587,531,2,1
YIL069C,1790,1631,1,5
YIL068C,102,95,0,0
YIL067C,45,45,0,0
YIL066C,18,18,NA,0
YIL065C,161,129,0,0
YIL063C,248,235,1,0
YIL062C,528,469,0,2
YIL061C,52,47,0,0
YIL059C,20,3,2,14
YIL057C,2,2,0,0
YIL055C,57,57,NA,0
YIL052C,1611,1292,3,2
YIL051C,881,697,6,1
YIL047C,123,118,0,NA
YIL044C,155,142,0,0
YIL043C,477,441,0,0
YIL042C,36,34,0,0
YIL038C,362,342,7,0
YIL037C,0,0,0,0
YIL035C,154,136,3,1
YIL034C,297,283,0,1
YIL033C,650,619,9,0
YIL030C,309,303,NA,0
YIL029C,4,1,3,0
YIL027C,165,138,0,1
YIL026C,150,143,0,0
YIL023C,94,86,0,0
YIL020C,96,88,0,NA
YIL017C,54,51,0,NA
YIL014C-A,44,35,2,0
YIL013C,18,18,NA,0
YIL009C-A,38,31,0,0
YIL007C,57,53,0,0
YIL004C,88,73,0,0
YIL002C,64,58,2,0
YIR001C,93,85,0,0
YIR002C,40,36,1,0
YIR006C,1091,1075,NA,0
YIR008C,104,97,0,0
YIR011C,158,152,0,0
YIR013C,0,0,0,0
YIR017C,38,36,NA,0
YIR018C-A,1,0,1,NA
YIR019C,5,5,NA,0
YIR020C,0,0,0,0
YIR024C,63,52,0,0
YIR026C,121,104,0,1
YIR027C,9,9,NA,0
YIR030C,37,29,0,0
YIR031C,8,5,3,0
YIR032C,20,17,1,0
YIR034C,486,472,0,1
YIR035C,184,173,0,0
YIR036C,184,167,0,0
YIR038C,167,158,0,0
YIR039C,66,62,NA,0
YIR042C,23,17,1,1
YIL162W,239,236,NA,0
YIL161W,71,67,0,0
YIL159W,55,54,NA,0
YIL158W,62,60,0,0
YIL156W-B,117,94,NA,0
YIL156W,58,57,NA,0
YIL153W,84,80,0,0
YIL152W,31,29,0,0
YIL148W,2367,1881,0,7
YIL144W,107,105,1,0
YIL142W,714,684,0,0
YIL140W,254,244,NA,1
YIL136W,367,359,0,0
YIL134W,44,41,0,0
YIL130W,96,92,2,NA
YIL128W,176,172,NA,NA
YIL126W,204,199,0,0
YIL125W,753,737,NA,0
YIL124W,594,551,0,0
YIL123W,1822,1762,2,5
YIL122W,47,44,NA,0
YIL121W,99,92,NA,0
YIL120W,12,11,NA,1
YIL118W,225,199,4,0
YIL116W,334,321,0,NA
YIL113W,22,20,0,0
YIL112W,139,138,0,NA
YIL111W,141,117,0,0
YIL110W,117,110,0,0
YIL108W,471,456,0,0
YIL106W,247,227,0,1
YIL103W,86,84,0,0
YIL100W,1,0,1,NA
YIL099W,6,6,NA,0
YIL097W,63,59,0,0
YIL095W,110,105,0,0
YIL092W,16,11,0,0
YIL090W,88,79,6,0
YIL089W,25,22,1,0
YIL078W,1679,1641,0,0
YIL076W,468,424,0,0
YIL066W-A,0,0,0,0
YIL064W,104,100,NA,0
YIL056W,65,63,NA,1
YIL054W,0,0,0,0
YIL053W,2042,1808,1,5
YIL050W,105,86,3,0
YIL049W,45,45,NA,0
YIL048W,171,160,6,0
YIL046W-A,0,0,0,0
YIL046W,61,56,0,1
YIL045W,57,54,2,0
YIL041W,804,766,0,0
YIL040W,98,80,0,0
YIL039W,315,303,0,0
YIL036W,252,244,0,0
YIL031W,38,28,2,NA
YIL028W,4,0,4,0
YIL022W,398,360,2,0
YIL021W,236,210,1,2
YIL019W,86,72,0,0
YIL018W,3677,3383,0,0
YIL016W,102,78,0,0
YIL015W,8,7,NA,0
YIL014W,100,89,2,0
YIL011W,70,62,0,0
YIL010W,173,152,0,0
YIL009W,87,86,0,0
YIL008W,120,85,1,1
YIL006W,15,13,NA,0
YIL005W,218,210,2,0
YIL003W,41,34,2,0
YIL002W-A,103,69,0,0
YIL001W,37,36,0,0
YIR003W,252,246,0,0
YIR004W,269,255,0,0
YIR005W,46,30,0,0
YIR007W,46,45,0,1
YIR009W,40,30,1,1
YIR010W,74,72,0,0
YIR012W,307,290,0,0
YIR014W,12,10,0,0
YIR016W,14,14,0,0
YIR018W,21,20,0,0
YIR021W,92,85,1,0
YIR022W,200,186,NA,0
YIR023W,79,78,NA,0
YIR025W,38,37,0,0
YIR028W,15,14,NA,0
YIR029W,7,7,NA,0
YIR033W,138,135,NA,0
YIR037W,692,594,13,1
YIR041W,5,1,3,0
YJL216C,3,3,NA,0
YJL215C,0,0,0,0
YJL212C,85,83,0,0
YJL208C,153,137,2,0
YJL207C,130,126,0,NA
YJL206C,27,25,NA,0
YJL205C,38,25,0,1
YJL204C,90,88,0,0
YJL202C,0,0,0,0
YJL200C,416,398,0,0
YJL199C,20,19,NA,0
YJL196C,202,195,0,2
YJL192C,253,234,0,2
YJL190C,1780,1544,0,1
YJL187C,45,43,1,0
YJL185C,13,13,NA,0
YJL180C,195,186,0,3
YJL178C,204,191,0,0
YJL176C,215,211,0,0
YJL173C,198,165,0,0
YJL171C,668,619,0,0
YJL170C,1,1,0,0
YJL168C,111,111,0,0
YJL165C,174,169,1,NA
YJL164C,123,114,5,0
YJL163C,56,54,0,0
YJL162C,52,49,0,0
YJL160C,5,4,0,NA
YJL158C,3031,2758,4,3
YJL157C,160,153,NA,0
YJL156C,107,101,NA,0
YJL155C,174,166,3,0
YJL154C,252,248,NA,0
YJL153C,132,122,NA,0
YJL151C,475,426,1,1
YJL147C,25,24,0,0
YJL139C,40,35,1,0
YJL138C,2886,2779,2,3
YJL137C,52,46,0,0
YJL136C,1329,1000,3,2
YJL133C-A,191,151,0,0
YJL131C,70,66,0,0
YJL130C,6175,6077,NA,2
YJL129C,97,89,7,NA
YJL128C,188,179,4,0
YJL127C-B,41,21,1,1
YJL127C,41,37,2,0
YJL125C,142,130,0,0
YJL124C,208,171,10,0
YJL123C,355,347,0,NA
YJL121C,544,489,1,0
YJL119C,1,0,1,0
YJL116C,34,30,NA,1
YJL110C,2,2,0,0
YJL109C,366,363,0,0
YJL108C,0,0,0,0
YJL107C,110,109,0,NA
YJL103C,25,23,0,0
YJL101C,91,78,2,0
YJL094C,71,70,1,0
YJL093C,36,35,NA,1
YJL091C,146,143,0,0
YJL090C,32,29,NA,0
YJL087C,149,147,NA,0
YJL084C,164,157,0,0
YJL081C,137,127,0,0
YJL080C,2036,1981,NA,0
YJL079C,485,425,10,0
YJL078C,436,414,8,0
YJL077C,1,1,NA,0
YJL074C,192,186,NA,1
YJL072C,86,82,0,1
YJL070C,69,69,NA,0
YJL069C,188,182,0,0
YJL068C,333,307,0,0
YJL066C,280,264,0,0
YJL065C,68,63,0,0
YJL063C,290,258,0,0
YJL058C,29,28,0,0
YJL057C,65,58,2,0
YJL056C,372,367,NA,0
YJL048C,312,297,1,0
YJL047C-A,1,0,0,1
YJL047C,56,54,1,0
YJL044C,59,50,0,1
YJL039C,275,260,4,0
YJL038C,11,10,NA,0
YJL035C,34,32,0,0
YJL031C,80,74,NA,0
YJL029C,133,128,0,0
YJL027C,1,0,0,0
YJL024C,124,106,0,1
YJL023C,26,25,NA,0
YJL020C,856,839,2,0
YJL015C,3,0,NA,3
YJL013C,66,64,NA,0
YJL012C,333,314,0,0
YJL011C,73,67,0,0
YJL010C,258,249,0,0
YJL008C,600,545,0,3
YJL006C,73,70,0,0
YJL004C,54,39,0,6
YJL002C,449,421,4,0
YJR003C,100,98,0,0
YJR004C,94,90,NA,0
YJR009C,11095,10287,15,10
YJR010C-A,58,49,0,0
YJR011C,26,24,0,0
YJR012C,23,20,NA,0
YJR016C,1298,1249,0,0
YJR017C,179,156,0,1
YJR019C,75,71,0,0
YJR021C,27,25,0,0
YJR025C,478,393,0,2
YJR030C,65,61,2,NA
YJR031C,113,108,0,0
YJR033C,80,78,0,NA
YJR036C,9,9,NA,0
YJR041C,164,158,0,0
YJR043C,84,73,0,0
YJR044C,201,158,9,0
YJR045C,4509,4277,85,8
YJR047C,443,443,0,0
YJR049C,139,131,0,1
YJR056C,71,57,5,0
YJR058C,38,32,0,0
YJR062C,69,66,0,0
YJR065C,644,610,0,0
YJR067C,48,45,NA,0
YJR069C,278,262,0,0
YJR070C,621,579,0,0
YJR072C,305,287,0,0
YJR073C,902,836,0,0
YJR076C,270,242,1,0
YJR077C,1404,1312,0,2
YJR080C,238,209,0,0
YJR082C,80,61,7,0
YJR083C,71,67,0,0
YJR085C,325,247,5,3
YJR088C,246,230,2,0
YJR090C,152,144,5,0
YJR091C,236,225,1,1
YJR093C,148,140,1,0
YJR094C,13,13,NA,0
YJR098C,47,43,NA,1
YJR100C,68,68,0,0
YJR102C,80,78,0,0
YJR104C,1680,1454,12,14
YJR109C,1708,1645,0,0
YJR111C,61,55,NA,0
YJR113C,260,220,2,0
YJR118C,150,125,0,0
YJR119C,40,39,NA,0
YJR124C,43,43,0,0
YJR125C,501,486,0,0
YJR126C,140,139,NA,0
YJR127C,65,65,NA,0
YJR129C,30,30,0,0
YJR130C,159,137,4,0
YJR134C,108,99,0,0
YJR135C,25,23,0,NA
YJR136C,33,33,NA,0
YJR137C,157,156,NA,0
YJR139C,1419,1300,4,2
YJR140C,80,77,NA,2
YJR143C,597,541,3,2
YJR145C,3816,3467,0,3
YJR150C,0,0,0,0
YJR151C,0,0,0,0
YJR156C,66,58,NA,0
YJR161C,461,387,NA,0
YJL218W,46,43,0,0
YJL217W,290,259,0,0
YJL214W,15,10,NA,5
YJL213W,0,0,0,0
YJL210W,41,39,0,0
YJL209W,30,26,0,0
YJL203W,68,62,0,0
YJL201W,93,87,0,0
YJL198W,182,176,0,0
YJL197W,121,121,0,0
YJL194W,52,50,0,0
YJL193W,40,36,NA,0
YJL191W,819,762,0,1
YJL189W,983,587,0,18
YJL186W,310,276,0,0
YJL184W,107,87,0,0
YJL183W,238,213,9,0
YJL181W,47,47,0,0
YJL179W,123,102,1,0
YJL177W,1801,1629,0,1
YJL175W,1,0,0,1
YJL174W,546,490,8,0
YJL172W,617,595,1,0
YJL167W,2044,1903,8,2
YJL166W,522,375,6,3
YJL161W,71,66,0,0
YJL159W,10163,9589,62,5
YJL152W,2,0,0,2
YJL150W,13,11,2,NA
YJL149W,130,121,NA,0
YJL148W,212,189,0,2
YJL146W,97,91,1,0
YJL145W,234,215,0,0
YJL144W,47,38,0,0
YJL143W,348,301,1,1
YJL140W,234,210,3,0
YJL136W-A,0,0,0,0
YJL134W,124,119,NA,0
YJL133W,45,42,1,0
YJL132W,68,64,0,0
YJL126W,52,47,0,0
YJL122W,182,146,0,0
YJL118W,21,21,NA,0
YJL117W,235,201,0,0
YJL115W,110,88,3,0
YJL112W,94,86,3,0
YJL111W,539,514,2,1
YJL106W,14,11,2,NA
YJL104W,288,250,0,3
YJL102W,71,69,0,0
YJL100W,49,47,0,0
YJL099W,81,79,1,NA
YJL098W,135,122,4,NA
YJL097W,318,276,0,0
YJL096W,203,166,1,0
YJL095W,72,71,NA,0
YJL092W,58,57,NA,0
YJL088W,876,800,0,0
YJL085W,103,97,0,0
YJL083W,34,33,0,0
YJL082W,290,281,4,0
YJL077W-B,0,0,0,0
YJL077W-A,1,0,0,1
YJL076W,400,395,NA,0
YJL073W,149,140,0,2
YJL071W,62,58,0,0
YJL062W-A,273,201,2,4
YJL062W,143,138,0,0
YJL061W,151,147,0,0
YJL060W,262,251,0,0
YJL059W,38,36,0,0
YJL055W,356,323,0,1
YJL054W,136,133,0,0
YJL053W,152,134,3,0
YJL052W,5705,5406,9,0
YJL051W,88,83,0,NA
YJL050W,392,386,1,0
YJL049W,49,47,0,0
YJL046W,40,34,0,0
YJL045W,35,35,NA,0
YJL043W,6,1,NA,5
YJL042W,200,197,2,NA
YJL041W,676,640,1,1
YJL037W,9,4,NA,4
YJL036W,136,131,0,0
YJL034W,2374,2241,2,2
YJL033W,254,242,0,NA
YJL030W,59,55,0,0
YJL028W,4,0,NA,4
YJL026W,1422,1315,4,1
YJL025W,19,18,0,0
YJL022W,3,1,NA,2
YJL019W,81,77,0,1
YJL016W,93,86,1,0
YJL014W,671,637,0,0
YJL005W,217,211,3,NA
YJL003W,74,58,0,2
YJL001W,457,416,0,2
YJR001W,266,258,0,1
YJR002W,263,248,0,2
YJR005W,108,105,0,0
YJR006W,104,100,0,0
YJR007W,695,638,6,0
YJR008W,130,113,5,0
YJR010W,61,59,NA,0
YJR013W,74,71,0,1
YJR014W,440,408,0,2
YJR015W,310,305,0,0
YJR018W,0,0,0,0
YJR020W,0,0,0,0
YJR032W,175,161,0,0
YJR034W,122,109,3,0
YJR035W,58,57,NA,0
YJR039W,14,12,NA,NA
YJR040W,113,102,1,0
YJR042W,152,149,0,0
YJR046W,60,57,0,0
YJR048W,1168,932,11,10
YJR050W,67,57,0,0
YJR051W,164,156,1,0
YJR052W,99,94,NA,0
YJR053W,27,25,0,NA
YJR054W,34,27,1,0
YJR055W,27,25,0,0
YJR057W,102,98,0,0
YJR059W,281,276,0,NA
YJR060W,259,246,2,1
YJR061W,41,39,NA,0
YJR063W,164,139,0,0
YJR064W,565,543,0,0
YJR066W,111,107,0,NA
YJR068W,186,174,0,0
YJR074W,157,156,NA,0
YJR075W,280,267,2,1
YJR078W,116,116,0,NA
YJR079W,0,0,0,0
YJR084W,48,40,0,0
YJR089W,59,57,1,NA
YJR092W,315,311,NA,0
YJR094W-A,1056,727,0,6
YJR095W,6,6,0,0
YJR096W,111,96,NA,0
YJR097W,24,22,0,0
YJR099W,90,83,1,0
YJR101W,264,240,0,1
YJR103W,277,267,0,0
YJR105W,1639,1521,0,0
YJR106W,43,43,NA,NA
YJR107W,1,1,NA,0
YJR108W,6,6,NA,0
YJR110W,35,33,0,0
YJR112W,42,34,0,0
YJR112W-A,20,18,0,0
YJR115W,9,7,NA,0
YJR116W,44,40,0,0
YJR117W,493,457,1,0
YJR120W,42,2,NA,19
YJR121W,2324,2219,0,4
YJR122W,71,63,0,0
YJR123W,3456,3097,9,10
YJR131W,111,108,0,0
YJR132W,139,136,0,0
YJR133W,312,277,0,0
YJR135W-A,245,192,0,1
YJR138W,79,76,NA,0
YJR141W,12,10,0,0
YJR142W,174,158,0,0
YJR144W,202,190,0,0
YJR147W,7,6,NA,0
YJR148W,430,393,14,0
YJR149W,70,66,NA,0
YJR152W,7,4,3,0
YJR153W,1,1,0,0
YJR154W,4,4,0,NA
YJR155W,1,1,NA,0
YKL222C,8,6,2,0
YKL220C,1,1,NA,0
YKL218C,112,105,1,0
YKL215C,180,174,2,NA
YKL214C,142,122,0,0
YKL213C,251,241,2,0
YKL211C,488,465,0,NA
YKL209C,17,17,NA,NA
YKL206C,133,125,0,0
YKL203C,130,129,NA,NA
YKL201C,45,45,NA,NA
YKL198C,46,43,0,0
YKL197C,63,61,NA,0
YKL196C,342,282,0,0
YKL194C,129,120,0,0
YKL193C,277,268,0,0
YKL192C,590,424,0,5
YKL188C,17,17,NA,0
YKL187C,4,4,NA,0
YKL186C,130,118,0,0
YKL179C,190,184,0,0
YKL178C,251,230,0,0
YKL176C,53,39,13,0
YKL174C,75,62,3,0
YKL169C,0,0,0,0
YKL168C,35,33,NA,0
YKL167C,173,150,0,0
YKL166C,87,80,NA,2
YKL165C-A,2,1,1,NA
YKL165C,342,324,0,0
YKL164C,3844,3660,37,2
YKL162C,27,22,0,0
YKL161C,210,176,2,21
YKL159C,81,77,NA,1
YKL155C,133,121,0,0
YKL152C,7034,6337,2,6
YKL151C,176,171,1,NA
YKL149C,36,34,0,0
YKL148C,796,738,19,0
YKL144C,74,68,0,0
YKL138C-A,64,46,0,2
YKL138C,190,160,2,0
YKL135C,232,221,0,0
YKL134C,97,96,0,0
YKL133C,20,17,0,0
YKL132C,5,4,1,0
YKL130C,188,142,4,0
YKL129C,259,245,NA,0
YKL128C,117,106,0,1
YKL122C,293,248,0,0
YKL119C,98,83,1,0
YKL116C,96,89,NA,0
YKL113C,126,101,0,2
YKL110C,143,121,0,1
YKL106C-A,0,0,0,0
YKL105C,84,82,1,NA
YKL104C,1526,1425,16,4
YKL103C,308,285,3,0
YKL102C,3,0,NA,2
YKL100C,252,237,0,2
YKL099C,105,87,0,0
YKL092C,61,57,2,NA
YKL091C,137,133,NA,0
YKL087C,280,253,3,1
YKL082C,173,166,2,NA
YKL075C,65,64,0,NA
YKL074C,103,102,0,0
YKL065C,508,447,0,0
YKL063C,130,90,7,0
YKL060C,10801,10047,1,4
YKL059C,82,75,0,0
YKL057C,225,213,1,0
YKL056C,1948,1653,9,5
YKL055C,12,9,0,0
YKL054C,2521,2428,18,2
YKL053C-A,206,139,12,2
YKL052C,81,78,0,0
YKL050C,1,1,NA,0
YKL049C,95,86,0,1
YKL048C,31,28,NA,0
YKL046C,297,262,7,1
YKL040C,209,182,1,4
YKL036C,5,0,NA,5
YKL032C,352,349,NA,0
YKL029C,467,449,0,0
YKL026C,10,10,NA,0
YKL025C,194,187,0,0
YKL024C,265,242,NA,1
YKL022C,103,103,NA,0
YKL021C,191,187,NA,0
YKL020C,131,125,NA,0
YKL018C-A,35,23,0,0
YKL017C,75,75,0,0
YKL016C,723,631,2,0
YKL014C,175,172,NA,0
YKL013C,415,352,4,0
YKL011C,35,34,NA,0
YKL010C,211,208,NA,0
YKL008C,190,180,0,1
YKL006C-A,62,43,0,0
YKL005C,60,59,0,0
YKL003C,109,95,0,0
YKL001C,63,55,1,0
YKR001C,1014,977,0,0
YKR004C,33,31,0,NA
YKR005C,11,10,NA,1
YKR006C,288,264,0,0
YKR009C,28,27,NA,1
YKR010C,76,70,2,NA
YKR011C,218,212,NA,0
YKR012C,0,0,0,0
YKR014C,324,274,1,0
YKR015C,1,1,0,0
YKR017C,36,34,1,0
YKR018C,259,246,0,0
YKR019C,28,27,1,0
YKR022C,12,11,0,0
YKR024C,142,139,0,0
YKR026C,222,200,2,0
YKR029C,147,145,NA,0
YKR031C,104,103,NA,0
YKR036C,34,31,0,0
YKR037C,76,73,0,0
YKR038C,184,169,0,2
YKR040C,1,1,NA,NA
YKR043C,507,473,0,0
YKR045C,46,37,1,0
YKR046C,1383,1302,0,1
YKR048C,630,596,0,0
YKR049C,103,91,0,0
YKR052C,50,48,1,0
YKR053C,0,0,0,0
YKR054C,63,61,0,0
YKR063C,42,40,NA,0
YKR065C,419,391,0,0
YKR066C,513,463,0,0
YKR068C,190,165,0,0
YKR071C,409,383,1,1
YKR072C,188,185,NA,0
YKR075C,76,72,0,0
YKR079C,139,116,13,0
YKR081C,317,270,0,0
YKR083C,31,24,0,0
YKR084C,200,195,0,0
YKR085C,229,215,0,0
YKR087C,59,52,0,0
YKR088C,103,101,0,0
YKR089C,86,81,2,0
YKR092C,363,344,0,0
YKR094C,2068,1740,0,12
YKR098C,51,51,0,0
YKR100C,108,90,13,0
YKL221W,0,0,0,0
YKL219W,84,80,NA,0
YKL217W,7,7,NA,0
YKL216W,971,887,5,1
YKL212W,660,619,12,NA
YKL210W,1372,1340,0,2
YKL208W,54,49,0,0
YKL207W,241,214,1,0
YKL205W,188,180,0,NA
YKL204W,520,498,0,0
YKL195W,546,513,0,1
YKL191W,159,152,0,0
YKL190W,181,155,0,0
YKL189W,102,91,0,0
YKL185W,577,529,31,0
YKL184W,318,297,4,1
YKL183W,103,82,5,0
YKL182W,5829,5754,NA,1
YKL181W,545,471,22,1
YKL180W,2306,2092,0,5
YKL175W,521,491,0,1
YKL173W,103,98,0,0
YKL172W,483,456,0,1
YKL171W,26,26,0,0
YKL170W,227,208,0,1
YKL163W,3676,3455,34,NA
YKL160W,213,149,0,1
YKL157W,1111,1084,0,0
YKL156W,478,413,NA,3
YKL154W,85,76,3,1
YKL153W,1,1,0,NA
YKL150W,920,824,5,1
YKL146W,207,202,0,1
YKL145W,702,665,NA,1
YKL143W,177,170,0,0
YKL142W,516,483,2,1
YKL141W,423,395,0,0
YKL140W,137,120,2,0
YKL139W,83,74,0,0
YKL137W,182,127,1,1
YKL127W,504,486,0,1
YKL126W,387,361,3,0
YKL125W,114,107,0,0
YKL124W,61,56,0,NA
YKL121W,69,68,NA,0
YKL120W,446,413,2,0
YKL118W,0,0,0,0
YKL117W,989,895,0,0
YKL112W,185,177,3,1
YKL109W,312,278,14,0
YKL108W,56,52,0,0
YKL107W,14,14,NA,0
YKL106W,118,105,4,1
YKL101W,164,161,NA,0
YKL098W,34,29,0,0
YKL096W-A,3116,2412,36,20
YKL096W,2762,2458,9,6
YKL094W,204,182,0,0
YKL093W,40,39,NA,0
YKL090W,32,30,NA,0
YKL089W,56,56,0,0
YKL088W,160,155,0,0
YKL086W,40,31,0,1
YKL085W,830,785,4,0
YKL084W,86,68,3,NA
YKL081W,2523,2320,0,12
YKL080W,639,602,3,0
YKL079W,106,100,0,0
YKL078W,71,69,0,0
YKL077W,362,335,0,0
YKL073W,294,288,0,0
YKL072W,23,22,0,0
YKL071W,0,0,0,0
YKL070W,0,0,0,0
YKL069W,166,156,0,0
YKL068W-A,29,17,0,0
YKL068W,301,294,0,0
YKL065W-A,1,1,0,0
YKL064W,173,165,4,NA
YKL062W,395,386,NA,0
YKL061W,42,29,0,0
YKL058W,103,78,0,0
YKL053W,6,0,NA,6
YKL051W,118,109,NA,0
YKL047W,142,131,0,0
YKL045W,131,123,0,0
YKL044W,4,4,0,NA
YKL043W,47,46,NA,0
YKL042W,100,86,1,0
YKL041W,145,121,4,0
YKL039W,485,435,17,0
YKL038W,87,84,2,0
YKL035W,1505,1364,9,1
YKL034W,112,104,1,0
YKL033W-A,316,292,3,0
YKL033W,58,55,NA,0
YKL031W,0,0,0,0
YKL028W,111,100,0,0
YKL027W,173,153,1,0
YKL023W,117,102,0,0
YKL019W,98,89,0,0
YKL018W,146,133,0,0
YKL015W,54,49,1,0
YKL012W,111,108,0,NA
YKL009W,309,288,1,1
YKL007W,368,334,0,0
YKL006W,1836,1552,0,6
YKL004W,196,164,18,0
YKL002W,130,119,0,0
YKR002W,168,156,3,0
YKR003W,217,197,5,0
YKR007W,74,66,0,0
YKR008W,149,141,0,0
YKR013W,559,524,3,0
YKR016W,399,375,0,1
YKR020W,51,50,0,0
YKR021W,93,83,2,0
YKR023W,99,93,1,0
YKR025W,132,123,0,0
YKR027W,75,68,0,0
YKR028W,167,164,NA,0
YKR030W,82,69,0,2
YKR035W-A,219,196,0,0
YKR039W,1208,1158,11,0
YKR041W,18,5,NA,12
YKR042W,2814,2525,95,6
YKR044W,22,20,1,0
YKR047W,0,0,0,0
YKR050W,8,3,4,1
YKR051W,32,30,0,0
YKR055W,67,61,2,0
YKR056W,240,238,NA,0
YKR057W,861,636,0,2
YKR058W,33,30,0,0
YKR059W,2819,2717,1,2
YKR060W,79,68,0,0
YKR061W,48,45,0,0
YKR062W,193,173,0,0
YKR064W,44,42,NA,0
YKR067W,196,188,2,0
YKR069W,10,8,2,0
YKR070W,165,158,NA,0
YKR074W,171,151,NA,0
YKR075W-A,0,0,0,0
YKR076W,64,60,0,0
YKR077W,203,194,0,0
YKR078W,34,34,0,0
YKR080W,181,165,1,1
YKR082W,227,220,NA,0
YKR086W,49,46,0,0
YKR090W,118,111,2,0
YKR091W,355,328,0,0
YKR093W,244,234,0,0
YKR095W,247,246,NA,0
YKR095W-A,104,90,0,0
YKR096W,133,130,0,1
YKR097W,3,3,NA,0
YKR099W,82,76,3,0
YKR101W,30,30,0,0
YKR102W,1,1,NA,NA
YKR103W,8,8,0,NA
YKR104W,0,0,0,0
YLL063C,11,11,NA,0
YLL062C,17,14,0,0
YLL060C,8,7,0,0
YLL059C,2,1,NA,1
YLL057C,5,5,NA,0
YLL056C,9,8,NA,0
YLL054C,26,24,0,0
YLL053C,0,0,0,0
YLL051C,40,39,0,0
YLL050C,1313,1176,0,4
YLL048C,505,498,NA,NA
YLL045C,3488,3219,0,1
YLL042C,10,9,NA,0
YLL041C,494,464,1,2
YLL040C,414,411,NA,0
YLL039C,2599,2479,8,0
YLL038C,37,26,NA,5
YLL036C,123,113,0,0
YLL034C,190,184,0,0
YLL032C,86,86,NA,0
YLL031C,218,204,0,0
YLL024C,9305,9094,0,5
YLL023C,282,234,2,0
YLL022C,105,102,NA,0
YLL019C,126,120,5,NA
YLL018C-A,41,28,0,4
YLL018C,1941,1850,0,0
YLL013C,264,256,6,0
YLL010C,75,69,4,1
YLL009C,271,177,1,0
YLL007C,62,56,1,0
YLR001C,98,94,0,0
YLR002C,239,233,0,0
YLR003C,163,153,0,0
YLR004C,6,6,0,0
YLR006C,107,95,7,NA
YLR008C,275,248,3,3
YLR010C,3,3,0,0
YLR014C,34,32,NA,NA
YLR016C,40,34,0,0
YLR018C,97,93,2,0
YLR020C,74,72,0,0
YLR022C,141,129,NA,0
YLR023C,135,125,2,0
YLR024C,44,41,0,NA
YLR026C,145,120,7,1
YLR027C,1063,1012,0,1
YLR028C,592,558,6,2
YLR029C,3108,2755,0,6
YLR034C,135,123,1,1
YLR035C,39,36,0,0
YLR036C,42,32,0,0
YLR037C,3,3,0,0
YLR038C,373,308,0,0
YLR039C,93,92,NA,0
YLR040C,757,669,8,1
YLR042C,53,51,0,1
YLR043C,661,543,0,3
YLR044C,17700,16880,8,25
YLR045C,218,212,0,NA
YLR046C,2,1,NA,0
YLR047C,14,13,1,0
YLR049C,163,150,2,0
YLR050C,153,137,0,0
YLR051C,124,119,0,0
YLR053C,5,5,NA,0
YLR054C,10,10,NA,0
YLR055C,86,82,NA,0
YLR058C,1774,1705,0,0
YLR059C,128,127,NA,0
YLR065C,123,99,0,0
YLR067C,57,57,NA,0
YLR069C,601,569,0,0
YLR070C,38,36,NA,0
YLR071C,169,163,0,0
YLR073C,43,41,0,0
YLR074C,185,131,0,0
YLR078C,163,152,1,0
YLR082C,60,54,0,0
YLR083C,349,334,1,NA
YLR084C,164,162,NA,0
YLR085C,56,53,0,1
YLR087C,49,49,NA,0
YLR089C,395,359,6,0
YLR093C,218,200,0,0
YLR094C,133,131,0,0
YLR095C,139,129,0,0
YLR097C,52,42,4,0
YLR098C,26,25,0,0
YLR099C,91,84,0,0
YLR103C,45,37,0,0
YLR105C,42,40,0,0
YLR106C,286,281,NA,0
YLR108C,56,54,1,0
YLR110C,6950,5968,50,25
YLR114C,81,79,0,0
YLR117C,62,60,0,0
YLR118C,173,161,0,0
YLR120C,451,403,6,2
YLR121C,312,302,0,2
YLR126C,46,38,1,0
YLR127C,48,47,0,NA
YLR130C,167,155,3,0
YLR131C,189,187,NA,0
YLR132C,41,39,0,1
YLR136C,24,23,NA,0
YLR139C,92,87,1,0
YLR144C,121,116,0,1
YLR146C,91,85,0,0
YLR147C,102,74,0,0
YLR149C,84,78,1,0
YLR151C,58,53,NA,2
YLR152C,29,23,4,0
YLR153C,2590,2433,1,4
YLR154C,66,46,3,1
YLR163C,325,302,0,0
YLR165C,11,9,NA,0
YLR166C,123,117,0,0
YLR168C,202,168,0,0
YLR170C,100,87,0,0
YLR172C,362,328,0,0
YLR176C,54,53,NA,1
YLR178C,636,575,1,0
YLR179C,521,479,1,3
YLR181C,112,101,3,0
YLR183C,115,102,1,0
YLR189C,93,93,NA,0
YLR192C,652,611,0,0
YLR193C,113,90,0,1
YLR194C,1027,937,0,1
YLR195C,303,290,0,0
YLR199C,189,172,0,0
YLR201C,192,176,NA,0
YLR203C,395,358,4,0
YLR205C,225,212,0,0
YLR209C,176,170,NA,0
YLR211C,29,23,1,0
YLR212C,86,82,0,0
YLR213C,5,5,0,0
YLR215C,69,61,0,0
YLR216C,1278,1167,0,2
YLR218C,45,34,NA,0
YLR221C,129,115,0,0
YLR222C,254,250,0,0
YLR223C,159,152,4,NA
YLR225C,231,224,0,0
YLR227C,11,5,5,NA
YLR228C,51,50,1,0
YLR229C,445,391,17,0
YLR231C,286,274,0,0
YLR233C,9,6,0,0
YLR239C,108,95,0,0
YLR242C,14,10,4,0
YLR244C,473,455,0,0
YLR245C,26,24,0,0
YLR247C,79,71,NA,0
YLR254C,70,56,3,0
YLR255C,0,0,0,0
YLR259C,3651,3541,0,0
YLR262C-A,438,280,0,1
YLR265C,26,26,NA,0
YLR266C,20,19,NA,0
YLR269C,0,0,0,0
YLR272C,92,90,0,0
YLR273C,19,13,3,0
YLR276C,324,308,1,0
YLR277C,79,75,2,0
YLR284C,26,24,0,0
YLR285C-A,0,0,0,0
YLR286C,1706,1570,45,NA
YLR287C,138,131,1,0
YLR287C-A,1047,740,0,3
YLR288C,27,24,0,0
YLR290C,85,76,0,0
YLR291C,266,251,0,0
YLR292C,221,196,0,1
YLR293C,1469,1307,5,3
YLR294C,31,2,NA,NA
YLR298C,64,61,NA,0
YLR304C,3506,3343,3,2
YLR305C,157,154,NA,0
YLR309C,205,199,0,NA
YLR310C,177,176,NA,0
YLR311C,0,0,0,0
YLR312C,33,33,0,NA
YLR313C,22,18,4,0
YLR314C,565,528,1,1
YLR316C,61,55,0,0
YLR319C,128,114,0,1
YLR321C,179,169,0,0
YLR323C,38,38,0,0
YLR325C,1403,1041,0,9
YLR327C,353,238,12,0
YLR333C,867,660,5,4
YLR336C,186,179,0,NA
YLR337C,455,442,1,0
YLR339C,0,0,0,0
YLR346C,1,1,0,0
YLR347C,524,501,4,1
YLR348C,133,124,0,1
YLR351C,289,280,NA,0
YLR354C,2039,1913,5,1
YLR355C,4494,4160,10,11
YLR361C,78,71,0,0
YLR361C-A,80,68,NA,0
YLR363C,91,70,0,0
YLR364C-A,0,0,0,0
YLR370C,384,338,0,2
YLR373C,98,97,0,0
YLR376C,27,23,0,0
YLR378C,802,730,24,4
YLR382C,194,185,0,0
YLR384C,481,476,NA,1
YLR387C,307,295,2,0
YLR389C,265,259,NA,0
YLR392C,43,35,0,0
YLR395C,367,279,1,3
YLR396C,73,70,0,0
YLR397C,157,149,0,0
YLR398C,270,267,NA,0
YLR399C,356,352,0,NA
YLR401C,189,183,0,0
YLR406C,757,641,0,3
YLR406C-A,1,1,0,NA
YLR408C,16,16,NA,0
YLR409C,271,269,0,0
YLR412C-A,4,2,0,2
YLR414C,550,479,9,3
YLR418C,244,229,NA,0
YLR421C,289,251,0,0
YLR423C,40,37,0,0
YLR428C,0,0,0,0
YLR431C,31,28,1,0
YLR433C,117,108,NA,0
YLR436C,84,77,1,0
YLR437C,80,72,1,0
YLR438C-A,196,135,9,0
YLR440C,115,108,2,0
YLR441C,2596,2348,1,1
YLR442C,106,104,0,0
YLR447C,657,622,1,1
YLR452C,34,28,0,0
YLR453C,18,16,0,NA
YLR457C,27,27,0,0
YLR460C,27,25,0,0
YLL061W,13,12,0,0
YLL058W,88,82,1,0
YLL055W,5,4,1,0
YLL049W,40,36,0,NA
YLL047W,2,1,NA,0
YLL043W,171,159,2,0
YLL037W,1,1,NA,0
YLL035W,59,56,1,0
YLL033W,29,28,NA,0
YLL029W,320,306,5,0
YLL028W,436,425,4,0
YLL027W,198,166,17,0
YLL026W,2045,1965,13,0
YLL025W,5,4,0,1
YLL021W,275,273,0,NA
YLL015W,233,233,NA,0
YLL014W,125,98,0,0
YLL012W,76,76,0,0
YLL011W,161,154,0,0
YLL008W,377,363,0,0
YLL006W,87,81,0,0
YLL004W,44,42,0,0
YLL003W,22,22,0,0
YLL002W,30,28,0,0
YLL001W,373,363,0,0
YLR005W,99,94,0,0
YLR007W,43,42,0,0
YLR009W,272,231,4,0
YLR011W,73,61,1,0
YLR015W,55,53,0,0
YLR017W,228,225,NA,0
YLR019W,109,101,8,0
YLR021W,49,38,1,0
YLR025W,285,261,2,1
YLR031W,1,0,NA,0
YLR032W,101,99,NA,0
YLR033W,115,103,0,0
YLR041W,10,0,1,9
YLR048W,2691,2476,8,2
YLR052W,113,103,NA,1
YLR056W,803,731,14,2
YLR057W,120,116,0,1
YLR060W,1078,1034,0,0
YLR061W,1663,1239,0,2
YLR064W,172,148,2,0
YLR066W,188,153,0,0
YLR068W,91,70,0,1
YLR072W,118,117,0,0
YLR075W,3559,3148,0,1
YLR077W,123,119,0,0
YLR079W,156,138,2,1
YLR080W,39,39,NA,0
YLR081W,6,6,0,0
YLR086W,105,98,NA,0
YLR088W,164,150,0,3
YLR090W,131,127,0,0
YLR091W,23,20,NA,0
YLR092W,1,1,NA,0
YLR096W,150,145,3,NA
YLR099W-A,38,32,0,0
YLR100W,482,450,1,0
YLR104W,91,81,1,0
YLR107W,56,54,NA,0
YLR109W,3860,3404,11,6
YLR112W,7,3,0,3
YLR113W,333,301,5,0
YLR115W,99,98,0,0
YLR116W,86,84,NA,1
YLR119W,50,50,NA,0
YLR120W-A,2,0,1,1
YLR124W,2,1,NA,1
YLR125W,0,0,0,0
YLR128W,50,47,0,0
YLR129W,213,202,0,0
YLR133W,273,260,0,0
YLR134W,897,892,0,0
YLR135W,58,54,0,0
YLR137W,34,31,0,0
YLR138W,188,175,6,NA
YLR141W,24,22,NA,0
YLR142W,136,131,NA,0
YLR143W,97,96,0,0
YLR145W,39,38,0,0
YLR146W-A,91,63,0,0
YLR148W,137,136,NA,0
YLR150W,3271,3067,0,3
YLR164W,6,5,NA,1
YLR167W,2715,2370,5,3
YLR173W,54,50,0,0
YLR174W,34,27,0,0
YLR175W,950,876,0,2
YLR177W,128,125,0,0
YLR180W,1341,1256,7,3
YLR182W,147,144,0,0
YLR185W,1552,1173,0,5
YLR186W,259,247,1,0
YLR187W,159,154,0,NA
YLR188W,83,77,0,1
YLR190W,251,233,6,1
YLR191W,82,75,0,0
YLR196W,386,371,3,NA
YLR197W,1235,1190,1,NA
YLR200W,211,170,0,1
YLR204W,186,173,1,0
YLR206W,351,336,9,NA
YLR207W,107,102,0,0
YLR208W,506,475,4,1
YLR210W,55,54,0,0
YLR214W,60,58,0,1
YLR217W,1,1,0,0
YLR219W,232,221,4,0
YLR220W,210,178,13,0
YLR224W,24,23,1,0
YLR226W,89,86,0,0
YLR234W,23,21,0,1
YLR237W,79,78,1,0
YLR238W,65,62,0,0
YLR240W,101,93,0,0
YLR241W,205,190,2,0
YLR243W,120,112,1,0
YLR246W,14,14,NA,0
YLR248W,350,324,1,1
YLR249W,9274,9124,3,0
YLR250W,385,346,2,2
YLR253W,151,135,7,0
YLR256W,138,137,0,NA
YLR257W,693,622,27,0
YLR258W,440,415,2,0
YLR260W,166,138,8,0
YLR263W,4,1,3,0
YLR264W,518,349,0,5
YLR267W,9,9,0,0
YLR268W,266,227,5,1
YLR270W,464,422,5,2
YLR271W,21,18,2,0
YLR274W,204,191,0,0
YLR275W,64,48,0,0
YLR283W,31,29,NA,0
YLR285W,142,135,NA,0
YLR286W-A,0,0,0,0
YLR289W,69,66,0,0
YLR296W,2,1,NA,1
YLR297W,36,33,0,0
YLR299W,274,259,2,0
YLR300W,2307,2091,33,8
YLR301W,539,471,1,0
YLR303W,908,823,0,0
YLR306W,35,30,1,0
YLR307W,30,29,0,0
YLR312W-A,283,256,0,1
YLR315W,29,25,0,0
YLR317W,0,0,0,0
YLR318W,5,5,NA,NA
YLR320W,13,12,NA,0
YLR324W,149,141,0,0
YLR326W,112,101,2,0
YLR328W,141,127,7,0
YLR329W,1,1,NA,0
YLR330W,475,456,0,1
YLR332W,192,172,9,0
YLR335W,472,454,0,0
YLR340W,4085,3778,18,9
YLR342W,2986,2947,17,NA
YLR342W-A,1,0,0,NA
YLR343W,1,1,NA,0
YLR344W,1202,1047,0,6
YLR345W,144,138,1,0
YLR349W,3,3,NA,0
YLR350W,320,291,6,0
YLR352W,64,61,0,0
YLR353W,33,29,2,0
YLR356W,239,218,1,0
YLR357W,210,207,NA,1
YLR359W,451,415,12,0
YLR360W,62,56,1,1
YLR362W,119,115,0,0
YLR363W-A,77,54,0,0
YLR364W,32,28,0,0
YLR367W,408,368,NA,0
YLR368W,25,24,0,0
YLR369W,160,157,0,NA
YLR371W,102,98,1,NA
YLR372W,595,550,10,2
YLR375W,93,89,1,0
YLR380W,294,269,13,0
YLR381W,26,25,0,NA
YLR383W,33,30,0,0
YLR386W,129,124,0,0
YLR388W,522,319,12,4
YLR390W,141,130,NA,0
YLR390W-A,2573,2361,5,9
YLR393W,35,30,0,NA
YLR394W,0,0,0,0
YLR400W,0,0,0,0
YLR402W,1,1,NA,0
YLR403W,155,153,NA,0
YLR404W,41,32,0,0
YLR405W,46,45,0,0
YLR407W,87,73,5,0
YLR410W,376,372,NA,0
YLR411W,6,6,NA,0
YLR412W,52,50,NA,0
YLR413W,340,326,0,0
YLR417W,64,60,1,0
YLR419W,153,148,0,0
YLR420W,374,349,0,0
YLR422W,81,72,1,0
YLR424W,44,44,NA,0
YLR425W,42,41,NA,0
YLR426W,43,37,0,0
YLR427W,80,72,1,0
YLR429W,613,591,0,0
YLR430W,187,184,1,0
YLR432W,1271,1220,8,1
YLR435W,212,183,1,0
YLR438W,157,150,0,0
YLR439W,252,227,0,0
YLR443W,49,42,3,0
YLR446W,57,54,0,NA
YLR448W,1829,1613,0,2
YLR449W,578,523,2,0
YLR450W,159,154,1,0
YLR451W,90,88,1,NA
YLR454W,108,103,0,0
YLR455W,68,62,1,0
YLR456W,19,15,0,0
YLR459W,117,111,0,0
YML130C,311,285,0,0
YML129C,213,145,0,4
YML128C,406,384,1,1
YML126C,1936,1894,NA,4
YML125C,171,152,0,1
YML124C,327,314,0,0
YML123C,0,0,0,0
YML122C,0,0,0,0
YML120C,445,425,0,1
YML115C,260,240,1,1
YML114C,85,83,0,0
YML110C,455,422,0,0
YML107C,35,34,0,0
YML105C,323,304,0,0
YML104C,45,42,0,0
YML103C,239,237,NA,0
YML099C,38,37,NA,0
YML097C,93,85,0,0
YML095C,40,36,0,0
YML094C-A,0,0,0,0
YML092C,615,562,0,0
YML091C,190,188,NA,NA
YML089C,5,0,NA,5
YML087C,2,2,0,0
YML086C,657,605,11,0
YML085C,627,580,1,0
YML083C,1,1,NA,0
YML081C-A,379,216,8,0
YML076C,37,36,0,0
YML075C,557,518,2,0
YML074C,904,872,0,NA
YML073C,2023,1793,0,6
YML072C,941,921,9,NA
YML071C,151,146,1,0
YML067C,176,167,0,0
YML064C,81,73,1,0
YML062C,82,80,0,0
YML061C,60,59,1,0
YML059C,186,184,NA,0
YML056C,1129,1069,1,0
YML054C,107,102,NA,0
YML053C,98,89,1,0
YML049C,94,94,NA,NA
YML043C,22,16,4,0
YML041C,52,49,NA,0
YML038C,64,59,1,0
YML035C,325,303,7,1
YML032C,83,75,0,1
YML026C,1858,1607,1,9
YML025C,287,248,5,0
YML023C,25,22,1,0
YML021C,81,79,NA,0
YML018C,50,46,2,0
YML015C,77,70,0,0
YML011C,36,33,NA,0
YML009C,159,93,4,1
YML008C,1114,1016,5,1
YML007C-A,4,1,0,2
YML006C,42,40,2,0
YML004C,574,537,0,0
YMR001C,252,243,NA,1
YMR001C-A,4,1,NA,3
YMR006C,133,127,0,0
YMR008C,660,648,NA,0
YMR013C,67,57,NA,0
YMR015C,840,820,3,1
YMR016C,128,123,2,0
YMR021C,58,54,0,0
YMR023C,32,27,0,0
YMR026C,38,35,1,1
YMR029C,103,99,0,0
YMR031C,531,521,1,NA
YMR034C,8,5,3,0
YMR036C,36,35,0,0
YMR037C,205,201,NA,0
YMR038C,366,331,0,1
YMR039C,274,254,2,NA
YMR041C,79,72,0,1
YMR047C,453,449,0,NA
YMR049C,634,615,0,0
YMR052C-A,0,0,0,0
YMR053C,26,26,NA,NA
YMR055C,39,37,0,0
YMR056C,18,17,0,0
YMR060C,74,70,0,0
YMR062C,653,619,0,0
YMR067C,169,162,0,0
YMR071C,174,158,1,0
YMR073C,99,91,0,1
YMR074C,319,288,0,0
YMR076C,148,144,NA,0
YMR077C,45,35,0,0
YMR078C,73,72,0,0
YMR080C,233,230,0,0
YMR081C,20,19,0,0
YMR086C-A,3,0,3,0
YMR088C,98,81,10,0
YMR089C,287,264,17,NA
YMR091C,232,225,0,1
YMR092C,639,613,0,0
YMR097C,61,49,1,0
YMR098C,124,118,0,0
YMR099C,658,590,0,2
YMR101C,9,9,NA,0
YMR102C,77,76,NA,0
YMR103C,3,2,0,0
YMR105C,726,699,0,1
YMR106C,30,29,0,1
YMR110C,360,337,0,0
YMR111C,47,44,0,0
YMR112C,89,82,NA,0
YMR114C,28,27,NA,0
YMR116C,3671,3395,5,2
YMR117C,28,26,NA,0
YMR118C,6,5,NA,0
YMR120C,139,133,0,1
YMR121C,1069,1019,0,0
YMR122C,0,0,0,0
YMR126C,11,9,1,0
YMR127C,17,14,0,0
YMR131C,382,372,0,0
YMR132C,80,69,0,0
YMR135C,128,121,1,0
YMR137C,17,16,0,0
YMR142C,2409,2144,0,4
YMR145C,1666,1566,40,0
YMR146C,892,812,0,0
YMR150C,75,65,0,NA
YMR153C-A,0,0,0,0
YMR154C,34,34,NA,NA
YMR156C,23,20,NA,0
YMR157C,117,104,0,0
YMR158C-A,5,5,0,0
YMR162C,90,90,NA,0
YMR163C,27,22,3,0
YMR164C,205,201,2,NA
YMR165C,115,112,1,0
YMR166C,57,40,9,1
YMR168C,38,35,0,0
YMR169C,275,266,NA,0
YMR170C,299,275,0,0
YMR171C,67,61,2,1
YMR174C,55,44,0,2
YMR180C,36,28,0,1
YMR181C,75,66,3,0
YMR182C,14,2,2,3
YMR183C,412,375,2,2
YMR187C,39,36,0,0
YMR188C,195,179,0,1
YMR190C,49,44,4,NA
YMR193C-A,0,0,0,0
YMR194C-B,13,12,NA,0
YMR197C,243,221,3,0
YMR201C,45,45,0,0
YMR204C,35,35,0,0
YMR205C,2869,2752,0,2
YMR207C,39,31,7,1
YMR209C,63,61,0,0
YMR212C,130,124,2,0
YMR216C,153,149,2,0
YMR218C,69,67,2,NA
YMR221C,213,199,0,0
YMR222C,161,145,0,0
YMR224C,63,58,0,0
YMR225C,150,117,0,0
YMR226C,1202,1108,4,0
YMR227C,107,98,1,0
YMR229C,814,798,NA,0
YMR235C,494,467,0,0
YMR239C,90,82,0,0
YMR240C,73,72,0,0
YMR242C,2170,1961,0,5
YMR243C,368,342,8,1
YMR244C-A,103,73,1,1
YMR247C,202,198,1,NA
YMR252C,9,7,0,0
YMR253C,45,44,0,NA
YMR256C,375,267,0,1
YMR257C,29,21,7,0
YMR258C,96,92,3,0
YMR259C,121,119,NA,0
YMR260C,763,602,0,1
YMR261C,509,483,0,0
YMR265C,29,28,NA,0
YMR268C,49,46,0,0
YMR270C,24,19,4,0
YMR271C,33,33,NA,0
YMR272C,594,559,0,1
YMR273C,100,97,1,0
YMR274C,39,39,0,0
YMR275C,122,119,1,0
YMR279C,0,0,0,0
YMR280C,33,33,NA,0
YMR282C,71,67,0,NA
YMR283C,42,41,NA,0
YMR285C,97,94,0,0
YMR287C,81,77,0,NA
YMR290C,588,572,0,1
YMR293C,93,89,0,0
YMR295C,646,579,6,NA
YMR296C,403,372,6,0
YMR299C,33,31,0,0
YMR300C,296,266,0,0
YMR301C,146,139,1,0
YMR302C,201,190,0,0
YMR303C,1701,1649,0,0
YMR305C,1019,957,6,NA
YMR306C-A,2,0,NA,2
YMR308C,460,452,2,0
YMR309C,1113,1083,3,0
YMR310C,109,98,0,0
YMR311C,264,225,0,1
YMR313C,88,85,1,0
YMR316C-A,0,0,0,0
YMR316C-B,0,0,0,0
YMR318C,577,544,0,0
YMR319C,167,154,0,1
YML131W,272,251,3,0
YML127W,187,177,0,NA
YML121W,113,91,0,1
YML119W,142,136,0,0
YML118W,10,10,0,NA
YML117W,378,368,0,NA
YML116W,23,19,3,0
YML113W,116,106,0,1
YML112W,67,65,0,1
YML111W,130,126,2,NA
YML109W,82,78,1,0
YML108W,98,81,2,0
YML106W,633,539,31,0
YML102W,69,66,0,0
YML100W-A,0,0,0,0
YML100W,699,687,0,0
YML098W,91,65,0,0
YML096W,57,48,0,0
YML094W,230,195,0,0
YML093W,285,269,0,NA
YML090W,0,0,0,0
YML088W,54,51,0,NA
YML084W,1,0,NA,1
YML082W,79,76,0,0
YML081W,74,74,0,0
YML080W,118,113,3,0
YML079W,236,219,0,1
YML078W,823,738,0,1
YML077W,73,55,NA,1
YML070W,750,716,0,0
YML069W,430,414,0,0
YML068W,20,14,2,0
YML065W,85,83,0,0
YML063W,2809,2504,5,4
YML060W,72,68,0,0
YML058W-A,17,10,0,0
YML058W,786,617,0,4
YML057W,321,299,3,0
YML055W,117,98,0,0
YML052W,330,313,0,1
YML051W,34,32,1,0
YML050W,46,42,0,0
YML048W,407,386,0,0
YML046W,91,85,1,1
YML042W,20,20,NA,0
YML036W,100,88,0,0
YML034W,277,273,2,0
YML031W,142,119,0,0
YML030W,163,132,0,0
YML029W,116,110,0,0
YML028W,2620,2303,3,6
YML027W,152,146,2,0
YML024W,2083,1729,0,2
YML022W,438,399,0,0
YML020W,52,45,4,0
YML019W,108,100,0,1
YML017W,280,257,1,0
YML014W,77,76,NA,0
YML013W,168,162,0,0
YML012W,534,458,2,2
YML010W,741,735,0,NA
YML007W,237,226,4,1
YML005W,51,48,0,0
YML002W,2,2,NA,0
YML001W,343,280,8,1
YMR002W,996,925,1,1
YMR003W,47,46,0,0
YMR004W,139,127,0,0
YMR005W,174,165,1,0
YMR007W,0,0,0,0
YMR009W,131,122,0,0
YMR010W,120,107,10,0
YMR011W,605,572,4,1
YMR012W,1020,987,6,0
YMR013W-A,0,0,0,0
YMR014W,149,147,0,0
YMR017W,7,7,NA,0
YMR018W,0,0,0,0
YMR019W,46,46,NA,0
YMR020W,51,41,1,0
YMR022W,256,240,0,0
YMR024W,325,318,NA,0
YMR025W,33,31,0,0
YMR027W,402,365,0,0
YMR028W,112,108,0,0
YMR030W,30,29,0,0
YMR033W,165,158,0,0
YMR035W,26,26,0,0
YMR040W,29,19,7,1
YMR042W,14,13,0,0
YMR043W,224,210,0,0
YMR044W,129,121,0,0
YMR048W,58,56,0,0
YMR052W,40,38,0,0
YMR054W,202,176,12,0
YMR058W,192,184,1,0
YMR059W,28,25,0,0
YMR061W,102,97,0,0
YMR063W,14,13,0,0
YMR064W,53,53,NA,0
YMR065W,1,1,NA,0
YMR066W,31,31,0,0
YMR068W,41,36,0,0
YMR069W,16,8,NA,3
YMR070W,171,161,4,NA
YMR072W,665,600,0,0
YMR075W,96,91,0,0
YMR079W,779,718,1,2
YMR083W,644,603,0,0
YMR085W,1,1,NA,0
YMR086W,235,221,8,0
YMR087W,67,63,0,0
YMR090W,41,40,0,0
YMR093W,139,128,0,0
YMR094W,14,12,0,1
YMR096W,92,88,0,1
YMR100W,44,40,NA,0
YMR107W,9,6,0,0
YMR108W,1665,1598,29,0
YMR109W,335,321,0,0
YMR113W,97,86,1,0
YMR115W,117,110,0,0
YMR119W,70,60,5,NA
YMR122W-A,1314,1064,18,9
YMR123W,142,117,0,0
YMR124W,346,339,4,NA
YMR125W,439,421,8,NA
YMR128W,236,223,0,0
YMR129W,274,265,NA,0
YMR130W,131,112,0,0
YMR134W,113,108,0,0
YMR136W,235,227,1,0
YMR138W,18,15,NA,1
YMR139W,131,114,6,0
YMR140W,112,104,0,1
YMR143W,1514,1192,0,4
YMR144W,119,112,1,0
YMR148W,44,34,7,0
YMR151W,1,0,NA,1
YMR152W,201,183,0,1
YMR153W,206,197,0,0
YMR155W,50,49,0,0
YMR158W,170,157,0,0
YMR160W,61,59,0,0
YMR161W,144,139,1,0
YMR167W,35,34,0,NA
YMR172W,58,58,NA,NA
YMR175W,5,2,1,NA
YMR176W,55,53,1,0
YMR177W,37,35,0,0
YMR178W,186,170,0,0
YMR179W,79,77,NA,0
YMR182W-A,4,0,3,1
YMR184W,205,178,0,0
YMR185W,91,90,0,NA
YMR186W,6298,6171,3,2
YMR189W,555,523,5,1
YMR192W,215,212,1,0
YMR193W,300,266,0,0
YMR194W,1040,887,0,0
YMR195W,81,68,5,0
YMR196W,274,266,NA,0
YMR198W,47,41,2,0
YMR199W,128,116,5,1
YMR200W,425,362,10,0
YMR202W,767,654,0,1
YMR203W,988,933,3,1
YMR206W,4,2,1,0
YMR208W,356,336,0,0
YMR210W,48,39,0,0
YMR211W,51,50,0,0
YMR213W,57,55,0,0
YMR214W,203,190,0,0
YMR215W,373,363,0,2
YMR217W,1235,1181,2,0
YMR219W,195,186,NA,2
YMR220W,228,213,0,0
YMR223W,88,82,0,0
YMR228W,102,94,0,0
YMR230W,1269,974,0,0
YMR231W,82,81,0,0
YMR233W,56,51,1,0
YMR234W,35,31,2,0
YMR236W,143,130,0,0
YMR237W,290,277,7,0
YMR238W,437,406,5,0
YMR241W,520,484,12,0
YMR246W,761,719,2,2
YMR250W,384,359,3,0
YMR251W,0,0,0,0
YMR251W-A,1279,852,6,4
YMR255W,133,124,NA,0
YMR262W,61,52,NA,0
YMR263W,81,78,0,0
YMR264W,145,126,0,0
YMR266W,250,245,0,0
YMR267W,259,232,6,0
YMR269W,86,79,0,0
YMR276W,879,840,1,0
YMR277W,149,138,0,0
YMR278W,270,261,0,0
YMR281W,67,61,0,1
YMR284W,72,67,0,0
YMR286W,144,109,0,2
YMR288W,85,81,0,0
YMR289W,88,85,NA,0
YMR291W,241,227,0,0
YMR292W,98,84,0,0
YMR294W,36,34,0,0
YMR297W,1522,1428,8,0
YMR298W,304,264,0,0
YMR304W,202,202,NA,NA
YMR306W,9,9,0,NA
YMR307W,2924,2780,3,3
YMR312W,109,96,0,0
YMR314W,497,437,1,0
YMR315W,651,596,1,3
YMR316W,64,62,0,0
YMR317W,0,0,0,0
YMR320W,2,0,2,0
YNL331C,3,3,NA,0
YNL330C,165,158,0,0
YNL329C,53,51,NA,0
YNL328C,15,10,0,0
YNL326C,53,45,0,0
YNL325C,52,51,0,0
YNL322C,522,483,0,2
YNL316C,87,82,1,0
YNL315C,331,308,0,1
YNL313C,253,246,0,0
YNL311C,49,47,0,0
YNL310C,119,102,0,0
YNL308C,334,303,1,0
YNL307C,492,469,5,0
YNL305C,198,180,0,0
YNL302C,1962,1744,0,2
YNL301C,1208,1145,0,0
YNL297C,186,183,NA,0
YNL294C,37,33,3,0
YNL291C,54,43,2,0
YNL284C,292,282,NA,1
YNL283C,90,78,8,0
YNL280C,244,228,4,0
YNL276C,3,0,1,2
YNL274C,379,359,0,0
YNL272C,136,135,0,0
YNL271C,141,140,NA,0
YNL270C,21,21,0,0
YNL265C,137,127,0,0
YNL264C,92,89,NA,0
YNL263C,270,241,9,1
YNL260C,55,47,NA,0
YNL259C,85,57,0,0
YNL258C,142,133,0,0
YNL257C,93,91,0,0
YNL255C,624,548,0,0
YNL254C,20,19,0,NA
YNL252C,243,216,0,0
YNL251C,388,361,14,0
YNL249C,20,18,0,0
YNL248C,422,400,0,0
YNL245C,50,41,0,0
YNL244C,667,500,7,3
YNL241C,709,675,0,1
YNL240C,94,91,0,NA
YNL231C,309,280,10,0
YNL230C,24,21,0,2
YNL229C,249,237,NA,0
YNL227C,87,80,0,0
YNL225C,67,64,NA,0
YNL224C,147,144,0,0
YNL221C,75,73,0,0
YNL219C,257,240,3,0
YNL213C,26,21,1,0
YNL211C,20,14,3,NA
YNL206C,69,60,NA,0
YNL201C,97,91,3,NA
YNL200C,173,163,3,1
YNL199C,94,90,NA,0
YNL197C,229,215,1,0
YNL195C,17,17,NA,0
YNL185C,169,145,NA,1
YNL183C,298,276,1,0
YNL182C,136,126,0,0
YNL180C,293,275,NA,1
YNL179C,25,22,0,NA
YNL177C,303,278,1,0
YNL176C,85,81,0,0
YNL175C,402,374,1,0
YNL173C,193,178,1,0
YNL169C,241,225,0,1
YNL168C,325,293,0,1
YNL167C,123,119,2,NA
YNL166C,218,202,0,1
YNL164C,56,46,0,0
YNL163C,178,173,0,0
YNL159C,58,53,0,0
YNL156C,218,178,20,0
YNL154C,445,415,6,0
YNL153C,113,93,0,0
YNL151C,97,92,0,0
YNL149C,223,197,0,0
YNL148C,27,26,0,0
YNL146C-A,1,0,NA,1
YNL144C,14,14,NA,0
YNL143C,18,11,NA,0
YNL139C,219,217,1,NA
YNL137C,518,471,5,0
YNL135C,1302,1091,2,7
YNL134C,1828,1698,5,0
YNL133C,33,29,0,1
YNL130C,408,380,5,1
YNL130C-A,0,0,0,0
YNL125C,76,70,4,0
YNL122C,185,177,NA,0
YNL121C,915,862,0,0
YNL118C,1239,1201,1,2
YNL115C,229,223,0,0
YNL114C,0,0,0,0
YNL111C,451,358,3,2
YNL110C,306,273,0,0
YNL108C,168,159,0,0
YNL106C,77,75,NA,0
YNL104C,1656,1582,20,0
YNL099C,114,110,0,1
YNL098C,425,398,0,0
YNL097C-B,5,0,NA,5
YNL097C,56,48,3,0
YNL096C,1730,1551,2,6
YNL095C,24,23,1,0
YNL084C,269,248,1,0
YNL081C,262,207,0,2
YNL080C,53,45,0,0
YNL079C,1068,893,0,5
YNL074C,447,422,0,1
YNL069C,2642,2422,0,8
YNL068C,118,115,2,0
YNL064C,1709,1546,70,1
YNL062C,195,182,1,0
YNL059C,139,138,0,0
YNL058C,648,589,0,2
YNL055C,2953,2741,10,1
YNL050C,130,123,0,0
YNL049C,148,141,0,0
YNL047C,55,52,0,0
YNL043C,1,1,0,0
YNL041C,130,126,0,NA
YNL037C,1073,971,21,0
YNL035C,105,99,0,0
YNL031C,1432,1267,0,0
YNL029C,29,25,1,0
YNL025C,39,36,0,1
YNL024C-A,130,107,2,0
YNL024C,8,7,0,0
YNL023C,95,93,0,0
YNL022C,108,106,0,0
YNL020C,70,68,0,0
YNL019C,4,4,NA,0
YNL011C,66,64,0,0
YNL008C,75,74,0,0
YNL007C,1124,1057,7,0
YNL005C,366,345,0,4
YNL003C,100,98,0,0
YNL002C,377,356,0,0
YNR001C,1233,1147,18,1
YNR002C,8,7,NA,0
YNR003C,154,146,0,0
YNR007C,105,91,0,0
YNR011C,83,80,0,0
YNR013C,373,364,0,0
YNR016C,4054,4015,NA,3
YNR020C,81,79,NA,0
YNR022C,170,143,0,0
YNR025C,0,0,0,0
YNR026C,189,180,0,NA
YNR029C,109,106,0,0
YNR031C,96,92,NA,0
YNR032C-A,69,51,0,2
YNR035C,508,482,0,1
YNR036C,289,258,0,0
YNR037C,221,157,0,1
YNR039C,103,98,0,0
YNR041C,166,159,0,0
YNR049C,93,87,0,0
YNR050C,459,443,0,0
YNR051C,161,133,17,1
YNR052C,274,261,0,0
YNR053C,298,289,0,0
YNR054C,168,158,1,0
YNR055C,166,121,32,2
YNR056C,1,1,NA,0
YNR061C,114,98,3,0
YNR062C,2,2,NA,0
YNR064C,5,4,NA,0
YNR065C,376,363,NA,0
YNR066C,242,233,NA,NA
YNR067C,654,644,0,0
YNR068C,4,4,NA,0
YNR069C,9,8,1,NA
YNR071C,0,0,0,0
YNR073C,9,7,NA,0
YNR074C,0,0,0,0
YNL327W,1168,1156,2,0
YNL323W,216,201,0,1
YNL321W,218,213,0,0
YNL320W,98,90,1,0
YNL317W,122,120,0,0
YNL314W,24,23,NA,0
YNL312W,258,233,0,0
YNL309W,104,95,0,0
YNL306W,328,300,0,1
YNL300W,332,245,1,1
YNL299W,58,53,0,0
YNL298W,174,171,NA,0
YNL295W,62,54,1,0
YNL293W,93,90,0,0
YNL292W,146,131,0,0
YNL290W,165,157,0,0
YNL289W,169,156,2,1
YNL288W,160,137,13,0
YNL287W,997,962,7,0
YNL286W,60,58,0,1
YNL281W,431,362,0,0
YNL279W,2,2,0,NA
YNL278W,67,66,0,0
YNL277W-A,2,1,NA,0
YNL277W,14,11,NA,0
YNL275W,21,21,0,0
YNL273W,62,61,NA,0
YNL268W,497,489,2,0
YNL267W,129,125,0,0
YNL262W,131,131,NA,0
YNL261W,84,80,0,0
YNL256W,119,115,2,0
YNL253W,96,87,0,0
YNL250W,60,59,NA,0
YNL247W,584,564,NA,1
YNL246W,112,104,0,0
YNL243W,499,488,1,0
YNL242W,85,82,2,NA
YNL239W,648,612,28,0
YNL238W,153,130,4,1
YNL237W,44,43,0,0
YNL236W,109,105,0,0
YNL234W,30,29,0,0
YNL233W,135,131,1,0
YNL232W,146,133,0,0
YNL228W,0,0,0,0
YNL226W,0,0,0,0
YNL223W,39,37,NA,0
YNL222W,146,133,0,0
YNL220W,441,393,2,0
YNL218W,57,53,0,0
YNL217W,47,43,0,0
YNL216W,329,314,4,0
YNL215W,126,118,0,NA
YNL214W,70,59,0,0
YNL212W,184,176,0,0
YNL209W,6379,6206,0,5
YNL208W,1521,1432,0,1
YNL207W,202,175,5,0
YNL202W,21,18,0,0
YNL193W,88,84,0,0
YNL192W,433,424,0,NA
YNL191W,58,51,2,0
YNL190W,1330,1216,53,1
YNL189W,677,629,13,0
YNL188W,42,38,2,0
YNL187W,6,5,1,0
YNL186W,234,226,1,0
YNL181W,134,125,0,0
YNL178W,3184,2887,0,1
YNL172W,51,51,0,NA
YNL165W,58,50,1,1
YNL162W-A,18,10,0,0
YNL162W,1982,1580,0,2
YNL161W,234,223,2,0
YNL160W,1381,1272,2,4
YNL158W,54,51,0,NA
YNL157W,195,166,0,0
YNL155W,195,178,4,0
YNL152W,64,60,0,0
YNL147W,185,141,13,0
YNL146W,22,17,4,0
YNL145W,3,2,0,0
YNL142W,92,79,8,NA
YNL141W,347,321,0,0
YNL138W-A,60,51,0,0
YNL138W,1214,1171,0,0
YNL136W,41,38,0,NA
YNL132W,367,359,1,0
YNL131W,632,545,8,0
YNL129W,66,63,NA,0
YNL128W,8,8,0,NA
YNL127W,76,75,NA,0
YNL126W,55,53,0,0
YNL124W,103,93,0,0
YNL123W,373,358,0,0
YNL119W,65,62,0,0
YNL117W,8,8,0,0
YNL116W,129,125,0,1
YNL113W,229,190,1,0
YNL112W,573,555,1,1
YNL109W,0,0,0,0
YNL107W,67,59,NA,0
YNL103W-A,0,0,0,0
YNL103W,131,129,1,0
YNL102W,210,208,NA,0
YNL101W,119,109,3,0
YNL100W,174,155,1,0
YNL097W-A,0,0,0,0
YNL094W,52,40,11,0
YNL093W,7,5,1,0
YNL092W,28,22,1,0
YNL091W,210,193,2,NA
YNL090W,89,62,16,0
YNL088W,220,220,0,NA
YNL087W,188,173,NA,1
YNL086W,35,22,6,0
YNL085W,469,442,14,0
YNL083W,74,67,0,3
YNL082W,83,81,0,0
YNL078W,60,58,0,0
YNL077W,55,54,1,0
YNL076W,120,111,5,0
YNL075W,193,180,0,0
YNL073W,119,103,0,0
YNL072W,79,72,0,1
YNL071W,1467,1419,0,0
YNL070W,298,199,9,1
YNL067W-A,1,0,NA,1
YNL067W,1102,975,1,0
YNL066W,363,328,17,1
YNL065W,62,61,0,0
YNL063W,11,11,NA,0
YNL061W,490,466,0,NA
YNL057W,0,0,0,0
YNL056W,109,91,0,0
YNL054W,118,116,NA,0
YNL053W,116,116,0,0
YNL052W,602,520,0,3
YNL051W,74,72,NA,0
YNL048W,147,142,0,0
YNL046W,34,33,NA,0
YNL045W,304,302,NA,0
YNL044W,512,458,3,0
YNL042W,14,14,0,0
YNL040W,189,180,0,0
YNL039W,99,98,0,0
YNL038W,22,17,0,1
YNL036W,2224,2024,7,3
YNL033W,3,3,0,0
YNL032W,93,85,1,0
YNL030W,1068,862,4,4
YNL027W,198,191,3,0
YNL026W,120,116,0,0
YNL021W,101,94,6,0
YNL016W,1391,1337,1,0
YNL015W,561,410,3,4
YNL014W,64,64,NA,0
YNL012W,35,32,NA,0
YNL010W,790,711,3,0
YNL009W,14,13,NA,0
YNL006W,94,92,0,0
YNL004W,291,284,0,0
YNL001W,153,143,0,0
YNR001W-A,0,0,0,0
YNR004W,8,5,0,0
YNR006W,271,261,0,0
YNR008W,169,157,0,0
YNR009W,84,74,0,0
YNR010W,64,50,0,3
YNR012W,84,70,1,0
YNR014W,62,56,0,0
YNR015W,129,125,0,1
YNR017W,426,370,16,2
YNR018W,401,347,0,0
YNR019W,385,366,0,NA
YNR021W,471,430,0,1
YNR023W,90,87,0,0
YNR024W,85,81,0,0
YNR027W,52,48,0,0
YNR028W,111,98,6,0
YNR030W,277,255,3,0
YNR032W,49,46,1,0
YNR033W,189,187,NA,0
YNR034W,132,115,1,0
YNR034W-A,124,85,2,0
YNR038W,146,138,NA,0
YNR040W,150,143,NA,0
YNR043W,896,852,0,0
YNR044W,32,32,0,0
YNR045W,46,44,0,0
YNR046W,201,167,0,2
YNR047W,116,114,0,0
YNR048W,47,42,0,0
YNR058W,15,12,0,0
YNR059W,22,18,4,0
YNR060W,1,1,0,0
YNR063W,15,15,NA,0
YNR070W,0,0,0,0
YNR072W,0,0,0,0
YNR075W,37,37,0,NA
YOL159C-A,34,24,1,3
YOL159C,73,68,0,0
YOL158C,5,5,0,0
YOL157C,28,28,NA,0
YOL155C,2166,2145,1,NA
YOL150C,0,0,0,0
YOL148C,66,61,NA,NA
YOL147C,224,178,0,0
YOL145C,347,327,3,0
YOL143C,626,568,7,0
YOL139C,1164,1064,9,0
YOL138C,81,81,NA,0
YOL136C,127,112,13,0
YOL135C,71,61,0,0
YOL128C,37,31,NA,3
YOL126C,214,198,0,1
YOL124C,108,102,0,0
YOL122C,297,279,0,0
YOL121C,1715,1525,0,1
YOL120C,2236,2039,0,4
YOL119C,129,116,0,0
YOL114C,23,22,0,0
YOL111C,248,214,1,0
YOL108C,61,51,NA,0
YOL105C,47,38,5,0
YOL102C,92,88,NA,0
YOL101C,22,19,0,0
YOL097C,553,514,0,0
YOL096C,107,94,2,0
YOL095C,30,29,0,0
YOL094C,137,123,1,0
YOL089C,99,99,NA,0
YOL088C,171,149,0,1
YOL087C,106,102,NA,0
YOL086C,7661,7048,10,6
YOL085C,8,0,NA,8
YOL080C,88,79,2,0
YOL077C,308,284,0,1
YOL075C,47,47,NA,NA
YOL073C,68,67,0,0
YOL070C,277,266,0,0
YOL068C,47,47,NA,NA
YOL067C,45,42,NA,0
YOL066C,99,95,0,0
YOL065C,77,75,0,0
YOL064C,272,246,0,0
YOL063C,47,45,1,0
YOL062C,80,75,0,0
YOL060C,205,200,0,0
YOL055C,95,89,NA,0
YOL052C-A,278,195,1,1
YOL052C,265,245,0,2
YOL048C,56,49,0,0
YOL043C,30,23,1,0
YOL041C,394,373,1,0
YOL040C,2255,1907,1,4
YOL038C-A,3,0,0,0
YOL037C,0,0,0,0
YOL031C,135,133,0,0
YOL029C,0,0,0,0
YOL028C,60,50,8,NA
YOL027C,414,397,1,2
YOL026C,131,118,0,0
YOL022C,208,195,0,0
YOL021C,302,292,0,0
YOL018C,130,117,7,0
YOL016C,205,182,3,0
YOL013C,59,55,2,0
YOL012C,191,154,10,5
YOL009C,29,28,NA,0
YOL007C,123,109,1,0
YOL006C,211,202,0,1
YOL005C,284,237,1,0
YOL003C,79,68,0,0
YOL002C,132,126,0,0
YOR005C,21,21,NA,0
YOR006C,117,104,0,0
YOR007C,968,900,NA,0
YOR008C,197,169,4,0
YOR008C-A,0,0,0,0
YOR010C,7,6,0,0
YOR016C,114,94,7,0
YOR020C,1087,810,6,2
YOR021C,295,252,0,0
YOR022C,64,63,NA,0
YOR023C,124,122,1,0
YOR028C,112,107,1,0
YOR032C,9,9,0,0
YOR033C,44,40,0,0
YOR034C,68,65,3,0
YOR035C,115,108,0,NA
YOR038C,65,60,0,0
YOR041C,4,0,4,0
YOR046C,504,483,0,0
YOR047C,52,49,1,0
YOR048C,214,208,0,0
YOR049C,3,2,1,0
YOR050C,0,0,0,0
YOR051C,372,339,0,0
YOR052C,398,340,7,1
YOR054C,122,115,2,0
YOR056C,199,187,0,0
YOR058C,100,97,NA,0
YOR059C,45,44,0,0
YOR060C,15,15,0,0
YOR062C,35,32,NA,0
YOR064C,19,18,NA,0
YOR067C,221,201,1,1
YOR068C,0,0,0,0
YOR070C,97,93,0,0
YOR071C,95,91,1,0
YOR074C,179,175,0,0
YOR076C,97,96,0,0
YOR079C,55,50,0,0
YOR081C,95,90,1,0
YOR086C,485,462,6,1
YOR089C,219,195,2,0
YOR090C,114,113,0,0
YOR093C,87,84,0,0
YOR095C,130,115,3,0
YOR097C,56,41,0,0
YOR098C,263,260,NA,0
YOR100C,2,2,NA,0
YOR103C,150,113,0,0
YOR108C-A,0,0,0,0
YOR115C,91,81,0,0
YOR116C,277,260,2,0
YOR119C,83,81,0,1
YOR121C,1,0,1,NA
YOR122C,797,657,3,5
YOR123C,180,175,2,0
YOR124C,300,289,2,1
YOR125C,135,125,0,2
YOR126C,82,74,0,0
YOR128C,9,5,0,0
YOR129C,29,28,0,0
YOR130C,59,54,NA,0
YOR131C,185,160,4,0
YOR137C,18,18,NA,0
YOR138C,125,123,0,0
YOR141C,182,181,0,0
YOR143C,95,91,0,0
YOR144C,41,40,NA,1
YOR145C,276,250,0,0
YOR148C,35,27,0,0
YOR149C,48,43,0,0
YOR151C,509,498,NA,1
YOR152C,68,53,10,0
YOR155C,118,115,NA,0
YOR156C,36,34,2,0
YOR157C,506,473,3,0
YOR159C,49,32,1,0
YOR161C,217,183,7,0
YOR161C-C,0,0,0,0
YOR162C,42,37,4,0
YOR164C,237,215,0,0
YOR166C,48,45,0,0
YOR167C,910,576,0,6
YOR171C,233,220,0,NA
YOR175C,250,228,3,0
YOR177C,29,25,NA,3
YOR178C,61,59,NA,0
YOR179C,28,26,0,0
YOR180C,8,6,1,0
YOR182C,967,760,NA,6
YOR185C,245,224,5,0
YOR186C-A,0,0,0,0
YOR192C,12,12,NA,0
YOR194C,150,145,3,NA
YOR196C,135,127,0,0
YOR198C,1757,1629,0,3
YOR201C,131,107,0,0
YOR205C,51,51,0,0
YOR207C,288,272,0,0
YOR209C,404,374,10,0
YOR211C,170,164,NA,0
YOR213C,44,43,0,0
YOR215C,325,282,0,1
YOR216C,150,128,3,0
YOR218C,0,0,0,0
YOR219C,81,81,NA,0
YOR221C,116,107,1,0
YOR224C,405,329,0,1
YOR226C,96,75,0,0
YOR228C,40,34,1,0
YOR234C,946,765,0,1
YOR242C,1,1,NA,0
YOR243C,326,317,0,0
YOR245C,82,75,0,0
YOR246C,86,73,3,0
YOR249C,39,37,0,0
YOR250C,102,93,0,0
YOR251C,260,239,0,0
YOR254C,577,548,0,0
YOR256C,106,102,NA,0
YOR259C,567,549,0,0
YOR261C,488,433,1,1
YOR267C,402,385,11,0
YOR270C,994,949,23,0
YOR271C,354,327,3,0
YOR273C,192,184,1,0
YOR275C,65,62,0,0
YOR279C,48,44,0,0
YOR280C,143,125,0,0
YOR281C,179,168,0,0
YOR287C,90,83,0,0
YOR288C,143,139,1,0
YOR290C,217,211,NA,0
YOR292C,44,42,0,0
YOR293C-A,0,0,0,0
YOR297C,101,79,0,1
YOR298C-A,858,723,3,0
YOR304C-A,46,32,NA,1
YOR306C,43,41,1,0
YOR307C,93,83,4,0
YOR308C,65,64,0,0
YOR309C,181,160,NA,0
YOR311C,131,111,0,2
YOR312C,2391,2119,0,6
YOR313C,1,1,0,0
YOR316C,158,152,1,0
YOR318C,1,1,NA,0
YOR320C,117,103,9,0
YOR322C,101,98,NA,0
YOR323C,714,674,0,0
YOR324C,44,41,0,0
YOR327C,211,160,4,2
YOR329C,208,202,NA,0
YOR333C,0,0,0,0
YOR335C,1518,1473,7,0
YOR339C,12,11,0,0
YOR340C,314,286,1,1
YOR342C,68,58,3,0
YOR343C,1,0,0,1
YOR344C,193,178,4,0
YOR347C,146,136,2,0
YOR348C,289,281,NA,2
YOR350C,41,39,0,0
YOR353C,129,127,NA,NA
YOR354C,389,377,0,0
YOR357C,130,117,0,0
YOR360C,140,124,5,0
YOR361C,1186,1157,NA,0
YOR362C,534,504,1,3
YOR363C,39,35,2,NA
YOR365C,1,1,NA,0
YOR369C,1681,1369,22,7
YOR370C,261,236,13,0
YOR371C,61,56,0,0
YOR372C,245,238,1,1
YOR375C,3350,3141,7,0
YOR379C,3,2,1,NA
YOR383C,6,6,0,0
YOL164W,6,6,NA,0
YOL154W,1827,1670,0,3
YOL152W,45,45,0,0
YOL151W,249,237,0,0
YOL149W,118,113,0,NA
YOL146W,69,67,0,0
YOL144W,73,71,0,0
YOL142W,136,123,0,0
YOL141W,37,34,0,NA
YOL140W,316,291,0,0
YOL137W,88,83,0,0
YOL133W,111,102,0,0
YOL132W,7,7,NA,0
YOL130W,125,120,4,0
YOL129W,204,185,0,1
YOL127W,2384,2011,0,2
YOL125W,57,50,0,0
YOL123W,805,738,50,NA
YOL117W,44,42,0,NA
YOL116W,33,29,1,0
YOL115W,84,83,0,NA
YOL113W,122,112,2,0
YOL112W,70,59,5,1
YOL110W,34,29,0,0
YOL109W,1736,1383,20,14
YOL107W,79,75,0,0
YOL103W,85,71,12,0
YOL100W,63,63,NA,0
YOL097W-A,1,0,0,0
YOL093W,137,122,0,0
YOL092W,259,225,0,0
YOL091W,11,10,NA,0
YOL090W,264,260,0,0
YOL086W-A,43,31,1,0
YOL085W-A,0,0,0,0
YOL083W,65,60,0,0
YOL082W,214,204,1,0
YOL081W,97,95,NA,0
YOL078W,79,75,0,0
YOL077W-A,354,248,5,5
YOL076W,157,152,0,0
YOL072W,61,60,NA,0
YOL071W,240,212,NA,1
YOL069W,49,45,0,0
YOL061W,539,523,0,0
YOL059W,531,517,NA,0
YOL058W,1797,1677,10,3
YOL057W,282,277,0,0
YOL056W,45,42,0,0
YOL054W,68,66,0,0
YOL053W,61,60,NA,0
YOL051W,393,389,NA,NA
YOL049W,314,302,0,0
YOL045W,97,90,5,0
YOL044W,75,72,0,0
YOL042W,65,61,1,0
YOL039W,1782,1368,2,24
YOL038W,500,458,1,0
YOL036W,113,84,26,0
YOL034W,41,39,0,0
YOL033W,116,107,4,0
YOL032W,130,119,3,0
YOL030W,1081,1037,0,1
YOL025W,51,49,1,0
YOL024W,1,1,NA,0
YOL023W,81,79,0,0
YOL020W,157,144,4,0
YOL019W,285,258,3,0
YOL017W,80,80,0,0
YOL015W,0,0,0,0
YOL014W,8,1,3,0
YOL013W-B,1,0,1,NA
YOL013W-A,16,16,NA,0
YOL011W,167,153,8,NA
YOL010W,166,155,0,0
YOL008W,87,77,0,0
YOL004W,448,445,NA,0
YOL001W,20,11,9,NA
YOR001W,195,190,0,0
YOR002W,206,191,0,0
YOR003W,33,30,0,1
YOR004W,128,106,2,0
YOR009W,3,3,NA,0
YOR011W,30,30,NA,0
YOR013W,4,4,NA,0
YOR014W,319,295,12,NA
YOR015W,2,2,0,0
YOR017W,72,66,1,0
YOR018W,86,83,0,NA
YOR019W,5,5,NA,0
YOR020W-A,95,71,0,0
YOR025W,145,136,0,1
YOR026W,36,32,NA,0
YOR027W,2294,2177,0,2
YOR029W,0,0,0,0
YOR030W,31,31,0,0
YOR031W,48,27,0,0
YOR032W-A,0,0,0,0
YOR036W,103,97,0,0
YOR037W,58,54,0,0
YOR039W,204,179,10,0
YOR040W,38,37,NA,0
YOR042W,455,424,1,0
YOR043W,211,192,9,0
YOR044W,25,21,1,1
YOR045W,318,223,7,2
YOR053W,6,0,6,NA
YOR057W,172,161,0,0
YOR061W,279,253,7,0
YOR063W,5578,5234,0,3
YOR065W,811,714,40,1
YOR066W,127,125,NA,0
YOR069W,236,230,0,0
YOR073W,42,33,2,0
YOR075W,79,76,0,NA
YOR077W,37,36,0,NA
YOR078W,106,95,0,0
YOR080W,39,39,0,NA
YOR084W,10,9,0,0
YOR085W,332,284,9,0
YOR087W,144,131,4,0
YOR091W,354,316,0,0
YOR092W,63,57,2,0
YOR094W,97,82,3,0
YOR096W,2682,2350,0,6
YOR099W,479,446,1,0
YOR101W,146,119,3,0
YOR102W,0,0,0,0
YOR104W,75,64,2,NA
YOR106W,52,49,2,0
YOR107W,10,6,4,0
YOR108W,503,468,1,0
YOR109W,251,244,1,NA
YOR110W,92,78,0,0
YOR111W,80,74,0,0
YOR112W,207,202,0,0
YOR113W,114,112,NA,0
YOR114W,49,40,2,0
YOR117W,577,556,2,0
YOR118W,74,64,4,0
YOR120W,359,330,2,1
YOR127W,168,167,NA,0
YOR132W,200,189,1,0
YOR133W,8780,8543,5,0
YOR136W,1360,1276,13,1
YOR140W,65,61,4,0
YOR142W,808,752,14,0
YOR146W,0,0,0,0
YOR147W,58,49,0,0
YOR150W,281,251,0,0
YOR153W,952,922,18,NA
YOR154W,40,36,1,0
YOR158W,313,297,0,0
YOR160W,171,167,0,0
YOR163W,129,120,0,0
YOR165W,360,349,0,0
YOR168W,971,946,0,1
YOR172W,26,23,1,0
YOR173W,134,115,1,0
YOR174W,77,63,1,0
YOR176W,324,298,0,0
YOR181W,180,177,0,1
YOR184W,609,560,2,1
YOR186W,2,0,1,0
YOR187W,1171,1092,0,1
YOR188W,123,119,0,NA
YOR189W,105,86,0,0
YOR190W,3,3,0,NA
YOR191W,101,97,2,1
YOR193W,29,22,0,0
YOR195W,176,169,0,0
YOR197W,466,453,0,0
YOR202W,314,299,0,NA
YOR204W,1537,1499,NA,0
YOR206W,453,440,0,1
YOR208W,88,87,NA,0
YOR210W,263,185,0,0
YOR212W,126,120,NA,1
YOR217W,303,295,1,0
YOR220W,317,290,0,1
YOR222W,332,311,0,0
YOR223W,91,85,0,0
YOR227W,154,150,NA,0
YOR229W,58,55,0,0
YOR230W,1327,1218,8,0
YOR231W,61,58,1,0
YOR232W,683,607,11,1
YOR233W,56,55,NA,0
YOR235W,0,0,0,0
YOR236W,61,57,0,0
YOR237W,0,0,0,0
YOR238W,66,62,0,0
YOR239W,394,383,1,NA
YOR241W,286,277,NA,0
YOR244W,67,64,1,0
YOR247W,1410,1200,78,NA
YOR252W,85,70,0,1
YOR253W,217,191,0,0
YOR255W,0,0,0,0
YOR257W,89,78,1,0
YOR258W,24,22,0,0
YOR260W,251,240,0,0
YOR262W,78,70,1,0
YOR264W,184,170,0,1
YOR265W,178,124,0,0
YOR266W,67,61,3,0
YOR269W,19,17,0,0
YOR272W,265,242,0,0
YOR274W,80,79,NA,NA
YOR276W,543,500,0,0
YOR278W,55,46,0,0
YOR283W,142,120,4,0
YOR284W,38,32,1,0
YOR285W,559,506,NA,1
YOR286W,378,344,NA,1
YOR289W,44,40,NA,0
YOR291W,123,121,NA,0
YOR293W,1534,1125,1,1
YOR294W,276,248,0,1
YOR295W,39,37,0,1
YOR296W,41,39,0,NA
YOR298W,1,1,0,NA
YOR299W,92,92,0,NA
YOR301W,73,70,0,0
YOR303W,1207,1162,NA,0
YOR304W,159,156,NA,0
YOR305W,37,31,2,NA
YOR314W,0,0,0,0
YOR314W-A,0,0,0,0
YOR315W,63,56,1,1
YOR317W,1529,1472,0,0
YOR319W,45,39,0,0
YOR321W,112,107,0,0
YOR325W,0,0,0,0
YOR326W,490,483,NA,0
YOR328W,5,5,NA,0
YOR332W,1363,1243,0,0
YOR334W,29,26,NA,0
YOR336W,179,175,0,0
YOR337W,68,66,NA,0
YOR338W,11,11,0,0
YOR341W,924,904,6,0
YOR346W,84,77,4,0
YOR349W,18,17,0,0
YOR352W,72,69,0,0
YOR355W,299,276,9,0
YOR356W,306,276,0,0
YOR358W,59,49,0,1
YOR359W,85,82,1,0
YOR364W,6,5,1,NA
YOR366W,0,0,0,0
YOR367W,101,90,0,1
YOR368W,46,46,0,0
YOR373W,111,109,NA,0
YOR374W,902,834,0,0
YOR376W-A,1,0,1,0
YOR377W,20,18,0,0
YOR378W,4,4,NA,0
YOR380W,17,13,4,0
YOR381W,2,2,0,0
YOR381W-A,14,0,4,10
YOR382W,28,25,0,0
YOR384W,0,0,0,0
YOR385W,41,37,0,1
YOR386W,81,78,0,NA
YOR389W,56,53,0,0
YOR390W,37,36,NA,0
YPL279C,39,37,NA,0
YPL272C,0,0,0,0
YPL264C,30,30,NA,0
YPL263C,217,198,0,0
YPL261C,0,0,0,0
YPL259C,102,100,0,0
YPL258C,20,12,5,NA
YPL256C,348,311,11,1
YPL253C,38,37,0,0
YPL252C,186,163,0,0
YPL250C,195,167,6,0
YPL249C-A,1658,1344,3,3
YPL249C,221,215,0,0
YPL248C,12,11,0,0
YPL247C,106,103,NA,0
YPL246C,281,240,1,2
YPL244C,65,54,0,2
YPL242C,227,224,NA,2
YPL241C,29,26,0,0
YPL240C,3576,3490,3,2
YPL236C,24,22,0,0
YPL234C,417,343,1,0
YPL227C,110,89,1,0
YPL224C,66,63,NA,0
YPL223C,12,12,NA,0
YPL222C-A,0,0,0,0
YPL217C,327,323,0,NA
YPL214C,97,86,6,0
YPL212C,323,320,0,NA
YPL210C,438,415,0,0
YPL209C,38,33,2,0
YPL206C,249,233,0,0
YPL205C,1,0,NA,1
YPL202C,105,102,1,0
YPL199C,150,135,0,0
YPL197C,0,0,0,0
YPL192C,4,3,0,0
YPL191C,44,39,0,0
YPL190C,651,628,4,0
YPL189C-A,109,82,0,0
YPL186C,26,25,NA,0
YPL184C,216,193,16,1
YPL183C,169,166,1,0
YPL177C,157,151,5,0
YPL176C,198,195,1,0
YPL174C,16,15,NA,0
YPL172C,157,148,2,0
YPL171C,15,15,NA,0
YPL169C,262,253,0,0
YPL167C,9,8,0,NA
YPL165C,0,0,0,0
YPL164C,25,23,1,NA
YPL163C,482,436,0,0
YPL162C,43,37,1,1
YPL161C,83,76,0,NA
YPL159C,142,121,1,0
YPL158C,152,148,0,0
YPL156C,8,6,0,NA
YPL155C,104,99,0,0
YPL154C,1547,1388,41,1
YPL153C,47,44,NA,2
YPL151C,51,50,0,0
YPL148C,18,10,5,0
YPL146C,269,252,1,0
YPL145C,702,665,7,2
YPL141C,153,143,5,NA
YPL140C,81,70,5,0
YPL139C,100,95,0,0
YPL138C,73,66,0,0
YPL137C,190,190,NA,0
YPL135C-A,1,0,0,1
YPL134C,116,108,0,0
YPL133C,29,28,1,0
YPL128C,113,111,0,0
YPL127C,457,412,0,0
YPL123C,176,161,0,0
YPL122C,57,52,0,0
YPL119C-A,0,0,0,0
YPL119C,29,29,0,NA
YPL117C,615,570,8,0
YPL115C,125,122,NA,0
YPL113C,24,24,0,0
YPL112C,136,121,2,0
YPL110C,317,307,NA,0
YPL109C,35,30,1,0
YPL106C,3673,3567,11,NA
YPL105C,227,220,0,0
YPL103C,54,53,0,0
YPL102C,0,0,0,0
YPL099C,99,90,0,2
YPL098C,259,203,1,0
YPL096C-A,24,17,1,0
YPL095C,42,40,0,0
YPL094C,328,301,0,1
YPL090C,3546,3262,0,3
YPL089C,188,177,2,0
YPL086C,274,262,0,0
YPL083C,86,80,1,0
YPL082C,124,122,NA,0
YPL078C,708,648,1,5
YPL077C,21,16,NA,1
YPL071C,21,10,1,0
YPL069C,40,38,0,0
YPL068C,44,41,0,0
YPL067C,177,167,1,0
YPL064C,27,22,0,0
YPL058C,211,204,NA,0
YPL057C,189,164,10,1
YPL056C,2,0,0,2
YPL055C,108,107,0,0
YPL053C,309,292,4,1
YPL050C,318,278,4,1
YPL049C,266,239,2,0
YPL046C,52,42,0,1
YPL042C,41,34,3,0
YPL041C,19,16,0,0
YPL040C,137,137,NA,0
YPL037C,1372,1206,0,1
YPL033C,8,8,NA,0
YPL032C,303,290,4,0
YPL031C,192,183,0,0
YPL026C,107,100,1,0
YPL025C,0,0,0,0
YPL023C,196,188,2,0
YPL020C,103,98,1,0
YPL019C,162,153,0,0
YPL017C,22,22,NA,NA
YPL015C,93,85,0,0
YPL013C,140,115,0,0
YPL011C,68,60,0,0
YPL009C,335,324,0,1
YPL007C,50,47,0,0
YPL004C,1240,1150,0,0
YPL002C,57,52,0,0
YPR002C-A,18,15,1,NA
YPR003C,109,102,1,3
YPR004C,315,294,0,0
YPR005C,155,143,NA,0
YPR006C,60,55,NA,0
YPR007C,1,1,NA,0
YPR010C,671,632,2,0
YPR010C-A,402,263,4,1
YPR011C,57,51,0,0
YPR013C,41,37,2,1
YPR015C,14,13,NA,0
YPR016C,376,327,7,0
YPR017C,37,33,0,0
YPR021C,56,50,NA,0
YPR022C,123,121,NA,1
YPR023C,177,176,0,0
YPR025C,56,52,0,0
YPR027C,0,0,0,0
YPR029C,222,218,0,0
YPR033C,867,846,NA,2
YPR037C,123,94,2,0
YPR042C,98,95,NA,NA
YPR044C,0,0,0,0
YPR045C,103,98,0,0
YPR049C,75,72,0,0
YPR050C,0,0,0,0
YPR052C,329,269,NA,0
YPR053C,218,213,1,NA
YPR060C,187,174,0,0
YPR061C,20,17,0,0
YPR063C,401,328,6,1
YPR068C,23,21,NA,0
YPR069C,646,593,1,0
YPR073C,225,184,5,0
YPR074C,2873,2753,2,2
YPR075C,142,136,2,0
YPR081C,43,42,NA,NA
YPR082C,47,40,0,0
YPR085C,27,22,3,0
YPR088C,477,444,0,0
YPR091C,140,130,0,0
YPR093C,32,27,0,0
YPR095C,55,55,NA,0
YPR098C,192,162,0,0
YPR102C,2563,2287,1,1
YPR104C,94,94,0,0
YPR105C,101,97,0,0
YPR107C,96,77,0,0
YPR110C,369,343,0,2
YPR112C,311,305,2,NA
YPR120C,73,70,1,0
YPR123C,0,0,0,0
YPR126C,2,0,2,NA
YPR128C,148,135,0,0
YPR133C,341,329,1,0
YPR138C,91,71,8,0
YPR139C,107,90,3,0
YPR141C,83,76,1,0
YPR144C,169,163,0,0
YPR145C-A,5,4,0,NA
YPR146C,1,0,NA,NA
YPR148C,498,483,2,1
YPR151C,43,35,1,NA
YPR152C,36,33,0,1
YPR155C,75,74,1,0
YPR156C,439,416,12,2
YPR161C,137,129,1,0
YPR162C,87,82,0,0
YPR163C,1260,1173,5,2
YPR166C,254,164,3,0
YPR167C,47,44,NA,0
YPR170C,1,0,1,0
YPR173C,213,197,2,0
YPR174C,34,32,0,0
YPR176C,105,95,NA,0
YPR179C,62,59,0,0
YPR181C,885,860,2,1
YPR186C,29,28,NA,0
YPR188C,132,113,0,0
YPR190C,153,150,0,0
YPR193C,30,21,NA,1
YPR194C,13,13,NA,0
YPR195C,5,1,NA,4
YPR197C,0,0,0,0
YPR199C,45,40,0,0
YPR200C,4,2,NA,0
YPL274W,498,466,0,0
YPL273W,282,245,1,0
YPL271W,380,249,0,0
YPL270W,130,120,0,0
YPL269W,9,7,0,0
YPL268W,30,29,0,0
YPL267W,118,108,0,0
YPL266W,219,195,2,1
YPL265W,247,230,2,0
YPL262W,869,846,NA,0
YPL260W,636,613,3,1
YPL257W,14,12,0,0
YPL255W,19,16,0,0
YPL254W,85,78,1,0
YPL251W,0,0,0,0
YPL245W,69,66,0,0
YPL243W,352,323,4,1
YPL239W,201,180,4,0
YPL237W,746,687,7,1
YPL235W,478,440,2,0
YPL233W,30,28,0,0
YPL232W,408,368,3,0
YPL231W,4952,4903,NA,1
YPL230W,63,59,0,0
YPL229W,102,89,0,0
YPL228W,202,186,4,0
YPL226W,705,663,0,0
YPL225W,611,544,0,0
YPL222W,51,46,3,0
YPL221W,263,246,6,0
YPL220W,3167,3030,0,3
YPL219W,69,67,0,0
YPL218W,630,581,13,3
YPL216W,17,16,NA,NA
YPL215W,320,287,0,1
YPL213W,100,86,0,0
YPL211W,198,173,0,0
YPL208W,97,95,NA,0
YPL207W,226,219,0,0
YPL204W,282,264,2,0
YPL203W,163,145,14,1
YPL200W,0,0,0,0
YPL198W,2793,2704,1,0
YPL196W,82,76,0,0
YPL195W,196,189,0,0
YPL194W,33,31,0,0
YPL193W,68,68,0,0
YPL189W,4,3,1,0
YPL188W,211,191,0,0
YPL187W,2542,2160,43,7
YPL185W,5,4,0,0
YPL183W-A,218,169,4,0
YPL181W,187,167,5,0
YPL180W,114,106,0,0
YPL179W,230,184,21,0
YPL178W,243,228,1,0
YPL175W,57,48,0,2
YPL173W,306,287,0,0
YPL170W,240,191,12,1
YPL168W,41,38,0,0
YPL166W,32,32,0,0
YPL160W,1509,1471,0,0
YPL157W,40,35,0,1
YPL152W,139,116,0,0
YPL150W,51,51,NA,0
YPL149W,16,15,0,0
YPL147W,19,19,NA,0
YPL144W,53,43,0,0
YPL143W,1485,1138,1,3
YPL135W,403,338,10,0
YPL132W,70,52,5,0
YPL131W,4024,3778,0,5
YPL129W,300,270,1,0
YPL126W,265,259,1,NA
YPL125W,177,170,3,NA
YPL124W,52,51,0,0
YPL120W,72,70,0,0
YPL118W,462,435,2,0
YPL116W,140,136,NA,1
YPL114W,4,2,0,1
YPL111W,527,483,3,1
YPL108W,30,28,NA,0
YPL107W,48,43,0,0
YPL104W,131,126,0,0
YPL101W,123,117,0,0
YPL100W,112,102,0,0
YPL097W,136,124,0,0
YPL096W,85,78,0,0
YPL093W,425,383,0,0
YPL092W,44,38,1,1
YPL091W,595,577,NA,1
YPL088W,114,108,0,0
YPL087W,243,213,1,0
YPL085W,530,527,NA,0
YPL084W,236,225,0,0
YPL081W,1087,995,1,0
YPL079W,2057,1765,0,1
YPL076W,25,19,2,0
YPL075W,43,41,NA,0
YPL074W,84,81,0,0
YPL072W,30,22,7,0
YPL070W,136,126,0,0
YPL066W,44,38,3,0
YPL065W,69,61,NA,0
YPL063W,542,511,3,1
YPL062W,0,0,0,0
YPL061W,3178,3008,16,4
YPL060W,38,37,0,0
YPL059W,342,270,2,0
YPL054W,33,32,0,NA
YPL052W,54,46,0,0
YPL051W,54,50,0,1
YPL048W,1363,1291,0,1
YPL047W,35,21,6,0
YPL045W,65,61,2,0
YPL043W,316,301,0,NA
YPL038W,42,38,0,0
YPL036W,608,608,NA,NA
YPL034W,32,11,20,0
YPL030W,137,135,1,0
YPL029W,87,81,2,0
YPL028W,1681,1570,4,1
YPL027W,0,0,0,0
YPL024W,81,73,1,0
YPL022W,68,61,5,0
YPL018W,18,16,0,1
YPL016W,160,160,NA,0
YPL014W,98,89,0,0
YPL012W,369,363,0,NA
YPL010W,322,309,0,1
YPL008W,38,29,5,0
YPL006W,248,237,0,0
YPL005W,28,28,0,0
YPL003W,46,42,0,0
YPL001W,114,106,1,0
YPR001W,29,29,0,0
YPR002W,132,121,1,1
YPR008W,150,137,7,0
YPR009W,26,23,0,0
YPR012W,0,0,0,0
YPR018W,91,91,0,0
YPR019W,191,188,0,0
YPR020W,301,264,0,5
YPR024W,376,355,8,1
YPR026W,67,67,NA,NA
YPR028W,851,767,3,1
YPR030W,30,29,NA,0
YPR031W,31,29,0,NA
YPR032W,138,135,NA,0
YPR034W,193,173,4,0
YPR035W,1527,1424,11,2
YPR036W,1174,1133,3,0
YPR036W-A,648,449,16,2
YPR040W,128,125,NA,0
YPR041W,916,846,12,2
YPR043W,1414,1015,0,3
YPR046W,27,22,0,0
YPR047W,226,209,8,0
YPR048W,98,89,0,0
YPR051W,99,82,0,1
YPR054W,1,0,1,0
YPR055W,122,121,0,NA
YPR056W,99,91,0,0
YPR057W,45,43,NA,0
YPR058W,140,129,0,0
YPR062W,304,260,0,1
YPR065W,293,268,2,1
YPR066W,26,26,NA,NA
YPR067W,52,47,0,0
YPR070W,87,83,0,1
YPR071W,30,28,0,0
YPR072W,328,299,14,0
YPR079W,90,85,1,0
YPR080W,17150,16352,9,5
YPR083W,33,31,0,0
YPR084W,25,23,1,0
YPR086W,138,129,0,0
YPR087W,0,0,0,0
YPR089W,179,172,0,0
YPR094W,71,54,0,0
YPR097W,175,160,6,0
YPR100W,188,150,0,0
YPR101W,52,48,0,0
YPR103W,446,415,4,0
YPR106W,91,84,0,NA
YPR108W,517,495,7,0
YPR108W-A,1,1,NA,0
YPR109W,49,36,13,NA
YPR111W,62,60,0,0
YPR113W,331,289,1,0
YPR114W,227,202,1,0
YPR115W,77,74,NA,0
YPR116W,16,15,NA,1
YPR117W,24,23,1,NA
YPR118W,297,289,0,0
YPR119W,214,192,9,1
YPR121W,2,2,NA,0
YPR122W,52,49,NA,0
YPR124W,246,231,2,1
YPR125W,304,271,5,0
YPR127W,94,85,3,3
YPR129W,403,376,0,0
YPR132W,2306,1845,0,11
YPR133W-A,220,149,3,1
YPR134W,37,25,0,0
YPR135W,151,148,NA,1
YPR137W,174,164,0,0
YPR140W,92,88,2,0
YPR143W,164,148,0,0
YPR145W,1442,1400,1,6
YPR149W,1367,1078,62,8
YPR150W,5,1,4,NA
YPR153W,9,6,0,0
YPR154W,253,235,0,0
YPR157W,5,5,0,0
YPR158W,94,83,0,0
YPR159W,701,671,14,0
YPR160W,1013,959,7,1
YPR164W,56,48,0,5
YPR165W,1075,937,40,2
YPR169W,120,115,0,0
YPR170W-B,295,222,NA,1
YPR171W,84,81,0,0
YPR172W,170,151,0,0
YPR175W,81,78,0,0
YPR178W,64,57,0,0
YPR180W,116,114,0,0
YPR182W,83,61,5,0
YPR183W,1060,959,0,0
YPR184W,216,202,NA,0
YPR185W,95,89,1,0
YPR187W,297,278,0,0
YPR189W,331,328,NA,0
YPR191W,968,882,1,3
YPR192W,1,1,0,0
YPR196W,14,13,0,0
YPR198W,148,138,0,0
YPR201W,3,2,NA,0