trx,cds,utr5,utr3,
YAL067C,1,1,NA,0
YAL063C-A,0,0,0,0
YAL063C,0,0,0,0
YAL054C,1,1,NA,0
YAL049C,89,83,0,0
YAL047C,3,3,0,0
YAL046C,17,16,0,0
YAL044C,151,134,0,0
YAL043C,59,59,0,0
YAL040C,36,33,2,0
YAL039C,158,146,0,0
YAL037C-A,0,0,0,0
YAL036C,88,83,0,0
YAL034C-B,0,0,0,0
YAL034C,8,8,0,0
YAL032C,14,14,0,0
YAL031C,9,9,0,0
YAL029C,32,31,NA,0
YAL026C-A,0,0,0,0
YAL026C,27,27,0,NA
YAL025C,64,61,0,2
YAL024C,10,10,NA,0
YAL023C,199,192,0,0
YAL022C,47,46,0,0
YAL021C,127,117,0,0
YAL020C,7,7,NA,0
YAL018C,0,0,0,0
YAL015C,18,18,NA,0
YAL014C,14,10,0,0
YAL010C,10,10,0,0
YAL007C,106,89,1,0
YAL005C,3047,3007,4,NA
YAL001C,22,22,0,NA
YAR002C-A,117,101,0,1
YAR007C,105,104,0,0
YAR014C,55,48,5,0
YAR018C,33,31,0,0
YAR019C,6,6,NA,0
YAR023C,1,0,1,NA
YAR047C,0,0,0,0
YAL066W,0,0,0,0
YAL064W-B,0,0,0,0
YAL062W,10,10,NA,0
YAL061W,5,5,0,0
YAL060W,76,74,0,0
YAL059W,44,42,NA,0
YAL058W,17,15,1,0
YAL056W,6,5,0,0
YAL055W,5,3,0,0
YAL053W,121,105,5,0
YAL051W,18,18,NA,0
YAL047W-A,0,0,0,0
YAL044W-A,21,18,NA,0
YAL042W,98,87,0,0
YAL041W,34,32,2,0
YAL038W,5193,4952,1,1
YAL037W,2,1,NA,NA
YAL035W,437,422,0,NA
YAL034W-A,10,10,0,0
YAL033W,32,25,NA,0
YAL030W,31,26,0,0
YAL028W,0,0,0,0
YAL027W,12,12,NA,0
YAL019W,62,62,NA,0
YAL017W,40,40,0,NA
YAL016W,158,153,1,0
YAL013W,30,28,0,0
YAL012W,520,473,2,0
YAL011W,10,10,NA,0
YAL009W,7,6,NA,0
YAL008W,34,26,0,0
YAL004W,0,0,0,0
YAL003W,1023,911,0,1
YAL002W,10,10,NA,0
YAR002W,75,71,0,0
YAR003W,12,12,0,0
YAR008W,5,5,0,0
YAR015W,55,52,1,0
YAR019W-A,0,0,0,0
YAR027W,36,28,1,0
YAR028W,14,13,0,0
YAR029W,0,0,0,0
YAR031W,13,13,NA,0
YAR033W,6,4,0,0
YAR035W,2,2,NA,0
YAR042W,34,34,NA,0
YAR050W,0,0,0,0
YAR053W,1,1,0,NA
YAR071W,17,17,NA,0
YBL113C,42,38,NA,0
YBL107C,26,25,NA,0
YBL106C,10,9,NA,0
YBL105C,33,32,0,0
YBL104C,14,14,NA,0
YBL103C,31,30,0,0
YBL101C,25,25,NA,0
YBL093C,30,29,0,0
YBL091C-A,9,8,NA,0
YBL091C,109,105,0,0
YBL088C,7,7,NA,0
YBL087C,634,575,1,0
YBL086C,15,15,0,0
YBL084C,10,10,NA,0
YBL080C,7,6,0,0
YBL078C,33,27,0,0
YBL076C,386,376,0,0
YBL075C,9,9,NA,0
YBL074C,3,3,NA,NA
YBL072C,1169,1101,0,0
YBL071C,0,0,0,0
YBL070C,0,0,0,0
YBL067C,28,23,4,NA
YBL066C,15,15,0,0
YBL064C,85,78,0,0
YBL061C,54,53,0,0
YBL059C-A,45,25,0,0
YBL057C,19,19,0,0
YBL055C,32,32,0,0
YBL052C,7,6,1,0
YBL051C,91,89,0,0
YBL047C,310,305,1,0
YBL045C,273,249,5,0
YBL042C,87,84,0,0
YBL040C,70,50,0,0
YBL039C,213,209,NA,0
YBL036C,58,51,0,0
YBL035C,27,27,0,0
YBL034C,30,30,NA,0
YBL033C,52,48,0,0
YBL030C,683,614,5,0
YBL029C-A,22,14,0,0
YBL028C,56,47,0,1
YBL023C,54,54,0,0
YBL022C,129,120,2,0
YBL021C,6,4,0,0
YBL018C,18,14,0,0
YBL017C,89,88,NA,0
YBL014C,7,7,0,0
YBL010C,29,29,NA,0
YBL007C,200,199,0,0
YBL006C,31,31,0,0
YBL003C,372,315,0,0
YBL001C,144,116,0,0
YBR001C,30,30,0,0
YBR002C,21,21,0,0
YBR004C,15,13,0,0
YBR007C,22,22,NA,0
YBR008C,1,1,0,0
YBR009C,322,263,2,1
YBR011C,786,753,0,0
YBR012C,0,0,0,0
YBR013C,0,0,0,0
YBR014C,44,36,3,0
YBR015C,109,103,0,0
YBR017C,86,82,2,0
YBR018C,0,0,0,0
YBR019C,0,0,0,0
YBR023C,88,87,NA,0
YBR025C,496,449,0,0
YBR026C,91,85,NA,0
YBR028C,23,21,1,0
YBR029C,85,76,0,0
YBR034C,71,58,0,0
YBR035C,141,128,0,0
YBR036C,112,104,0,0
YBR037C,55,54,0,0
YBR042C,29,27,0,0
YBR043C,13,11,1,0
YBR044C,16,13,0,0
YBR045C,4,4,NA,0
YBR046C,45,41,0,0
YBR049C,72,66,1,0
YBR050C,1,1,0,0
YBR052C,79,68,0,0
YBR053C,60,57,0,0
YBR055C,23,23,0,0
YBR057C,32,31,1,0
YBR058C,50,49,0,0
YBR058C-A,39,26,0,0
YBR059C,76,72,3,NA
YBR060C,23,23,0,0
YBR061C,39,39,0,0
YBR062C,31,30,0,0
YBR063C,0,0,0,0
YBR065C,16,13,0,NA
YBR066C,13,12,NA,1
YBR067C,291,264,0,0
YBR068C,133,126,0,0
YBR069C,91,85,3,0
YBR070C,13,11,0,0
YBR072C-A,0,0,0,0
YBR076C-A,2,2,NA,0
YBR077C,40,39,0,NA
YBR079C,353,339,0,0
YBR080C,114,114,0,0
YBR081C,21,21,NA,0
YBR082C,450,397,7,0
YBR084C-A,805,702,0,0
YBR085C-A,223,177,0,3
YBR086C,125,122,0,0
YBR088C,109,98,0,0
YBR089C-A,79,58,NA,0
YBR091C,18,16,0,0
YBR092C,293,279,0,0
YBR093C,103,102,0,0
YBR095C,16,16,0,0
YBR099C,0,0,0,0
YBR101C,61,56,0,0
YBR102C,38,37,1,0
YBR103C-A,0,0,0,0
YBR105C,14,13,0,0
YBR107C,2,1,0,0
YBR109C,279,238,0,1
YBR111C,111,107,NA,0
YBR112C,320,319,NA,0
YBR115C,196,195,NA,0
YBR120C,45,39,0,1
YBR121C,359,350,2,NA
YBR122C,61,51,1,0
YBR123C,23,23,0,0
YBR125C,18,15,2,0
YBR126C,302,286,2,0
YBR127C,477,458,0,0
YBR128C,1,1,0,NA
YBR129C,11,11,0,0
YBR130C,36,36,0,0
YBR132C,25,23,2,0
YBR133C,24,24,0,0
YBR138C,36,35,0,0
YBR140C,25,25,NA,0
YBR141C,8,8,0,0
YBR143C,220,206,0,0
YBR144C,1,1,NA,0
YBR150C,21,21,0,0
YBR154C,100,89,3,0
YBR156C,18,18,0,0
YBR157C,2,2,NA,0
YBR162C,309,277,9,0
YBR164C,62,50,4,0
YBR166C,59,58,0,0
YBR167C,9,8,NA,0
YBR169C,68,67,0,0
YBR170C,49,48,0,0
YBR172C,69,63,0,1
YBR173C,102,91,0,0
YBR174C,0,0,0,0
YBR177C,195,180,0,0
YBR179C,26,25,0,0
YBR181C,1313,1211,0,0
YBR182C,14,14,NA,0
YBR182C-A,1,1,0,0
YBR185C,50,41,0,0
YBR188C,19,17,0,0
YBR193C,16,16,0,0
YBR195C,11,11,0,0
YBR196C,1484,1392,1,0
YBR197C,7,7,0,0
YBR198C,57,55,0,0
YBR201C-A,8,3,1,0
YBR204C,14,14,0,0
YBR208C,28,24,4,0
YBR211C,5,5,0,NA
YBR216C,9,8,0,0
YBR218C,198,184,1,0
YBR221C,269,232,16,0
YBR222C,113,112,0,0
YBR223C,5,3,0,0
YBR229C,84,84,0,0
YBR230C,75,69,0,0
YBR231C,20,17,0,0
YBR234C,132,124,1,0
YBR236C,36,31,0,0
YBR238C,26,26,NA,NA
YBR239C,13,12,0,0
YBR240C,3,2,NA,1
YBR241C,11,10,0,0
YBR243C,24,22,1,0
YBR245C,79,79,NA,NA
YBR247C,60,53,0,0
YBR248C,124,119,1,0
YBR249C,554,534,2,0
YBR254C,15,14,0,0
YBR255C-A,10,8,0,0
YBR256C,94,90,0,0
YBR258C,11,11,0,0
YBR260C,48,48,0,0
YBR261C,50,47,0,0
YBR262C,22,21,0,0
YBR264C,20,17,0,0
YBR269C,45,42,0,0
YBR270C,4,4,0,0
YBR272C,24,24,0,0
YBR273C,63,59,0,0
YBR275C,31,30,NA,NA
YBR276C,11,9,2,0
YBR277C,0,0,0,0
YBR280C,12,11,0,0
YBR281C,19,18,0,0
YBR283C,184,166,3,0
YBR288C,35,34,0,0
YBR291C,13,12,0,0
YBR292C,3,0,3,NA
YBR296C,1,1,0,0
YBR298C,1,0,1,0
YBL102W,50,44,0,0
YBL100W-C,0,0,0,0
YBL099W,592,555,17,3
YBL098W,53,51,NA,0
YBL097W,11,11,0,0
YBL095W,12,11,0,0
YBL092W,979,826,5,1
YBL090W,38,32,0,0
YBL089W,9,9,0,0
YBL085W,46,46,NA,0
YBL081W,63,63,0,0
YBL079W,52,50,0,NA
YBL071W-A,20,14,0,1
YBL068W,48,44,1,0
YBL063W,5,5,0,NA
YBL060W,11,10,0,0
YBL059W,15,14,NA,0
YBL058W,132,131,0,0
YBL056W,64,55,0,0
YBL054W,26,26,0,0
YBL050W,84,76,0,0
YBL048W,0,0,0,0
YBL046W,27,25,NA,0
YBL043W,2,2,0,0
YBL041W,111,109,0,0
YBL039W-B,3,1,2,0
YBL038W,79,73,0,0
YBL037W,29,29,0,0
YBL032W,65,59,1,0
YBL031W,8,7,0,0
YBL029W,17,17,NA,0
YBL027W,912,828,3,0
YBL026W,51,31,5,0
YBL025W,9,6,0,0
YBL024W,125,121,0,NA
YBL020W,16,14,0,0
YBL019W,5,5,NA,0
YBL016W,39,38,NA,0
YBL015W,52,47,0,0
YBL011W,26,24,1,0
YBL009W,39,38,1,0
YBL008W,13,13,NA,0
YBL005W,11,11,0,0
YBL004W,84,83,NA,0
YBL002W,244,197,0,0
YBR003W,33,32,0,0
YBR005W,18,16,0,0
YBR006W,17,13,0,1
YBR010W,488,411,0,0
YBR016W,99,89,0,0
YBR020W,0,0,0,0
YBR021W,32,31,0,0
YBR022W,14,13,0,0
YBR024W,20,20,0,NA
YBR030W,8,6,0,0
YBR031W,1846,1721,0,2
YBR033W,2,2,NA,0
YBR038W,114,108,0,0
YBR039W,293,271,0,0
YBR041W,45,43,0,0
YBR047W,4,3,0,0
YBR048W,795,743,0,0
YBR051W,0,0,0,0
YBR054W,239,206,11,0
YBR056W,88,86,0,0
YBR056W-A,22,19,0,0
YBR071W,80,78,0,0
YBR072W,35,27,1,0
YBR073W,73,72,NA,0
YBR074W,46,43,NA,0
YBR076W,0,0,0,0
YBR078W,977,921,8,0
YBR083W,50,46,0,NA
YBR084W,180,180,0,0
YBR085W,6,6,0,0
YBR087W,46,42,0,0
YBR094W,33,33,0,NA
YBR096W,52,48,0,0
YBR097W,13,13,NA,0
YBR098W,8,8,0,0
YBR103W,17,17,0,0
YBR104W,24,24,0,0
YBR106W,285,249,0,0
YBR108W,63,63,0,0
YBR110W,30,28,0,0
YBR111W-A,26,23,0,0
YBR114W,20,18,1,0
YBR118W,7570,7241,0,2
YBR119W,25,23,0,0
YBR131W,4,4,0,0
YBR135W,74,62,1,0
YBR136W,14,14,NA,0
YBR137W,47,46,NA,0
YBR139W,86,82,NA,2
YBR141W-A,0,0,0,0
YBR142W,45,39,0,0
YBR145W,22,19,0,0
YBR146W,90,86,2,0
YBR147W,7,7,0,0
YBR148W,1,1,NA,0
YBR149W,182,172,1,0
YBR151W,58,52,2,0
YBR152W,4,4,0,NA
YBR153W,16,16,0,0
YBR155W,37,32,1,0
YBR158W,45,41,2,0
YBR159W,92,80,0,1
YBR160W,76,71,2,0
YBR161W,18,17,0,0
YBR162W-A,96,83,0,0
YBR163W,2,2,0,0
YBR165W,11,10,0,0
YBR168W,4,4,0,NA
YBR171W,63,60,0,0
YBR175W,3,3,NA,0
YBR176W,25,20,1,0
YBR178W,0,0,0,0
YBR183W,23,16,0,0
YBR184W,2,2,NA,0
YBR186W,2,2,0,NA
YBR187W,41,32,3,0
YBR189W,1033,891,0,0
YBR192W,37,33,1,1
YBR194W,12,11,0,0
YBR199W,55,55,0,0
YBR200W,42,41,0,0
YBR201W,13,11,1,0
YBR202W,69,66,0,0
YBR203W,16,14,0,0
YBR205W,67,60,0,NA
YBR207W,33,32,0,0
YBR210W,14,13,0,0
YBR212W,74,71,3,0
YBR213W,9,9,0,0
YBR214W,113,108,0,0
YBR215W,32,32,0,0
YBR217W,6,6,0,0
YBR225W,25,25,NA,0
YBR228W,3,3,NA,0
YBR230W-A,26,21,0,0
YBR233W,19,17,0,0
YBR233W-A,8,6,0,0
YBR235W,25,25,0,0
YBR237W,4,4,0,0
YBR242W,54,47,0,0
YBR244W,5,3,0,0
YBR246W,15,13,0,0
YBR250W,0,0,0,0
YBR251W,47,43,0,0
YBR252W,80,65,0,0
YBR253W,16,14,0,0
YBR255W,13,13,0,0
YBR257W,10,9,0,0
YBR259W,9,9,0,0
YBR263W,121,116,0,0
YBR265W,36,32,0,0
YBR267W,66,64,0,0
YBR268W,40,35,0,0
YBR271W,13,13,0,0
YBR274W,21,21,0,0
YBR278W,15,14,0,0
YBR279W,41,38,0,0
YBR282W,63,57,1,0
YBR284W,2,2,0,NA
YBR285W,3,3,NA,0
YBR286W,395,379,1,0
YBR287W,61,59,0,0
YBR289W,107,107,0,0
YBR290W,34,30,0,0
YBR293W,1,1,NA,0
YBR294W,0,0,0,0
YBR295W,7,7,NA,0
YBR297W,9,9,0,0
YBR299W,9,9,0,0
YCL064C,13,13,0,0
YCL061C,52,51,0,NA
YCL059C,122,109,0,0
YCL057C-A,155,124,0,0
YCL056C,3,3,NA,0
YCL052C,54,47,0,0
YCL050C,432,398,2,0
YCL049C,92,86,0,0
YCL047C,59,57,NA,0
YCL045C,261,248,0,0
YCL044C,56,55,0,0
YCL043C,1091,1072,NA,0
YCL041C,61,46,0,NA
YCL038C,34,34,0,0
YCL037C,318,305,0,2
YCL035C,312,261,0,1
YCL033C,88,80,NA,0
YCL031C,100,93,0,0
YCL030C,301,291,0,0
YCL029C,65,64,0,0
YCL026C-B,78,70,0,1
YCL026C-A,0,0,0,0
YCL025C,251,248,0,0
YCL017C,215,204,0,0
YCL016C,18,18,0,0
YCL012C,46,35,0,0
YCL011C,128,125,0,0
YCL010C,28,25,0,0
YCL009C,543,487,0,0
YCL008C,49,47,NA,1
YCL002C,11,11,0,0
YCR002C,201,186,0,0
YCR004C,297,264,8,0
YCR005C,313,299,0,0
YCR007C,3,3,0,0
YCR009C,176,152,2,0
YCR010C,0,0,0,0
YCR011C,93,88,2,0
YCR014C,3,3,NA,0
YCR015C,20,20,0,0
YCR017C,144,137,0,0
YCR020C,1,0,NA,0
YCR020C-A,37,34,0,0
YCR021C,5,5,0,0
YCR022C,0,0,0,0
YCR023C,21,21,0,0
YCR024C,50,49,0,0
YCR024C-B,2,1,0,0
YCR024C-A,244,113,28,NA
YCR025C,0,0,0,0
YCR026C,76,73,0,0
YCR027C,21,19,2,0
YCR028C,34,29,1,0
YCR028C-A,218,194,0,1
YCR030C,215,209,2,0
YCR031C,1236,1101,0,1
YCR035C,89,86,0,0
YCR037C,93,93,NA,0
YCR038C,10,10,NA,0
YCR042C,65,65,0,NA
YCR043C,84,70,1,0
YCR044C,45,45,0,0
YCR045C,0,0,0,0
YCR046C,120,105,NA,0
YCR047C,77,72,0,0
YCR054C,42,39,0,0
YCR057C,96,92,0,0
YCR059C,48,46,0,0
YCR064C,0,0,0,0
YCR067C,135,133,1,0
YCR071C,91,81,0,0
YCR072C,95,88,0,0
YCR073C,25,23,1,0
YCR075C,12,11,0,0
YCR076C,33,29,0,0
YCR077C,311,305,0,0
YCR084C,275,238,11,1
YCR087C-A,75,64,0,0
YCR090C,56,46,0,0
YCR092C,32,32,0,0
YCR095C,29,28,0,0
YCR098C,6,4,NA,0
YCR102C,2,2,0,0
YCL063W,46,45,0,0
YCL058W-A,40,33,0,0
YCL057W,211,206,0,0
YCL055W,45,45,0,0
YCL054W,199,184,0,0
YCL051W,38,38,0,0
YCL048W,1,1,NA,0
YCL040W,670,644,NA,1
YCL039W,52,50,0,0
YCL036W,20,18,NA,0
YCL034W,97,94,1,0
YCL032W,47,47,0,0
YCL028W,364,351,0,0
YCL027W,6,6,0,0
YCL024W,38,38,0,NA
YCL021W-A,4,4,0,0
YCL018W,49,42,0,0
YCL014W,83,79,0,0
YCL005W-A,142,113,0,1
YCL005W,13,12,0,0
YCL004W,14,11,3,0
YCL001W,95,82,0,0
YCR003W,112,108,0,0
YCR008W,51,46,2,0
YCR012W,5425,5151,2,4
YCR016W,77,76,0,0
YCR019W,24,20,2,0
YCR020W-B,26,15,0,1
YCR032W,23,23,NA,0
YCR033W,65,63,NA,1
YCR034W,289,253,0,0
YCR036W,90,88,NA,0
YCR045W-A,2,0,2,0
YCR048W,45,43,0,0
YCR051W,114,102,0,0
YCR052W,121,115,0,1
YCR053W,877,842,0,0
YCR061W,102,96,0,0
YCR063W,15,13,0,2
YCR065W,54,51,1,0
YCR066W,28,26,0,0
YCR068W,19,18,0,0
YCR069W,97,90,2,0
YCR073W-A,108,102,0,0
YCR075W-A,37,27,0,0
YCR079W,10,10,0,0
YCR081W,15,15,0,NA
YCR082W,101,78,0,0
YCR083W,52,43,0,0
YCR085W,0,0,0,0
YCR086W,54,49,0,NA
YCR088W,740,725,0,1
YCR089W,3,3,NA,0
YCR091W,14,11,0,0
YCR093W,238,237,0,0
YCR094W,56,55,0,0
YCR095W-A,1,0,0,1
YCR097W,0,0,0,0
YCR105W,5,5,NA,0
YCR106W,8,6,0,NA
YCR107W,1,1,NA,0
YDL243C,2,1,1,0
YDL239C,2,2,NA,0
YDL238C,1,1,0,0
YDL235C,69,59,0,1
YDL234C,37,32,0,0
YDL231C,2,2,NA,0
YDL227C,38,38,NA,0
YDL226C,91,85,0,0
YDL224C,56,56,0,0
YDL222C,2,2,NA,NA
YDL220C,9,8,NA,0
YDL217C,28,27,0,0
YDL216C,7,7,NA,0
YDL215C,45,45,NA,0
YDL214C,1,1,0,0
YDL213C,71,62,0,0
YDL211C,4,4,0,0
YDL209C,14,14,0,0
YDL205C,11,7,0,0
YDL203C,25,24,1,0
YDL200C,5,4,NA,0
YDL199C,5,5,0,0
YDL198C,136,115,0,0
YDL197C,3,3,0,0
YDL190C,53,50,1,0
YDL188C,61,59,0,1
YDL187C,0,0,0,0
YDL184C,593,149,0,5
YDL183C,7,7,0,0
YDL177C,7,5,1,0
YDL175C,30,28,0,0
YDL174C,64,63,0,NA
YDL171C,306,298,3,NA
YDL169C,7,7,NA,0
YDL167C,32,31,0,0
YDL166C,25,21,0,0
YDL164C,54,51,0,1
YDL160C-A,8,6,0,0
YDL160C,126,112,4,0
YDL157C,46,37,0,0
YDL153C,62,61,0,0
YDL148C,70,69,0,NA
YDL145C,209,205,1,0
YDL144C,18,17,0,0
YDL142C,19,17,0,0
YDL140C,135,134,NA,0
YDL139C,9,7,NA,0
YDL135C,67,59,0,0
YDL134C,83,76,3,0
YDL133C-A,577,149,0,6
YDL126C,596,581,0,0
YDL125C,112,99,NA,0
YDL121C,38,34,0,0
YDL119C,24,24,0,0
YDL115C,21,21,0,0
YDL113C,23,23,0,0
YDL111C,38,36,0,0
YDL110C,79,73,1,0
YDL109C,4,3,NA,1
YDL106C,35,35,0,0
YDL104C,7,7,0,0
YDL103C,106,101,0,0
YDL101C,42,41,0,0
YDL100C,233,213,0,0
YDL098C,6,6,0,0
YDL097C,168,161,0,0
YDL094C,0,0,0,0
YDL091C,17,17,0,0
YDL090C,9,9,0,0
YDL088C,53,51,0,0
YDL087C,3,3,0,0
YDL086C-A,0,0,0,0
YDL085C-A,22,16,1,0
YDL083C,574,458,0,1
YDL081C,512,406,4,1
YDL080C,7,7,NA,0
YDL079C,1,1,NA,0
YDL078C,138,123,2,0
YDL077C,14,14,NA,0
YDL076C,26,22,2,0
YDL074C,45,42,0,0
YDL072C,123,106,4,0
YDL069C,1,1,0,0
YDL067C,127,65,1,1
YDL065C,33,30,0,0
YDL063C,43,41,0,0
YDL061C,274,138,0,0
YDL059C,3,3,0,NA
YDL055C,864,789,13,3
YDL054C,20,16,1,0
YDL053C,94,86,0,0
YDL052C,64,59,0,0
YDL049C,10,9,0,0
YDL048C,12,12,0,0
YDL045C,19,18,0,0
YDL044C,13,12,0,0
YDL043C,19,18,0,0
YDL042C,27,25,0,0
YDL040C,144,135,0,0
YDL039C,8,8,NA,0
YDL036C,17,17,NA,0
YDL035C,20,18,NA,0
YDL033C,4,4,0,0
YDL028C,22,21,1,0
YDL027C,7,7,0,0
YDL025C,25,25,0,0
YDL024C,2,2,NA,0
YDL020C,51,45,2,1
YDL019C,63,63,NA,0
YDL018C,31,28,0,1
YDL015C,127,108,0,NA
YDL012C,67,62,0,0
YDL009C,0,0,0,0
YDL005C,42,42,0,0
YDL002C,12,7,0,0
YDR001C,124,122,NA,0
YDR005C,27,27,0,0
YDR006C,36,33,1,0
YDR008C,1,1,NA,0
YDR010C,0,0,0,0
YDR016C,7,7,0,0
YDR017C,31,28,NA,0
YDR018C,8,7,NA,0
YDR019C,46,43,NA,0
YDR020C,13,12,NA,0
YDR022C,12,11,0,0
YDR026C,12,11,1,0
YDR027C,23,19,1,0
YDR028C,90,87,NA,1
YDR030C,10,10,0,0
YDR032C,261,220,6,0
YDR034C,24,21,2,0
YDR036C,47,44,0,0
YDR038C,83,80,NA,0
YDR042C,1,1,NA,0
YDR045C,32,22,2,0
YDR046C,75,72,1,0
YDR048C,0,0,0,0
YDR050C,1746,1609,2,1
YDR051C,35,35,0,0
YDR052C,30,30,0,0
YDR054C,64,60,0,1
YDR056C,48,41,1,0
YDR058C,13,12,0,0
YDR059C,27,27,0,0
YDR066C,3,2,0,0
YDR067C,13,10,0,0
YDR069C,16,15,NA,0
YDR070C,2,2,0,0
YDR071C,105,87,0,0
YDR072C,43,43,0,0
YDR078C,3,2,0,0
YDR079C-A,14,11,0,0
YDR081C,22,21,0,0
YDR084C,45,39,0,0
YDR085C,11,11,NA,0
YDR086C,129,95,2,0
YDR087C,71,67,0,0
YDR088C,26,26,0,0
YDR090C,17,14,2,0
YDR091C,146,142,0,0
YDR097C,50,49,1,0
YDR098C,154,153,NA,0
YDR101C,94,91,0,0
YDR104C,4,4,NA,0
YDR105C,17,15,1,0
YDR107C,11,9,0,0
YDR109C,10,10,NA,0
YDR111C,18,18,0,0
YDR113C,24,24,0,0
YDR116C,66,63,0,0
YDR117C,41,39,0,0
YDR120C,73,72,NA,0
YDR123C,8,8,0,0
YDR125C,2,2,NA,0
YDR129C,282,270,0,0
YDR130C,18,16,0,0
YDR131C,8,8,0,0
YDR132C,5,5,0,0
YDR133C,108,1,95,0
YDR135C,115,115,NA,0
YDR139C,36,23,0,0
YDR141C,48,47,NA,NA
YDR142C,8,7,0,0
YDR143C,35,33,0,0
YDR144C,44,43,1,0
YDR146C,112,109,NA,0
YDR148C,176,168,0,0
YDR151C,30,26,0,1
YDR153C,81,79,0,0
YDR162C,25,23,0,0
YDR164C,24,22,0,0
YDR166C,28,28,NA,0
YDR169C,36,34,0,0
YDR170C,160,160,NA,0
YDR173C,10,10,0,NA
YDR175C,57,45,0,1
YDR179C,7,7,0,0
YDR181C,15,15,0,0
YDR185C,8,7,0,0
YDR186C,23,23,0,0
YDR190C,141,136,0,0
YDR192C,29,29,0,0
YDR194C,122,118,0,0
YDR196C,22,22,NA,0
YDR198C,5,5,0,0
YDR200C,23,22,0,0
YDR202C,16,14,0,0
YDR207C,26,26,0,NA
YDR215C,0,0,0,0
YDR217C,19,19,0,NA
YDR218C,2,2,NA,0
YDR219C,20,20,NA,0
YDR224C,310,265,1,0
YDR228C,45,44,0,0
YDR231C,35,32,0,0
YDR233C,384,368,0,0
YDR236C,11,11,0,0
YDR238C,213,208,0,0
YDR239C,32,30,0,0
YDR240C,9,8,0,0
YDR243C,17,16,0,0
YDR248C,23,18,0,0
YDR249C,2,2,0,0
YDR253C,0,0,0,0
YDR255C,9,8,0,0
YDR256C,1,1,NA,0
YDR257C,26,21,0,1
YDR258C,239,231,0,0
YDR259C,4,4,0,0
YDR260C,13,13,0,0
YDR261C,65,63,0,0
YDR263C,0,0,0,0
YDR264C,51,50,0,0
YDR266C,67,67,0,0
YDR267C,14,13,0,0
YDR271C,1,1,NA,0
YDR274C,0,0,0,0
YDR276C,223,146,0,1
YDR277C,18,15,1,0
YDR281C,0,0,0,0
YDR282C,8,7,0,1
YDR283C,28,27,NA,0
YDR284C,61,56,2,0
YDR286C,10,8,NA,0
YDR289C,44,41,0,0
YDR292C,47,45,0,0
YDR293C,112,106,2,NA
YDR294C,79,75,0,0
YDR295C,24,21,1,0
YDR298C,150,140,3,0
YDR300C,59,51,0,0
YDR303C,40,36,1,0
YDR304C,152,131,0,0
YDR305C,21,21,NA,0
YDR306C,10,10,0,0
YDR308C,22,19,1,0
YDR309C,85,81,1,0
YDR310C,36,32,1,0
YDR313C,3,2,0,0
YDR314C,3,2,1,0
YDR315C,6,6,0,0
YDR319C,11,11,0,0
YDR320C,58,54,0,0
YDR320C-A,15,9,NA,0
YDR322C-A,69,62,0,0
YDR323C,7,7,0,0
YDR324C,80,79,NA,0
YDR326C,35,34,NA,0
YDR328C,106,84,3,0
YDR329C,34,33,0,0
YDR333C,45,40,0,0
YDR338C,9,9,0,0
YDR339C,49,45,0,0
YDR341C,304,287,0,0
YDR342C,624,609,1,1
YDR343C,612,597,1,1
YDR345C,640,625,0,0
YDR346C,83,75,2,0
YDR348C,63,59,3,0
YDR349C,44,40,1,0
YDR350C,12,9,0,0
YDR357C,21,17,1,1
YDR359C,17,16,0,0
YDR361C,44,40,0,0
YDR362C,15,15,0,0
YDR364C,10,10,0,0
YDR365C,99,93,0,0
YDR366C,1,1,0,NA
YDR369C,9,9,NA,0
YDR370C,16,16,0,0
YDR372C,69,56,6,0
YDR375C,39,33,0,0
YDR378C,46,39,0,1
YDR379C-A,15,13,0,0
YDR381C-A,21,19,NA,0
YDR383C,10,9,0,0
YDR384C,52,43,0,0
YDR387C,2,2,0,0
YDR390C,26,25,0,0
YDR391C,20,19,0,0
YDR397C,21,19,1,0
YDR402C,1,1,NA,0
YDR404C,36,30,2,0
YDR407C,26,26,0,0
YDR408C,46,39,0,0
YDR410C,14,11,0,0
YDR411C,49,41,0,0
YDR414C,11,9,0,0
YDR415C,26,23,0,0
YDR422C,40,37,0,0
YDR423C,27,27,NA,0
YDR424C,26,22,1,0
YDR426C,0,0,0,0
YDR428C,33,31,0,0
YDR429C,152,138,0,0
YDR430C,61,57,1,0
YDR435C,17,16,0,0
YDR441C,26,23,0,0
YDR443C,9,9,NA,0
YDR445C,16,16,NA,0
YDR447C,667,539,0,1
YDR449C,42,42,0,0
YDR451C,49,48,0,0
YDR453C,5,4,0,0
YDR454C,197,170,0,1
YDR458C,23,22,0,0
YDR459C,2,2,0,0
YDR461C-A,5,3,0,0
YDR465C,48,44,0,0
YDR468C,25,23,0,0
YDR470C,29,25,1,0
YDR473C,16,15,0,0
YDR475C,21,21,0,0
YDR476C,21,17,0,0
YDR479C,20,20,0,0
YDR481C,49,45,0,0
YDR482C,6,4,0,0
YDR485C,24,24,0,0
YDR486C,65,60,0,0
YDR487C,131,119,1,0
YDR488C,11,11,NA,0
YDR490C,22,22,0,0
YDR495C,9,9,NA,0
YDR496C,129,123,0,0
YDR497C,239,226,2,1
YDR498C,24,21,0,0
YDR500C,489,360,0,1
YDR502C,525,482,1,0
YDR503C,10,10,0,0
YDR504C,0,0,0,0
YDR505C,58,57,1,NA
YDR506C,14,14,0,0
YDR507C,81,78,NA,0
YDR508C,259,242,0,0
YDR510C-A,0,0,0,0
YDR512C,35,34,NA,0
YDR514C,14,14,0,0
YDR516C,109,107,1,0
YDR520C,11,9,0,0
YDR522C,0,0,0,0
YDR523C,1,1,NA,0
YDR524C,12,10,0,0
YDR524C-B,841,543,8,3
YDR524C-A,1,0,0,1
YDR529C,173,138,0,2
YDR530C,10,10,NA,0
YDR532C,10,10,0,0
YDR533C,132,107,0,0
YDR534C,0,0,0,0
YDR535C,0,0,0,0
YDR540C,12,8,1,0
YDR541C,3,3,0,0
YDL248W,81,78,0,1
YDL244W,7,7,NA,0
YDL242W,0,0,0,0
YDL241W,34,31,1,0
YDL240W,14,14,NA,0
YDL237W,37,34,0,0
YDL236W,79,68,0,0
YDL233W,28,24,0,0
YDL232W,13,1,0,0
YDL230W,18,15,0,0
YDL229W,2206,2143,0,2
YDL225W,78,75,0,0
YDL221W,0,0,0,0
YDL219W,52,47,0,0
YDL218W,1,1,0,0
YDL212W,123,109,0,0
YDL210W,0,0,0,0
YDL208W,119,106,0,1
YDL207W,24,24,0,0
YDL206W,1,0,1,0
YDL204W,16,13,2,0
YDL202W,67,62,0,0
YDL201W,69,63,0,0
YDL195W,342,335,0,0
YDL194W,2,2,NA,0
YDL193W,33,29,1,1
YDL192W,378,343,0,1
YDL191W,765,672,0,2
YDL189W,26,23,2,0
YDL185W,1102,1085,2,0
YDL182W,218,206,0,0
YDL181W,76,56,2,0
YDL180W,7,6,0,0
YDL179W,31,31,0,0
YDL178W,79,78,0,0
YDL176W,4,3,1,0
YDL173W,67,66,NA,NA
YDL170W,15,15,NA,0
YDL168W,136,129,0,0
YDL165W,49,44,0,0
YDL161W,60,60,0,0
YDL159W,12,12,0,0
YDL156W,8,7,0,NA
YDL155W,23,23,0,0
YDL154W,0,0,0,0
YDL150W,39,38,0,NA
YDL149W,11,11,NA,0
YDL147W,168,156,0,0
YDL146W,8,7,0,0
YDL143W,190,182,0,0
YDL141W,28,28,0,0
YDL138W,7,7,0,0
YDL137W,198,174,6,0
YDL136W,710,645,1,0
YDL133W,14,14,0,0
YDL132W,74,71,2,NA
YDL131W,289,279,1,1
YDL130W-A,72,58,0,0
YDL130W,625,472,0,4
YDL129W,3,3,0,0
YDL128W,118,113,0,0
YDL127W,15,12,0,3
YDL124W,232,209,1,0
YDL123W,10,9,0,0
YDL122W,53,51,2,NA
YDL120W,50,40,1,0
YDL117W,29,28,0,0
YDL116W,42,38,0,0
YDL114W,1,1,NA,0
YDL112W,43,43,NA,0
YDL108W,8,7,0,0
YDL107W,15,12,0,0
YDL105W,6,6,0,0
YDL102W,36,36,0,0
YDL099W,42,41,0,0
YDL095W,200,195,0,0
YDL093W,25,22,0,0
YDL092W,53,46,0,0
YDL089W,13,11,2,0
YDL086W,135,124,NA,0
YDL085W,0,0,0,0
YDL084W,355,333,5,0
YDL082W,678,609,0,0
YDL075W,638,536,2,0
YDL073W,4,4,0,0
YDL070W,37,36,0,0
YDL068W,0,0,0,0
YDL066W,191,179,0,0
YDL064W,54,48,0,0
YDL060W,60,60,0,NA
YDL058W,16,16,0,0
YDL057W,20,18,0,0
YDL056W,27,27,NA,0
YDL051W,104,98,0,0
YDL046W,97,81,0,0
YDL045W-A,45,29,0,0
YDL041W,0,0,0,0
YDL032W,0,0,0,0
YDL031W,75,75,0,0
YDL030W,8,8,0,0
YDL029W,137,127,0,0
YDL025W-A,0,0,0,0
YDL022W,502,483,4,0
YDL021W,25,23,0,0
YDL017W,13,13,NA,0
YDL014W,422,389,10,0
YDL013W,21,20,0,0
YDL010W,40,36,0,0
YDL008W,21,18,0,1
YDL007W,152,133,0,0
YDL006W,8,7,1,0
YDL004W,159,143,0,0
YDL003W,37,37,NA,0
YDL001W,16,16,0,0
YDR002W,330,301,1,1
YDR003W-A,0,0,0,0
YDR004W,8,8,NA,0
YDR007W,2,2,0,0
YDR009W,4,3,0,0
YDR011W,70,66,2,0
YDR012W,1780,1704,0,0
YDR013W,15,14,0,0
YDR014W,7,7,0,0
YDR014W-A,2,2,NA,0
YDR021W,16,16,0,0
YDR023W,422,404,0,0
YDR024W,1,0,NA,NA
YDR025W,883,822,NA,0
YDR031W,18,16,0,0
YDR033W,846,769,30,0
YDR034W-B,16,10,0,0
YDR035W,233,219,0,0
YDR037W,663,641,0,0
YDR041W,49,46,0,0
YDR044W,47,44,0,0
YDR047W,44,40,0,0
YDR049W,35,35,0,0
YDR055W,421,409,0,1
YDR057W,17,17,0,0
YDR060W,98,97,0,0
YDR061W,34,33,0,0
YDR062W,98,95,1,1
YDR063W,34,29,2,0
YDR064W,878,765,0,0
YDR065W,5,5,0,0
YDR068W,26,24,0,NA
YDR073W,12,11,1,NA
YDR074W,172,164,1,NA
YDR075W,10,10,0,0
YDR076W,13,3,0,9
YDR077W,4890,4658,3,7
YDR079W,24,21,0,0
YDR080W,21,21,0,NA
YDR082W,2,0,0,0
YDR083W,62,60,0,0
YDR089W,26,26,0,0
YDR092W,84,75,0,0
YDR093W,50,46,0,NA
YDR096W,39,39,NA,0
YDR099W,444,406,6,0
YDR100W,21,19,0,0
YDR103W,24,24,NA,0
YDR106W,1,1,NA,0
YDR108W,13,13,0,0
YDR110W,18,17,0,0
YDR115W,47,39,0,0
YDR118W,13,13,0,NA
YDR119W,57,52,0,0
YDR119W-A,15,10,0,0
YDR121W,28,13,1,0
YDR122W,41,41,NA,0
YDR124W,0,0,0,0
YDR126W,11,10,0,NA
YDR127W,520,507,0,0
YDR128W,11,10,NA,0
YDR137W,17,17,0,0
YDR138W,21,19,0,0
YDR140W,17,13,0,0
YDR145W,122,121,0,0
YDR147W,11,10,0,0
YDR150W,60,59,0,1
YDR152W,34,27,0,0
YDR158W,639,621,0,2
YDR159W,18,16,1,NA
YDR160W,0,0,0,0
YDR161W,56,54,0,0
YDR163W,32,29,NA,0
YDR165W,54,49,0,0
YDR167W,26,24,0,0
YDR168W,119,113,0,0
YDR171W,86,79,3,0
YDR172W,346,337,0,0
YDR174W,142,130,0,0
YDR176W,40,39,0,0
YDR177W,123,106,3,1
YDR178W,93,78,3,0
YDR179W-A,10,9,1,0
YDR180W,22,22,0,NA
YDR182W,50,48,0,0
YDR183W,12,11,1,0
YDR188W,172,167,0,0
YDR189W,57,57,0,0
YDR191W,14,11,0,0
YDR195W,40,40,0,0
YDR197W,12,11,0,0
YDR201W,8,8,NA,0
YDR204W,12,11,0,0
YDR205W,22,20,0,0
YDR206W,23,20,2,NA
YDR208W,46,44,0,0
YDR210W,93,73,0,0
YDR211W,76,70,0,0
YDR212W,168,158,0,0
YDR213W,10,10,0,0
YDR214W,293,266,2,0
YDR216W,51,51,NA,0
YDR221W,24,24,0,0
YDR222W,12,11,0,0
YDR223W,1,1,0,NA
YDR225W,351,277,7,0
YDR226W,421,375,0,0
YDR227W,24,22,0,0
YDR229W,32,29,0,0
YDR232W,121,110,0,0
YDR234W,89,84,0,0
YDR235W,8,8,NA,0
YDR237W,58,52,0,0
YDR241W,0,0,0,0
YDR242W,4,4,0,0
YDR244W,39,38,0,1
YDR245W,59,52,0,1
YDR246W,20,18,0,0
YDR247W,4,4,0,0
YDR251W,45,43,1,NA
YDR252W,8,5,0,0
YDR254W,6,5,0,0
YDR262W,33,31,0,0
YDR265W,4,3,0,0
YDR268W,19,16,0,0
YDR270W,6,6,NA,0
YDR272W,78,69,0,0
YDR273W,1,1,0,NA
YDR275W,6,6,0,0
YDR279W,13,12,1,0
YDR280W,31,30,0,0
YDR285W,2,2,NA,0
YDR287W,14,12,0,0
YDR288W,6,5,NA,0
YDR291W,11,11,NA,0
YDR296W,89,77,0,0
YDR297W,54,51,0,0
YDR299W,52,49,0,0
YDR301W,20,18,0,0
YDR302W,28,21,0,0
YDR307W,39,37,0,0
YDR311W,22,21,0,0
YDR312W,50,43,0,0
YDR316W,41,38,0,0
YDR317W,7,7,0,0
YDR318W,7,6,0,0
YDR320W-B,0,0,0,0
YDR321W,183,171,0,0
YDR322W,66,61,0,0
YDR325W,14,14,NA,0
YDR330W,35,34,0,0
YDR331W,38,31,0,0
YDR332W,4,3,0,0
YDR334W,6,6,0,0
YDR335W,49,49,NA,0
YDR336W,2,2,NA,0
YDR337W,58,54,0,0
YDR347W,59,53,3,0
YDR351W,51,49,NA,NA
YDR352W,37,35,0,0
YDR353W,324,308,1,0
YDR354W,62,57,0,0
YDR356W,31,30,1,0
YDR358W,42,41,0,0
YDR363W,4,4,0,0
YDR363W-A,67,49,0,0
YDR367W,25,23,0,0
YDR368W,141,126,1,2
YDR371W,11,11,0,0
YDR374W-A,4,2,0,0
YDR376W,22,22,0,0
YDR377W,111,85,1,0
YDR379W,26,26,0,0
YDR380W,39,34,2,0
YDR381W,279,272,0,0
YDR382W,537,457,5,0
YDR385W,2790,2697,0,0
YDR386W,13,13,0,0
YDR388W,181,164,1,0
YDR389W,38,37,NA,0
YDR392W,10,10,0,0
YDR393W,20,20,0,0
YDR394W,108,96,1,0
YDR395W,128,124,1,0
YDR396W,0,0,0,0
YDR398W,58,55,0,0
YDR399W,59,50,0,0
YDR401W,0,0,0,0
YDR403W,2,2,NA,0
YDR405W,48,45,0,0
YDR406W,5,5,NA,NA
YDR409W,21,20,NA,0
YDR412W,35,32,0,0
YDR416W,23,22,0,0
YDR418W,703,584,2,0
YDR419W,13,12,0,0
YDR420W,80,79,NA,0
YDR421W,13,12,0,0
YDR425W,7,7,NA,0
YDR427W,129,122,0,0
YDR434W,55,51,1,0
YDR436W,24,23,0,0
YDR438W,0,0,0,0
YDR439W,9,9,0,0
YDR440W,15,15,0,0
YDR442W,0,0,0,0
YDR444W,7,7,0,0
YDR446W,4,4,NA,NA
YDR448W,23,20,0,0
YDR450W,698,633,0,1
YDR452W,57,51,1,0
YDR456W,29,24,0,0
YDR457W,61,60,0,0
YDR460W,21,19,0,0
YDR461W,0,0,0,0
YDR462W,63,55,0,0
YDR463W,56,55,0,0
YDR464W,19,19,0,NA
YDR466W,20,18,0,0
YDR469W,23,22,0,0
YDR471W,319,287,0,1
YDR472W,26,23,0,0
YDR477W,89,85,0,0
YDR478W,15,15,0,0
YDR483W,155,152,0,1
YDR484W,24,23,0,0
YDR489W,13,13,0,0
YDR492W,41,34,0,0
YDR493W,30,23,0,0
YDR494W,63,60,0,0
YDR499W,6,6,0,NA
YDR501W,8,8,0,0
YDR510W,133,114,0,0
YDR511W,32,25,NA,0
YDR513W,87,81,0,0
YDR515W,37,37,0,0
YDR517W,53,47,0,0
YDR518W,64,63,0,0
YDR519W,69,66,0,0
YDR525W-A,57,45,0,0
YDR527W,24,22,0,0
YDR528W,9,9,0,0
YDR531W,36,32,2,0
YDR536W,0,0,0,0
YDR538W,14,13,0,0
YDR539W,49,44,0,0
YEL073C,6,5,0,0
YEL068C,3,3,0,0
YEL064C,7,6,0,0
YEL063C,10,7,2,0
YEL061C,15,14,0,NA
YEL060C,442,426,4,0
YEL059C-A,13,13,0,0
YEL057C,0,0,0,0
YEL055C,87,85,0,0
YEL054C,656,558,0,0
YEL053C,12,12,0,0
YEL050C,74,72,1,0
YEL048C,2,2,NA,0
YEL047C,99,86,0,NA
YEL046C,285,252,NA,4
YEL039C,48,44,0,0
YEL037C,128,118,4,0
YEL036C,69,64,2,0
YEL034C-A,0,0,0,0
YEL029C,12,9,0,0
YEL025C,6,5,NA,0
YEL023C,0,0,0,0
YEL017C-A,116,67,1,2
YEL016C,6,6,0,0
YEL009C-A,0,0,0,0
YEL009C,122,50,71,0
YEL008C-A,1,0,NA,1
YEL005C,4,4,0,0
YEL002C,128,116,0,0
YEL001C,84,66,0,0
YER003C,270,248,0,0
YER007C-A,112,103,0,0
YER008C,48,46,0,0
YER010C,22,22,0,0
YER017C,74,74,NA,0
YER018C,14,12,1,0
YER019C-A,91,77,1,0
YER023C-A,0,0,0,0
YER026C,202,185,0,0
YER027C,79,76,0,1
YER028C,8,8,0,0
YER029C,19,14,0,0
YER031C,108,97,1,0
YER033C,13,13,NA,0
YER036C,203,192,0,0
YER038C,3,3,0,0
YER039C,0,0,0,0
YER043C,1554,1460,0,1
YER044C,116,94,0,1
YER044C-A,1,1,NA,NA
YER045C,25,24,1,0
YER047C,16,16,NA,0
YER048C,93,88,0,0
YER050C,53,46,0,0
YER052C,182,173,1,0
YER053C,62,54,2,0
YER053C-A,64,22,0,0
YER054C,2,2,NA,0
YER055C,119,109,0,0
YER056C,161,152,1,0
YER056C-A,568,442,0,0
YER057C,130,95,3,0
YER061C,12,11,0,0
YER062C,175,163,0,0
YER064C,70,65,1,0
YER065C,2,1,1,0
YER071C,30,24,0,0
YER075C,12,12,0,0
YER076C,1,1,0,0
YER077C,35,35,NA,0
YER078C,27,24,2,0
YER082C,51,48,0,0
YER083C,63,60,0,0
YER085C,0,0,0,0
YER087C-B,76,49,1,2
YER088C,54,53,0,0
YER088C-A,5,5,NA,0
YER089C,58,49,5,NA
YER091C,1051,1000,1,0
YER093C,14,14,NA,0
YER093C-A,15,12,0,0
YER094C,84,78,0,0
YER099C,55,52,0,0
YER101C,24,22,0,0
YER105C,41,40,0,0
YER107C,36,30,0,0
YER109C,5,5,NA,NA
YER110C,137,133,0,0
YER111C,26,25,0,NA
YER113C,19,19,0,0
YER114C,73,72,NA,0
YER115C,2,0,1,0
YER116C,8,8,NA,0
YER118C,55,49,2,0
YER119C,34,32,0,1
YER122C,119,118,0,0
YER124C,97,97,0,0
YER126C,82,73,0,0
YER130C,28,27,0,0
YER132C,10,10,NA,0
YER134C,38,35,0,0
YER137C,5,5,0,0
YER139C,15,14,0,0
YER142C,9,9,0,0
YER144C,25,24,0,0
YER145C,75,73,0,0
YER147C,11,11,0,NA
YER149C,20,18,0,0
YER151C,85,83,0,0
YER152C,42,41,0,0
YER155C,55,55,NA,0
YER156C,133,127,0,0
YER158C,11,11,NA,0
YER159C,73,52,10,0
YER161C,12,12,0,0
YER162C,13,12,0,0
YER163C,18,17,0,0
YER168C,45,44,NA,0
YER172C,34,34,0,0
YER174C,24,21,NA,0
YER175C,32,32,0,0
YER180C,0,0,0,0
YER180C-A,7,6,0,0
YER181C,0,0,0,0
YER183C,19,19,NA,0
YER184C,3,3,NA,0
YER186C,0,0,0,0
YER188C-A,0,0,0,0
YEL072W,0,0,0,0
YEL071W,340,324,0,0
YEL070W,4,4,NA,0
YEL066W,49,48,NA,0
YEL065W,9,9,0,0
YEL062W,13,12,0,0
YEL058W,163,154,0,0
YEL056W,33,30,0,NA
YEL052W,34,33,0,0
YEL051W,175,160,0,0
YEL049W,0,0,0,0
YEL044W,33,32,NA,0
YEL043W,21,20,0,0
YEL042W,100,96,0,0
YEL041W,2,1,1,NA
YEL040W,209,206,0,0
YEL038W,39,37,0,0
YEL034W,1378,1188,24,3
YEL033W,3,1,NA,NA
YEL032W,35,35,0,0
YEL031W,186,177,0,0
YEL030W,2,2,NA,0
YEL028W,0,0,0,0
YEL027W,498,443,2,0
YEL026W,176,133,1,0
YEL024W,164,140,3,0
YEL022W,38,38,NA,0
YEL021W,370,328,0,0
YEL020W-A,81,62,0,0
YEL018W,9,7,NA,0
YEL017W,34,32,0,0
YEL015W,56,54,1,0
YEL013W,91,84,7,0
YEL012W,18,17,0,0
YEL011W,24,23,0,0
YEL008W,0,0,0,0
YEL007W,40,39,NA,0
YEL006W,12,12,0,0
YEL004W,17,16,0,0
YEL003W,45,40,NA,0
YER001W,102,97,0,0
YER002W,84,76,0,0
YER004W,90,84,0,0
YER005W,7,7,0,0
YER006W,178,168,0,0
YER007W,4,4,0,0
YER009W,297,259,0,1
YER011W,15,15,0,0
YER012W,90,75,0,0
YER013W,19,19,NA,0
YER014W,27,22,1,0
YER015W,9,9,NA,0
YER016W,26,26,NA,0
YER019W,31,29,NA,0
YER020W,32,32,0,0
YER021W,138,134,0,0
YER022W,26,25,0,0
YER023W,265,232,0,0
YER024W,10,10,NA,0
YER025W,330,324,0,0
YER030W,73,68,0,0
YER032W,36,33,0,0
YER034W,22,21,0,0
YER035W,58,50,0,0
YER037W,7,7,0,0
YER038W-A,0,0,0,0
YER040W,23,23,0,0
YER041W,5,5,0,0
YER042W,44,41,0,0
YER046W,7,6,1,0
YER048W-A,32,24,0,1
YER049W,109,97,0,0
YER051W,6,3,0,NA
YER058W,20,18,0,0
YER059W,28,25,2,0
YER060W,3,3,0,NA
YER060W-A,24,24,NA,0
YER063W,80,74,1,1
YER066W,3,3,0,0
YER067W,33,28,1,0
YER068W,69,67,1,0
YER069W,346,344,2,0
YER070W,199,195,0,0
YER072W,105,80,0,0
YER073W,97,90,1,0
YER074W,819,714,0,2
YER074W-A,32,26,0,0
YER076W-A,0,0,0,0
YER079W,16,14,1,0
YER080W,95,88,0,0
YER081W,91,91,0,0
YER084W,1,0,NA,0
YER086W,166,150,0,0
YER087W,21,21,0,0
YER088W-B,0,0,0,0
YER090W,186,180,0,0
YER092W,21,17,0,0
YER095W,70,70,NA,0
YER096W,3,3,NA,0
YER098W,5,5,NA,0
YER100W,81,78,1,0
YER102W,1127,1063,0,0
YER103W,36,34,0,0
YER104W,13,12,0,0
YER106W,1,0,NA,1
YER112W,65,49,0,0
YER117W,762,677,0,1
YER120W,214,203,0,0
YER121W,2,2,NA,0
YER123W,32,31,0,0
YER125W,151,148,NA,1
YER127W,33,30,0,0
YER128W,20,18,NA,0
YER129W,13,13,NA,0
YER131W,350,292,0,0
YER133W,181,167,4,0
YER136W,143,135,1,0
YER138W-A,4,1,NA,3
YER140W,22,22,NA,0
YER141W,128,124,0,0
YER143W,55,55,0,0
YER146W,53,41,0,0
YER148W,60,48,7,0
YER150W,12,11,0,0
YER154W,57,53,0,0
YER157W,22,20,0,0
YER158W-A,0,0,0,0
YER164W,58,58,NA,0
YER165W,763,742,2,0
YER166W,63,61,NA,0
YER167W,32,28,1,0
YER169W,24,24,0,0
YER170W,13,10,0,0
YER171W,26,24,0,0
YER173W,8,8,0,NA
YER175W-A,0,0,0,0
YER176W,23,23,0,0
YER177W,863,791,0,0
YER178W,380,351,0,1
YER179W,3,3,NA,0
YER182W,53,48,0,0
YER187W,2,0,2,0
YER188W,5,5,0,0
YFL057C,1,1,0,0
YFL054C,8,8,NA,0
YFL050C,1,1,0,0
YFL048C,85,83,0,0
YFL045C,455,397,3,0
YFL044C,22,20,0,0
YFL042C,16,16,0,0
YFL039C,1693,1573,33,0
YFL038C,193,170,0,1
YFL034C-B,46,42,0,0
YFL034C-A,64,49,0,0
YFL033C,31,30,NA,0
YFL029C,10,9,NA,0
YFL028C,45,39,0,0
YFL027C,11,11,0,0
YFL025C,21,19,0,0
YFL024C,23,22,NA,0
YFL022C,329,320,0,0
YFL021C-A,0,0,0,0
YFL020C,0,0,0,0
YFL018C,295,274,0,0
YFL017C,40,38,0,0
YFL016C,105,100,1,0
YFL013C,52,48,0,1
YFL010C,291,266,0,0
YFL003C,1,1,NA,0
YFL002C,33,31,0,0
YFR003C,41,38,0,0
YFR005C,7,7,0,0
YFR011C,48,45,0,0
YFR014C,19,19,0,0
YFR015C,32,31,0,0
YFR016C,76,75,NA,0
YFR017C,16,11,0,0
YFR018C,16,15,0,0
YFR024C-A,74,72,0,0
YFR025C,28,27,0,0
YFR026C,1,1,0,0
YFR028C,37,33,0,0
YFR031C,18,18,NA,0
YFR031C-A,1240,1137,0,1
YFR032C-A,501,380,0,0
YFR033C,109,82,5,0
YFR034C,37,37,0,NA
YFR037C,93,90,0,0
YFR039C,27,26,1,0
YFR041C,30,30,NA,0
YFR043C,17,16,0,0
YFR044C,261,245,0,0
YFR046C,2,2,NA,0
YFR047C,78,66,0,0
YFR050C,121,105,1,0
YFR051C,124,118,0,0
YFR053C,451,423,7,NA
YFR054C,0,0,0,0
YFL055W,1,1,NA,0
YFL053W,1,1,NA,0
YFL052W,6,6,0,0
YFL049W,22,22,0,0
YFL047W,23,22,0,0
YFL046W,24,21,0,0
YFL041W-A,0,0,0,0
YFL041W,42,39,0,0
YFL037W,222,215,0,0
YFL036W,69,69,NA,0
YFL034W,14,13,0,NA
YFL031W,38,38,NA,0
YFL030W,8,7,NA,0
YFL026W,0,0,0,0
YFL023W,40,40,0,0
YFL021W,93,92,NA,0
YFL017W-A,27,21,0,0
YFL014W,496,362,7,1
YFL012W-A,1,0,NA,1
YFL012W,1,1,0,0
YFL011W,1,1,0,NA
YFL010W-A,0,0,0,0
YFL009W,32,27,2,0
YFL008W,44,44,0,NA
YFL007W,46,45,1,0
YFL005W,112,100,2,0
YFL004W,88,84,0,0
YFL001W,15,15,NA,0
YFR001W,48,43,0,0
YFR002W,80,77,0,0
YFR004W,96,87,0,0
YFR006W,74,74,NA,0
YFR007W,8,8,0,0
YFR008W,23,23,0,0
YFR009W,105,102,0,0
YFR010W,122,118,0,0
YFR010W-A,0,0,0,0
YFR013W,32,32,0,0
YFR019W,38,37,NA,0
YFR020W,0,0,0,0
YFR021W,21,21,0,0
YFR022W,9,6,1,0
YFR023W,7,7,NA,0
YFR027W,4,4,0,0
YFR029W,11,10,0,0
YFR030W,21,18,1,0
YFR034W-A,9,3,NA,6
YFR038W,18,18,NA,0
YFR040W,33,33,NA,NA
YFR042W,25,20,0,2
YFR045W,19,18,0,NA
YFR048W,17,17,0,0
YFR049W,36,27,4,0
YFR052W,105,102,0,0
YFR055W,28,22,0,0
YGL257C,8,7,0,0
YGL252C,51,50,0,0
YGL251C,2,2,NA,0
YGL246C,25,25,0,0
YGL242C,51,49,0,0
YGL237C,17,15,1,0
YGL236C,38,37,0,0
YGL231C,81,79,0,0
YGL230C,1,1,0,0
YGL229C,4,4,0,0
YGL226C-A,60,44,0,0
YGL224C,23,19,0,0
YGL223C,14,14,NA,0
YGL222C,44,41,1,0
YGL221C,99,95,0,0
YGL219C,50,49,0,0
YGL213C,45,43,0,0
YGL206C,299,292,4,NA
YGL204C,11,6,0,1
YGL203C,55,51,0,0
YGL201C,41,39,0,0
YGL200C,130,116,0,1
YGL199C,0,0,0,0
YGL194C-A,11,7,3,0
YGL194C,12,11,0,NA
YGL193C,0,0,0,0
YGL190C,30,30,0,0
YGL189C,796,592,0,1
YGL187C,127,111,1,0
YGL186C,47,43,0,0
YGL185C,17,17,0,0
YGL184C,8,8,NA,0
YGL182C,1,1,0,NA
YGL179C,2,2,0,NA
YGL176C,6,5,0,0
YGL175C,2,2,0,NA
YGL173C,170,166,NA,0
YGL167C,95,82,7,0
YGL165C,0,0,0,0
YGL164C,25,24,0,NA
YGL163C,25,23,0,1
YGL161C,51,45,0,0
YGL154C,3,2,0,0
YGL152C,0,0,0,0
YGL150C,31,30,0,NA
YGL147C,799,707,0,0
YGL146C,2,2,0,NA
YGL144C,3,3,0,0
YGL143C,19,19,0,0
YGL142C,10,10,0,0
YGL140C,30,30,NA,0
YGL136C,5,4,0,0
YGL131C,14,14,0,NA
YGL129C,56,48,0,0
YGL128C,7,7,NA,0
YGL127C,19,17,0,0
YGL124C,10,10,NA,0
YGL122C,229,227,0,0
YGL121C,18,17,0,0
YGL120C,87,81,0,0
YGL112C,32,30,0,0
YGL110C,19,19,0,0
YGL108C,13,12,0,0
YGL107C,53,51,0,0
YGL104C,11,11,NA,0
YGL095C,24,23,0,0
YGL094C,13,9,3,0
YGL091C,37,36,0,0
YGL089C,3,1,1,NA
YGL087C,95,83,2,0
YGL084C,43,42,0,0
YGL078C,140,128,1,0
YGL077C,115,104,4,0
YGL076C,1320,1213,0,1
YGL075C,5,4,0,0
YGL072C,1,0,NA,0
YGL070C,42,38,0,1
YGL065C,45,39,0,0
YGL064C,20,20,0,NA
YGL063C-A,0,0,0,0
YGL061C,21,21,0,0
YGL057C,13,12,NA,0
YGL056C,71,66,0,0
YGL054C,110,99,1,0
YGL049C,178,173,2,0
YGL048C,127,115,0,0
YGL044C,44,42,1,0
YGL040C,86,84,0,1
YGL038C,31,28,0,0
YGL037C,340,303,1,0
YGL035C,44,44,0,NA
YGL032C,1,1,0,0
YGL031C,846,766,0,2
YGL028C,93,86,0,0
YGL027C,72,71,0,0
YGL026C,477,466,0,0
YGL025C,33,32,NA,0
YGL023C,35,32,NA,0
YGL020C,27,25,0,0
YGL018C,21,16,1,1
YGL015C,0,0,0,0
YGL013C,24,24,NA,0
YGL011C,85,77,1,0
YGL009C,717,691,2,0
YGL008C,3325,3220,24,5
YGL007C-A,2,0,0,2
YGL005C,11,9,0,0
YGL004C,12,11,NA,0
YGL003C,10,10,0,0
YGL001C,134,128,0,0
YGR001C,63,52,0,0
YGR002C,31,28,0,0
YGR005C,60,59,0,0
YGR008C,58,37,3,0
YGR009C,73,68,1,0
YGR015C,2,2,NA,0
YGR018C,0,0,0,0
YGR020C,113,93,1,0
YGR024C,19,17,1,NA
YGR027C,579,428,0,1
YGR030C,24,18,0,0
YGR033C,27,23,1,0
YGR035C,1,1,0,0
YGR036C,14,12,0,0
YGR037C,239,187,1,0
YGR043C,13,13,NA,0
YGR044C,66,66,NA,0
YGR045C,0,0,0,0
YGR047C,39,37,NA,0
YGR050C,1,1,NA,0
YGR053C,5,5,0,0
YGR057C,6,4,1,0
YGR061C,201,192,NA,1
YGR062C,7,7,NA,0
YGR063C,42,41,0,0
YGR065C,31,29,1,0
YGR067C,4,4,NA,0
YGR068C,25,24,0,0
YGR071C,10,10,0,NA
YGR073C,0,0,0,0
YGR075C,9,9,0,NA
YGR076C,63,56,0,0
YGR077C,14,14,0,0
YGR078C,69,67,0,0
YGR081C,38,34,NA,0
YGR083C,106,105,0,NA
YGR084C,101,100,NA,0
YGR085C,932,809,0,0
YGR086C,602,536,6,0
YGR087C,16,16,0,0
YGR095C,36,28,0,0
YGR098C,17,17,NA,0
YGR102C,20,14,0,0
YGR104C,18,17,0,0
YGR106C,129,99,1,1
YGR109C,18,17,1,0
YGR117C,24,23,0,0
YGR119C,91,87,1,0
YGR120C,23,23,0,0
YGR121C,13,13,0,0
YGR122C-A,3,1,0,0
YGR123C,75,75,0,0
YGR128C,46,44,0,0
YGR130C,189,180,0,0
YGR132C,118,106,0,0
YGR138C,95,95,0,0
YGR146C,27,20,5,0
YGR146C-A,2,1,0,1
YGR147C,23,21,0,0
YGR148C,779,704,1,0
YGR150C,13,13,0,0
YGR154C,1,1,0,0
YGR158C,39,32,0,0
YGR159C,332,319,0,0
YGR161C,93,86,1,0
YGR168C,7,5,2,0
YGR169C,10,8,0,0
YGR169C-A,51,39,0,0
YGR171C,14,13,0,0
YGR172C,61,58,0,0
YGR174C,45,44,NA,0
YGR175C,458,449,1,0
YGR177C,22,20,0,0
YGR178C,196,190,1,0
YGR179C,10,10,0,0
YGR180C,453,434,1,0
YGR182C,0,0,0,0
YGR183C,93,72,0,0
YGR184C,46,45,NA,0
YGR185C,283,267,0,0
YGR187C,72,68,0,0
YGR188C,3,2,0,NA
YGR189C,569,535,2,0
YGR192C,6504,6002,25,0
YGR193C,95,92,0,0
YGR194C,17,16,NA,0
YGR196C,36,36,0,NA
YGR197C,13,13,0,0
YGR200C,54,53,0,0
YGR201C,5,4,NA,0
YGR202C,74,66,0,0
YGR204C-A,0,0,0,0
YGR207C,74,69,0,0
YGR209C,169,135,2,0
YGR210C,46,42,1,0
YGR213C,0,0,0,0
YGR216C,12,12,0,0
YGR220C,46,44,0,0
YGR221C,2,2,0,0
YGR223C,11,11,NA,0
YGR229C,111,97,4,NA
YGR231C,106,100,0,1
YGR233C,21,21,NA,0
YGR235C,67,62,0,0
YGR236C,0,0,0,0
YGR237C,22,21,0,0
YGR238C,14,14,NA,0
YGR239C,18,17,0,0
YGR240C,868,836,10,0
YGR241C,54,53,0,0
YGR244C,163,148,3,0
YGR245C,48,44,0,0
YGR246C,46,45,0,0
YGR250C,65,63,0,0
YGR253C,116,109,0,0
YGR255C,36,31,2,0
YGR257C,7,7,0,0
YGR258C,21,21,0,0
YGR259C,0,0,0,0
YGR261C,46,45,0,0
YGR262C,19,19,0,0
YGR263C,17,16,0,0
YGR264C,214,205,0,0
YGR267C,74,68,4,0
YGR268C,25,20,0,3
YGR271C-A,30,28,NA,0
YGR274C,23,23,0,0
YGR276C,45,42,0,NA
YGR277C,22,22,0,0
YGR279C,598,520,2,1
YGR280C,45,40,0,0
YGR282C,847,785,2,3
YGR283C,14,14,0,0
YGR284C,97,90,1,0
YGR285C,534,507,0,0
YGR286C,17,17,0,0
YGR287C,9,9,0,0
YGR289C,2,1,1,0
YGL263W,0,0,0,0
YGL258W,31,30,0,0
YGL256W,1050,976,17,1
YGL255W,876,782,8,3
YGL254W,9,8,0,0
YGL253W,766,729,0,1
YGL250W,7,7,NA,0
YGL248W,18,17,0,0
YGL247W,0,0,0,0
YGL245W,713,690,0,0
YGL244W,83,82,1,NA
YGL243W,13,13,NA,0
YGL241W,39,37,0,1
YGL240W,5,5,NA,0
YGL238W,86,85,NA,0
YGL234W,211,206,0,0
YGL233W,13,13,0,0
YGL232W,24,23,0,0
YGL228W,72,70,0,0
YGL227W,22,22,0,0
YGL226W,15,15,NA,0
YGL225W,164,148,0,0
YGL220W,43,39,NA,0
YGL218W,0,0,0,0
YGL216W,14,13,1,0
YGL215W,31,28,2,0
YGL212W,12,11,0,0
YGL211W,13,13,0,0
YGL210W,31,29,0,0
YGL209W,40,34,0,0
YGL208W,18,18,0,0
YGL207W,198,196,0,NA
YGL205W,1,1,NA,0
YGL202W,349,334,2,0
YGL198W,53,51,0,0
YGL197W,32,30,NA,0
YGL196W,28,27,0,0
YGL195W,196,195,NA,0
YGL192W,0,0,0,0
YGL191W,248,229,0,0
YGL181W,52,50,0,0
YGL180W,15,15,0,0
YGL178W,35,35,NA,0
YGL174W,12,9,0,0
YGL172W,67,65,0,0
YGL171W,58,56,0,0
YGL169W,26,23,0,0
YGL166W,13,12,0,0
YGL162W,11,7,0,1
YGL160W,19,17,1,0
YGL159W,20,19,0,0
YGL158W,0,0,0,0
YGL157W,151,142,0,0
YGL156W,43,43,NA,0
YGL155W,10,8,0,0
YGL153W,28,25,0,0
YGL151W,35,32,0,0
YGL148W,238,230,0,0
YGL145W,30,29,0,0
YGL141W,14,14,0,0
YGL139W,29,26,2,0
YGL137W,247,239,0,0
YGL135W,1206,1119,7,0
YGL134W,7,6,1,0
YGL133W,15,14,1,NA
YGL130W,38,37,0,0
YGL125W,147,133,6,NA
YGL123W,1216,1106,24,0
YGL119W,25,23,0,0
YGL117W,38,38,0,0
YGL116W,38,35,1,0
YGL115W,46,39,3,0
YGL114W,21,19,1,0
YGL113W,6,6,0,0
YGL111W,51,50,0,0
YGL109W,0,0,0,0
YGL106W,99,85,0,0
YGL105W,504,480,0,0
YGL103W,1000,865,0,1
YGL101W,25,22,0,0
YGL100W,57,53,0,0
YGL099W,68,66,0,0
YGL098W,17,16,0,0
YGL097W,87,82,0,0
YGL096W,11,11,NA,0
YGL093W,22,20,NA,0
YGL092W,93,92,NA,0
YGL090W,2,1,1,0
YGL088W,0,0,0,0
YGL086W,33,33,NA,0
YGL085W,5,3,0,0
YGL083W,14,14,0,0
YGL082W,39,38,0,0
YGL081W,6,5,0,0
YGL080W,37,33,0,0
YGL079W,12,12,0,0
YGL073W,20,20,0,0
YGL071W,13,13,0,0
YGL068W,135,125,0,0
YGL067W,30,30,0,0
YGL066W,39,38,1,0
YGL063W,2,1,0,0
YGL062W,76,74,0,0
YGL060W,24,22,1,0
YGL059W,12,11,0,0
YGL058W,55,48,0,0
YGL055W,473,428,0,0
YGL050W,14,11,0,0
YGL047W,14,14,0,0
YGL045W,10,10,NA,0
YGL043W,71,69,0,0
YGL041W-A,26,26,0,0
YGL039W,27,26,0,0
YGL036W,23,22,0,NA
YGL033W,1,1,NA,0
YGL030W,563,414,7,0
YGL029W,28,20,0,0
YGL022W,133,122,0,0
YGL021W,89,89,NA,0
YGL019W,47,44,0,0
YGL017W,4,4,0,0
YGL016W,26,26,0,0
YGL014W,77,74,NA,0
YGL012W,189,178,0,0
YGL010W,9,7,0,0
YGL007W,0,0,0,0
YGL006W-A,5,1,NA,4
YGL006W,35,35,NA,0
YGL002W,15,13,0,0
YGR003W,17,16,0,0
YGR004W,11,10,0,0
YGR006W,2,2,NA,NA
YGR007W,18,15,0,0
YGR012W,19,19,0,0
YGR013W,28,26,0,0
YGR014W,116,115,NA,0
YGR016W,0,0,0,0
YGR017W,35,30,2,0
YGR019W,93,87,0,0
YGR021W,30,26,0,0
YGR023W,18,17,0,0
YGR026W,95,89,NA,0
YGR028W,42,38,0,0
YGR029W,44,39,NA,0
YGR031W,22,18,1,0
YGR032W,177,174,NA,0
YGR034W,674,566,0,1
YGR038W,51,48,0,0
YGR039W,2,1,NA,0
YGR040W,10,9,0,0
YGR041W,14,12,1,0
YGR042W,9,7,0,0
YGR046W,21,16,0,0
YGR048W,63,54,0,0
YGR049W,111,90,4,0
YGR052W,17,16,NA,0
YGR054W,215,197,4,1
YGR055W,202,192,0,0
YGR056W,45,45,0,0
YGR058W,18,16,0,0
YGR059W,0,0,0,0
YGR060W,438,419,1,0
YGR064W,0,0,0,0
YGR070W,12,11,NA,NA
YGR072W,44,42,0,NA
YGR074W,38,36,0,0
YGR079W,45,45,NA,0
YGR080W,102,102,0,0
YGR082W,156,140,0,0
YGR088W,49,49,0,0
YGR089W,17,16,NA,0
YGR090W,102,98,1,0
YGR091W,7,6,0,0
YGR092W,90,87,0,0
YGR093W,24,21,0,0
YGR094W,607,603,NA,2
YGR096W,3,3,0,0
YGR097W,57,56,NA,0
YGR099W,6,6,NA,0
YGR100W,31,28,0,0
YGR101W,44,44,0,0
YGR103W,188,166,0,0
YGR105W,45,24,0,0
YGR107W,0,0,0,0
YGR108W,44,42,1,0
YGR110W,1,0,0,0
YGR111W,51,50,0,0
YGR112W,24,22,0,0
YGR113W,25,23,0,0
YGR116W,148,146,0,NA
YGR118W,790,624,0,1
YGR121W-A,0,0,0,0
YGR122W,7,7,0,0
YGR124W,324,316,0,0
YGR125W,60,56,0,0
YGR127W,9,9,0,0
YGR129W,15,14,0,0
YGR131W,1,0,NA,0
YGR133W,7,7,NA,0
YGR134W,9,7,0,0
YGR135W,105,94,1,0
YGR137W,80,60,NA,0
YGR139W,1,0,1,NA
YGR140W,15,15,NA,0
YGR141W,15,14,0,0
YGR142W,17,15,2,0
YGR143W,25,24,NA,0
YGR145W,56,52,0,0
YGR149W,38,34,2,0
YGR153W,10,8,NA,0
YGR155W,447,438,0,0
YGR156W,32,31,0,0
YGR157W,211,198,8,0
YGR160W,0,0,0,0
YGR161W-C,12,9,0,0
YGR162W,280,276,NA,0
YGR163W,23,23,0,0
YGR165W,70,65,0,0
YGR166W,12,12,0,0
YGR167W,138,125,0,0
YGR170W,12,11,0,0
YGR173W,84,83,0,0
YGR174W-A,0,0,0,0
YGR181W,58,47,0,0
YGR186W,93,88,0,0
YGR191W,55,49,1,0
YGR195W,44,38,1,0
YGR198W,17,17,0,0
YGR199W,37,35,0,NA
YGR203W,37,28,0,0
YGR204W,299,293,1,0
YGR205W,15,14,0,0
YGR206W,13,12,0,0
YGR208W,50,47,0,0
YGR211W,154,145,0,0
YGR212W,1,1,NA,0
YGR214W,797,730,0,0
YGR215W,55,49,0,0
YGR217W,24,23,0,NA
YGR218W,175,170,2,0
YGR222W,14,12,NA,0
YGR224W,1,1,0,0
YGR225W,3,2,0,0
YGR227W,33,31,0,0
YGR230W,13,11,0,0
YGR232W,51,50,0,0
YGR234W,1317,1209,0,2
YGR243W,10,10,0,0
YGR247W,8,7,0,0
YGR248W,20,15,0,0
YGR249W,2,2,0,0
YGR251W,13,11,0,NA
YGR252W,17,17,0,0
YGR254W,4664,4442,1,2
YGR256W,12,12,NA,0
YGR260W,88,85,NA,0
YGR266W,58,53,0,0
YGR270W,34,34,NA,0
YGR271W,19,19,NA,0
YGR278W,19,19,0,0
YGR281W,34,34,0,0
YGR288W,6,4,2,0
YGR292W,9,9,0,0
YHL047C,1,1,0,0
YHL046C,0,0,0,0
YHL040C,4,4,0,0
YHL038C,23,22,0,0
YHL037C,0,0,0,0
YHL035C,5,5,NA,0
YHL034C,339,321,3,0
YHL033C,1078,991,0,0
YHL032C,10,10,0,0
YHL031C,62,59,0,0
YHL029C,21,21,0,0
YHL026C,4,3,1,0
YHL023C,20,20,0,0
YHL022C,6,5,NA,0
YHL021C,73,71,0,0
YHL020C,32,30,0,0
YHL019C,13,13,0,0
YHL016C,0,0,0,0
YHL014C,13,13,0,0
YHL013C,36,36,0,0
YHL011C,159,139,2,0
YHL010C,16,15,0,0
YHL009C,18,15,0,0
YHL008C,15,10,0,0
YHL007C,57,56,0,0
YHL006C,5,3,NA,2
YHL003C,62,56,1,0
YHL002C-A,0,0,0,0
YHR003C,31,30,0,0
YHR004C,6,6,0,NA
YHR005C,45,41,1,0
YHR005C-A,113,93,1,0
YHR007C,414,402,0,1
YHR007C-A,0,0,0,0
YHR008C,230,209,0,0
YHR009C,51,39,5,0
YHR013C,80,71,0,0
YHR016C,37,35,1,0
YHR018C,299,285,0,0
YHR019C,484,462,0,0
YHR021C,426,339,0,1
YHR022C,2,2,0,0
YHR022C-A,0,0,0,0
YHR024C,42,41,0,0
YHR027C,232,225,0,0
YHR028C,55,54,0,0
YHR029C,54,48,0,0
YHR030C,74,72,0,1
YHR031C,10,10,0,0
YHR032C-A,0,0,0,0
YHR034C,28,28,0,0
YHR039C,120,118,0,0
YHR039C-A,224,173,0,0
YHR041C,22,20,0,0
YHR043C,42,26,2,0
YHR044C,11,10,0,0
YHR046C,18,17,0,0
YHR047C,64,62,0,0
YHR049C-A,0,0,0,0
YHR056C,81,80,0,NA
YHR057C,33,33,0,0
YHR058C,12,11,0,0
YHR061C,12,11,0,0
YHR062C,30,23,0,0
YHR063C,66,58,0,0
YHR064C,499,472,0,0
YHR065C,72,67,0,0
YHR069C,69,66,0,0
YHR071C-A,0,0,0,0
YHR073C-B,0,0,0,0
YHR075C,15,15,0,0
YHR077C,37,37,0,0
YHR079C,10,9,1,0
YHR080C,10,10,0,NA
YHR082C,39,37,NA,0
YHR089C,149,142,0,1
YHR090C,19,16,0,0
YHR091C,12,11,0,0
YHR092C,277,269,0,0
YHR094C,196,186,1,1
YHR096C,15,15,NA,0
YHR097C,42,38,0,NA
YHR098C,87,82,0,0
YHR100C,11,10,0,0
YHR101C,19,17,NA,0
YHR107C,104,99,0,0
YHR112C,36,35,0,0
YHR115C,37,33,1,NA
YHR118C,21,20,0,0
YHR129C,10,8,1,0
YHR130C,0,0,0,0
YHR131C,3,3,0,NA
YHR132C,74,72,0,0
YHR133C,47,45,0,0
YHR135C,95,93,0,0
YHR136C,1,0,NA,1
YHR138C,30,30,0,0
YHR139C,0,0,0,0
YHR141C,746,596,0,1
YHR144C,13,13,0,0
YHR145C,17,15,2,NA
YHR147C,65,58,0,0
YHR149C,41,41,0,0
YHR151C,4,1,1,1
YHR153C,4,4,NA,0
YHR156C,8,8,0,0
YHR158C,36,36,NA,0
YHR161C,31,30,0,0
YHR164C,14,14,NA,0
YHR165C,25,22,2,0
YHR166C,8,8,0,0
YHR173C,1,0,NA,1
YHR180C-B,0,0,0,0
YHR182C-A,0,0,0,0
YHR185C,0,0,0,0
YHR186C,18,18,0,NA
YHR188C,66,59,0,0
YHR191C,7,7,0,0
YHR193C,546,497,1,0
YHR193C-A,0,0,0,0
YHR198C,27,25,NA,0
YHR199C,22,20,0,1
YHR201C,56,54,0,0
YHR203C,1293,1190,1,0
YHR210C,0,0,0,0
YHL048W,76,73,0,0
YHL045W,0,0,0,0
YHL044W,3,3,0,0
YHL043W,0,0,0,0
YHL042W,2,2,NA,0
YHL041W,0,0,0,0
YHL039W,32,31,0,0
YHL036W,1,1,0,0
YHL030W,77,76,NA,0
YHL028W,15,15,0,0
YHL027W,93,91,0,0
YHL025W,19,19,0,0
YHL024W,74,73,NA,0
YHL017W,20,20,0,0
YHL015W,717,633,3,1
YHL012W,2,2,NA,NA
YHL006W-A,0,0,0,0
YHL004W,59,55,1,0
YHL002W,54,51,0,0
YHL001W,620,548,0,3
YHR001W,47,42,0,0
YHR001W-A,96,73,0,0
YHR002W,8,8,0,0
YHR006W,36,33,0,0
YHR010W,767,637,0,0
YHR011W,24,22,0,0
YHR012W,31,29,0,0
YHR015W,21,21,NA,0
YHR017W,21,20,0,0
YHR020W,424,399,3,1
YHR021W-A,0,0,0,0
YHR023W,58,58,NA,0
YHR025W,188,168,0,0
YHR026W,123,106,4,0
YHR028W-A,0,0,0,0
YHR032W,40,40,0,NA
YHR032W-A,0,0,0,0
YHR033W,15,14,0,0
YHR035W,4,4,0,NA
YHR036W,19,18,0,1
YHR037W,126,119,0,0
YHR038W,44,43,0,0
YHR040W,13,13,0,0
YHR042W,112,104,0,0
YHR045W,19,19,0,0
YHR048W,3,3,0,0
YHR049W,124,105,0,0
YHR050W,27,25,0,0
YHR051W,111,102,NA,0
YHR052W,121,117,0,0
YHR056W-A,0,0,0,0
YHR059W,46,39,0,0
YHR060W,38,35,NA,0
YHR066W,71,62,0,0
YHR067W,26,25,0,0
YHR068W,163,143,0,1
YHR070W,27,26,0,0
YHR071W,21,13,6,NA
YHR072W,63,59,0,0
YHR072W-A,86,50,1,0
YHR073W,35,33,NA,0
YHR074W,78,74,0,0
YHR076W,45,42,0,0
YHR078W,10,10,0,0
YHR081W,21,18,0,0
YHR083W,19,17,0,0
YHR084W,26,26,0,0
YHR085W,37,25,0,0
YHR086W,26,24,2,0
YHR087W,124,95,0,0
YHR088W,61,58,0,0
YHR099W,87,86,0,NA
YHR102W,26,26,NA,0
YHR103W,41,38,3,0
YHR104W,139,128,0,0
YHR105W,6,6,0,0
YHR106W,24,24,NA,0
YHR108W,130,125,0,0
YHR109W,12,12,0,0
YHR110W,24,22,0,0
YHR111W,36,34,NA,0
YHR113W,67,65,0,0
YHR114W,47,43,0,NA
YHR116W,21,18,NA,0
YHR117W,36,35,0,0
YHR119W,23,22,NA,0
YHR120W,16,16,NA,0
YHR121W,63,56,1,0
YHR122W,30,26,0,0
YHR123W,48,46,0,0
YHR124W,1,0,NA,0
YHR127W,25,25,0,0
YHR128W,133,120,0,0
YHR132W-A,24,21,0,0
YHR134W,5,5,NA,0
YHR137W,49,46,0,0
YHR140W,5,4,0,0
YHR142W,44,39,0,0
YHR143W,168,156,4,0
YHR143W-A,60,41,0,1
YHR146W,122,120,0,NA
YHR148W,30,28,0,0
YHR150W,10,10,0,0
YHR152W,80,77,0,0
YHR154W,29,29,0,NA
YHR155W,14,13,0,0
YHR157W,1,1,0,0
YHR159W,8,7,1,0
YHR162W,169,128,14,0
YHR163W,71,70,0,0
YHR167W,11,10,0,0
YHR168W,16,15,0,0
YHR169W,42,39,0,0
YHR170W,53,52,0,0
YHR171W,12,12,0,0
YHR172W,11,11,0,0
YHR174W,6570,6272,12,3
YHR176W,3,3,NA,0
YHR177W,4,3,NA,0
YHR178W,5,5,0,0
YHR179W,357,326,0,0
YHR180W,2,2,0,NA
YHR181W,31,31,0,0
YHR182W,9,9,0,0
YHR183W,1142,1087,3,0
YHR184W,11,11,NA,0
YHR187W,22,21,0,0
YHR190W,279,252,0,1
YHR192W,19,17,0,0
YHR194W,5,5,0,0
YHR195W,9,7,0,0
YHR196W,37,35,0,0
YHR197W,41,41,0,0
YHR200W,109,100,0,0
YHR202W,13,11,0,0
YHR204W,10,9,0,0
YHR205W,101,98,2,0
YHR206W,37,35,1,0
YHR208W,567,535,0,0
YHR209W,101,96,1,0
YHR211W,1,1,NA,0
YHR215W,16,16,NA,0
YHR216W,208,201,1,0
YIL169C,34,34,0,NA
YIL166C,1,1,NA,0
YIL165C,0,0,0,0
YIL163C,1,0,NA,1
YIL160C,1,0,NA,0
YIL157C,62,54,NA,0
YIL155C,28,26,0,0
YIL154C,44,39,0,0
YIL151C,20,20,NA,0
YIL150C,11,11,0,0
YIL149C,41,41,NA,0
YIL147C,28,27,NA,0
YIL146C,8,8,0,0
YIL145C,30,27,0,0
YIL143C,21,21,0,NA
YIL139C,6,5,0,0
YIL138C,80,63,0,0
YIL137C,63,61,0,0
YIL135C,51,51,0,0
YIL134C-A,0,0,0,0
YIL133C,438,393,0,0
YIL132C,5,4,NA,0
YIL131C,44,43,0,0
YIL129C,30,30,NA,0
YIL127C,45,40,0,0
YIL119C,34,32,1,NA
YIL117C,64,59,0,0
YIL115C,101,98,NA,0
YIL114C,13,12,0,0
YIL109C,269,261,1,0
YIL107C,35,34,0,0
YIL105C,88,87,0,0
YIL104C,16,14,0,0
YIL102C-A,2,1,0,0
YIL101C,20,20,NA,0
YIL098C,39,32,0,0
YIL096C,17,14,NA,0
YIL094C,146,135,0,0
YIL093C,62,61,0,0
YIL091C,54,54,0,0
YIL088C,39,37,0,1
YIL087C,16,16,0,0
YIL085C,20,18,0,NA
YIL084C,10,10,0,NA
YIL083C,45,38,0,0
YIL079C,17,16,0,0
YIL077C,6,6,0,0
YIL075C,223,219,0,NA
YIL074C,47,47,0,0
YIL073C,4,4,NA,0
YIL071C,3,3,NA,0
YIL070C,149,137,1,0
YIL069C,647,593,1,2
YIL068C,20,17,0,0
YIL067C,9,9,0,0
YIL066C,8,8,NA,0
YIL065C,25,23,0,0
YIL063C,61,59,0,0
YIL062C,137,110,0,0
YIL061C,14,11,0,0
YIL059C,4,0,1,2
YIL057C,0,0,0,0
YIL055C,8,6,NA,0
YIL052C,576,451,2,0
YIL051C,238,185,1,0
YIL047C,23,22,0,NA
YIL044C,33,32,0,1
YIL043C,114,105,0,0
YIL042C,9,8,0,0
YIL038C,100,93,0,0
YIL037C,0,0,0,0
YIL035C,34,28,0,0
YIL034C,71,69,0,0
YIL033C,160,148,5,0
YIL030C,60,60,NA,0
YIL029C,0,0,0,0
YIL027C,37,32,0,0
YIL026C,27,26,0,0
YIL023C,27,26,0,0
YIL020C,27,23,0,NA
YIL017C,16,14,0,NA
YIL014C-A,9,4,0,1
YIL013C,3,3,NA,0
YIL009C-A,15,12,0,0
YIL007C,22,20,0,0
YIL004C,25,23,0,0
YIL002C,6,5,0,0
YIR001C,31,29,0,1
YIR002C,16,14,1,0
YIR006C,296,291,NA,0
YIR008C,26,23,0,0
YIR011C,30,28,0,0
YIR013C,0,0,0,0
YIR017C,10,10,NA,0
YIR018C-A,1,0,1,NA
YIR019C,0,0,0,0
YIR020C,0,0,0,0
YIR024C,20,19,0,0
YIR026C,33,32,0,0
YIR027C,2,2,NA,0
YIR030C,11,11,0,0
YIR031C,0,0,0,0
YIR032C,6,6,0,0
YIR034C,134,133,0,0
YIR035C,57,53,0,1
YIR036C,44,39,0,0
YIR038C,48,47,0,0
YIR039C,8,8,NA,0
YIR042C,9,6,0,0
YIL162W,39,38,NA,1
YIL161W,20,20,0,0
YIL159W,13,13,NA,0
YIL158W,10,7,0,0
YIL156W-B,29,26,NA,0
YIL156W,13,13,NA,0
YIL153W,16,15,0,0
YIL152W,6,6,0,0
YIL148W,902,706,0,2
YIL144W,26,25,1,0
YIL142W,175,168,0,0
YIL140W,60,60,NA,0
YIL136W,63,61,0,0
YIL134W,10,10,0,0
YIL130W,33,33,0,NA
YIL128W,37,37,NA,NA
YIL126W,60,59,0,0
YIL125W,157,155,NA,0
YIL124W,139,124,0,0
YIL123W,497,481,1,2
YIL122W,8,6,NA,0
YIL121W,22,22,NA,0
YIL120W,0,0,0,0
YIL118W,61,56,1,0
YIL116W,85,82,0,NA
YIL113W,3,2,0,0
YIL112W,43,41,0,NA
YIL111W,39,31,0,0
YIL110W,31,26,0,0
YIL108W,85,81,0,0
YIL106W,71,62,0,0
YIL103W,25,23,0,0
YIL100W,0,0,0,0
YIL099W,4,4,NA,0
YIL097W,9,8,0,0
YIL095W,25,23,0,0
YIL092W,5,5,0,0
YIL090W,26,25,1,0
YIL089W,7,7,0,0
YIL078W,463,455,1,0
YIL076W,106,98,0,0
YIL066W-A,0,0,0,0
YIL064W,30,30,NA,0
YIL056W,25,24,NA,0
YIL054W,0,0,0,0
YIL053W,609,534,1,0
YIL050W,19,16,1,0
YIL049W,11,10,NA,0
YIL048W,33,31,0,0
YIL046W-A,0,0,0,0
YIL046W,22,20,0,0
YIL045W,17,17,0,0
YIL041W,195,181,0,0
YIL040W,15,14,0,0
YIL039W,67,65,0,0
YIL036W,52,52,0,0
YIL031W,7,6,0,NA
YIL028W,0,0,0,0
YIL022W,105,95,2,0
YIL021W,50,49,0,0
YIL019W,27,27,0,0
YIL018W,1373,1288,0,0
YIL016W,24,20,0,0
YIL015W,1,1,NA,0
YIL014W,18,17,1,0
YIL011W,15,13,0,0
YIL010W,29,23,0,0
YIL009W,18,18,0,0
YIL008W,37,25,1,0
YIL006W,3,3,NA,0
YIL005W,52,49,0,1
YIL003W,11,9,0,0
YIL002W-A,28,14,0,0
YIL001W,6,6,0,0
YIR003W,66,64,0,0
YIR004W,68,63,0,0
YIR005W,18,13,0,0
YIR007W,11,11,0,0
YIR009W,13,11,0,0
YIR010W,25,25,0,0
YIR012W,93,87,0,0
YIR014W,3,2,0,0
YIR016W,4,4,0,0
YIR018W,5,5,0,0
YIR021W,20,19,0,0
YIR022W,47,42,NA,0
YIR023W,20,20,NA,0
YIR025W,7,7,0,0
YIR028W,2,2,NA,0
YIR029W,2,2,NA,0
YIR033W,25,25,NA,0
YIR037W,176,151,0,0
YIR041W,0,0,0,0
YJL216C,0,0,0,0
YJL215C,0,0,0,0
YJL212C,27,27,0,0
YJL208C,30,26,0,0
YJL207C,24,24,0,NA
YJL206C,6,6,NA,0
YJL205C,11,7,0,0
YJL204C,24,23,0,0
YJL202C,0,0,0,0
YJL200C,122,119,0,0
YJL199C,1,1,NA,0
YJL196C,56,50,0,0
YJL192C,64,54,0,1
YJL190C,675,573,0,1
YJL187C,11,11,0,0
YJL185C,4,4,NA,0
YJL180C,57,52,0,0
YJL178C,49,46,0,0
YJL176C,59,59,0,0
YJL173C,59,58,0,0
YJL171C,172,159,0,1
YJL170C,0,0,0,0
YJL168C,38,38,0,0
YJL165C,51,49,0,NA
YJL164C,24,23,0,0
YJL163C,8,8,0,0
YJL162C,11,9,0,0
YJL160C,2,2,0,NA
YJL158C,1163,1072,1,0
YJL157C,49,46,NA,0
YJL156C,25,24,NA,0
YJL155C,36,36,0,0
YJL154C,38,37,NA,0
YJL153C,29,27,NA,0
YJL151C,115,97,0,0
YJL147C,3,2,0,0
YJL139C,11,11,0,0
YJL138C,970,951,0,0
YJL137C,23,20,0,0
YJL136C,487,352,5,4
YJL133C-A,60,49,0,0
YJL131C,21,19,0,0
YJL130C,1453,1429,NA,1
YJL129C,17,15,1,NA
YJL128C,51,50,0,0
YJL127C-B,5,3,0,0
YJL127C,10,8,2,0
YJL125C,43,41,0,0
YJL124C,42,36,1,0
YJL123C,103,102,0,NA
YJL121C,118,99,0,0
YJL119C,0,0,0,0
YJL116C,7,7,NA,0
YJL110C,1,1,0,0
YJL109C,66,65,0,0
YJL108C,0,0,0,0
YJL107C,22,21,0,NA
YJL103C,6,6,0,0
YJL101C,17,15,0,0
YJL094C,22,22,0,0
YJL093C,7,7,NA,0
YJL091C,27,26,0,0
YJL090C,6,6,NA,0
YJL087C,40,40,NA,0
YJL084C,31,31,0,0
YJL081C,34,32,0,0
YJL080C,517,506,NA,0
YJL079C,152,138,1,0
YJL078C,112,109,0,0
YJL077C,0,0,0,0
YJL074C,47,46,NA,0
YJL072C,11,9,0,0
YJL070C,12,12,NA,0
YJL069C,54,51,0,0
YJL068C,87,82,0,0
YJL066C,58,55,0,0
YJL065C,21,19,0,1
YJL063C,64,60,0,0
YJL058C,7,7,0,0
YJL057C,10,8,1,0
YJL056C,71,69,NA,0
YJL048C,79,75,0,0
YJL047C-A,0,0,0,0
YJL047C,21,19,0,0
YJL044C,9,8,0,0
YJL039C,67,64,0,0
YJL038C,0,0,0,0
YJL035C,8,8,0,0
YJL031C,13,12,NA,0
YJL029C,28,27,0,0
YJL027C,0,0,0,0
YJL024C,35,22,0,0
YJL023C,12,12,NA,0
YJL020C,236,228,1,0
YJL015C,1,0,NA,1
YJL013C,15,13,NA,0
YJL012C,78,75,0,0
YJL011C,13,9,0,0
YJL010C,77,68,0,0
YJL008C,158,148,0,1
YJL006C,11,11,0,0
YJL004C,13,9,0,0
YJL002C,109,97,0,0
YJR003C,25,25,0,0
YJR004C,17,16,NA,0
YJR009C,4198,3869,6,1
YJR010C-A,10,10,0,0
YJR011C,13,12,0,0
YJR012C,4,3,NA,0
YJR016C,417,400,0,0
YJR017C,46,39,0,0
YJR019C,10,9,0,0
YJR021C,2,2,0,0
YJR025C,144,120,0,0
YJR030C,13,13,0,NA
YJR031C,22,22,0,0
YJR033C,23,22,0,NA
YJR036C,2,2,NA,0
YJR041C,34,32,0,0
YJR043C,25,24,0,0
YJR044C,37,27,1,1
YJR045C,1203,1151,20,0
YJR047C,149,149,0,0
YJR049C,39,36,0,0
YJR056C,22,20,1,0
YJR058C,10,10,0,0
YJR062C,11,10,0,0
YJR065C,166,160,0,0
YJR067C,13,12,NA,0
YJR069C,75,72,0,0
YJR070C,245,221,0,1
YJR072C,109,105,0,0
YJR073C,266,232,0,0
YJR076C,61,58,0,0
YJR077C,340,315,0,0
YJR080C,56,51,0,0
YJR082C,13,9,1,0
YJR083C,19,19,0,0
YJR085C,64,54,1,0
YJR088C,57,54,0,1
YJR090C,47,47,0,0
YJR091C,54,51,0,0
YJR093C,24,20,1,0
YJR094C,0,0,0,0
YJR098C,13,12,NA,0
YJR100C,15,15,0,0
YJR102C,16,12,0,0
YJR104C,647,561,3,2
YJR109C,302,288,1,0
YJR111C,20,19,NA,0
YJR113C,56,46,1,0
YJR118C,34,30,0,0
YJR119C,9,9,NA,0
YJR124C,14,13,0,0
YJR125C,106,102,0,0
YJR126C,18,18,NA,0
YJR127C,13,12,NA,0
YJR129C,5,4,0,0
YJR130C,28,25,0,0
YJR134C,23,21,1,0
YJR135C,4,4,0,NA
YJR136C,12,10,NA,0
YJR137C,43,43,NA,0
YJR139C,434,395,1,0
YJR140C,18,16,NA,2
YJR143C,123,111,3,0
YJR145C,1319,1213,0,0
YJR150C,0,0,0,0
YJR151C,0,0,0,0
YJR156C,10,9,NA,1
YJR161C,102,80,NA,1
YJL218W,9,5,0,0
YJL217W,61,52,0,0
YJL214W,2,2,NA,0
YJL213W,0,0,0,0
YJL210W,9,9,0,0
YJL209W,5,5,0,0
YJL203W,15,13,0,0
YJL201W,19,19,0,0
YJL198W,40,39,0,0
YJL197W,25,25,0,0
YJL194W,14,14,0,0
YJL193W,6,6,NA,0
YJL191W,335,317,0,1
YJL189W,544,359,0,4
YJL186W,89,83,0,0
YJL184W,34,33,0,0
YJL183W,61,56,1,0
YJL181W,8,8,0,0
YJL179W,33,26,0,0
YJL177W,634,570,0,0
YJL175W,0,0,0,0
YJL174W,119,104,3,0
YJL172W,155,150,0,0
YJL167W,609,561,4,0
YJL166W,147,101,2,0
YJL161W,22,20,0,0
YJL159W,3984,3766,20,3
YJL152W,1,0,0,1
YJL150W,2,1,1,NA
YJL149W,24,23,NA,0
YJL148W,62,53,0,0
YJL146W,20,20,0,0
YJL145W,68,63,0,0
YJL144W,11,10,0,0
YJL143W,93,81,0,0
YJL140W,66,56,2,0
YJL136W-A,0,0,0,0
YJL134W,25,24,NA,0
YJL133W,11,10,0,0
YJL132W,15,14,0,0
YJL126W,13,12,0,0
YJL122W,54,42,0,1
YJL118W,4,4,NA,0
YJL117W,62,59,0,0
YJL115W,20,17,0,0
YJL112W,19,18,0,0
YJL111W,150,139,0,0
YJL106W,5,5,0,NA
YJL104W,68,64,0,0
YJL102W,14,13,0,0
YJL100W,13,13,0,0
YJL099W,18,14,0,NA
YJL098W,42,37,4,NA
YJL097W,78,69,0,0
YJL096W,45,36,0,0
YJL095W,15,15,NA,0
YJL092W,9,9,NA,0
YJL088W,257,242,0,0
YJL085W,21,20,0,0
YJL083W,4,4,0,0
YJL082W,65,64,0,0
YJL077W-B,1,0,1,0
YJL077W-A,2,0,0,2
YJL076W,107,106,NA,0
YJL073W,28,26,0,0
YJL071W,13,11,0,0
YJL062W-A,68,54,0,0
YJL062W,42,40,0,0
YJL061W,26,24,0,0
YJL060W,67,63,0,0
YJL059W,9,8,0,0
YJL055W,77,69,0,0
YJL054W,34,33,0,0
YJL053W,23,21,0,0
YJL052W,1994,1832,5,1
YJL051W,26,21,2,NA
YJL050W,125,124,0,0
YJL049W,14,14,0,0
YJL046W,8,8,0,0
YJL045W,4,4,NA,0
YJL043W,0,0,0,0
YJL042W,41,41,0,NA
YJL041W,205,198,0,0
YJL037W,0,0,0,0
YJL036W,32,30,0,0
YJL034W,516,483,1,0
YJL033W,106,98,0,NA
YJL030W,10,6,0,0
YJL028W,1,0,NA,1
YJL026W,422,388,1,0
YJL025W,2,2,0,0
YJL022W,0,0,0,0
YJL019W,17,17,0,0
YJL016W,15,14,0,0
YJL014W,172,161,0,0
YJL005W,43,43,0,NA
YJL003W,22,19,0,0
YJL001W,113,108,0,0
YJR001W,70,66,0,0
YJR002W,51,49,0,0
YJR005W,24,24,0,0
YJR006W,25,25,0,0
YJR007W,188,168,2,0
YJR008W,25,22,3,0
YJR010W,12,12,NA,0
YJR013W,20,18,0,0
YJR014W,134,127,0,0
YJR015W,85,83,0,0
YJR018W,0,0,0,0
YJR020W,0,0,0,0
YJR032W,50,47,0,0
YJR034W,24,18,1,0
YJR035W,13,13,NA,0
YJR039W,4,4,NA,NA
YJR040W,28,27,1,0
YJR042W,41,39,0,0
YJR046W,11,10,0,0
YJR048W,319,266,2,1
YJR050W,22,16,0,0
YJR051W,42,41,0,0
YJR052W,26,26,NA,0
YJR053W,5,5,0,NA
YJR054W,9,8,1,0
YJR055W,6,5,0,0
YJR057W,19,17,0,0
YJR059W,63,62,0,NA
YJR060W,63,61,0,0
YJR061W,8,8,NA,0
YJR063W,46,40,0,0
YJR064W,165,151,0,0
YJR066W,24,23,0,NA
YJR068W,41,38,0,0
YJR074W,45,44,NA,0
YJR075W,56,53,0,0
YJR078W,21,21,0,NA
YJR079W,0,0,0,0
YJR084W,20,19,0,0
YJR089W,16,15,1,NA
YJR092W,71,70,NA,0
YJR094W-A,392,250,0,1
YJR095W,2,2,0,0
YJR096W,23,22,NA,0
YJR097W,5,5,0,0
YJR099W,16,13,1,0
YJR101W,38,37,0,0
YJR103W,50,48,0,0
YJR105W,428,387,0,0
YJR106W,3,3,NA,NA
YJR107W,0,0,0,0
YJR108W,1,1,NA,0
YJR110W,6,5,0,0
YJR112W,6,6,0,0
YJR112W-A,2,1,0,0
YJR115W,0,0,0,0
YJR116W,15,12,1,0
YJR117W,122,117,1,0
YJR120W,19,4,NA,8
YJR121W,582,554,0,1
YJR122W,20,17,0,0
YJR123W,1319,1195,1,0
YJR131W,27,26,0,0
YJR132W,21,19,0,0
YJR133W,78,70,0,0
YJR135W-A,57,42,0,0
YJR138W,10,10,NA,0
YJR141W,4,3,1,0
YJR142W,49,46,0,0
YJR144W,51,50,0,0
YJR147W,2,2,NA,0
YJR148W,76,69,3,0
YJR149W,14,14,NA,0
YJR152W,1,0,1,0
YJR153W,0,0,0,0
YJR154W,1,1,0,NA
YJR155W,0,0,0,0
YKL222C,2,2,0,0
YKL220C,0,0,0,0
YKL218C,22,21,0,0
YKL215C,50,47,0,NA
YKL214C,50,47,0,0
YKL213C,62,55,3,0
YKL211C,149,148,0,NA
YKL209C,1,1,NA,NA
YKL206C,25,25,0,0
YKL203C,28,28,NA,NA
YKL201C,15,15,NA,NA
YKL198C,15,15,0,0
YKL197C,12,11,NA,0
YKL196C,78,65,0,1
YKL194C,23,21,0,0
YKL193C,50,47,0,0
YKL192C,182,116,0,1
YKL188C,1,1,NA,0
YKL187C,1,1,NA,0
YKL186C,41,38,0,0
YKL179C,41,39,0,0
YKL178C,36,34,0,0
YKL176C,12,10,2,0
YKL174C,22,20,1,0
YKL169C,0,0,0,0
YKL168C,10,9,NA,0
YKL167C,34,29,0,0
YKL166C,18,17,NA,0
YKL165C-A,0,0,0,0
YKL165C,78,76,0,0
YKL164C,1173,1123,4,0
YKL162C,9,7,0,0
YKL161C,35,29,2,1
YKL159C,18,17,NA,0
YKL155C,33,31,0,0
YKL152C,2734,2414,0,1
YKL151C,42,42,0,NA
YKL149C,9,9,0,0
YKL148C,174,165,3,0
YKL144C,19,17,0,0
YKL138C-A,18,15,0,1
YKL138C,48,41,0,0
YKL135C,64,62,0,0
YKL134C,23,23,0,0
YKL133C,3,3,0,0
YKL132C,2,2,0,0
YKL130C,42,33,0,0
YKL129C,27,25,NA,0
YKL128C,25,24,0,0
YKL122C,92,81,0,0
YKL119C,25,23,1,0
YKL116C,19,16,NA,0
YKL113C,46,43,0,0
YKL110C,49,44,0,0
YKL106C-A,0,0,0,0
YKL105C,11,11,0,NA
YKL104C,318,293,4,1
YKL103C,74,70,1,0
YKL102C,0,0,0,0
YKL100C,54,53,0,0
YKL099C,43,42,0,0
YKL092C,16,16,0,NA
YKL091C,20,19,NA,0
YKL087C,56,56,0,0
YKL082C,53,52,0,NA
YKL075C,15,15,0,NA
YKL074C,31,31,0,0
YKL065C,117,106,0,0
YKL063C,36,26,3,0
YKL060C,4549,4221,0,0
YKL059C,21,21,0,0
YKL057C,36,35,0,0
YKL056C,657,554,2,0
YKL055C,4,4,0,0
YKL054C,785,768,5,0
YKL053C-A,57,44,2,0
YKL052C,27,27,0,0
YKL050C,0,0,0,0
YKL049C,22,18,0,0
YKL048C,11,11,NA,0
YKL046C,86,80,1,0
YKL040C,53,46,0,0
YKL036C,3,0,NA,3
YKL032C,119,117,NA,0
YKL029C,146,140,0,0
YKL026C,0,0,0,0
YKL025C,48,46,0,0
YKL024C,69,68,NA,0
YKL022C,28,28,NA,0
YKL021C,43,42,NA,0
YKL020C,31,31,NA,0
YKL018C-A,14,11,0,0
YKL017C,21,20,0,0
YKL016C,185,172,0,0
YKL014C,43,42,NA,0
YKL013C,72,64,0,0
YKL011C,19,18,NA,0
YKL010C,54,54,NA,0
YKL008C,49,42,0,0
YKL006C-A,16,12,0,0
YKL005C,11,11,0,0
YKL003C,15,12,0,0
YKL001C,19,15,1,0
YKR001C,242,232,0,0
YKR004C,7,7,0,NA
YKR005C,1,1,NA,0
YKR006C,75,63,0,0
YKR009C,6,6,NA,0
YKR010C,19,16,0,NA
YKR011C,45,45,NA,0
YKR012C,0,0,0,0
YKR014C,81,71,1,0
YKR015C,0,0,0,0
YKR017C,5,5,0,0
YKR018C,69,68,0,1
YKR019C,9,9,0,0
YKR022C,3,3,0,0
YKR024C,29,28,0,0
YKR026C,44,41,1,0
YKR029C,34,33,NA,0
YKR031C,15,15,NA,0
YKR036C,8,8,0,0
YKR037C,18,18,0,0
YKR038C,34,31,0,0
YKR040C,1,1,NA,NA
YKR043C,175,171,0,0
YKR045C,17,16,0,0
YKR046C,340,319,0,0
YKR048C,209,197,0,0
YKR049C,17,16,0,0
YKR052C,7,7,0,0
YKR053C,0,0,0,0
YKR054C,11,11,0,0
YKR063C,11,9,NA,0
YKR065C,98,93,0,0
YKR066C,133,123,0,0
YKR068C,42,38,0,0
YKR071C,123,116,0,0
YKR072C,40,40,NA,0
YKR075C,23,21,0,0
YKR079C,37,32,2,0
YKR081C,92,78,0,0
YKR083C,16,15,0,0
YKR084C,68,67,0,0
YKR085C,58,54,0,0
YKR087C,19,18,0,0
YKR088C,24,21,0,0
YKR089C,27,26,0,0
YKR092C,104,99,0,0
YKR094C,712,603,0,1
YKR098C,13,13,0,0
YKR100C,22,18,3,0
YKL221W,0,0,0,0
YKL219W,11,9,NA,0
YKL217W,0,0,0,0
YKL216W,319,290,1,0
YKL212W,183,172,2,NA
YKL210W,332,324,0,0
YKL208W,8,7,0,0
YKL207W,59,56,0,0
YKL205W,42,42,0,NA
YKL204W,143,139,0,0
YKL195W,128,116,0,0
YKL191W,52,50,0,0
YKL190W,50,48,0,0
YKL189W,22,19,0,0
YKL185W,141,131,2,0
YKL184W,86,82,1,0
YKL183W,28,20,1,0
YKL182W,1501,1484,NA,0
YKL181W,135,119,4,0
YKL180W,896,827,0,2
YKL175W,119,111,0,0
YKL173W,25,24,0,0
YKL172W,158,154,0,0
YKL171W,7,6,0,0
YKL170W,34,31,1,0
YKL163W,1020,947,5,NA
YKL160W,56,40,0,1
YKL157W,274,271,0,0
YKL156W,138,123,NA,0
YKL154W,13,11,0,0
YKL153W,1,1,0,NA
YKL150W,186,174,1,0
YKL146W,46,46,0,0
YKL145W,197,192,NA,0
YKL143W,40,39,0,0
YKL142W,115,107,0,0
YKL141W,95,90,0,0
YKL140W,27,26,1,0
YKL139W,18,17,0,0
YKL137W,32,22,0,0
YKL127W,119,114,0,0
YKL126W,80,75,1,0
YKL125W,27,26,0,0
YKL124W,12,10,1,NA
YKL121W,15,15,NA,0
YKL120W,132,125,0,0
YKL118W,0,0,0,0
YKL117W,224,205,1,0
YKL112W,52,51,0,0
YKL109W,64,59,3,0
YKL108W,13,13,0,0
YKL107W,2,2,NA,0
YKL106W,23,21,1,0
YKL101W,44,44,NA,0
YKL098W,4,4,0,0
YKL096W-A,1360,1036,11,2
YKL096W,849,748,4,2
YKL094W,42,39,0,0
YKL093W,10,10,NA,0
YKL090W,11,11,NA,0
YKL089W,15,14,0,0
YKL088W,37,36,0,0
YKL086W,7,5,0,0
YKL085W,205,194,1,0
YKL084W,17,14,2,NA
YKL081W,706,659,0,2
YKL080W,167,159,1,0
YKL079W,24,24,0,0
YKL078W,15,14,0,0
YKL077W,93,83,0,0
YKL073W,71,68,0,0
YKL072W,9,9,0,0
YKL071W,0,0,0,0
YKL070W,0,0,0,0
YKL069W,32,31,0,0
YKL068W-A,12,10,0,0
YKL068W,86,85,1,0
YKL065W-A,0,0,0,0
YKL064W,33,32,1,NA
YKL062W,92,91,NA,0
YKL061W,9,7,0,0
YKL058W,27,25,0,0
YKL053W,1,0,NA,1
YKL051W,28,25,NA,1
YKL047W,26,24,0,0
YKL045W,24,20,0,0
YKL044W,0,0,0,0
YKL043W,8,8,NA,0
YKL042W,17,14,0,0
YKL041W,35,33,0,0
YKL039W,105,95,0,1
YKL038W,27,27,0,0
YKL035W,461,422,4,0
YKL034W,22,21,0,0
YKL033W-A,70,66,0,0
YKL033W,13,11,NA,0
YKL031W,0,0,0,0
YKL028W,28,28,0,0
YKL027W,17,17,0,0
YKL023W,29,27,0,0
YKL019W,25,22,0,1
YKL018W,20,19,0,0
YKL015W,12,11,1,0
YKL012W,26,25,0,NA
YKL009W,100,83,0,0
YKL007W,97,86,0,1
YKL006W,750,632,0,0
YKL004W,29,27,0,0
YKL002W,48,46,0,0
YKR002W,43,41,0,0
YKR003W,49,45,1,0
YKR007W,19,19,0,0
YKR008W,30,28,0,0
YKR013W,154,146,0,0
YKR016W,80,73,0,0
YKR020W,12,11,0,1
YKR021W,33,32,1,0
YKR023W,29,27,0,0
YKR025W,43,42,0,0
YKR027W,10,7,1,0
YKR028W,37,35,NA,0
YKR030W,24,23,0,0
YKR035W-A,49,46,0,0
YKR039W,333,313,9,1
YKR041W,4,1,NA,3
YKR042W,798,712,31,1
YKR044W,2,2,0,0
YKR047W,1,0,1,NA
YKR050W,1,0,1,0
YKR051W,6,5,0,0
YKR055W,8,6,0,0
YKR056W,54,54,NA,0
YKR057W,273,209,1,1
YKR058W,8,8,0,0
YKR059W,950,929,0,0
YKR060W,16,15,0,0
YKR061W,17,16,0,0
YKR062W,41,32,0,0
YKR064W,6,6,NA,0
YKR067W,39,33,0,0
YKR069W,6,6,0,0
YKR070W,52,52,NA,0
YKR074W,45,41,NA,2
YKR075W-A,0,0,0,0
YKR076W,20,20,0,0
YKR077W,42,38,0,0
YKR078W,13,11,0,0
YKR080W,45,42,0,0
YKR082W,49,46,NA,0
YKR086W,10,10,0,0
YKR090W,43,37,0,0
YKR091W,71,63,0,0
YKR093W,51,50,0,0
YKR095W,55,55,NA,0
YKR095W-A,21,14,0,0
YKR096W,37,34,0,0
YKR097W,4,4,NA,0
YKR099W,16,14,1,0
YKR101W,7,7,0,0
YKR102W,0,0,0,0
YKR103W,1,1,0,NA
YKR104W,0,0,0,0
YLL063C,3,3,NA,0
YLL062C,5,3,0,0
YLL060C,1,1,0,0
YLL059C,1,1,NA,0
YLL057C,0,0,0,0
YLL056C,2,2,NA,0
YLL054C,10,10,0,0
YLL053C,0,0,0,0
YLL051C,9,9,0,0
YLL050C,375,337,0,2
YLL048C,97,97,NA,NA
YLL045C,1272,1174,0,0
YLL042C,2,2,NA,0
YLL041C,108,96,0,1
YLL040C,77,77,NA,0
YLL039C,674,633,1,0
YLL038C,12,9,NA,1
YLL036C,32,29,0,0
YLL034C,57,52,1,0
YLL032C,18,18,NA,0
YLL031C,56,55,0,0
YLL024C,3178,3113,0,1
YLL023C,56,49,0,0
YLL022C,26,24,NA,0
YLL019C,26,25,1,NA
YLL018C-A,2,2,0,0
YLL018C,514,489,0,0
YLL013C,51,49,1,0
YLL010C,16,16,0,0
YLL009C,83,52,0,0
YLL007C,9,9,0,0
YLR001C,21,21,0,0
YLR002C,73,72,0,0
YLR003C,42,39,0,0
YLR004C,0,0,0,0
YLR006C,14,12,1,NA
YLR008C,50,47,0,0
YLR010C,2,2,0,0
YLR014C,9,9,NA,NA
YLR016C,14,13,0,0
YLR018C,28,27,0,0
YLR020C,15,15,0,0
YLR022C,38,38,NA,0
YLR023C,23,21,1,0
YLR024C,4,4,0,NA
YLR026C,44,42,2,0
YLR027C,313,300,0,1
YLR028C,136,128,0,0
YLR029C,1171,1003,0,1
YLR034C,31,30,0,0
YLR035C,8,7,0,0
YLR036C,9,8,0,0
YLR037C,2,2,0,0
YLR038C,125,104,0,0
YLR039C,19,19,NA,0
YLR040C,185,161,1,2
YLR042C,10,8,0,0
YLR043C,228,189,0,0
YLR044C,7571,7263,0,2
YLR045C,54,53,0,NA
YLR046C,0,0,0,0
YLR047C,4,4,0,0
YLR049C,47,43,0,0
YLR050C,48,41,0,0
YLR051C,53,52,0,0
YLR053C,0,0,0,0
YLR054C,3,3,NA,0
YLR055C,20,20,NA,0
YLR058C,378,357,0,1
YLR059C,36,33,NA,0
YLR065C,36,30,0,0
YLR067C,8,8,NA,0
YLR069C,115,109,0,0
YLR070C,2,2,NA,0
YLR071C,41,40,0,0
YLR073C,11,8,0,0
YLR074C,48,37,0,0
YLR078C,39,37,1,0
YLR082C,10,7,0,0
YLR083C,84,80,0,NA
YLR084C,22,22,NA,0
YLR085C,14,14,0,0
YLR087C,9,9,NA,0
YLR089C,84,75,0,0
YLR093C,76,73,0,0
YLR094C,28,26,0,0
YLR095C,40,39,0,0
YLR097C,7,6,0,0
YLR098C,9,9,0,0
YLR099C,17,15,0,0
YLR103C,5,5,0,0
YLR105C,13,12,0,0
YLR106C,74,73,NA,0
YLR108C,8,7,1,0
YLR110C,3200,2739,16,10
YLR114C,19,18,0,0
YLR117C,27,25,0,0
YLR118C,40,38,0,0
YLR120C,84,78,0,0
YLR121C,71,69,0,0
YLR126C,7,6,1,0
YLR127C,15,14,1,NA
YLR130C,43,42,1,0
YLR131C,49,48,NA,0
YLR132C,7,7,0,0
YLR136C,6,6,NA,0
YLR139C,17,17,0,0
YLR144C,22,22,0,0
YLR146C,29,27,0,0
YLR147C,25,24,0,0
YLR149C,12,11,1,0
YLR151C,12,10,NA,2
YLR152C,13,11,1,0
YLR153C,758,717,0,0
YLR154C,22,14,1,0
YLR163C,62,57,1,0
YLR165C,1,0,NA,0
YLR166C,25,25,0,0
YLR168C,50,41,0,0
YLR170C,24,23,0,0
YLR172C,85,75,0,0
YLR176C,17,17,NA,0
YLR178C,145,133,0,0
YLR179C,154,149,0,0
YLR181C,29,29,0,0
YLR183C,38,32,0,0
YLR189C,20,20,NA,0
YLR192C,235,226,0,1
YLR193C,40,38,0,0
YLR194C,289,250,0,0
YLR195C,67,63,0,0
YLR199C,47,42,0,0
YLR201C,39,38,NA,0
YLR203C,79,72,0,0
YLR205C,57,56,0,0
YLR209C,56,53,NA,0
YLR211C,7,7,0,0
YLR212C,17,16,0,0
YLR213C,0,0,0,0
YLR215C,14,13,0,0
YLR216C,367,337,2,0
YLR218C,15,12,NA,0
YLR221C,37,34,0,0
YLR222C,75,71,0,0
YLR223C,56,54,0,NA
YLR225C,50,49,0,0
YLR227C,3,1,2,NA
YLR228C,10,7,0,0
YLR229C,88,78,3,0
YLR231C,70,69,0,0
YLR233C,0,0,0,0
YLR239C,31,28,0,0
YLR242C,9,8,0,0
YLR244C,166,161,0,0
YLR245C,3,3,0,0
YLR247C,15,15,NA,0
YLR254C,13,11,0,0
YLR255C,0,0,0,0
YLR259C,1144,1099,0,0
YLR262C-A,154,99,0,0
YLR265C,3,3,NA,0
YLR266C,2,2,NA,0
YLR269C,0,0,0,0
YLR272C,24,24,0,0
YLR273C,6,4,1,0
YLR276C,79,76,0,0
YLR277C,13,12,1,0
YLR284C,7,7,0,0
YLR285C-A,1,0,NA,1
YLR286C,495,460,17,NA
YLR287C,37,35,0,0
YLR287C-A,413,302,0,2
YLR288C,10,9,0,0
YLR290C,17,17,0,0
YLR291C,67,62,0,0
YLR292C,52,47,0,0
YLR293C,470,415,2,0
YLR294C,7,1,NA,NA
YLR298C,18,17,NA,0
YLR304C,962,905,1,0
YLR305C,32,31,NA,0
YLR309C,37,37,0,NA
YLR310C,33,33,NA,0
YLR311C,0,0,0,0
YLR312C,4,4,0,NA
YLR313C,8,6,0,0
YLR314C,194,189,0,0
YLR316C,21,20,0,0
YLR319C,35,33,0,0
YLR321C,33,31,0,0
YLR323C,15,12,0,0
YLR325C,513,395,0,0
YLR327C,93,64,5,0
YLR333C,316,214,1,0
YLR336C,49,47,0,NA
YLR337C,113,110,0,0
YLR339C,0,0,0,0
YLR346C,1,1,0,0
YLR347C,139,133,1,1
YLR348C,25,24,0,0
YLR351C,67,63,NA,0
YLR354C,572,531,1,0
YLR355C,1503,1383,3,0
YLR361C,13,12,0,0
YLR361C-A,27,19,NA,1
YLR363C,18,10,1,0
YLR364C-A,0,0,0,0
YLR370C,89,81,0,0
YLR373C,22,22,0,0
YLR376C,4,4,0,0
YLR378C,210,200,4,0
YLR382C,51,49,0,0
YLR384C,107,107,NA,0
YLR387C,94,92,0,0
YLR389C,46,46,NA,0
YLR392C,12,11,0,0
YLR395C,94,68,0,0
YLR396C,20,20,0,0
YLR397C,47,45,0,0
YLR398C,58,58,NA,0
YLR399C,85,85,0,NA
YLR401C,59,56,0,0
YLR406C,226,188,0,1
YLR406C-A,0,0,0,0
YLR408C,6,5,NA,0
YLR409C,66,63,0,0
YLR412C-A,0,0,0,0
YLR414C,120,110,3,1
YLR418C,47,43,NA,0
YLR421C,69,64,0,0
YLR423C,7,7,0,0
YLR428C,1,1,0,0
YLR431C,5,5,0,0
YLR433C,46,44,NA,0
YLR436C,18,16,1,0
YLR437C,35,32,1,1
YLR438C-A,44,30,4,0
YLR440C,29,27,0,0
YLR441C,894,808,0,0
YLR442C,20,19,0,0
YLR447C,160,150,0,0
YLR452C,12,11,0,0
YLR453C,5,4,1,NA
YLR457C,2,2,0,0
YLR460C,1,1,0,0
YLL061W,6,6,0,0
YLL058W,25,22,0,0
YLL055W,0,0,0,0
YLL049W,4,4,0,NA
YLL047W,0,0,0,0
YLL043W,34,34,0,0
YLL037W,0,0,0,0
YLL035W,20,19,0,0
YLL033W,0,0,0,0
YLL029W,89,85,1,0
YLL028W,106,100,0,0
YLL027W,59,51,5,0
YLL026W,537,519,2,0
YLL025W,1,0,0,0
YLL021W,71,70,0,NA
YLL015W,57,56,NA,0
YLL014W,37,33,0,0
YLL012W,18,18,0,0
YLL011W,40,35,0,0
YLL008W,89,84,0,0
YLL006W,25,25,0,0
YLL004W,11,10,0,0
YLL003W,9,9,0,0
YLL002W,10,9,0,0
YLL001W,83,81,0,0
YLR005W,21,21,0,0
YLR007W,14,13,0,0
YLR009W,97,83,1,0
YLR011W,18,14,0,0
YLR015W,13,13,0,0
YLR017W,50,48,NA,0
YLR019W,25,24,0,0
YLR021W,11,5,2,0
YLR025W,74,64,1,0
YLR031W,0,0,0,0
YLR032W,18,18,NA,0
YLR033W,28,25,0,0
YLR041W,1,0,0,1
YLR048W,989,918,5,1
YLR052W,15,14,NA,1
YLR056W,229,215,2,0
YLR057W,22,18,0,0
YLR060W,252,244,0,0
YLR061W,597,418,0,1
YLR064W,38,31,1,1
YLR066W,45,41,0,0
YLR068W,22,17,0,0
YLR072W,24,23,0,0
YLR075W,1338,1202,0,0
YLR077W,24,23,0,0
YLR079W,38,34,0,0
YLR080W,8,8,NA,0
YLR081W,1,1,0,0
YLR086W,32,32,NA,0
YLR088W,38,35,0,0
YLR090W,25,25,0,0
YLR091W,7,6,NA,0
YLR092W,0,0,0,0
YLR096W,27,26,1,NA
YLR099W-A,8,7,0,0
YLR100W,127,116,0,0
YLR104W,22,21,1,0
YLR107W,11,10,NA,0
YLR109W,1153,1033,4,2
YLR112W,3,0,0,2
YLR113W,71,69,1,0
YLR115W,18,18,0,0
YLR116W,18,18,NA,0
YLR119W,15,15,NA,0
YLR120W-A,0,0,0,0
YLR124W,0,0,0,0
YLR125W,0,0,0,0
YLR128W,3,3,0,0
YLR129W,67,64,0,0
YLR133W,57,56,0,0
YLR134W,322,321,0,0
YLR135W,5,5,0,0
YLR137W,4,4,0,0
YLR138W,42,37,3,NA
YLR141W,11,9,NA,0
YLR142W,25,25,NA,0
YLR143W,26,26,0,0
YLR145W,14,14,0,0
YLR146W-A,21,18,0,0
YLR148W,32,32,NA,0
YLR150W,1133,1066,0,1
YLR164W,0,0,0,0
YLR167W,1160,1029,0,0
YLR173W,11,11,0,0
YLR174W,7,6,0,0
YLR175W,250,233,0,0
YLR177W,31,31,0,0
YLR180W,363,348,6,2
YLR182W,47,46,0,0
YLR185W,571,434,0,0
YLR186W,86,79,1,0
YLR187W,40,40,0,NA
YLR188W,24,21,1,0
YLR190W,69,62,0,0
YLR191W,26,24,0,0
YLR196W,120,117,0,NA
YLR197W,331,318,0,NA
YLR200W,74,51,1,1
YLR204W,57,51,0,1
YLR206W,95,93,2,NA
YLR207W,15,15,0,0
YLR208W,139,131,2,1
YLR210W,12,12,0,0
YLR214W,4,4,0,0
YLR217W,0,0,0,0
YLR219W,46,45,0,0
YLR220W,51,47,1,0
YLR224W,9,9,0,0
YLR226W,25,25,0,0
YLR234W,4,2,0,0
YLR237W,19,18,1,0
YLR238W,8,8,0,0
YLR240W,19,18,0,0
YLR241W,40,38,1,0
YLR243W,33,29,1,0
YLR246W,2,2,NA,0
YLR248W,79,72,0,0
YLR249W,3044,2997,0,0
YLR250W,71,61,0,0
YLR253W,28,23,3,0
YLR256W,44,42,1,NA
YLR257W,225,210,5,0
YLR258W,65,61,1,0
YLR260W,36,34,1,0
YLR263W,0,0,0,0
YLR264W,144,87,0,0
YLR267W,1,1,0,0
YLR268W,66,57,1,0
YLR270W,96,91,0,1
YLR271W,7,6,1,0
YLR274W,53,50,0,0
YLR275W,16,9,0,0
YLR283W,6,6,NA,0
YLR285W,34,33,NA,0
YLR286W-A,0,0,0,0
YLR289W,10,10,0,0
YLR296W,0,0,0,0
YLR297W,13,12,0,0
YLR299W,63,57,2,0
YLR300W,606,555,9,0
YLR301W,156,136,0,0
YLR303W,202,182,0,0
YLR306W,10,8,1,0
YLR307W,8,7,0,0
YLR312W-A,65,62,0,0
YLR315W,3,3,0,0
YLR317W,0,0,0,0
YLR318W,0,0,0,0
YLR320W,4,3,NA,0
YLR324W,23,21,1,0
YLR326W,19,18,0,0
YLR328W,35,31,0,0
YLR329W,0,0,0,0
YLR330W,100,93,0,0
YLR332W,37,34,2,0
YLR335W,120,115,0,0
YLR340W,1525,1404,8,0
YLR342W,713,699,7,NA
YLR342W-A,0,0,0,0
YLR343W,3,3,NA,0
YLR344W,427,376,0,2
YLR345W,30,30,0,0
YLR349W,1,1,NA,0
YLR350W,52,49,0,0
YLR352W,5,5,0,0
YLR353W,14,10,3,0
YLR356W,45,40,0,0
YLR357W,43,43,NA,0
YLR359W,110,102,4,0
YLR360W,13,13,0,0
YLR362W,35,34,0,0
YLR363W-A,22,12,0,0
YLR364W,8,8,0,0
YLR367W,131,116,NA,2
YLR368W,6,6,0,0
YLR369W,50,49,0,NA
YLR371W,33,31,2,NA
YLR372W,152,141,0,0
YLR375W,22,20,0,0
YLR380W,74,68,0,0
YLR381W,5,5,0,NA
YLR383W,10,9,0,0
YLR386W,47,44,0,0
YLR388W,225,161,0,2
YLR390W,14,14,NA,0
YLR390W-A,777,699,1,3
YLR393W,7,6,0,NA
YLR394W,0,0,0,0
YLR400W,0,0,0,0
YLR402W,3,1,NA,2
YLR403W,37,37,NA,0
YLR404W,13,12,0,0
YLR405W,10,10,0,0
YLR407W,30,21,0,0
YLR410W,107,107,NA,0
YLR411W,1,1,NA,0
YLR412W,13,12,NA,0
YLR413W,111,98,0,0
YLR417W,14,14,0,0
YLR419W,45,44,0,0
YLR420W,94,87,0,0
YLR422W,11,10,0,0
YLR424W,11,11,NA,0
YLR425W,9,9,NA,0
YLR426W,10,8,0,0
YLR427W,27,27,0,0
YLR429W,146,143,0,0
YLR430W,45,44,0,0
YLR432W,380,361,3,1
YLR435W,56,44,1,1
YLR438W,36,33,0,0
YLR439W,61,59,0,0
YLR443W,10,8,1,0
YLR446W,14,12,0,NA
YLR448W,643,558,0,0
YLR449W,191,176,1,0
YLR450W,29,27,0,0
YLR451W,26,25,0,NA
YLR454W,21,21,0,0
YLR455W,23,22,0,0
YLR456W,3,2,0,0
YLR459W,32,30,0,0
YML130C,67,59,0,0
YML129C,42,29,0,1
YML128C,58,54,0,0
YML126C,547,536,NA,0
YML125C,40,37,0,0
YML124C,76,74,0,0
YML123C,0,0,0,0
YML122C,0,0,0,0
YML120C,90,87,0,0
YML115C,57,50,0,0
YML114C,22,22,0,0
YML110C,80,77,0,0
YML107C,7,7,0,0
YML105C,99,94,0,0
YML104C,6,6,0,0
YML103C,55,55,NA,0
YML099C,16,16,NA,0
YML097C,25,25,0,0
YML095C,4,4,0,0
YML094C-A,0,0,0,0
YML092C,137,126,0,0
YML091C,48,45,NA,NA
YML089C,0,0,0,0
YML087C,2,2,0,0
YML086C,125,116,2,0
YML085C,176,159,1,1
YML083C,0,0,0,0
YML081C-A,90,48,0,1
YML076C,9,8,0,0
YML075C,110,97,0,0
YML074C,265,252,0,NA
YML073C,685,600,0,1
YML072C,230,223,3,NA
YML071C,31,30,0,0
YML067C,26,24,0,0
YML064C,29,25,1,0
YML062C,23,22,0,0
YML061C,17,16,0,0
YML059C,46,46,NA,0
YML056C,327,298,3,0
YML054C,15,15,NA,0
YML053C,23,19,0,0
YML049C,21,21,NA,NA
YML043C,5,5,0,0
YML041C,13,11,NA,0
YML038C,21,18,2,0
YML035C,87,82,1,0
YML032C,17,17,0,0
YML026C,714,647,1,0
YML025C,68,61,0,0
YML023C,2,2,0,0
YML021C,21,21,NA,0
YML018C,14,12,2,0
YML015C,25,24,0,0
YML011C,7,7,NA,0
YML009C,36,22,0,1
YML008C,250,233,0,0
YML007C-A,0,0,0,0
YML006C,11,9,1,0
YML004C,120,115,0,0
YMR001C,51,51,NA,0
YMR001C-A,2,0,NA,1
YMR006C,46,46,0,0
YMR008C,161,159,NA,1
YMR013C,14,13,NA,0
YMR015C,220,214,0,0
YMR016C,32,30,1,0
YMR021C,8,8,0,0
YMR023C,8,8,0,0
YMR026C,7,6,0,0
YMR029C,35,33,0,0
YMR031C,129,127,0,NA
YMR034C,4,2,2,0
YMR036C,14,14,0,0
YMR037C,40,39,NA,1
YMR038C,97,88,0,0
YMR039C,69,60,1,NA
YMR041C,11,10,0,0
YMR047C,130,126,0,NA
YMR049C,170,167,0,0
YMR052C-A,0,0,0,0
YMR053C,10,10,NA,NA
YMR055C,10,7,0,0
YMR056C,1,1,0,0
YMR060C,26,24,0,0
YMR062C,178,168,0,0
YMR067C,41,38,0,0
YMR071C,27,24,0,0
YMR073C,23,23,0,0
YMR074C,91,79,0,0
YMR076C,37,36,NA,0
YMR077C,17,15,0,0
YMR078C,14,14,0,0
YMR080C,52,52,0,0
YMR081C,4,4,0,0
YMR086C-A,0,0,0,0
YMR088C,20,18,2,0
YMR089C,65,58,7,NA
YMR091C,57,55,0,0
YMR092C,116,112,0,0
YMR097C,14,10,0,0
YMR098C,23,21,0,0
YMR099C,159,140,0,0
YMR101C,4,4,NA,0
YMR102C,12,12,NA,0
YMR103C,0,0,0,0
YMR105C,109,106,0,0
YMR106C,5,5,0,0
YMR110C,96,90,0,0
YMR111C,9,9,0,0
YMR112C,18,16,NA,0
YMR114C,6,6,NA,0
YMR116C,1234,1142,1,0
YMR117C,3,2,NA,0
YMR118C,2,2,NA,0
YMR120C,18,18,0,0
YMR121C,376,361,0,0
YMR122C,1,0,1,0
YMR126C,5,4,0,0
YMR127C,5,5,0,0
YMR131C,104,102,0,0
YMR132C,12,10,0,0
YMR135C,29,27,0,0
YMR137C,2,2,0,0
YMR142C,888,766,0,0
YMR145C,379,365,4,0
YMR146C,249,224,1,0
YMR150C,15,12,0,NA
YMR153C-A,0,0,0,0
YMR154C,5,5,NA,NA
YMR156C,6,6,NA,0
YMR157C,24,22,0,0
YMR158C-A,2,2,0,0
YMR162C,19,19,NA,0
YMR163C,5,5,0,0
YMR164C,84,83,0,NA
YMR165C,25,24,0,0
YMR166C,19,14,2,0
YMR168C,10,10,0,0
YMR169C,36,36,NA,0
YMR170C,54,52,0,0
YMR171C,15,15,0,0
YMR174C,12,10,0,0
YMR180C,11,7,0,0
YMR181C,9,7,0,0
YMR182C,2,0,0,0
YMR183C,105,96,1,1
YMR187C,5,4,0,0
YMR188C,53,51,0,0
YMR190C,9,9,0,NA
YMR193C-A,0,0,0,0
YMR194C-B,5,3,NA,0
YMR197C,52,44,0,0
YMR201C,14,14,0,0
YMR204C,7,7,0,0
YMR205C,803,777,2,0
YMR207C,5,3,2,0
YMR209C,13,13,0,0
YMR212C,36,31,0,0
YMR216C,29,27,2,0
YMR218C,13,13,0,NA
YMR221C,53,51,0,0
YMR222C,29,26,0,0
YMR224C,12,12,0,0
YMR225C,42,28,0,0
YMR226C,326,299,0,1
YMR227C,28,26,0,0
YMR229C,202,198,NA,0
YMR235C,129,121,0,0
YMR239C,25,22,1,0
YMR240C,14,13,0,0
YMR242C,702,648,0,0
YMR243C,105,92,1,0
YMR244C-A,26,23,0,0
YMR247C,51,50,0,NA
YMR252C,2,1,0,0
YMR253C,9,9,0,NA
YMR256C,93,70,0,0
YMR257C,5,3,1,0
YMR258C,12,12,0,0
YMR259C,38,38,NA,0
YMR260C,242,192,0,0
YMR261C,118,111,0,0
YMR265C,3,3,NA,0
YMR268C,14,13,0,0
YMR270C,11,9,1,0
YMR271C,4,4,NA,0
YMR272C,162,157,0,0
YMR273C,30,28,0,0
YMR274C,8,8,0,0
YMR275C,27,26,0,0
YMR279C,0,0,0,0
YMR280C,7,7,NA,0
YMR282C,15,14,0,NA
YMR283C,11,11,NA,0
YMR285C,26,26,0,0
YMR287C,19,18,0,NA
YMR290C,175,165,0,0
YMR293C,20,19,0,0
YMR295C,181,169,1,NA
YMR296C,71,70,0,0
YMR299C,9,9,0,0
YMR300C,74,72,0,0
YMR301C,36,35,0,0
YMR302C,59,55,0,0
YMR303C,680,658,0,0
YMR305C,270,250,7,NA
YMR306C-A,0,0,0,0
YMR308C,107,101,2,0
YMR309C,258,247,1,0
YMR310C,31,30,0,0
YMR311C,81,70,0,0
YMR313C,17,17,0,0
YMR316C-A,0,0,0,0
YMR316C-B,0,0,0,0
YMR318C,142,138,0,0
YMR319C,33,31,0,0
YML131W,63,59,0,0
YML127W,53,49,0,NA
YML121W,26,22,0,0
YML119W,40,38,0,0
YML118W,1,1,0,NA
YML117W,68,66,0,NA
YML116W,7,7,0,0
YML113W,45,43,0,0
YML112W,17,17,0,0
YML111W,36,36,0,NA
YML109W,22,22,0,0
YML108W,31,26,0,0
YML106W,152,133,3,0
YML102W,19,17,0,0
YML100W-A,0,0,0,0
YML100W,129,129,0,0
YML098W,20,10,0,0
YML096W,9,8,0,0
YML094W,69,56,0,0
YML093W,89,87,0,NA
YML090W,0,0,0,0
YML088W,16,16,0,NA
YML084W,0,0,0,0
YML082W,19,19,0,0
YML081W,14,14,0,0
YML080W,30,28,1,0
YML079W,56,55,0,0
YML078W,227,207,0,0
YML077W,12,11,NA,0
YML070W,184,175,0,0
YML069W,94,86,0,0
YML068W,6,5,1,0
YML065W,15,15,0,0
YML063W,1025,914,1,0
YML060W,13,12,0,0
YML058W-A,5,1,0,0
YML058W,276,225,0,0
YML057W,62,62,0,0
YML055W,36,31,0,0
YML052W,72,68,0,1
YML051W,12,12,0,0
YML050W,12,10,0,0
YML048W,101,93,1,0
YML046W,21,20,1,0
YML042W,1,1,NA,0
YML036W,31,23,0,0
YML034W,64,64,0,0
YML031W,45,41,0,0
YML030W,34,30,0,0
YML029W,18,18,0,0
YML028W,812,700,0,0
YML027W,43,41,0,0
YML024W,732,616,0,2
YML022W,109,101,0,1
YML020W,20,16,2,0
YML019W,31,30,0,0
YML017W,54,53,0,0
YML014W,20,19,NA,0
YML013W,44,42,0,0
YML012W,125,100,1,0
YML010W,198,197,0,NA
YML007W,66,63,1,0
YML005W,16,16,0,0
YML002W,0,0,0,0
YML001W,87,79,0,1
YMR002W,329,290,0,1
YMR003W,11,9,0,0
YMR004W,41,41,0,0
YMR005W,34,31,1,0
YMR007W,0,0,0,0
YMR009W,38,33,0,1
YMR010W,29,25,4,0
YMR011W,90,88,0,0
YMR012W,240,232,0,0
YMR013W-A,0,0,0,0
YMR014W,47,44,0,0
YMR017W,1,1,NA,0
YMR018W,0,0,0,0
YMR019W,6,6,NA,0
YMR020W,17,16,0,0
YMR022W,69,64,0,0
YMR024W,74,74,NA,0
YMR025W,7,6,0,0
YMR027W,92,87,1,0
YMR028W,25,23,0,0
YMR030W,7,6,0,0
YMR033W,39,34,0,0
YMR035W,6,6,0,0
YMR040W,5,5,0,0
YMR042W,8,7,0,0
YMR043W,78,74,0,0
YMR044W,35,33,0,0
YMR048W,9,9,0,0
YMR052W,7,6,0,0
YMR054W,32,29,1,0
YMR058W,46,44,0,0
YMR059W,11,9,0,0
YMR061W,27,27,0,0
YMR063W,3,3,0,0
YMR064W,8,6,NA,0
YMR065W,1,1,NA,0
YMR066W,11,10,0,0
YMR068W,5,4,0,0
YMR069W,4,3,NA,1
YMR070W,55,51,1,NA
YMR072W,202,184,0,1
YMR075W,17,16,0,0
YMR079W,249,226,0,1
YMR083W,169,166,1,0
YMR085W,0,0,0,0
YMR086W,46,41,2,0
YMR087W,9,8,0,0
YMR090W,7,7,0,0
YMR093W,43,42,0,0
YMR094W,2,2,0,0
YMR096W,8,8,0,0
YMR100W,11,11,NA,0
YMR107W,1,1,0,0
YMR108W,494,474,6,0
YMR109W,76,75,0,0
YMR113W,17,15,0,0
YMR115W,28,27,0,0
YMR119W,21,19,2,NA
YMR122W-A,446,361,5,3
YMR123W,46,42,0,0
YMR124W,97,97,0,NA
YMR125W,128,120,4,NA
YMR128W,56,53,0,0
YMR129W,63,62,NA,0
YMR130W,29,26,0,0
YMR134W,28,26,1,0
YMR136W,49,49,0,0
YMR138W,6,4,NA,0
YMR139W,28,25,1,0
YMR140W,23,21,0,0
YMR143W,512,401,0,0
YMR144W,27,24,0,0
YMR148W,6,4,2,0
YMR151W,1,0,NA,1
YMR152W,54,52,0,0
YMR153W,51,50,0,0
YMR155W,10,10,0,0
YMR158W,38,34,0,0
YMR160W,16,16,0,0
YMR161W,29,28,0,0
YMR167W,8,8,0,NA
YMR172W,12,12,NA,NA
YMR175W,0,0,0,0
YMR176W,15,12,2,0
YMR177W,12,11,0,0
YMR178W,49,41,0,0
YMR179W,16,16,NA,0
YMR182W-A,0,0,0,0
YMR184W,53,47,0,0
YMR185W,20,20,0,NA
YMR186W,2095,2063,0,1
YMR189W,119,115,2,0
YMR192W,52,49,1,0
YMR193W,69,66,0,0
YMR194W,367,314,0,0
YMR195W,23,22,0,0
YMR196W,31,31,NA,0
YMR198W,7,6,1,0
YMR199W,40,38,1,0
YMR200W,109,88,1,0
YMR202W,232,192,0,0
YMR203W,237,225,3,0
YMR206W,0,0,0,0
YMR208W,97,89,0,0
YMR210W,22,21,0,0
YMR211W,12,12,0,0
YMR213W,15,15,0,0
YMR214W,41,40,0,0
YMR215W,105,100,1,0
YMR217W,309,294,1,0
YMR219W,30,30,NA,0
YMR220W,45,42,0,0
YMR223W,14,14,0,0
YMR228W,21,21,0,0
YMR230W,490,362,1,0
YMR231W,24,24,0,0
YMR233W,16,15,0,0
YMR234W,10,8,0,0
YMR236W,41,38,0,0
YMR237W,78,73,3,0
YMR238W,109,101,2,0
YMR241W,116,101,2,0
YMR246W,210,203,3,0
YMR250W,72,67,0,0
YMR251W,0,0,0,0
YMR251W-A,490,310,5,0
YMR255W,45,42,NA,0
YMR262W,13,9,NA,0
YMR263W,38,36,0,0
YMR264W,45,40,0,0
YMR266W,64,62,0,0
YMR267W,54,49,1,0
YMR269W,27,25,0,0
YMR276W,224,213,0,0
YMR277W,38,38,0,0
YMR278W,58,56,0,0
YMR281W,15,13,0,0
YMR284W,9,8,0,0
YMR286W,51,43,0,0
YMR288W,20,20,0,0
YMR289W,17,17,NA,0
YMR291W,56,53,0,0
YMR292W,29,23,0,0
YMR294W,9,9,0,0
YMR297W,392,375,1,0
YMR298W,80,73,0,0
YMR304W,37,36,NA,NA
YMR306W,2,2,0,NA
YMR307W,779,755,0,0
YMR312W,24,22,0,0
YMR314W,113,96,2,0
YMR315W,167,151,0,0
YMR316W,18,17,0,0
YMR317W,1,1,NA,0
YMR320W,0,0,0,0
YNL331C,0,0,0,0
YNL330C,29,27,0,0
YNL329C,9,9,NA,0
YNL328C,1,1,0,0
YNL326C,9,8,0,0
YNL325C,7,6,0,0
YNL322C,112,95,0,1
YNL316C,22,21,0,0
YNL315C,70,65,0,0
YNL313C,64,62,0,0
YNL311C,7,7,0,0
YNL310C,22,22,0,0
YNL308C,92,81,0,0
YNL307C,139,134,3,0
YNL305C,41,37,0,0
YNL302C,807,705,0,0
YNL301C,524,488,0,0
YNL297C,40,39,NA,0
YNL294C,9,8,1,0
YNL291C,16,13,1,1
YNL284C,65,65,NA,0
YNL283C,16,15,0,0
YNL280C,46,41,0,0
YNL276C,0,0,0,0
YNL274C,95,89,1,0
YNL272C,29,28,1,0
YNL271C,31,31,NA,0
YNL270C,4,4,0,0
YNL265C,29,29,0,0
YNL264C,26,26,NA,0
YNL263C,71,67,0,0
YNL260C,17,17,NA,0
YNL259C,16,11,1,0
YNL258C,35,34,0,0
YNL257C,16,15,0,0
YNL255C,182,154,0,0
YNL254C,7,5,0,NA
YNL252C,73,65,0,0
YNL251C,88,84,0,0
YNL249C,11,9,0,0
YNL248C,112,108,0,0
YNL245C,12,9,0,0
YNL244C,216,172,4,0
YNL241C,167,155,0,2
YNL240C,22,20,0,NA
YNL231C,81,74,1,0
YNL230C,6,6,0,0
YNL229C,80,78,NA,0
YNL227C,42,40,0,0
YNL225C,22,22,NA,0
YNL224C,26,26,0,0
YNL221C,22,22,0,0
YNL219C,60,58,1,0
YNL213C,5,5,0,0
YNL211C,3,2,1,NA
YNL206C,16,16,NA,0
YNL201C,25,24,1,NA
YNL200C,24,21,1,0
YNL199C,32,32,NA,0
YNL197C,64,62,0,0
YNL195C,7,7,NA,0
YNL185C,57,52,NA,0
YNL183C,57,51,0,0
YNL182C,40,38,0,0
YNL180C,51,51,NA,0
YNL179C,8,6,0,NA
YNL177C,58,53,0,0
YNL176C,30,30,0,0
YNL175C,120,116,0,0
YNL173C,42,39,0,0
YNL169C,46,45,0,0
YNL168C,84,74,1,0
YNL167C,31,31,0,NA
YNL166C,64,58,0,0
YNL164C,12,10,0,0
YNL163C,35,30,0,0
YNL159C,16,15,0,0
YNL156C,46,36,6,0
YNL154C,126,117,4,0
YNL153C,29,26,0,0
YNL151C,34,32,0,0
YNL149C,68,61,0,0
YNL148C,8,8,0,0
YNL146C-A,0,0,0,0
YNL144C,3,3,NA,0
YNL143C,3,2,NA,0
YNL139C,49,48,0,NA
YNL137C,104,89,4,1
YNL135C,412,360,0,2
YNL134C,440,412,0,0
YNL133C,15,13,0,0
YNL130C,93,86,0,0
YNL130C-A,1,0,1,0
YNL125C,14,14,0,0
YNL122C,31,30,NA,0
YNL121C,259,244,0,0
YNL118C,351,347,0,1
YNL115C,40,37,0,0
YNL114C,0,0,0,0
YNL111C,125,92,3,0
YNL110C,99,82,0,0
YNL108C,36,34,0,0
YNL106C,12,12,NA,0
YNL104C,443,422,6,0
YNL099C,32,28,0,0
YNL098C,110,101,0,0
YNL097C-B,0,0,0,0
YNL097C,14,13,0,0
YNL096C,497,429,0,0
YNL095C,11,11,0,0
YNL084C,74,70,0,0
YNL081C,71,51,0,0
YNL080C,10,9,0,0
YNL079C,381,324,0,0
YNL074C,115,102,0,0
YNL069C,1016,904,0,0
YNL068C,30,28,1,1
YNL064C,500,467,11,0
YNL062C,61,58,0,0
YNL059C,27,27,0,0
YNL058C,193,176,0,0
YNL055C,919,839,2,0
YNL050C,23,23,0,0
YNL049C,36,36,0,0
YNL047C,13,13,0,0
YNL043C,0,0,0,0
YNL041C,31,30,0,NA
YNL037C,243,225,4,0
YNL035C,18,16,0,0
YNL031C,525,441,0,1
YNL029C,8,7,0,0
YNL025C,5,5,0,0
YNL024C-A,34,28,2,0
YNL024C,0,0,0,0
YNL023C,18,16,0,0
YNL022C,33,32,0,0
YNL020C,21,21,0,0
YNL019C,1,1,NA,0
YNL011C,19,18,0,0
YNL008C,14,14,0,0
YNL007C,320,294,4,0
YNL005C,88,82,0,0
YNL003C,21,20,0,0
YNL002C,105,99,0,0
YNR001C,239,227,0,0
YNR002C,0,0,0,0
YNR003C,44,44,0,0
YNR007C,22,18,0,0
YNR011C,27,25,0,0
YNR013C,104,103,0,0
YNR016C,779,768,NA,1
YNR020C,13,13,NA,0
YNR022C,38,30,0,0
YNR025C,0,0,0,0
YNR026C,38,38,0,NA
YNR029C,28,27,0,0
YNR031C,19,19,NA,0
YNR032C-A,13,9,0,0
YNR035C,130,122,0,1
YNR036C,89,81,0,0
YNR037C,43,27,0,0
YNR039C,23,22,0,0
YNR041C,40,38,0,0
YNR049C,23,23,0,0
YNR050C,139,130,0,0
YNR051C,30,25,3,0
YNR052C,75,71,1,0
YNR053C,96,93,0,0
YNR054C,46,43,0,0
YNR055C,34,30,4,0
YNR056C,0,0,0,0
YNR061C,25,23,0,0
YNR062C,0,0,0,0
YNR064C,1,1,NA,0
YNR065C,74,74,NA,0
YNR066C,44,44,NA,NA
YNR067C,163,157,0,0
YNR068C,0,0,0,0
YNR069C,0,0,0,0
YNR071C,0,0,0,0
YNR073C,3,3,NA,0
YNR074C,0,0,0,0
YNL327W,263,261,0,0
YNL323W,59,55,0,1
YNL321W,68,67,0,0
YNL320W,20,19,0,0
YNL317W,24,24,0,0
YNL314W,7,7,NA,0
YNL312W,55,53,0,0
YNL309W,31,31,0,0
YNL306W,54,54,0,0
YNL300W,110,80,1,1
YNL299W,9,7,0,0
YNL298W,44,43,NA,0
YNL295W,15,10,2,0
YNL293W,22,20,0,0
YNL292W,46,40,0,0
YNL290W,24,24,0,0
YNL289W,40,34,0,0
YNL288W,30,26,2,0
YNL287W,224,215,3,0
YNL286W,14,13,1,0
YNL281W,102,86,0,0
YNL279W,2,2,0,NA
YNL278W,24,24,0,0
YNL277W-A,0,0,0,0
YNL277W,4,4,NA,0
YNL275W,6,5,0,0
YNL273W,20,20,NA,0
YNL268W,137,135,0,0
YNL267W,32,32,0,0
YNL262W,40,39,NA,0
YNL261W,27,27,0,0
YNL256W,28,27,0,0
YNL253W,18,16,0,0
YNL250W,17,17,NA,0
YNL247W,142,135,NA,0
YNL246W,25,23,0,1
YNL243W,180,174,0,0
YNL242W,8,7,0,NA
YNL239W,131,124,3,0
YNL238W,30,25,1,0
YNL237W,7,7,0,0
YNL236W,21,21,0,0
YNL234W,2,2,0,0
YNL233W,30,30,0,0
YNL232W,45,44,0,0
YNL228W,0,0,0,0
YNL226W,0,0,0,0
YNL223W,6,6,NA,0
YNL222W,35,32,0,0
YNL220W,105,102,1,0
YNL218W,15,12,0,2
YNL217W,11,10,0,0
YNL216W,68,67,1,0
YNL215W,30,28,0,NA
YNL214W,12,11,0,0
YNL212W,42,39,0,0
YNL209W,2070,2024,0,1
YNL208W,451,427,0,0
YNL207W,46,42,0,0
YNL202W,1,1,0,0
YNL193W,13,12,0,0
YNL192W,93,93,0,NA
YNL191W,17,16,0,0
YNL190W,297,275,12,2
YNL189W,162,153,2,0
YNL188W,10,8,0,0
YNL187W,0,0,0,0
YNL186W,54,51,1,0
YNL181W,30,28,0,0
YNL178W,1079,942,0,1
YNL172W,12,12,0,NA
YNL165W,8,7,1,0
YNL162W-A,4,3,0,0
YNL162W,738,587,0,1
YNL161W,74,74,0,0
YNL160W,303,278,0,0
YNL158W,12,8,0,NA
YNL157W,57,44,0,0
YNL155W,49,46,1,0
YNL152W,11,11,0,0
YNL147W,51,42,1,0
YNL146W,5,4,0,0
YNL145W,0,0,0,0
YNL142W,21,20,1,NA
YNL141W,97,86,0,0
YNL138W-A,14,11,0,0
YNL138W,272,263,0,1
YNL136W,10,8,0,NA
YNL132W,95,90,0,0
YNL131W,163,149,0,0
YNL129W,17,17,NA,0
YNL128W,1,1,0,NA
YNL127W,22,22,NA,0
YNL126W,14,13,0,0
YNL124W,26,25,0,0
YNL123W,85,83,0,0
YNL119W,19,19,0,0
YNL117W,3,3,0,0
YNL116W,48,48,0,0
YNL113W,70,58,0,1
YNL112W,184,176,0,0
YNL109W,0,0,0,0
YNL107W,21,17,NA,0
YNL103W-A,0,0,0,0
YNL103W,43,42,1,0
YNL102W,61,60,NA,0
YNL101W,24,22,2,0
YNL100W,47,46,0,0
YNL097W-A,0,0,0,0
YNL094W,8,7,1,0
YNL093W,3,2,0,0
YNL092W,5,5,0,0
YNL091W,36,32,1,NA
YNL090W,18,13,2,0
YNL088W,56,56,0,NA
YNL087W,50,46,NA,0
YNL086W,9,8,0,0
YNL085W,118,107,6,0
YNL083W,15,12,0,2
YNL082W,16,16,0,0
YNL078W,17,17,0,0
YNL077W,15,14,1,0
YNL076W,19,18,0,0
YNL075W,53,51,0,0
YNL073W,27,25,0,0
YNL072W,15,13,0,0
YNL071W,357,342,0,0
YNL070W,86,65,3,1
YNL067W-A,0,0,0,0
YNL067W,442,398,1,0
YNL066W,80,72,2,0
YNL065W,20,18,2,0
YNL063W,6,4,NA,0
YNL061W,146,140,0,NA
YNL057W,1,0,NA,0
YNL056W,30,26,0,0
YNL054W,26,25,NA,0
YNL053W,22,21,1,0
YNL052W,183,161,0,2
YNL051W,24,24,NA,0
YNL048W,29,28,0,1
YNL046W,7,7,NA,0
YNL045W,77,74,NA,1
YNL044W,128,119,0,0
YNL042W,3,3,0,0
YNL040W,50,49,0,0
YNL039W,31,29,0,0
YNL038W,9,9,0,0
YNL036W,79,68,1,0
YNL033W,1,1,0,0
YNL032W,20,18,2,0
YNL030W,330,275,0,0
YNL027W,39,39,0,0
YNL026W,45,43,0,0
YNL021W,20,20,0,0
YNL016W,382,368,0,0
YNL015W,139,104,0,0
YNL014W,15,15,NA,0
YNL012W,8,7,NA,0
YNL010W,206,173,0,0
YNL009W,2,2,NA,0
YNL006W,25,25,0,0
YNL004W,72,70,0,0
YNL001W,45,41,0,0
YNR001W-A,0,0,0,0
YNR004W,3,2,0,0
YNR006W,64,64,0,0
YNR008W,43,37,0,1
YNR009W,30,26,0,0
YNR010W,13,13,0,0
YNR012W,18,17,0,0
YNR014W,8,7,0,0
YNR015W,17,17,0,0
YNR017W,105,87,7,1
YNR018W,138,127,0,0
YNR019W,103,99,0,NA
YNR021W,113,106,0,0
YNR023W,30,30,0,0
YNR024W,23,21,0,0
YNR027W,11,11,0,0
YNR028W,32,32,0,0
YNR030W,54,53,0,0
YNR032W,20,19,1,0
YNR033W,42,42,NA,0
YNR034W,21,20,0,0
YNR034W-A,26,20,1,0
YNR038W,41,40,NA,0
YNR040W,27,24,NA,0
YNR043W,259,241,0,0
YNR044W,8,8,0,0
YNR045W,8,8,0,0
YNR046W,67,55,0,0
YNR047W,26,25,0,0
YNR048W,15,15,0,0
YNR058W,2,2,0,0
YNR059W,5,4,1,0
YNR060W,1,1,0,0
YNR063W,7,7,NA,0
YNR070W,0,0,0,0
YNR072W,0,0,0,0
YNR075W,10,10,0,NA
YOL159C-A,6,4,0,0
YOL159C,15,15,0,0
YOL158C,2,1,0,0
YOL157C,2,2,NA,0
YOL155C,378,375,0,NA
YOL150C,0,0,0,0
YOL148C,11,10,NA,NA
YOL147C,42,35,0,0
YOL145C,69,64,0,1
YOL143C,189,164,2,0
YOL139C,331,305,1,0
YOL138C,17,17,NA,0
YOL136C,29,24,3,2
YOL135C,27,22,0,0
YOL128C,3,2,NA,1
YOL126C,52,50,0,0
YOL124C,25,23,0,0
YOL122C,60,55,0,0
YOL121C,685,607,0,0
YOL120C,970,844,0,0
YOL119C,37,34,0,0
YOL114C,3,3,0,0
YOL111C,78,73,0,0
YOL108C,22,20,NA,0
YOL105C,6,5,1,0
YOL102C,21,18,NA,0
YOL101C,5,4,0,0
YOL097C,150,136,0,0
YOL096C,33,29,0,0
YOL095C,5,4,0,0
YOL094C,47,45,0,0
YOL089C,18,18,NA,0
YOL088C,33,30,0,0
YOL087C,24,23,NA,0
YOL086C,3196,2935,1,2
YOL085C,0,0,0,0
YOL080C,31,29,0,0
YOL077C,95,89,0,0
YOL075C,5,5,NA,NA
YOL073C,5,5,0,0
YOL070C,73,70,0,0
YOL068C,8,8,NA,NA
YOL067C,15,14,NA,0
YOL066C,12,12,0,0
YOL065C,10,9,0,0
YOL064C,67,64,0,0
YOL063C,8,8,0,0
YOL062C,18,17,0,0
YOL060C,40,36,1,0
YOL055C,22,21,NA,0
YOL052C-A,29,20,0,0
YOL052C,68,62,0,1
YOL048C,7,7,0,0
YOL043C,5,5,0,0
YOL041C,119,113,0,0
YOL040C,1035,827,4,1
YOL038C-A,1,0,0,0
YOL037C,0,0,0,0
YOL031C,26,26,0,0
YOL029C,0,0,0,0
YOL028C,10,9,1,NA
YOL027C,81,80,0,0
YOL026C,36,33,0,0
YOL022C,55,53,0,0
YOL021C,80,77,0,0
YOL018C,32,31,0,0
YOL016C,51,48,0,0
YOL013C,17,16,0,0
YOL012C,54,44,3,0
YOL009C,7,7,NA,0
YOL007C,35,30,0,0
YOL006C,54,53,0,0
YOL005C,66,56,0,0
YOL003C,12,10,0,0
YOL002C,28,26,0,1
YOR005C,1,1,NA,0
YOR006C,27,24,0,0
YOR007C,264,244,NA,0
YOR008C,51,44,0,0
YOR008C-A,0,0,0,0
YOR010C,0,0,0,0
YOR016C,31,22,3,0
YOR020C,332,231,0,0
YOR021C,79,76,0,0
YOR022C,7,7,NA,0
YOR023C,27,27,0,0
YOR028C,25,23,0,0
YOR032C,8,7,0,0
YOR033C,8,8,0,0
YOR034C,9,9,0,0
YOR035C,28,28,0,NA
YOR038C,17,16,0,0
YOR041C,1,0,1,0
YOR046C,151,145,0,0
YOR047C,13,12,0,0
YOR048C,49,47,0,0
YOR049C,0,0,0,0
YOR050C,0,0,0,0
YOR051C,99,90,0,0
YOR052C,116,106,0,0
YOR054C,21,20,0,0
YOR056C,57,57,0,0
YOR058C,28,28,NA,0
YOR059C,4,4,0,0
YOR060C,2,2,0,0
YOR062C,13,11,NA,0
YOR064C,5,5,NA,0
YOR067C,45,42,0,0
YOR068C,0,0,0,0
YOR070C,30,29,1,0
YOR071C,17,15,0,0
YOR074C,45,44,0,0
YOR076C,23,22,0,0
YOR079C,15,14,0,0
YOR081C,25,25,0,0
YOR086C,106,103,2,0
YOR089C,61,55,0,0
YOR090C,29,28,1,0
YOR093C,16,15,0,0
YOR095C,27,24,1,0
YOR097C,9,8,0,0
YOR098C,73,71,NA,0
YOR100C,0,0,0,0
YOR103C,25,20,0,0
YOR108C-A,0,0,0,0
YOR115C,16,15,1,0
YOR116C,68,66,0,0
YOR119C,21,19,0,0
YOR121C,0,0,0,0
YOR122C,182,167,0,0
YOR123C,51,50,0,0
YOR124C,56,55,0,0
YOR125C,33,29,0,0
YOR126C,23,23,0,0
YOR128C,4,4,0,0
YOR129C,6,5,0,0
YOR130C,11,10,NA,0
YOR131C,52,50,0,0
YOR137C,1,1,NA,0
YOR138C,33,31,0,0
YOR141C,46,46,0,0
YOR143C,22,22,0,0
YOR144C,19,19,NA,0
YOR145C,85,80,0,0
YOR148C,3,3,0,0
YOR149C,10,10,0,0
YOR151C,128,124,NA,0
YOR152C,18,17,0,0
YOR155C,17,17,NA,0
YOR156C,15,15,0,0
YOR157C,131,122,5,0
YOR159C,15,10,1,0
YOR161C,29,27,0,0
YOR161C-C,0,0,0,0
YOR162C,15,12,2,0
YOR164C,76,74,0,0
YOR166C,16,14,0,0
YOR167C,396,255,0,2
YOR171C,61,56,0,NA
YOR175C,37,33,1,0
YOR177C,7,7,NA,0
YOR178C,21,20,NA,0
YOR179C,14,14,0,0
YOR180C,2,2,0,0
YOR182C,387,316,NA,0
YOR185C,61,54,1,0
YOR186C-A,0,0,0,0
YOR192C,3,3,NA,0
YOR194C,31,30,0,NA
YOR196C,34,33,0,0
YOR198C,591,554,0,0
YOR201C,33,29,0,0
YOR205C,12,12,0,0
YOR207C,73,70,0,0
YOR209C,99,84,0,0
YOR211C,40,40,NA,0
YOR213C,10,10,0,0
YOR215C,70,64,0,0
YOR216C,37,32,2,0
YOR218C,0,0,0,0
YOR219C,20,20,NA,0
YOR221C,28,25,0,0
YOR224C,117,99,0,0
YOR226C,26,21,0,0
YOR228C,4,4,0,0
YOR234C,295,248,0,1
YOR242C,2,2,NA,0
YOR243C,80,77,0,0
YOR245C,22,20,1,0
YOR246C,26,21,0,0
YOR249C,3,3,0,0
YOR250C,24,22,0,0
YOR251C,63,55,0,0
YOR254C,136,132,0,0
YOR256C,19,18,NA,0
YOR259C,154,152,0,0
YOR261C,146,134,0,0
YOR267C,176,171,3,0
YOR270C,246,237,5,0
YOR271C,107,94,0,0
YOR273C,48,48,0,0
YOR275C,13,12,0,0
YOR279C,16,13,1,0
YOR280C,34,29,0,0
YOR281C,45,40,0,0
YOR287C,28,27,0,0
YOR288C,32,32,0,0
YOR290C,62,62,NA,0
YOR292C,5,5,0,0
YOR293C-A,0,0,0,0
YOR297C,21,19,0,0
YOR298C-A,277,234,2,1
YOR304C-A,10,9,NA,0
YOR306C,9,7,0,0
YOR307C,23,22,1,0
YOR308C,16,16,0,0
YOR309C,64,62,NA,0
YOR311C,38,34,0,0
YOR312C,824,723,0,0
YOR313C,0,0,0,0
YOR316C,30,28,0,0
YOR318C,0,0,0,0
YOR320C,31,28,2,0
YOR322C,23,23,NA,0
YOR323C,214,210,0,0
YOR324C,13,13,0,0
YOR327C,56,37,2,2
YOR329C,36,35,NA,0
YOR333C,0,0,0,0
YOR335C,379,368,0,0
YOR339C,0,0,0,0
YOR340C,76,69,1,0
YOR342C,29,24,2,1
YOR343C,0,0,0,0
YOR344C,60,56,1,0
YOR347C,36,30,0,0
YOR348C,55,53,NA,0
YOR350C,16,15,0,0
YOR353C,26,26,NA,NA
YOR354C,81,78,0,0
YOR357C,32,31,0,0
YOR360C,26,24,0,0
YOR361C,356,348,NA,0
YOR362C,145,137,0,1
YOR363C,5,5,0,NA
YOR365C,1,0,NA,0
YOR369C,623,549,6,0
YOR370C,49,42,5,0
YOR371C,10,10,0,0
YOR372C,76,76,0,0
YOR375C,1125,1046,0,0
YOR379C,1,1,0,NA
YOR383C,2,2,0,0
YOL164W,1,1,NA,0
YOL154W,318,295,0,1
YOL152W,9,9,0,0
YOL151W,31,30,0,0
YOL149W,24,23,0,NA
YOL146W,24,23,0,0
YOL144W,21,21,0,0
YOL142W,50,43,0,0
YOL141W,11,11,0,NA
YOL140W,96,86,0,0
YOL137W,21,21,0,0
YOL133W,23,19,0,0
YOL132W,1,1,NA,0
YOL130W,26,23,2,0
YOL129W,49,41,0,0
YOL127W,959,812,0,1
YOL125W,13,11,0,0
YOL123W,219,206,11,NA
YOL117W,10,10,0,NA
YOL116W,10,8,0,0
YOL115W,25,24,0,NA
YOL113W,26,24,0,0
YOL112W,19,15,0,0
YOL110W,6,6,0,0
YOL109W,645,546,3,1
YOL107W,22,20,1,0
YOL103W,17,17,0,0
YOL100W,10,10,NA,0
YOL097W-A,0,0,0,0
YOL093W,47,42,0,0
YOL092W,79,70,0,0
YOL091W,4,4,NA,0
YOL090W,62,60,0,0
YOL086W-A,11,9,0,0
YOL085W-A,0,0,0,0
YOL083W,9,9,0,0
YOL082W,42,39,0,0
YOL081W,17,16,NA,0
YOL078W,16,16,0,0
YOL077W-A,83,53,0,0
YOL076W,47,46,0,0
YOL072W,10,10,NA,0
YOL071W,59,56,NA,0
YOL069W,14,13,0,0
YOL061W,146,141,0,0
YOL059W,140,135,NA,0
YOL058W,497,469,1,0
YOL057W,62,62,0,0
YOL056W,5,4,0,0
YOL054W,20,20,0,0
YOL053W,17,16,NA,0
YOL051W,110,108,NA,NA
YOL049W,78,75,1,0
YOL045W,20,19,1,0
YOL044W,20,20,0,0
YOL042W,15,15,0,0
YOL039W,654,503,0,4
YOL038W,121,110,0,0
YOL036W,23,17,6,0
YOL034W,9,9,0,0
YOL033W,24,23,0,0
YOL032W,27,26,0,0
YOL030W,222,210,1,0
YOL025W,14,14,0,0
YOL024W,0,0,0,0
YOL023W,18,17,0,0
YOL020W,41,37,1,0
YOL019W,63,58,1,0
YOL017W,20,20,0,0
YOL015W,0,0,0,0
YOL014W,2,0,2,0
YOL013W-B,0,0,0,0
YOL013W-A,6,6,NA,0
YOL011W,31,30,0,NA
YOL010W,40,37,0,0
YOL008W,24,22,0,0
YOL004W,119,118,NA,0
YOL001W,6,1,5,NA
YOR001W,51,51,0,0
YOR002W,44,42,0,0
YOR003W,9,9,0,0
YOR004W,37,30,1,0
YOR009W,2,2,NA,0
YOR011W,4,4,NA,0
YOR013W,4,3,NA,0
YOR014W,64,59,4,NA
YOR015W,0,0,0,0
YOR017W,14,14,0,0
YOR018W,29,26,0,NA
YOR019W,1,1,NA,0
YOR020W-A,22,21,0,0
YOR025W,29,28,0,0
YOR026W,6,6,NA,0
YOR027W,704,676,0,0
YOR029W,0,0,0,0
YOR030W,6,6,0,0
YOR031W,10,3,0,0
YOR032W-A,0,0,0,0
YOR036W,25,25,0,0
YOR037W,15,14,0,0
YOR039W,45,39,1,0
YOR040W,20,19,NA,0
YOR042W,104,95,2,0
YOR043W,42,41,0,0
YOR044W,9,5,1,0
YOR045W,98,71,1,0
YOR053W,1,0,1,NA
YOR057W,41,37,0,0
YOR061W,64,53,1,0
YOR063W,1985,1868,0,0
YOR065W,192,172,7,1
YOR066W,38,37,NA,0
YOR069W,51,49,0,0
YOR073W,14,14,0,0
YOR075W,28,25,0,NA
YOR077W,4,4,0,NA
YOR078W,31,30,0,0
YOR080W,8,8,0,NA
YOR084W,5,5,0,0
YOR085W,80,70,1,0
YOR087W,27,25,0,0
YOR091W,110,88,0,0
YOR092W,17,17,0,0
YOR094W,23,21,0,0
YOR096W,880,776,0,0
YOR099W,109,99,0,0
YOR101W,32,24,0,0
YOR102W,0,0,0,0
YOR104W,25,21,1,NA
YOR106W,17,15,1,0
YOR107W,2,2,0,0
YOR108W,135,124,0,0
YOR109W,53,51,2,NA
YOR110W,24,23,0,0
YOR111W,12,9,0,0
YOR112W,60,58,0,0
YOR113W,33,33,NA,0
YOR114W,8,8,0,0
YOR117W,161,158,1,0
YOR118W,10,9,0,0
YOR120W,62,56,1,1
YOR127W,43,43,NA,0
YOR132W,42,42,0,0
YOR133W,2759,2669,3,1
YOR136W,288,269,4,0
YOR140W,19,19,0,0
YOR142W,228,216,2,0
YOR146W,0,0,0,0
YOR147W,15,12,0,0
YOR150W,53,48,0,0
YOR153W,165,158,5,NA
YOR154W,8,8,0,0
YOR158W,65,59,0,0
YOR160W,29,28,0,0
YOR163W,32,27,0,0
YOR165W,94,92,0,0
YOR168W,241,237,0,0
YOR172W,3,2,0,0
YOR173W,18,14,0,0
YOR174W,15,10,0,0
YOR176W,82,80,0,0
YOR181W,57,56,0,0
YOR184W,152,147,0,0
YOR186W,1,0,1,0
YOR187W,304,291,0,0
YOR188W,29,28,0,NA
YOR189W,19,19,0,0
YOR190W,0,0,0,0
YOR191W,19,19,0,0
YOR193W,4,4,0,0
YOR195W,55,52,0,0
YOR197W,123,119,0,0
YOR202W,80,74,0,NA
YOR204W,436,426,NA,0
YOR206W,127,123,0,0
YOR208W,11,11,NA,0
YOR210W,73,44,0,0
YOR212W,34,33,NA,0
YOR217W,78,75,0,0
YOR220W,67,58,0,0
YOR222W,80,75,0,0
YOR223W,26,25,0,0
YOR227W,29,29,NA,0
YOR229W,10,8,0,1
YOR230W,360,319,1,0
YOR231W,16,16,0,0
YOR232W,158,138,4,1
YOR233W,23,23,NA,0
YOR235W,0,0,0,0
YOR236W,17,17,0,0
YOR237W,0,0,0,0
YOR238W,14,13,0,0
YOR239W,117,115,0,NA
YOR241W,51,51,NA,0
YOR244W,21,21,0,0
YOR247W,394,337,17,NA
YOR252W,42,39,0,0
YOR253W,56,52,0,0
YOR255W,0,0,0,0
YOR257W,21,17,0,0
YOR258W,6,5,0,0
YOR260W,62,60,0,0
YOR262W,13,12,0,0
YOR264W,50,50,0,0
YOR265W,49,34,0,0
YOR266W,10,8,1,0
YOR269W,9,9,0,0
YOR272W,55,52,0,0
YOR274W,16,16,NA,NA
YOR276W,176,159,0,0
YOR278W,12,9,0,0
YOR283W,40,34,2,0
YOR284W,12,11,0,0
YOR285W,170,156,NA,0
YOR286W,95,91,NA,0
YOR289W,14,14,NA,0
YOR291W,23,23,NA,0
YOR293W,548,389,0,0
YOR294W,87,80,0,0
YOR295W,10,9,0,0
YOR296W,13,13,0,NA
YOR298W,0,0,0,0
YOR299W,17,17,0,NA
YOR301W,20,20,0,0
YOR303W,295,283,NA,0
YOR304W,31,31,NA,0
YOR305W,7,4,2,NA
YOR314W,0,0,0,0
YOR314W-A,0,0,0,0
YOR315W,23,23,0,0
YOR317W,365,358,0,0
YOR319W,8,7,0,0
YOR321W,29,26,0,0
YOR325W,0,0,0,0
YOR326W,106,104,NA,0
YOR328W,2,2,NA,0
YOR332W,470,424,0,1
YOR334W,7,7,NA,0
YOR336W,37,36,0,0
YOR337W,20,19,NA,0
YOR338W,1,1,0,0
YOR341W,236,231,4,0
YOR346W,13,13,0,0
YOR349W,9,9,0,0
YOR352W,16,16,0,0
YOR355W,71,64,4,0
YOR356W,61,58,0,0
YOR358W,11,11,0,0
YOR359W,22,22,0,0
YOR364W,1,1,0,NA
YOR366W,0,0,0,0
YOR367W,27,23,0,0
YOR368W,10,9,0,0
YOR373W,19,19,NA,0
YOR374W,129,119,0,0
YOR376W-A,0,0,0,0
YOR377W,4,4,0,0
YOR378W,1,1,NA,0
YOR380W,0,0,0,0
YOR381W,0,0,0,0
YOR381W-A,5,0,2,3
YOR382W,2,2,0,0
YOR384W,0,0,0,0
YOR385W,10,10,0,0
YOR386W,26,22,0,NA
YOR389W,26,25,0,0
YOR390W,12,11,NA,0
YPL279C,13,12,NA,0
YPL272C,0,0,0,0
YPL264C,8,8,NA,0
YPL263C,65,60,0,0
YPL261C,0,0,0,0
YPL259C,22,21,0,0
YPL258C,3,1,2,NA
YPL256C,79,76,0,0
YPL253C,8,8,0,0
YPL252C,51,49,0,0
YPL250C,36,31,2,0
YPL249C-A,696,592,1,0
YPL249C,50,50,0,0
YPL248C,1,1,0,0
YPL247C,25,24,NA,0
YPL246C,70,64,0,0
YPL244C,9,8,0,0
YPL242C,57,57,NA,0
YPL241C,11,11,0,0
YPL240C,1107,1089,0,0
YPL236C,2,1,0,0
YPL234C,126,107,0,0
YPL227C,21,18,1,0
YPL224C,13,13,NA,0
YPL223C,2,2,NA,0
YPL222C-A,0,0,0,0
YPL217C,92,90,0,NA
YPL214C,18,17,0,0
YPL212C,99,99,0,NA
YPL210C,108,105,0,0
YPL209C,7,7,0,0
YPL206C,75,74,1,0
YPL205C,0,0,0,0
YPL202C,21,19,0,0
YPL199C,39,36,0,0
YPL197C,0,0,0,0
YPL192C,2,0,1,0
YPL191C,9,7,0,1
YPL190C,174,165,1,0
YPL189C-A,24,19,0,0
YPL186C,4,4,NA,0
YPL184C,34,26,4,0
YPL183C,47,47,0,0
YPL177C,36,34,1,0
YPL176C,52,50,0,0
YPL174C,4,4,NA,0
YPL172C,26,23,0,0
YPL171C,3,2,NA,0
YPL169C,60,59,0,0
YPL167C,2,0,0,NA
YPL165C,0,0,0,0
YPL164C,5,5,0,NA
YPL163C,121,108,0,0
YPL162C,5,4,0,1
YPL161C,16,15,0,NA
YPL159C,38,35,1,0
YPL158C,37,35,0,0
YPL156C,2,0,0,NA
YPL155C,23,22,0,0
YPL154C,330,297,5,2
YPL153C,10,10,NA,0
YPL151C,10,10,0,0
YPL148C,1,0,1,0
YPL146C,61,60,0,0
YPL145C,173,166,2,1
YPL141C,42,40,1,NA
YPL140C,17,16,0,0
YPL139C,25,25,0,0
YPL138C,21,19,0,0
YPL137C,38,37,NA,0
YPL135C-A,0,0,0,0
YPL134C,26,22,0,0
YPL133C,9,9,0,0
YPL128C,32,31,0,0
YPL127C,117,110,0,0
YPL123C,31,29,0,0
YPL122C,15,15,0,0
YPL119C-A,0,0,0,0
YPL119C,4,3,1,NA
YPL117C,195,181,5,0
YPL115C,24,24,NA,0
YPL113C,4,3,0,0
YPL112C,27,27,0,0
YPL110C,90,86,NA,0
YPL109C,6,6,0,0
YPL106C,1061,1041,3,NA
YPL105C,68,68,0,0
YPL103C,14,13,0,1
YPL102C,0,0,0,0
YPL099C,26,22,0,1
YPL098C,65,34,0,1
YPL096C-A,6,5,0,1
YPL095C,14,14,0,0
YPL094C,67,63,0,0
YPL090C,1294,1215,0,0
YPL089C,33,32,0,0
YPL086C,55,47,0,0
YPL083C,18,16,0,0
YPL082C,31,31,NA,0
YPL078C,163,149,2,2
YPL077C,7,5,NA,0
YPL071C,3,3,0,0
YPL069C,18,16,0,0
YPL068C,12,10,0,0
YPL067C,47,37,0,0
YPL064C,17,15,0,0
YPL058C,43,43,NA,0
YPL057C,49,44,0,1
YPL056C,1,1,0,0
YPL055C,27,27,0,0
YPL053C,64,60,2,0
YPL050C,86,79,3,0
YPL049C,62,60,0,0
YPL046C,8,6,0,0
YPL042C,10,9,1,0
YPL041C,2,2,0,0
YPL040C,22,22,NA,0
YPL037C,513,444,0,0
YPL033C,1,1,NA,0
YPL032C,67,64,2,0
YPL031C,48,46,0,1
YPL026C,14,14,0,0
YPL025C,1,1,0,0
YPL023C,31,31,0,0
YPL020C,18,15,1,0
YPL019C,39,36,0,0
YPL017C,3,3,NA,NA
YPL015C,18,18,0,0
YPL013C,29,23,0,0
YPL011C,21,19,0,0
YPL009C,112,110,0,0
YPL007C,13,13,0,0
YPL004C,321,306,0,0
YPL002C,12,10,0,0
YPR002C-A,5,4,1,NA
YPR003C,28,28,0,0
YPR004C,84,78,0,0
YPR005C,22,20,NA,0
YPR006C,8,7,NA,0
YPR007C,1,1,NA,0
YPR010C,192,182,0,0
YPR010C-A,108,60,2,0
YPR011C,16,13,1,0
YPR013C,9,9,0,0
YPR015C,1,1,NA,0
YPR016C,105,94,0,0
YPR017C,11,11,0,0
YPR021C,18,16,NA,0
YPR022C,48,48,NA,0
YPR023C,41,40,0,0
YPR025C,24,22,0,0
YPR027C,0,0,0,0
YPR029C,48,47,0,0
YPR033C,237,237,NA,0
YPR037C,43,38,0,0
YPR042C,24,23,NA,NA
YPR044C,0,0,0,0
YPR045C,27,25,0,0
YPR049C,13,13,0,0
YPR050C,0,0,0,0
YPR052C,67,54,NA,0
YPR053C,53,51,0,NA
YPR060C,40,36,0,0
YPR061C,6,6,0,0
YPR063C,108,91,1,1
YPR068C,0,0,0,0
YPR069C,153,134,0,0
YPR073C,59,50,0,0
YPR074C,816,779,0,0
YPR075C,24,22,1,0
YPR081C,10,10,NA,NA
YPR082C,14,12,0,0
YPR085C,4,4,0,0
YPR088C,151,143,0,0
YPR091C,29,28,0,0
YPR093C,6,6,0,0
YPR095C,12,12,NA,0
YPR098C,47,44,0,0
YPR102C,949,818,0,0
YPR104C,24,24,0,0
YPR105C,28,28,0,0
YPR107C,11,10,0,0
YPR110C,118,113,0,0
YPR112C,80,78,0,NA
YPR120C,28,27,0,0
YPR123C,0,0,0,0
YPR126C,2,0,2,NA
YPR128C,37,34,0,0
YPR133C,89,80,0,0
YPR138C,22,17,1,0
YPR139C,31,25,0,0
YPR141C,31,29,0,0
YPR144C,40,40,0,0
YPR145C-A,4,4,0,NA
YPR146C,0,0,0,0
YPR148C,98,93,0,0
YPR151C,13,11,1,NA
YPR152C,7,6,0,1
YPR155C,18,17,0,0
YPR156C,133,132,1,0
YPR161C,37,37,0,0
YPR162C,11,11,0,0
YPR163C,382,351,2,1
YPR166C,60,43,0,0
YPR167C,9,9,NA,0
YPR170C,0,0,0,0
YPR173C,51,48,0,0
YPR174C,12,12,0,0
YPR176C,26,26,NA,0
YPR179C,8,6,0,0
YPR181C,202,197,0,0
YPR186C,7,6,NA,0
YPR188C,32,30,0,0
YPR190C,38,37,0,0
YPR193C,4,4,NA,0
YPR194C,2,2,NA,0
YPR195C,0,0,0,0
YPR197C,0,0,0,0
YPR199C,17,14,0,0
YPR200C,1,1,NA,0
YPL274W,116,112,0,0
YPL273W,76,69,0,0
YPL271W,95,59,0,0
YPL270W,30,30,0,0
YPL269W,1,1,0,0
YPL268W,7,7,0,0
YPL267W,33,32,0,0
YPL266W,64,59,2,0
YPL265W,59,53,0,0
YPL262W,185,181,NA,0
YPL260W,151,148,0,0
YPL257W,1,1,0,0
YPL255W,2,2,0,0
YPL254W,20,19,0,0
YPL251W,0,0,0,0
YPL245W,22,21,0,0
YPL243W,83,80,0,0
YPL239W,55,47,2,0
YPL237W,184,167,0,0
YPL235W,125,120,0,0
YPL233W,6,6,0,0
YPL232W,86,75,0,0
YPL231W,1221,1219,NA,0
YPL230W,12,12,0,0
YPL229W,15,14,0,0
YPL228W,42,42,0,0
YPL226W,183,173,0,0
YPL225W,128,115,0,0
YPL222W,6,6,0,0
YPL221W,62,52,4,0
YPL220W,1124,1079,0,0
YPL219W,11,11,0,0
YPL218W,155,145,1,0
YPL216W,8,7,NA,NA
YPL215W,72,66,0,0
YPL213W,17,16,0,0
YPL211W,63,59,0,0
YPL208W,19,19,NA,0
YPL207W,65,62,0,0
YPL204W,53,52,1,0
YPL203W,43,41,2,0
YPL200W,0,0,0,0
YPL198W,1003,984,0,0
YPL196W,19,19,0,0
YPL195W,46,46,0,0
YPL194W,11,10,0,0
YPL193W,25,25,0,0
YPL189W,3,3,0,0
YPL188W,57,52,0,0
YPL187W,951,833,10,1
YPL185W,1,1,0,0
YPL183W-A,49,35,1,0
YPL181W,40,36,1,0
YPL180W,22,20,0,0
YPL179W,57,42,8,0
YPL178W,66,60,2,0
YPL175W,15,13,1,0
YPL173W,78,72,0,0
YPL170W,51,47,2,0
YPL168W,4,4,0,0
YPL166W,8,8,0,0
YPL160W,389,380,0,0
YPL157W,9,8,0,0
YPL152W,40,39,0,0
YPL150W,11,11,NA,0
YPL149W,3,2,0,0
YPL147W,5,5,NA,0
YPL144W,10,10,0,0
YPL143W,570,448,0,3
YPL135W,86,71,0,0
YPL132W,6,5,0,0
YPL131W,1473,1377,0,2
YPL129W,71,61,0,0
YPL126W,73,69,1,NA
YPL125W,50,50,0,NA
YPL124W,17,16,0,0
YPL120W,16,15,0,0
YPL118W,104,97,0,0
YPL116W,29,27,NA,0
YPL114W,2,2,0,0
YPL111W,136,126,1,0
YPL108W,4,4,NA,0
YPL107W,10,9,0,0
YPL104W,24,24,0,0
YPL101W,43,39,0,0
YPL100W,21,20,0,0
YPL097W,31,29,0,0
YPL096W,19,17,0,1
YPL093W,107,94,0,0
YPL092W,6,5,1,0
YPL091W,139,137,NA,0
YPL088W,20,19,0,0
YPL087W,46,40,0,0
YPL085W,117,116,NA,0
YPL084W,68,65,0,0
YPL081W,423,389,0,0
YPL079W,703,619,0,1
YPL076W,3,2,1,0
YPL075W,15,15,NA,0
YPL074W,14,14,0,0
YPL072W,6,4,1,0
YPL070W,29,26,0,0
YPL066W,10,10,0,0
YPL065W,18,17,NA,0
YPL063W,152,145,1,0
YPL062W,0,0,0,0
YPL061W,855,796,4,0
YPL060W,5,4,0,0
YPL059W,96,79,0,0
YPL054W,6,6,0,NA
YPL052W,17,15,0,0
YPL051W,17,15,0,0
YPL048W,339,322,0,1
YPL047W,7,6,1,0
YPL045W,17,13,1,0
YPL043W,104,103,0,NA
YPL038W,8,7,0,0
YPL036W,148,148,NA,NA
YPL034W,6,2,3,0
YPL030W,30,29,0,0
YPL029W,19,19,0,0
YPL028W,451,415,0,0
YPL027W,0,0,0,0
YPL024W,11,11,0,0
YPL022W,12,11,1,0
YPL018W,4,4,0,0
YPL016W,37,37,NA,0
YPL014W,18,18,0,0
YPL012W,108,104,0,NA
YPL010W,101,93,1,0
YPL008W,6,4,1,0
YPL006W,47,45,0,0
YPL005W,3,3,0,0
YPL003W,12,11,0,0
YPL001W,14,14,0,0
YPR001W,3,3,0,0
YPR002W,21,20,0,0
YPR008W,40,39,0,0
YPR009W,5,4,0,0
YPR012W,0,0,0,0
YPR018W,24,23,0,0
YPR019W,56,54,0,0
YPR020W,68,62,0,1
YPR024W,101,94,4,1
YPR026W,7,7,NA,NA
YPR028W,236,212,0,0
YPR030W,8,8,NA,0
YPR031W,13,13,0,NA
YPR032W,36,35,NA,0
YPR034W,54,50,0,0
YPR035W,453,431,2,0
YPR036W,304,294,0,0
YPR036W-A,172,115,4,0
YPR040W,39,37,NA,0
YPR041W,277,255,0,1
YPR043W,499,319,3,0
YPR046W,6,6,0,0
YPR047W,34,33,0,0
YPR048W,23,22,0,0
YPR051W,27,22,0,1
YPR054W,0,0,0,0
YPR055W,24,22,0,NA
YPR056W,28,24,0,0
YPR057W,10,10,NA,0
YPR058W,52,49,0,0
YPR062W,80,64,0,0
YPR065W,65,60,0,0
YPR066W,5,5,NA,NA
YPR067W,10,8,0,1
YPR070W,15,14,0,1
YPR071W,3,3,0,0
YPR072W,84,78,4,0
YPR079W,26,23,0,0
YPR080W,7546,7248,1,0
YPR083W,5,5,0,0
YPR084W,4,2,1,0
YPR086W,46,45,0,0
YPR087W,0,0,0,0
YPR089W,40,40,0,0
YPR094W,29,26,0,0
YPR097W,34,32,0,0
YPR100W,45,33,0,0
YPR101W,12,9,0,0
YPR103W,104,89,0,0
YPR106W,21,19,0,NA
YPR108W,138,129,5,0
YPR108W-A,0,0,0,0
YPR109W,10,8,2,NA
YPR111W,20,20,0,0
YPR113W,77,63,0,0
YPR114W,51,47,0,0
YPR115W,15,15,NA,0
YPR116W,2,2,NA,0
YPR117W,1,1,0,NA
YPR118W,57,55,0,0
YPR119W,32,30,2,0
YPR121W,0,0,0,0
YPR122W,17,17,NA,0
YPR124W,54,54,0,0
YPR125W,55,53,0,1
YPR127W,23,20,0,0
YPR129W,131,126,0,0
YPR132W,905,735,0,3
YPR133W-A,61,38,1,2
YPR134W,6,5,0,0
YPR135W,21,20,NA,0
YPR137W,46,43,0,0
YPR140W,26,23,2,0
YPR143W,39,34,0,0
YPR145W,390,382,0,2
YPR149W,331,263,6,1
YPR150W,1,0,1,NA
YPR153W,3,3,0,0
YPR154W,75,73,0,0
YPR157W,3,2,0,0
YPR158W,32,26,1,0
YPR159W,169,167,1,0
YPR160W,154,147,1,0
YPR164W,9,6,0,2
YPR165W,278,251,1,0
YPR169W,28,28,0,0
YPR170W-B,107,73,NA,1
YPR171W,31,31,0,0
YPR172W,47,46,0,0
YPR175W,26,25,0,0
YPR178W,16,14,1,0
YPR180W,30,29,0,0
YPR182W,21,15,1,0
YPR183W,332,299,2,0
YPR184W,32,31,NA,0
YPR185W,16,15,1,0
YPR187W,81,78,0,0
YPR189W,91,91,NA,0
YPR191W,220,205,0,0
YPR192W,1,1,0,0
YPR196W,1,1,0,0
YPR198W,40,37,1,0
YPR201W,2,1,NA,1