trx,cds,utr5,utr3,
YAL067C,16,14,NA,2
YAL063C-A,30,4,23,1
YAL063C,140,135,NA,5
YAL054C,67,53,NA,13
YAL049C,335,236,19,41
YAL047C,71,66,2,0
YAL046C,150,95,1,27
YAL044C,568,444,0,33
YAL043C,462,429,0,17
YAL040C,820,653,104,35
YAL039C,422,349,11,37
YAL037C-A,0,0,0,0
YAL036C,306,290,3,0
YAL034C-B,1,1,NA,0
YAL034C,148,104,30,9
YAL032C,82,73,0,6
YAL031C,169,153,1,8
YAL029C,616,599,NA,13
YAL026C-A,49,46,NA,0
YAL026C,547,545,0,NA
YAL025C,194,146,2,36
YAL024C,175,167,NA,8
YAL023C,1994,1781,87,67
YAL022C,327,300,0,12
YAL021C,875,782,12,62
YAL020C,75,60,NA,12
YAL018C,7,1,0,5
YAL015C,96,92,NA,0
YAL014C,131,99,10,13
YAL010C,88,82,0,5
YAL007C,463,313,30,76
YAL005C,16677,16186,145,NA
YAL001C,195,194,0,NA
YAR002C-A,635,488,0,60
YAR007C,390,356,14,5
YAR014C,324,275,19,21
YAR018C,209,182,0,9
YAR019C,197,195,NA,2
YAR023C,29,12,14,NA
YAR047C,0,0,0,0
YAL066W,0,0,0,0
YAL064W-B,42,12,24,6
YAL062W,119,115,NA,3
YAL061W,80,55,3,15
YAL060W,474,436,2,20
YAL059W,127,86,NA,38
YAL058W,176,165,0,8
YAL056W,224,208,1,5
YAL055W,17,13,0,4
YAL053W,1198,1063,59,37
YAL051W,173,163,NA,8
YAL047W-A,1,0,NA,1
YAL044W-A,225,145,NA,46
YAL042W,732,662,0,28
YAL041W,295,283,1,5
YAL038W,34824,30865,302,1779
YAL037W,16,15,NA,NA
YAL035W,1760,1721,10,NA
YAL034W-A,33,26,0,5
YAL033W,141,117,NA,12
YAL030W,226,131,3,38
YAL028W,59,52,3,0
YAL027W,60,51,NA,6
YAL019W,421,406,NA,7
YAL017W,640,591,40,NA
YAL016W,757,690,24,13
YAL013W,149,125,3,14
YAL012W,1886,1659,45,89
YAL011W,77,69,NA,5
YAL009W,67,60,NA,7
YAL008W,120,90,0,18
YAL004W,285,0,276,9
YAL003W,5750,4148,0,882
YAL002W,266,257,NA,3
YAR002W,279,240,8,17
YAR003W,134,92,1,32
YAR008W,45,34,1,5
YAR015W,323,246,16,35
YAR019W-A,24,1,NA,22
YAR027W,286,197,29,40
YAR028W,90,52,5,20
YAR029W,6,0,5,0
YAR031W,46,35,NA,7
YAR033W,46,39,0,3
YAR035W,45,44,NA,1
YAR042W,505,472,NA,26
YAR050W,217,214,NA,3
YAR053W,3,2,0,NA
YAR071W,177,171,NA,0
YBL113C,3891,3798,NA,52
YBL107C,143,99,NA,27
YBL106C,106,105,NA,0
YBL105C,422,385,21,10
YBL104C,195,184,NA,8
YBL103C,164,114,23,25
YBL101C,486,460,NA,25
YBL093C,137,94,6,21
YBL091C-A,41,34,NA,7
YBL091C,496,443,2,24
YBL088C,267,260,NA,6
YBL087C,2691,1981,29,308
YBL086C,55,46,2,3
YBL084C,214,204,NA,5
YBL080C,118,107,0,5
YBL078C,115,52,3,45
YBL076C,3584,3400,0,95
YBL075C,144,135,NA,4
YBL074C,31,30,NA,NA
YBL072C,8079,6794,0,582
YBL071C,0,0,0,0
YBL070C,11,1,10,NA
YBL067C,351,302,44,NA
YBL066C,267,233,1,30
YBL064C,492,423,6,29
YBL061C,318,283,7,5
YBL059C-A,232,110,6,75
YBL057C,166,127,0,21
YBL055C,137,125,0,6
YBL052C,156,143,8,1
YBL051C,521,436,11,56
YBL047C,1748,1586,44,87
YBL045C,1738,1362,133,168
YBL042C,614,575,3,17
YBL040C,336,274,17,16
YBL039C,915,856,NA,51
YBL036C,268,229,0,20
YBL035C,179,172,1,2
YBL034C,259,239,NA,16
YBL033C,189,158,2,13
YBL030C,4001,2745,402,634
YBL029C-A,106,56,12,20
YBL028C,138,79,5,43
YBL023C,368,321,5,33
YBL022C,1019,947,23,13
YBL021C,37,26,0,5
YBL018C,134,114,6,6
YBL017C,988,964,NA,14
YBL014C,169,159,0,8
YBL010C,78,68,NA,8
YBL007C,1355,1301,17,7
YBL006C,206,133,0,64
YBL003C,1460,925,18,320
YBL001C,497,328,0,62
YBR001C,341,320,1,10
YBR002C,82,71,0,9
YBR004C,164,142,0,8
YBR007C,147,132,NA,12
YBR008C,93,74,7,9
YBR009C,1222,840,42,265
YBR011C,3344,2745,56,311
YBR012C,0,0,0,0
YBR013C,0,0,0,0
YBR014C,197,141,4,26
YBR015C,928,772,40,71
YBR017C,614,566,11,22
YBR018C,7,4,0,1
YBR019C,7,6,NA,0
YBR023C,1152,1102,NA,38
YBR025C,2166,1786,28,234
YBR026C,399,338,NA,42
YBR028C,153,136,6,3
YBR029C,502,434,9,29
YBR034C,386,312,0,49
YBR035C,558,454,5,54
YBR036C,664,530,9,87
YBR037C,228,198,2,19
YBR042C,149,132,1,6
YBR043C,239,201,13,15
YBR044C,166,151,2,4
YBR045C,39,38,NA,1
YBR046C,130,100,5,18
YBR049C,348,303,9,29
YBR050C,9,7,2,0
YBR052C,312,215,31,22
YBR053C,309,269,0,19
YBR055C,201,189,0,8
YBR057C,117,81,9,14
YBR058C,307,294,0,0
YBR058C-A,222,99,10,52
YBR059C,704,671,14,NA
YBR060C,162,151,4,1
YBR061C,154,125,0,21
YBR062C,95,75,0,14
YBR063C,122,108,6,8
YBR065C,98,89,0,NA
YBR066C,60,55,NA,5
YBR067C,886,657,45,99
YBR068C,1202,1006,6,141
YBR069C,838,716,21,64
YBR070C,84,73,0,2
YBR072C-A,6,2,NA,4
YBR076C-A,55,25,NA,24
YBR077C,120,98,9,NA
YBR079C,2028,1937,16,42
YBR080C,603,548,3,28
YBR081C,299,284,NA,10
YBR082C,1519,997,135,208
YBR084C-A,3998,3190,3,170
YBR085C-A,1441,495,40,641
YBR086C,1420,1265,80,37
YBR088C,395,358,4,5
YBR089C-A,289,146,NA,104
YBR091C,107,58,5,26
YBR092C,1690,1590,14,21
YBR093C,548,531,1,3
YBR095C,92,82,1,4
YBR099C,13,5,7,NA
YBR101C,237,213,6,8
YBR102C,223,207,4,7
YBR103C-A,0,0,0,0
YBR105C,91,80,0,8
YBR107C,28,14,0,13
YBR109C,1349,750,52,347
YBR111C,484,420,NA,37
YBR112C,1149,1119,NA,17
YBR115C,1279,1241,NA,24
YBR120C,158,103,20,15
YBR121C,2139,2012,54,NA
YBR122C,313,211,8,64
YBR123C,163,153,2,2
YBR125C,199,156,26,11
YBR126C,1345,1117,46,112
YBR127C,2895,2495,40,297
YBR128C,22,20,0,NA
YBR129C,97,83,3,4
YBR130C,178,153,7,11
YBR132C,307,235,21,41
YBR133C,447,408,10,16
YBR138C,146,129,1,8
YBR140C,1092,1071,NA,10
YBR141C,45,40,0,4
YBR143C,1028,897,5,83
YBR144C,0,0,0,0
YBR150C,218,209,0,5
YBR154C,308,249,17,24
YBR156C,99,91,0,8
YBR157C,41,35,NA,2
YBR162C,2509,1987,210,201
YBR164C,319,206,42,45
YBR166C,323,285,5,15
YBR167C,28,21,NA,3
YBR169C,492,435,0,34
YBR170C,212,178,3,17
YBR172C,324,274,13,24
YBR173C,406,259,11,88
YBR174C,16,0,2,14
YBR177C,966,834,1,76
YBR179C,260,245,6,3
YBR181C,6773,5880,86,341
YBR182C,91,67,NA,22
YBR182C-A,2,1,0,1
YBR185C,203,168,0,23
YBR188C,71,40,11,14
YBR193C,109,81,1,19
YBR195C,90,79,0,5
YBR196C,8504,7587,110,413
YBR197C,102,59,0,35
YBR198C,307,274,5,14
YBR201C-A,42,13,4,21
YBR204C,131,108,5,12
YBR208C,490,421,51,12
YBR211C,50,45,3,NA
YBR216C,153,131,2,15
YBR218C,2618,2473,9,74
YBR221C,1934,1242,315,252
YBR222C,686,589,12,36
YBR223C,110,104,0,4
YBR229C,610,570,0,22
YBR230C,545,369,14,87
YBR231C,52,45,1,2
YBR234C,744,657,17,34
YBR236C,256,225,5,13
YBR238C,201,192,NA,NA
YBR239C,118,105,5,6
YBR240C,30,24,NA,6
YBR241C,132,117,2,5
YBR243C,227,201,0,15
YBR245C,437,435,NA,NA
YBR247C,291,240,0,29
YBR248C,402,360,5,18
YBR249C,2168,1813,95,157
YBR254C,89,67,0,16
YBR255C-A,68,38,1,15
YBR256C,522,448,0,38
YBR258C,31,20,1,8
YBR260C,243,219,0,21
YBR261C,234,171,2,32
YBR262C,126,66,3,33
YBR264C,52,51,0,0
YBR269C,258,160,0,59
YBR270C,46,36,10,0
YBR272C,202,172,0,28
YBR273C,228,204,0,13
YBR275C,304,303,NA,NA
YBR276C,418,406,3,3
YBR277C,1,0,NA,1
YBR280C,116,107,0,7
YBR281C,270,245,0,12
YBR283C,1152,910,99,99
YBR288C,219,198,2,8
YBR291C,77,67,1,4
YBR292C,44,9,31,NA
YBR296C,18,14,0,4
YBR298C,81,56,17,0
YBL102W,290,218,16,29
YBL100W-C,2,0,1,1
YBL099W,4053,3154,562,208
YBL098W,382,353,NA,10
YBL097W,87,72,4,8
YBL095W,114,89,0,14
YBL092W,5447,3991,230,617
YBL090W,202,142,0,25
YBL089W,102,89,0,1
YBL085W,281,275,NA,4
YBL081W,225,188,24,9
YBL079W,856,830,7,NA
YBL071W-A,101,40,4,41
YBL068W,255,206,2,22
YBL063W,96,94,0,NA
YBL060W,88,84,0,0
YBL059W,39,36,NA,2
YBL058W,589,507,3,43
YBL056W,599,463,9,97
YBL054W,175,146,14,9
YBL050W,271,214,13,17
YBL048W,16,13,NA,0
YBL046W,96,74,NA,15
YBL043W,47,36,2,8
YBL041W,439,370,4,23
YBL039W-B,33,9,13,7
YBL038W,221,180,13,7
YBL037W,405,375,13,8
YBL032W,450,351,22,51
YBL031W,56,43,0,4
YBL029W,69,57,NA,7
YBL027W,4330,3363,58,242
YBL026W,255,123,41,53
YBL025W,52,29,3,18
YBL024W,573,558,5,NA
YBL020W,228,213,2,4
YBL019W,70,66,NA,3
YBL016W,191,159,NA,20
YBL015W,295,235,5,45
YBL011W,507,441,10,37
YBL009W,216,204,1,3
YBL008W,175,165,NA,7
YBL005W,127,117,2,8
YBL004W,1146,1115,NA,11
YBL002W,999,629,4,211
YBR003W,354,316,2,17
YBR005W,121,85,9,25
YBR006W,103,91,0,9
YBR010W,2347,1756,27,275
YBR016W,233,126,5,63
YBR020W,16,13,0,2
YBR021W,324,291,5,16
YBR022W,99,63,2,18
YBR024W,117,98,11,NA
YBR030W,117,106,2,3
YBR031W,8617,7783,0,458
YBR033W,34,32,NA,1
YBR038W,950,870,8,47
YBR039W,1069,819,34,136
YBR041W,416,374,1,22
YBR047W,15,12,0,3
YBR048W,4665,3438,0,821
YBR051W,3,3,NA,0
YBR054W,2110,1278,324,438
YBR056W,329,313,0,4
YBR056W-A,129,26,5,82
YBR071W,444,282,20,106
YBR072W,173,113,9,36
YBR073W,652,638,NA,8
YBR074W,471,453,NA,5
YBR076W,6,5,NA,1
YBR078W,6505,4882,499,791
YBR083W,280,259,8,NA
YBR084W,1208,1151,0,26
YBR085W,18,16,1,0
YBR087W,264,233,0,17
YBR094W,324,299,10,NA
YBR096W,426,339,13,27
YBR097W,235,224,NA,8
YBR098W,46,42,0,3
YBR103W,126,105,16,3
YBR104W,116,106,5,3
YBR106W,1409,1065,43,180
YBR108W,393,361,2,23
YBR110W,261,227,0,22
YBR111W-A,124,60,5,33
YBR114W,144,131,5,7
YBR118W,45548,41773,61,1464
YBR119W,77,55,2,12
YBR131W,52,50,0,2
YBR135W,270,171,27,40
YBR136W,356,334,NA,18
YBR137W,184,142,NA,27
YBR139W,629,566,NA,39
YBR141W-A,12,1,0,8
YBR142W,290,258,5,15
YBR145W,111,90,3,6
YBR146W,535,363,10,117
YBR147W,49,42,3,0
YBR148W,29,28,NA,1
YBR149W,1022,841,14,91
YBR151W,393,275,37,49
YBR152W,21,19,0,NA
YBR153W,61,44,3,8
YBR155W,111,104,2,3
YBR158W,507,374,60,56
YBR159W,609,530,10,35
YBR160W,301,245,10,25
YBR161W,145,125,7,9
YBR162W-A,262,113,0,67
YBR163W,123,114,4,1
YBR165W,75,56,1,14
YBR168W,71,57,10,NA
YBR171W,211,157,10,19
YBR175W,52,43,NA,6
YBR176W,92,78,5,1
YBR178W,8,8,0,0
YBR183W,236,192,11,16
YBR184W,31,29,NA,2
YBR186W,8,8,0,NA
YBR187W,352,244,27,59
YBR189W,4568,3488,74,385
YBR192W,240,172,29,27
YBR194W,76,41,10,15
YBR199W,430,357,27,25
YBR200W,207,171,3,26
YBR201W,98,66,15,8
YBR202W,507,445,11,26
YBR203W,326,274,13,31
YBR205W,532,506,7,NA
YBR207W,219,179,5,23
YBR210W,67,58,1,0
YBR212W,421,330,52,23
YBR213W,70,47,4,17
YBR214W,514,444,11,31
YBR215W,143,125,0,11
YBR217W,42,29,0,10
YBR225W,212,184,NA,24
YBR228W,28,22,NA,4
YBR230W-A,108,39,5,41
YBR233W,98,70,7,9
YBR233W-A,52,29,1,15
YBR235W,302,283,4,11
YBR237W,120,111,1,4
YBR242W,194,138,27,14
YBR244W,39,23,2,6
YBR246W,181,151,3,20
YBR250W,13,12,1,NA
YBR251W,233,188,5,22
YBR252W,262,204,0,21
YBR253W,86,53,12,4
YBR255W,76,71,0,4
YBR257W,64,54,4,1
YBR259W,100,93,1,3
YBR263W,741,701,3,9
YBR265W,205,171,0,15
YBR267W,199,174,0,12
YBR268W,173,105,0,39
YBR271W,80,66,3,3
YBR274W,149,139,4,0
YBR278W,59,46,0,9
YBR279W,179,164,3,5
YBR282W,195,126,8,37
YBR284W,68,61,4,NA
YBR285W,25,15,NA,9
YBR286W,2273,2084,10,63
YBR287W,543,472,13,30
YBR289W,355,348,0,1
YBR290W,149,132,0,7
YBR293W,69,62,NA,5
YBR294W,2,1,NA,0
YBR295W,200,188,NA,9
YBR297W,86,68,1,15
YBR299W,110,105,2,0
YCL064C,124,105,0,10
YCL061C,304,290,4,NA
YCL059C,575,457,9,53
YCL057C-A,708,499,20,19
YCL056C,66,58,NA,0
YCL052C,602,498,8,57
YCL050C,1303,1110,30,70
YCL049C,589,483,8,44
YCL047C,244,217,NA,9
YCL045C,1763,1617,38,39
YCL044C,505,405,5,68
YCL043C,7574,7180,NA,201
YCL041C,566,508,2,NA
YCL038C,326,303,4,8
YCL037C,1574,1120,63,339
YCL035C,1097,649,5,206
YCL033C,507,448,NA,36
YCL031C,453,394,5,29
YCL030C,1674,1577,15,38
YCL029C,218,156,0,58
YCL026C-B,194,164,4,9
YCL026C-A,10,3,NA,6
YCL025C,1678,1551,15,55
YCL017C,1358,1148,74,65
YCL016C,185,155,2,16
YCL012C,374,234,6,69
YCL011C,764,678,9,42
YCL010C,167,150,0,5
YCL009C,3787,2968,0,481
YCL008C,418,350,NA,40
YCL002C,168,131,1,22
YCR002C,874,714,45,35
YCR004C,1486,981,141,217
YCR005C,1932,1571,26,206
YCR007C,71,42,20,2
YCR009C,679,546,25,80
YCR010C,4,0,NA,3
YCR011C,1141,1069,27,10
YCR014C,93,90,NA,0
YCR015C,124,102,0,10
YCR017C,1598,1453,16,86
YCR020C,49,45,NA,1
YCR020C-A,293,160,0,101
YCR021C,46,37,2,4
YCR022C,12,4,1,7
YCR023C,447,366,7,59
YCR024C,415,373,0,28
YCR024C-B,3355,1638,0,1149
YCR024C-A,1670,318,973,NA
YCR025C,15,5,NA,9
YCR026C,566,479,8,60
YCR027C,214,92,29,82
YCR028C,344,285,10,37
YCR028C-A,1038,532,63,264
YCR030C,1512,1322,29,97
YCR031C,7907,5352,0,1357
YCR035C,354,284,0,37
YCR037C,687,646,NA,28
YCR038C,165,139,NA,7
YCR042C,762,738,0,NA
YCR043C,505,291,13,122
YCR044C,270,236,0,11
YCR045C,3,3,0,0
YCR046C,636,493,NA,97
YCR047C,291,205,6,62
YCR054C,193,173,3,8
YCR057C,941,866,19,31
YCR059C,474,386,0,52
YCR064C,4,4,NA,NA
YCR067C,1197,1107,29,31
YCR071C,345,238,17,41
YCR072C,394,341,4,24
YCR073C,428,408,4,5
YCR075C,156,127,0,17
YCR076C,151,134,0,9
YCR077C,1676,1534,27,78
YCR084C,2569,2116,200,172
YCR087C-A,185,135,6,23
YCR090C,378,290,14,22
YCR092C,298,277,0,16
YCR095C,163,143,3,7
YCR098C,51,42,NA,6
YCR102C,70,60,0,7
YCL063W,321,269,3,26
YCL058W-A,96,79,0,11
YCL057W,1551,1447,0,64
YCL055W,161,132,1,16
YCL054W,667,613,0,33
YCL051W,325,262,41,13
YCL048W,16,13,NA,3
YCL040W,4766,4181,NA,434
YCL039W,420,403,0,6
YCL036W,222,198,NA,15
YCL034W,465,424,4,19
YCL032W,222,188,2,15
YCL028W,1177,1040,13,60
YCL027W,29,27,0,1
YCL024W,427,409,7,NA
YCL021W-A,57,39,7,2
YCL018W,395,353,0,20
YCL014W,1041,988,18,26
YCL005W-A,710,433,20,137
YCL005W,184,152,2,22
YCL004W,206,181,8,7
YCL001W,492,385,4,43
YCR003W,403,318,2,40
YCR008W,910,611,177,101
YCR012W,37620,32073,354,3133
YCR016W,240,197,0,29
YCR019W,143,101,17,14
YCR020W-B,165,30,2,97
YCR032W,475,466,NA,4
YCR033W,597,545,NA,44
YCR034W,1842,1515,10,179
YCR036W,538,470,NA,28
YCR045W-A,139,34,52,48
YCR048W,378,300,6,51
YCR051W,499,346,3,108
YCR052W,896,688,14,127
YCR053W,3867,3527,63,83
YCR061W,782,633,4,123
YCR063W,171,56,2,95
YCR065W,620,481,36,83
YCR066W,127,107,0,9
YCR068W,229,203,20,0
YCR069W,610,432,72,65
YCR073W-A,454,390,0,26
YCR075W-A,122,87,0,11
YCR079W,205,169,0,23
YCR081W,378,375,0,NA
YCR082W,502,349,12,63
YCR083W,249,184,0,41
YCR085W,5,4,1,NA
YCR086W,147,124,3,NA
YCR088W,2578,2269,46,155
YCR089W,339,332,NA,2
YCR091W,152,125,11,10
YCR093W,3128,3058,6,34
YCR094W,471,391,6,52
YCR095W-A,87,4,7,74
YCR097W,0,0,0,0
YCR105W,26,23,NA,2
YCR106W,202,196,0,NA
YCR107W,135,97,NA,31
YDL243C,70,43,18,8
YDL239C,55,51,NA,0
YDL238C,98,90,1,5
YDL235C,524,291,74,94
YDL234C,258,231,18,3
YDL231C,247,243,NA,1
YDL227C,171,166,NA,2
YDL226C,440,336,1,66
YDL224C,477,389,48,25
YDL222C,51,50,NA,NA
YDL220C,159,141,NA,15
YDL217C,130,92,23,1
YDL216C,44,37,NA,6
YDL215C,482,452,NA,20
YDL214C,37,31,1,4
YDL213C,186,160,0,11
YDL211C,45,38,0,3
YDL209C,52,40,0,8
YDL205C,152,115,16,15
YDL203C,209,168,21,16
YDL200C,80,66,NA,6
YDL199C,88,76,1,6
YDL198C,587,493,7,52
YDL197C,94,83,0,8
YDL190C,508,434,33,26
YDL188C,482,391,45,28
YDL187C,18,5,11,NA
YDL184C,4764,388,60,3321
YDL183C,36,32,1,1
YDL177C,49,33,2,12
YDL175C,75,55,0,14
YDL174C,530,509,4,NA
YDL171C,4245,4017,186,NA
YDL169C,33,22,NA,5
YDL167C,257,217,7,24
YDL166C,104,82,4,12
YDL164C,235,192,1,30
YDL160C-A,81,34,0,38
YDL160C,676,474,61,119
YDL157C,241,163,2,28
YDL153C,197,182,0,10
YDL148C,270,260,0,NA
YDL145C,2129,1898,121,74
YDL144C,224,200,0,20
YDL142C,94,80,5,4
YDL140C,2203,2137,NA,41
YDL139C,37,30,NA,4
YDL135C,313,206,1,87
YDL134C,579,418,122,22
YDL133C-A,4467,388,0,3432
YDL126C,3485,3264,50,70
YDL125C,563,400,NA,104
YDL121C,184,132,0,40
YDL119C,118,93,3,16
YDL115C,68,56,1,8
YDL113C,130,108,3,8
YDL111C,230,188,5,11
YDL110C,275,135,16,86
YDL109C,79,56,NA,22
YDL106C,165,149,3,9
YDL104C,39,36,0,2
YDL103C,338,306,9,10
YDL101C,235,209,0,11
YDL100C,1008,850,19,52
YDL098C,56,43,0,11
YDL097C,751,659,9,41
YDL094C,3,3,0,0
YDL091C,140,117,9,9
YDL090C,110,93,0,10
YDL088C,298,249,17,28
YDL087C,59,42,0,15
YDL086C-A,7,1,3,3
YDL085C-A,114,50,12,34
YDL083C,3174,2083,0,689
YDL081C,3422,1618,392,776
YDL080C,143,123,NA,14
YDL079C,26,24,NA,1
YDL078C,684,573,19,52
YDL077C,218,213,NA,1
YDL076C,125,91,14,16
YDL074C,293,264,7,13
YDL072C,836,612,48,101
YDL069C,46,37,5,2
YDL067C,443,111,22,205
YDL065C,85,77,0,3
YDL063C,262,234,13,8
YDL061C,1945,742,1,773
YDL059C,23,18,2,NA
YDL055C,4653,3612,356,512
YDL054C,185,167,3,6
YDL053C,390,230,70,57
YDL052C,306,268,3,23
YDL049C,50,30,5,11
YDL048C,85,77,0,4
YDL045C,116,95,6,9
YDL044C,81,71,2,4
YDL043C,72,44,2,22
YDL042C,152,132,5,6
YDL040C,912,875,3,23
YDL039C,26,22,NA,3
YDL036C,105,84,NA,13
YDL035C,265,242,NA,18
YDL033C,68,58,0,7
YDL028C,189,147,12,23
YDL027C,220,186,4,21
YDL025C,205,170,15,8
YDL024C,18,16,NA,2
YDL020C,349,276,28,29
YDL019C,584,569,NA,7
YDL018C,159,129,6,8
YDL015C,542,494,5,NA
YDL012C,191,116,0,49
YDL009C,16,6,10,NA
YDL005C,197,153,0,35
YDL002C,107,62,6,29
YDR001C,991,926,NA,35
YDR005C,160,124,13,15
YDR006C,337,305,15,10
YDR008C,18,2,NA,16
YDR010C,8,4,3,0
YDR016C,74,48,0,16
YDR017C,287,261,NA,19
YDR018C,48,43,NA,4
YDR019C,379,329,NA,33
YDR020C,66,44,NA,19
YDR022C,54,45,0,6
YDR026C,100,87,6,3
YDR027C,189,182,2,2
YDR028C,799,714,NA,68
YDR030C,58,55,0,0
YDR032C,1105,740,96,192
YDR034C,200,190,3,3
YDR036C,238,211,0,20
YDR038C,991,969,NA,14
YDR042C,9,8,NA,1
YDR045C,165,56,48,42
YDR046C,727,642,30,22
YDR048C,10,0,8,2
YDR050C,9132,7716,165,514
YDR051C,152,130,6,9
YDR052C,221,177,10,25
YDR054C,376,206,41,114
YDR056C,150,109,13,9
YDR058C,41,32,0,5
YDR059C,158,110,3,29
YDR066C,37,25,1,7
YDR067C,89,69,3,8
YDR069C,220,194,NA,23
YDR070C,34,13,5,9
YDR071C,465,338,19,38
YDR072C,405,356,25,12
YDR078C,30,21,0,4
YDR079C-A,76,35,0,28
YDR081C,173,166,5,1
YDR084C,176,137,0,22
YDR085C,245,228,NA,15
YDR086C,945,395,130,359
YDR087C,162,126,8,14
YDR088C,58,37,10,9
YDR090C,98,64,1,29
YDR091C,968,787,20,127
YDR097C,266,257,2,2
YDR098C,502,478,NA,14
YDR101C,432,411,0,11
YDR104C,110,107,NA,2
YDR105C,212,183,8,8
YDR107C,107,97,0,7
YDR109C,110,106,NA,2
YDR111C,142,124,10,7
YDR113C,72,69,1,1
YDR116C,290,240,0,26
YDR117C,204,192,1,5
YDR120C,336,307,NA,27
YDR123C,68,37,1,26
YDR125C,63,40,NA,22
YDR129C,1185,1028,16,99
YDR130C,94,71,0,19
YDR131C,113,101,3,3
YDR132C,58,48,3,5
YDR133C,1071,463,354,149
YDR135C,1336,1303,NA,24
YDR139C,179,69,10,63
YDR141C,691,683,NA,NA
YDR142C,111,85,11,6
YDR143C,334,276,18,27
YDR144C,347,306,16,13
YDR146C,431,408,NA,19
YDR148C,762,627,1,99
YDR151C,174,137,18,14
YDR153C,270,206,23,27
YDR162C,114,63,10,34
YDR164C,214,189,4,12
YDR166C,247,239,NA,3
YDR169C,256,170,42,36
YDR170C,1855,1800,NA,45
YDR173C,73,70,3,NA
YDR175C,253,210,9,19
YDR179C,39,29,0,6
YDR181C,89,75,0,12
YDR185C,29,18,6,2
YDR186C,413,385,10,10
YDR190C,506,450,1,28
YDR192C,117,103,2,5
YDR194C,891,801,5,47
YDR196C,121,102,NA,9
YDR198C,84,76,2,4
YDR200C,141,128,2,9
YDR202C,88,79,1,3
YDR207C,143,136,4,NA
YDR215C,10,1,0,9
YDR217C,167,159,1,NA
YDR218C,12,10,NA,2
YDR219C,144,98,NA,40
YDR224C,1315,974,37,110
YDR228C,172,152,13,3
YDR231C,156,121,0,26
YDR233C,2088,1676,59,175
YDR236C,104,86,1,9
YDR238C,1690,1516,8,99
YDR239C,156,141,0,8
YDR240C,71,70,0,0
YDR243C,95,64,0,29
YDR248C,134,111,10,6
YDR249C,45,38,1,5
YDR253C,11,5,4,1
YDR255C,142,89,1,44
YDR256C,7,7,NA,0
YDR257C,195,147,0,42
YDR258C,1036,987,5,26
YDR259C,78,56,15,6
YDR260C,91,44,2,37
YDR261C,486,431,5,31
YDR263C,48,38,3,5
YDR264C,502,439,6,49
YDR266C,387,320,33,19
YDR267C,94,69,4,17
YDR271C,7,1,NA,6
YDR274C,1,0,NA,1
YDR276C,1379,380,87,629
YDR277C,140,96,10,29
YDR281C,3,1,0,0
YDR282C,91,61,0,27
YDR283C,367,350,NA,15
YDR284C,532,392,75,24
YDR286C,44,30,NA,5
YDR289C,130,113,2,8
YDR292C,289,253,13,12
YDR293C,1220,1018,183,NA
YDR294C,576,549,3,7
YDR295C,151,132,13,3
YDR298C,880,543,99,158
YDR300C,235,214,1,14
YDR303C,356,307,39,8
YDR304C,603,506,16,26
YDR305C,91,80,NA,3
YDR306C,145,129,5,2
YDR308C,85,58,4,9
YDR309C,246,229,10,0
YDR310C,401,337,27,29
YDR313C,92,64,0,18
YDR314C,57,56,1,0
YDR315C,65,56,1,5
YDR319C,86,56,7,7
YDR320C,222,201,0,8
YDR320C-A,120,69,NA,25
YDR322C-A,416,166,0,211
YDR323C,48,40,1,6
YDR324C,436,409,NA,23
YDR326C,491,470,NA,18
YDR328C,552,365,44,113
YDR329C,151,134,3,4
YDR333C,281,247,2,26
YDR338C,117,103,1,6
YDR339C,174,127,0,33
YDR341C,1414,1287,0,58
YDR342C,4217,3743,105,212
YDR343C,3892,3591,76,77
YDR345C,4106,3614,50,270
YDR346C,557,437,28,76
YDR348C,269,214,25,16
YDR349C,579,501,21,29
YDR350C,176,156,3,10
YDR357C,219,139,5,39
YDR359C,333,273,36,14
YDR361C,174,124,4,42
YDR362C,97,85,4,2
YDR364C,106,84,0,19
YDR365C,202,186,6,8
YDR366C,344,340,0,NA
YDR369C,107,100,NA,4
YDR370C,110,102,0,0
YDR372C,472,321,72,54
YDR375C,326,290,0,15
YDR378C,272,126,0,88
YDR379C-A,81,41,0,23
YDR381C-A,90,54,NA,25
YDR383C,40,31,0,2
YDR384C,205,162,4,28
YDR387C,121,96,7,8
YDR390C,236,221,2,7
YDR391C,128,115,0,4
YDR397C,188,131,8,21
YDR402C,7,5,NA,1
YDR404C,239,126,47,48
YDR407C,326,313,6,4
YDR408C,187,137,3,25
YDR410C,91,79,0,3
YDR411C,303,266,11,12
YDR414C,110,83,10,12
YDR415C,120,106,1,7
YDR422C,261,220,3,33
YDR423C,135,125,NA,3
YDR424C,122,77,5,9
YDR426C,18,3,NA,0
YDR428C,164,127,4,21
YDR429C,703,588,0,50
YDR430C,609,577,9,12
YDR435C,147,115,0,21
YDR441C,256,118,51,68
YDR443C,368,322,NA,44
YDR445C,2015,2015,NA,0
YDR447C,3983,3013,17,440
YDR449C,148,130,2,10
YDR451C,169,138,2,15
YDR453C,45,36,2,4
YDR454C,904,688,0,124
YDR458C,185,159,1,18
YDR459C,88,75,3,5
YDR461C-A,45,26,0,11
YDR465C,184,158,0,14
YDR468C,161,107,18,20
YDR470C,183,156,10,10
YDR473C,62,52,0,6
YDR475C,231,219,4,6
YDR476C,195,137,0,46
YDR479C,157,140,2,5
YDR481C,495,450,8,3
YDR482C,37,25,0,9
YDR485C,125,113,0,12
YDR486C,204,165,0,21
YDR487C,663,504,8,109
YDR488C,104,91,NA,12
YDR490C,259,232,14,6
YDR495C,123,122,NA,1
YDR496C,420,391,4,10
YDR497C,3159,2850,92,78
YDR498C,91,82,0,5
YDR500C,2434,1766,0,277
YDR502C,2338,1738,34,390
YDR503C,94,67,1,21
YDR504C,112,56,NA,50
YDR505C,638,576,41,NA
YDR506C,112,62,1,43
YDR507C,482,451,NA,25
YDR508C,1806,1687,42,3
YDR510C-A,6,0,6,NA
YDR512C,111,85,NA,23
YDR514C,94,86,1,2
YDR516C,498,447,7,23
YDR520C,79,67,4,7
YDR522C,2,2,NA,0
YDR523C,11,10,NA,0
YDR524C,258,200,6,38
YDR524C-B,7141,2012,494,3418
YDR524C-A,389,2,0,387
YDR529C,920,551,7,226
YDR530C,82,69,NA,10
YDR532C,43,42,0,0
YDR533C,651,537,8,26
YDR534C,52,47,0,3
YDR535C,53,10,NA,42
YDR540C,42,21,2,18
YDR541C,97,72,11,8
YDL248W,814,638,0,152
YDL244W,77,69,NA,5
YDL242W,4,1,NA,3
YDL241W,68,40,7,13
YDL240W,196,181,NA,14
YDL237W,357,311,2,19
YDL236W,337,296,0,24
YDL233W,140,120,0,17
YDL232W,255,43,0,156
YDL230W,108,103,0,0
YDL229W,14253,13360,57,323
YDL225W,227,205,1,8
YDL221W,6,1,NA,4
YDL219W,189,106,3,48
YDL218W,31,20,2,8
YDL212W,670,457,4,139
YDL210W,18,17,NA,1
YDL208W,488,373,3,79
YDL207W,141,133,0,2
YDL206W,150,140,3,0
YDL204W,193,145,21,13
YDL202W,218,175,4,30
YDL201W,170,134,0,14
YDL195W,2310,2157,59,56
YDL194W,75,70,NA,2
YDL193W,187,145,8,25
YDL192W,2093,1708,34,165
YDL191W,4286,3113,2,490
YDL189W,172,144,12,7
YDL185W,6192,5717,173,177
YDL182W,896,817,7,47
YDL181W,295,107,63,67
YDL180W,164,143,9,10
YDL179W,200,143,10,27
YDL178W,469,442,1,9
YDL176W,121,105,3,9
YDL173W,307,293,NA,NA
YDL170W,132,121,NA,9
YDL168W,482,423,2,32
YDL165W,138,119,3,6
YDL161W,215,188,0,21
YDL159W,93,85,0,4
YDL156W,62,53,6,NA
YDL155W,177,137,13,13
YDL154W,46,40,NA,6
YDL150W,189,175,5,NA
YDL149W,105,103,NA,0
YDL147W,641,559,6,58
YDL146W,108,89,8,9
YDL143W,957,843,14,31
YDL141W,369,295,34,27
YDL138W,185,156,13,11
YDL137W,1456,1005,155,173
YDL136W,3607,3038,43,133
YDL133W,134,107,5,14
YDL132W,455,387,60,NA
YDL131W,1180,1056,15,47
YDL130W-A,334,150,0,105
YDL130W,3553,2146,0,651
YDL129W,19,12,0,6
YDL128W,645,513,16,75
YDL127W,84,53,4,22
YDL124W,1551,1347,22,56
YDL123W,140,57,1,75
YDL122W,467,417,39,NA
YDL120W,259,145,29,44
YDL117W,332,286,23,13
YDL116W,278,254,4,6
YDL114W,5,5,NA,0
YDL112W,521,502,NA,15
YDL108W,88,81,1,1
YDL107W,78,64,1,8
YDL105W,44,34,2,5
YDL102W,286,270,5,6
YDL099W,151,128,8,12
YDL095W,1777,1691,0,46
YDL093W,215,176,2,28
YDL092W,156,118,2,26
YDL089W,159,130,14,9
YDL086W,714,626,NA,29
YDL085W,27,27,0,0
YDL084W,2032,1711,156,70
YDL082W,2857,2194,72,316
YDL075W,3033,2138,88,254
YDL073W,195,175,15,1
YDL070W,438,403,1,12
YDL068W,6,3,NA,3
YDL066W,1199,1050,0,77
YDL064W,183,141,1,16
YDL060W,349,339,0,NA
YDL058W,332,311,3,9
YDL057W,82,73,2,1
YDL056W,162,152,NA,3
YDL051W,530,466,4,27
YDL046W,719,413,2,228
YDL045W-A,166,94,1,39
YDL041W,1,0,0,1
YDL032W,0,0,0,0
YDL031W,435,412,4,11
YDL030W,84,79,0,3
YDL029W,780,675,0,42
YDL025W-A,11,1,3,6
YDL022W,2167,1741,71,207
YDL021W,119,99,0,6
YDL017W,77,73,NA,3
YDL014W,1502,1040,190,186
YDL013W,132,111,6,7
YDL010W,126,80,0,35
YDL008W,105,76,2,17
YDL007W,533,477,7,18
YDL006W,109,66,28,10
YDL004W,781,442,28,215
YDL003W,173,158,NA,7
YDL001W,113,94,4,6
YDR002W,1608,1140,22,284
YDR003W-A,28,4,NA,15
YDR004W,86,72,NA,9
YDR007W,35,33,0,0
YDR009W,49,46,0,1
YDR011W,938,831,54,40
YDR012W,8332,7931,24,157
YDR013W,85,55,0,23
YDR014W,68,58,1,9
YDR014W-A,20,10,NA,9
YDR021W,44,43,0,0
YDR023W,1723,1618,2,31
YDR024W,11,0,NA,NA
YDR025W,4341,3703,NA,263
YDR031W,98,55,0,25
YDR033W,7575,4726,836,1763
YDR034W-B,64,24,1,19
YDR035W,892,712,3,111
YDR037W,2452,2313,0,29
YDR041W,335,273,0,31
YDR044W,266,220,3,30
YDR047W,271,224,27,12
YDR049W,130,111,2,12
YDR055W,2580,2206,63,175
YDR057W,93,82,0,7
YDR060W,675,645,5,7
YDR061W,241,218,2,10
YDR062W,816,588,101,96
YDR063W,173,108,17,24
YDR064W,4579,3698,0,336
YDR065W,59,47,0,11
YDR068W,68,60,5,NA
YDR073W,121,96,19,NA
YDR074W,1317,1249,42,NA
YDR075W,81,49,16,12
YDR076W,632,34,0,596
YDR077W,31389,24204,265,5638
YDR079W,122,54,2,47
YDR080W,179,173,0,NA
YDR082W,58,41,3,11
YDR083W,164,143,0,9
YDR089W,199,188,2,5
YDR092W,216,141,2,33
YDR093W,656,620,33,NA
YDR096W,278,256,NA,12
YDR099W,2021,1498,171,256
YDR100W,158,103,5,29
YDR103W,228,224,NA,0
YDR106W,16,14,NA,2
YDR108W,130,114,6,3
YDR110W,102,91,1,7
YDR115W,249,147,5,52
YDR118W,85,81,0,NA
YDR119W,531,490,16,11
YDR119W-A,19,4,3,8
YDR121W,91,55,11,11
YDR122W,575,544,NA,22
YDR124W,51,20,22,7
YDR126W,37,31,1,NA
YDR127W,3752,3625,3,31
YDR128W,322,308,NA,11
YDR137W,137,123,3,9
YDR138W,154,144,0,2
YDR140W,104,84,0,12
YDR145W,435,373,22,29
YDR147W,109,100,1,5
YDR150W,1783,1762,5,5
YDR152W,179,156,1,3
YDR158W,2998,2736,0,178
YDR159W,226,215,5,NA
YDR160W,117,112,4,NA
YDR161W,191,164,0,8
YDR163W,72,55,NA,11
YDR165W,322,285,4,18
YDR167W,158,116,1,26
YDR168W,367,330,4,10
YDR171W,441,347,42,14
YDR172W,1338,1191,15,94
YDR174W,778,585,4,117
YDR176W,142,128,2,7
YDR177W,358,284,17,29
YDR178W,530,318,52,118
YDR179W-A,56,52,1,0
YDR180W,249,232,15,NA
YDR182W,329,306,4,3
YDR183W,76,60,0,9
YDR188W,985,880,8,63
YDR189W,421,377,3,22
YDR191W,73,61,0,8
YDR195W,142,120,11,5
YDR197W,153,137,2,8
YDR201W,35,27,NA,7
YDR204W,164,149,0,8
YDR205W,217,205,0,7
YDR206W,416,365,39,NA
YDR208W,426,363,22,20
YDR210W,364,141,0,149
YDR211W,536,496,3,32
YDR212W,995,870,19,42
YDR213W,105,96,6,2
YDR214W,1171,929,101,80
YDR216W,672,614,NA,51
YDR221W,228,185,0,36
YDR222W,86,68,0,9
YDR223W,9,7,0,NA
YDR225W,1457,904,105,266
YDR226W,1629,1359,20,128
YDR227W,224,206,6,9
YDR229W,106,94,2,4
YDR232W,817,674,80,37
YDR234W,545,514,0,16
YDR235W,99,94,NA,3
YDR237W,327,251,24,31
YDR241W,51,12,NA,37
YDR242W,107,95,2,7
YDR244W,194,179,1,10
YDR245W,340,267,16,36
YDR246W,123,82,1,23
YDR247W,80,49,9,19
YDR251W,502,441,52,NA
YDR252W,42,15,0,25
YDR254W,60,50,3,1
YDR262W,161,128,0,21
YDR265W,74,53,2,13
YDR268W,136,114,3,9
YDR270W,119,114,NA,4
YDR272W,229,210,9,3
YDR273W,16,14,0,NA
YDR275W,100,54,23,18
YDR279W,94,87,5,2
YDR280W,131,93,16,7
YDR285W,27,25,NA,2
YDR287W,99,87,4,4
YDR288W,72,63,NA,4
YDR291W,198,191,NA,5
YDR296W,266,209,9,17
YDR297W,320,262,0,39
YDR299W,171,149,5,9
YDR301W,293,278,2,11
YDR302W,112,97,0,10
YDR307W,279,246,4,19
YDR311W,128,117,0,7
YDR312W,186,169,0,10
YDR316W,212,192,0,8
YDR317W,32,28,0,1
YDR318W,48,44,0,3
YDR320W-B,19,1,2,NA
YDR321W,708,603,15,40
YDR322W,294,257,5,16
YDR325W,193,186,NA,4
YDR330W,171,145,3,19
YDR331W,216,190,0,13
YDR332W,78,76,0,1
YDR334W,239,220,9,6
YDR335W,637,617,NA,10
YDR336W,41,37,NA,2
YDR337W,234,201,8,13
YDR347W,542,429,13,54
YDR351W,336,330,NA,NA
YDR352W,191,139,23,24
YDR353W,1049,866,26,43
YDR354W,378,321,8,22
YDR356W,155,122,0,28
YDR358W,197,170,2,20
YDR363W,111,62,10,37
YDR363W-A,242,138,8,33
YDR367W,206,172,8,9
YDR368W,534,410,16,72
YDR371W,133,111,1,11
YDR374W-A,129,65,0,37
YDR376W,206,185,8,4
YDR377W,730,309,38,289
YDR379W,183,166,2,7
YDR380W,269,236,7,15
YDR381W,885,687,0,123
YDR382W,3402,1671,387,755
YDR385W,24690,23136,72,843
YDR386W,74,71,0,1
YDR388W,944,796,16,90
YDR389W,272,233,NA,31
YDR392W,71,62,0,7
YDR393W,119,105,0,10
YDR394W,550,473,26,31
YDR395W,894,790,48,31
YDR396W,1,1,NA,0
YDR398W,274,247,4,18
YDR399W,229,158,19,25
YDR401W,25,10,NA,14
YDR403W,56,43,NA,13
YDR405W,191,139,7,26
YDR406W,352,351,NA,NA
YDR409W,145,131,NA,10
YDR412W,110,77,1,22
YDR416W,131,124,2,1
YDR418W,4301,3309,131,389
YDR419W,108,89,0,16
YDR420W,1496,1460,NA,29
YDR421W,146,142,1,2
YDR425W,130,112,NA,16
YDR427W,534,458,11,30
YDR434W,394,341,17,19
YDR436W,214,177,18,12
YDR438W,39,34,1,4
YDR439W,81,57,10,6
YDR440W,99,90,1,4
YDR442W,0,0,0,0
YDR444W,99,93,0,2
YDR446W,1,1,NA,NA
YDR448W,89,78,3,4
YDR450W,4190,2958,0,601
YDR452W,459,418,15,22
YDR456W,378,340,4,13
YDR457W,1556,1517,19,12
YDR460W,90,74,1,12
YDR461W,0,0,0,0
YDR462W,162,96,10,24
YDR463W,287,251,7,19
YDR464W,201,190,8,NA
YDR466W,219,206,1,10
YDR469W,116,100,0,4
YDR471W,1884,1352,14,311
YDR472W,135,117,0,14
YDR477W,499,398,55,29
YDR478W,41,33,0,3
YDR483W,963,855,8,60
YDR484W,144,135,1,4
YDR489W,73,56,0,12
YDR492W,259,201,36,7
YDR493W,167,111,20,19
YDR494W,396,325,1,38
YDR499W,74,72,0,NA
YDR501W,42,31,1,6
YDR510W,607,349,65,99
YDR511W,178,137,NA,15
YDR513W,471,361,4,54
YDR515W,143,110,17,7
YDR517W,359,312,9,24
YDR518W,278,250,2,5
YDR519W,335,198,0,99
YDR525W-A,350,146,5,128
YDR527W,119,104,1,10
YDR528W,118,83,26,6
YDR531W,263,205,8,15
YDR536W,3,3,NA,0
YDR538W,123,81,2,35
YDR539W,276,258,1,9
YEL073C,38,32,0,3
YEL068C,58,30,0,18
YEL064C,77,63,0,10
YEL063C,246,183,21,38
YEL061C,137,130,4,NA
YEL060C,2372,2011,51,236
YEL059C-A,80,47,3,11
YEL057C,9,9,NA,0
YEL055C,577,540,8,19
YEL054C,3563,2613,44,640
YEL053C,172,149,7,6
YEL050C,576,461,13,60
YEL048C,94,47,NA,38
YEL047C,369,351,0,NA
YEL046C,1727,1148,NA,514
YEL039C,142,97,18,14
YEL037C,461,342,59,36
YEL036C,492,412,33,19
YEL034C-A,0,0,0,0
YEL029C,103,77,1,14
YEL025C,310,296,NA,14
YEL023C,53,35,16,NA
YEL017C-A,1224,149,25,872
YEL016C,96,82,9,3
YEL009C-A,6,2,NA,4
YEL009C,3850,2131,1318,165
YEL008C-A,28,1,NA,27
YEL005C,66,52,1,4
YEL002C,793,691,20,40
YEL001C,502,409,18,33
YER003C,1146,1016,12,33
YER007C-A,353,258,8,36
YER008C,350,331,1,13
YER010C,162,138,0,14
YER017C,704,661,NA,36
YER018C,92,78,2,6
YER019C-A,544,347,31,49
YER023C-A,0,0,0,0
YER026C,998,801,0,102
YER027C,292,222,4,45
YER028C,56,47,3,2
YER029C,88,70,4,5
YER031C,538,387,5,96
YER033C,204,189,NA,11
YER036C,1417,1288,17,60
YER038C,56,37,0,18
YER039C,23,19,NA,2
YER043C,9654,7949,53,1115
YER044C,582,385,17,87
YER044C-A,15,15,NA,NA
YER045C,133,113,6,6
YER047C,168,148,NA,18
YER048C,433,339,30,47
YER050C,191,127,8,29
YER052C,1022,891,25,55
YER053C,348,251,28,44
YER053C-A,729,85,21,514
YER054C,80,67,NA,11
YER055C,889,753,2,71
YER056C,891,762,51,46
YER056C-A,2714,1851,0,239
YER057C,493,320,17,57
YER061C,108,100,0,3
YER062C,921,682,12,160
YER064C,367,295,21,43
YER065C,66,50,7,6
YER071C,105,55,0,33
YER075C,159,142,8,4
YER076C,45,31,8,5
YER077C,219,214,NA,4
YER078C,185,160,11,6
YER082C,267,235,12,7
YER083C,320,292,0,10
YER085C,1,0,0,0
YER087C-B,549,198,38,228
YER088C,473,424,17,15
YER088C-A,158,62,NA,77
YER089C,653,515,117,NA
YER091C,6343,5569,148,427
YER093C,212,208,NA,1
YER093C-A,86,62,0,13
YER094C,545,381,33,90
YER099C,155,127,0,10
YER101C,77,64,1,6
YER105C,744,719,0,14
YER107C,244,199,25,12
YER109C,137,136,NA,NA
YER110C,976,896,25,28
YER111C,274,254,20,NA
YER113C,272,239,14,11
YER114C,344,322,NA,17
YER115C,74,46,13,6
YER116C,79,59,NA,18
YER118C,316,237,28,26
YER119C,235,213,0,14
YER122C,571,501,16,22
YER124C,640,527,2,84
YER126C,251,175,3,47
YER130C,187,151,8,22
YER132C,363,344,NA,13
YER134C,163,95,10,41
YER137C,29,18,0,5
YER139C,87,44,6,33
YER142C,65,59,0,3
YER144C,302,287,0,11
YER145C,318,274,0,22
YER147C,87,84,0,NA
YER149C,142,119,3,5
YER151C,394,367,8,7
YER152C,298,277,6,2
YER155C,1173,1147,NA,15
YER156C,425,371,0,37
YER158C,113,99,NA,9
YER159C,205,95,39,35
YER161C,111,83,0,24
YER162C,52,46,0,3
YER163C,139,120,0,5
YER168C,238,223,NA,7
YER172C,551,539,4,6
YER174C,152,132,NA,13
YER175C,164,123,0,31
YER180C,39,28,0,3
YER180C-A,14,6,1,4
YER181C,10,1,5,1
YER183C,135,118,NA,4
YER184C,65,55,NA,8
YER186C,85,63,13,5
YER188C-A,7,3,3,NA
YEL072W,36,19,7,8
YEL071W,1591,1421,6,62
YEL070W,32,27,NA,3
YEL066W,256,205,NA,38
YEL065W,83,73,2,4
YEL062W,139,125,0,14
YEL058W,1161,1078,0,19
YEL056W,164,152,3,NA
YEL052W,238,208,2,9
YEL051W,688,537,26,63
YEL049W,48,33,8,2
YEL044W,139,110,NA,21
YEL043W,388,360,4,6
YEL042W,680,555,35,45
YEL041W,57,55,1,NA
YEL040W,1101,1015,0,36
YEL038W,233,199,0,13
YEL034W,7250,5326,568,170
YEL033W,2140,1634,NA,NA
YEL032W,489,447,0,29
YEL031W,1825,1747,1,42
YEL030W,72,68,NA,3
YEL028W,23,6,14,3
YEL027W,2691,1346,93,910
YEL026W,899,530,136,96
YEL024W,961,526,49,316
YEL022W,535,521,NA,8
YEL021W,1162,947,35,92
YEL020W-A,465,280,0,106
YEL018W,41,34,NA,7
YEL017W,177,158,0,7
YEL015W,297,271,4,13
YEL013W,855,633,97,105
YEL012W,91,65,2,11
YEL011W,307,281,1,11
YEL008W,3,1,NA,2
YEL007W,490,451,NA,22
YEL006W,183,130,2,42
YEL004W,63,53,0,6
YEL003W,175,102,NA,57
YER001W,722,672,7,36
YER002W,121,83,7,10
YER004W,482,332,0,124
YER005W,149,132,4,10
YER006W,616,560,11,6
YER007W,55,46,0,6
YER009W,1526,1045,29,257
YER011W,24,21,3,0
YER012W,498,371,12,78
YER013W,144,140,NA,4
YER014W,190,182,0,4
YER015W,80,58,NA,18
YER016W,86,81,NA,3
YER019W,256,240,NA,12
YER020W,202,177,4,10
YER021W,768,676,5,58
YER022W,175,150,0,13
YER023W,1060,882,10,61
YER024W,129,126,NA,3
YER025W,1441,1155,28,183
YER030W,179,125,0,39
YER032W,255,228,2,23
YER034W,86,53,0,27
YER035W,147,90,12,33
YER037W,24,18,0,4
YER038W-A,4,1,1,1
YER040W,157,133,4,15
YER041W,77,69,1,4
YER042W,96,75,1,2
YER046W,77,36,26,4
YER048W-A,303,95,24,140
YER049W,663,607,13,28
YER051W,53,48,0,NA
YER058W,78,45,3,14
YER059W,98,78,15,0
YER060W,145,128,9,NA
YER060W-A,170,168,NA,2
YER063W,303,217,22,40
YER066W,45,31,8,3
YER067W,218,153,26,19
YER068W,306,275,9,7
YER069W,1961,1807,11,68
YER070W,1588,1486,5,68
YER072W,401,208,0,130
YER073W,625,492,26,74
YER074W,3847,2514,77,493
YER074W-A,168,127,0,29
YER076W-A,4,3,NA,1
YER079W,63,41,4,5
YER080W,466,421,5,24
YER081W,423,380,0,40
YER084W,11,9,NA,1
YER086W,1352,1222,16,81
YER087W,166,146,5,12
YER088W-B,15,0,14,NA
YER090W,910,799,30,45
YER092W,148,79,0,46
YER095W,339,252,NA,69
YER096W,30,25,NA,4
YER098W,89,77,NA,9
YER100W,222,168,23,8
YER102W,7486,6573,0,289
YER103W,175,151,5,9
YER104W,47,28,0,15
YER106W,5,4,NA,0
YER112W,183,134,15,12
YER117W,3245,2449,0,273
YER120W,956,767,21,82
YER121W,12,7,NA,3
YER123W,235,159,13,53
YER125W,1096,933,NA,140
YER127W,121,108,0,5
YER128W,67,54,NA,7
YER129W,238,224,NA,14
YER131W,2089,1542,69,292
YER133W,818,618,17,143
YER136W,832,624,24,135
YER138W-A,1150,634,NA,54
YER140W,99,84,NA,15
YER141W,673,546,7,102
YER143W,226,191,1,20
YER146W,177,121,5,25
YER148W,342,255,67,0
YER150W,62,37,5,11
YER154W,481,415,0,18
YER157W,192,183,0,3
YER158W-A,1,0,NA,0
YER164W,491,473,NA,15
YER165W,3234,2845,104,188
YER166W,861,814,NA,31
YER167W,339,305,26,0
YER169W,203,169,7,18
YER170W,114,54,3,47
YER171W,224,196,13,8
YER173W,90,84,2,NA
YER175W-A,11,0,NA,10
YER176W,202,182,2,15
YER177W,3923,3573,40,36
YER178W,2639,2255,27,212
YER179W,19,14,NA,1
YER182W,187,158,3,17
YER187W,22,4,12,5
YER188W,27,19,1,6
YFL057C,36,29,0,4
YFL054C,125,118,NA,2
YFL050C,99,71,17,9
YFL048C,436,380,0,32
YFL045C,2043,1422,118,315
YFL044C,217,143,0,65
YFL042C,156,146,0,6
YFL039C,11342,9413,893,471
YFL038C,950,728,8,100
YFL034C-B,141,100,8,23
YFL034C-A,240,150,18,24
YFL033C,449,424,NA,22
YFL029C,81,75,NA,2
YFL028C,233,190,2,20
YFL027C,62,59,0,0
YFL025C,286,253,9,19
YFL024C,201,161,NA,34
YFL022C,1277,1144,20,55
YFL021C-A,10,9,1,NA
YFL020C,19,17,0,2
YFL018C,1413,1255,36,44
YFL017C,165,133,0,19
YFL016C,547,463,35,27
YFL013C,190,158,1,26
YFL010C,867,621,7,141
YFL003C,22,20,NA,2
YFL002C,212,187,0,15
YFR003C,145,103,4,25
YFR005C,110,89,0,18
YFR011C,172,121,3,36
YFR014C,157,132,3,15
YFR015C,334,291,11,26
YFR016C,334,326,NA,3
YFR017C,103,77,2,14
YFR018C,272,227,4,18
YFR024C-A,455,390,0,43
YFR025C,248,214,1,13
YFR026C,29,13,11,2
YFR028C,270,247,3,7
YFR031C,202,199,NA,1
YFR031C-A,7001,6125,29,328
YFR032C-A,2671,1366,0,661
YFR033C,655,328,124,149
YFR034C,132,125,1,NA
YFR037C,357,349,1,0
YFR039C,206,178,11,9
YFR041C,126,110,NA,10
YFR043C,69,53,1,10
YFR044C,1282,1153,0,35
YFR046C,42,41,NA,1
YFR047C,302,250,0,15
YFR050C,580,422,17,74
YFR051C,918,839,4,26
YFR053C,2508,2265,150,NA
YFR054C,6,1,NA,5
YFL055W,47,36,NA,8
YFL053W,5,3,NA,2
YFL052W,27,16,0,7
YFL049W,242,223,2,16
YFL047W,256,236,0,9
YFL046W,122,90,0,21
YFL041W-A,19,3,15,1
YFL041W,258,227,1,15
YFL037W,1540,1352,12,97
YFL036W,710,691,NA,14
YFL034W,155,149,4,NA
YFL031W,2425,1374,NA,929
YFL030W,71,67,NA,2
YFL026W,34,30,4,NA
YFL023W,126,116,0,8
YFL021W,532,528,NA,0
YFL017W-A,64,36,0,12
YFL014W,3238,1694,185,915
YFL012W-A,3,0,NA,2
YFL012W,14,10,0,2
YFL011W,21,11,10,NA
YFL010W-A,2,1,0,NA
YFL009W,345,294,23,17
YFL008W,291,289,0,NA
YFL007W,883,845,20,9
YFL005W,496,338,56,34
YFL004W,599,553,8,16
YFL001W,103,97,NA,3
YFR001W,110,81,2,9
YFR002W,498,480,0,9
YFR004W,401,340,12,24
YFR006W,377,354,NA,11
YFR007W,103,92,0,5
YFR008W,81,61,1,15
YFR009W,577,519,22,14
YFR010W,497,422,22,30
YFR010W-A,0,0,0,0
YFR013W,261,228,5,13
YFR019W,678,667,NA,7
YFR020W,26,19,0,1
YFR021W,120,109,4,6
YFR022W,154,129,14,4
YFR023W,37,37,NA,0
YFR027W,32,26,0,6
YFR029W,131,123,3,3
YFR030W,355,336,3,3
YFR034W-A,112,15,NA,91
YFR038W,187,176,NA,3
YFR040W,301,299,NA,NA
YFR042W,123,103,3,12
YFR045W,80,74,1,NA
YFR048W,160,139,7,3
YFR049W,227,128,47,30
YFR052W,482,425,3,3
YFR055W,180,105,0,58
YGL257C,200,174,9,10
YGL252C,354,326,0,12
YGL251C,84,73,NA,11
YGL246C,114,89,1,21
YGL242C,199,131,11,36
YGL237C,127,100,5,13
YGL236C,310,293,0,6
YGL231C,437,362,0,35
YGL230C,14,11,0,2
YGL229C,102,85,4,9
YGL226C-A,282,149,10,75
YGL224C,163,129,13,6
YGL223C,116,109,NA,6
YGL222C,192,121,15,38
YGL221C,372,316,0,37
YGL219C,303,266,6,14
YGL213C,207,183,0,14
YGL206C,2772,2680,46,NA
YGL204C,169,33,4,120
YGL203C,319,299,2,3
YGL201C,372,320,9,35
YGL200C,874,626,21,115
YGL199C,2,1,1,0
YGL194C-A,72,32,17,13
YGL194C,114,108,1,NA
YGL193C,0,0,0,0
YGL190C,386,262,82,30
YGL189C,4775,3761,0,420
YGL187C,697,478,93,50
YGL186C,251,239,1,4
YGL185C,99,87,0,4
YGL184C,19,16,NA,3
YGL182C,0,0,0,0
YGL179C,56,55,1,NA
YGL176C,101,85,0,7
YGL175C,27,25,1,NA
YGL173C,1390,1338,NA,32
YGL167C,1236,1012,136,57
YGL165C,6,5,NA,0
YGL164C,103,96,1,NA
YGL163C,157,143,5,7
YGL161C,283,221,18,29
YGL154C,42,39,0,1
YGL152C,0,0,0,0
YGL150C,562,549,9,NA
YGL147C,4741,3805,0,407
YGL146C,14,10,2,NA
YGL144C,79,71,1,3
YGL143C,240,210,0,13
YGL142C,219,188,3,15
YGL140C,568,508,NA,51
YGL136C,79,59,1,7
YGL131C,205,200,2,NA
YGL129C,440,356,14,32
YGL128C,44,35,NA,7
YGL127C,94,57,9,16
YGL124C,141,131,NA,9
YGL122C,463,425,0,25
YGL121C,180,111,0,40
YGL120C,445,430,4,0
YGL112C,264,228,1,18
YGL110C,114,102,0,8
YGL108C,79,50,2,22
YGL107C,373,354,0,8
YGL104C,114,93,NA,11
YGL095C,221,200,2,11
YGL094C,363,327,18,10
YGL091C,158,131,0,20
YGL089C,56,39,8,NA
YGL087C,264,188,6,56
YGL084C,371,343,9,8
YGL078C,500,407,12,64
YGL077C,883,778,52,28
YGL076C,6448,5153,16,773
YGL075C,40,22,5,13
YGL072C,24,7,NA,16
YGL070C,135,64,1,45
YGL065C,204,192,1,5
YGL064C,129,123,0,NA
YGL063C-A,5,0,NA,5
YGL061C,67,52,5,1
YGL057C,74,56,NA,15
YGL056C,338,301,16,11
YGL054C,558,342,23,139
YGL049C,687,608,39,28
YGL048C,627,523,3,37
YGL044C,110,75,22,11
YGL040C,590,460,22,63
YGL038C,196,154,0,31
YGL037C,1842,1341,106,247
YGL035C,218,201,8,NA
YGL032C,2,2,0,0
YGL031C,3922,3042,79,436
YGL028C,539,392,46,80
YGL027C,473,434,0,18
YGL026C,2101,1934,0,71
YGL025C,140,126,NA,11
YGL023C,272,256,NA,14
YGL020C,176,151,9,7
YGL018C,55,45,0,5
YGL015C,3,1,1,0
YGL013C,329,319,NA,5
YGL011C,554,414,6,70
YGL009C,3458,3113,58,160
YGL008C,34131,26741,1398,4875
YGL007C-A,348,2,12,333
YGL005C,105,83,0,12
YGL004C,75,65,NA,4
YGL003C,113,94,11,5
YGL001C,557,454,14,60
YGR001C,305,254,0,19
YGR002C,189,148,0,34
YGR005C,202,164,1,19
YGR008C,299,106,36,116
YGR009C,233,217,6,7
YGR015C,54,45,NA,9
YGR018C,1,1,0,0
YGR020C,543,316,29,111
YGR024C,164,156,0,NA
YGR027C,2976,2047,45,211
YGR030C,52,40,0,1
YGR033C,251,160,10,62
YGR035C,6,1,1,1
YGR036C,132,55,13,58
YGR037C,1056,442,43,452
YGR043C,91,78,NA,9
YGR044C,383,301,NA,69
YGR045C,17,11,2,NA
YGR047C,230,224,NA,2
YGR050C,16,7,NA,4
YGR053C,25,21,2,1
YGR057C,97,62,4,23
YGR061C,2183,2136,NA,21
YGR062C,125,114,NA,5
YGR063C,164,103,1,32
YGR065C,308,265,14,19
YGR067C,31,30,NA,1
YGR068C,236,175,1,50
YGR071C,132,129,2,NA
YGR073C,12,10,NA,0
YGR075C,37,33,0,NA
YGR076C,125,87,2,16
YGR077C,232,218,0,5
YGR078C,206,146,10,31
YGR081C,98,73,NA,19
YGR083C,468,450,4,NA
YGR084C,377,341,NA,27
YGR085C,4655,3883,37,265
YGR086C,3271,2727,200,51
YGR087C,313,298,0,1
YGR095C,155,125,10,6
YGR098C,335,316,NA,13
YGR102C,119,81,0,29
YGR104C,109,92,1,5
YGR106C,903,706,40,95
YGR109C,63,53,4,4
YGR117C,176,148,0,22
YGR119C,367,321,24,7
YGR120C,122,89,1,20
YGR121C,115,97,2,13
YGR122C-A,93,63,0,24
YGR123C,301,273,4,13
YGR128C,353,328,6,7
YGR130C,719,614,25,62
YGR132C,705,516,25,104
YGR138C,520,481,20,10
YGR146C,194,114,37,28
YGR146C-A,5,1,0,4
YGR147C,222,169,3,32
YGR148C,2999,2448,28,239
YGR150C,248,232,0,9
YGR154C,33,20,4,8
YGR158C,156,116,2,25
YGR159C,1198,1008,34,92
YGR161C,368,295,30,20
YGR168C,125,107,0,6
YGR169C,71,64,1,1
YGR169C-A,179,35,15,115
YGR171C,146,132,0,11
YGR172C,283,221,3,29
YGR174C,116,90,NA,23
YGR175C,1756,1546,16,144
YGR177C,160,137,3,16
YGR178C,1087,917,107,40
YGR179C,66,58,1,4
YGR180C,1829,1606,16,96
YGR182C,324,189,41,NA
YGR183C,533,185,31,179
YGR184C,821,809,NA,6
YGR185C,1029,882,29,51
YGR187C,237,205,0,16
YGR188C,58,56,1,NA
YGR189C,3479,3150,46,135
YGR192C,45317,38435,618,3153
YGR193C,369,315,12,29
YGR194C,180,168,NA,10
YGR196C,136,132,2,NA
YGR197C,113,90,17,1
YGR200C,406,376,12,5
YGR201C,64,59,NA,2
YGR202C,267,225,2,25
YGR204C-A,3,2,1,NA
YGR207C,293,228,0,43
YGR209C,797,405,81,133
YGR210C,352,287,16,25
YGR213C,26,25,NA,1
YGR216C,184,168,0,7
YGR220C,313,257,0,18
YGR221C,82,76,2,4
YGR223C,101,93,NA,7
YGR229C,496,426,58,NA
YGR231C,716,537,28,112
YGR233C,234,228,NA,3
YGR235C,264,195,5,45
YGR236C,2,0,NA,1
YGR237C,202,174,7,16
YGR238C,105,99,NA,2
YGR239C,69,56,0,6
YGR240C,6267,5366,396,310
YGR241C,371,317,34,11
YGR244C,756,668,32,29
YGR245C,364,339,11,9
YGR246C,156,140,0,9
YGR250C,476,414,23,17
YGR253C,503,427,20,24
YGR255C,340,302,20,3
YGR257C,173,150,12,2
YGR258C,135,130,1,0
YGR259C,3,0,1,2
YGR261C,433,398,4,13
YGR262C,143,106,2,19
YGR263C,82,73,2,5
YGR264C,1226,1132,0,60
YGR267C,478,316,97,29
YGR268C,147,63,0,77
YGR271C-A,94,79,NA,10
YGR274C,164,155,0,4
YGR276C,168,164,0,NA
YGR277C,170,144,0,15
YGR279C,3255,2498,188,412
YGR280C,134,86,2,39
YGR282C,5097,3999,63,798
YGR283C,85,77,0,6
YGR284C,703,524,14,122
YGR285C,2015,1772,0,55
YGR286C,147,114,10,16
YGR287C,77,67,3,5
YGR289C,53,39,11,2
YGL263W,0,0,0,0
YGL258W,544,346,23,96
YGL256W,7214,5960,280,549
YGL255W,5750,4916,150,376
YGL254W,63,41,0,20
YGL253W,3986,3406,65,359
YGL250W,64,44,NA,18
YGL248W,279,258,3,11
YGL247W,64,49,NA,11
YGL245W,3509,3295,0,87
YGL244W,315,290,4,NA
YGL243W,104,95,NA,6
YGL241W,244,225,0,8
YGL240W,23,17,NA,5
YGL238W,881,859,NA,16
YGL234W,1141,1056,0,44
YGL233W,280,262,3,4
YGL232W,150,131,0,10
YGL228W,526,463,10,31
YGL227W,265,242,2,13
YGL226W,53,42,NA,3
YGL225W,961,814,37,57
YGL220W,227,127,NA,90
YGL218W,0,0,0,0
YGL216W,198,178,16,1
YGL215W,1023,694,191,90
YGL212W,42,39,0,0
YGL211W,153,137,0,12
YGL210W,114,82,0,16
YGL209W,172,145,2,14
YGL208W,102,88,0,7
YGL207W,985,949,19,NA
YGL205W,15,12,NA,3
YGL202W,1734,1465,119,63
YGL198W,232,197,0,10
YGL197W,627,580,NA,34
YGL196W,151,133,3,11
YGL195W,2829,2779,NA,38
YGL192W,0,0,0,0
YGL191W,853,540,27,158
YGL181W,220,187,2,24
YGL180W,157,124,9,23
YGL178W,414,317,NA,87
YGL174W,68,54,0,8
YGL172W,267,240,0,9
YGL171W,225,204,3,9
YGL169W,155,136,11,2
YGL166W,114,86,0,17
YGL162W,44,39,3,0
YGL160W,297,253,20,15
YGL159W,116,103,0,5
YGL158W,5,3,1,0
YGL157W,756,633,25,59
YGL156W,455,437,NA,12
YGL155W,127,106,13,3
YGL153W,86,78,0,0
YGL151W,382,372,0,5
YGL148W,1111,963,17,46
YGL145W,190,175,2,6
YGL141W,219,213,0,1
YGL139W,401,324,34,27
YGL137W,1441,1318,5,69
YGL135W,7530,5841,353,614
YGL134W,49,37,6,1
YGL133W,194,181,10,NA
YGL130W,182,159,3,11
YGL125W,1211,1106,60,NA
YGL123W,7222,5533,688,489
YGL119W,164,140,3,9
YGL117W,208,153,17,24
YGL116W,267,229,14,10
YGL115W,420,344,27,20
YGL114W,230,202,13,4
YGL113W,82,76,0,5
YGL111W,280,243,6,25
YGL109W,0,0,0,0
YGL106W,407,231,0,116
YGL105W,1850,1611,4,96
YGL103W,5832,3933,0,925
YGL101W,125,86,0,31
YGL100W,316,274,2,26
YGL099W,260,240,0,3
YGL098W,113,61,2,45
YGL097W,368,328,2,21
YGL096W,39,32,NA,5
YGL093W,180,177,NA,2
YGL092W,730,711,NA,2
YGL090W,65,40,0,22
YGL088W,95,84,NA,11
YGL086W,130,130,NA,0
YGL085W,59,45,0,10
YGL083W,211,189,3,14
YGL082W,195,150,14,18
YGL081W,99,84,0,13
YGL080W,188,113,0,57
YGL079W,91,78,2,6
YGL073W,240,228,4,2
YGL071W,190,136,36,12
YGL068W,520,345,39,67
YGL067W,226,214,6,1
YGL066W,201,171,11,16
YGL063W,77,50,5,19
YGL062W,2224,2113,6,60
YGL060W,161,142,3,5
YGL059W,115,105,3,1
YGL058W,233,158,9,52
YGL055W,2593,2142,88,190
YGL050W,148,107,0,27
YGL047W,128,108,11,0
YGL045W,122,100,NA,21
YGL043W,325,264,3,40
YGL041W-A,109,75,0,24
YGL039W,110,88,5,12
YGL036W,469,451,5,NA
YGL033W,2,1,NA,1
YGL030W,4017,2220,395,775
YGL029W,65,24,0,32
YGL022W,1536,1426,46,22
YGL021W,527,509,NA,13
YGL019W,326,244,10,39
YGL017W,84,78,0,2
YGL016W,421,382,7,16
YGL014W,554,525,NA,18
YGL012W,1019,953,7,29
YGL010W,78,48,3,19
YGL007W,3,0,NA,3
YGL006W-A,50,7,NA,41
YGL006W,551,524,NA,24
YGL002W,97,67,0,18
YGR003W,115,102,1,7
YGR004W,108,81,3,19
YGR006W,31,28,NA,NA
YGR007W,182,140,0,27
YGR012W,135,122,3,6
YGR013W,138,123,0,13
YGR014W,1439,1383,NA,36
YGR016W,37,27,NA,6
YGR017W,212,157,11,31
YGR019W,405,362,3,23
YGR021W,125,115,1,1
YGR023W,183,145,10,23
YGR026W,427,335,NA,68
YGR028W,273,232,7,21
YGR029W,290,218,NA,50
YGR031W,220,116,2,93
YGR032W,2543,2477,NA,35
YGR034W,4451,2964,75,752
YGR038W,245,171,38,21
YGR039W,25,17,NA,6
YGR040W,189,121,1,52
YGR041W,157,125,15,14
YGR042W,100,76,0,10
YGR046W,182,126,13,38
YGR048W,189,174,4,6
YGR049W,283,183,15,66
YGR052W,92,78,NA,13
YGR054W,1265,1072,81,78
YGR055W,1524,1342,2,118
YGR056W,229,221,0,4
YGR058W,131,81,0,37
YGR059W,9,8,NA,1
YGR060W,2306,2042,76,7
YGR064W,9,8,0,1
YGR070W,329,328,NA,NA
YGR072W,100,95,2,NA
YGR074W,174,87,0,75
YGR079W,182,172,NA,10
YGR080W,357,322,0,9
YGR082W,579,387,40,83
YGR088W,479,435,4,21
YGR089W,273,261,NA,8
YGR090W,874,797,58,6
YGR091W,131,119,2,4
YGR092W,520,434,12,53
YGR093W,145,125,2,7
YGR094W,4926,4823,NA,69
YGR096W,51,44,0,3
YGR097W,875,819,NA,42
YGR099W,142,134,NA,5
YGR100W,395,359,7,21
YGR101W,210,178,4,14
YGR103W,729,637,7,46
YGR105W,259,121,26,76
YGR107W,5,3,NA,2
YGR108W,320,224,38,41
YGR110W,36,30,1,5
YGR111W,246,211,8,15
YGR112W,149,115,3,20
YGR113W,133,97,5,24
YGR116W,1118,1096,9,NA
YGR118W,3796,2655,38,743
YGR121W-A,2,1,NA,1
YGR122W,68,55,0,10
YGR124W,2113,1938,7,94
YGR125W,510,469,5,29
YGR127W,93,66,4,18
YGR129W,29,24,1,2
YGR131W,22,19,NA,0
YGR133W,47,38,NA,9
YGR134W,158,141,8,8
YGR135W,566,466,24,31
YGR137W,301,185,NA,71
YGR139W,19,2,17,NA
YGR140W,145,143,NA,2
YGR141W,111,95,0,8
YGR142W,146,108,16,9
YGR143W,368,311,NA,52
YGR145W,252,226,5,8
YGR149W,297,252,8,24
YGR153W,71,61,NA,9
YGR155W,2254,1909,31,203
YGR156W,145,119,15,7
YGR157W,2830,2511,185,44
YGR160W,51,51,NA,NA
YGR161W-C,80,35,0,35
YGR162W,1484,1282,NA,175
YGR163W,136,121,4,2
YGR165W,423,347,17,41
YGR166W,184,165,7,8
YGR167W,490,362,28,51
YGR170W,268,234,7,22
YGR173W,244,207,6,6
YGR174W-A,30,0,23,2
YGR181W,295,137,13,96
YGR186W,335,314,0,5
YGR191W,461,363,43,41
YGR195W,187,131,31,13
YGR198W,235,211,2,6
YGR199W,305,298,5,NA
YGR203W,119,73,0,32
YGR204W,2067,1987,20,20
YGR205W,89,71,5,10
YGR206W,72,47,1,15
YGR208W,172,148,3,12
YGR211W,557,462,16,56
YGR212W,50,35,NA,15
YGR214W,3991,3558,0,185
YGR215W,197,130,7,39
YGR217W,478,473,2,NA
YGR218W,1260,1080,103,61
YGR222W,112,100,NA,9
YGR224W,2,1,0,1
YGR225W,25,20,0,4
YGR227W,275,254,3,8
YGR230W,75,48,2,19
YGR232W,313,263,1,15
YGR234W,5920,4590,0,977
YGR243W,57,43,6,1
YGR247W,68,48,8,6
YGR248W,107,93,0,7
YGR249W,20,18,2,0
YGR251W,27,25,1,NA
YGR252W,104,80,0,17
YGR254W,26219,23496,200,943
YGR256W,94,87,NA,4
YGR260W,537,474,NA,33
YGR266W,288,255,6,20
YGR270W,504,491,NA,4
YGR271W,420,405,NA,11
YGR278W,128,115,0,6
YGR281W,531,480,23,26
YGR288W,88,59,0,24
YGR292W,118,111,0,4
YHL047C,72,65,0,5
YHL046C,44,36,6,2
YHL040C,90,63,5,12
YHL038C,177,163,0,7
YHL037C,7,1,5,0
YHL035C,286,272,NA,12
YHL034C,971,668,128,126
YHL033C,4969,3940,0,755
YHL032C,231,210,0,9
YHL031C,188,152,1,8
YHL029C,227,213,0,5
YHL026C,76,59,5,8
YHL023C,194,194,0,0
YHL022C,32,31,NA,1
YHL021C,435,377,13,17
YHL020C,244,215,9,11
YHL019C,135,119,1,8
YHL016C,46,43,NA,1
YHL014C,103,97,0,3
YHL013C,72,65,1,3
YHL011C,716,507,64,106
YHL010C,80,68,0,8
YHL009C,76,57,1,14
YHL008C,101,72,0,19
YHL007C,447,386,25,21
YHL006C,62,19,NA,38
YHL003C,443,347,25,58
YHL002C-A,4,0,4,NA
YHR003C,215,182,0,18
YHR004C,115,104,7,NA
YHR005C,246,215,3,17
YHR005C-A,899,468,38,289
YHR007C,3269,2602,123,426
YHR007C-A,16,2,NA,4
YHR008C,878,727,15,49
YHR009C,537,426,68,19
YHR013C,256,210,4,22
YHR016C,201,174,6,12
YHR018C,1609,1317,36,177
YHR019C,2536,2237,40,132
YHR021C,2784,1561,219,396
YHR022C,44,30,2,7
YHR022C-A,2,0,NA,2
YHR024C,418,351,0,49
YHR027C,1558,1448,15,46
YHR028C,697,654,0,31
YHR029C,242,197,0,26
YHR030C,786,692,21,49
YHR031C,127,109,1,10
YHR032C-A,1,0,1,NA
YHR034C,109,100,1,1
YHR039C,888,818,20,26
YHR039C-A,904,533,22,163
YHR041C,130,99,0,7
YHR043C,251,195,23,12
YHR044C,120,109,5,3
YHR046C,108,78,2,12
YHR047C,411,373,0,19
YHR049C-A,21,0,NA,20
YHR056C,708,700,1,NA
YHR057C,162,137,0,12
YHR058C,59,49,1,4
YHR061C,54,40,3,9
YHR062C,123,106,0,7
YHR063C,425,371,0,32
YHR064C,2659,2405,28,101
YHR065C,343,315,1,19
YHR069C,237,180,0,43
YHR071C-A,3,3,0,0
YHR073C-B,2,0,1,0
YHR075C,80,70,4,1
YHR077C,323,304,4,5
YHR079C,292,252,16,17
YHR080C,282,268,10,NA
YHR082C,628,554,NA,58
YHR089C,384,299,7,58
YHR090C,73,52,2,17
YHR091C,185,178,0,5
YHR092C,1370,1277,24,11
YHR094C,1340,1189,9,71
YHR096C,140,136,NA,3
YHR097C,184,155,14,NA
YHR098C,811,741,15,33
YHR100C,81,60,3,5
YHR101C,83,70,NA,8
YHR107C,420,371,7,27
YHR112C,236,194,3,32
YHR115C,278,242,29,NA
YHR118C,101,90,1,3
YHR129C,55,45,5,4
YHR130C,23,19,NA,1
YHR131C,163,161,2,NA
YHR132C,483,427,13,24
YHR133C,255,191,0,52
YHR135C,648,570,33,21
YHR136C,2,1,NA,1
YHR138C,135,76,6,26
YHR139C,15,7,NA,7
YHR141C,3230,2310,41,282
YHR144C,105,90,0,10
YHR145C,1327,860,55,NA
YHR147C,294,238,6,26
YHR149C,241,222,4,7
YHR151C,112,93,9,7
YHR153C,13,9,NA,2
YHR156C,24,22,1,0
YHR158C,320,304,NA,12
YHR161C,363,349,3,2
YHR164C,226,215,NA,9
YHR165C,769,750,8,8
YHR166C,78,73,1,1
YHR173C,3,2,NA,1
YHR180C-B,5,0,0,3
YHR182C-A,0,0,0,0
YHR185C,8,7,NA,1
YHR186C,438,429,2,NA
YHR188C,574,529,0,15
YHR191C,41,31,2,2
YHR193C,1841,1401,50,99
YHR193C-A,1,0,0,1
YHR198C,171,149,NA,17
YHR199C,182,155,0,20
YHR201C,201,174,1,11
YHR203C,8593,7514,145,504
YHR210C,32,24,4,1
YHL048W,571,527,0,17
YHL045W,4,1,3,0
YHL044W,70,52,0,16
YHL043W,0,0,0,0
YHL042W,11,3,NA,7
YHL041W,4,1,3,NA
YHL039W,234,218,2,10
YHL036W,45,41,0,3
YHL030W,656,640,NA,10
YHL028W,134,118,2,6
YHL027W,340,292,9,24
YHL025W,205,175,1,14
YHL024W,489,472,NA,2
YHL017W,183,171,0,3
YHL015W,4002,3015,88,379
YHL012W,11,11,NA,NA
YHL006W-A,1,0,0,1
YHL004W,575,487,22,35
YHL002W,192,170,1,7
YHL001W,3046,2443,0,274
YHR001W,239,207,0,19
YHR001W-A,420,136,36,145
YHR002W,55,40,8,6
YHR006W,277,252,0,13
YHR010W,4037,2985,92,414
YHR011W,97,85,0,4
YHR012W,133,92,0,25
YHR015W,89,84,NA,4
YHR017W,110,102,0,7
YHR020W,2331,2189,20,57
YHR021W-A,4,4,NA,0
YHR023W,607,598,NA,5
YHR025W,1069,932,16,56
YHR026W,916,602,98,162
YHR028W-A,16,14,NA,2
YHR032W,312,291,5,NA
YHR032W-A,85,21,7,28
YHR033W,258,217,0,26
YHR035W,35,31,1,NA
YHR036W,114,69,9,26
YHR037W,742,652,15,50
YHR038W,124,99,0,15
YHR040W,48,38,0,4
YHR042W,1162,1078,5,32
YHR045W,234,209,8,6
YHR048W,22,17,1,3
YHR049W,560,431,11,78
YHR050W,310,270,23,6
YHR051W,577,421,NA,108
YHR052W,409,352,13,21
YHR056W-A,9,0,NA,8
YHR059W,163,96,8,18
YHR060W,96,76,NA,9
YHR066W,266,225,1,25
YHR067W,126,103,2,13
YHR068W,728,606,31,41
YHR070W,266,191,0,72
YHR071W,413,241,159,NA
YHR072W,791,730,11,19
YHR072W-A,370,127,20,148
YHR073W,482,445,NA,31
YHR074W,621,559,10,36
YHR076W,203,172,2,21
YHR078W,208,192,0,7
YHR081W,69,43,0,16
YHR083W,226,205,0,11
YHR084W,190,144,26,13
YHR085W,79,66,0,3
YHR086W,294,228,22,30
YHR087W,766,323,62,266
YHR088W,126,103,5,10
YHR099W,1790,1774,7,NA
YHR102W,278,264,NA,9
YHR103W,431,377,20,24
YHR104W,1100,836,36,168
YHR105W,27,20,3,0
YHR106W,132,116,NA,9
YHR108W,842,756,10,41
YHR109W,107,96,0,6
YHR110W,214,168,7,20
YHR111W,156,135,NA,6
YHR113W,346,306,0,21
YHR114W,229,218,2,NA
YHR116W,95,66,NA,25
YHR117W,402,377,4,5
YHR119W,229,209,NA,12
YHR120W,117,115,NA,0
YHR121W,274,198,30,28
YHR122W,142,113,0,15
YHR123W,292,247,0,26
YHR124W,5,5,NA,0
YHR127W,113,71,0,31
YHR128W,572,384,25,109
YHR132W-A,134,85,3,26
YHR134W,50,36,NA,11
YHR137W,341,305,3,17
YHR140W,38,31,0,3
YHR142W,414,337,32,24
YHR143W,835,603,107,86
YHR143W-A,348,117,12,151
YHR146W,341,322,3,NA
YHR148W,140,79,0,52
YHR150W,79,67,1,7
YHR152W,254,165,5,50
YHR154W,226,223,1,NA
YHR155W,265,240,6,14
YHR157W,11,9,0,1
YHR159W,81,67,2,8
YHR162W,1143,561,293,149
YHR163W,506,392,0,86
YHR167W,55,40,4,7
YHR168W,127,111,2,12
YHR169W,144,121,7,11
YHR170W,404,367,5,20
YHR171W,104,94,0,7
YHR172W,159,126,3,27
YHR174W,37789,33125,268,2262
YHR176W,58,52,NA,4
YHR177W,80,40,NA,38
YHR178W,94,81,1,10
YHR179W,1153,1009,4,67
YHR180W,12,10,2,NA
YHR181W,204,170,1,21
YHR182W,117,112,0,5
YHR183W,4247,3709,180,158
YHR184W,27,24,NA,3
YHR187W,127,109,1,11
YHR190W,1227,1071,22,67
YHR192W,127,114,1,9
YHR194W,120,105,1,7
YHR195W,139,108,10,14
YHR196W,257,230,9,11
YHR197W,274,254,0,9
YHR200W,452,398,0,24
YHR202W,117,108,1,3
YHR204W,204,194,2,4
YHR205W,983,820,103,42
YHR206W,366,305,44,10
YHR208W,2832,2444,0,241
YHR209W,460,409,3,28
YHR211W,329,320,NA,5
YHR215W,166,159,NA,1
YHR216W,1137,979,30,66
YIL169C,361,357,0,NA
YIL166C,45,22,NA,22
YIL165C,32,17,NA,12
YIL163C,23,3,NA,20
YIL160C,7,7,NA,0
YIL157C,306,208,NA,73
YIL155C,437,360,9,53
YIL154C,212,172,2,17
YIL151C,283,279,NA,2
YIL150C,56,56,0,0
YIL149C,285,272,NA,10
YIL147C,343,322,NA,17
YIL146C,121,77,29,14
YIL145C,225,174,0,41
YIL143C,226,216,1,NA
YIL139C,39,36,0,2
YIL138C,443,199,0,218
YIL137C,488,462,0,10
YIL135C,225,189,4,23
YIL134C-A,6,4,2,NA
YIL133C,2306,2012,0,103
YIL132C,31,22,NA,8
YIL131C,202,178,1,16
YIL129C,673,660,NA,7
YIL127C,87,67,0,6
YIL119C,171,146,12,NA
YIL117C,373,321,14,17
YIL115C,706,682,NA,12
YIL114C,86,76,0,2
YIL109C,1876,1717,42,52
YIL107C,300,282,5,0
YIL105C,328,310,6,6
YIL104C,82,72,2,3
YIL102C-A,60,18,3,32
YIL101C,137,133,NA,2
YIL098C,114,81,0,17
YIL096C,71,63,NA,8
YIL094C,855,762,2,36
YIL093C,255,187,11,34
YIL091C,229,219,0,8
YIL088C,410,375,1,15
YIL087C,66,49,0,8
YIL085C,234,221,3,NA
YIL084C,51,45,3,NA
YIL083C,205,178,11,7
YIL079C,91,83,0,3
YIL077C,76,64,0,8
YIL075C,1402,1352,9,NA
YIL074C,323,290,4,8
YIL073C,67,64,NA,2
YIL071C,59,55,NA,4
YIL070C,562,455,10,50
YIL069C,2980,2203,62,386
YIL068C,241,223,0,9
YIL067C,123,115,0,2
YIL066C,72,66,NA,5
YIL065C,183,127,11,20
YIL063C,194,174,4,2
YIL062C,608,462,13,42
YIL061C,57,49,0,2
YIL059C,218,14,10,191
YIL057C,1,1,0,0
YIL055C,89,85,NA,1
YIL052C,2869,2076,68,163
YIL051C,969,625,25,175
YIL047C,422,407,0,NA
YIL044C,177,131,2,28
YIL043C,1023,871,0,84
YIL042C,92,83,0,4
YIL038C,419,363,36,11
YIL037C,3,3,NA,0
YIL035C,244,199,14,22
YIL034C,432,361,0,21
YIL033C,823,649,46,79
YIL030C,704,683,NA,11
YIL029C,31,13,5,8
YIL027C,145,113,6,7
YIL026C,284,259,3,9
YIL023C,366,322,0,25
YIL020C,74,67,0,NA
YIL017C,145,141,0,NA
YIL014C-A,48,26,1,16
YIL013C,107,100,NA,7
YIL009C-A,77,63,0,2
YIL007C,79,62,0,14
YIL004C,102,64,0,30
YIL002C,220,193,14,4
YIR001C,134,92,3,28
YIR002C,212,188,8,11
YIR006C,1700,1650,NA,33
YIR008C,136,120,1,8
YIR011C,174,159,0,13
YIR013C,1,1,NA,0
YIR017C,37,24,NA,11
YIR018C-A,56,40,16,NA
YIR019C,217,213,NA,4
YIR020C,7,0,0,7
YIR024C,45,33,0,5
YIR026C,177,162,0,10
YIR027C,13,11,NA,2
YIR030C,49,43,0,2
YIR031C,91,81,3,3
YIR032C,65,56,5,2
YIR034C,415,356,9,20
YIR035C,220,183,0,16
YIR036C,170,148,0,7
YIR038C,304,241,0,36
YIR039C,201,185,NA,14
YIR042C,47,29,4,9
YIL162W,369,329,NA,34
YIL161W,53,46,0,5
YIL159W,132,130,NA,0
YIL158W,113,99,0,9
YIL156W-B,126,86,NA,19
YIL156W,160,154,NA,6
YIL153W,194,178,0,5
YIL152W,50,48,0,1
YIL148W,4842,3829,0,439
YIL144W,135,118,4,10
YIL142W,840,781,6,11
YIL140W,495,465,NA,25
YIL136W,209,177,5,13
YIL134W,81,71,0,2
YIL130W,212,200,11,NA
YIL128W,397,390,NA,NA
YIL126W,602,555,3,39
YIL125W,1554,1443,NA,86
YIL124W,652,551,9,33
YIL123W,2832,2194,24,519
YIL122W,80,67,NA,10
YIL121W,237,219,NA,16
YIL120W,27,24,NA,2
YIL118W,233,155,33,27
YIL116W,327,301,15,NA
YIL113W,23,19,1,3
YIL112W,235,225,2,NA
YIL111W,140,110,5,3
YIL110W,160,145,0,10
YIL108W,662,620,0,17
YIL106W,257,227,0,14
YIL103W,108,90,2,6
YIL100W,37,23,7,NA
YIL099W,32,29,NA,2
YIL097W,101,90,0,3
YIL095W,153,142,5,3
YIL092W,50,48,0,0
YIL090W,292,208,14,56
YIL089W,17,13,1,1
YIL078W,2475,2319,11,41
YIL076W,717,624,0,59
YIL066W-A,1,1,NA,0
YIL064W,127,115,NA,7
YIL056W,187,178,NA,4
YIL054W,2,0,0,2
YIL053W,2932,2324,57,305
YIL050W,142,117,11,7
YIL049W,90,80,NA,8
YIL048W,437,384,31,13
YIL046W-A,0,0,0,0
YIL046W,185,175,0,8
YIL045W,68,65,0,1
YIL041W,941,819,3,30
YIL040W,115,90,0,11
YIL039W,497,452,4,21
YIL036W,324,277,16,23
YIL031W,212,188,20,NA
YIL028W,37,6,14,16
YIL022W,555,402,35,84
YIL021W,224,197,6,14
YIL019W,60,40,0,10
YIL018W,8350,7256,51,505
YIL016W,99,75,1,9
YIL015W,19,17,NA,2
YIL014W,230,204,9,8
YIL011W,78,65,2,4
YIL010W,228,165,5,41
YIL009W,290,244,0,35
YIL008W,139,88,3,38
YIL006W,71,54,NA,15
YIL005W,370,316,21,26
YIL003W,77,64,2,8
YIL002W-A,168,70,3,53
YIL001W,68,61,2,1
YIR003W,276,260,0,7
YIR004W,207,177,0,13
YIR005W,51,37,1,6
YIR007W,108,104,0,2
YIR009W,51,14,0,32
YIR010W,106,92,4,7
YIR012W,396,350,1,13
YIR014W,20,18,0,0
YIR016W,105,94,0,7
YIR018W,41,32,0,5
YIR021W,155,145,1,3
YIR022W,240,174,NA,53
YIR023W,213,207,NA,5
YIR025W,34,27,0,4
YIR028W,61,59,NA,1
YIR029W,34,34,NA,0
YIR033W,348,343,NA,2
YIR037W,674,459,71,97
YIR041W,76,19,49,3
YJL216C,23,22,NA,1
YJL215C,40,7,33,NA
YJL212C,218,201,1,9
YJL208C,190,154,12,14
YJL207C,504,498,0,NA
YJL206C,85,79,NA,4
YJL205C,56,20,0,20
YJL204C,166,153,1,6
YJL202C,0,0,0,0
YJL200C,740,690,7,32
YJL199C,21,17,NA,4
YJL196C,345,279,0,43
YJL192C,391,320,15,25
YJL190C,3770,2412,0,773
YJL187C,191,168,0,17
YJL185C,40,32,NA,7
YJL180C,250,225,0,17
YJL178C,282,219,4,39
YJL176C,303,266,1,31
YJL173C,191,136,0,20
YJL171C,962,773,1,124
YJL170C,1,1,0,0
YJL168C,169,141,6,17
YJL165C,255,234,12,NA
YJL164C,215,161,27,14
YJL163C,61,52,2,4
YJL162C,77,72,1,1
YJL160C,7,4,3,NA
YJL158C,4038,3286,110,343
YJL157C,313,297,NA,12
YJL156C,197,164,NA,30
YJL155C,248,188,17,36
YJL154C,573,553,NA,7
YJL153C,178,158,NA,12
YJL151C,592,429,7,77
YJL147C,62,50,2,5
YJL139C,114,92,4,10
YJL138C,6099,5520,62,288
YJL137C,106,96,2,4
YJL136C,2996,1886,58,601
YJL133C-A,270,123,0,107
YJL131C,61,52,0,5
YJL130C,15316,15085,NA,128
YJL129C,329,303,19,NA
YJL128C,393,334,45,4
YJL127C-B,117,24,18,51
YJL127C,109,78,2,27
YJL125C,161,138,0,8
YJL124C,334,195,52,52
YJL123C,382,364,0,NA
YJL121C,631,516,5,31
YJL119C,11,2,2,5
YJL116C,41,35,NA,6
YJL110C,86,75,1,5
YJL109C,1296,1266,2,5
YJL108C,138,116,NA,18
YJL107C,162,145,10,NA
YJL103C,100,86,4,7
YJL101C,249,216,7,14
YJL094C,253,234,1,11
YJL093C,239,218,NA,16
YJL091C,286,260,0,17
YJL090C,106,101,NA,2
YJL087C,170,152,NA,14
YJL084C,318,277,12,16
YJL081C,278,250,0,20
YJL080C,2483,2373,NA,79
YJL079C,617,407,79,74
YJL078C,672,593,18,49
YJL077C,5,3,NA,2
YJL074C,227,220,NA,4
YJL072C,110,70,0,31
YJL070C,195,188,NA,3
YJL069C,210,194,0,9
YJL068C,340,292,0,23
YJL066C,341,241,9,70
YJL065C,170,130,1,22
YJL063C,284,227,0,29
YJL058C,59,55,1,0
YJL057C,146,135,3,4
YJL056C,601,570,NA,24
YJL048C,471,386,10,56
YJL047C-A,31,6,0,16
YJL047C,164,151,3,6
YJL044C,237,192,3,29
YJL039C,900,820,14,50
YJL038C,6,3,NA,3
YJL035C,44,37,0,2
YJL031C,75,65,NA,5
YJL029C,298,271,2,10
YJL027C,2,2,0,0
YJL024C,145,95,3,33
YJL023C,76,66,NA,5
YJL020C,1181,1082,19,58
YJL015C,5,0,NA,5
YJL013C,93,81,NA,8
YJL012C,490,467,0,9
YJL011C,72,42,6,16
YJL010C,253,236,4,2
YJL008C,839,724,18,53
YJL006C,86,75,2,2
YJL004C,125,77,0,40
YJL002C,935,835,16,48
YJR003C,146,131,0,5
YJR004C,166,147,NA,15
YJR009C,28373,25328,256,765
YJR010C-A,63,35,0,21
YJR011C,48,42,1,4
YJR012C,45,37,NA,8
YJR016C,2935,2705,0,92
YJR017C,393,217,4,114
YJR019C,98,87,0,5
YJR021C,51,46,0,4
YJR025C,427,307,3,60
YJR030C,159,154,4,NA
YJR031C,295,280,5,7
YJR033C,296,289,1,NA
YJR036C,59,56,NA,2
YJR041C,405,379,2,14
YJR043C,87,70,2,10
YJR044C,281,159,27,74
YJR045C,6694,5556,366,554
YJR047C,758,756,0,1
YJR049C,219,211,0,5
YJR056C,85,59,14,8
YJR058C,77,62,0,9
YJR062C,149,123,0,21
YJR065C,1165,983,9,97
YJR067C,44,33,NA,7
YJR069C,220,162,3,27
YJR070C,557,493,1,40
YJR072C,305,265,7,14
YJR073C,1617,1261,21,128
YJR076C,366,320,8,17
YJR077C,1783,1456,11,247
YJR080C,355,310,0,29
YJR082C,141,67,21,42
YJR083C,92,81,0,5
YJR085C,473,268,27,86
YJR088C,257,212,3,27
YJR090C,426,380,28,9
YJR091C,530,468,1,48
YJR093C,151,121,1,12
YJR094C,25,20,NA,4
YJR098C,99,84,NA,9
YJR100C,130,112,0,6
YJR102C,70,50,0,12
YJR104C,2831,2233,144,216
YJR109C,3443,3243,33,67
YJR111C,78,66,NA,7
YJR113C,361,306,4,25
YJR118C,158,113,8,21
YJR119C,68,65,NA,2
YJR124C,114,94,1,11
YJR125C,426,387,7,12
YJR126C,348,331,NA,10
YJR127C,326,321,NA,2
YJR129C,48,42,0,2
YJR130C,262,229,0,25
YJR134C,145,129,2,5
YJR135C,33,30,0,NA
YJR136C,65,61,NA,1
YJR137C,474,459,NA,9
YJR139C,2082,1794,54,88
YJR140C,349,287,NA,61
YJR143C,1393,1229,32,83
YJR145C,8880,7967,0,362
YJR150C,3,3,0,0
YJR151C,208,176,32,NA
YJR156C,104,83,NA,16
YJR161C,891,706,NA,153
YJL218W,33,26,3,3
YJL217W,276,229,0,17
YJL214W,62,30,NA,31
YJL213W,19,19,NA,0
YJL210W,101,85,3,8
YJL209W,121,110,6,3
YJL203W,60,56,0,1
YJL201W,151,142,0,5
YJL198W,372,345,1,13
YJL197W,336,326,2,6
YJL194W,125,109,2,10
YJL193W,93,83,NA,6
YJL191W,1777,1646,6,52
YJL189W,3309,1330,124,974
YJL186W,456,405,4,24
YJL184W,95,65,8,8
YJL183W,432,372,14,19
YJL181W,119,115,1,3
YJL179W,145,67,11,33
YJL177W,2550,2112,0,217
YJL175W,2,0,0,2
YJL174W,540,403,45,44
YJL172W,936,865,1,28
YJL167W,2243,1892,62,158
YJL166W,647,296,61,195
YJL161W,137,96,0,22
YJL159W,17408,13122,331,3147
YJL152W,16,0,2,14
YJL150W,24,5,17,NA
YJL149W,187,183,NA,1
YJL148W,241,181,2,34
YJL146W,155,125,9,17
YJL145W,235,188,6,14
YJL144W,46,19,1,20
YJL143W,514,246,15,193
YJL140W,271,213,4,25
YJL136W-A,0,0,0,0
YJL134W,155,146,NA,0
YJL133W,88,65,7,10
YJL132W,224,210,0,13
YJL126W,58,53,0,1
YJL122W,132,81,0,26
YJL118W,72,51,NA,19
YJL117W,223,207,3,0
YJL115W,99,65,13,15
YJL112W,213,185,1,17
YJL111W,798,656,11,85
YJL106W,55,41,13,NA
YJL104W,270,150,0,77
YJL102W,194,177,0,13
YJL100W,131,112,2,6
YJL099W,216,197,14,NA
YJL098W,299,275,19,NA
YJL097W,347,298,17,5
YJL096W,212,164,9,11
YJL095W,227,221,NA,4
YJL092W,251,239,NA,5
YJL088W,1140,963,1,64
YJL085W,153,144,1,5
YJL083W,100,87,0,13
YJL082W,699,602,16,65
YJL077W-B,102,2,87,10
YJL077W-A,32,0,13,11
YJL076W,854,811,NA,27
YJL073W,206,185,5,6
YJL071W,206,182,0,16
YJL062W-A,377,186,6,98
YJL062W,320,292,2,10
YJL061W,250,233,3,4
YJL060W,293,269,0,13
YJL059W,94,82,1,6
YJL055W,357,297,0,29
YJL054W,262,240,0,12
YJL053W,193,155,4,18
YJL052W,12990,11659,129,312
YJL051W,242,232,5,NA
YJL050W,585,559,3,7
YJL049W,51,46,0,0
YJL046W,108,98,0,4
YJL045W,32,22,NA,10
YJL043W,12,1,NA,11
YJL042W,550,534,6,NA
YJL041W,731,661,16,34
YJL037W,22,18,NA,4
YJL036W,154,121,10,17
YJL034W,4855,4220,71,310
YJL033W,248,240,1,NA
YJL030W,76,67,2,0
YJL028W,67,2,NA,65
YJL026W,1775,1484,38,146
YJL025W,97,76,4,12
YJL022W,15,0,NA,15
YJL019W,145,117,2,22
YJL016W,297,232,44,10
YJL014W,699,618,5,42
YJL005W,799,779,15,NA
YJL003W,90,44,5,33
YJL001W,510,375,14,89
YJR001W,525,456,14,25
YJR002W,342,270,3,62
YJR005W,274,241,5,20
YJR006W,240,218,0,11
YJR007W,831,649,52,66
YJR008W,201,165,10,11
YJR010W,92,84,NA,6
YJR013W,141,129,2,4
YJR014W,296,180,2,70
YJR015W,500,457,0,31
YJR018W,4,1,2,NA
YJR020W,15,4,6,4
YJR032W,179,153,0,13
YJR034W,90,54,15,9
YJR035W,113,102,NA,6
YJR039W,93,93,NA,NA
YJR040W,255,227,0,9
YJR042W,327,305,0,7
YJR046W,205,201,0,2
YJR048W,1412,734,97,375
YJR050W,64,41,0,20
YJR051W,204,188,3,7
YJR052W,141,133,NA,3
YJR053W,50,44,1,NA
YJR054W,83,74,2,2
YJR055W,45,19,0,20
YJR057W,89,72,0,12
YJR059W,624,605,7,NA
YJR060W,242,165,6,65
YJR061W,180,169,NA,8
YJR063W,200,126,9,37
YJR064W,829,775,2,7
YJR066W,603,599,2,NA
YJR068W,214,187,1,11
YJR074W,233,199,NA,26
YJR075W,439,366,15,31
YJR078W,147,144,1,NA
YJR079W,19,11,NA,1
YJR084W,95,90,0,1
YJR089W,130,127,2,NA
YJR092W,574,553,NA,14
YJR094W-A,2486,1365,0,730
YJR095W,13,11,0,2
YJR096W,116,103,NA,7
YJR097W,22,16,1,1
YJR099W,126,95,17,7
YJR101W,379,269,28,67
YJR103W,352,332,5,6
YJR105W,2296,2061,36,35
YJR106W,152,148,NA,NA
YJR107W,61,52,NA,8
YJR108W,14,4,NA,10
YJR110W,119,107,0,5
YJR112W,46,40,2,1
YJR112W-A,47,25,0,12
YJR115W,352,338,NA,14
YJR116W,85,64,6,9
YJR117W,869,745,7,70
YJR120W,576,145,NA,349
YJR121W,5013,4266,0,552
YJR122W,153,138,5,1
YJR123W,8266,6629,227,665
YJR131W,198,180,0,5
YJR132W,340,328,3,5
YJR133W,301,222,25,24
YJR135W-A,354,197,0,68
YJR138W,246,236,NA,7
YJR141W,82,67,0,15
YJR142W,208,188,0,16
YJR144W,222,196,0,3
YJR147W,109,81,NA,25
YJR148W,416,344,13,15
YJR149W,100,94,NA,1
YJR152W,58,39,18,0
YJR153W,4,3,1,0
YJR154W,35,29,6,NA
YJR155W,28,25,NA,2
YKL222C,97,78,7,8
YKL220C,26,25,NA,1
YKL218C,150,113,6,25
YKL215C,396,389,0,NA
YKL214C,145,116,9,10
YKL213C,412,391,0,12
YKL211C,581,551,0,NA
YKL209C,53,53,NA,NA
YKL206C,167,148,0,8
YKL203C,577,574,NA,NA
YKL201C,162,160,NA,NA
YKL198C,160,131,16,7
YKL197C,210,187,NA,20
YKL196C,468,291,15,105
YKL194C,229,197,2,21
YKL193C,293,250,9,13
YKL192C,820,413,15,200
YKL188C,75,71,NA,2
YKL187C,47,41,NA,6
YKL186C,153,125,6,11
YKL179C,200,180,0,13
YKL178C,476,384,4,66
YKL176C,503,427,47,16
YKL174C,215,195,3,5
YKL169C,6,1,4,1
YKL168C,130,122,NA,2
YKL167C,191,135,0,30
YKL166C,130,109,NA,15
YKL165C-A,30,7,20,NA
YKL165C,684,642,1,18
YKL164C,4477,3690,97,530
YKL162C,57,47,2,5
YKL161C,682,512,22,94
YKL159C,45,36,NA,6
YKL155C,185,180,2,0
YKL152C,14534,11595,90,1399
YKL151C,197,168,16,NA
YKL149C,78,63,0,10
YKL148C,1357,1101,76,128
YKL144C,82,70,0,10
YKL138C-A,91,22,1,51
YKL138C,261,160,31,29
YKL135C,316,282,9,12
YKL134C,214,183,1,22
YKL133C,54,48,0,0
YKL132C,18,15,1,0
YKL130C,182,135,8,21
YKL129C,476,460,NA,15
YKL128C,184,138,0,31
YKL122C,212,160,6,13
YKL119C,145,102,5,28
YKL116C,200,176,NA,17
YKL113C,175,148,2,16
YKL110C,177,159,0,7
YKL106C-A,12,1,NA,10
YKL105C,239,222,14,NA
YKL104C,3222,2652,187,301
YKL103C,367,321,8,21
YKL102C,7,0,NA,7
YKL100C,487,405,0,60
YKL099C,126,92,7,19
YKL092C,211,204,4,NA
YKL091C,144,126,NA,12
YKL087C,312,203,27,39
YKL082C,136,125,3,NA
YKL075C,91,78,10,NA
YKL074C,91,89,0,1
YKL065C,708,560,8,60
YKL063C,153,73,36,31
YKL060C,27521,24913,145,540
YKL059C,105,86,2,9
YKL057C,503,492,5,0
YKL056C,5553,3759,163,977
YKL055C,32,16,0,13
YKL054C,2108,1803,81,143
YKL053C-A,235,130,25,51
YKL052C,99,86,1,3
YKL050C,45,41,NA,3
YKL049C,79,66,2,5
YKL048C,79,69,NA,6
YKL046C,517,386,55,56
YKL040C,272,178,1,71
YKL036C,4,0,NA,4
YKL032C,409,376,NA,25
YKL029C,797,731,4,28
YKL026C,44,24,NA,16
YKL025C,276,262,3,3
YKL024C,387,306,NA,45
YKL022C,148,146,NA,2
YKL021C,184,172,NA,9
YKL020C,343,338,NA,4
YKL018C-A,62,40,0,17
YKL017C,105,98,0,3
YKL016C,814,569,42,74
YKL014C,589,576,NA,8
YKL013C,494,311,13,117
YKL011C,38,34,NA,1
YKL010C,567,556,NA,4
YKL008C,291,267,4,15
YKL006C-A,88,46,6,20
YKL005C,111,90,3,15
YKL003C,180,122,9,28
YKL001C,69,46,3,5
YKR001C,1152,1042,8,60
YKR004C,66,63,1,NA
YKR005C,37,27,NA,9
YKR006C,333,262,0,35
YKR009C,81,75,NA,5
YKR010C,111,104,2,NA
YKR011C,144,128,NA,12
YKR012C,18,5,11,NA
YKR014C,271,193,27,20
YKR015C,8,7,1,0
YKR017C,59,55,1,3
YKR018C,528,475,6,40
YKR019C,70,61,3,3
YKR022C,64,48,3,7
YKR024C,194,181,1,3
YKR026C,226,163,13,37
YKR029C,140,131,NA,4
YKR031C,356,330,NA,23
YKR036C,94,88,2,2
YKR037C,88,75,0,12
YKR038C,246,220,0,15
YKR040C,31,20,NA,NA
YKR043C,543,426,0,48
YKR045C,125,62,0,52
YKR046C,1650,1376,0,181
YKR048C,787,644,0,78
YKR049C,108,76,0,12
YKR052C,93,58,5,24
YKR053C,17,15,NA,1
YKR054C,584,562,2,17
YKR063C,74,61,NA,6
YKR065C,469,357,9,49
YKR066C,601,519,0,26
YKR068C,204,155,0,24
YKR071C,454,337,17,66
YKR072C,302,277,NA,17
YKR075C,103,85,2,10
YKR079C,326,273,25,20
YKR081C,257,227,0,10
YKR083C,31,20,0,5
YKR084C,296,271,2,9
YKR085C,311,245,0,28
YKR087C,95,84,0,5
YKR088C,210,190,0,10
YKR089C,250,222,8,12
YKR092C,554,461,5,63
YKR094C,4608,3335,12,759
YKR098C,164,140,10,4
YKR100C,263,181,53,19
YKL221W,5,4,NA,1
YKL219W,170,156,NA,10
YKL217W,38,36,NA,2
YKL216W,1132,820,33,195
YKL212W,930,842,63,NA
YKL210W,1974,1877,18,42
YKL208W,73,66,0,4
YKL207W,355,289,0,35
YKL205W,459,444,4,NA
YKL204W,459,399,1,37
YKL195W,580,493,9,37
YKL191W,377,345,1,18
YKL190W,298,195,4,75
YKL189W,95,73,8,9
YKL185W,806,643,76,57
YKL184W,682,522,51,71
YKL183W,177,139,23,9
YKL182W,16006,15647,NA,194
YKL181W,982,791,104,44
YKL180W,4013,3007,0,441
YKL175W,1073,957,7,72
YKL173W,260,244,0,10
YKL172W,370,329,0,28
YKL171W,108,98,1,5
YKL170W,224,133,20,42
YKL163W,4560,4230,196,NA
YKL160W,326,229,0,40
YKL157W,1650,1524,1,101
YKL156W,1009,507,NA,396
YKL154W,119,91,12,5
YKL153W,2,1,1,NA
YKL150W,1026,852,23,59
YKL146W,372,342,0,15
YKL145W,761,703,NA,27
YKL143W,157,134,2,8
YKL142W,508,397,21,46
YKL141W,570,450,20,76
YKL140W,245,205,17,15
YKL139W,142,117,15,8
YKL137W,190,114,13,35
YKL127W,549,473,1,55
YKL126W,606,528,45,19
YKL125W,177,155,2,11
YKL124W,121,107,6,NA
YKL121W,207,194,NA,11
YKL120W,510,379,34,75
YKL118W,1,1,NA,0
YKL117W,851,593,7,137
YKL112W,322,276,24,14
YKL109W,599,478,63,33
YKL108W,60,51,5,2
YKL107W,10,9,NA,1
YKL106W,250,195,21,17
YKL101W,637,624,NA,3
YKL098W,109,91,1,10
YKL096W-A,7717,3119,532,2286
YKL096W,4554,3540,140,544
YKL094W,353,298,3,27
YKL093W,31,26,NA,4
YKL090W,59,47,NA,11
YKL089W,60,55,1,1
YKL088W,144,125,0,11
YKL086W,32,21,0,4
YKL085W,773,697,24,6
YKL084W,211,66,127,NA
YKL081W,4071,3364,11,459
YKL080W,1075,970,34,23
YKL079W,222,209,4,4
YKL078W,99,86,0,5
YKL077W,637,508,17,86
YKL073W,479,447,2,11
YKL072W,83,71,7,3
YKL071W,14,12,NA,2
YKL070W,0,0,0,0
YKL069W,183,155,0,1
YKL068W-A,65,26,6,26
YKL068W,528,482,18,13
YKL065W-A,6,4,2,0
YKL064W,529,498,21,NA
YKL062W,478,404,NA,67
YKL061W,29,14,0,13
YKL058W,144,74,4,54
YKL053W,15,1,NA,14
YKL051W,218,172,NA,32
YKL047W,161,150,0,6
YKL045W,135,129,2,2
YKL044W,36,35,0,NA
YKL043W,222,196,NA,20
YKL042W,89,70,3,13
YKL041W,75,52,7,3
YKL039W,812,637,35,98
YKL038W,473,427,25,14
YKL035W,1780,1481,67,151
YKL034W,205,191,0,7
YKL033W-A,417,313,33,29
YKL033W,168,157,NA,11
YKL031W,7,4,3,NA
YKL028W,260,214,2,39
YKL027W,225,181,6,20
YKL023W,97,59,0,30
YKL019W,242,208,0,11
YKL018W,159,124,2,19
YKL015W,260,240,7,7
YKL012W,150,146,0,NA
YKL009W,332,275,6,30
YKL007W,387,295,8,58
YKL006W,3948,2878,0,403
YKL004W,546,382,107,33
YKL002W,116,92,6,7
YKR002W,298,255,28,6
YKR003W,335,298,11,6
YKR007W,72,60,0,3
YKR008W,207,189,1,9
YKR013W,530,422,9,61
YKR016W,438,355,11,55
YKR020W,39,17,0,18
YKR021W,299,262,7,14
YKR023W,82,75,0,3
YKR025W,133,108,0,13
YKR027W,190,176,1,4
YKR028W,472,430,NA,33
YKR030W,124,106,3,7
YKR035W-A,136,100,0,20
YKR039W,2046,1824,43,107
YKR041W,197,8,NA,188
YKR042W,4835,3227,632,691
YKR044W,111,101,2,4
YKR047W,68,17,49,NA
YKR050W,228,161,58,6
YKR051W,86,72,5,4
YKR055W,88,63,2,16
YKR056W,288,275,NA,12
YKR057W,2161,1119,26,727
YKR058W,86,80,2,2
YKR059W,5827,5406,13,147
YKR060W,93,80,3,4
YKR061W,129,112,1,5
YKR062W,210,168,7,26
YKR064W,130,120,NA,7
YKR067W,391,359,9,17
YKR069W,59,54,2,1
YKR070W,216,198,NA,11
YKR074W,252,190,NA,40
YKR075W-A,3,0,NA,3
YKR076W,145,124,10,9
YKR077W,156,132,2,7
YKR078W,95,92,0,0
YKR080W,182,141,3,22
YKR082W,487,470,NA,6
YKR086W,156,153,0,1
YKR090W,177,148,11,11
YKR091W,342,260,2,54
YKR093W,384,322,13,28
YKR095W,450,436,NA,11
YKR095W-A,105,56,0,31
YKR096W,357,329,8,12
YKR097W,26,24,NA,1
YKR099W,173,148,11,7
YKR101W,53,50,0,0
YKR102W,53,53,NA,NA
YKR103W,106,67,37,NA
YKR104W,18,13,NA,5
YLL063C,41,33,NA,6
YLL062C,27,21,0,1
YLL060C,38,26,4,7
YLL059C,17,11,NA,6
YLL057C,20,16,NA,4
YLL056C,25,21,NA,3
YLL054C,115,93,1,16
YLL053C,27,23,NA,4
YLL051C,199,177,0,13
YLL050C,2052,1514,38,301
YLL048C,1808,1796,NA,NA
YLL045C,5729,5035,18,266
YLL042C,37,26,NA,3
YLL041C,685,471,7,171
YLL040C,1283,1272,NA,7
YLL039C,3578,3169,141,144
YLL038C,189,40,NA,147
YLL036C,171,149,1,9
YLL034C,284,261,0,17
YLL032C,176,145,NA,29
YLL031C,596,570,3,8
YLL024C,17612,16547,54,460
YLL023C,393,317,16,42
YLL022C,134,122,NA,3
YLL019C,388,300,81,NA
YLL018C-A,113,28,4,77
YLL018C,2259,2005,0,137
YLL013C,651,543,37,58
YLL010C,186,128,29,25
YLL009C,296,100,39,91
YLL007C,139,122,5,10
YLR001C,186,177,1,3
YLR002C,286,277,0,1
YLR003C,169,138,0,19
YLR004C,19,16,0,0
YLR006C,247,232,13,NA
YLR008C,328,156,50,78
YLR010C,18,11,0,2
YLR014C,92,90,NA,NA
YLR016C,80,62,4,5
YLR018C,170,142,6,14
YLR020C,201,180,3,14
YLR022C,147,126,NA,14
YLR023C,416,311,35,58
YLR024C,215,212,3,NA
YLR026C,148,116,17,4
YLR027C,1604,1457,12,52
YLR028C,962,833,50,41
YLR029C,5735,4343,83,793
YLR034C,286,215,31,35
YLR035C,103,81,0,14
YLR036C,62,41,1,19
YLR037C,62,17,32,7
YLR038C,605,237,46,192
YLR039C,222,215,NA,7
YLR040C,837,622,49,100
YLR042C,42,36,2,2
YLR043C,819,432,10,192
YLR044C,48877,45274,351,1289
YLR045C,248,241,0,NA
YLR046C,44,41,NA,0
YLR047C,134,95,9,25
YLR049C,225,197,10,7
YLR050C,190,158,0,16
YLR051C,109,87,0,12
YLR053C,4,3,NA,0
YLR054C,32,27,NA,5
YLR055C,125,120,NA,0
YLR058C,2056,1752,25,144
YLR059C,217,158,NA,46
YLR065C,215,167,2,28
YLR067C,159,149,NA,6
YLR069C,846,795,0,29
YLR070C,39,38,NA,1
YLR071C,377,353,2,18
YLR073C,113,71,24,12
YLR074C,124,85,0,17
YLR078C,197,161,6,14
YLR082C,63,44,0,18
YLR083C,726,666,35,NA
YLR084C,464,447,NA,8
YLR085C,98,78,1,7
YLR087C,546,532,NA,5
YLR089C,515,419,61,5
YLR093C,262,206,15,27
YLR094C,189,160,1,16
YLR095C,300,290,1,6
YLR097C,89,69,10,6
YLR098C,113,103,0,5
YLR099C,160,145,5,5
YLR103C,84,72,3,2
YLR105C,103,94,1,3
YLR106C,1616,1600,NA,7
YLR108C,135,109,3,23
YLR110C,18813,13422,958,1610
YLR114C,277,237,9,22
YLR117C,129,120,0,5
YLR118C,286,212,4,44
YLR120C,775,583,30,136
YLR121C,564,505,0,37
YLR126C,65,51,6,7
YLR127C,121,117,1,NA
YLR130C,527,484,19,8
YLR131C,263,245,NA,14
YLR132C,108,68,2,29
YLR136C,27,16,NA,9
YLR139C,191,162,19,10
YLR144C,251,228,0,10
YLR146C,194,164,0,8
YLR147C,55,35,2,11
YLR149C,177,158,3,13
YLR151C,60,50,NA,8
YLR152C,91,71,5,6
YLR153C,4598,4003,7,441
YLR154C,104,53,16,16
YLR163C,420,358,2,31
YLR165C,26,23,NA,2
YLR166C,263,252,1,1
YLR168C,266,205,1,34
YLR170C,125,63,1,49
YLR172C,488,417,0,23
YLR176C,102,95,NA,3
YLR178C,564,466,20,19
YLR179C,564,379,48,66
YLR181C,145,116,5,8
YLR183C,191,160,8,11
YLR189C,262,253,NA,4
YLR192C,650,443,15,161
YLR193C,101,68,2,21
YLR194C,1350,1180,0,89
YLR195C,308,282,3,14
YLR199C,210,167,7,23
YLR201C,167,143,NA,17
YLR203C,633,591,17,0
YLR205C,210,184,3,5
YLR209C,231,198,NA,24
YLR211C,48,30,2,12
YLR212C,125,113,0,6
YLR213C,9,6,0,2
YLR215C,76,67,3,5
YLR216C,1396,1190,16,101
YLR218C,65,36,NA,17
YLR221C,139,92,4,33
YLR222C,358,324,0,18
YLR223C,279,255,23,NA
YLR225C,225,201,0,16
YLR227C,68,60,7,NA
YLR228C,199,164,10,16
YLR229C,530,329,132,36
YLR231C,348,306,0,21
YLR233C,84,67,1,12
YLR239C,130,111,0,9
YLR242C,60,53,2,2
YLR244C,585,522,0,17
YLR245C,51,38,0,6
YLR247C,328,308,NA,14
YLR254C,90,77,9,2
YLR255C,3,1,0,2
YLR259C,4731,4246,72,180
YLR262C-A,516,257,9,114
YLR265C,74,65,NA,7
YLR266C,74,70,NA,0
YLR269C,0,0,0,0
YLR272C,286,266,1,12
YLR273C,88,68,8,6
YLR276C,390,353,17,12
YLR277C,209,189,11,2
YLR284C,29,25,1,2
YLR285C-A,46,10,NA,5
YLR286C,2323,1935,304,NA
YLR287C,173,135,6,22
YLR287C-A,2562,1142,0,873
YLR288C,61,48,0,5
YLR290C,140,120,1,14
YLR291C,421,354,8,28
YLR292C,249,166,0,53
YLR293C,2326,1767,32,310
YLR294C,272,250,NA,NA
YLR298C,64,52,NA,6
YLR304C,6942,6049,67,512
YLR305C,776,758,NA,15
YLR309C,240,233,0,NA
YLR310C,724,683,NA,35
YLR311C,27,26,NA,NA
YLR312C,71,66,5,NA
YLR313C,89,67,0,21
YLR314C,699,601,27,36
YLR316C,56,52,0,2
YLR319C,194,163,4,19
YLR321C,174,138,0,27
YLR323C,64,45,1,13
YLR325C,3906,1672,0,1604
YLR327C,401,153,47,123
YLR333C,1718,994,91,273
YLR336C,224,217,3,NA
YLR337C,583,537,8,23
YLR339C,0,0,0,0
YLR346C,6,3,0,1
YLR347C,1060,883,31,114
YLR348C,229,203,1,7
YLR351C,417,358,NA,41
YLR354C,2899,2341,68,298
YLR355C,6598,5089,303,865
YLR361C,186,149,0,27
YLR361C-A,71,36,NA,22
YLR363C,129,56,11,56
YLR364C-A,1,0,NA,1
YLR370C,434,302,16,75
YLR373C,258,239,0,13
YLR376C,46,38,0,6
YLR378C,2018,1616,222,127
YLR382C,341,317,8,7
YLR384C,914,888,NA,22
YLR387C,243,205,7,14
YLR389C,571,548,NA,19
YLR392C,58,48,2,1
YLR395C,655,249,42,299
YLR396C,161,154,4,0
YLR397C,283,255,1,16
YLR398C,446,431,NA,7
YLR399C,440,425,7,NA
YLR401C,291,272,0,3
YLR406C,1191,642,9,304
YLR406C-A,0,0,0,0
YLR408C,25,17,NA,3
YLR409C,453,440,3,4
YLR412C-A,18,2,2,14
YLR414C,627,491,79,29
YLR418C,191,149,NA,33
YLR421C,305,184,4,94
YLR423C,69,49,0,14
YLR428C,1,0,0,1
YLR431C,58,46,2,7
YLR433C,172,149,NA,21
YLR436C,483,460,8,8
YLR437C,155,92,2,39
YLR438C-A,174,106,26,17
YLR440C,207,190,0,8
YLR441C,5630,4323,77,777
YLR442C,165,153,3,7
YLR447C,1148,922,45,100
YLR452C,192,157,12,12
YLR453C,20,19,0,NA
YLR457C,32,27,0,5
YLR460C,50,42,0,3
YLL061W,62,60,0,0
YLL058W,119,104,5,3
YLL055W,49,43,2,2
YLL049W,81,76,0,NA
YLL047W,4,4,NA,0
YLL043W,357,323,3,22
YLL037W,6,6,NA,0
YLL035W,157,136,6,10
YLL033W,40,23,NA,15
YLL029W,536,496,7,7
YLL028W,856,617,43,158
YLL027W,242,176,30,24
YLL026W,2324,2191,37,21
YLL025W,24,16,0,3
YLL021W,456,436,15,NA
YLL015W,649,641,NA,1
YLL014W,195,118,0,54
YLL012W,192,176,3,6
YLL011W,190,175,0,1
YLL008W,433,402,2,15
YLL006W,133,122,0,2
YLL004W,111,99,0,9
YLL003W,115,109,0,3
YLL002W,93,80,0,6
YLL001W,399,379,0,12
YLR005W,183,151,2,24
YLR007W,108,99,0,7
YLR009W,270,169,35,41
YLR011W,70,47,6,12
YLR015W,88,74,0,12
YLR017W,312,290,NA,6
YLR019W,276,199,29,39
YLR021W,76,57,4,5
YLR025W,172,116,12,26
YLR031W,11,9,NA,1
YLR032W,193,183,NA,2
YLR033W,165,140,1,16
YLR041W,32,1,0,31
YLR048W,5608,4244,107,972
YLR052W,117,80,NA,28
YLR056W,1159,995,20,80
YLR057W,298,277,2,6
YLR060W,1572,1455,24,44
YLR061W,3250,2311,0,354
YLR064W,238,191,3,18
YLR066W,227,177,2,17
YLR068W,59,35,2,14
YLR072W,189,183,0,3
YLR075W,7404,6104,0,615
YLR077W,202,178,1,7
YLR079W,173,137,6,19
YLR080W,59,58,NA,1
YLR081W,25,24,0,1
YLR086W,234,221,NA,8
YLR088W,298,272,3,15
YLR090W,160,148,0,8
YLR091W,52,44,NA,7
YLR092W,20,19,NA,1
YLR096W,421,400,15,NA
YLR099W-A,82,44,4,18
YLR100W,742,669,2,46
YLR104W,152,117,5,13
YLR107W,112,95,NA,11
YLR109W,6752,5173,246,423
YLR112W,28,8,1,16
YLR113W,698,554,48,43
YLR115W,265,244,0,15
YLR116W,151,133,NA,17
YLR119W,29,27,NA,0
YLR120W-A,90,1,6,81
YLR124W,19,1,NA,18
YLR125W,28,8,0,19
YLR128W,60,47,0,10
YLR129W,503,471,4,20
YLR133W,372,303,2,57
YLR134W,3987,3966,6,10
YLR135W,59,54,1,2
YLR137W,94,88,0,2
YLR138W,502,463,32,NA
YLR141W,92,49,NA,39
YLR142W,154,148,NA,3
YLR143W,173,154,0,14
YLR145W,46,39,0,5
YLR146W-A,79,47,0,13
YLR148W,202,192,NA,4
YLR150W,5338,4224,60,552
YLR164W,23,16,NA,4
YLR167W,8176,6329,445,344
YLR173W,124,115,3,3
YLR174W,103,77,21,4
YLR175W,1196,1004,12,97
YLR177W,275,253,1,8
YLR180W,1808,1388,17,284
YLR182W,213,195,1,11
YLR185W,3184,2052,0,542
YLR186W,301,251,11,15
YLR187W,250,242,6,NA
YLR188W,345,311,6,19
YLR190W,553,373,62,98
YLR191W,96,78,3,3
YLR196W,403,375,13,NA
YLR197W,1417,1348,12,NA
YLR200W,150,90,2,31
YLR204W,204,109,6,63
YLR206W,479,440,16,NA
YLR207W,245,237,0,4
YLR208W,631,475,35,96
YLR210W,100,87,2,8
YLR214W,207,191,4,9
YLR217W,0,0,0,0
YLR219W,324,273,23,12
YLR220W,298,215,22,39
YLR224W,159,129,16,9
YLR226W,120,78,1,40
YLR234W,75,58,0,15
YLR237W,244,215,7,17
YLR238W,86,77,0,6
YLR240W,260,239,0,15
YLR241W,501,457,11,12
YLR243W,142,106,6,22
YLR246W,64,58,NA,6
YLR248W,626,549,13,43
YLR249W,20336,19076,121,618
YLR250W,414,330,15,51
YLR253W,327,284,4,15
YLR256W,1996,1757,23,NA
YLR257W,754,577,103,50
YLR258W,801,646,9,112
YLR260W,289,257,9,12
YLR263W,35,24,9,0
YLR264W,1742,445,10,1086
YLR267W,40,38,0,2
YLR268W,353,262,17,37
YLR270W,456,352,21,56
YLR271W,49,30,14,3
YLR274W,363,322,7,19
YLR275W,82,26,7,29
YLR283W,97,84,NA,4
YLR285W,164,148,NA,13
YLR286W-A,2,1,0,1
YLR289W,105,94,0,8
YLR296W,10,9,NA,1
YLR297W,59,23,10,18
YLR299W,433,382,22,22
YLR300W,4855,3684,177,733
YLR301W,617,466,5,81
YLR303W,1074,923,20,46
YLR306W,38,32,0,3
YLR307W,23,18,2,2
YLR312W-A,297,241,0,26
YLR315W,23,14,2,3
YLR317W,29,25,NA,1
YLR318W,72,67,NA,NA
YLR320W,115,111,NA,1
YLR324W,217,186,5,2
YLR326W,106,81,3,10
YLR328W,245,196,16,18
YLR329W,5,3,NA,1
YLR330W,653,587,0,34
YLR332W,414,285,74,37
YLR335W,602,568,0,16
YLR340W,10346,8961,357,540
YLR342W,10822,10208,488,NA
YLR342W-A,388,16,299,NA
YLR343W,42,39,NA,1
YLR344W,2411,1790,0,305
YLR345W,281,251,12,7
YLR349W,17,12,NA,5
YLR350W,263,201,25,15
YLR352W,151,138,8,2
YLR353W,198,151,32,7
YLR356W,267,214,9,26
YLR357W,281,254,NA,22
YLR359W,676,566,40,39
YLR360W,177,151,3,15
YLR362W,148,131,1,11
YLR363W-A,64,30,0,22
YLR364W,34,18,2,3
YLR367W,588,406,NA,26
YLR368W,116,106,1,3
YLR369W,180,174,1,NA
YLR371W,439,417,15,NA
YLR372W,1009,803,86,54
YLR375W,201,180,1,12
YLR380W,427,363,13,27
YLR381W,78,74,3,NA
YLR383W,135,124,2,5
YLR386W,256,240,0,14
YLR388W,1565,600,124,435
YLR390W,120,87,NA,18
YLR390W-A,4298,3142,187,632
YLR393W,39,34,0,NA
YLR394W,78,74,NA,3
YLR400W,0,0,0,0
YLR402W,46,15,NA,25
YLR403W,322,308,NA,6
YLR404W,82,69,0,7
YLR405W,74,61,0,10
YLR407W,96,53,18,21
YLR410W,638,613,NA,15
YLR411W,22,16,NA,6
YLR412W,115,102,NA,5
YLR413W,588,540,7,27
YLR417W,117,106,4,2
YLR419W,274,256,4,5
YLR420W,457,401,0,25
YLR422W,472,453,3,5
YLR424W,76,71,NA,3
YLR425W,158,157,NA,1
YLR426W,111,103,0,5
YLR427W,168,145,7,14
YLR429W,854,805,6,28
YLR430W,806,739,39,12
YLR432W,2057,1816,102,34
YLR435W,182,132,4,31
YLR438W,241,218,7,8
YLR439W,307,252,9,30
YLR443W,205,171,15,6
YLR446W,64,56,2,NA
YLR448W,3296,2517,0,427
YLR449W,598,500,9,47
YLR450W,500,460,27,6
YLR451W,207,194,4,NA
YLR454W,772,750,10,7
YLR455W,172,96,29,43
YLR456W,34,28,0,3
YLR459W,226,200,0,9
YML130C,438,381,19,15
YML129C,200,75,0,75
YML128C,467,373,12,63
YML126C,2987,2678,NA,262
YML125C,349,298,1,24
YML124C,672,587,0,58
YML123C,2,2,0,0
YML122C,0,0,0,0
YML120C,598,448,20,109
YML115C,382,344,6,13
YML114C,181,158,4,5
YML110C,664,529,8,74
YML107C,54,50,0,1
YML105C,258,223,0,18
YML104C,199,193,0,2
YML103C,741,730,NA,3
YML099C,166,153,NA,11
YML097C,123,111,2,6
YML095C,50,19,1,25
YML094C-A,1,1,0,NA
YML092C,532,397,0,71
YML091C,451,446,NA,NA
YML089C,20,0,NA,20
YML087C,10,8,0,0
YML086C,665,557,36,33
YML085C,1028,855,26,90
YML083C,3,3,NA,0
YML081C-A,343,164,48,65
YML076C,147,140,0,4
YML075C,1483,1337,22,70
YML074C,815,782,6,NA
YML073C,3870,2998,42,299
YML072C,2223,2152,49,NA
YML071C,190,173,2,4
YML067C,262,242,0,4
YML064C,131,98,2,24
YML062C,66,57,1,3
YML061C,156,138,9,3
YML059C,633,610,NA,16
YML056C,1948,1779,41,54
YML054C,123,107,NA,8
YML053C,102,90,3,2
YML049C,273,272,NA,NA
YML043C,85,75,2,6
YML041C,56,45,NA,4
YML038C,237,174,22,32
YML035C,652,566,27,36
YML032C,179,150,1,21
YML026C,3979,2675,9,780
YML025C,243,191,4,33
YML023C,96,88,1,0
YML021C,85,74,NA,10
YML018C,156,125,11,9
YML015C,101,89,1,3
YML011C,55,42,NA,10
YML009C,230,115,20,70
YML008C,1316,1120,13,96
YML007C-A,23,0,0,23
YML006C,101,86,8,3
YML004C,685,591,0,54
YMR001C,385,346,NA,30
YMR001C-A,57,16,NA,40
YMR006C,213,194,4,9
YMR008C,1135,978,NA,131
YMR013C,148,134,NA,11
YMR015C,1040,892,34,75
YMR016C,260,229,13,12
YMR021C,98,74,0,11
YMR023C,53,46,0,2
YMR026C,103,96,1,5
YMR029C,204,185,3,4
YMR031C,531,507,15,NA
YMR034C,40,31,3,2
YMR036C,80,66,1,9
YMR037C,305,261,NA,38
YMR038C,355,271,4,39
YMR039C,182,152,18,NA
YMR041C,102,81,0,6
YMR047C,587,557,13,NA
YMR049C,637,598,2,11
YMR052C-A,13,8,NA,3
YMR053C,73,72,NA,NA
YMR055C,123,102,1,5
YMR056C,41,31,1,5
YMR060C,119,108,0,3
YMR062C,850,762,0,45
YMR067C,156,149,2,0
YMR071C,163,125,8,15
YMR073C,94,72,0,16
YMR074C,365,319,0,18
YMR076C,273,264,NA,7
YMR077C,61,46,6,6
YMR078C,163,150,0,6
YMR080C,666,565,5,82
YMR081C,29,21,2,6
YMR086C-A,17,1,7,9
YMR088C,282,232,22,13
YMR089C,772,679,67,NA
YMR091C,225,209,4,3
YMR092C,755,680,13,12
YMR097C,107,92,1,6
YMR098C,282,250,6,6
YMR099C,760,649,4,63
YMR101C,27,23,NA,4
YMR102C,217,209,NA,5
YMR103C,97,76,0,8
YMR105C,877,760,18,74
YMR106C,86,77,1,7
YMR110C,469,422,0,23
YMR111C,57,47,0,7
YMR112C,62,47,NA,11
YMR114C,40,35,NA,4
YMR116C,9004,7778,71,632
YMR117C,19,11,NA,7
YMR118C,9,7,NA,0
YMR120C,188,166,0,16
YMR121C,1500,1454,4,15
YMR122C,4,1,3,0
YMR126C,76,65,5,3
YMR127C,57,42,5,8
YMR131C,517,469,5,17
YMR132C,61,34,4,17
YMR135C,151,139,1,6
YMR137C,46,44,0,2
YMR142C,4799,3765,0,534
YMR145C,3145,2565,208,198
YMR146C,1106,981,17,48
YMR150C,126,103,6,NA
YMR153C-A,29,8,0,19
YMR154C,81,81,NA,NA
YMR156C,20,17,NA,1
YMR157C,173,133,5,17
YMR158C-A,58,33,3,2
YMR162C,368,354,NA,7
YMR163C,135,115,14,1
YMR164C,308,300,6,NA
YMR165C,233,208,8,8
YMR166C,229,144,20,50
YMR168C,121,93,1,22
YMR169C,260,242,NA,6
YMR170C,301,269,3,12
YMR171C,231,165,16,35
YMR174C,58,23,3,20
YMR180C,131,98,0,29
YMR181C,97,44,14,30
YMR182C,41,7,2,29
YMR183C,446,350,21,56
YMR187C,76,61,1,9
YMR188C,192,155,5,20
YMR190C,252,241,7,NA
YMR193C-A,8,8,0,NA
YMR194C-B,19,10,NA,4
YMR197C,228,166,2,41
YMR201C,55,47,0,7
YMR204C,43,35,0,6
YMR205C,4952,4624,61,159
YMR207C,297,270,16,5
YMR209C,133,118,2,8
YMR212C,358,307,25,19
YMR216C,435,363,22,32
YMR218C,201,197,1,NA
YMR221C,347,316,0,6
YMR222C,136,100,0,14
YMR224C,104,93,2,1
YMR225C,163,107,0,37
YMR226C,1346,1202,22,24
YMR227C,118,96,6,13
YMR229C,1462,1416,NA,28
YMR235C,735,615,2,78
YMR239C,155,135,1,8
YMR240C,72,64,2,3
YMR242C,3961,3162,1,323
YMR243C,1080,849,45,119
YMR244C-A,96,62,3,20
YMR247C,606,590,13,NA
YMR252C,47,26,1,17
YMR253C,93,89,2,NA
YMR256C,562,260,17,175
YMR257C,185,141,24,17
YMR258C,213,193,4,4
YMR259C,409,393,NA,6
YMR260C,1037,736,7,216
YMR261C,989,897,17,42
YMR265C,105,103,NA,1
YMR268C,71,54,0,13
YMR270C,97,72,10,9
YMR271C,58,42,NA,11
YMR272C,678,548,2,96
YMR273C,261,215,5,7
YMR274C,79,71,0,5
YMR275C,345,327,6,5
YMR279C,2,1,0,0
YMR280C,90,88,NA,2
YMR282C,151,138,4,NA
YMR283C,87,81,NA,1
YMR285C,121,97,0,18
YMR287C,200,196,1,NA
YMR290C,647,522,2,92
YMR293C,114,101,0,6
YMR295C,635,542,35,NA
YMR296C,864,776,33,27
YMR299C,94,80,0,9
YMR300C,397,342,14,19
YMR301C,291,270,3,4
YMR302C,559,518,6,16
YMR303C,2921,2776,12,0
YMR305C,1424,1243,108,NA
YMR306C-A,15,4,NA,10
YMR308C,1206,1113,47,14
YMR309C,1919,1691,33,133
YMR310C,154,126,6,15
YMR311C,232,157,11,37
YMR313C,212,192,2,12
YMR316C-A,8,0,1,6
YMR316C-B,19,5,10,2
YMR318C,713,585,7,64
YMR319C,383,318,4,43
YML131W,279,225,4,34
YML127W,315,300,4,NA
YML121W,151,119,6,16
YML119W,166,150,0,3
YML118W,31,24,4,NA
YML117W,790,736,34,NA
YML116W,79,72,1,6
YML113W,173,149,0,16
YML112W,81,68,0,7
YML111W,311,291,14,NA
YML109W,211,193,4,8
YML108W,128,50,19,43
YML106W,1153,722,272,35
YML102W,154,137,0,9
YML100W-A,4,1,NA,3
YML100W,1315,1246,10,33
YML098W,86,62,2,10
YML096W,104,94,1,6
YML094W,179,134,0,27
YML093W,245,236,0,NA
YML090W,0,0,0,0
YML088W,118,113,0,NA
YML084W,20,11,NA,8
YML082W,148,135,2,9
YML081W,390,365,7,4
YML080W,132,102,15,4
YML079W,249,211,0,13
YML078W,889,646,22,102
YML077W,87,68,NA,12
YML070W,714,666,5,19
YML069W,464,426,7,13
YML068W,78,69,2,4
YML065W,166,147,6,8
YML063W,6019,5278,127,144
YML060W,94,76,8,5
YML058W-A,14,8,1,2
YML058W,1421,630,3,593
YML057W,597,510,14,32
YML055W,158,125,9,9
YML052W,595,495,12,43
YML051W,284,240,5,23
YML050W,57,53,0,2
YML048W,665,525,2,99
YML046W,159,142,6,7
YML042W,82,79,NA,1
YML036W,88,75,0,2
YML034W,342,318,2,19
YML031W,378,356,1,11
YML030W,212,118,4,67
YML029W,229,209,7,8
YML028W,4474,3202,91,621
YML027W,196,152,7,20
YML024W,4509,3554,50,213
YML022W,637,443,4,135
YML020W,123,94,13,10
YML019W,208,164,0,35
YML017W,371,276,14,64
YML014W,97,90,NA,3
YML013W,232,195,3,24
YML012W,782,553,8,152
YML010W,738,720,0,NA
YML007W,381,326,15,32
YML005W,81,78,0,2
YML002W,68,63,NA,3
YML001W,384,282,56,18
YMR002W,1180,764,10,295
YMR003W,58,50,1,3
YMR004W,187,153,5,22
YMR005W,195,171,7,8
YMR007W,3,2,NA,1
YMR009W,141,106,7,14
YMR010W,383,297,56,17
YMR011W,731,658,8,35
YMR012W,2119,1985,52,49
YMR013W-A,25,0,NA,25
YMR014W,142,122,2,9
YMR017W,7,5,NA,1
YMR018W,10,10,NA,0
YMR019W,217,206,NA,10
YMR020W,127,117,4,4
YMR022W,240,176,1,31
YMR024W,427,369,NA,37
YMR025W,42,41,0,0
YMR027W,434,397,12,8
YMR028W,108,96,0,6
YMR030W,51,42,3,3
YMR033W,190,160,7,11
YMR035W,66,48,1,11
YMR040W,37,28,6,0
YMR042W,86,39,0,43
YMR043W,355,244,0,80
YMR044W,143,111,5,21
YMR048W,56,45,0,6
YMR052W,54,23,0,27
YMR054W,721,607,58,24
YMR058W,346,316,1,16
YMR059W,47,33,1,9
YMR061W,173,161,1,2
YMR063W,30,19,2,7
YMR064W,146,133,NA,11
YMR065W,23,20,NA,3
YMR066W,78,77,0,0
YMR068W,84,77,0,4
YMR069W,35,19,NA,15
YMR070W,321,292,16,NA
YMR072W,586,398,1,99
YMR075W,150,132,2,8
YMR079W,979,722,21,169
YMR083W,835,690,16,60
YMR085W,23,22,NA,1
YMR086W,393,362,5,23
YMR087W,76,61,2,1
YMR090W,82,70,5,2
YMR093W,312,278,5,18
YMR094W,55,39,0,15
YMR096W,119,96,2,16
YMR100W,113,102,NA,10
YMR107W,8,6,1,1
YMR108W,2484,2085,163,132
YMR109W,789,770,7,7
YMR113W,101,94,2,2
YMR115W,186,170,7,5
YMR119W,297,262,23,NA
YMR122W-A,3016,1480,195,902
YMR123W,232,168,5,28
YMR124W,483,460,17,NA
YMR125W,776,748,14,NA
YMR128W,315,298,2,7
YMR129W,634,615,NA,11
YMR130W,173,134,12,9
YMR134W,84,69,6,0
YMR136W,285,258,4,16
YMR138W,38,30,NA,4
YMR139W,229,159,43,22
YMR140W,273,165,0,101
YMR143W,2523,1785,0,304
YMR144W,121,89,10,13
YMR148W,154,58,39,50
YMR151W,5,2,NA,2
YMR152W,241,211,0,13
YMR153W,204,174,4,17
YMR155W,143,121,0,13
YMR158W,163,129,6,12
YMR160W,133,126,0,2
YMR161W,197,126,5,50
YMR167W,70,66,0,NA
YMR172W,125,125,NA,NA
YMR175W,12,4,5,NA
YMR176W,318,297,9,2
YMR177W,60,53,3,1
YMR178W,217,192,3,6
YMR179W,122,109,NA,10
YMR182W-A,81,2,74,2
YMR184W,226,186,13,3
YMR185W,223,223,0,NA
YMR186W,10165,9577,15,234
YMR189W,1442,1328,40,30
YMR192W,238,225,6,4
YMR193W,216,151,3,29
YMR194W,1383,1076,0,82
YMR195W,104,65,8,13
YMR196W,674,636,NA,30
YMR198W,80,63,10,2
YMR199W,266,217,21,20
YMR200W,580,401,38,124
YMR202W,1404,1177,19,88
YMR203W,1493,1232,26,154
YMR206W,6,5,0,0
YMR208W,541,483,0,25
YMR210W,106,93,1,5
YMR211W,92,77,0,10
YMR213W,71,65,2,1
YMR214W,229,191,0,25
YMR215W,544,481,8,39
YMR217W,1761,1567,36,64
YMR219W,313,306,NA,1
YMR220W,449,396,0,36
YMR223W,170,123,14,22
YMR228W,122,104,1,6
YMR230W,2061,1372,84,275
YMR231W,203,182,2,10
YMR233W,64,45,0,13
YMR234W,79,63,3,9
YMR236W,161,126,0,19
YMR237W,583,530,9,31
YMR238W,687,561,36,33
YMR241W,624,511,57,21
YMR246W,1013,838,59,77
YMR250W,607,554,12,27
YMR251W,3,3,NA,NA
YMR251W-A,3643,1135,139,1839
YMR255W,124,82,NA,29
YMR262W,116,95,NA,18
YMR263W,84,65,3,6
YMR264W,220,162,14,20
YMR266W,556,521,1,27
YMR267W,329,281,10,21
YMR269W,54,45,0,3
YMR276W,889,763,5,73
YMR277W,370,325,15,15
YMR278W,462,412,7,33
YMR281W,98,82,5,11
YMR284W,121,113,0,5
YMR286W,131,68,0,48
YMR288W,141,137,0,0
YMR289W,191,153,NA,32
YMR291W,326,295,9,16
YMR292W,172,115,7,18
YMR294W,47,42,0,2
YMR297W,2876,2510,81,106
YMR298W,302,194,4,55
YMR304W,560,553,NA,NA
YMR306W,46,43,3,NA
YMR307W,4649,4093,4,388
YMR312W,148,124,0,14
YMR314W,611,449,11,99
YMR315W,730,656,8,30
YMR316W,100,84,5,5
YMR317W,18,15,NA,3
YMR320W,9,1,8,0
YNL331C,43,37,NA,5
YNL330C,281,223,8,34
YNL329C,248,243,NA,0
YNL328C,24,21,0,2
YNL326C,85,67,0,9
YNL325C,121,115,0,3
YNL322C,713,647,3,21
YNL316C,101,93,1,2
YNL315C,411,348,0,37
YNL313C,469,447,0,14
YNL311C,139,132,0,1
YNL310C,133,101,0,9
YNL308C,224,195,4,16
YNL307C,979,686,82,152
YNL305C,284,233,8,14
YNL302C,3818,2794,0,368
YNL301C,2200,1956,6,107
YNL297C,643,613,NA,24
YNL294C,277,213,33,21
YNL291C,228,191,18,13
YNL284C,357,326,NA,23
YNL283C,315,250,36,14
YNL280C,409,348,9,29
YNL276C,53,8,1,44
YNL274C,302,257,9,29
YNL272C,260,238,11,7
YNL271C,585,546,NA,28
YNL270C,77,72,4,1
YNL265C,135,102,0,17
YNL264C,190,157,NA,21
YNL263C,355,267,37,27
YNL260C,84,54,NA,28
YNL259C,129,76,4,12
YNL258C,235,221,0,10
YNL257C,310,298,5,2
YNL255C,892,557,8,228
YNL254C,134,125,3,NA
YNL252C,238,197,0,22
YNL251C,529,411,80,24
YNL249C,61,56,0,3
YNL248C,423,351,7,47
YNL245C,76,30,0,39
YNL244C,1064,523,45,257
YNL241C,1445,1234,29,134
YNL240C,152,141,2,NA
YNL231C,281,198,40,15
YNL230C,57,32,1,23
YNL229C,207,195,NA,0
YNL227C,113,97,3,5
YNL225C,74,72,NA,1
YNL224C,155,137,5,7
YNL221C,195,183,3,6
YNL219C,473,411,34,13
YNL213C,76,53,5,9
YNL211C,14,8,3,NA
YNL206C,139,132,NA,2
YNL201C,199,183,12,NA
YNL200C,165,112,21,15
YNL199C,183,160,NA,16
YNL197C,442,283,42,104
YNL195C,41,34,NA,6
YNL185C,239,166,NA,64
YNL183C,438,387,30,9
YNL182C,196,172,4,11
YNL180C,394,350,NA,26
YNL179C,126,118,5,NA
YNL177C,304,226,9,45
YNL176C,400,333,27,28
YNL175C,310,274,2,23
YNL173C,190,156,5,13
YNL169C,453,387,28,14
YNL168C,309,222,4,76
YNL167C,210,184,21,NA
YNL166C,184,172,0,5
YNL164C,68,55,9,2
YNL163C,332,324,1,5
YNL159C,139,89,0,45
YNL156C,408,323,36,24
YNL154C,602,452,76,44
YNL153C,161,77,6,52
YNL151C,127,101,3,21
YNL149C,275,192,0,49
YNL148C,34,28,0,5
YNL146C-A,8,1,NA,7
YNL144C,27,27,NA,0
YNL143C,95,40,NA,53
YNL139C,483,468,8,NA
YNL137C,576,466,19,54
YNL135C,2085,1160,25,623
YNL134C,1995,1805,49,43
YNL133C,44,30,0,9
YNL130C,818,724,6,39
YNL130C-A,2,1,1,0
YNL125C,270,237,9,14
YNL122C,170,108,NA,52
YNL121C,1085,928,18,94
YNL118C,1607,1459,9,99
YNL115C,341,308,0,19
YNL114C,0,0,0,0
YNL111C,560,278,10,199
YNL110C,251,186,6,32
YNL108C,167,121,4,34
YNL106C,246,243,NA,1
YNL104C,3011,2618,109,177
YNL099C,176,131,1,30
YNL098C,485,426,0,48
YNL097C-B,87,4,NA,82
YNL097C,124,97,5,14
YNL096C,2136,1665,54,226
YNL095C,88,80,5,3
YNL084C,270,226,5,10
YNL081C,304,206,1,73
YNL080C,204,147,22,18
YNL079C,1243,714,45,372
YNL074C,488,432,4,30
YNL069C,5234,3962,0,699
YNL068C,271,232,18,18
YNL064C,1554,1135,208,107
YNL062C,281,244,0,19
YNL059C,234,209,0,13
YNL058C,960,818,9,81
YNL055C,4089,3400,101,249
YNL050C,85,69,0,10
YNL049C,342,322,0,10
YNL047C,135,121,1,5
YNL043C,6,0,1,3
YNL041C,238,229,3,NA
YNL037C,1307,1042,97,81
YNL035C,147,120,1,17
YNL031C,2951,1991,0,783
YNL029C,86,78,0,4
YNL025C,95,55,0,33
YNL024C-A,223,74,9,108
YNL024C,17,12,0,4
YNL023C,178,170,5,3
YNL022C,137,123,0,7
YNL020C,126,109,6,7
YNL019C,3,3,NA,0
YNL011C,108,99,0,1
YNL008C,182,174,0,1
YNL007C,998,795,99,36
YNL005C,409,364,8,11
YNL003C,192,140,1,32
YNL002C,252,202,0,11
YNR001C,1420,1199,58,89
YNR002C,13,12,NA,1
YNR003C,180,154,2,15
YNR007C,101,77,1,18
YNR011C,138,123,0,14
YNR013C,841,788,5,22
YNR016C,10963,10849,NA,65
YNR020C,76,67,NA,6
YNR022C,216,141,13,35
YNR025C,14,7,NA,0
YNR026C,196,178,6,NA
YNR029C,111,101,0,4
YNR031C,342,336,NA,2
YNR032C-A,73,33,3,25
YNR035C,644,594,0,17
YNR036C,530,318,0,154
YNR037C,205,105,0,64
YNR039C,211,197,1,7
YNR041C,264,232,3,15
YNR049C,76,64,0,5
YNR050C,678,603,7,34
YNR051C,419,228,143,35
YNR052C,340,312,11,4
YNR053C,382,342,1,26
YNR054C,158,139,0,8
YNR055C,551,398,125,6
YNR056C,6,6,NA,0
YNR061C,180,103,9,52
YNR062C,4,2,NA,2
YNR064C,17,13,NA,2
YNR065C,1272,1234,NA,19
YNR066C,482,459,NA,NA
YNR067C,1126,1080,5,23
YNR068C,29,23,NA,5
YNR069C,51,41,8,NA
YNR071C,0,0,0,0
YNR073C,37,33,NA,2
YNR074C,0,0,0,0
YNL327W,1997,1910,10,40
YNL323W,227,197,3,16
YNL321W,531,497,0,23
YNL320W,125,95,8,10
YNL317W,163,144,0,10
YNL314W,39,38,NA,1
YNL312W,226,184,7,15
YNL309W,124,108,2,7
YNL306W,445,328,11,34
YNL300W,458,175,41,168
YNL299W,89,76,4,7
YNL298W,341,327,NA,8
YNL295W,134,106,10,14
YNL293W,207,188,0,15
YNL292W,145,120,0,13
YNL290W,182,165,0,9
YNL289W,202,169,3,18
YNL288W,282,229,22,14
YNL287W,1836,1590,120,83
YNL286W,85,67,8,6
YNL281W,658,428,0,146
YNL279W,8,8,0,NA
YNL278W,176,152,5,14
YNL277W-A,7,4,NA,3
YNL277W,34,27,NA,6
YNL275W,98,90,0,4
YNL273W,217,211,NA,5
YNL268W,780,685,13,58
YNL267W,307,281,12,6
YNL262W,425,423,NA,1
YNL261W,193,175,2,8
YNL256W,257,243,2,2
YNL253W,120,95,6,16
YNL250W,145,138,NA,5
YNL247W,823,782,NA,31
YNL246W,169,128,0,33
YNL243W,827,800,0,14
YNL242W,260,253,2,NA
YNL239W,917,780,36,59
YNL238W,386,323,42,13
YNL237W,47,36,1,9
YNL236W,349,341,0,3
YNL234W,42,36,1,2
YNL233W,189,167,12,4
YNL232W,149,120,4,9
YNL228W,3,2,1,NA
YNL226W,0,0,0,0
YNL223W,73,67,NA,3
YNL222W,136,92,3,29
YNL220W,558,480,10,46
YNL218W,83,59,9,11
YNL217W,112,94,1,6
YNL216W,379,338,11,21
YNL215W,91,81,2,NA
YNL214W,57,36,0,13
YNL212W,303,271,9,16
YNL209W,14114,12994,44,598
YNL208W,1297,1026,0,125
YNL207W,241,193,26,7
YNL202W,41,31,0,6
YNL193W,130,125,1,2
YNL192W,1001,943,46,NA
YNL191W,96,79,4,4
YNL190W,4193,2366,432,1242
YNL189W,919,741,97,42
YNL188W,56,53,0,0
YNL187W,43,28,7,6
YNL186W,437,368,36,13
YNL181W,137,116,3,13
YNL178W,5987,5165,0,335
YNL172W,345,340,1,NA
YNL165W,102,86,3,8
YNL162W-A,26,6,0,15
YNL162W,3183,2217,36,324
YNL161W,366,333,18,5
YNL160W,1593,1251,67,195
YNL158W,71,58,8,NA
YNL157W,198,143,0,25
YNL155W,163,117,16,17
YNL152W,106,94,0,8
YNL147W,150,87,23,8
YNL146W,46,15,7,14
YNL145W,1,0,0,1
YNL142W,182,155,19,NA
YNL141W,372,323,1,25
YNL138W-A,70,32,0,29
YNL138W,1493,1328,8,83
YNL136W,50,46,0,NA
YNL132W,696,658,18,7
YNL131W,909,485,47,282
YNL129W,83,66,NA,8
YNL128W,19,17,2,NA
YNL127W,245,215,NA,27
YNL126W,186,172,3,7
YNL124W,156,145,0,4
YNL123W,530,513,0,5
YNL119W,430,336,0,79
YNL117W,9,8,0,1
YNL116W,193,150,13,17
YNL113W,329,190,12,87
YNL112W,651,574,9,45
YNL109W,4,1,3,NA
YNL107W,73,52,NA,16
YNL103W-A,0,0,0,0
YNL103W,238,201,21,8
YNL102W,417,409,NA,7
YNL101W,416,343,30,27
YNL100W,155,108,13,18
YNL097W-A,6,3,3,NA
YNL094W,270,220,34,3
YNL093W,16,9,3,3
YNL092W,44,42,0,2
YNL091W,439,422,14,NA
YNL090W,168,84,23,54
YNL088W,477,462,1,NA
YNL087W,392,353,NA,33
YNL086W,61,38,4,13
YNL085W,1090,894,87,81
YNL083W,129,105,1,17
YNL082W,113,109,1,3
YNL078W,127,109,0,15
YNL077W,69,58,8,3
YNL076W,192,150,34,6
YNL075W,131,106,3,8
YNL073W,328,301,0,14
YNL072W,84,67,0,8
YNL071W,2010,1790,15,113
YNL070W,349,128,38,89
YNL067W-A,1,0,NA,1
YNL067W,2557,2023,46,358
YNL066W,772,569,93,85
YNL065W,151,136,2,10
YNL063W,61,56,NA,4
YNL061W,626,599,4,NA
YNL057W,3,2,NA,0
YNL056W,166,112,3,23
YNL054W,252,232,NA,18
YNL053W,212,169,10,19
YNL052W,766,453,11,214
YNL051W,116,102,NA,5
YNL048W,218,209,0,6
YNL046W,106,79,NA,19
YNL045W,542,512,NA,14
YNL044W,661,419,29,130
YNL042W,64,53,4,3
YNL040W,315,273,0,23
YNL039W,168,161,0,3
YNL038W,82,67,0,9
YNL036W,2858,2209,34,172
YNL033W,3,3,0,0
YNL032W,142,107,15,13
YNL030W,1434,905,40,376
YNL027W,251,234,7,7
YNL026W,203,181,0,14
YNL021W,172,158,2,8
YNL016W,1360,1234,39,6
YNL015W,677,337,38,133
YNL014W,193,192,NA,1
YNL012W,63,58,NA,5
YNL010W,1013,805,20,84
YNL009W,54,22,NA,30
YNL006W,212,156,0,45
YNL004W,345,285,0,38
YNL001W,154,143,3,3
YNR001W-A,0,0,0,0
YNR004W,31,19,1,10
YNR006W,272,245,0,14
YNR008W,240,204,8,20
YNR009W,105,83,2,11
YNR010W,73,43,4,18
YNR012W,159,134,8,10
YNR014W,66,42,0,15
YNR015W,172,156,0,8
YNR017W,626,384,90,90
YNR018W,534,377,11,67
YNR019W,467,447,5,NA
YNR021W,677,559,7,59
YNR023W,137,123,2,6
YNR024W,43,34,0,3
YNR027W,112,78,1,29
YNR028W,174,139,18,11
YNR030W,501,444,12,30
YNR032W,93,70,6,12
YNR033W,350,328,NA,4
YNR034W,128,91,4,22
YNR034W-A,93,56,6,15
YNR038W,227,201,NA,14
YNR040W,173,147,NA,11
YNR043W,1128,977,0,95
YNR044W,127,120,2,2
YNR045W,102,97,1,3
YNR046W,253,168,0,46
YNR047W,353,301,3,39
YNR048W,74,62,0,8
YNR058W,48,40,7,0
YNR059W,81,75,0,0
YNR060W,15,15,0,0
YNR063W,43,27,NA,16
YNR070W,2,2,NA,0
YNR072W,4,2,2,0
YNR075W,72,69,0,NA
YOL159C-A,97,23,6,62
YOL159C,86,73,0,4
YOL158C,81,69,3,7
YOL157C,91,82,NA,6
YOL155C,2700,2629,30,NA
YOL150C,6,3,NA,3
YOL148C,154,151,NA,NA
YOL147C,265,209,1,46
YOL145C,474,449,2,14
YOL143C,865,553,82,113
YOL139C,1174,932,56,86
YOL138C,238,236,NA,2
YOL136C,315,200,39,62
YOL135C,68,49,0,9
YOL128C,101,85,NA,12
YOL126C,414,320,15,50
YOL124C,146,129,1,10
YOL122C,505,454,7,25
YOL121C,2859,2281,0,154
YOL120C,5712,4344,0,594
YOL119C,284,241,1,22
YOL114C,21,18,0,0
YOL111C,186,143,12,13
YOL108C,57,22,NA,31
YOL105C,169,139,12,13
YOL102C,104,81,NA,12
YOL101C,32,24,0,3
YOL097C,626,542,2,41
YOL096C,114,91,1,10
YOL095C,78,74,1,1
YOL094C,102,89,4,1
YOL089C,173,160,NA,11
YOL088C,217,172,1,29
YOL087C,300,296,NA,3
YOL086C,16047,13895,228,718
YOL085C,18,1,NA,17
YOL080C,93,58,4,19
YOL077C,377,311,0,34
YOL075C,200,199,NA,NA
YOL073C,95,87,2,3
YOL070C,326,313,0,10
YOL068C,215,208,NA,NA
YOL067C,53,42,NA,9
YOL066C,137,125,1,4
YOL065C,76,65,1,7
YOL064C,337,275,7,27
YOL063C,203,194,2,4
YOL062C,302,281,0,10
YOL060C,459,376,10,46
YOL055C,106,94,NA,6
YOL052C-A,502,144,34,236
YOL052C,336,285,7,27
YOL048C,115,102,0,8
YOL043C,47,39,2,5
YOL041C,308,258,6,26
YOL040C,5115,3300,282,723
YOL038C-A,10,2,1,5
YOL037C,1,0,0,0
YOL031C,210,188,2,12
YOL029C,43,40,NA,0
YOL028C,73,47,18,NA
YOL027C,514,435,5,53
YOL026C,199,121,0,51
YOL022C,196,178,2,8
YOL021C,576,551,4,10
YOL018C,93,70,6,13
YOL016C,219,192,13,6
YOL013C,169,144,14,5
YOL012C,254,128,42,65
YOL009C,51,46,NA,2
YOL007C,188,134,1,43
YOL006C,192,178,0,8
YOL005C,264,175,11,20
YOL003C,107,95,1,10
YOL002C,142,128,0,7
YOR005C,83,79,NA,3
YOR006C,113,97,5,5
YOR007C,1145,1037,NA,65
YOR008C,364,237,38,68
YOR008C-A,0,0,0,0
YOR010C,57,54,0,1
YOR016C,187,121,14,36
YOR020C,1593,978,73,242
YOR021C,359,290,4,46
YOR022C,107,105,NA,0
YOR023C,226,197,12,5
YOR028C,138,97,9,27
YOR032C,13,10,0,2
YOR033C,156,140,10,2
YOR034C,238,206,16,8
YOR035C,239,228,0,NA
YOR038C,155,139,4,8
YOR041C,96,1,64,31
YOR046C,532,469,9,16
YOR047C,114,83,12,14
YOR048C,450,422,1,14
YOR049C,6,5,0,0
YOR050C,2,1,NA,1
YOR051C,413,362,0,31
YOR052C,466,235,45,137
YOR054C,212,195,6,5
YOR056C,201,172,7,7
YOR058C,237,199,NA,32
YOR059C,80,76,1,0
YOR060C,43,36,1,3
YOR062C,79,68,NA,7
YOR064C,39,33,NA,2
YOR067C,348,317,3,12
YOR068C,2,1,NA,1
YOR070C,182,163,7,3
YOR071C,256,216,1,30
YOR074C,126,111,0,8
YOR076C,150,144,0,3
YOR079C,86,74,0,3
YOR081C,292,270,2,12
YOR086C,1115,1037,46,13
YOR089C,183,126,5,35
YOR090C,277,251,10,9
YOR093C,285,277,1,4
YOR095C,166,129,11,16
YOR097C,56,39,2,9
YOR098C,455,423,NA,23
YOR100C,15,11,NA,3
YOR103C,195,147,1,12
YOR108C-A,1,0,1,NA
YOR115C,169,131,8,11
YOR116C,793,744,25,18
YOR119C,140,79,2,56
YOR121C,349,1,329,NA
YOR122C,1622,903,32,480
YOR123C,187,164,8,8
YOR124C,637,604,14,10
YOR125C,150,109,4,20
YOR126C,113,90,0,14
YOR128C,90,86,1,1
YOR129C,124,109,1,8
YOR130C,122,109,NA,9
YOR131C,155,128,14,9
YOR137C,113,105,NA,6
YOR138C,239,214,2,14
YOR141C,296,257,0,24
YOR143C,122,105,5,2
YOR144C,109,104,NA,4
YOR145C,291,246,0,16
YOR148C,45,35,1,6
YOR149C,118,95,1,19
YOR151C,1373,1300,NA,59
YOR152C,102,65,20,13
YOR155C,182,166,NA,8
YOR156C,107,83,1,8
YOR157C,495,421,13,22
YOR159C,63,28,1,25
YOR161C,477,402,31,20
YOR161C-C,1,0,NA,1
YOR162C,133,104,8,14
YOR164C,278,221,1,41
YOR166C,104,93,4,5
YOR167C,2419,1177,0,540
YOR171C,299,285,8,NA
YOR175C,403,335,14,37
YOR177C,50,35,NA,14
YOR178C,189,172,NA,14
YOR179C,61,45,0,12
YOR180C,39,20,7,9
YOR182C,1945,1252,NA,317
YOR185C,321,262,15,22
YOR186C-A,1,0,NA,1
YOR192C,76,54,NA,21
YOR194C,154,130,10,NA
YOR196C,182,155,1,22
YOR198C,1573,1278,16,202
YOR201C,243,212,5,8
YOR205C,145,134,0,3
YOR207C,750,724,3,12
YOR209C,592,451,58,47
YOR211C,336,322,NA,6
YOR213C,106,63,10,24
YOR215C,285,215,3,31
YOR216C,152,137,5,4
YOR218C,13,0,13,NA
YOR219C,202,190,NA,5
YOR221C,184,153,5,19
YOR224C,483,337,7,72
YOR226C,106,61,0,33
YOR228C,77,59,13,3
YOR234C,1510,1116,0,102
YOR242C,20,19,NA,0
YOR243C,465,404,0,41
YOR245C,134,111,10,9
YOR246C,264,217,10,13
YOR249C,92,88,0,0
YOR250C,160,143,1,8
YOR251C,249,217,0,18
YOR254C,904,829,0,40
YOR256C,200,194,NA,2
YOR259C,603,546,1,26
YOR261C,541,459,30,18
YOR267C,712,653,22,22
YOR270C,2558,2262,146,109
YOR271C,484,424,16,13
YOR273C,373,320,14,31
YOR275C,195,179,0,9
YOR279C,68,50,5,3
YOR280C,122,111,0,2
YOR281C,191,146,0,24
YOR287C,76,63,0,3
YOR288C,135,113,2,13
YOR290C,656,632,NA,12
YOR292C,68,64,2,0
YOR293C-A,0,0,0,0
YOR297C,90,65,0,14
YOR298C-A,1077,630,17,331
YOR304C-A,96,34,NA,58
YOR306C,114,100,10,2
YOR307C,227,165,19,27
YOR308C,85,71,0,13
YOR309C,267,156,NA,69
YOR311C,186,129,9,34
YOR312C,4538,3664,57,244
YOR313C,7,3,2,2
YOR316C,276,237,14,14
YOR318C,4,2,NA,2
YOR320C,333,281,20,17
YOR322C,271,248,NA,17
YOR323C,754,684,0,25
YOR324C,177,156,6,7
YOR327C,230,129,37,30
YOR329C,401,389,NA,8
YOR333C,3,2,0,0
YOR335C,2231,2021,59,86
YOR339C,11,5,0,4
YOR340C,292,244,18,15
YOR342C,136,108,10,7
YOR343C,24,3,4,15
YOR344C,160,109,21,19
YOR347C,258,216,4,29
YOR348C,715,663,NA,45
YOR350C,139,125,1,8
YOR353C,224,221,NA,NA
YOR354C,681,613,4,38
YOR357C,119,97,0,8
YOR360C,263,211,35,10
YOR361C,1635,1589,NA,39
YOR362C,617,466,12,64
YOR363C,140,135,0,NA
YOR365C,2,1,NA,1
YOR369C,5207,2954,533,640
YOR370C,648,509,73,45
YOR371C,179,158,8,4
YOR372C,383,325,3,46
YOR375C,5704,4980,156,267
YOR379C,10,6,3,NA
YOR383C,66,50,0,9
YOL164W,65,62,NA,3
YOL154W,2493,1972,68,196
YOL152W,75,66,0,3
YOL151W,300,275,0,12
YOL149W,104,96,0,NA
YOL146W,81,70,0,5
YOL144W,166,148,4,6
YOL142W,154,134,0,7
YOL141W,56,52,1,NA
YOL140W,424,381,8,14
YOL137W,146,124,1,9
YOL133W,174,83,0,79
YOL132W,10,9,NA,1
YOL130W,355,284,24,39
YOL129W,444,304,0,60
YOL127W,5129,3800,76,324
YOL125W,103,92,6,1
YOL123W,951,650,279,NA
YOL117W,94,87,1,NA
YOL116W,80,63,4,11
YOL115W,205,188,11,NA
YOL113W,280,254,7,11
YOL112W,187,155,18,8
YOL110W,76,53,0,9
YOL109W,2581,1290,176,669
YOL107W,153,131,3,9
YOL103W,407,346,22,26
YOL100W,188,184,NA,3
YOL097W-A,8,5,2,0
YOL093W,129,102,2,13
YOL092W,373,331,2,10
YOL091W,30,28,NA,1
YOL090W,388,372,2,8
YOL086W-A,88,56,6,13
YOL085W-A,8,2,2,4
YOL083W,95,77,7,9
YOL082W,345,306,13,14
YOL081W,1087,1055,NA,22
YOL078W,127,119,0,3
YOL077W-A,514,257,34,146
YOL076W,309,281,0,13
YOL072W,110,105,NA,2
YOL071W,171,111,NA,21
YOL069W,98,83,0,8
YOL061W,655,608,6,28
YOL059W,800,661,NA,111
YOL058W,2600,2182,100,214
YOL057W,502,453,1,19
YOL056W,57,44,1,5
YOL054W,93,79,2,6
YOL053W,103,100,NA,3
YOL051W,744,730,NA,NA
YOL049W,552,475,22,24
YOL045W,298,264,9,18
YOL044W,106,84,4,8
YOL042W,108,93,3,9
YOL039W,4393,2188,46,1237
YOL038W,473,380,8,28
YOL036W,445,341,58,33
YOL034W,114,108,0,4
YOL033W,197,172,3,13
YOL032W,102,78,9,5
YOL030W,1359,1165,35,111
YOL025W,96,87,1,3
YOL024W,3,3,NA,0
YOL023W,174,152,0,16
YOL020W,449,397,7,22
YOL019W,451,364,21,53
YOL017W,92,81,1,4
YOL015W,12,8,3,0
YOL014W,19,6,5,5
YOL013W-B,3,1,1,NA
YOL013W-A,1573,1561,NA,8
YOL011W,407,319,72,NA
YOL010W,187,145,5,22
YOL008W,131,94,0,27
YOL004W,1020,990,NA,21
YOL001W,102,58,41,NA
YOR001W,313,295,4,3
YOR002W,437,386,4,24
YOR003W,116,85,0,27
YOR004W,156,129,4,15
YOR009W,111,109,NA,2
YOR011W,146,144,NA,1
YOR013W,14,10,NA,1
YOR014W,647,560,71,NA
YOR015W,77,65,5,0
YOR017W,190,167,10,9
YOR018W,160,152,3,NA
YOR019W,29,18,NA,10
YOR020W-A,144,76,0,49
YOR025W,323,271,0,33
YOR026W,121,97,NA,18
YOR027W,2002,1820,0,90
YOR029W,1,0,1,NA
YOR030W,145,134,6,2
YOR031W,67,28,0,26
YOR032W-A,26,0,26,0
YOR036W,72,58,0,5
YOR037W,93,83,0,4
YOR039W,357,218,47,78
YOR040W,81,66,NA,10
YOR042W,471,418,11,10
YOR043W,431,309,64,36
YOR044W,68,43,9,12
YOR045W,562,246,41,149
YOR053W,9,2,6,NA
YOR057W,186,161,4,10
YOR061W,409,280,22,73
YOR063W,11372,9987,22,576
YOR065W,1231,739,156,283
YOR066W,217,193,NA,19
YOR069W,205,187,7,4
YOR073W,92,82,1,7
YOR075W,93,85,0,NA
YOR077W,22,22,0,NA
YOR078W,129,112,0,6
YOR080W,132,127,0,NA
YOR084W,116,95,10,4
YOR085W,517,458,14,18
YOR087W,281,257,3,12
YOR091W,304,241,17,19
YOR092W,195,169,5,13
YOR094W,81,41,6,26
YOR096W,5434,4289,65,446
YOR099W,752,692,21,24
YOR101W,190,125,11,43
YOR102W,43,0,42,NA
YOR104W,108,85,13,NA
YOR106W,67,53,5,7
YOR107W,49,27,12,9
YOR108W,1026,928,5,51
YOR109W,604,588,4,NA
YOR110W,115,100,5,6
YOR111W,93,46,3,37
YOR112W,302,276,10,10
YOR113W,238,218,NA,18
YOR114W,55,33,6,14
YOR117W,680,547,21,78
YOR118W,182,155,13,9
YOR120W,346,278,20,28
YOR127W,505,460,NA,32
YOR132W,315,287,11,4
YOR133W,24285,23102,112,599
YOR136W,1872,1555,99,145
YOR140W,225,161,20,35
YOR142W,1038,709,132,141
YOR146W,0,0,0,0
YOR147W,164,144,0,15
YOR150W,360,253,7,48
YOR153W,2782,2662,86,NA
YOR154W,124,109,1,7
YOR158W,368,346,0,7
YOR160W,304,284,6,6
YOR163W,154,123,1,15
YOR165W,597,526,8,36
YOR168W,1189,1097,6,38
YOR172W,151,134,1,11
YOR173W,148,134,0,8
YOR174W,113,91,8,8
YOR176W,465,384,10,46
YOR181W,205,180,10,10
YOR184W,779,674,32,47
YOR186W,11,1,9,1
YOR187W,1684,1436,0,129
YOR188W,290,282,1,NA
YOR189W,112,71,0,30
YOR190W,19,6,12,NA
YOR191W,321,296,3,17
YOR193W,77,62,4,5
YOR195W,172,154,5,10
YOR197W,568,518,0,21
YOR202W,417,382,0,NA
YOR204W,2250,1631,NA,592
YOR206W,573,540,3,11
YOR208W,311,290,NA,15
YOR210W,331,75,11,173
YOR212W,258,228,NA,20
YOR217W,350,306,6,25
YOR220W,227,185,1,30
YOR222W,430,368,5,23
YOR223W,75,62,0,9
YOR227W,567,548,NA,17
YOR229W,129,106,1,17
YOR230W,1857,1589,25,150
YOR231W,188,132,20,28
YOR232W,668,467,78,70
YOR233W,186,180,NA,5
YOR235W,60,57,0,NA
YOR236W,77,71,0,3
YOR237W,7,6,NA,0
YOR238W,110,101,0,6
YOR239W,389,367,2,NA
YOR241W,396,372,NA,22
YOR244W,112,96,6,7
YOR247W,2518,1645,664,NA
YOR252W,91,68,3,10
YOR253W,272,224,0,33
YOR255W,1,1,0,0
YOR257W,45,28,1,6
YOR258W,33,26,0,3
YOR260W,476,430,7,25
YOR262W,103,76,2,14
YOR264W,162,148,1,2
YOR265W,124,78,10,5
YOR266W,118,95,9,7
YOR269W,65,51,3,9
YOR272W,324,291,5,13
YOR274W,63,60,NA,NA
YOR276W,661,470,6,94
YOR278W,71,64,0,1
YOR283W,147,102,12,22
YOR284W,76,56,1,11
YOR285W,663,531,NA,45
YOR286W,343,276,NA,40
YOR289W,52,49,NA,1
YOR291W,481,466,NA,6
YOR293W,3050,1932,72,611
YOR294W,174,112,12,34
YOR295W,71,48,4,14
YOR296W,170,168,0,NA
YOR298W,9,8,1,NA
YOR299W,285,279,4,NA
YOR301W,224,170,0,43
YOR303W,2078,1948,NA,81
YOR304W,254,241,NA,6
YOR305W,86,76,5,NA
YOR314W,2,2,NA,0
YOR314W-A,2,0,2,NA
YOR315W,141,108,1,26
YOR317W,2218,1905,17,221
YOR319W,85,64,0,16
YOR321W,249,232,6,3
YOR325W,5,0,5,0
YOR326W,1212,1183,NA,18
YOR328W,155,152,NA,2
YOR332W,1519,1146,52,114
YOR334W,116,110,NA,6
YOR336W,465,442,2,10
YOR337W,265,247,NA,17
YOR338W,21,16,1,4
YOR341W,2406,2217,53,99
YOR346W,245,225,12,8
YOR349W,118,113,1,2
YOR352W,94,85,4,3
YOR355W,779,528,167,58
YOR356W,503,453,2,28
YOR358W,76,46,0,26
YOR359W,137,118,5,12
YOR364W,5,5,0,NA
YOR366W,4,2,NA,1
YOR367W,134,110,0,14
YOR368W,82,76,0,5
YOR373W,185,170,NA,7
YOR374W,919,773,22,56
YOR376W-A,55,5,11,39
YOR377W,83,69,0,10
YOR378W,18,16,NA,1
YOR380W,95,84,4,2
YOR381W,38,33,4,1
YOR381W-A,22,2,6,13
YOR382W,50,39,0,3
YOR384W,1,0,0,1
YOR385W,91,64,0,22
YOR386W,128,126,0,NA
YOR389W,148,128,0,15
YOR390W,174,141,NA,28
YPL279C,175,138,NA,30
YPL272C,70,35,35,NA
YPL264C,50,39,NA,9
YPL263C,334,321,0,3
YPL261C,1,1,0,0
YPL259C,202,169,0,27
YPL258C,67,38,27,NA
YPL256C,698,562,55,43
YPL253C,66,59,1,2
YPL252C,277,195,13,41
YPL250C,202,114,15,49
YPL249C-A,3574,2081,67,801
YPL249C,189,175,2,6
YPL248C,43,41,0,2
YPL247C,215,196,NA,13
YPL246C,486,412,9,36
YPL244C,160,133,0,15
YPL242C,663,625,NA,29
YPL241C,70,63,0,2
YPL240C,5245,4983,64,62
YPL236C,70,51,2,15
YPL234C,736,475,26,111
YPL227C,159,131,11,2
YPL224C,153,137,NA,13
YPL223C,15,7,NA,6
YPL222C-A,12,8,3,NA
YPL217C,484,470,5,NA
YPL214C,171,155,4,4
YPL212C,314,304,4,NA
YPL210C,591,553,2,17
YPL209C,22,18,0,4
YPL206C,284,240,0,26
YPL205C,6,1,NA,1
YPL202C,119,87,3,26
YPL199C,173,148,0,13
YPL197C,2,0,2,NA
YPL192C,11,2,8,0
YPL191C,76,51,3,21
YPL190C,746,624,11,87
YPL189C-A,187,45,26,97
YPL186C,25,21,NA,3
YPL184C,545,362,158,13
YPL183C,337,328,0,3
YPL177C,181,145,13,15
YPL176C,442,394,1,35
YPL174C,62,56,NA,3
YPL172C,283,214,17,25
YPL171C,37,31,NA,5
YPL169C,375,326,5,34
YPL167C,98,97,0,NA
YPL165C,0,0,0,0
YPL164C,72,71,0,NA
YPL163C,695,505,4,132
YPL162C,89,55,2,28
YPL161C,124,120,1,NA
YPL159C,143,95,10,28
YPL158C,298,281,4,4
YPL156C,14,9,5,NA
YPL155C,215,172,0,38
YPL154C,2420,1858,312,105
YPL153C,82,70,NA,6
YPL151C,108,95,0,7
YPL148C,51,36,4,8
YPL146C,244,212,1,22
YPL145C,1285,755,143,334
YPL141C,419,383,26,NA
YPL140C,144,105,13,15
YPL139C,123,109,4,2
YPL138C,65,55,1,5
YPL137C,654,615,NA,31
YPL135C-A,9,0,0,9
YPL134C,206,179,1,16
YPL133C,67,53,3,5
YPL128C,206,169,3,24
YPL127C,369,258,0,72
YPL123C,198,154,5,22
YPL122C,159,139,1,11
YPL119C-A,24,10,NA,12
YPL119C,44,43,0,NA
YPL117C,574,452,45,18
YPL115C,357,330,NA,21
YPL113C,24,21,0,3
YPL112C,225,198,5,5
YPL110C,539,508,NA,16
YPL109C,95,82,5,6
YPL106C,4822,4608,74,NA
YPL105C,476,424,0,32
YPL103C,140,128,0,4
YPL102C,2,0,NA,2
YPL099C,98,69,0,25
YPL098C,228,116,3,77
YPL096C-A,56,23,2,23
YPL095C,68,63,0,4
YPL094C,387,326,0,29
YPL090C,6836,5825,92,491
YPL089C,476,416,23,23
YPL086C,262,232,3,15
YPL083C,149,135,1,8
YPL082C,664,641,NA,17
YPL078C,1001,702,43,209
YPL077C,54,38,NA,13
YPL071C,47,29,4,11
YPL069C,86,67,1,5
YPL068C,69,60,0,2
YPL067C,223,166,6,11
YPL064C,83,68,0,7
YPL058C,670,622,NA,35
YPL057C,523,333,41,129
YPL056C,47,16,12,17
YPL055C,113,102,0,4
YPL053C,451,389,18,15
YPL050C,514,410,49,27
YPL049C,411,336,6,51
YPL046C,57,23,0,23
YPL042C,174,146,12,8
YPL041C,42,31,0,6
YPL040C,286,270,NA,6
YPL037C,1662,1328,73,86
YPL033C,7,7,NA,0
YPL032C,626,532,33,44
YPL031C,300,252,11,14
YPL026C,299,247,5,35
YPL025C,8,6,1,1
YPL023C,327,285,12,19
YPL020C,133,124,3,2
YPL019C,315,294,10,5
YPL017C,75,74,NA,NA
YPL015C,291,205,3,70
YPL013C,117,101,0,0
YPL011C,105,86,4,10
YPL009C,522,487,1,20
YPL007C,130,124,1,4
YPL004C,1411,1060,5,232
YPL002C,104,66,0,31
YPR002C-A,349,238,8,NA
YPR003C,241,199,9,23
YPR004C,437,402,0,16
YPR005C,195,150,NA,39
YPR006C,115,97,NA,16
YPR007C,14,12,NA,2
YPR010C,1663,1553,17,55
YPR010C-A,356,230,11,54
YPR011C,117,91,8,12
YPR013C,36,27,4,4
YPR015C,21,17,NA,4
YPR016C,535,367,43,79
YPR017C,62,35,0,24
YPR021C,228,219,NA,3
YPR022C,324,311,NA,8
YPR023C,310,263,3,31
YPR025C,97,85,0,10
YPR027C,3,3,NA,0
YPR029C,458,401,9,32
YPR033C,1212,1123,NA,51
YPR037C,153,132,1,6
YPR042C,303,298,NA,NA
YPR044C,1,1,NA,NA
YPR045C,153,136,2,12
YPR049C,149,140,3,1
YPR050C,0,0,0,0
YPR052C,352,169,NA,143
YPR053C,258,188,62,NA
YPR060C,234,175,14,24
YPR061C,27,20,1,4
YPR063C,487,319,21,105
YPR068C,55,52,NA,0
YPR069C,825,715,4,30
YPR073C,302,179,14,78
YPR074C,5731,5248,126,196
YPR075C,198,168,5,13
YPR081C,84,83,NA,NA
YPR082C,75,50,0,13
YPR085C,72,57,2,8
YPR088C,568,532,2,23
YPR091C,360,326,4,11
YPR093C,38,36,1,1
YPR095C,216,212,NA,2
YPR098C,183,149,8,13
YPR102C,4809,3988,69,294
YPR104C,162,140,9,12
YPR105C,311,291,5,11
YPR107C,74,55,2,11
YPR110C,531,430,0,72
YPR112C,283,271,1,NA
YPR120C,118,105,6,5
YPR123C,18,4,14,0
YPR126C,6,0,6,NA
YPR128C,202,168,2,13
YPR133C,297,258,11,12
YPR138C,569,428,60,49
YPR139C,186,159,9,4
YPR141C,73,58,3,6
YPR144C,231,219,0,7
YPR145C-A,9,7,2,NA
YPR146C,34,29,NA,NA
YPR148C,653,559,12,45
YPR151C,59,30,28,NA
YPR152C,85,59,0,22
YPR155C,178,164,5,4
YPR156C,727,582,79,49
YPR161C,256,222,4,18
YPR162C,130,119,0,5
YPR163C,1288,1070,55,97
YPR166C,252,185,5,25
YPR167C,47,40,NA,2
YPR170C,1,1,0,0
YPR173C,317,291,2,11
YPR174C,49,38,1,8
YPR176C,187,132,NA,32
YPR179C,96,89,0,3
YPR181C,2052,1803,21,146
YPR186C,80,68,NA,8
YPR188C,149,107,1,15
YPR190C,259,245,1,5
YPR193C,83,23,NA,59
YPR194C,199,175,NA,18
YPR195C,46,8,NA,35
YPR197C,1,0,NA,0
YPR199C,88,72,0,12
YPR200C,8,6,NA,1
YPL274W,905,849,7,20
YPL273W,735,609,33,39
YPL271W,578,315,19,151
YPL270W,404,368,1,19
YPL269W,86,79,0,5
YPL268W,95,89,2,0
YPL267W,76,62,0,6
YPL266W,249,216,4,15
YPL265W,419,340,20,46
YPL262W,1111,1078,NA,11
YPL260W,529,455,16,37
YPL257W,34,13,3,13
YPL255W,52,40,0,8
YPL254W,151,127,15,4
YPL251W,4,3,NA,1
YPL245W,144,142,0,2
YPL243W,493,448,19,10
YPL239W,207,137,17,38
YPL237W,935,744,16,69
YPL235W,425,393,12,5
YPL233W,47,42,0,4
YPL232W,485,345,57,30
YPL231W,14730,14326,NA,258
YPL230W,92,78,4,7
YPL229W,97,75,0,17
YPL228W,206,171,16,10
YPL226W,1248,1121,3,92
YPL225W,605,401,3,117
YPL222W,136,126,2,6
YPL221W,983,868,42,47
YPL220W,6552,5714,0,346
YPL219W,93,83,0,5
YPL218W,874,675,49,80
YPL216W,61,60,NA,NA
YPL215W,295,242,0,41
YPL213W,54,40,0,8
YPL211W,275,198,2,59
YPL208W,224,213,NA,4
YPL207W,415,379,11,17
YPL204W,497,406,47,27
YPL203W,359,258,34,55
YPL200W,3,2,0,1
YPL198W,4275,4090,13,97
YPL196W,86,75,1,1
YPL195W,364,348,0,12
YPL194W,76,63,0,11
YPL193W,101,78,0,19
YPL189W,32,27,1,3
YPL188W,250,227,0,12
YPL187W,4811,3167,165,1065
YPL185W,7,5,1,0
YPL183W-A,199,95,31,45
YPL181W,222,188,15,11
YPL180W,199,173,2,14
YPL179W,719,537,77,86
YPL178W,225,174,7,32
YPL175W,155,130,1,18
YPL173W,256,175,22,42
YPL170W,245,173,16,39
YPL168W,76,67,7,0
YPL166W,85,28,4,52
YPL160W,2597,2372,35,123
YPL157W,79,47,2,28
YPL152W,121,100,6,8
YPL150W,178,162,NA,12
YPL149W,73,65,3,2
YPL147W,53,49,NA,3
YPL144W,62,52,0,5
YPL143W,3280,2153,27,542
YPL135W,667,279,49,260
YPL132W,147,106,16,11
YPL131W,8059,6903,0,409
YPL129W,236,178,8,33
YPL126W,524,497,12,NA
YPL125W,401,387,7,NA
YPL124W,37,29,0,5
YPL120W,108,98,0,5
YPL118W,472,383,38,22
YPL116W,295,277,NA,14
YPL114W,29,13,0,16
YPL111W,452,371,11,42
YPL108W,34,20,NA,14
YPL107W,73,61,3,5
YPL104W,214,185,2,15
YPL101W,171,147,7,12
YPL100W,105,93,4,1
YPL097W,233,206,5,8
YPL096W,93,87,0,4
YPL093W,755,644,4,66
YPL092W,85,76,1,4
YPL091W,641,563,NA,53
YPL088W,172,143,2,14
YPL087W,292,226,6,32
YPL085W,1108,1078,NA,24
YPL084W,374,346,0,17
YPL081W,1320,1070,32,127
YPL079W,4296,3267,26,494
YPL076W,76,44,7,24
YPL075W,278,246,NA,28
YPL074W,136,119,0,13
YPL072W,73,61,7,1
YPL070W,249,216,16,7
YPL066W,208,180,9,12
YPL065W,110,97,NA,5
YPL063W,708,594,43,38
YPL062W,2,0,NA,2
YPL061W,4163,3661,100,249
YPL060W,66,57,4,3
YPL059W,425,269,27,80
YPL054W,26,22,3,NA
YPL052W,107,86,1,12
YPL051W,53,35,0,9
YPL048W,1852,1563,22,170
YPL047W,99,34,10,41
YPL045W,185,154,6,22
YPL043W,307,297,2,NA
YPL038W,43,27,1,8
YPL036W,1531,1530,NA,NA
YPL034W,94,40,34,13
YPL030W,154,136,3,10
YPL029W,214,199,0,4
YPL028W,2308,1894,87,132
YPL027W,0,0,0,0
YPL024W,180,132,9,19
YPL022W,251,235,3,12
YPL018W,48,18,0,26
YPL016W,282,276,NA,4
YPL014W,105,72,0,21
YPL012W,740,708,16,NA
YPL010W,542,373,23,76
YPL008W,148,129,14,2
YPL006W,572,541,6,9
YPL005W,54,49,0,4
YPL003W,96,92,0,1
YPL001W,150,143,0,0
YPR001W,42,36,0,4
YPR002W,174,148,0,21
YPR008W,256,223,22,10
YPR009W,110,80,13,10
YPR012W,5,2,2,NA
YPR018W,87,77,3,6
YPR019W,410,370,7,16
YPR020W,337,189,33,61
YPR024W,806,607,27,151
YPR026W,219,218,NA,NA
YPR028W,1402,960,58,250
YPR030W,110,105,NA,2
YPR031W,95,92,1,NA
YPR032W,280,263,NA,12
YPR034W,287,246,6,29
YPR035W,1747,1393,93,181
YPR036W,1781,1606,32,66
YPR036W-A,1165,343,132,517
YPR040W,133,126,NA,3
YPR041W,977,735,105,83
YPR043W,3152,1961,116,366
YPR046W,35,24,0,5
YPR047W,242,205,6,15
YPR048W,177,164,4,3
YPR051W,96,75,0,7
YPR054W,7,1,6,0
YPR055W,243,228,2,NA
YPR056W,157,138,1,9
YPR057W,71,67,NA,1
YPR058W,194,159,0,15
YPR062W,340,270,0,59
YPR065W,218,181,14,14
YPR066W,29,29,NA,NA
YPR067W,111,88,1,9
YPR070W,149,123,1,24
YPR071W,69,38,2,26
YPR072W,374,321,24,22
YPR079W,113,102,3,3
YPR080W,45592,41497,293,1798
YPR083W,98,90,0,7
YPR084W,96,76,8,12
YPR086W,209,175,1,25
YPR087W,14,0,11,NA
YPR089W,317,296,2,11
YPR094W,73,43,2,7
YPR097W,327,293,18,8
YPR100W,204,142,5,22
YPR101W,62,41,1,18
YPR103W,535,464,14,35
YPR106W,137,131,0,NA
YPR108W,629,505,32,67
YPR108W-A,302,297,NA,2
YPR109W,119,103,12,NA
YPR111W,109,106,0,0
YPR113W,587,463,3,63
YPR114W,451,378,12,30
YPR115W,470,430,NA,33
YPR116W,32,17,NA,10
YPR117W,368,350,15,NA
YPR118W,406,364,3,18
YPR119W,302,210,56,19
YPR121W,32,32,NA,0
YPR122W,198,190,NA,7
YPR124W,319,229,29,55
YPR125W,267,220,9,23
YPR127W,196,174,8,10
YPR129W,354,318,0,12
YPR132W,4319,3087,86,503
YPR133W-A,471,131,11,210
YPR134W,43,34,0,8
YPR135W,182,175,NA,2
YPR137W,243,198,8,21
YPR140W,241,206,9,17
YPR143W,112,78,0,20
YPR145W,2792,2586,28,77
YPR149W,2492,1543,304,414
YPR150W,6,3,3,NA
YPR153W,26,17,3,5
YPR154W,289,213,0,55
YPR157W,13,12,0,1
YPR158W,135,99,8,20
YPR159W,1318,1052,93,137
YPR160W,1815,1630,82,74
YPR164W,387,295,0,89
YPR165W,1505,900,262,212
YPR169W,212,205,3,2
YPR170W-B,624,321,NA,243
YPR171W,120,107,3,3
YPR172W,169,132,3,14
YPR175W,120,117,0,1
YPR178W,110,95,1,9
YPR180W,142,138,0,2
YPR182W,116,67,19,15
YPR183W,1060,878,34,62
YPR184W,654,635,NA,16
YPR185W,242,201,28,5
YPR187W,418,316,0,53
YPR189W,517,508,NA,7
YPR191W,1272,1047,18,149
YPR192W,7,6,0,1
YPR196W,63,46,0,14
YPR198W,282,247,4,14
YPR201W,53,13,NA,37