trx,cds,utr5,utr3,
YAL067C,13,10,NA,3
YAL063C-A,60,14,41,3
YAL063C,487,459,NA,22
YAL054C,131,108,NA,17
YAL049C,503,371,20,55
YAL047C,183,170,1,3
YAL046C,162,109,0,28
YAL044C,703,570,0,63
YAL043C,622,571,0,19
YAL040C,1298,990,201,69
YAL039C,250,206,18,14
YAL037C-A,2,0,2,0
YAL036C,594,547,8,3
YAL034C-B,0,0,0,0
YAL034C,312,200,81,19
YAL032C,121,95,0,10
YAL031C,255,224,4,18
YAL029C,1047,1012,NA,25
YAL026C-A,64,57,NA,0
YAL026C,798,797,0,NA
YAL025C,680,502,6,135
YAL024C,238,226,NA,10
YAL023C,1919,1728,67,72
YAL022C,509,477,0,7
YAL021C,952,845,17,66
YAL020C,131,111,NA,16
YAL018C,6,4,0,2
YAL015C,182,178,NA,0
YAL014C,258,193,15,36
YAL010C,179,163,1,9
YAL007C,512,368,14,68
YAL005C,20464,19811,229,NA
YAL001C,432,422,0,NA
YAR002C-A,682,564,0,46
YAR007C,786,723,23,16
YAR014C,589,477,39,60
YAR018C,379,338,0,11
YAR019C,224,217,NA,4
YAR023C,151,59,81,NA
YAR047C,1,1,NA,0
YAL066W,2,0,2,NA
YAL064W-B,83,25,50,5
YAL062W,164,161,NA,0
YAL061W,130,92,3,24
YAL060W,848,738,4,55
YAL059W,259,192,NA,60
YAL058W,216,196,2,9
YAL056W,474,437,10,10
YAL055W,81,59,0,7
YAL053W,2135,1950,83,44
YAL051W,405,385,NA,17
YAL047W-A,2,2,NA,0
YAL044W-A,234,144,NA,52
YAL042W,732,662,0,34
YAL041W,482,451,11,6
YAL038W,24885,22199,223,1560
YAL037W,16,15,NA,NA
YAL035W,2756,2699,11,NA
YAL034W-A,75,55,2,9
YAL033W,186,157,NA,15
YAL030W,180,104,0,47
YAL028W,103,91,3,3
YAL027W,114,96,NA,11
YAL019W,879,858,NA,6
YAL017W,1048,948,84,NA
YAL016W,1241,1142,30,36
YAL013W,194,154,3,25
YAL012W,2263,1930,64,140
YAL011W,163,147,NA,9
YAL009W,118,104,NA,10
YAL008W,108,69,2,18
YAL004W,308,0,278,30
YAL003W,5154,3588,0,959
YAL002W,514,500,NA,6
YAR002W,427,385,6,15
YAR003W,225,150,8,57
YAR008W,131,103,13,9
YAR015W,545,418,37,55
YAR019W-A,104,2,NA,99
YAR027W,497,313,61,73
YAR028W,167,126,2,19
YAR029W,48,10,17,16
YAR031W,98,85,NA,10
YAR033W,89,64,8,3
YAR035W,62,55,NA,5
YAR042W,712,665,NA,36
YAR050W,675,659,NA,8
YAR053W,11,7,1,NA
YAR071W,246,239,NA,0
YBL113C,6564,6387,NA,101
YBL107C,192,139,NA,32
YBL106C,170,168,NA,1
YBL105C,828,717,68,24
YBL104C,354,339,NA,8
YBL103C,384,283,54,45
YBL101C,394,382,NA,9
YBL093C,226,156,18,36
YBL091C-A,91,60,NA,19
YBL091C,605,515,1,40
YBL088C,1003,993,NA,6
YBL087C,4027,3080,34,448
YBL086C,97,85,5,3
YBL084C,472,459,NA,10
YBL080C,178,162,0,10
YBL078C,293,143,0,126
YBL076C,5490,5210,0,121
YBL075C,367,344,NA,14
YBL074C,169,158,NA,NA
YBL072C,8802,7180,0,696
YBL071C,2,1,NA,1
YBL070C,29,1,28,NA
YBL067C,325,281,37,NA
YBL066C,427,390,3,30
YBL064C,669,579,9,31
YBL061C,481,434,10,4
YBL059C-A,247,115,6,72
YBL057C,219,156,0,31
YBL055C,227,206,3,11
YBL052C,405,356,31,8
YBL051C,869,704,14,111
YBL047C,2183,1993,59,85
YBL045C,2630,2021,248,244
YBL042C,1606,1486,24,44
YBL040C,610,492,24,36
YBL039C,1636,1524,NA,85
YBL036C,323,272,0,25
YBL035C,332,311,5,5
YBL034C,417,396,NA,14
YBL033C,313,257,5,18
YBL030C,4670,3076,467,883
YBL029C-A,223,118,30,28
YBL028C,378,211,9,120
YBL023C,547,497,6,27
YBL022C,1303,1215,32,23
YBL021C,112,74,0,22
YBL018C,169,127,10,13
YBL017C,1701,1654,NA,26
YBL014C,339,324,1,8
YBL010C,177,142,NA,25
YBL007C,1769,1697,17,34
YBL006C,324,207,0,80
YBL003C,3192,1954,47,732
YBL001C,499,319,0,96
YBR001C,575,544,8,13
YBR002C,216,171,0,30
YBR004C,336,306,0,12
YBR007C,292,261,NA,28
YBR008C,454,368,37,34
YBR009C,3504,2219,118,890
YBR011C,2561,2033,37,298
YBR012C,1,1,NA,0
YBR013C,0,0,0,0
YBR014C,295,224,8,33
YBR015C,920,775,37,61
YBR017C,1173,1086,8,44
YBR018C,20,13,0,7
YBR019C,9,7,NA,1
YBR023C,1358,1300,NA,41
YBR025C,2768,2233,38,359
YBR026C,572,472,NA,75
YBR028C,352,314,24,3
YBR029C,915,783,15,58
YBR034C,711,580,0,93
YBR035C,736,584,13,75
YBR036C,1061,850,20,118
YBR037C,258,224,5,14
YBR042C,205,181,4,13
YBR043C,1113,945,57,64
YBR044C,238,226,1,6
YBR045C,67,59,NA,7
YBR046C,175,129,3,31
YBR049C,754,627,37,70
YBR050C,21,14,5,0
YBR052C,606,439,56,32
YBR053C,447,395,0,21
YBR055C,450,423,0,14
YBR057C,284,220,20,28
YBR058C,601,576,0,5
YBR058C-A,293,129,11,78
YBR059C,1035,985,34,NA
YBR060C,313,280,12,8
YBR061C,387,319,0,55
YBR062C,149,108,0,31
YBR063C,335,272,26,22
YBR065C,323,303,3,NA
YBR066C,115,96,NA,16
YBR067C,1044,776,42,140
YBR068C,4014,3326,66,444
YBR069C,1852,1584,100,104
YBR070C,142,129,0,4
YBR072C-A,0,0,0,0
YBR076C-A,95,53,NA,33
YBR077C,296,246,25,NA
YBR079C,3101,2948,27,75
YBR080C,821,755,2,39
YBR081C,633,618,NA,10
YBR082C,2130,1394,206,307
YBR084C-A,4957,4086,8,215
YBR085C-A,1779,609,42,828
YBR086C,2154,1904,141,75
YBR088C,1013,881,36,21
YBR089C-A,416,228,NA,134
YBR091C,165,102,12,32
YBR092C,2236,2052,27,37
YBR093C,641,632,1,3
YBR095C,254,224,0,10
YBR099C,29,9,15,NA
YBR101C,566,498,14,21
YBR102C,452,413,7,19
YBR103C-A,2,1,NA,0
YBR105C,208,166,2,28
YBR107C,106,50,2,49
YBR109C,1604,867,48,464
YBR111C,691,579,NA,67
YBR112C,1588,1542,NA,32
YBR115C,2335,2221,NA,80
YBR120C,241,164,26,25
YBR121C,3467,3299,95,NA
YBR122C,451,291,4,119
YBR123C,275,264,3,2
YBR125C,249,174,29,36
YBR126C,1793,1482,121,111
YBR127C,2831,2433,58,247
YBR128C,25,24,0,NA
YBR129C,322,255,15,24
YBR130C,400,351,12,23
YBR132C,344,262,24,45
YBR133C,592,527,30,19
YBR138C,300,267,0,24
YBR140C,1856,1827,NA,14
YBR141C,87,78,0,4
YBR143C,1990,1787,25,98
YBR144C,0,0,0,0
YBR150C,418,408,0,7
YBR154C,754,539,68,77
YBR156C,212,188,1,17
YBR157C,43,36,NA,6
YBR162C,3120,2452,257,267
YBR164C,508,344,50,66
YBR166C,590,523,6,35
YBR167C,109,80,NA,20
YBR169C,695,620,1,48
YBR170C,406,350,10,28
YBR172C,813,707,34,42
YBR173C,491,307,8,107
YBR174C,15,1,1,13
YBR177C,1088,952,3,81
YBR179C,455,421,9,10
YBR181C,8868,7730,107,409
YBR182C,162,126,NA,32
YBR182C-A,5,1,2,2
YBR185C,296,229,0,43
YBR188C,217,132,18,39
YBR193C,233,158,3,42
YBR195C,155,135,3,11
YBR196C,10127,8796,122,711
YBR197C,211,129,0,73
YBR198C,603,554,4,20
YBR201C-A,31,11,3,12
YBR204C,183,147,5,21
YBR208C,991,761,198,25
YBR211C,130,118,4,NA
YBR216C,404,353,1,35
YBR218C,2640,2500,26,71
YBR221C,2291,1592,314,272
YBR222C,605,530,6,46
YBR223C,192,154,0,32
YBR229C,731,694,0,25
YBR230C,517,355,15,67
YBR231C,98,76,7,2
YBR234C,918,839,16,21
YBR236C,442,379,5,27
YBR238C,398,384,NA,NA
YBR239C,202,168,16,8
YBR240C,53,44,NA,7
YBR241C,189,171,2,7
YBR243C,262,230,2,17
YBR245C,773,768,NA,NA
YBR247C,612,534,0,43
YBR248C,657,589,20,22
YBR249C,2410,2014,105,134
YBR254C,152,113,0,22
YBR255C-A,109,68,1,19
YBR256C,707,614,0,51
YBR258C,109,74,0,18
YBR260C,367,319,0,36
YBR261C,312,218,2,56
YBR262C,360,217,12,67
YBR264C,120,101,1,3
YBR269C,326,222,0,64
YBR270C,147,121,19,1
YBR272C,352,305,0,40
YBR273C,247,216,0,16
YBR275C,637,627,NA,NA
YBR276C,539,501,15,8
YBR277C,8,5,NA,3
YBR280C,183,164,0,11
YBR281C,463,423,3,23
YBR283C,1594,1295,106,137
YBR288C,490,439,1,21
YBR291C,312,261,4,14
YBR292C,99,16,71,NA
YBR296C,24,19,1,3
YBR298C,447,324,99,17
YBL102W,449,319,30,65
YBL100W-C,8,2,1,4
YBL099W,4971,3694,768,353
YBL098W,149,138,NA,5
YBL097W,204,179,8,12
YBL095W,153,126,0,13
YBL092W,5875,4183,311,722
YBL090W,320,210,5,57
YBL089W,247,215,3,6
YBL085W,586,560,NA,17
YBL081W,409,350,39,8
YBL079W,1425,1383,14,NA
YBL071W-A,338,142,14,139
YBL068W,438,381,2,29
YBL063W,217,217,0,NA
YBL060W,325,308,0,5
YBL059W,102,94,NA,4
YBL058W,1056,873,12,110
YBL056W,1121,873,19,181
YBL054W,273,228,14,18
YBL050W,565,439,52,25
YBL048W,23,21,NA,0
YBL046W,178,150,NA,23
YBL043W,187,124,27,27
YBL041W,838,673,17,45
YBL039W-B,82,21,22,26
YBL038W,446,347,32,24
YBL037W,693,636,14,17
YBL032W,502,398,25,50
YBL031W,93,77,2,9
YBL029W,96,82,NA,10
YBL027W,5658,4143,118,577
YBL026W,295,151,49,56
YBL025W,144,73,6,53
YBL024W,1021,998,3,NA
YBL020W,229,205,8,10
YBL019W,194,172,NA,16
YBL016W,333,288,NA,30
YBL015W,295,245,5,35
YBL011W,678,615,12,28
YBL009W,336,306,5,7
YBL008W,250,243,NA,4
YBL005W,287,261,2,23
YBL004W,2175,2142,NA,10
YBL002W,2369,1413,13,619
YBR003W,467,425,3,19
YBR005W,252,169,21,40
YBR006W,202,166,7,21
YBR010W,5444,3745,105,862
YBR016W,374,204,10,103
YBR020W,75,61,4,7
YBR021W,647,556,26,35
YBR022W,149,95,7,26
YBR024W,147,122,16,NA
YBR030W,396,367,5,9
YBR031W,10684,9441,0,633
YBR033W,144,133,NA,8
YBR038W,906,819,4,64
YBR039W,1771,1334,92,194
YBR041W,552,503,6,20
YBR047W,20,15,0,0
YBR048W,5344,3939,0,998
YBR051W,1,0,NA,1
YBR054W,2092,1293,347,386
YBR056W,516,488,0,7
YBR056W-A,352,83,10,215
YBR071W,889,548,56,219
YBR072W,360,240,24,60
YBR073W,1178,1137,NA,29
YBR074W,796,765,NA,9
YBR076W,8,7,NA,0
YBR078W,8351,6155,782,1084
YBR083W,504,461,28,NA
YBR084W,1622,1531,0,54
YBR085W,18,15,1,2
YBR087W,357,331,0,9
YBR094W,371,350,8,NA
YBR096W,490,376,31,39
YBR097W,396,384,NA,10
YBR098W,188,179,0,4
YBR103W,320,274,28,11
YBR104W,187,157,12,8
YBR106W,1051,796,34,134
YBR108W,405,374,2,21
YBR110W,312,277,3,18
YBR111W-A,204,106,9,54
YBR114W,307,293,7,4
YBR118W,45054,41291,72,1409
YBR119W,135,105,1,18
YBR131W,164,156,0,3
YBR135W,351,241,28,43
YBR136W,518,489,NA,24
YBR137W,168,126,NA,34
YBR139W,1128,1003,NA,79
YBR141W-A,55,6,0,44
YBR142W,682,603,14,47
YBR145W,157,132,4,6
YBR146W,594,437,26,91
YBR147W,61,49,5,0
YBR148W,39,36,NA,3
YBR149W,1617,1378,8,136
YBR151W,498,354,46,63
YBR152W,76,69,2,NA
YBR153W,242,164,9,50
YBR155W,191,164,15,5
YBR158W,1329,1045,165,102
YBR159W,701,594,27,45
YBR160W,479,373,32,43
YBR161W,268,218,12,22
YBR162W-A,434,154,0,102
YBR163W,257,235,12,6
YBR165W,196,150,11,21
YBR168W,145,113,27,NA
YBR171W,278,210,8,28
YBR175W,207,169,NA,26
YBR176W,143,107,12,13
YBR178W,14,11,0,2
YBR183W,506,388,17,49
YBR184W,83,70,NA,11
YBR186W,4,4,0,NA
YBR187W,471,337,41,59
YBR189W,5727,4258,116,510
YBR192W,297,194,46,49
YBR194W,160,83,8,40
YBR199W,856,719,41,61
YBR200W,456,369,10,51
YBR201W,122,79,18,16
YBR202W,632,572,8,30
YBR203W,543,473,20,34
YBR205W,536,505,6,NA
YBR207W,412,368,1,18
YBR210W,146,121,3,0
YBR212W,757,558,116,58
YBR213W,87,52,5,27
YBR214W,579,507,20,25
YBR215W,306,277,3,17
YBR217W,176,109,7,53
YBR225W,348,322,NA,23
YBR228W,142,127,NA,11
YBR230W-A,191,72,8,66
YBR233W,180,143,11,17
YBR233W-A,83,44,2,21
YBR235W,532,492,11,13
YBR237W,344,324,1,12
YBR242W,357,257,46,21
YBR244W,89,63,2,13
YBR246W,373,311,17,23
YBR250W,22,13,9,NA
YBR251W,386,310,9,31
YBR252W,382,296,0,27
YBR253W,211,144,23,6
YBR255W,246,224,0,14
YBR257W,142,119,4,1
YBR259W,241,234,3,2
YBR263W,514,480,1,5
YBR265W,358,279,2,47
YBR267W,299,247,0,26
YBR268W,218,114,0,59
YBR271W,168,143,2,9
YBR274W,287,262,6,1
YBR278W,141,108,1,18
YBR279W,527,451,10,31
YBR282W,362,236,11,69
YBR284W,135,117,15,NA
YBR285W,16,10,NA,4
YBR286W,2486,2249,9,86
YBR287W,796,699,11,46
YBR289W,644,622,0,6
YBR290W,304,263,0,20
YBR293W,388,339,NA,43
YBR294W,21,18,NA,1
YBR295W,372,359,NA,10
YBR297W,188,154,2,29
YBR299W,108,93,6,5
YCL064C,128,109,0,9
YCL061C,977,948,7,NA
YCL059C,1016,782,27,119
YCL057C-A,907,599,19,41
YCL056C,149,134,NA,0
YCL052C,893,740,9,100
YCL050C,1874,1573,84,105
YCL049C,769,606,27,85
YCL047C,241,210,NA,15
YCL045C,1889,1729,35,46
YCL044C,501,393,12,67
YCL043C,5573,5153,NA,245
YCL041C,472,433,0,NA
YCL038C,372,338,2,11
YCL037C,2794,1950,100,661
YCL035C,1484,925,15,242
YCL033C,425,352,NA,43
YCL031C,1164,996,22,83
YCL030C,3066,2803,52,126
YCL029C,457,307,5,111
YCL026C-B,89,58,4,10
YCL026C-A,2,0,NA,2
YCL025C,3702,3379,28,134
YCL017C,1375,1140,86,68
YCL016C,380,314,0,43
YCL012C,359,201,16,52
YCL011C,1633,1491,15,73
YCL010C,658,557,0,37
YCL009C,2626,2055,0,339
YCL008C,535,446,NA,65
YCL002C,332,263,1,45
YCR002C,1515,1240,77,69
YCR004C,1707,1171,182,218
YCR005C,3302,2715,102,270
YCR007C,254,128,84,21
YCR009C,1262,1021,32,126
YCR010C,5,2,NA,2
YCR011C,2139,1992,54,43
YCR014C,409,382,NA,14
YCR015C,401,353,0,27
YCR017C,2251,2083,7,107
YCR020C,218,185,NA,10
YCR020C-A,491,265,0,154
YCR021C,168,138,7,11
YCR022C,22,7,3,8
YCR023C,985,813,21,108
YCR024C,440,395,0,25
YCR024C-B,3857,1770,0,1388
YCR024C-A,1857,364,1075,NA
YCR025C,35,14,NA,20
YCR026C,1128,961,31,98
YCR027C,532,240,72,179
YCR028C,686,545,25,92
YCR028C-A,1238,677,78,270
YCR030C,1938,1736,29,106
YCR031C,9072,5956,0,1709
YCR035C,814,677,0,85
YCR037C,986,932,NA,29
YCR038C,314,263,NA,19
YCR042C,1506,1478,1,NA
YCR043C,655,390,13,167
YCR044C,348,312,0,19
YCR045C,4,4,0,0
YCR046C,658,507,NA,107
YCR047C,460,341,13,74
YCR054C,562,515,11,27
YCR057C,1734,1601,17,68
YCR059C,490,398,0,63
YCR064C,5,4,NA,NA
YCR067C,1677,1555,53,22
YCR071C,545,395,36,70
YCR072C,623,543,9,36
YCR073C,616,598,6,6
YCR075C,271,218,0,28
YCR076C,255,216,0,29
YCR077C,3123,2882,35,136
YCR084C,2913,2383,244,196
YCR087C-A,386,269,19,44
YCR090C,451,341,14,32
YCR092C,562,520,0,21
YCR095C,310,263,8,15
YCR098C,235,213,NA,20
YCR102C,87,74,6,7
YCL063W,411,354,4,38
YCL058W-A,169,126,7,25
YCL057W,1677,1543,0,92
YCL055W,312,270,3,19
YCL054W,1363,1254,0,49
YCL051W,660,530,83,20
YCL048W,20,13,NA,4
YCL040W,6112,5336,NA,572
YCL039W,692,652,0,11
YCL036W,383,345,NA,23
YCL034W,781,675,8,29
YCL032W,416,347,10,26
YCL028W,1273,1125,16,60
YCL027W,46,39,0,2
YCL024W,1016,981,12,NA
YCL021W-A,39,25,5,5
YCL018W,1396,1231,6,63
YCL014W,1554,1463,35,27
YCL005W-A,833,425,26,215
YCL005W,352,282,4,48
YCL004W,436,390,14,17
YCL001W,759,568,4,80
YCR003W,700,527,6,101
YCR008W,1481,1022,249,171
YCR012W,35642,29997,356,3144
YCR016W,507,384,3,86
YCR019W,317,245,34,16
YCR020W-B,906,234,17,525
YCR032W,1330,1306,NA,10
YCR033W,844,809,NA,23
YCR034W,2043,1722,0,215
YCR036W,1176,1034,NA,72
YCR045W-A,371,78,140,130
YCR048W,429,364,5,46
YCR051W,710,488,2,156
YCR052W,915,729,12,127
YCR053W,5708,5251,80,104
YCR061W,710,574,2,108
YCR063W,431,180,0,212
YCR065W,1198,894,85,172
YCR066W,257,222,5,12
YCR068W,446,385,41,2
YCR069W,767,565,90,73
YCR073W-A,653,551,0,52
YCR075W-A,215,135,0,35
YCR079W,322,289,0,23
YCR081W,829,821,0,NA
YCR082W,830,557,17,113
YCR083W,384,266,1,65
YCR085W,4,3,0,NA
YCR086W,195,163,6,NA
YCR088W,2329,2061,57,120
YCR089W,1209,1191,NA,8
YCR091W,357,330,6,7
YCR093W,4201,4089,15,43
YCR094W,830,671,27,98
YCR095W-A,480,27,37,401
YCR097W,0,0,0,0
YCR105W,26,25,NA,1
YCR106W,697,686,0,NA
YCR107W,427,319,NA,90
YDL243C,217,148,47,16
YDL239C,129,125,NA,1
YDL238C,186,165,3,8
YDL235C,513,275,57,98
YDL234C,533,462,29,16
YDL231C,1132,1100,NA,16
YDL227C,180,174,NA,2
YDL226C,767,585,3,126
YDL224C,865,659,133,44
YDL222C,118,112,NA,NA
YDL220C,272,246,NA,23
YDL217C,308,208,72,2
YDL216C,142,127,NA,7
YDL215C,1291,1210,NA,68
YDL214C,40,37,1,1
YDL213C,393,335,0,30
YDL211C,115,97,4,9
YDL209C,142,119,0,12
YDL205C,380,283,31,52
YDL203C,476,401,35,25
YDL200C,115,99,NA,7
YDL199C,111,100,2,3
YDL198C,638,521,4,67
YDL197C,412,382,0,19
YDL190C,985,847,53,57
YDL188C,617,506,44,47
YDL187C,92,18,67,NA
YDL184C,4816,482,58,3463
YDL183C,70,51,9,2
YDL177C,84,68,3,10
YDL175C,213,174,0,26
YDL174C,847,812,9,NA
YDL171C,2955,2796,126,NA
YDL169C,43,32,NA,8
YDL167C,577,530,8,28
YDL166C,171,133,6,11
YDL164C,439,384,5,30
YDL160C-A,94,41,1,40
YDL160C,2698,1801,319,486
YDL157C,244,155,2,36
YDL153C,582,523,1,36
YDL148C,745,719,2,NA
YDL145C,2705,2392,138,94
YDL144C,223,203,0,17
YDL142C,163,143,4,9
YDL140C,2512,2432,NA,45
YDL139C,73,60,NA,9
YDL135C,439,296,6,109
YDL134C,949,676,211,29
YDL133C-A,5237,482,0,3821
YDL126C,3936,3616,44,131
YDL125C,993,756,NA,168
YDL121C,354,231,0,86
YDL119C,201,164,2,25
YDL115C,236,212,3,7
YDL113C,364,332,2,16
YDL111C,480,377,30,29
YDL110C,453,265,27,124
YDL109C,327,267,NA,54
YDL106C,372,323,5,33
YDL104C,79,72,0,2
YDL103C,556,498,15,16
YDL101C,317,290,0,13
YDL100C,1425,1239,20,83
YDL098C,82,55,0,22
YDL097C,1290,1145,14,68
YDL094C,22,9,10,2
YDL091C,224,187,12,14
YDL090C,169,147,0,10
YDL088C,586,496,27,47
YDL087C,112,85,0,20
YDL086C-A,9,4,1,2
YDL085C-A,144,50,28,46
YDL083C,4399,2841,0,906
YDL081C,4182,2022,509,949
YDL080C,312,268,NA,24
YDL079C,67,62,NA,3
YDL078C,749,601,39,52
YDL077C,403,388,NA,2
YDL076C,249,173,22,32
YDL074C,699,626,20,28
YDL072C,1253,927,66,152
YDL069C,89,60,16,7
YDL067C,842,240,69,339
YDL065C,263,239,0,5
YDL063C,526,475,22,17
YDL061C,2409,842,1,996
YDL059C,36,33,2,NA
YDL055C,7733,5773,816,812
YDL054C,224,190,14,15
YDL053C,513,291,97,80
YDL052C,434,379,6,28
YDL049C,84,43,11,26
YDL048C,124,110,1,10
YDL045C,181,148,9,19
YDL044C,205,182,0,10
YDL043C,273,192,5,66
YDL042C,276,235,7,17
YDL040C,1271,1196,4,39
YDL039C,42,40,NA,2
YDL036C,197,170,NA,24
YDL035C,475,452,NA,16
YDL033C,135,102,5,21
YDL028C,362,328,10,17
YDL027C,314,271,5,23
YDL025C,399,338,33,17
YDL024C,25,15,NA,9
YDL020C,962,786,83,62
YDL019C,816,793,NA,13
YDL018C,259,206,19,14
YDL015C,890,810,28,NA
YDL012C,326,172,0,86
YDL009C,37,3,34,NA
YDL005C,499,393,1,78
YDL002C,251,152,8,74
YDR001C,1557,1444,NA,77
YDR005C,426,331,34,46
YDR006C,628,561,34,17
YDR008C,93,17,NA,74
YDR010C,18,11,5,0
YDR016C,175,88,1,48
YDR017C,579,542,NA,28
YDR018C,54,50,NA,3
YDR019C,1011,842,NA,107
YDR020C,170,80,NA,83
YDR022C,102,88,0,10
YDR026C,348,286,35,13
YDR027C,417,390,13,7
YDR028C,1479,1312,NA,136
YDR030C,127,123,0,3
YDR032C,1220,792,104,180
YDR034C,534,485,24,14
YDR036C,302,268,0,22
YDR038C,1625,1608,NA,13
YDR042C,12,11,NA,0
YDR045C,372,128,89,117
YDR046C,1647,1433,67,39
YDR048C,22,3,9,10
YDR050C,10856,9532,182,850
YDR051C,274,227,15,17
YDR052C,543,445,43,42
YDR054C,777,412,111,220
YDR056C,333,245,25,27
YDR058C,112,85,1,16
YDR059C,221,154,9,26
YDR066C,54,40,1,10
YDR067C,205,163,3,12
YDR069C,466,431,NA,28
YDR070C,31,13,3,10
YDR071C,870,649,50,79
YDR072C,758,642,57,31
YDR078C,82,62,0,10
YDR079C-A,119,55,2,45
YDR081C,387,361,14,1
YDR084C,246,191,0,34
YDR085C,364,335,NA,18
YDR086C,949,355,140,378
YDR087C,398,343,4,27
YDR088C,177,114,24,30
YDR090C,235,154,10,57
YDR091C,1800,1456,58,223
YDR097C,530,510,7,5
YDR098C,624,577,NA,31
YDR101C,1214,1117,0,51
YDR104C,188,180,NA,5
YDR105C,327,284,10,14
YDR107C,143,135,0,6
YDR109C,244,228,NA,12
YDR111C,359,273,32,32
YDR113C,193,175,2,11
YDR116C,392,320,2,40
YDR117C,313,295,3,2
YDR120C,647,583,NA,57
YDR123C,221,149,1,60
YDR125C,182,108,NA,71
YDR129C,1955,1714,30,138
YDR130C,250,168,1,67
YDR131C,205,179,10,10
YDR132C,117,90,10,8
YDR133C,3783,1519,1220,623
YDR135C,1900,1858,NA,29
YDR139C,231,94,13,89
YDR141C,1185,1171,NA,NA
YDR142C,168,137,16,9
YDR143C,434,344,37,40
YDR144C,473,403,27,21
YDR146C,533,504,NA,25
YDR148C,991,833,3,115
YDR151C,338,240,23,53
YDR153C,514,417,38,29
YDR162C,268,161,23,64
YDR164C,421,397,2,12
YDR166C,555,544,NA,5
YDR169C,424,276,75,49
YDR170C,2493,2409,NA,78
YDR173C,150,128,7,NA
YDR175C,380,311,17,29
YDR179C,99,75,0,18
YDR181C,236,207,0,20
YDR185C,61,37,7,7
YDR186C,784,727,7,30
YDR190C,1060,932,23,64
YDR192C,164,142,4,10
YDR194C,1309,1173,7,77
YDR196C,233,208,NA,11
YDR198C,213,204,1,2
YDR200C,288,252,16,14
YDR202C,245,220,4,5
YDR207C,282,265,13,NA
YDR215C,37,3,0,34
YDR217C,360,349,1,NA
YDR218C,10,8,NA,0
YDR219C,349,302,NA,38
YDR224C,3024,1897,95,467
YDR228C,421,384,16,6
YDR231C,348,268,1,55
YDR233C,2194,1734,73,218
YDR236C,201,154,3,23
YDR238C,2342,2138,15,106
YDR239C,243,230,0,3
YDR240C,140,134,0,2
YDR243C,280,158,0,118
YDR248C,215,166,10,21
YDR249C,122,102,3,9
YDR253C,23,9,9,4
YDR255C,256,169,2,79
YDR256C,26,24,NA,0
YDR257C,491,394,0,74
YDR258C,2318,2150,16,77
YDR259C,70,51,8,7
YDR260C,199,100,1,66
YDR261C,416,369,0,30
YDR263C,92,72,3,9
YDR264C,941,822,15,79
YDR266C,769,622,86,27
YDR267C,296,235,9,42
YDR271C,27,11,NA,15
YDR274C,2,0,NA,2
YDR276C,1546,468,116,640
YDR277C,396,287,37,56
YDR281C,3,3,0,0
YDR282C,233,111,0,117
YDR283C,805,782,NA,17
YDR284C,490,342,87,32
YDR286C,73,55,NA,7
YDR289C,259,220,5,12
YDR292C,557,488,34,16
YDR293C,2360,1946,373,NA
YDR294C,774,713,12,21
YDR295C,253,210,27,6
YDR298C,1243,764,153,225
YDR300C,338,278,11,23
YDR303C,571,500,47,13
YDR304C,802,633,25,59
YDR305C,150,127,NA,7
YDR306C,264,236,7,6
YDR308C,216,151,17,19
YDR309C,764,673,24,1
YDR310C,627,524,53,38
YDR313C,184,147,0,26
YDR314C,187,172,8,1
YDR315C,96,82,0,11
YDR319C,252,187,22,20
YDR320C,447,413,2,12
YDR320C-A,199,112,NA,58
YDR322C-A,594,306,0,230
YDR323C,95,81,1,10
YDR324C,913,834,NA,69
YDR326C,781,752,NA,17
YDR328C,847,547,53,185
YDR329C,332,296,3,19
YDR333C,536,467,1,58
YDR338C,213,198,1,9
YDR339C,385,282,0,56
YDR341C,2085,1883,0,121
YDR342C,10551,9216,356,573
YDR343C,9846,8898,287,274
YDR345C,4850,4454,44,224
YDR346C,953,747,43,140
YDR348C,480,382,40,46
YDR349C,867,756,31,50
YDR350C,546,495,3,25
YDR357C,222,149,9,26
YDR359C,523,421,69,21
YDR361C,564,394,20,110
YDR362C,231,207,12,5
YDR364C,398,309,0,81
YDR365C,681,628,16,14
YDR366C,863,842,0,NA
YDR369C,221,202,NA,13
YDR370C,251,242,0,4
YDR372C,752,509,124,76
YDR375C,343,318,0,10
YDR378C,366,146,0,141
YDR379C-A,136,84,0,30
YDR381C-A,152,83,NA,42
YDR383C,108,84,0,8
YDR384C,561,423,15,77
YDR387C,251,212,11,16
YDR390C,507,472,4,13
YDR391C,413,353,0,31
YDR397C,345,222,25,65
YDR402C,21,18,NA,3
YDR404C,516,250,121,109
YDR407C,639,601,12,13
YDR408C,409,289,12,58
YDR410C,132,114,0,11
YDR411C,518,460,13,17
YDR414C,158,113,19,19
YDR415C,223,195,4,15
YDR422C,375,325,1,33
YDR423C,215,202,NA,11
YDR424C,142,84,7,14
YDR426C,44,3,NA,0
YDR428C,129,102,7,11
YDR429C,1348,1129,0,116
YDR430C,861,817,14,14
YDR435C,244,196,0,28
YDR441C,219,117,29,50
YDR443C,540,476,NA,59
YDR445C,1370,1369,NA,1
YDR447C,6103,4475,60,732
YDR449C,452,400,10,21
YDR451C,457,366,13,52
YDR453C,82,54,2,20
YDR454C,732,574,0,94
YDR458C,415,358,2,39
YDR459C,248,200,19,24
YDR461C-A,51,26,0,12
YDR465C,453,374,5,47
YDR468C,256,160,35,33
YDR470C,263,198,15,25
YDR473C,185,153,15,6
YDR475C,300,282,4,13
YDR476C,266,200,0,45
YDR479C,260,232,4,13
YDR481C,580,519,24,7
YDR482C,62,39,0,16
YDR485C,327,294,0,24
YDR486C,309,236,0,45
YDR487C,637,482,10,65
YDR488C,103,95,NA,6
YDR490C,329,307,9,6
YDR495C,323,303,NA,8
YDR496C,1109,1023,2,37
YDR497C,5072,4553,139,193
YDR498C,190,174,2,3
YDR500C,3018,1958,0,468
YDR502C,3186,2398,73,510
YDR503C,168,102,8,45
YDR504C,152,86,NA,55
YDR505C,967,865,82,NA
YDR506C,173,90,0,78
YDR507C,1023,946,NA,65
YDR508C,2985,2824,60,3
YDR510C-A,4,0,3,NA
YDR512C,126,96,NA,25
YDR514C,210,188,7,8
YDR516C,629,577,9,24
YDR520C,137,129,4,2
YDR522C,10,10,NA,0
YDR523C,16,13,NA,3
YDR524C,401,328,6,50
YDR524C-B,9733,2595,661,4946
YDR524C-A,508,3,0,502
YDR529C,1622,987,17,418
YDR530C,264,216,NA,28
YDR532C,167,140,1,17
YDR533C,420,340,6,27
YDR534C,140,120,0,18
YDR535C,185,29,NA,152
YDR540C,43,16,7,18
YDR541C,178,132,17,19
YDL248W,1516,1122,0,354
YDL244W,108,96,NA,7
YDL242W,20,8,NA,11
YDL241W,61,19,12,20
YDL240W,295,272,NA,20
YDL237W,379,344,0,17
YDL236W,522,427,0,54
YDL233W,212,189,0,13
YDL232W,352,49,0,222
YDL230W,100,82,1,6
YDL229W,15408,14365,95,404
YDL225W,505,461,0,19
YDL221W,8,3,NA,5
YDL219W,244,136,9,52
YDL218W,19,15,2,2
YDL212W,779,540,4,135
YDL210W,19,18,NA,1
YDL208W,953,764,7,110
YDL207W,274,249,1,7
YDL206W,322,304,9,0
YDL204W,668,495,71,71
YDL202W,382,307,9,37
YDL201W,271,243,0,9
YDL195W,2287,2130,55,55
YDL194W,139,132,NA,4
YDL193W,344,254,14,52
YDL192W,2407,1943,67,178
YDL191W,5357,3902,3,662
YDL189W,327,274,26,21
YDL185W,7106,6498,219,251
YDL182W,1476,1367,14,53
YDL181W,388,170,54,84
YDL180W,235,194,28,7
YDL179W,382,283,32,43
YDL178W,632,588,1,19
YDL176W,319,290,9,11
YDL173W,674,640,NA,NA
YDL170W,266,244,NA,13
YDL168W,743,605,17,63
YDL165W,236,196,12,11
YDL161W,496,443,0,30
YDL159W,222,186,5,18
YDL156W,119,101,15,NA
YDL155W,363,279,25,30
YDL154W,199,178,NA,20
YDL150W,277,245,12,NA
YDL149W,143,138,NA,1
YDL147W,1478,1267,0,139
YDL146W,117,87,19,8
YDL143W,1512,1305,17,77
YDL141W,518,405,45,49
YDL138W,282,240,13,13
YDL137W,1312,875,164,138
YDL136W,4622,3798,83,192
YDL133W,317,258,16,22
YDL132W,822,713,94,NA
YDL131W,1862,1672,20,99
YDL130W-A,444,230,0,132
YDL130W,4232,2473,0,884
YDL129W,30,17,2,11
YDL128W,792,628,18,96
YDL127W,137,97,3,24
YDL124W,1953,1659,37,96
YDL123W,236,84,2,129
YDL122W,998,916,62,NA
YDL120W,357,203,47,55
YDL117W,573,497,40,21
YDL116W,575,527,11,8
YDL114W,4,4,NA,0
YDL112W,1043,1005,NA,26
YDL108W,174,164,0,2
YDL107W,167,137,4,17
YDL105W,134,98,4,25
YDL102W,471,432,16,10
YDL099W,284,246,7,21
YDL095W,1780,1663,7,40
YDL093W,400,327,2,60
YDL092W,411,288,4,68
YDL089W,197,160,20,4
YDL086W,979,837,NA,52
YDL085W,21,17,2,0
YDL084W,2751,2274,242,113
YDL082W,3745,2893,89,446
YDL075W,4292,2939,132,392
YDL073W,505,455,27,10
YDL070W,505,458,0,30
YDL068W,3,1,NA,2
YDL066W,876,770,0,59
YDL064W,323,222,5,61
YDL060W,743,720,0,NA
YDL058W,581,556,5,8
YDL057W,102,91,0,6
YDL056W,428,408,NA,12
YDL051W,926,799,1,58
YDL046W,770,382,33,267
YDL045W-A,309,160,7,77
YDL041W,4,1,0,3
YDL032W,6,5,1,NA
YDL031W,731,698,10,8
YDL030W,131,119,1,7
YDL029W,1365,1185,0,106
YDL025W-A,15,0,1,13
YDL022W,3436,2720,128,389
YDL021W,101,88,0,4
YDL017W,166,153,NA,9
YDL014W,2530,1600,384,378
YDL013W,186,160,10,11
YDL010W,306,208,8,75
YDL008W,187,131,3,33
YDL007W,964,846,18,37
YDL006W,217,133,68,10
YDL004W,1230,782,45,264
YDL003W,447,404,NA,25
YDL001W,240,202,6,16
YDR002W,1791,1270,21,286
YDR003W-A,85,18,NA,57
YDR004W,281,248,NA,27
YDR007W,166,152,0,5
YDR009W,92,83,2,5
YDR011W,1950,1723,121,75
YDR012W,10273,9589,51,248
YDR013W,164,131,0,13
YDR014W,212,188,0,20
YDR014W-A,11,6,NA,3
YDR021W,153,126,13,6
YDR023W,3234,3009,5,71
YDR024W,24,7,NA,NA
YDR025W,5577,4696,NA,392
YDR031W,198,120,6,46
YDR033W,7690,4694,1024,1723
YDR034W-B,154,47,4,69
YDR035W,1198,969,11,129
YDR037W,3897,3617,0,84
YDR041W,425,348,0,44
YDR044W,188,153,3,18
YDR047W,642,518,54,34
YDR049W,297,267,4,19
YDR055W,4029,3360,108,327
YDR057W,211,195,2,9
YDR060W,1661,1588,14,26
YDR061W,331,295,3,21
YDR062W,1248,854,205,137
YDR063W,179,115,14,26
YDR064W,4948,3964,0,393
YDR065W,162,104,3,49
YDR068W,258,229,11,NA
YDR073W,326,229,75,NA
YDR074W,2522,2357,107,NA
YDR075W,171,108,30,23
YDR076W,1042,112,2,922
YDR077W,40845,30396,401,8310
YDR079W,147,74,3,44
YDR080W,349,342,1,NA
YDR082W,350,293,14,31
YDR083W,445,382,1,18
YDR089W,464,423,3,21
YDR092W,386,287,2,49
YDR093W,762,701,51,NA
YDR096W,595,549,NA,25
YDR099W,2584,1841,243,369
YDR100W,334,223,12,57
YDR103W,392,382,NA,3
YDR106W,21,20,NA,1
YDR108W,263,243,1,10
YDR110W,209,182,0,17
YDR115W,313,175,11,67
YDR118W,181,177,0,NA
YDR119W,887,843,21,12
YDR119W-A,144,32,12,79
YDR121W,218,120,29,33
YDR122W,741,703,NA,24
YDR124W,185,89,69,25
YDR126W,79,76,0,NA
YDR127W,4298,4159,1,35
YDR128W,494,470,NA,16
YDR137W,382,343,12,15
YDR138W,340,324,0,3
YDR140W,206,150,0,30
YDR145W,877,772,31,51
YDR147W,386,353,7,4
YDR150W,3038,3000,8,11
YDR152W,425,380,3,14
YDR158W,2822,2516,0,210
YDR159W,404,382,12,NA
YDR160W,387,357,24,NA
YDR161W,360,304,1,22
YDR163W,126,106,NA,7
YDR165W,842,752,13,40
YDR167W,218,171,2,31
YDR168W,764,686,17,31
YDR171W,799,653,57,37
YDR172W,2412,2141,23,176
YDR174W,1665,1239,16,294
YDR176W,353,327,6,10
YDR177W,663,504,54,52
YDR178W,580,327,76,121
YDR179W-A,160,145,7,3
YDR180W,269,259,6,NA
YDR182W,467,431,12,1
YDR183W,126,99,1,7
YDR188W,1359,1187,7,114
YDR189W,589,525,9,34
YDR191W,112,92,0,12
YDR195W,357,288,47,12
YDR197W,219,201,1,12
YDR201W,83,63,NA,12
YDR204W,283,242,0,19
YDR205W,281,265,0,8
YDR206W,1232,1053,143,NA
YDR208W,814,718,32,32
YDR210W,648,275,0,243
YDR211W,1029,926,9,62
YDR212W,1402,1233,43,50
YDR213W,356,320,22,6
YDR214W,2121,1669,179,132
YDR216W,1676,1527,NA,128
YDR221W,391,312,0,73
YDR222W,257,217,6,22
YDR223W,47,33,10,NA
YDR225W,3835,2303,327,747
YDR226W,1691,1338,24,148
YDR227W,605,562,16,19
YDR229W,212,190,10,7
YDR232W,963,791,100,34
YDR234W,815,753,0,30
YDR235W,330,308,NA,13
YDR237W,373,264,35,35
YDR241W,146,21,NA,115
YDR242W,308,269,11,13
YDR244W,335,302,0,21
YDR245W,597,472,23,71
YDR246W,196,154,0,27
YDR247W,250,176,35,31
YDR251W,869,731,119,NA
YDR252W,123,56,0,57
YDR254W,146,127,4,4
YDR262W,405,290,0,75
YDR265W,255,171,40,25
YDR268W,230,202,2,16
YDR270W,199,191,NA,5
YDR272W,454,392,25,8
YDR273W,23,20,0,NA
YDR275W,238,122,48,56
YDR279W,193,171,10,3
YDR280W,404,297,43,35
YDR285W,108,101,NA,5
YDR287W,156,133,2,13
YDR288W,169,145,NA,9
YDR291W,484,467,NA,11
YDR296W,396,291,17,43
YDR297W,529,443,2,46
YDR299W,535,467,6,21
YDR301W,470,448,1,13
YDR302W,187,158,8,13
YDR307W,394,351,2,22
YDR311W,254,232,0,13
YDR312W,351,309,4,22
YDR316W,382,335,3,24
YDR317W,16,15,0,1
YDR318W,140,112,0,11
YDR320W-B,29,3,8,NA
YDR321W,1060,894,13,86
YDR322W,435,361,7,39
YDR325W,353,337,NA,11
YDR330W,244,210,5,19
YDR331W,545,455,0,34
YDR332W,257,242,1,11
YDR334W,504,464,12,19
YDR335W,1156,1122,NA,28
YDR336W,156,148,NA,5
YDR337W,370,310,15,20
YDR347W,519,410,12,50
YDR351W,681,677,NA,NA
YDR352W,320,206,41,52
YDR353W,1443,1250,58,55
YDR354W,500,424,31,7
YDR356W,329,283,2,37
YDR358W,385,332,4,28
YDR363W,302,191,20,84
YDR363W-A,340,183,8,52
YDR367W,348,278,10,22
YDR368W,536,403,12,72
YDR371W,283,229,7,23
YDR374W-A,190,80,0,61
YDR376W,305,275,12,6
YDR377W,1194,452,64,505
YDR379W,545,505,4,14
YDR380W,977,824,64,58
YDR381W,1816,1372,0,293
YDR382W,4855,2393,600,1159
YDR385W,22810,21274,54,817
YDR386W,220,202,0,14
YDR388W,1244,1079,28,93
YDR389W,415,363,NA,37
YDR392W,183,154,3,16
YDR393W,237,211,0,17
YDR394W,852,699,57,42
YDR395W,1511,1386,66,28
YDR396W,6,3,NA,3
YDR398W,720,615,10,48
YDR399W,706,507,40,81
YDR401W,51,12,NA,38
YDR403W,43,34,NA,6
YDR405W,321,231,14,44
YDR406W,639,636,NA,NA
YDR409W,292,269,NA,18
YDR412W,255,188,8,32
YDR416W,221,206,6,2
YDR418W,6080,4576,188,567
YDR419W,215,187,0,23
YDR420W,1539,1504,NA,27
YDR421W,374,363,3,5
YDR425W,209,170,NA,34
YDR427W,1082,952,10,72
YDR434W,555,469,24,32
YDR436W,285,235,28,14
YDR438W,131,119,0,7
YDR439W,132,108,5,8
YDR440W,233,209,6,11
YDR442W,2,1,0,1
YDR444W,250,224,7,3
YDR446W,3,3,NA,NA
YDR448W,406,358,6,27
YDR450W,5530,3934,0,724
YDR452W,829,750,35,32
YDR456W,601,552,9,24
YDR457W,2724,2650,30,26
YDR460W,178,134,14,22
YDR461W,1,0,0,1
YDR462W,338,203,17,65
YDR463W,524,448,16,37
YDR464W,334,322,8,NA
YDR466W,517,458,9,32
YDR469W,204,162,2,14
YDR471W,3408,2347,19,621
YDR472W,197,154,3,31
YDR477W,883,672,122,62
YDR478W,89,73,0,10
YDR483W,992,903,5,53
YDR484W,270,247,3,10
YDR489W,172,126,0,34
YDR492W,319,250,35,13
YDR493W,229,134,31,35
YDR494W,577,505,2,36
YDR499W,241,239,0,NA
YDR501W,100,80,4,16
YDR510W,744,438,77,115
YDR511W,269,197,NA,35
YDR513W,698,501,4,89
YDR515W,283,230,36,6
YDR517W,335,281,12,21
YDR518W,318,294,4,6
YDR519W,409,240,0,131
YDR525W-A,733,327,6,270
YDR527W,249,217,1,20
YDR528W,288,201,69,7
YDR531W,376,308,14,19
YDR536W,56,52,NA,2
YDR538W,268,167,11,73
YDR539W,430,383,5,21
YEL073C,265,173,0,43
YEL068C,80,47,1,24
YEL064C,139,115,1,18
YEL063C,1042,766,93,143
YEL061C,407,386,14,NA
YEL060C,2875,2464,47,260
YEL059C-A,91,51,8,12
YEL057C,10,7,NA,2
YEL055C,1092,1033,12,19
YEL054C,5359,3736,80,1143
YEL053C,391,360,11,11
YEL050C,603,482,16,70
YEL048C,228,98,NA,119
YEL047C,463,441,0,NA
YEL046C,3445,2075,NA,1232
YEL039C,279,177,40,33
YEL037C,665,495,85,48
YEL036C,781,635,64,37
YEL034C-A,1,1,NA,NA
YEL029C,208,157,7,27
YEL025C,714,667,NA,41
YEL023C,166,121,42,NA
YEL017C-A,1072,156,33,727
YEL016C,270,209,34,14
YEL009C-A,18,7,NA,8
YEL009C,7093,3729,2635,328
YEL008C-A,74,2,NA,72
YEL005C,158,126,3,11
YEL002C,964,844,32,46
YEL001C,688,574,11,53
YER003C,1143,1004,16,48
YER007C-A,578,417,16,78
YER008C,737,695,9,18
YER010C,204,158,0,28
YER017C,1081,993,NA,70
YER018C,145,114,9,12
YER019C-A,627,394,44,47
YER023C-A,1,1,NA,NA
YER026C,1959,1604,4,186
YER027C,373,306,9,38
YER028C,55,45,2,3
YER029C,178,139,9,16
YER031C,712,506,11,154
YER033C,341,320,NA,18
YER036C,2229,2008,30,95
YER038C,169,114,0,53
YER039C,68,54,NA,11
YER043C,9109,7220,36,1330
YER044C,525,352,20,71
YER044C-A,53,53,NA,NA
YER045C,158,120,16,8
YER047C,310,277,NA,29
YER048C,548,438,37,47
YER050C,421,286,23,71
YER052C,1373,1176,63,70
YER053C,713,538,51,66
YER053C-A,1937,257,76,1249
YER054C,210,184,NA,19
YER055C,1723,1409,4,157
YER056C,2946,2455,163,197
YER056C-A,4206,2916,0,393
YER057C,435,266,27,61
YER061C,146,129,1,6
YER062C,1109,778,61,188
YER064C,950,741,39,135
YER065C,118,83,20,9
YER071C,129,78,0,31
YER075C,347,311,10,23
YER076C,136,98,18,13
YER077C,603,573,NA,16
YER078C,265,221,20,13
YER082C,600,551,8,14
YER083C,416,375,0,4
YER085C,5,2,2,0
YER087C-B,473,149,21,215
YER088C,963,870,30,40
YER088C-A,254,84,NA,140
YER089C,839,626,185,NA
YER091C,6192,5311,187,498
YER093C,345,338,NA,2
YER093C-A,79,46,0,22
YER094C,1019,676,72,178
YER099C,365,306,0,19
YER101C,180,156,3,18
YER105C,1164,1109,0,28
YER107C,369,288,48,18
YER109C,333,330,NA,NA
YER110C,1705,1546,51,59
YER111C,519,462,47,NA
YER113C,445,405,23,11
YER114C,593,557,NA,25
YER115C,148,82,41,19
YER116C,190,123,NA,65
YER118C,510,368,78,32
YER119C,270,242,0,14
YER122C,966,831,28,46
YER124C,1723,1453,13,195
YER126C,658,486,9,104
YER130C,498,396,15,58
YER132C,469,447,NA,14
YER134C,318,183,16,87
YER137C,80,54,0,18
YER139C,222,117,12,79
YER142C,64,54,0,4
YER144C,525,487,0,26
YER145C,355,298,0,30
YER147C,168,153,4,NA
YER149C,208,175,8,17
YER151C,746,695,7,14
YER152C,364,330,4,6
YER155C,1938,1890,NA,37
YER156C,665,571,0,56
YER158C,118,110,NA,8
YER159C,655,318,136,101
YER161C,213,153,0,43
YER162C,133,122,0,6
YER163C,301,246,0,17
YER168C,439,407,NA,14
YER172C,1271,1234,7,17
YER174C,194,174,NA,10
YER175C,275,205,0,60
YER180C,147,119,0,14
YER180C-A,76,38,3,15
YER181C,17,9,7,0
YER183C,161,132,NA,17
YER184C,261,231,NA,27
YER186C,280,182,43,42
YER188C-A,16,12,4,NA
YEL072W,185,100,23,43
YEL071W,1967,1769,5,85
YEL070W,41,33,NA,6
YEL066W,243,190,NA,26
YEL065W,421,376,3,22
YEL062W,212,197,0,14
YEL058W,1148,1043,0,38
YEL056W,300,274,6,NA
YEL052W,374,341,3,17
YEL051W,868,668,37,97
YEL049W,69,41,14,10
YEL044W,179,133,NA,32
YEL043W,696,653,5,24
YEL042W,726,582,51,49
YEL041W,139,122,11,NA
YEL040W,1971,1786,0,94
YEL038W,212,188,0,11
YEL034W,6520,5045,518,178
YEL033W,1932,1523,NA,NA
YEL032W,707,650,4,37
YEL031W,2284,2161,3,68
YEL030W,210,198,NA,6
YEL028W,142,40,75,21
YEL027W,3255,1690,146,1072
YEL026W,1070,653,196,94
YEL024W,1992,1054,116,679
YEL022W,880,863,NA,12
YEL021W,3688,2922,90,285
YEL020W-A,792,488,0,169
YEL018W,114,108,NA,5
YEL017W,316,280,0,16
YEL015W,672,619,8,24
YEL013W,1225,918,126,134
YEL012W,148,109,12,13
YEL011W,619,572,3,19
YEL008W,6,1,NA,5
YEL007W,954,895,NA,35
YEL006W,369,265,8,77
YEL004W,133,114,0,6
YEL003W,383,251,NA,78
YER001W,1162,1087,13,42
YER002W,360,267,14,39
YER004W,354,221,0,109
YER005W,348,311,7,19
YER006W,1009,934,21,24
YER007W,86,74,0,8
YER009W,1757,1093,36,391
YER011W,41,40,0,0
YER012W,822,561,58,120
YER013W,322,306,NA,8
YER014W,202,171,8,13
YER015W,210,181,NA,24
YER016W,232,201,NA,16
YER019W,273,260,NA,8
YER020W,393,322,18,37
YER021W,1418,1243,4,130
YER022W,360,323,0,19
YER023W,781,639,7,46
YER024W,290,273,NA,11
YER025W,2195,1798,40,247
YER030W,263,185,0,46
YER032W,429,368,6,45
YER034W,134,85,0,40
YER035W,425,267,27,84
YER037W,38,29,0,7
YER038W-A,20,8,2,10
YER040W,345,296,13,28
YER041W,275,240,10,13
YER042W,139,108,2,13
YER046W,141,56,69,4
YER048W-A,426,168,26,169
YER049W,1160,1051,17,48
YER051W,131,126,0,NA
YER058W,83,46,1,20
YER059W,269,209,36,13
YER060W,82,77,3,NA
YER060W-A,429,420,NA,8
YER063W,438,308,7,76
YER066W,211,95,88,19
YER067W,924,595,117,120
YER068W,448,391,15,14
YER069W,2170,1976,19,101
YER070W,4149,3770,24,273
YER072W,613,305,0,211
YER073W,1376,1058,63,172
YER074W,4869,3555,92,640
YER074W-A,198,129,0,43
YER076W-A,5,2,NA,2
YER079W,139,92,11,16
YER080W,546,499,1,24
YER081W,733,649,0,72
YER084W,14,7,NA,6
YER086W,1291,1161,12,53
YER087W,210,181,1,17
YER088W-B,23,0,22,NA
YER090W,1387,1231,35,57
YER092W,298,177,0,80
YER095W,452,369,NA,63
YER096W,29,23,NA,4
YER098W,213,193,NA,16
YER100W,323,214,51,38
YER102W,8230,7061,0,347
YER103W,374,328,15,23
YER104W,135,81,0,46
YER106W,7,3,NA,4
YER112W,349,269,28,24
YER117W,4940,3596,0,497
YER120W,895,712,24,80
YER121W,33,23,NA,9
YER123W,499,363,43,76
YER125W,1571,1301,NA,230
YER127W,410,327,0,41
YER128W,104,79,NA,14
YER129W,528,504,NA,18
YER131W,2878,2077,121,381
YER133W,1669,1109,32,432
YER136W,1007,756,48,142
YER138W-A,1263,636,NA,226
YER140W,196,166,NA,28
YER141W,889,722,9,130
YER143W,298,257,0,21
YER146W,275,148,24,53
YER148W,574,395,145,1
YER150W,200,123,13,32
YER154W,476,428,0,15
YER157W,383,361,3,5
YER158W-A,1,0,NA,1
YER164W,754,735,NA,14
YER165W,2723,2363,106,157
YER166W,1274,1229,NA,28
YER167W,572,479,72,0
YER169W,313,252,20,32
YER170W,190,102,6,71
YER171W,573,511,27,18
YER173W,288,280,1,NA
YER175W-A,44,3,NA,38
YER176W,422,388,1,19
YER177W,4043,3469,105,87
YER178W,2138,1773,23,212
YER179W,15,15,NA,0
YER182W,264,199,3,32
YER187W,15,4,8,3
YER188W,25,16,3,2
YFL057C,163,129,0,16
YFL054C,239,222,NA,6
YFL050C,507,371,94,33
YFL048C,751,664,2,43
YFL045C,2413,1764,132,293
YFL044C,390,263,0,102
YFL042C,232,217,0,7
YFL039C,8053,6548,730,395
YFL038C,1620,1239,18,182
YFL034C-B,225,167,10,32
YFL034C-A,1169,781,71,129
YFL033C,659,626,NA,26
YFL029C,130,115,NA,7
YFL028C,372,307,2,31
YFL027C,142,136,0,4
YFL025C,368,340,8,14
YFL024C,487,404,NA,75
YFL022C,1565,1419,10,74
YFL021C-A,14,10,4,NA
YFL020C,48,39,5,2
YFL018C,1707,1482,63,49
YFL017C,289,219,0,52
YFL016C,942,777,73,43
YFL013C,470,412,4,41
YFL010C,1026,687,12,234
YFL003C,27,22,NA,4
YFL002C,504,453,0,32
YFR003C,284,194,11,52
YFR005C,374,307,2,46
YFR011C,327,249,3,49
YFR014C,398,314,9,60
YFR015C,831,701,37,71
YFR016C,570,560,NA,2
YFR017C,211,156,11,19
YFR018C,276,234,1,22
YFR024C-A,549,453,0,61
YFR025C,283,238,0,19
YFR026C,151,47,76,15
YFR028C,499,455,6,7
YFR031C,512,501,NA,6
YFR031C-A,8721,7405,46,504
YFR032C-A,3393,1713,0,948
YFR033C,1125,508,255,261
YFR034C,234,213,6,NA
YFR037C,631,603,0,0
YFR039C,279,242,15,6
YFR041C,362,308,NA,36
YFR043C,109,89,0,4
YFR044C,1676,1506,0,48
YFR046C,137,126,NA,7
YFR047C,245,207,1,14
YFR050C,1017,758,41,116
YFR051C,1198,1096,2,48
YFR053C,4741,4363,268,NA
YFR054C,3,1,NA,2
YFL055W,99,77,NA,18
YFL053W,17,15,NA,2
YFL052W,90,69,0,17
YFL049W,537,488,4,34
YFL047W,370,346,0,13
YFL046W,164,134,0,20
YFL041W-A,80,11,63,2
YFL041W,293,261,0,20
YFL037W,1373,1196,39,77
YFL036W,918,894,NA,13
YFL034W,296,284,6,NA
YFL031W,3047,1797,NA,1086
YFL030W,95,87,NA,5
YFL026W,88,53,32,NA
YFL023W,261,238,0,15
YFL021W,898,893,NA,0
YFL017W-A,104,62,0,21
YFL014W,5606,2770,375,1614
YFL012W-A,2,1,NA,1
YFL012W,1,1,0,0
YFL011W,42,8,34,NA
YFL010W-A,9,2,4,NA
YFL009W,652,566,51,17
YFL008W,741,727,4,NA
YFL007W,1398,1342,34,8
YFL005W,666,422,95,72
YFL004W,739,700,7,16
YFL001W,169,152,NA,3
YFR001W,398,312,5,22
YFR002W,961,926,0,15
YFR004W,654,549,29,21
YFR006W,598,573,NA,11
YFR007W,127,116,0,4
YFR008W,192,138,1,43
YFR009W,1241,1113,42,41
YFR010W,978,847,33,47
YFR010W-A,0,0,0,0
YFR013W,453,402,8,26
YFR019W,982,966,NA,5
YFR020W,111,84,7,7
YFR021W,164,146,2,9
YFR022W,275,242,18,7
YFR023W,9,8,NA,0
YFR027W,76,57,0,14
YFR029W,170,161,3,3
YFR030W,671,633,14,7
YFR034W-A,180,48,NA,119
YFR038W,437,410,NA,19
YFR040W,597,587,NA,NA
YFR042W,154,128,2,12
YFR045W,135,125,0,NA
YFR048W,287,265,8,0
YFR049W,265,137,60,36
YFR052W,735,646,8,10
YFR055W,648,459,2,169
YGL257C,354,281,30,24
YGL252C,700,650,0,22
YGL251C,307,280,NA,26
YGL246C,375,305,3,46
YGL242C,278,196,22,36
YGL237C,225,177,19,18
YGL236C,285,269,0,5
YGL231C,548,440,0,56
YGL230C,4,4,0,0
YGL229C,122,110,6,5
YGL226C-A,277,124,15,76
YGL224C,262,194,27,17
YGL223C,322,307,NA,6
YGL222C,742,507,45,112
YGL221C,669,571,0,59
YGL219C,474,417,7,27
YGL213C,414,355,0,42
YGL206C,2668,2567,50,NA
YGL204C,142,26,8,102
YGL203C,504,464,18,11
YGL201C,599,533,10,45
YGL200C,818,567,31,138
YGL199C,9,5,3,0
YGL194C-A,107,23,34,32
YGL194C,257,235,6,NA
YGL193C,7,0,NA,7
YGL190C,858,576,167,71
YGL189C,5380,4032,0,603
YGL187C,899,573,132,76
YGL186C,329,307,4,6
YGL185C,193,167,0,16
YGL184C,34,28,NA,5
YGL182C,1,1,0,NA
YGL179C,61,58,1,NA
YGL176C,192,175,1,4
YGL175C,59,56,0,NA
YGL173C,3008,2903,NA,50
YGL167C,1558,1229,195,85
YGL165C,11,7,NA,0
YGL164C,202,187,6,NA
YGL163C,313,283,10,9
YGL161C,476,370,28,51
YGL154C,115,112,0,1
YGL152C,1,0,NA,NA
YGL150C,920,897,12,NA
YGL147C,7198,5694,0,721
YGL146C,53,47,3,NA
YGL144C,101,93,2,1
YGL143C,209,177,0,20
YGL142C,377,323,11,24
YGL140C,1025,966,NA,44
YGL136C,149,122,0,14
YGL131C,472,458,9,NA
YGL129C,478,376,20,42
YGL128C,106,84,NA,16
YGL127C,145,73,11,44
YGL124C,278,265,NA,13
YGL122C,714,644,0,41
YGL121C,190,125,0,42
YGL120C,791,748,5,0
YGL112C,520,449,12,34
YGL110C,312,291,0,12
YGL108C,143,78,3,42
YGL107C,551,513,0,22
YGL104C,217,189,NA,17
YGL095C,496,454,5,16
YGL094C,696,632,22,29
YGL091C,274,209,0,26
YGL089C,21,13,7,NA
YGL087C,407,269,7,82
YGL084C,486,437,9,24
YGL078C,876,742,32,67
YGL077C,1190,1042,83,38
YGL076C,9066,7245,17,1102
YGL075C,106,75,10,19
YGL072C,61,13,NA,43
YGL070C,428,208,5,156
YGL065C,356,327,5,7
YGL064C,213,203,0,NA
YGL063C-A,18,1,NA,17
YGL061C,154,116,15,14
YGL057C,125,104,NA,21
YGL056C,772,684,38,19
YGL054C,1030,573,57,313
YGL049C,975,882,33,45
YGL048C,1117,934,12,67
YGL044C,259,165,52,32
YGL040C,644,489,24,100
YGL038C,431,364,5,42
YGL037C,2189,1531,145,315
YGL035C,430,379,24,NA
YGL032C,2,1,0,0
YGL031C,5233,3943,154,689
YGL028C,1794,1276,187,253
YGL027C,540,502,0,22
YGL026C,2486,2272,0,88
YGL025C,209,191,NA,12
YGL023C,387,357,NA,22
YGL020C,363,298,24,23
YGL018C,127,102,4,12
YGL015C,10,4,2,4
YGL013C,605,583,NA,10
YGL011C,1003,770,10,146
YGL009C,5076,4494,114,284
YGL008C,36834,28431,2113,5088
YGL007C-A,493,2,44,435
YGL005C,236,167,4,51
YGL004C,138,121,NA,6
YGL003C,222,184,10,17
YGL001C,748,642,15,54
YGR001C,423,350,0,20
YGR002C,348,274,0,53
YGR005C,383,317,5,31
YGR008C,671,262,106,209
YGR009C,504,471,3,15
YGR015C,161,129,NA,31
YGR018C,3,1,0,1
YGR020C,765,380,110,155
YGR024C,354,317,8,NA
YGR027C,4339,2986,89,325
YGR030C,190,122,0,28
YGR033C,538,316,28,149
YGR035C,6,4,1,0
YGR036C,268,138,21,95
YGR037C,819,342,30,282
YGR043C,81,73,NA,6
YGR044C,458,352,NA,79
YGR045C,21,16,2,NA
YGR047C,332,323,NA,2
YGR050C,33,20,NA,9
YGR053C,27,23,2,1
YGR057C,264,151,14,80
YGR061C,2282,2235,NA,23
YGR062C,156,126,NA,16
YGR063C,296,172,2,67
YGR065C,509,446,28,18
YGR067C,41,38,NA,2
YGR068C,328,242,3,68
YGR071C,305,294,5,NA
YGR073C,32,32,NA,0
YGR075C,92,86,0,NA
YGR076C,247,198,3,21
YGR077C,301,284,0,4
YGR078C,331,219,10,61
YGR081C,302,252,NA,28
YGR083C,888,850,3,NA
YGR084C,439,409,NA,21
YGR085C,6409,5139,58,462
YGR086C,3191,2654,191,45
YGR087C,276,263,0,2
YGR095C,221,177,10,8
YGR098C,532,498,NA,31
YGR102C,226,145,0,59
YGR104C,190,158,0,23
YGR106C,929,706,52,98
YGR109C,188,156,6,15
YGR117C,423,354,0,52
YGR119C,771,701,23,19
YGR120C,222,166,3,43
YGR121C,194,166,0,18
YGR122C-A,258,196,1,48
YGR123C,428,364,7,32
YGR128C,718,642,10,33
YGR130C,1274,1091,40,91
YGR132C,879,623,23,162
YGR138C,690,610,46,19
YGR146C,265,137,66,37
YGR146C-A,14,1,0,13
YGR147C,297,244,6,33
YGR148C,4585,3515,136,482
YGR150C,445,416,0,18
YGR154C,234,147,34,36
YGR158C,290,210,13,46
YGR159C,2199,1832,65,193
YGR161C,728,578,52,39
YGR168C,296,269,1,10
YGR169C,118,99,2,8
YGR169C-A,555,126,41,318
YGR171C,188,169,0,10
YGR172C,502,389,11,60
YGR174C,183,150,NA,30
YGR175C,2795,2439,20,232
YGR177C,308,253,9,33
YGR178C,1601,1312,157,86
YGR179C,156,128,3,13
YGR180C,1572,1358,7,101
YGR182C,494,301,54,NA
YGR183C,930,297,63,355
YGR184C,1431,1408,NA,14
YGR185C,2204,1911,58,114
YGR187C,463,396,9,35
YGR188C,103,101,2,NA
YGR189C,5368,4726,121,274
YGR192C,40016,33913,556,2743
YGR193C,542,452,24,40
YGR194C,299,276,NA,16
YGR196C,282,273,1,NA
YGR197C,163,151,9,2
YGR200C,780,724,7,16
YGR201C,59,55,NA,3
YGR202C,371,329,0,30
YGR204C-A,8,4,3,NA
YGR207C,558,435,8,64
YGR209C,893,491,106,123
YGR210C,575,470,31,35
YGR213C,44,34,NA,9
YGR216C,348,320,0,13
YGR220C,555,474,0,38
YGR221C,101,90,5,4
YGR223C,250,234,NA,11
YGR229C,1099,894,163,NA
YGR231C,783,612,11,120
YGR233C,497,491,NA,2
YGR235C,436,356,9,39
YGR236C,7,3,NA,3
YGR237C,327,293,10,19
YGR238C,255,244,NA,5
YGR239C,203,159,0,30
YGR240C,6956,5923,495,334
YGR241C,448,365,53,15
YGR244C,882,780,34,38
YGR245C,849,794,23,14
YGR246C,339,287,0,38
YGR250C,618,536,58,11
YGR253C,1272,1083,46,88
YGR255C,393,351,13,10
YGR257C,281,226,27,13
YGR258C,296,288,0,0
YGR259C,70,32,19,15
YGR261C,789,718,12,25
YGR262C,286,222,3,28
YGR263C,74,59,0,9
YGR264C,2509,2339,0,106
YGR267C,720,472,151,36
YGR268C,273,127,1,136
YGR271C-A,196,169,NA,12
YGR274C,376,361,0,4
YGR276C,221,216,0,NA
YGR277C,244,207,0,17
YGR279C,4140,3206,199,562
YGR280C,380,252,3,92
YGR282C,6180,4737,81,908
YGR283C,229,192,4,13
YGR284C,811,605,17,145
YGR285C,2056,1825,0,71
YGR286C,90,75,6,6
YGR287C,124,108,5,7
YGR289C,271,196,50,17
YGL263W,3,3,0,0
YGL258W,20,0,18,2
YGL256W,620,371,187,35
YGL255W,370,307,10,26
YGL254W,228,125,0,93
YGL253W,3261,2755,58,312
YGL250W,113,83,NA,28
YGL248W,427,365,17,22
YGL247W,112,87,NA,11
YGL245W,3965,3715,0,99
YGL244W,542,511,9,NA
YGL243W,238,216,NA,13
YGL241W,537,508,0,14
YGL240W,50,35,NA,12
YGL238W,1648,1590,NA,33
YGL234W,1351,1268,0,38
YGL233W,581,548,2,14
YGL232W,270,236,0,18
YGL228W,786,673,10,57
YGL227W,397,360,3,22
YGL226W,90,67,NA,12
YGL225W,1341,1112,45,94
YGL220W,291,167,NA,116
YGL218W,1,1,NA,0
YGL216W,311,268,27,8
YGL215W,1367,855,269,192
YGL212W,92,84,1,3
YGL211W,417,360,4,25
YGL210W,245,191,0,31
YGL209W,172,148,3,16
YGL208W,159,127,1,15
YGL207W,1668,1594,44,NA
YGL205W,19,17,NA,2
YGL202W,1695,1389,130,75
YGL198W,436,372,0,23
YGL197W,1021,945,NA,66
YGL196W,201,177,4,10
YGL195W,5084,4965,NA,86
YGL192W,0,0,0,0
YGL191W,1879,1192,65,315
YGL181W,407,330,4,42
YGL180W,201,152,28,15
YGL178W,724,571,NA,144
YGL174W,104,86,0,15
YGL172W,494,445,1,25
YGL171W,433,390,10,24
YGL169W,249,214,13,5
YGL166W,140,101,0,25
YGL162W,136,99,16,10
YGL160W,395,342,14,28
YGL159W,166,146,0,10
YGL158W,13,10,1,2
YGL157W,838,683,20,73
YGL156W,421,404,NA,13
YGL155W,283,229,36,8
YGL153W,107,101,0,2
YGL151W,781,736,9,21
YGL148W,1231,1066,18,68
YGL145W,443,405,10,16
YGL141W,426,402,0,13
YGL139W,654,538,51,50
YGL137W,1792,1672,5,75
YGL135W,9679,7401,551,800
YGL134W,141,111,13,7
YGL133W,485,456,24,NA
YGL130W,299,254,5,26
YGL125W,2219,2019,117,NA
YGL123W,9267,6945,964,689
YGL119W,199,191,4,1
YGL117W,273,216,16,20
YGL116W,457,401,28,14
YGL115W,768,597,83,30
YGL114W,423,367,29,4
YGL113W,184,162,0,15
YGL111W,554,453,13,61
YGL109W,0,0,0,0
YGL106W,583,364,0,146
YGL105W,2753,2424,8,136
YGL103W,7314,5291,0,1286
YGL101W,332,237,2,68
YGL100W,508,430,12,42
YGL099W,315,304,0,4
YGL098W,344,146,2,176
YGL097W,743,653,13,33
YGL096W,85,74,NA,3
YGL093W,293,285,NA,3
YGL092W,1095,1068,NA,2
YGL090W,239,150,0,77
YGL088W,146,137,NA,9
YGL086W,449,435,NA,10
YGL085W,151,112,2,25
YGL083W,256,230,5,11
YGL082W,375,307,22,23
YGL081W,140,108,0,31
YGL080W,322,180,7,113
YGL079W,166,140,2,16
YGL073W,510,486,10,8
YGL071W,387,283,76,19
YGL068W,866,577,59,135
YGL067W,265,229,6,11
YGL066W,429,347,29,44
YGL063W,159,105,9,39
YGL062W,1721,1628,7,52
YGL060W,266,223,25,5
YGL059W,260,238,2,9
YGL058W,512,333,28,127
YGL055W,3711,3082,112,275
YGL050W,165,124,0,26
YGL047W,108,86,12,0
YGL045W,199,172,NA,23
YGL043W,710,551,5,110
YGL041W-A,231,155,0,55
YGL039W,161,129,7,14
YGL036W,778,745,13,NA
YGL033W,3,2,NA,1
YGL030W,5252,2754,519,1068
YGL029W,184,97,12,58
YGL022W,1504,1378,40,44
YGL021W,908,882,NA,21
YGL019W,369,253,28,33
YGL017W,162,146,0,6
YGL016W,511,469,9,22
YGL014W,774,736,NA,22
YGL012W,1184,1078,23,43
YGL010W,154,99,10,30
YGL007W,7,1,NA,5
YGL006W-A,116,12,NA,100
YGL006W,969,932,NA,29
YGL002W,174,133,0,30
YGR003W,386,333,1,38
YGR004W,169,137,3,23
YGR006W,75,66,NA,NA
YGR007W,449,374,0,46
YGR012W,208,186,0,8
YGR013W,248,217,1,20
YGR014W,2121,2048,NA,54
YGR016W,113,74,NA,27
YGR017W,336,236,45,34
YGR019W,648,563,7,50
YGR021W,212,186,2,13
YGR023W,361,303,20,33
YGR026W,489,390,NA,74
YGR028W,360,292,5,39
YGR029W,294,230,NA,39
YGR031W,411,218,8,176
YGR032W,3030,2944,NA,40
YGR034W,4154,2882,110,806
YGR038W,394,282,54,25
YGR039W,35,25,NA,6
YGR040W,328,215,1,102
YGR041W,261,193,35,23
YGR042W,252,205,0,24
YGR046W,426,299,21,85
YGR048W,354,311,4,19
YGR049W,367,242,18,84
YGR052W,131,100,NA,22
YGR054W,1402,1170,115,69
YGR055W,2541,2286,10,138
YGR056W,456,429,3,12
YGR058W,201,138,0,48
YGR059W,7,5,NA,1
YGR060W,2081,1797,95,6
YGR064W,19,12,4,2
YGR070W,1020,1012,NA,NA
YGR072W,241,218,12,NA
YGR074W,300,161,0,119
YGR079W,358,336,NA,18
YGR080W,469,401,0,29
YGR082W,639,409,42,102
YGR088W,620,557,3,26
YGR089W,449,424,NA,14
YGR090W,1411,1265,92,27
YGR091W,113,98,1,10
YGR092W,709,589,16,72
YGR093W,299,262,4,11
YGR094W,4882,4754,NA,76
YGR096W,50,44,4,2
YGR097W,901,839,NA,42
YGR099W,255,236,NA,7
YGR100W,595,542,15,25
YGR101W,210,186,1,13
YGR103W,1446,1279,11,99
YGR105W,179,84,25,47
YGR107W,10,5,NA,5
YGR108W,1040,780,124,94
YGR110W,89,74,1,7
YGR111W,570,475,13,47
YGR112W,187,147,4,28
YGR113W,293,222,17,41
YGR116W,1697,1671,3,NA
YGR118W,5545,3931,59,1053
YGR121W-A,8,6,NA,0
YGR122W,117,85,3,22
YGR124W,3373,3085,23,144
YGR125W,775,719,17,23
YGR127W,213,153,11,38
YGR129W,94,71,1,10
YGR131W,52,38,NA,5
YGR133W,106,73,NA,31
YGR134W,255,226,15,9
YGR135W,1091,863,59,70
YGR137W,469,310,NA,94
YGR139W,84,10,74,NA
YGR140W,321,315,NA,5
YGR141W,219,192,0,13
YGR142W,358,283,29,29
YGR143W,662,575,NA,71
YGR145W,627,580,8,12
YGR149W,636,545,21,42
YGR153W,89,73,NA,12
YGR155W,4059,3471,19,335
YGR156W,266,220,22,13
YGR157W,3674,3300,200,81
YGR160W,67,67,NA,NA
YGR161W-C,260,93,13,106
YGR162W,2331,2012,NA,276
YGR163W,298,248,16,11
YGR165W,560,424,25,62
YGR166W,311,282,10,11
YGR167W,818,637,17,89
YGR170W,549,490,11,38
YGR173W,604,513,27,5
YGR174W-A,89,1,66,9
YGR181W,260,142,14,72
YGR186W,696,667,0,8
YGR191W,854,673,88,75
YGR195W,434,325,53,30
YGR198W,452,411,2,21
YGR199W,508,502,4,NA
YGR203W,131,82,4,31
YGR204W,1853,1745,21,40
YGR205W,215,172,18,13
YGR206W,87,53,1,21
YGR208W,278,209,12,33
YGR211W,1003,824,36,99
YGR212W,162,78,NA,82
YGR214W,5130,4426,0,272
YGR215W,356,231,10,64
YGR217W,592,574,12,NA
YGR218W,2211,1844,197,125
YGR222W,308,273,NA,14
YGR224W,5,4,0,1
YGR225W,29,25,3,0
YGR227W,313,279,6,20
YGR230W,121,72,6,32
YGR232W,341,277,2,27
YGR234W,13684,10669,0,2199
YGR243W,277,172,48,10
YGR247W,181,119,36,11
YGR248W,185,155,0,18
YGR249W,30,22,1,6
YGR251W,99,78,2,NA
YGR252W,289,232,8,29
YGR254W,19256,17580,154,935
YGR256W,108,94,NA,9
YGR260W,428,374,NA,31
YGR266W,382,356,3,15
YGR270W,1389,1359,NA,13
YGR271W,622,611,NA,8
YGR278W,272,247,0,7
YGR281W,817,752,32,26
YGR288W,219,150,6,53
YGR292W,101,90,0,7
YHL047C,263,223,0,36
YHL046C,59,43,11,5
YHL040C,336,266,20,34
YHL038C,278,242,2,21
YHL037C,13,7,3,0
YHL035C,889,839,NA,37
YHL034C,1269,888,143,154
YHL033C,5436,4082,0,1074
YHL032C,413,387,5,10
YHL031C,283,235,2,14
YHL029C,325,308,0,4
YHL026C,122,90,14,10
YHL023C,500,481,4,3
YHL022C,16,16,NA,0
YHL021C,845,734,20,47
YHL020C,483,398,24,27
YHL019C,252,233,0,8
YHL016C,322,302,NA,12
YHL014C,157,151,0,0
YHL013C,177,149,2,13
YHL011C,1178,857,82,142
YHL010C,154,130,0,17
YHL009C,181,135,5,27
YHL008C,130,101,0,23
YHL007C,710,615,41,32
YHL006C,102,48,NA,46
YHL003C,833,607,47,124
YHL002C-A,19,2,17,NA
YHR003C,392,350,0,19
YHR004C,171,148,15,NA
YHR005C,556,488,10,36
YHR005C-A,829,374,48,304
YHR007C,4718,3745,235,570
YHR007C-A,23,4,NA,8
YHR008C,1030,855,17,58
YHR009C,685,535,101,26
YHR013C,394,293,5,52
YHR016C,275,230,10,19
YHR018C,2534,2097,50,245
YHR019C,2884,2573,53,126
YHR021C,3436,1835,283,565
YHR022C,195,119,4,54
YHR022C-A,26,2,NA,24
YHR024C,482,394,0,66
YHR027C,2319,2143,31,62
YHR028C,1092,1041,0,32
YHR029C,171,104,0,53
YHR030C,1336,1151,77,73
YHR031C,275,245,2,20
YHR032C-A,2,0,2,NA
YHR034C,110,94,3,0
YHR039C,1236,1122,28,34
YHR039C-A,1168,662,32,231
YHR041C,150,116,0,14
YHR043C,285,232,18,21
YHR044C,150,130,6,7
YHR046C,232,154,5,48
YHR047C,407,354,1,38
YHR049C-A,114,6,NA,106
YHR056C,650,641,1,NA
YHR057C,215,185,0,20
YHR058C,162,137,1,5
YHR061C,163,119,10,25
YHR062C,262,221,2,15
YHR063C,551,477,5,28
YHR064C,2752,2452,46,135
YHR065C,791,709,11,37
YHR069C,463,367,0,59
YHR071C-A,8,8,0,0
YHR073C-B,0,0,0,0
YHR075C,120,108,2,3
YHR077C,1017,969,7,20
YHR079C,333,279,26,21
YHR080C,526,503,17,NA
YHR082C,1179,1103,NA,56
YHR089C,753,568,13,116
YHR090C,287,188,13,67
YHR091C,293,276,1,10
YHR092C,2057,1919,51,21
YHR094C,1459,1335,13,52
YHR096C,137,132,NA,5
YHR097C,218,194,10,NA
YHR098C,1200,1093,19,47
YHR100C,83,53,8,10
YHR101C,153,132,NA,17
YHR107C,637,529,22,53
YHR112C,348,289,2,43
YHR115C,474,415,42,NA
YHR118C,199,176,0,10
YHR129C,198,162,13,8
YHR130C,31,27,NA,0
YHR131C,284,278,1,NA
YHR132C,686,619,13,34
YHR133C,451,337,0,79
YHR135C,877,738,52,40
YHR136C,6,5,NA,1
YHR138C,168,99,13,26
YHR139C,25,12,NA,12
YHR141C,4871,3458,51,462
YHR144C,157,138,1,6
YHR145C,1115,724,64,NA
YHR147C,484,363,21,52
YHR149C,387,342,13,17
YHR151C,177,144,13,9
YHR153C,70,63,NA,4
YHR156C,80,74,2,2
YHR158C,653,620,NA,21
YHR161C,579,525,16,15
YHR164C,335,323,NA,9
YHR165C,1177,1137,16,12
YHR166C,146,132,5,7
YHR173C,8,3,NA,5
YHR180C-B,13,0,0,11
YHR182C-A,0,0,0,0
YHR185C,2,1,NA,0
YHR186C,662,644,3,NA
YHR188C,481,439,0,9
YHR191C,73,42,3,12
YHR193C,2023,1584,56,145
YHR193C-A,0,0,0,0
YHR198C,324,274,NA,35
YHR199C,369,330,0,22
YHR201C,310,267,1,15
YHR203C,9710,8448,179,708
YHR210C,54,44,3,3
YHL048W,818,766,0,19
YHL045W,4,1,2,0
YHL044W,49,37,0,9
YHL043W,2,2,NA,NA
YHL042W,54,18,NA,34
YHL041W,17,1,16,NA
YHL039W,383,344,8,12
YHL036W,109,97,2,5
YHL030W,804,798,NA,4
YHL028W,138,130,1,3
YHL027W,653,546,32,50
YHL025W,359,294,11,38
YHL024W,979,957,NA,3
YHL017W,363,328,0,17
YHL015W,5095,3732,179,443
YHL012W,9,9,NA,NA
YHL006W-A,2,0,1,0
YHL004W,479,379,29,44
YHL002W,405,359,5,11
YHL001W,3816,2902,0,439
YHR001W,473,410,1,32
YHR001W-A,1119,368,114,401
YHR002W,133,97,17,6
YHR006W,662,591,4,30
YHR010W,5379,3953,151,625
YHR011W,125,118,0,3
YHR012W,318,238,0,39
YHR015W,33,28,NA,3
YHR017W,223,206,0,11
YHR020W,2538,2348,35,70
YHR021W-A,0,0,0,0
YHR023W,993,976,NA,10
YHR025W,1159,983,26,70
YHR026W,1271,815,165,212
YHR028W-A,44,28,NA,16
YHR032W,550,512,13,NA
YHR032W-A,114,45,5,37
YHR033W,821,673,0,91
YHR035W,65,64,0,NA
YHR036W,175,103,17,50
YHR037W,1343,1141,34,95
YHR038W,203,175,0,16
YHR040W,146,131,0,12
YHR042W,909,825,8,37
YHR045W,304,252,25,7
YHR048W,128,96,11,18
YHR049W,1378,1080,29,132
YHR050W,472,388,47,21
YHR051W,1007,643,NA,306
YHR052W,1026,859,21,83
YHR056W-A,5,1,NA,4
YHR059W,296,179,14,57
YHR060W,186,144,NA,21
YHR066W,576,497,1,47
YHR067W,241,187,6,38
YHR068W,1031,877,31,59
YHR070W,480,327,0,133
YHR071W,765,400,321,NA
YHR072W,1268,1148,29,38
YHR072W-A,680,228,66,214
YHR073W,799,739,NA,40
YHR074W,953,871,14,48
YHR076W,286,220,10,32
YHR078W,379,356,0,14
YHR081W,250,179,0,44
YHR083W,231,205,0,9
YHR084W,445,337,58,38
YHR085W,140,113,0,7
YHR086W,511,372,58,56
YHR087W,1949,806,204,655
YHR088W,277,229,1,25
YHR099W,2683,2649,21,NA
YHR102W,465,439,NA,18
YHR103W,724,641,39,29
YHR104W,1885,1431,83,254
YHR105W,64,55,4,1
YHR106W,186,154,NA,20
YHR108W,1104,984,12,61
YHR109W,164,156,0,5
YHR110W,323,244,6,51
YHR111W,230,213,NA,10
YHR113W,468,414,0,30
YHR114W,370,348,11,NA
YHR116W,136,100,NA,34
YHR117W,502,454,7,18
YHR119W,608,571,NA,22
YHR120W,264,258,NA,3
YHR121W,390,283,27,48
YHR122W,242,174,0,45
YHR123W,408,343,0,48
YHR124W,17,17,NA,0
YHR127W,224,160,3,50
YHR128W,612,407,6,150
YHR132W-A,282,161,14,61
YHR134W,175,143,NA,22
YHR137W,1086,984,10,53
YHR140W,6,6,0,0
YHR142W,677,554,49,30
YHR143W,1793,1182,316,217
YHR143W-A,668,262,19,295
YHR146W,815,765,15,NA
YHR148W,397,230,6,135
YHR150W,246,211,3,21
YHR152W,322,222,5,50
YHR154W,595,581,2,NA
YHR155W,555,501,12,28
YHR157W,29,21,0,5
YHR159W,168,139,6,17
YHR162W,2873,1320,844,358
YHR163W,602,486,2,76
YHR167W,120,89,9,11
YHR168W,180,152,3,19
YHR169W,267,217,7,23
YHR170W,842,747,11,49
YHR171W,114,106,0,5
YHR172W,251,197,7,43
YHR174W,27406,24255,228,1883
YHR176W,81,67,NA,13
YHR177W,84,51,NA,31
YHR178W,171,148,2,13
YHR179W,941,821,17,55
YHR180W,31,22,7,NA
YHR181W,288,238,7,21
YHR182W,139,131,0,3
YHR183W,6886,5902,298,340
YHR184W,22,19,NA,3
YHR187W,189,162,2,14
YHR190W,2239,1882,60,141
YHR192W,245,210,1,16
YHR194W,265,239,2,14
YHR195W,316,213,35,49
YHR196W,652,580,16,16
YHR197W,593,569,0,12
YHR200W,542,458,0,37
YHR202W,99,91,1,2
YHR204W,530,498,7,14
YHR205W,1359,1088,184,49
YHR206W,548,461,61,6
YHR208W,3843,3292,0,322
YHR209W,621,524,8,35
YHR211W,1263,1227,NA,22
YHR215W,256,238,NA,11
YHR216W,516,460,7,19
YIL169C,465,454,1,NA
YIL166C,78,26,NA,52
YIL165C,101,57,NA,36
YIL163C,98,4,NA,94
YIL160C,17,17,NA,0
YIL157C,317,218,NA,72
YIL155C,625,521,9,68
YIL154C,244,198,2,23
YIL151C,488,480,NA,4
YIL150C,90,85,2,1
YIL149C,684,664,NA,9
YIL147C,595,547,NA,32
YIL146C,187,115,48,18
YIL145C,353,261,0,76
YIL143C,459,442,3,NA
YIL139C,79,71,0,6
YIL138C,634,286,0,306
YIL137C,675,633,0,27
YIL135C,369,317,8,31
YIL134C-A,22,11,11,NA
YIL133C,3176,2719,0,132
YIL132C,96,46,NA,46
YIL131C,386,319,9,39
YIL129C,1152,1123,NA,21
YIL127C,246,180,4,32
YIL119C,306,250,41,NA
YIL117C,533,432,28,37
YIL115C,1290,1252,NA,23
YIL114C,93,84,3,1
YIL109C,2125,1919,42,90
YIL107C,338,314,10,0
YIL105C,725,684,25,1
YIL104C,229,202,1,16
YIL102C-A,223,69,17,110
YIL101C,267,255,NA,6
YIL098C,183,130,0,22
YIL096C,152,138,NA,6
YIL094C,1458,1300,9,86
YIL093C,282,200,27,32
YIL091C,491,464,0,20
YIL088C,421,381,0,20
YIL087C,161,125,0,12
YIL085C,446,429,1,NA
YIL084C,162,146,7,NA
YIL083C,319,260,21,13
YIL079C,166,152,0,7
YIL077C,243,212,0,24
YIL075C,2382,2311,13,NA
YIL074C,453,419,5,6
YIL073C,123,115,NA,5
YIL071C,188,154,NA,25
YIL070C,570,464,13,59
YIL069C,4281,3140,74,640
YIL068C,438,409,6,13
YIL067C,180,162,5,6
YIL066C,197,181,NA,11
YIL065C,285,199,13,39
YIL063C,399,351,8,21
YIL062C,869,662,18,64
YIL061C,115,99,0,3
YIL059C,594,50,52,480
YIL057C,2,2,0,0
YIL055C,150,141,NA,7
YIL052C,3673,2606,86,226
YIL051C,1341,857,30,231
YIL047C,715,693,0,NA
YIL044C,319,255,4,34
YIL043C,871,761,0,52
YIL042C,165,148,0,10
YIL038C,768,639,80,32
YIL037C,4,4,NA,0
YIL035C,585,472,25,69
YIL034C,624,535,0,34
YIL033C,700,531,51,88
YIL030C,1014,978,NA,22
YIL029C,118,57,18,35
YIL027C,346,261,5,26
YIL026C,599,561,3,30
YIL023C,563,480,0,45
YIL020C,124,115,0,NA
YIL017C,338,330,4,NA
YIL014C-A,20,8,4,4
YIL013C,244,218,NA,22
YIL009C-A,185,154,0,4
YIL007C,181,131,3,33
YIL004C,175,130,0,34
YIL002C,443,396,29,5
YIR001C,239,140,8,75
YIR002C,426,388,10,18
YIR006C,1874,1833,NA,21
YIR008C,291,254,5,17
YIR011C,303,255,0,32
YIR013C,4,2,NA,1
YIR017C,48,26,NA,17
YIR018C-A,158,49,105,NA
YIR019C,816,806,NA,6
YIR020C,17,0,0,17
YIR024C,89,61,0,9
YIR026C,313,276,4,17
YIR027C,16,14,NA,2
YIR030C,17,13,1,1
YIR031C,608,552,18,24
YIR032C,178,145,8,13
YIR034C,816,701,20,40
YIR035C,356,299,0,32
YIR036C,217,187,2,13
YIR038C,430,331,1,67
YIR039C,341,305,NA,26
YIR042C,165,118,16,21
YIL162W,498,446,NA,46
YIL161W,169,151,0,7
YIL159W,218,208,NA,6
YIL158W,261,213,0,34
YIL156W-B,211,126,NA,46
YIL156W,351,332,NA,16
YIL153W,254,229,0,5
YIL152W,114,107,0,3
YIL148W,6164,4807,0,490
YIL144W,336,293,7,20
YIL142W,1199,1118,6,17
YIL140W,779,731,NA,28
YIL136W,454,373,13,25
YIL134W,121,108,1,4
YIL130W,870,830,28,NA
YIL128W,529,523,NA,NA
YIL126W,963,902,8,33
YIL125W,2149,1998,NA,114
YIL124W,965,784,6,101
YIL123W,2216,1646,28,464
YIL122W,126,106,NA,17
YIL121W,255,228,NA,20
YIL120W,118,97,NA,17
YIL118W,466,345,42,52
YIL116W,493,476,5,NA
YIL113W,58,47,3,5
YIL112W,416,413,1,NA
YIL111W,232,179,7,11
YIL110W,390,327,6,43
YIL108W,675,634,2,14
YIL106W,436,395,0,16
YIL103W,250,211,6,11
YIL100W,66,44,9,NA
YIL099W,46,42,NA,3
YIL097W,213,201,0,7
YIL095W,270,245,12,4
YIL092W,144,131,2,6
YIL090W,539,408,21,88
YIL089W,30,27,0,2
YIL078W,4084,3858,38,56
YIL076W,1016,852,0,95
YIL066W-A,2,1,NA,1
YIL064W,168,156,NA,5
YIL056W,280,266,NA,8
YIL054W,11,3,6,1
YIL053W,3624,2800,58,423
YIL050W,439,348,33,32
YIL049W,138,126,NA,9
YIL048W,656,585,39,19
YIL046W-A,4,1,2,1
YIL046W,329,307,0,13
YIL045W,136,125,3,4
YIL041W,1102,944,3,51
YIL040W,253,182,0,39
YIL039W,478,436,1,19
YIL036W,651,554,40,41
YIL031W,373,323,39,NA
YIL028W,159,29,43,82
YIL022W,792,558,49,143
YIL021W,548,450,18,40
YIL019W,222,180,0,23
YIL018W,10614,9047,76,678
YIL016W,134,100,4,8
YIL015W,14,14,NA,0
YIL014W,345,292,27,9
YIL011W,28,23,2,1
YIL010W,225,167,3,31
YIL009W,730,615,0,81
YIL008W,147,82,9,39
YIL006W,116,95,NA,16
YIL005W,447,383,16,40
YIL003W,166,138,7,10
YIL002W-A,303,140,11,66
YIL001W,147,133,3,2
YIR003W,572,543,0,13
YIR004W,388,337,0,24
YIR005W,106,91,1,7
YIR007W,230,218,0,8
YIR009W,209,77,12,105
YIR010W,223,201,7,10
YIR012W,710,625,7,33
YIR014W,57,51,0,0
YIR016W,202,181,0,13
YIR018W,105,83,0,8
YIR021W,240,212,5,14
YIR022W,318,247,NA,50
YIR023W,565,537,NA,17
YIR025W,87,81,0,6
YIR028W,36,33,NA,3
YIR029W,74,71,NA,2
YIR033W,502,488,NA,7
YIR037W,609,401,61,78
YIR041W,131,26,90,9
YJL216C,102,93,NA,8
YJL215C,164,32,128,NA
YJL212C,853,776,9,29
YJL208C,350,293,15,23
YJL207C,949,937,0,NA
YJL206C,103,96,NA,1
YJL205C,63,24,0,24
YJL204C,406,379,5,8
YJL202C,0,0,0,0
YJL200C,1341,1216,8,57
YJL199C,58,38,NA,18
YJL196C,464,379,1,56
YJL192C,451,341,19,46
YJL190C,4700,2932,0,1020
YJL187C,414,372,15,16
YJL185C,88,70,NA,16
YJL180C,309,273,0,25
YJL178C,419,324,6,53
YJL176C,561,493,8,45
YJL173C,203,142,0,31
YJL171C,992,819,13,96
YJL170C,0,0,0,0
YJL168C,460,400,12,31
YJL165C,496,454,31,NA
YJL164C,198,163,22,8
YJL163C,88,78,5,2
YJL162C,217,198,0,9
YJL160C,18,11,7,NA
YJL158C,5805,4494,150,756
YJL157C,640,584,NA,42
YJL156C,470,394,NA,69
YJL155C,398,314,31,34
YJL154C,954,918,NA,14
YJL153C,207,189,NA,14
YJL151C,958,669,23,120
YJL147C,141,116,3,15
YJL139C,179,140,6,25
YJL138C,6556,5741,85,446
YJL137C,71,56,3,8
YJL136C,4640,2661,110,1004
YJL133C-A,792,390,0,291
YJL131C,114,106,0,7
YJL130C,12191,11993,NA,119
YJL129C,466,423,37,NA
YJL128C,588,494,64,11
YJL127C-B,388,82,47,171
YJL127C,260,197,2,54
YJL125C,219,192,3,6
YJL124C,585,305,111,104
YJL123C,621,592,0,NA
YJL121C,298,237,3,21
YJL119C,25,9,4,9
YJL116C,186,158,NA,22
YJL110C,636,577,17,22
YJL109C,2568,2515,4,10
YJL108C,253,202,NA,40
YJL107C,272,244,12,NA
YJL103C,148,121,13,10
YJL101C,387,339,16,25
YJL094C,370,343,3,16
YJL093C,485,451,NA,25
YJL091C,465,423,0,22
YJL090C,319,304,NA,9
YJL087C,304,269,NA,31
YJL084C,542,489,16,17
YJL081C,542,472,0,48
YJL080C,2099,2000,NA,73
YJL079C,961,644,116,140
YJL078C,912,800,10,86
YJL077C,11,6,NA,5
YJL074C,624,606,NA,12
YJL072C,242,156,3,60
YJL070C,250,242,NA,5
YJL069C,435,404,0,15
YJL068C,374,304,0,37
YJL066C,358,256,7,70
YJL065C,334,228,4,53
YJL063C,354,271,2,32
YJL058C,109,103,0,3
YJL057C,262,243,1,7
YJL056C,223,211,NA,7
YJL048C,660,543,26,47
YJL047C-A,34,2,2,28
YJL047C,309,283,8,7
YJL044C,522,426,6,63
YJL039C,1522,1378,31,89
YJL038C,14,10,NA,4
YJL035C,98,83,0,8
YJL031C,132,117,NA,9
YJL029C,515,482,7,13
YJL027C,4,2,0,2
YJL024C,277,177,4,64
YJL023C,175,162,NA,7
YJL020C,1472,1345,17,80
YJL015C,12,1,NA,10
YJL013C,239,202,NA,28
YJL012C,752,709,0,18
YJL011C,140,83,8,27
YJL010C,459,432,3,4
YJL008C,1430,1201,32,113
YJL006C,169,148,2,5
YJL004C,303,183,0,108
YJL002C,1183,1052,20,73
YJR003C,300,277,0,14
YJR004C,550,502,NA,35
YJR009C,25648,22869,258,733
YJR010C-A,143,59,0,59
YJR011C,61,53,0,5
YJR012C,51,37,NA,13
YJR016C,4247,4000,0,132
YJR017C,378,221,4,113
YJR019C,130,121,0,6
YJR021C,174,147,3,17
YJR025C,155,116,2,19
YJR030C,293,276,3,NA
YJR031C,607,571,11,17
YJR033C,508,504,0,NA
YJR036C,103,99,NA,3
YJR041C,697,642,5,28
YJR043C,192,158,7,15
YJR044C,303,179,33,62
YJR045C,7187,6028,394,562
YJR047C,755,755,0,0
YJR049C,411,369,0,22
YJR056C,197,120,37,22
YJR058C,120,108,0,2
YJR062C,420,304,0,94
YJR065C,1485,1298,8,110
YJR067C,137,89,NA,36
YJR069C,362,267,12,45
YJR070C,721,589,8,69
YJR072C,470,407,7,21
YJR073C,1734,1328,22,156
YJR076C,625,519,21,40
YJR077C,1548,1238,7,221
YJR080C,563,483,0,42
YJR082C,202,111,29,49
YJR083C,204,170,0,15
YJR085C,412,212,33,66
YJR088C,385,319,8,38
YJR090C,650,593,37,15
YJR091C,711,646,1,55
YJR093C,228,197,9,13
YJR094C,31,29,NA,1
YJR098C,100,85,NA,11
YJR100C,243,201,2,22
YJR102C,102,70,0,22
YJR104C,3283,2502,197,288
YJR109C,3954,3727,37,89
YJR111C,158,141,NA,13
YJR113C,461,378,16,27
YJR118C,202,145,20,17
YJR119C,123,114,NA,5
YJR124C,213,175,2,21
YJR125C,599,533,17,13
YJR126C,359,343,NA,8
YJR127C,633,622,NA,8
YJR129C,106,88,0,1
YJR130C,551,496,1,46
YJR134C,402,375,6,10
YJR135C,85,83,0,NA
YJR136C,203,194,NA,7
YJR137C,601,577,NA,20
YJR139C,2002,1704,61,106
YJR140C,602,515,NA,87
YJR143C,1619,1442,39,69
YJR145C,9794,8902,0,522
YJR150C,5,5,0,0
YJR151C,445,366,77,NA
YJR156C,141,112,NA,25
YJR161C,1623,1183,NA,356
YJL218W,15,8,1,5
YJL217W,263,210,0,20
YJL214W,105,56,NA,47
YJL213W,37,34,NA,1
YJL210W,248,205,7,11
YJL209W,231,207,8,5
YJL203W,130,102,1,12
YJL201W,396,368,1,7
YJL198W,591,550,7,18
YJL197W,527,506,5,7
YJL194W,272,231,2,15
YJL193W,148,129,NA,14
YJL191W,2576,2330,11,100
YJL189W,4728,1768,139,1531
YJL186W,1158,1052,8,62
YJL184W,203,130,12,21
YJL183W,605,510,25,22
YJL181W,190,176,0,6
YJL179W,293,147,19,65
YJL177W,2885,2254,0,255
YJL175W,0,0,0,0
YJL174W,950,661,110,99
YJL172W,1038,973,4,31
YJL167W,3211,2745,111,151
YJL166W,1170,531,126,370
YJL161W,241,175,0,45
YJL159W,26563,20514,695,4351
YJL152W,24,5,4,14
YJL150W,30,9,18,NA
YJL149W,291,278,NA,5
YJL148W,557,410,18,79
YJL146W,241,188,19,24
YJL145W,261,210,3,13
YJL144W,88,39,4,35
YJL143W,712,287,18,317
YJL140W,500,381,37,35
YJL136W-A,0,0,0,0
YJL134W,288,269,NA,0
YJL133W,256,188,18,31
YJL132W,197,183,0,9
YJL126W,128,112,0,13
YJL122W,270,177,0,51
YJL118W,102,71,NA,29
YJL117W,374,342,5,3
YJL115W,224,156,17,31
YJL112W,464,418,4,29
YJL111W,1278,1106,21,103
YJL106W,306,203,98,NA
YJL104W,412,217,1,139
YJL102W,262,245,0,12
YJL100W,239,216,2,9
YJL099W,217,194,12,NA
YJL098W,684,620,45,NA
YJL097W,413,333,15,16
YJL096W,348,267,11,32
YJL095W,391,386,NA,2
YJL092W,414,397,NA,11
YJL088W,1268,1063,2,81
YJL085W,320,291,10,12
YJL083W,162,133,1,20
YJL082W,625,531,11,60
YJL077W-B,323,11,265,35
YJL077W-A,64,8,21,25
YJL076W,1309,1241,NA,45
YJL073W,299,267,10,10
YJL071W,311,279,5,17
YJL062W-A,391,196,5,117
YJL062W,418,393,2,11
YJL061W,665,596,13,31
YJL060W,362,327,0,15
YJL059W,158,121,6,14
YJL055W,479,409,0,38
YJL054W,430,386,0,18
YJL053W,335,259,22,31
YJL052W,10555,9802,34,53
YJL051W,330,316,7,NA
YJL050W,1145,1087,10,13
YJL049W,300,257,2,18
YJL046W,207,190,1,9
YJL045W,18,13,NA,4
YJL043W,13,2,NA,11
YJL042W,726,707,9,NA
YJL041W,939,849,10,48
YJL037W,14,6,NA,8
YJL036W,285,223,23,27
YJL034W,6071,5134,102,524
YJL033W,592,571,1,NA
YJL030W,108,98,2,0
YJL028W,38,1,NA,37
YJL026W,992,811,28,81
YJL025W,166,134,11,11
YJL022W,29,5,NA,24
YJL019W,296,248,3,41
YJL016W,520,416,63,28
YJL014W,1194,1059,7,66
YJL005W,1375,1334,27,NA
YJL003W,167,79,9,55
YJL001W,633,448,19,103
YJR001W,887,788,21,46
YJR002W,818,643,4,137
YJR005W,607,529,9,46
YJR006W,455,421,0,18
YJR007W,1480,1122,102,160
YJR008W,556,454,25,29
YJR010W,188,169,NA,14
YJR013W,254,230,3,11
YJR014W,587,431,13,79
YJR015W,723,670,0,36
YJR018W,4,1,3,NA
YJR020W,17,2,15,0
YJR032W,322,281,0,21
YJR034W,132,86,14,15
YJR035W,288,273,NA,9
YJR039W,284,283,NA,NA
YJR040W,362,332,2,10
YJR042W,818,760,2,29
YJR046W,346,330,0,8
YJR048W,1410,701,80,421
YJR050W,178,100,2,62
YJR051W,330,290,1,16
YJR052W,304,288,NA,7
YJR053W,82,79,1,NA
YJR054W,153,136,7,2
YJR055W,83,48,0,32
YJR057W,177,143,0,24
YJR059W,974,931,28,NA
YJR060W,438,264,6,138
YJR061W,235,215,NA,19
YJR063W,368,240,19,76
YJR064W,1057,985,8,15
YJR066W,938,923,3,NA
YJR068W,301,262,3,14
YJR074W,312,267,NA,39
YJR075W,569,468,23,50
YJR078W,23,22,0,NA
YJR079W,15,9,NA,6
YJR084W,182,161,1,4
YJR089W,285,276,6,NA
YJR092W,1054,1016,NA,25
YJR094W-A,4206,2135,0,1357
YJR095W,10,6,1,2
YJR096W,255,222,NA,15
YJR097W,79,51,5,11
YJR099W,159,106,18,19
YJR101W,580,428,43,70
YJR103W,355,321,8,19
YJR105W,2286,2044,38,56
YJR106W,273,269,NA,NA
YJR107W,87,76,NA,6
YJR108W,82,27,NA,53
YJR110W,248,217,9,17
YJR112W,85,68,6,4
YJR112W-A,113,71,3,23
YJR115W,454,437,NA,15
YJR116W,102,79,4,12
YJR117W,985,849,8,79
YJR120W,694,214,NA,372
YJR121W,5984,5111,0,710
YJR122W,224,209,3,6
YJR123W,10580,8403,47,1113
YJR131W,333,312,3,9
YJR132W,605,566,6,16
YJR133W,364,268,11,44
YJR135W-A,386,223,0,86
YJR138W,474,459,NA,10
YJR141W,122,93,1,15
YJR142W,268,217,0,29
YJR144W,450,382,0,29
YJR147W,191,141,NA,46
YJR148W,591,535,10,14
YJR149W,113,99,NA,3
YJR152W,303,201,92,4
YJR153W,26,15,9,1
YJR154W,114,83,19,NA
YJR155W,149,131,NA,8
YKL222C,350,305,3,35
YKL220C,182,158,NA,20
YKL218C,213,165,6,31
YKL215C,626,610,10,NA
YKL214C,118,80,8,8
YKL213C,621,594,5,11
YKL211C,846,811,0,NA
YKL209C,175,172,NA,NA
YKL206C,294,235,0,25
YKL203C,899,889,NA,NA
YKL201C,586,580,NA,NA
YKL198C,249,203,21,17
YKL197C,352,322,NA,25
YKL196C,579,380,4,126
YKL194C,243,207,3,22
YKL193C,317,273,7,22
YKL192C,668,372,10,156
YKL188C,276,264,NA,9
YKL187C,133,117,NA,15
YKL186C,478,355,20,60
YKL179C,429,395,0,23
YKL178C,537,422,7,81
YKL176C,774,667,76,19
YKL174C,346,309,13,9
YKL169C,10,1,7,2
YKL168C,271,253,NA,11
YKL167C,351,249,0,62
YKL166C,287,239,NA,35
YKL165C-A,113,12,96,NA
YKL165C,606,566,1,25
YKL164C,11296,9038,307,1620
YKL162C,95,79,4,9
YKL161C,1295,992,39,172
YKL159C,133,107,NA,15
YKL155C,354,333,3,8
YKL152C,13272,10140,97,1571
YKL151C,338,296,9,NA
YKL149C,181,152,0,20
YKL148C,1616,1283,69,204
YKL144C,163,129,0,27
YKL138C-A,166,41,1,95
YKL138C,308,182,46,38
YKL135C,594,540,16,17
YKL134C,269,237,2,22
YKL133C,82,76,0,3
YKL132C,37,23,6,8
YKL130C,337,248,14,37
YKL129C,518,504,NA,9
YKL128C,230,192,0,22
YKL122C,476,364,11,42
YKL119C,294,219,10,41
YKL116C,331,292,NA,26
YKL113C,370,317,2,32
YKL110C,448,384,1,32
YKL106C-A,14,0,NA,14
YKL105C,340,324,16,NA
YKL104C,3060,2529,179,260
YKL103C,368,313,5,26
YKL102C,21,6,NA,15
YKL100C,823,704,2,87
YKL099C,364,262,33,33
YKL092C,325,305,6,NA
YKL091C,258,222,NA,25
YKL087C,414,250,54,74
YKL082C,404,366,11,NA
YKL075C,248,207,19,NA
YKL074C,271,247,1,13
YKL065C,1119,863,29,121
YKL063C,351,181,70,70
YKL060C,21758,19342,165,468
YKL059C,191,162,8,10
YKL057C,975,937,10,5
YKL056C,4950,3376,182,797
YKL055C,68,28,1,36
YKL054C,2806,2395,116,187
YKL053C-A,318,138,36,74
YKL052C,224,204,0,10
YKL050C,195,177,NA,14
YKL049C,164,124,6,25
YKL048C,243,213,NA,19
YKL046C,835,588,121,86
YKL040C,442,286,3,111
YKL036C,26,1,NA,25
YKL032C,736,675,NA,47
YKL029C,1073,966,13,60
YKL026C,140,101,NA,26
YKL025C,445,412,3,13
YKL024C,469,379,NA,60
YKL022C,391,381,NA,8
YKL021C,448,421,NA,20
YKL020C,582,558,NA,12
YKL018C-A,91,48,7,28
YKL017C,251,239,0,7
YKL016C,1501,1014,92,197
YKL014C,1242,1212,NA,20
YKL013C,718,450,34,151
YKL011C,115,97,NA,11
YKL010C,962,944,NA,8
YKL008C,544,479,13,25
YKL006C-A,158,89,4,23
YKL005C,343,285,8,33
YKL003C,342,241,14,41
YKL001C,120,92,8,3
YKR001C,1543,1386,5,84
YKR004C,166,157,2,NA
YKR005C,67,56,NA,11
YKR006C,443,358,0,46
YKR009C,147,128,NA,17
YKR010C,281,266,7,NA
YKR011C,198,166,NA,24
YKR012C,32,14,16,NA
YKR014C,577,390,67,59
YKR015C,28,9,13,6
YKR017C,131,116,6,4
YKR018C,659,598,8,34
YKR019C,115,109,2,2
YKR022C,262,193,12,33
YKR024C,365,336,4,9
YKR026C,480,353,45,48
YKR029C,367,351,NA,11
YKR031C,646,613,NA,23
YKR036C,282,264,2,11
YKR037C,174,136,0,29
YKR038C,584,498,0,52
YKR040C,62,43,NA,NA
YKR043C,757,557,0,122
YKR045C,295,107,2,172
YKR046C,2303,1873,0,294
YKR048C,1079,868,0,116
YKR049C,147,106,0,16
YKR052C,237,163,6,55
YKR053C,42,37,NA,3
YKR054C,1192,1161,6,12
YKR063C,160,139,NA,11
YKR065C,672,527,27,64
YKR066C,590,532,0,23
YKR068C,299,230,0,35
YKR071C,801,606,24,122
YKR072C,572,522,NA,32
YKR075C,188,150,3,19
YKR079C,671,556,54,34
YKR081C,464,396,0,24
YKR083C,101,59,5,16
YKR084C,404,371,7,13
YKR085C,363,296,0,31
YKR087C,205,181,1,16
YKR088C,304,269,0,15
YKR089C,431,394,11,9
YKR092C,1035,867,7,106
YKR094C,6813,4755,36,1171
YKR098C,176,148,17,5
YKR100C,589,399,131,36
YKL221W,7,5,NA,2
YKL219W,285,267,NA,14
YKL217W,171,148,NA,20
YKL216W,2098,1549,44,362
YKL212W,1380,1261,88,NA
YKL210W,2077,1944,23,50
YKL208W,126,104,0,11
YKL207W,678,565,13,44
YKL205W,808,796,3,NA
YKL204W,595,535,4,32
YKL195W,923,794,15,74
YKL191W,440,397,1,20
YKL190W,410,253,8,107
YKL189W,221,180,16,16
YKL185W,1432,1089,194,93
YKL184W,1266,934,114,148
YKL183W,245,174,29,30
YKL182W,20609,20115,NA,299
YKL181W,1666,1312,227,53
YKL180W,4652,3719,0,529
YKL175W,500,441,12,32
YKL173W,484,458,0,12
YKL172W,948,829,0,73
YKL171W,241,221,1,10
YKL170W,314,190,28,68
YKL163W,3254,2514,674,NA
YKL160W,330,242,0,44
YKL157W,1655,1541,0,83
YKL156W,2573,1134,NA,1121
YKL154W,272,225,20,4
YKL153W,6,2,4,NA
YKL150W,2203,1815,48,165
YKL146W,488,450,0,25
YKL145W,1253,1164,NA,45
YKL143W,462,407,13,14
YKL142W,1137,854,67,110
YKL141W,806,608,23,103
YKL140W,392,314,41,17
YKL139W,310,252,33,7
YKL137W,336,188,31,68
YKL127W,435,376,0,37
YKL126W,982,871,68,18
YKL125W,357,296,18,21
YKL124W,235,201,21,NA
YKL121W,307,286,NA,16
YKL120W,1109,805,64,159
YKL118W,3,1,NA,2
YKL117W,1176,832,15,168
YKL112W,546,470,30,16
YKL109W,1409,1115,173,67
YKL108W,140,123,5,5
YKL107W,10,9,NA,1
YKL106W,364,299,22,27
YKL101W,1426,1400,NA,3
YKL098W,220,188,0,17
YKL096W-A,10894,4913,790,3112
YKL096W,5974,4605,254,668
YKL094W,636,519,5,59
YKL093W,63,46,NA,11
YKL090W,217,175,NA,26
YKL089W,162,144,0,11
YKL088W,342,298,2,25
YKL086W,10,6,0,2
YKL085W,1415,1208,59,35
YKL084W,287,33,235,NA
YKL081W,5559,4434,19,747
YKL080W,935,872,12,17
YKL079W,424,389,13,8
YKL078W,199,184,0,8
YKL077W,962,787,21,98
YKL073W,555,530,3,5
YKL072W,158,137,11,9
YKL071W,26,21,NA,3
YKL070W,2,1,NA,1
YKL069W,317,270,0,9
YKL068W-A,281,77,29,130
YKL068W,864,786,35,16
YKL065W-A,21,8,3,6
YKL064W,731,689,27,NA
YKL062W,956,781,NA,152
YKL061W,180,66,0,89
YKL058W,240,125,7,73
YKL053W,62,4,NA,56
YKL051W,461,383,NA,57
YKL047W,320,297,0,12
YKL045W,465,420,7,21
YKL044W,28,23,1,NA
YKL043W,89,71,NA,13
YKL042W,223,179,13,23
YKL041W,207,156,23,14
YKL039W,1432,1165,86,137
YKL038W,567,500,29,22
YKL035W,2818,2325,105,257
YKL034W,347,303,18,12
YKL033W-A,679,507,50,56
YKL033W,489,442,NA,41
YKL031W,10,4,6,NA
YKL028W,631,511,11,84
YKL027W,363,303,11,36
YKL023W,233,186,0,38
YKL019W,390,345,0,23
YKL018W,263,218,3,19
YKL015W,462,434,9,15
YKL012W,314,298,4,NA
YKL009W,807,629,18,75
YKL007W,759,588,22,99
YKL006W,5047,3515,0,628
YKL004W,624,422,139,35
YKL002W,247,195,19,12
YKR002W,368,295,41,16
YKR003W,299,255,15,15
YKR007W,216,164,2,24
YKR008W,426,384,4,20
YKR013W,1317,1066,27,140
YKR016W,1079,893,18,131
YKR020W,100,54,0,36
YKR021W,619,559,13,30
YKR023W,187,168,1,9
YKR025W,180,144,2,17
YKR027W,375,352,8,4
YKR028W,857,794,NA,46
YKR030W,240,189,10,21
YKR035W-A,335,239,0,48
YKR039W,5400,4698,122,321
YKR041W,240,46,NA,192
YKR042W,4705,3111,677,661
YKR044W,172,152,5,9
YKR047W,128,17,103,NA
YKR050W,430,318,93,10
YKR051W,138,120,6,5
YKR055W,135,82,8,37
YKR056W,384,371,NA,7
YKR057W,3127,1594,60,992
YKR058W,308,270,17,12
YKR059W,5963,5546,22,156
YKR060W,199,169,4,11
YKR061W,327,290,7,18
YKR062W,307,254,10,22
YKR064W,308,295,NA,7
YKR067W,509,458,9,31
YKR069W,265,236,14,5
YKR070W,300,269,NA,21
YKR074W,336,269,NA,46
YKR075W-A,7,1,NA,5
YKR076W,122,106,7,5
YKR077W,432,370,2,25
YKR078W,192,184,0,5
YKR080W,397,311,20,43
YKR082W,945,917,NA,13
YKR086W,327,314,1,6
YKR090W,242,205,18,10
YKR091W,654,523,12,72
YKR093W,3323,2813,102,261
YKR095W,1260,1211,NA,37
YKR095W-A,185,120,0,34
YKR096W,558,513,5,17
YKR097W,89,83,NA,5
YKR099W,272,237,23,6
YKR101W,133,116,0,12
YKR102W,145,145,NA,NA
YKR103W,500,298,194,NA
YKR104W,73,57,NA,13
YLL063C,136,122,NA,12
YLL062C,59,54,0,2
YLL060C,174,102,28,29
YLL059C,91,39,NA,46
YLL057C,50,37,NA,9
YLL056C,69,56,NA,8
YLL054C,150,130,0,17
YLL053C,41,33,NA,6
YLL051C,483,434,0,34
YLL050C,1956,1449,40,350
YLL048C,2611,2589,NA,NA
YLL045C,7315,6249,26,452
YLL042C,26,20,NA,1
YLL041C,1228,780,34,368
YLL040C,2181,2152,NA,19
YLL039C,5247,4579,240,224
YLL038C,395,107,NA,283
YLL036C,295,277,2,10
YLL034C,476,455,0,17
YLL032C,366,327,NA,34
YLL031C,597,568,4,10
YLL024C,21895,20531,78,646
YLL023C,629,497,29,60
YLL022C,140,136,NA,3
YLL019C,1057,841,207,NA
YLL018C-A,319,66,23,214
YLL018C,2522,2217,0,160
YLL013C,984,828,66,68
YLL010C,385,266,44,60
YLL009C,567,202,50,180
YLL007C,222,198,11,6
YLR001C,288,279,1,5
YLR002C,541,510,0,17
YLR003C,338,297,0,23
YLR004C,24,22,0,1
YLR006C,402,366,28,NA
YLR008C,636,363,64,149
YLR010C,106,73,0,21
YLR014C,277,274,NA,NA
YLR016C,178,137,9,12
YLR018C,302,237,12,36
YLR020C,324,296,3,19
YLR022C,289,242,NA,20
YLR023C,765,560,53,126
YLR024C,417,411,4,NA
YLR026C,264,205,17,21
YLR027C,1912,1732,19,53
YLR028C,1289,1105,94,46
YLR029C,6903,5096,93,976
YLR034C,450,350,45,40
YLR035C,177,145,0,24
YLR036C,196,139,2,46
YLR037C,165,48,101,11
YLR038C,1078,330,84,453
YLR039C,416,401,NA,14
YLR040C,529,409,23,70
YLR042C,49,31,5,6
YLR043C,677,405,0,134
YLR044C,47973,44150,407,1423
YLR045C,394,380,7,NA
YLR046C,117,107,NA,2
YLR047C,364,270,33,54
YLR049C,604,520,32,27
YLR050C,138,104,0,20
YLR051C,302,243,0,36
YLR053C,9,6,NA,1
YLR054C,22,16,NA,5
YLR055C,198,191,NA,0
YLR058C,1408,1193,18,126
YLR059C,212,154,NA,50
YLR065C,267,208,4,24
YLR067C,276,267,NA,6
YLR069C,1154,1068,0,56
YLR070C,28,16,NA,12
YLR071C,666,631,2,25
YLR073C,223,148,32,22
YLR074C,282,212,0,33
YLR078C,387,321,18,24
YLR082C,134,104,2,25
YLR083C,1014,916,60,NA
YLR084C,761,730,NA,19
YLR085C,236,211,0,14
YLR087C,675,666,NA,7
YLR089C,753,614,86,13
YLR093C,463,345,27,68
YLR094C,358,316,1,19
YLR095C,455,430,5,8
YLR097C,344,276,18,25
YLR098C,281,253,0,17
YLR099C,157,148,4,1
YLR103C,238,229,2,2
YLR105C,143,127,4,4
YLR106C,3457,3419,NA,15
YLR108C,161,137,6,8
YLR110C,19079,13235,985,2178
YLR114C,665,546,15,83
YLR117C,351,328,0,10
YLR118C,344,268,7,41
YLR120C,992,739,53,169
YLR121C,367,317,0,30
YLR126C,88,59,6,13
YLR127C,245,230,6,NA
YLR130C,748,631,63,16
YLR131C,408,395,NA,5
YLR132C,258,148,4,89
YLR136C,30,17,NA,11
YLR139C,279,216,45,12
YLR144C,440,418,0,14
YLR146C,343,286,4,17
YLR147C,145,98,3,23
YLR149C,297,264,3,23
YLR151C,146,113,NA,25
YLR152C,438,354,38,21
YLR153C,5153,4454,16,523
YLR154C,130,89,18,10
YLR163C,621,533,6,50
YLR165C,128,107,NA,12
YLR166C,733,684,3,13
YLR168C,892,654,2,142
YLR170C,233,138,3,63
YLR172C,691,597,3,35
YLR176C,227,217,NA,7
YLR178C,532,441,19,25
YLR179C,520,358,39,65
YLR181C,243,201,8,15
YLR183C,438,364,11,33
YLR189C,667,642,NA,17
YLR192C,848,560,19,204
YLR193C,213,146,6,37
YLR194C,1577,1374,0,96
YLR195C,540,494,4,25
YLR199C,365,291,14,41
YLR201C,324,289,NA,24
YLR203C,717,669,12,0
YLR205C,291,248,6,9
YLR209C,300,258,NA,29
YLR211C,96,56,3,31
YLR212C,237,211,0,16
YLR213C,15,10,1,3
YLR215C,176,140,9,11
YLR216C,2231,1932,45,169
YLR218C,63,32,NA,19
YLR221C,404,290,11,69
YLR222C,869,828,0,17
YLR223C,732,652,66,NA
YLR225C,520,450,0,49
YLR227C,190,141,38,NA
YLR228C,250,204,14,25
YLR229C,711,462,159,48
YLR231C,176,159,0,12
YLR233C,257,229,3,18
YLR239C,182,162,0,12
YLR242C,119,104,5,1
YLR244C,947,845,0,41
YLR245C,106,82,0,13
YLR247C,873,849,NA,16
YLR254C,174,127,17,16
YLR255C,9,4,0,4
YLR259C,5032,4513,77,189
YLR262C-A,601,246,8,169
YLR265C,113,95,NA,11
YLR266C,278,275,NA,1
YLR269C,6,0,NA,6
YLR272C,553,523,3,9
YLR273C,136,106,15,8
YLR276C,1034,936,42,31
YLR277C,466,398,36,14
YLR284C,67,55,0,8
YLR285C-A,94,24,NA,14
YLR286C,4163,3458,544,NA
YLR287C,461,359,18,65
YLR287C-A,3045,1337,0,1108
YLR288C,219,192,0,16
YLR290C,152,128,1,12
YLR291C,786,663,9,49
YLR292C,388,241,0,94
YLR293C,2829,2171,48,361
YLR294C,401,358,NA,NA
YLR298C,158,133,NA,17
YLR304C,9585,8312,89,727
YLR305C,1411,1397,NA,8
YLR309C,488,478,0,NA
YLR310C,1594,1507,NA,72
YLR311C,38,31,NA,NA
YLR312C,91,81,5,NA
YLR313C,222,167,3,47
YLR314C,1098,929,47,59
YLR316C,141,129,0,6
YLR319C,391,333,8,43
YLR321C,378,286,0,77
YLR323C,126,99,0,21
YLR325C,5624,2297,0,2707
YLR327C,1430,545,160,424
YLR333C,2897,1673,209,439
YLR336C,419,405,5,NA
YLR337C,569,511,11,23
YLR339C,0,0,0,0
YLR346C,3,2,0,1
YLR347C,1328,1102,53,132
YLR348C,435,354,5,34
YLR351C,424,367,NA,32
YLR354C,2308,1817,61,256
YLR355C,14523,10836,765,2123
YLR361C,302,249,0,43
YLR361C-A,128,60,NA,35
YLR363C,474,240,29,166
YLR364C-A,0,0,0,0
YLR370C,753,540,28,102
YLR373C,425,404,0,12
YLR376C,129,105,1,12
YLR378C,1463,1157,165,108
YLR382C,527,488,11,16
YLR384C,1937,1876,NA,45
YLR387C,591,516,12,27
YLR389C,734,709,NA,20
YLR392C,191,162,13,9
YLR395C,1298,466,83,562
YLR396C,258,237,4,2
YLR397C,424,392,4,12
YLR398C,929,885,NA,30
YLR399C,737,704,13,NA
YLR401C,588,544,5,21
YLR406C,2103,1172,15,548
YLR406C-A,9,1,7,NA
YLR408C,60,46,NA,7
YLR409C,771,726,3,21
YLR412C-A,41,10,1,30
YLR414C,1279,952,127,101
YLR418C,384,304,NA,65
YLR421C,655,376,8,203
YLR423C,102,89,1,8
YLR428C,8,3,0,5
YLR431C,135,109,8,10
YLR433C,278,244,NA,32
YLR436C,657,615,20,10
YLR437C,244,151,14,45
YLR438C-A,272,150,38,34
YLR440C,304,274,8,9
YLR441C,8478,6627,96,1177
YLR442C,364,345,5,14
YLR447C,1686,1385,56,162
YLR452C,493,431,20,33
YLR453C,132,119,8,NA
YLR457C,104,81,0,16
YLR460C,91,85,1,2
YLL061W,103,100,0,0
YLL058W,183,168,5,5
YLL055W,170,139,16,11
YLL049W,77,72,0,NA
YLL047W,5,4,NA,0
YLL043W,676,586,4,54
YLL037W,16,15,NA,0
YLL035W,199,173,7,10
YLL033W,117,77,NA,36
YLL029W,750,679,17,27
YLL028W,914,673,53,159
YLL027W,498,335,76,48
YLL026W,4212,3963,80,65
YLL025W,45,28,0,10
YLL021W,907,855,34,NA
YLL015W,773,766,NA,3
YLL014W,294,188,0,58
YLL012W,225,206,2,5
YLL011W,422,375,0,14
YLL008W,720,668,3,22
YLL006W,255,233,1,3
YLL004W,203,189,0,9
YLL003W,456,435,0,5
YLL002W,163,134,4,10
YLL001W,607,546,10,19
YLR005W,289,242,6,34
YLR007W,194,166,0,14
YLR009W,760,444,138,121
YLR011W,188,106,14,60
YLR015W,205,169,4,29
YLR017W,448,405,NA,30
YLR019W,516,342,68,93
YLR021W,181,148,5,10
YLR025W,313,219,21,33
YLR031W,22,20,NA,0
YLR032W,302,293,NA,6
YLR033W,496,410,5,56
YLR041W,150,1,0,149
YLR048W,6556,4599,159,1250
YLR052W,302,201,NA,75
YLR056W,1617,1399,21,125
YLR057W,476,451,1,10
YLR060W,2438,2245,25,87
YLR061W,4476,3071,0,650
YLR064W,594,485,18,50
YLR066W,319,233,10,32
YLR068W,141,91,4,27
YLR072W,239,229,0,3
YLR075W,8652,7197,0,910
YLR077W,309,275,1,22
YLR079W,488,350,15,74
YLR080W,48,46,NA,2
YLR081W,39,39,0,0
YLR086W,510,478,NA,20
YLR088W,480,431,5,33
YLR090W,308,288,2,9
YLR091W,95,72,NA,19
YLR092W,47,44,NA,1
YLR096W,536,496,26,NA
YLR099W-A,122,84,3,19
YLR100W,1249,1117,4,77
YLR104W,232,178,7,20
YLR107W,253,222,NA,23
YLR109W,4300,3222,170,341
YLR112W,74,27,1,40
YLR113W,1196,955,91,77
YLR115W,433,397,0,24
YLR116W,240,212,NA,27
YLR119W,102,92,NA,6
YLR120W-A,185,2,27,154
YLR124W,133,10,NA,122
YLR125W,138,29,0,102
YLR128W,139,97,4,30
YLR129W,983,912,6,35
YLR133W,551,432,5,92
YLR134W,3911,3881,3,15
YLR135W,128,119,0,6
YLR137W,115,102,0,8
YLR138W,574,552,18,NA
YLR141W,191,109,NA,78
YLR142W,358,337,NA,7
YLR143W,313,294,0,11
YLR145W,119,98,0,10
YLR146W-A,154,78,2,30
YLR148W,435,400,NA,23
YLR150W,4858,3732,54,595
YLR164W,43,34,NA,7
YLR167W,9926,7606,646,381
YLR173W,477,440,9,9
YLR174W,235,137,70,8
YLR175W,2200,1869,22,164
YLR177W,425,396,3,8
YLR180W,2638,1971,57,461
YLR182W,477,444,1,20
YLR185W,4706,2707,0,1028
YLR186W,512,412,29,32
YLR187W,456,424,29,NA
YLR188W,384,348,5,23
YLR190W,698,438,72,165
YLR191W,200,168,5,11
YLR196W,868,804,37,NA
YLR197W,3353,3195,19,NA
YLR200W,217,126,2,49
YLR204W,378,207,24,91
YLR206W,963,886,44,NA
YLR207W,325,305,0,3
YLR208W,820,576,43,147
YLR210W,156,134,1,14
YLR214W,274,245,5,18
YLR217W,1,1,0,0
YLR219W,459,391,34,22
YLR220W,522,351,61,71
YLR224W,399,328,31,15
YLR226W,451,298,2,130
YLR234W,153,121,2,26
YLR237W,698,627,17,41
YLR238W,184,147,10,16
YLR240W,397,370,2,18
YLR241W,523,484,11,12
YLR243W,283,210,9,43
YLR246W,244,230,NA,8
YLR248W,920,794,13,66
YLR249W,23357,21971,167,862
YLR250W,555,433,16,74
YLR253W,460,407,19,15
YLR256W,1815,1621,22,NA
YLR257W,1621,1204,250,111
YLR258W,1869,1460,23,310
YLR260W,343,299,12,17
YLR263W,329,263,52,6
YLR264W,4793,1100,29,3090
YLR267W,39,33,2,3
YLR268W,443,319,20,55
YLR270W,775,589,36,105
YLR271W,160,100,46,7
YLR274W,733,649,4,38
YLR275W,210,78,14,94
YLR283W,140,118,NA,7
YLR285W,303,265,NA,23
YLR286W-A,19,3,5,7
YLR289W,266,252,0,9
YLR296W,15,11,NA,4
YLR297W,130,55,22,42
YLR299W,499,433,33,20
YLR300W,8782,6624,433,1279
YLR301W,683,525,7,83
YLR303W,929,796,18,52
YLR306W,98,83,7,4
YLR307W,6,5,0,1
YLR312W-A,533,427,0,47
YLR315W,71,49,3,12
YLR317W,86,61,NA,17
YLR318W,261,255,NA,NA
YLR320W,332,330,NA,1
YLR324W,235,216,7,6
YLR326W,174,128,17,22
YLR328W,319,225,38,27
YLR329W,6,6,NA,0
YLR330W,1048,964,0,52
YLR332W,687,462,127,64
YLR335W,1015,937,1,40
YLR340W,11402,9508,461,677
YLR342W,10843,10136,548,NA
YLR342W-A,437,26,306,NA
YLR343W,60,58,NA,0
YLR344W,2743,2022,0,360
YLR345W,481,419,18,23
YLR349W,23,5,NA,18
YLR350W,424,312,42,29
YLR352W,167,161,2,2
YLR353W,324,232,62,25
YLR356W,249,173,16,32
YLR357W,549,498,NA,45
YLR359W,894,778,45,51
YLR360W,353,299,8,32
YLR362W,264,245,3,11
YLR363W-A,131,58,0,43
YLR364W,52,37,2,5
YLR367W,1475,1108,NA,125
YLR368W,195,182,1,4
YLR369W,336,324,0,NA
YLR371W,756,713,30,NA
YLR372W,1528,1163,144,80
YLR375W,398,348,1,25
YLR380W,479,406,22,30
YLR381W,251,243,3,NA
YLR383W,450,416,10,13
YLR386W,406,381,0,13
YLR388W,2221,914,213,599
YLR390W,110,81,NA,17
YLR390W-A,3583,2585,165,563
YLR393W,126,115,0,NA
YLR394W,213,195,NA,14
YLR400W,2,2,0,NA
YLR402W,126,28,NA,89
YLR403W,586,569,NA,8
YLR404W,107,96,3,4
YLR405W,181,154,0,17
YLR407W,311,172,63,56
YLR410W,901,859,NA,23
YLR411W,31,22,NA,8
YLR412W,287,255,NA,16
YLR413W,715,643,13,34
YLR417W,181,159,5,10
YLR419W,590,556,15,5
YLR420W,735,659,0,35
YLR422W,695,667,8,8
YLR424W,152,146,NA,1
YLR425W,336,328,NA,5
YLR426W,148,132,0,8
YLR427W,311,266,7,31
YLR429W,1259,1157,6,65
YLR430W,1245,1167,58,5
YLR432W,2076,1824,104,47
YLR435W,305,194,16,47
YLR438W,142,126,2,5
YLR439W,373,311,1,45
YLR443W,272,230,11,18
YLR446W,151,137,5,NA
YLR448W,4097,3023,0,679
YLR449W,1081,949,19,55
YLR450W,568,513,29,8
YLR451W,484,455,17,NA
YLR454W,1614,1558,28,11
YLR455W,501,261,97,122
YLR456W,97,78,0,8
YLR459W,392,369,0,5
YML130C,938,832,31,28
YML129C,391,177,0,133
YML128C,1143,959,30,106
YML126C,2200,1949,NA,217
YML125C,460,391,3,26
YML124C,759,658,0,69
YML123C,7,7,0,0
YML122C,2,1,NA,1
YML120C,1216,915,43,208
YML115C,518,465,5,22
YML114C,331,293,2,10
YML110C,598,464,10,84
YML107C,178,167,0,4
YML105C,475,413,6,22
YML104C,514,498,1,4
YML103C,1349,1313,NA,18
YML099C,506,473,NA,28
YML097C,309,287,3,12
YML095C,118,54,0,58
YML094C-A,0,0,0,0
YML092C,755,589,0,90
YML091C,1227,1220,NA,NA
YML089C,84,8,NA,75
YML087C,24,18,0,4
YML086C,918,741,73,39
YML085C,863,716,19,78
YML083C,12,10,NA,2
YML081C-A,653,270,70,203
YML076C,292,269,0,10
YML075C,1737,1589,36,58
YML074C,871,807,6,NA
YML073C,5048,3900,65,449
YML072C,2818,2697,96,NA
YML071C,360,325,13,7
YML067C,406,377,0,8
YML064C,291,200,11,56
YML062C,244,209,2,18
YML061C,305,274,11,11
YML059C,978,954,NA,17
YML056C,3078,2725,75,130
YML054C,247,232,NA,9
YML053C,235,198,14,2
YML049C,673,672,NA,NA
YML043C,170,136,15,12
YML041C,194,167,NA,13
YML038C,462,350,53,47
YML035C,831,717,46,51
YML032C,288,242,1,37
YML026C,5975,4009,17,1170
YML025C,438,358,9,43
YML023C,318,295,2,7
YML021C,194,169,NA,16
YML018C,284,224,22,27
YML015C,204,168,7,21
YML011C,115,88,NA,13
YML009C,351,147,35,113
YML008C,1646,1428,17,96
YML007C-A,42,4,0,34
YML006C,259,240,9,4
YML004C,1230,1008,0,131
YMR001C,665,609,NA,45
YMR001C-A,124,37,NA,80
YMR006C,234,212,2,10
YMR008C,1036,898,NA,124
YMR013C,315,274,NA,25
YMR015C,1658,1393,59,135
YMR016C,398,350,25,11
YMR021C,253,201,0,40
YMR023C,153,138,0,8
YMR026C,188,157,10,9
YMR029C,371,328,9,15
YMR031C,894,840,23,NA
YMR034C,36,29,6,1
YMR036C,165,149,1,10
YMR037C,803,705,NA,82
YMR038C,508,393,1,62
YMR039C,288,237,29,NA
YMR041C,182,161,0,9
YMR047C,988,952,16,NA
YMR049C,1065,985,10,32
YMR052C-A,13,13,NA,0
YMR053C,106,105,NA,NA
YMR055C,217,186,0,12
YMR056C,98,70,2,19
YMR060C,197,175,0,8
YMR062C,1026,909,0,58
YMR067C,313,290,3,4
YMR071C,262,204,17,19
YMR073C,221,189,0,21
YMR074C,578,447,0,35
YMR076C,760,724,NA,22
YMR077C,128,85,7,25
YMR078C,311,291,0,9
YMR080C,1496,1268,17,178
YMR081C,97,75,4,13
YMR086C-A,76,11,30,31
YMR088C,311,255,27,14
YMR089C,894,796,84,NA
YMR091C,403,370,6,11
YMR092C,1046,946,21,27
YMR097C,186,157,9,7
YMR098C,326,291,8,9
YMR099C,914,759,8,66
YMR101C,14,13,NA,1
YMR102C,339,324,NA,11
YMR103C,198,152,0,23
YMR105C,1775,1514,46,137
YMR106C,129,108,1,15
YMR110C,685,614,1,37
YMR111C,139,112,7,18
YMR112C,90,70,NA,15
YMR114C,153,133,NA,14
YMR116C,11785,9823,82,1010
YMR117C,125,83,NA,31
YMR118C,8,7,NA,0
YMR120C,329,289,3,24
YMR121C,1870,1810,6,9
YMR122C,5,3,2,0
YMR126C,147,113,12,11
YMR127C,161,120,7,21
YMR131C,1127,999,18,46
YMR132C,163,99,3,49
YMR135C,460,428,6,11
YMR137C,150,141,0,4
YMR142C,5409,4233,0,592
YMR145C,4173,3338,396,267
YMR146C,1900,1687,27,65
YMR150C,127,96,14,NA
YMR153C-A,62,22,0,34
YMR154C,171,168,NA,NA
YMR156C,63,56,NA,2
YMR157C,206,167,4,18
YMR158C-A,73,26,15,7
YMR162C,540,527,NA,7
YMR163C,225,198,17,4
YMR164C,678,656,14,NA
YMR165C,356,322,18,9
YMR166C,243,148,40,32
YMR168C,321,241,0,69
YMR169C,837,779,NA,24
YMR170C,709,659,2,8
YMR171C,455,347,42,51
YMR174C,92,29,7,38
YMR180C,419,313,0,79
YMR181C,200,98,28,56
YMR182C,81,28,8,40
YMR183C,642,452,25,108
YMR187C,158,138,0,16
YMR188C,448,354,16,45
YMR190C,373,358,10,NA
YMR193C-A,13,13,0,NA
YMR194C-B,30,18,NA,5
YMR197C,430,309,3,72
YMR201C,141,123,0,14
YMR204C,140,109,0,20
YMR205C,4982,4627,63,168
YMR207C,529,473,45,7
YMR209C,133,121,0,7
YMR212C,699,616,35,30
YMR216C,803,673,53,48
YMR218C,443,431,3,NA
YMR221C,550,495,0,20
YMR222C,207,161,1,26
YMR224C,186,169,0,8
YMR225C,231,121,0,65
YMR226C,1591,1311,32,118
YMR227C,183,151,8,18
YMR229C,2885,2810,NA,34
YMR235C,1265,1027,11,126
YMR239C,354,319,1,15
YMR240C,160,147,3,7
YMR242C,5445,4282,0,511
YMR243C,1246,1043,36,99
YMR244C-A,128,77,1,32
YMR247C,1049,1028,8,NA
YMR252C,94,58,5,25
YMR253C,187,174,1,NA
YMR256C,1113,472,44,343
YMR257C,340,271,32,31
YMR258C,347,317,4,7
YMR259C,712,702,NA,4
YMR260C,1433,931,14,316
YMR261C,1108,1007,25,51
YMR265C,110,105,NA,4
YMR268C,169,144,4,17
YMR270C,324,256,27,21
YMR271C,142,110,NA,24
YMR272C,1336,1084,30,167
YMR273C,399,330,14,12
YMR274C,57,50,1,3
YMR275C,512,485,7,11
YMR279C,10,10,0,0
YMR280C,107,105,NA,1
YMR282C,265,248,6,NA
YMR283C,188,175,NA,7
YMR285C,325,268,0,41
YMR287C,314,308,1,NA
YMR290C,982,821,4,126
YMR293C,242,214,1,17
YMR295C,915,782,61,NA
YMR296C,913,793,54,29
YMR299C,149,141,0,3
YMR300C,783,681,36,30
YMR301C,388,356,7,6
YMR302C,1028,929,28,37
YMR303C,3208,3014,17,0
YMR305C,1849,1592,165,NA
YMR306C-A,50,11,NA,39
YMR308C,1822,1688,62,27
YMR309C,2970,2604,49,201
YMR310C,278,237,6,16
YMR311C,386,274,16,42
YMR313C,337,299,2,18
YMR316C-A,27,4,11,11
YMR316C-B,77,17,36,13
YMR318C,573,468,6,60
YMR319C,513,417,11,67
YML131W,170,133,0,23
YML127W,496,464,6,NA
YML121W,310,227,25,39
YML119W,233,216,0,8
YML118W,85,72,9,NA
YML117W,1617,1527,53,NA
YML116W,204,177,4,13
YML113W,319,261,1,38
YML112W,142,120,1,12
YML111W,747,696,35,NA
YML109W,347,323,5,9
YML108W,216,97,28,66
YML106W,1153,709,297,45
YML102W,209,177,1,15
YML100W-A,9,2,NA,7
YML100W,2582,2438,22,56
YML098W,249,164,0,53
YML096W,277,248,2,11
YML094W,234,174,0,33
YML093W,653,642,3,NA
YML090W,3,1,NA,1
YML088W,280,268,1,NA
YML084W,56,21,NA,35
YML082W,260,224,8,21
YML081W,787,737,16,11
YML080W,224,172,24,15
YML079W,310,238,0,30
YML078W,808,557,25,125
YML077W,149,104,NA,29
YML070W,724,658,13,33
YML069W,762,675,21,26
YML068W,177,150,12,7
YML065W,321,295,4,13
YML063W,8567,7798,1,227
YML060W,204,164,9,21
YML058W-A,8,1,0,4
YML058W,1969,919,4,766
YML057W,771,667,20,33
YML055W,247,192,5,13
YML052W,1082,913,20,72
YML051W,209,175,9,14
YML050W,178,141,0,23
YML048W,816,679,10,90
YML046W,264,239,11,5
YML042W,163,154,NA,7
YML036W,110,86,0,8
YML034W,488,452,8,22
YML031W,486,449,4,12
YML030W,323,174,2,111
YML029W,411,378,16,5
YML028W,3221,2355,50,435
YML027W,561,463,28,41
YML024W,6162,4647,86,351
YML022W,887,601,1,208
YML020W,244,194,13,27
YML019W,299,229,0,49
YML017W,534,442,9,65
YML014W,125,107,NA,9
YML013W,406,339,6,48
YML012W,941,657,21,171
YML010W,1415,1381,0,NA
YML007W,883,733,58,68
YML005W,240,222,0,6
YML002W,248,238,NA,8
YML001W,610,457,66,44
YMR002W,1741,1068,20,437
YMR003W,147,108,6,20
YMR004W,353,295,13,33
YMR005W,391,322,12,33
YMR007W,12,10,NA,1
YMR009W,293,217,11,29
YMR010W,414,293,79,27
YMR011W,1931,1697,23,112
YMR012W,2909,2723,66,66
YMR013W-A,11,0,NA,11
YMR014W,361,314,1,26
YMR017W,10,7,NA,3
YMR018W,33,32,NA,1
YMR019W,427,408,NA,17
YMR020W,181,164,2,7
YMR022W,498,354,5,62
YMR024W,606,543,NA,41
YMR025W,84,79,0,0
YMR027W,650,586,16,12
YMR028W,204,174,0,20
YMR030W,172,137,12,10
YMR033W,558,475,8,46
YMR035W,85,57,0,14
YMR040W,78,49,21,5
YMR042W,142,57,0,77
YMR043W,647,460,0,141
YMR044W,241,198,2,29
YMR048W,156,125,0,16
YMR052W,117,80,0,28
YMR054W,912,786,57,28
YMR058W,522,473,10,25
YMR059W,96,58,0,21
YMR061W,382,350,4,14
YMR063W,118,101,5,9
YMR064W,474,429,NA,35
YMR065W,177,167,NA,9
YMR066W,282,266,0,7
YMR068W,130,105,0,12
YMR069W,85,46,NA,39
YMR070W,625,541,60,NA
YMR072W,759,589,2,118
YMR075W,303,274,1,14
YMR079W,1157,824,27,227
YMR083W,1461,1216,47,77
YMR085W,70,69,NA,0
YMR086W,561,497,14,32
YMR087W,114,95,3,6
YMR090W,258,220,10,12
YMR093W,703,628,8,43
YMR094W,179,120,0,52
YMR096W,151,123,1,16
YMR100W,525,468,NA,49
YMR107W,13,7,3,1
YMR108W,4290,3496,362,276
YMR109W,1342,1295,9,23
YMR113W,163,143,6,8
YMR115W,339,295,7,28
YMR119W,451,389,51,NA
YMR122W-A,3628,1660,228,1224
YMR123W,405,268,8,61
YMR124W,809,760,38,NA
YMR125W,1478,1406,37,NA
YMR128W,693,652,11,13
YMR129W,1129,1099,NA,18
YMR130W,249,205,11,18
YMR134W,168,142,9,0
YMR136W,399,341,12,27
YMR138W,70,60,NA,3
YMR139W,364,263,58,26
YMR140W,562,350,5,193
YMR143W,3906,2760,0,440
YMR144W,221,174,14,20
YMR148W,218,92,44,71
YMR151W,13,9,NA,2
YMR152W,430,381,0,21
YMR153W,414,348,8,42
YMR155W,255,228,1,16
YMR158W,251,181,17,22
YMR160W,230,224,0,1
YMR161W,439,261,12,144
YMR167W,250,235,0,NA
YMR172W,247,246,NA,NA
YMR175W,23,9,9,NA
YMR176W,559,532,9,5
YMR177W,144,125,7,5
YMR178W,256,219,9,11
YMR179W,226,210,NA,11
YMR182W-A,390,10,343,19
YMR184W,286,236,9,5
YMR185W,449,444,1,NA
YMR186W,11903,11270,28,275
YMR189W,2988,2766,102,58
YMR192W,455,414,12,12
YMR193W,333,237,13,39
YMR194W,2639,1915,0,255
YMR195W,186,102,23,27
YMR196W,688,657,NA,21
YMR198W,209,160,31,10
YMR199W,845,648,102,52
YMR200W,915,570,69,222
YMR202W,1605,1332,38,84
YMR203W,1893,1533,52,200
YMR206W,8,5,3,0
YMR208W,692,601,0,52
YMR210W,154,138,4,7
YMR211W,270,224,0,27
YMR213W,79,70,4,4
YMR214W,333,272,0,33
YMR215W,612,536,14,39
YMR217W,1868,1660,32,87
YMR219W,583,577,NA,1
YMR220W,783,710,0,46
YMR223W,299,190,32,64
YMR228W,225,194,4,14
YMR230W,3073,1994,119,401
YMR231W,382,342,5,23
YMR233W,156,121,1,24
YMR234W,162,132,6,20
YMR236W,399,339,0,22
YMR237W,957,839,22,68
YMR238W,736,591,47,50
YMR241W,714,554,82,21
YMR246W,1222,1021,65,81
YMR250W,929,824,19,53
YMR251W,10,9,NA,NA
YMR251W-A,6188,1782,306,3179
YMR255W,309,240,NA,42
YMR262W,204,159,NA,33
YMR263W,178,142,8,10
YMR264W,317,235,12,40
YMR266W,392,353,0,30
YMR267W,455,371,13,38
YMR269W,123,103,2,6
YMR276W,919,811,8,50
YMR277W,515,443,29,21
YMR278W,847,759,11,45
YMR281W,142,120,3,12
YMR284W,200,185,1,10
YMR286W,235,115,0,78
YMR288W,214,209,0,2
YMR289W,326,253,NA,66
YMR291W,1550,1321,65,90
YMR292W,247,164,12,38
YMR294W,151,135,1,6
YMR297W,2723,2376,40,175
YMR298W,442,289,2,79
YMR304W,722,713,NA,NA
YMR306W,125,114,10,NA
YMR307W,7558,6571,93,610
YMR312W,234,194,0,25
YMR314W,949,700,21,142
YMR315W,1051,903,25,59
YMR316W,280,232,16,14
YMR317W,39,33,NA,5
YMR320W,67,10,55,2
YNL331C,195,146,NA,42
YNL330C,574,453,24,60
YNL329C,651,638,NA,9
YNL328C,82,69,0,3
YNL326C,166,145,1,13
YNL325C,215,206,0,4
YNL322C,949,844,9,30
YNL316C,179,153,7,7
YNL315C,388,335,0,39
YNL313C,594,551,0,23
YNL311C,208,192,0,6
YNL310C,175,146,0,19
YNL308C,640,552,11,39
YNL307C,1324,922,131,210
YNL305C,469,375,10,44
YNL302C,4890,3408,0,665
YNL301C,2854,2392,6,227
YNL297C,1064,1023,NA,32
YNL294C,688,522,92,46
YNL291C,260,207,36,8
YNL284C,447,403,NA,24
YNL283C,469,364,74,17
YNL280C,569,497,17,31
YNL276C,256,39,2,206
YNL274C,774,623,28,79
YNL272C,455,402,29,14
YNL271C,997,927,NA,50
YNL270C,122,113,4,4
YNL265C,245,200,0,26
YNL264C,184,159,NA,13
YNL263C,540,405,64,36
YNL260C,253,165,NA,81
YNL259C,107,49,10,24
YNL258C,388,359,0,23
YNL257C,731,698,11,5
YNL255C,1938,1169,36,529
YNL254C,131,128,0,NA
YNL252C,387,327,0,37
YNL251C,866,697,97,34
YNL249C,164,133,0,21
YNL248C,874,732,8,100
YNL245C,206,82,0,121
YNL244C,1323,701,59,304
YNL241C,1231,1072,23,99
YNL240C,278,263,6,NA
YNL231C,665,513,58,53
YNL230C,198,136,4,48
YNL229C,491,476,NA,1
YNL227C,307,280,5,14
YNL225C,213,193,NA,8
YNL224C,287,265,4,11
YNL221C,577,525,4,38
YNL219C,665,554,59,34
YNL213C,182,132,17,21
YNL211C,51,33,1,NA
YNL206C,280,260,NA,11
YNL201C,308,288,17,NA
YNL200C,199,155,13,14
YNL199C,433,377,NA,38
YNL197C,929,628,102,173
YNL195C,37,29,NA,8
YNL185C,272,176,NA,77
YNL183C,744,639,56,32
YNL182C,492,437,11,25
YNL180C,754,681,NA,54
YNL179C,210,171,32,NA
YNL177C,583,439,12,85
YNL176C,683,557,36,68
YNL175C,525,449,12,39
YNL173C,228,190,5,20
YNL169C,629,546,28,35
YNL168C,346,258,2,62
YNL167C,405,326,62,NA
YNL166C,400,353,0,24
YNL164C,171,131,29,7
YNL163C,614,565,15,22
YNL159C,317,195,0,101
YNL156C,818,597,105,60
YNL154C,998,774,125,58
YNL153C,311,132,17,116
YNL151C,276,217,16,28
YNL149C,338,235,0,67
YNL148C,69,54,0,11
YNL146C-A,5,1,NA,4
YNL144C,126,119,NA,2
YNL143C,376,124,NA,249
YNL139C,867,838,15,NA
YNL137C,678,552,29,60
YNL135C,2131,1241,32,544
YNL134C,1532,1350,38,49
YNL133C,92,67,2,11
YNL130C,888,790,20,30
YNL130C-A,6,1,3,0
YNL125C,717,640,24,32
YNL122C,237,157,NA,69
YNL121C,1532,1287,28,151
YNL118C,1425,1254,0,138
YNL115C,440,393,0,26
YNL114C,2,1,1,NA
YNL111C,915,463,20,331
YNL110C,606,458,2,64
YNL108C,234,179,8,32
YNL106C,265,262,NA,1
YNL104C,4267,3794,119,183
YNL099C,250,179,2,51
YNL098C,889,744,0,100
YNL097C-B,134,3,NA,128
YNL097C,178,142,5,18
YNL096C,3432,2425,13,597
YNL095C,61,47,5,9
YNL084C,404,353,9,16
YNL081C,420,273,11,114
YNL080C,229,179,26,12
YNL079C,1221,737,48,308
YNL074C,638,555,5,51
YNL069C,6536,4883,0,953
YNL068C,450,383,23,34
YNL064C,3340,2446,432,233
YNL062C,626,544,4,44
YNL059C,620,572,0,28
YNL058C,752,636,5,85
YNL055C,4037,3365,90,244
YNL050C,227,193,4,16
YNL049C,636,599,0,14
YNL047C,299,273,2,9
YNL043C,15,7,4,3
YNL041C,437,412,8,NA
YNL037C,1758,1360,147,136
YNL035C,243,207,0,27
YNL031C,4852,3258,0,1306
YNL029C,204,176,4,12
YNL025C,299,177,0,113
YNL024C-A,295,74,21,158
YNL024C,18,13,0,2
YNL023C,195,184,6,3
YNL022C,326,295,2,21
YNL020C,231,204,11,10
YNL019C,12,9,NA,3
YNL011C,264,229,2,25
YNL008C,360,345,2,4
YNL007C,1790,1376,237,54
YNL005C,523,462,7,29
YNL003C,294,217,2,59
YNL002C,822,712,0,42
YNR001C,2761,2296,135,190
YNR002C,50,33,NA,17
YNR003C,397,322,3,46
YNR007C,150,108,0,30
YNR011C,290,269,0,14
YNR013C,1393,1305,0,44
YNR016C,8756,8623,NA,83
YNR020C,143,123,NA,18
YNR022C,287,191,10,56
YNR025C,15,9,NA,0
YNR026C,346,321,6,NA
YNR029C,249,218,0,12
YNR031C,554,545,NA,4
YNR032C-A,102,46,1,30
YNR035C,1378,1276,0,36
YNR036C,805,478,0,216
YNR037C,277,170,0,58
YNR039C,241,223,2,5
YNR041C,356,323,0,15
YNR049C,156,118,0,13
YNR050C,1070,919,20,48
YNR051C,948,546,270,106
YNR052C,503,454,27,4
YNR053C,940,864,4,58
YNR054C,238,204,3,10
YNR055C,1099,788,224,34
YNR056C,25,20,NA,3
YNR061C,338,192,22,97
YNR062C,5,2,NA,3
YNR064C,10,8,NA,2
YNR065C,826,806,NA,4
YNR066C,289,273,NA,NA
YNR067C,2006,1897,29,30
YNR068C,70,48,NA,20
YNR069C,121,91,28,NA
YNR071C,0,0,0,0
YNR073C,40,32,NA,6
YNR074C,1,1,0,NA
YNL327W,3832,3659,22,71
YNL323W,382,336,1,33
YNL321W,600,564,0,23
YNL320W,199,161,10,13
YNL317W,262,240,0,6
YNL314W,126,108,NA,15
YNL312W,293,228,6,27
YNL309W,210,168,12,20
YNL306W,594,442,9,52
YNL300W,915,331,119,344
YNL299W,199,177,7,7
YNL298W,468,449,NA,13
YNL295W,288,224,26,17
YNL293W,241,214,1,15
YNL292W,202,171,0,18
YNL290W,324,290,0,14
YNL289W,910,664,46,133
YNL288W,367,286,35,25
YNL287W,2741,2371,170,143
YNL286W,168,141,5,9
YNL281W,975,600,0,241
YNL279W,35,34,0,NA
YNL278W,195,169,9,13
YNL277W-A,15,4,NA,9
YNL277W,44,34,NA,7
YNL275W,153,143,0,5
YNL273W,442,430,NA,5
YNL268W,1850,1650,37,116
YNL267W,647,604,9,14
YNL262W,965,958,NA,1
YNL261W,352,293,9,28
YNL256W,516,485,8,8
YNL253W,180,152,4,20
YNL250W,307,289,NA,11
YNL247W,1444,1366,NA,41
YNL246W,231,160,0,60
YNL243W,1119,1064,4,25
YNL242W,241,238,3,NA
YNL239W,891,731,47,53
YNL238W,513,437,43,17
YNL237W,19,13,1,2
YNL236W,543,513,7,9
YNL234W,67,61,1,2
YNL233W,421,363,32,14
YNL232W,321,266,14,21
YNL228W,6,5,1,NA
YNL226W,0,0,0,0
YNL223W,141,126,NA,8
YNL222W,336,230,12,59
YNL220W,657,557,17,47
YNL218W,180,142,11,20
YNL217W,120,100,0,7
YNL216W,494,440,17,20
YNL215W,139,120,4,NA
YNL214W,127,79,0,33
YNL212W,588,532,9,37
YNL209W,14584,13590,42,480
YNL208W,1653,1283,0,192
YNL207W,426,376,33,7
YNL202W,54,46,0,5
YNL193W,217,202,0,3
YNL192W,1953,1842,75,NA
YNL191W,165,137,6,5
YNL190W,5660,3047,658,1750
YNL189W,1478,1203,139,80
YNL188W,170,154,11,0
YNL187W,147,104,20,16
YNL186W,856,731,54,39
YNL181W,217,195,1,14
YNL178W,8696,7162,0,537
YNL172W,653,638,8,NA
YNL165W,163,127,8,21
YNL162W-A,92,26,0,57
YNL162W,4984,3581,75,452
YNL161W,752,655,39,29
YNL160W,3988,3079,194,512
YNL158W,186,152,23,NA
YNL157W,504,362,0,63
YNL155W,347,246,24,41
YNL152W,203,184,0,6
YNL147W,206,130,20,13
YNL146W,50,18,4,18
YNL145W,0,0,0,0
YNL142W,448,357,63,NA
YNL141W,667,587,2,37
YNL138W-A,145,77,0,47
YNL138W,1689,1518,10,97
YNL136W,181,169,0,NA
YNL132W,1311,1211,37,26
YNL131W,1437,785,54,472
YNL129W,164,125,NA,29
YNL128W,24,13,11,NA
YNL127W,452,417,NA,31
YNL126W,330,313,4,7
YNL124W,305,288,0,6
YNL123W,924,882,0,10
YNL119W,315,288,0,19
YNL117W,17,14,0,2
YNL116W,406,345,8,39
YNL113W,573,319,31,145
YNL112W,1298,1134,28,87
YNL109W,13,5,6,NA
YNL107W,153,107,NA,33
YNL103W-A,4,0,3,1
YNL103W,533,465,31,13
YNL102W,927,904,NA,17
YNL101W,862,699,85,63
YNL100W,441,334,17,51
YNL097W-A,8,0,8,NA
YNL094W,569,459,80,6
YNL093W,16,9,4,2
YNL092W,47,43,0,2
YNL091W,991,947,29,NA
YNL090W,263,138,34,75
YNL088W,920,905,5,NA
YNL087W,590,517,NA,61
YNL086W,112,63,16,25
YNL085W,1744,1425,138,141
YNL083W,298,252,1,30
YNL082W,333,312,0,13
YNL078W,255,227,0,19
YNL077W,159,144,9,5
YNL076W,439,348,66,12
YNL075W,334,272,15,15
YNL073W,389,349,0,19
YNL072W,108,86,0,10
YNL071W,2309,2050,15,122
YNL070W,457,172,47,124
YNL067W-A,4,0,NA,4
YNL067W,3221,2714,55,302
YNL066W,934,674,113,106
YNL065W,483,417,13,35
YNL063W,204,188,NA,5
YNL061W,920,877,6,NA
YNL057W,13,7,NA,6
YNL056W,372,255,6,59
YNL054W,424,390,NA,26
YNL053W,307,256,8,33
YNL052W,1315,755,26,453
YNL051W,254,223,NA,11
YNL048W,393,369,0,10
YNL046W,373,277,NA,66
YNL045W,861,828,NA,22
YNL044W,858,560,66,157
YNL042W,112,94,9,3
YNL040W,462,396,2,49
YNL039W,346,320,0,9
YNL038W,209,169,0,26
YNL036W,1394,1047,67,84
YNL033W,12,9,0,3
YNL032W,339,245,45,32
YNL030W,4458,2722,127,1185
YNL027W,494,443,18,17
YNL026W,310,267,0,30
YNL021W,394,358,7,19
YNL016W,1698,1539,50,18
YNL015W,989,516,86,160
YNL014W,323,321,NA,2
YNL012W,67,53,NA,12
YNL010W,1047,840,31,87
YNL009W,135,55,NA,76
YNL006W,572,400,0,140
YNL004W,557,467,0,61
YNL001W,344,298,11,12
YNR001W-A,0,0,0,0
YNR004W,47,14,1,28
YNR006W,488,445,0,26
YNR008W,397,351,9,32
YNR009W,263,179,9,45
YNR010W,156,101,5,32
YNR012W,368,304,15,16
YNR014W,99,70,0,25
YNR015W,313,267,0,21
YNR017W,717,428,122,112
YNR018W,536,356,13,79
YNR019W,716,684,9,NA
YNR021W,1125,938,8,91
YNR023W,289,256,6,11
YNR024W,143,101,0,18
YNR027W,262,189,9,53
YNR028W,264,210,22,17
YNR030W,549,489,10,25
YNR032W,198,170,14,6
YNR033W,558,534,NA,7
YNR034W,289,212,14,45
YNR034W-A,344,201,20,63
YNR038W,417,372,NA,24
YNR040W,227,200,NA,7
YNR043W,1051,897,0,98
YNR044W,237,216,8,3
YNR045W,133,124,0,6
YNR046W,400,249,0,97
YNR047W,522,467,4,40
YNR048W,124,103,0,18
YNR058W,133,118,8,0
YNR059W,245,229,5,1
YNR060W,29,26,0,0
YNR063W,127,79,NA,46
YNR070W,4,4,NA,0
YNR072W,8,6,2,0
YNR075W,146,143,0,NA
YOL159C-A,304,74,13,180
YOL159C,161,135,0,9
YOL158C,411,368,12,17
YOL157C,130,117,NA,13
YOL155C,3022,2922,48,NA
YOL150C,13,2,NA,7
YOL148C,344,333,NA,NA
YOL147C,351,257,0,49
YOL145C,1092,1023,6,41
YOL143C,1035,670,109,118
YOL139C,2295,1774,119,180
YOL138C,579,567,NA,4
YOL136C,610,393,78,120
YOL135C,114,82,1,12
YOL128C,95,81,NA,12
YOL126C,959,716,51,120
YOL124C,251,230,1,8
YOL122C,522,439,5,55
YOL121C,3939,3087,0,245
YOL120C,6098,4436,0,671
YOL119C,660,574,2,45
YOL114C,29,29,0,0
YOL111C,283,209,26,19
YOL108C,213,108,NA,84
YOL105C,407,337,48,13
YOL102C,179,147,NA,15
YOL101C,44,39,0,3
YOL097C,1149,1012,5,62
YOL096C,160,130,1,20
YOL095C,116,112,0,0
YOL094C,187,158,3,6
YOL089C,311,301,NA,5
YOL088C,314,241,0,46
YOL087C,514,503,NA,7
YOL086C,19459,16478,429,969
YOL085C,35,3,NA,32
YOL080C,168,131,6,19
YOL077C,927,782,7,56
YOL075C,258,257,NA,NA
YOL073C,203,174,0,9
YOL070C,564,520,0,37
YOL068C,530,515,NA,NA
YOL067C,159,130,NA,19
YOL066C,241,219,8,7
YOL065C,150,134,3,3
YOL064C,244,200,7,20
YOL063C,402,387,5,5
YOL062C,593,546,0,19
YOL060C,565,472,6,61
YOL055C,196,185,NA,5
YOL052C-A,946,271,58,468
YOL052C,348,283,10,29
YOL048C,248,218,6,15
YOL043C,163,134,8,13
YOL041C,792,664,17,72
YOL040C,5560,3552,169,934
YOL038C-A,16,0,2,11
YOL037C,3,2,1,0
YOL031C,282,251,5,13
YOL029C,112,109,NA,0
YOL028C,142,95,35,NA
YOL027C,700,608,0,60
YOL026C,238,158,0,60
YOL022C,324,298,4,10
YOL021C,945,894,5,25
YOL018C,279,209,23,32
YOL016C,508,427,18,36
YOL013C,258,229,18,5
YOL012C,372,200,54,86
YOL009C,111,98,NA,5
YOL007C,513,341,24,126
YOL006C,502,452,0,34
YOL005C,336,230,16,24
YOL003C,230,204,0,18
YOL002C,258,224,0,13
YOR005C,273,256,NA,16
YOR006C,208,176,7,10
YOR007C,1145,1014,NA,78
YOR008C,581,382,71,87
YOR008C-A,0,0,0,0
YOR010C,80,72,1,2
YOR016C,316,210,32,47
YOR020C,2037,1162,107,420
YOR021C,539,414,5,85
YOR022C,145,144,NA,0
YOR023C,459,407,17,14
YOR028C,495,312,52,113
YOR032C,69,60,4,2
YOR033C,358,321,16,8
YOR034C,292,255,26,4
YOR035C,482,463,0,NA
YOR038C,303,278,6,11
YOR041C,125,4,75,44
YOR046C,974,892,10,25
YOR047C,358,278,33,29
YOR048C,1004,934,12,27
YOR049C,3,2,0,1
YOR050C,2,1,NA,1
YOR051C,559,493,0,44
YOR052C,868,435,102,232
YOR054C,422,391,9,9
YOR056C,382,338,13,13
YOR058C,404,359,NA,34
YOR059C,452,409,4,7
YOR060C,184,154,3,8
YOR062C,238,209,NA,14
YOR064C,164,131,NA,19
YOR067C,366,337,4,12
YOR068C,0,0,0,0
YOR070C,269,241,11,6
YOR071C,151,129,0,20
YOR074C,260,226,2,18
YOR076C,244,233,0,8
YOR079C,198,173,4,14
YOR081C,453,418,3,16
YOR086C,1268,1155,66,24
YOR089C,452,299,20,72
YOR090C,387,343,21,17
YOR093C,629,608,1,14
YOR095C,256,186,14,36
YOR097C,110,74,6,19
YOR098C,715,679,NA,21
YOR100C,37,30,NA,5
YOR103C,411,294,7,34
YOR108C-A,0,0,0,0
YOR115C,249,186,14,24
YOR116C,1007,943,32,17
YOR119C,586,375,8,185
YOR121C,335,4,319,NA
YOR122C,1615,870,46,481
YOR123C,440,377,22,14
YOR124C,1172,1111,18,23
YOR125C,287,198,24,41
YOR126C,168,127,0,26
YOR128C,460,447,5,3
YOR129C,169,138,7,16
YOR130C,191,161,NA,15
YOR131C,203,172,12,5
YOR137C,225,208,NA,11
YOR138C,420,379,13,19
YOR141C,512,449,0,41
YOR143C,128,115,1,3
YOR144C,187,172,NA,11
YOR145C,529,438,0,45
YOR148C,130,93,0,22
YOR149C,275,216,5,48
YOR151C,2681,2512,NA,120
YOR152C,123,77,27,15
YOR155C,347,310,NA,15
YOR156C,139,91,8,13
YOR157C,897,740,44,53
YOR159C,141,54,6,67
YOR161C,846,709,55,42
YOR161C-C,10,1,NA,9
YOR162C,348,300,24,18
YOR164C,573,428,11,91
YOR166C,256,209,5,29
YOR167C,3045,1481,0,772
YOR171C,548,515,20,NA
YOR175C,514,433,15,32
YOR177C,48,35,NA,12
YOR178C,555,497,NA,38
YOR179C,178,112,0,35
YOR180C,135,59,50,20
YOR182C,2607,1579,NA,520
YOR185C,299,225,21,27
YOR186C-A,1,1,NA,0
YOR192C,256,159,NA,88
YOR194C,401,356,23,NA
YOR196C,337,275,1,38
YOR198C,1849,1513,18,224
YOR201C,428,367,9,24
YOR205C,391,361,0,13
YOR207C,1414,1354,6,23
YOR209C,1043,815,78,83
YOR211C,685,641,NA,32
YOR213C,222,152,12,51
YOR215C,359,265,5,43
YOR216C,296,258,12,16
YOR218C,54,1,50,NA
YOR219C,578,546,NA,25
YOR221C,264,210,7,38
YOR224C,719,499,9,112
YOR226C,298,171,0,71
YOR228C,100,80,12,5
YOR234C,2941,2136,0,208
YOR242C,45,40,NA,2
YOR243C,929,834,0,65
YOR245C,311,259,21,15
YOR246C,501,406,24,36
YOR249C,194,193,0,0
YOR250C,254,230,1,7
YOR251C,407,351,1,29
YOR254C,1492,1367,0,58
YOR256C,357,335,NA,10
YOR259C,1068,974,3,33
YOR261C,1127,936,65,37
YOR267C,1035,929,40,34
YOR270C,2961,2582,187,117
YOR271C,610,519,12,30
YOR273C,813,684,37,60
YOR275C,461,419,0,28
YOR279C,113,87,9,6
YOR280C,209,176,0,15
YOR281C,406,322,3,45
YOR287C,199,171,0,16
YOR288C,258,222,4,16
YOR290C,985,950,NA,17
YOR292C,136,127,2,3
YOR293C-A,0,0,0,0
YOR297C,259,187,4,36
YOR298C-A,2927,1738,43,828
YOR304C-A,314,124,NA,171
YOR306C,149,132,6,6
YOR307C,442,337,46,33
YOR308C,211,169,1,30
YOR309C,472,300,NA,109
YOR311C,274,200,15,45
YOR312C,5892,4627,83,467
YOR313C,41,20,17,3
YOR316C,417,337,34,32
YOR318C,16,9,NA,5
YOR320C,626,532,43,19
YOR322C,486,459,NA,15
YOR323C,1086,936,0,59
YOR324C,262,224,18,13
YOR327C,406,195,52,74
YOR329C,642,617,NA,15
YOR333C,1,1,0,0
YOR335C,3022,2741,101,126
YOR339C,3,3,0,0
YOR340C,742,621,34,40
YOR342C,414,344,35,20
YOR343C,47,10,12,23
YOR344C,263,197,24,24
YOR347C,242,192,7,35
YOR348C,2610,2375,NA,183
YOR350C,341,319,1,11
YOR353C,466,454,NA,NA
YOR354C,913,838,7,36
YOR357C,355,280,0,44
YOR360C,519,423,59,19
YOR361C,2830,2729,NA,86
YOR362C,933,732,16,111
YOR363C,392,379,7,NA
YOR365C,15,11,NA,2
YOR369C,6001,3880,318,606
YOR370C,1340,1035,169,89
YOR371C,400,371,11,6
YOR372C,640,541,10,64
YOR375C,11408,9825,391,595
YOR379C,30,19,8,NA
YOR383C,276,189,9,54
YOL164W,250,239,NA,10
YOL154W,34,25,1,2
YOL152W,71,65,0,4
YOL151W,221,194,0,8
YOL149W,210,190,0,NA
YOL146W,193,169,0,12
YOL144W,323,299,7,4
YOL142W,300,254,0,17
YOL141W,115,105,4,NA
YOL140W,607,532,4,41
YOL137W,404,321,11,37
YOL133W,308,138,4,132
YOL132W,7,5,NA,1
YOL130W,850,671,58,101
YOL129W,544,353,0,84
YOL127W,5959,4411,90,449
YOL125W,146,130,4,1
YOL123W,1776,1070,639,NA
YOL117W,182,180,0,NA
YOL116W,180,133,21,17
YOL115W,320,288,17,NA
YOL113W,418,375,13,15
YOL112W,391,331,37,8
YOL110W,53,42,0,9
YOL109W,4927,2749,397,1009
YOL107W,272,243,7,15
YOL103W,665,565,38,37
YOL100W,471,441,NA,15
YOL097W-A,30,4,11,6
YOL093W,249,201,1,26
YOL092W,459,422,11,5
YOL091W,78,73,NA,2
YOL090W,579,553,1,7
YOL086W-A,196,122,14,28
YOL085W-A,36,7,8,20
YOL083W,85,71,3,3
YOL082W,428,366,26,23
YOL081W,2120,2082,NA,24
YOL078W,268,253,0,3
YOL077W-A,705,338,27,176
YOL076W,485,442,2,26
YOL072W,172,162,NA,6
YOL071W,221,154,NA,34
YOL069W,246,222,0,18
YOL061W,957,842,12,72
YOL059W,920,794,NA,108
YOL058W,2214,1847,123,165
YOL057W,601,539,0,41
YOL056W,142,113,5,17
YOL054W,149,125,6,7
YOL053W,182,172,NA,9
YOL051W,1151,1137,NA,NA
YOL049W,767,653,25,47
YOL045W,511,461,18,19
YOL044W,142,122,5,8
YOL042W,241,196,3,24
YOL039W,5228,2647,86,1580
YOL038W,812,691,13,38
YOL036W,682,509,130,34
YOL034W,262,246,0,7
YOL033W,260,230,7,14
YOL032W,169,134,9,9
YOL030W,1428,1226,44,94
YOL025W,116,106,1,1
YOL024W,2,2,NA,0
YOL023W,338,307,0,19
YOL020W,917,795,24,53
YOL019W,731,578,62,73
YOL017W,258,243,7,5
YOL015W,93,51,38,2
YOL014W,35,16,10,6
YOL013W-B,4,2,0,NA
YOL013W-A,1212,1208,NA,3
YOL011W,1044,821,173,NA
YOL010W,435,351,13,37
YOL008W,180,135,0,28
YOL004W,1498,1469,NA,18
YOL001W,239,132,93,NA
YOR001W,693,657,4,12
YOR002W,696,636,12,13
YOR003W,140,107,2,29
YOR004W,358,261,22,47
YOR009W,313,294,NA,16
YOR011W,150,145,NA,3
YOR013W,18,15,NA,3
YOR014W,961,826,113,NA
YOR015W,146,112,7,7
YOR017W,351,321,5,16
YOR018W,292,278,6,NA
YOR019W,107,92,NA,14
YOR020W-A,241,137,1,65
YOR025W,500,419,0,52
YOR026W,326,268,NA,45
YOR027W,2730,2470,0,133
YOR029W,3,1,2,NA
YOR030W,400,353,18,14
YOR031W,107,41,6,39
YOR032W-A,75,4,65,3
YOR036W,229,202,0,11
YOR037W,267,230,4,21
YOR039W,583,369,89,115
YOR040W,68,59,NA,6
YOR042W,580,493,9,20
YOR043W,1153,812,228,71
YOR044W,195,101,55,29
YOR045W,831,347,78,232
YOR053W,14,2,9,NA
YOR057W,337,288,6,18
YOR061W,715,507,48,115
YOR063W,13268,11271,24,1012
YOR065W,2771,1601,390,651
YOR066W,528,462,NA,50
YOR069W,389,348,11,20
YOR073W,210,189,3,5
YOR075W,227,217,0,NA
YOR077W,58,46,6,NA
YOR078W,307,261,0,10
YOR080W,292,287,0,NA
YOR084W,163,143,8,3
YOR085W,483,418,15,22
YOR087W,441,402,6,19
YOR091W,457,367,15,30
YOR092W,248,205,9,24
YOR094W,178,107,13,39
YOR096W,5677,4406,87,450
YOR099W,743,645,23,37
YOR101W,217,137,10,49
YOR102W,48,0,47,NA
YOR104W,277,207,48,NA
YOR106W,124,91,11,16
YOR107W,84,44,18,17
YOR108W,1858,1665,8,96
YOR109W,1014,966,29,NA
YOR110W,188,173,7,2
YOR111W,240,149,5,73
YOR112W,379,351,9,5
YOR113W,405,382,NA,20
YOR114W,149,87,17,33
YOR117W,1011,837,42,86
YOR118W,250,189,20,19
YOR120W,1557,1206,136,84
YOR127W,996,922,NA,43
YOR132W,372,326,12,9
YOR133W,22227,21106,83,559
YOR136W,2942,2341,202,261
YOR140W,403,301,38,53
YOR142W,1373,876,208,210
YOR146W,0,0,0,0
YOR147W,315,280,2,24
YOR150W,404,297,8,54
YOR153W,3472,3309,120,NA
YOR154W,207,187,0,10
YOR158W,516,484,3,10
YOR160W,682,631,14,14
YOR163W,169,128,0,17
YOR165W,742,674,11,34
YOR168W,2285,2116,13,64
YOR172W,333,311,2,10
YOR173W,354,305,4,26
YOR174W,263,207,22,14
YOR176W,528,415,29,45
YOR181W,388,347,15,14
YOR184W,1262,1067,45,88
YOR186W,34,7,26,0
YOR187W,1899,1596,0,173
YOR188W,482,471,6,NA
YOR189W,236,120,0,72
YOR190W,31,16,15,NA
YOR191W,820,768,12,25
YOR193W,140,125,0,7
YOR195W,493,437,13,29
YOR197W,653,605,0,28
YOR202W,630,601,0,NA
YOR204W,4559,3363,NA,1126
YOR206W,1315,1228,6,42
YOR208W,703,653,NA,34
YOR210W,787,204,50,392
YOR212W,505,438,NA,49
YOR217W,561,491,18,37
YOR220W,437,371,6,38
YOR222W,585,507,6,19
YOR223W,228,183,3,26
YOR227W,965,926,NA,32
YOR229W,200,144,5,38
YOR230W,2162,1807,36,186
YOR231W,371,291,21,39
YOR232W,1097,746,122,143
YOR233W,229,217,NA,6
YOR235W,60,52,0,NA
YOR236W,47,35,0,3
YOR237W,5,5,NA,0
YOR238W,208,185,0,16
YOR239W,695,664,7,NA
YOR241W,588,541,NA,40
YOR244W,343,280,12,24
YOR247W,2852,1968,680,NA
YOR252W,250,192,9,28
YOR253W,326,252,1,39
YOR255W,2,1,1,0
YOR257W,109,66,5,12
YOR258W,63,49,0,9
YOR260W,976,882,15,48
YOR262W,192,162,4,15
YOR264W,524,471,11,20
YOR265W,172,131,7,7
YOR266W,201,177,7,9
YOR269W,120,101,4,12
YOR272W,594,543,9,18
YOR274W,151,150,NA,NA
YOR276W,843,588,11,124
YOR278W,160,138,0,10
YOR283W,288,194,35,34
YOR284W,129,81,1,39
YOR285W,801,607,NA,107
YOR286W,531,394,NA,84
YOR289W,125,107,NA,12
YOR291W,710,689,NA,10
YOR293W,4157,2592,87,865
YOR294W,405,294,21,60
YOR295W,107,56,8,37
YOR296W,306,302,3,NA
YOR298W,35,25,9,NA
YOR299W,440,425,2,NA
YOR301W,270,213,0,46
YOR303W,3228,2966,NA,144
YOR304W,469,448,NA,15
YOR305W,327,278,24,NA
YOR314W,0,0,0,0
YOR314W-A,4,0,3,NA
YOR315W,392,281,6,90
YOR317W,2929,2479,23,327
YOR319W,163,127,0,21
YOR321W,258,243,3,5
YOR325W,7,0,6,0
YOR326W,2155,2083,NA,51
YOR328W,371,364,NA,4
YOR332W,1209,918,35,113
YOR334W,181,168,NA,9
YOR336W,409,400,1,4
YOR337W,462,419,NA,39
YOR338W,37,19,4,12
YOR341W,4289,3893,122,203
YOR346W,493,440,31,15
YOR349W,264,255,0,6
YOR352W,177,149,9,10
YOR355W,1425,967,300,117
YOR356W,406,360,3,27
YOR358W,134,83,1,41
YOR359W,271,233,10,20
YOR364W,12,9,1,NA
YOR366W,20,15,NA,2
YOR367W,295,231,0,35
YOR368W,171,150,0,17
YOR373W,329,311,NA,10
YOR374W,1812,1557,43,123
YOR376W-A,419,24,142,225
YOR377W,443,364,0,53
YOR378W,20,16,NA,4
YOR380W,305,260,27,3
YOR381W,196,157,24,9
YOR381W-A,19,0,1,18
YOR382W,69,54,0,6
YOR384W,23,1,0,22
YOR385W,173,124,0,37
YOR386W,208,202,0,NA
YOR389W,262,224,0,32
YOR390W,342,263,NA,55
YPL279C,349,275,NA,54
YPL272C,319,135,178,NA
YPL264C,104,82,NA,19
YPL263C,547,518,0,12
YPL261C,4,2,1,0
YPL259C,381,311,2,47
YPL258C,339,181,155,NA
YPL256C,1289,1017,118,98
YPL253C,158,139,2,8
YPL252C,162,117,7,21
YPL250C,478,246,30,128
YPL249C-A,4847,2699,117,1294
YPL249C,242,232,0,2
YPL248C,46,43,0,3
YPL247C,353,314,NA,25
YPL246C,537,431,15,65
YPL244C,261,223,0,18
YPL242C,1108,1049,NA,48
YPL241C,166,147,0,8
YPL240C,6428,6072,92,107
YPL236C,207,169,6,25
YPL234C,834,543,31,144
YPL227C,221,192,15,1
YPL224C,249,207,NA,29
YPL223C,31,21,NA,8
YPL222C-A,6,3,1,NA
YPL217C,879,854,9,NA
YPL214C,478,426,28,9
YPL212C,560,537,7,NA
YPL210C,1147,1045,4,42
YPL209C,79,66,3,7
YPL206C,501,427,3,45
YPL205C,9,2,NA,4
YPL202C,324,226,13,77
YPL199C,345,316,0,13
YPL197C,13,1,11,NA
YPL192C,22,2,18,0
YPL191C,152,105,3,39
YPL190C,1437,1238,37,123
YPL189C-A,575,183,94,238
YPL186C,153,120,NA,27
YPL184C,891,616,235,20
YPL183C,696,674,0,5
YPL177C,528,410,32,54
YPL176C,729,653,1,54
YPL174C,289,278,NA,4
YPL172C,314,263,20,21
YPL171C,59,42,NA,14
YPL169C,565,501,5,42
YPL167C,330,320,2,NA
YPL165C,1,0,1,0
YPL164C,163,157,5,NA
YPL163C,1175,888,6,230
YPL162C,194,133,8,43
YPL161C,195,189,1,NA
YPL159C,284,184,16,59
YPL158C,801,744,16,15
YPL156C,28,18,6,NA
YPL155C,376,294,3,72
YPL154C,3081,2294,490,129
YPL153C,183,167,NA,14
YPL151C,245,221,2,16
YPL148C,247,136,33,57
YPL146C,578,511,2,45
YPL145C,1914,1191,212,438
YPL141C,601,547,41,NA
YPL140C,282,196,41,31
YPL139C,227,198,8,6
YPL138C,187,145,6,18
YPL137C,711,680,NA,25
YPL135C-A,23,0,0,23
YPL134C,222,174,0,28
YPL133C,192,161,13,8
YPL128C,341,269,12,43
YPL127C,565,405,2,102
YPL123C,259,216,6,24
YPL122C,251,235,1,8
YPL119C-A,29,13,NA,13
YPL119C,54,52,1,NA
YPL117C,965,735,92,44
YPL115C,562,530,NA,26
YPL113C,52,43,0,7
YPL112C,547,488,15,16
YPL110C,520,502,NA,7
YPL109C,155,139,9,3
YPL106C,4590,4381,69,NA
YPL105C,1190,1101,0,53
YPL103C,233,208,0,15
YPL102C,6,0,NA,6
YPL099C,131,96,0,28
YPL098C,352,200,8,106
YPL096C-A,101,48,3,37
YPL095C,146,132,0,7
YPL094C,575,489,0,39
YPL090C,9126,7702,141,643
YPL089C,853,751,47,29
YPL086C,497,441,8,27
YPL083C,273,239,11,8
YPL082C,1012,978,NA,14
YPL078C,1586,1088,65,352
YPL077C,96,62,NA,31
YPL071C,148,101,16,13
YPL069C,144,123,0,13
YPL068C,176,151,0,8
YPL067C,298,214,16,34
YPL064C,308,266,0,13
YPL058C,1275,1210,NA,43
YPL057C,1015,625,101,236
YPL056C,69,19,18,26
YPL055C,215,192,0,8
YPL053C,775,659,29,43
YPL050C,978,735,102,68
YPL049C,526,443,6,57
YPL046C,93,50,0,33
YPL042C,204,162,16,19
YPL041C,76,56,0,13
YPL040C,404,396,NA,6
YPL037C,2055,1551,91,97
YPL033C,3,3,NA,0
YPL032C,850,707,58,52
YPL031C,409,338,6,26
YPL026C,751,626,16,81
YPL025C,14,10,1,3
YPL023C,565,488,28,18
YPL020C,397,350,25,6
YPL019C,520,470,16,13
YPL017C,84,82,NA,NA
YPL015C,434,320,14,85
YPL013C,152,126,4,0
YPL011C,238,191,3,26
YPL009C,916,862,1,41
YPL007C,292,265,3,16
YPL004C,2548,1903,12,418
YPL002C,194,125,0,51
YPR002C-A,742,636,21,NA
YPR003C,267,229,4,26
YPR004C,502,456,0,15
YPR005C,263,191,NA,54
YPR006C,128,111,NA,13
YPR007C,54,48,NA,6
YPR010C,3191,3007,22,97
YPR010C-A,540,305,21,79
YPR011C,166,123,13,23
YPR013C,119,76,23,15
YPR015C,12,10,NA,1
YPR016C,1581,1092,132,223
YPR017C,175,105,0,57
YPR021C,362,351,NA,4
YPR022C,564,542,NA,15
YPR023C,436,381,10,33
YPR025C,209,167,0,24
YPR027C,5,4,NA,1
YPR029C,889,772,13,69
YPR033C,1755,1657,NA,48
YPR037C,149,117,6,14
YPR042C,683,679,NA,NA
YPR044C,1,1,NA,NA
YPR045C,374,324,11,18
YPR049C,297,279,3,8
YPR050C,3,3,NA,NA
YPR052C,525,284,NA,182
YPR053C,459,282,168,NA
YPR060C,418,297,27,67
YPR061C,60,53,0,3
YPR063C,528,309,21,135
YPR068C,65,63,NA,0
YPR069C,1020,881,5,50
YPR073C,302,186,12,76
YPR074C,4410,4002,101,142
YPR075C,235,187,14,21
YPR081C,220,215,NA,NA
YPR082C,233,174,0,34
YPR085C,314,259,15,23
YPR088C,1052,975,5,36
YPR091C,483,426,3,35
YPR093C,98,85,3,3
YPR095C,280,264,NA,12
YPR098C,179,129,4,15
YPR102C,6217,5089,97,427
YPR104C,385,302,44,36
YPR105C,536,506,6,10
YPR107C,210,152,24,14
YPR110C,1205,994,0,141
YPR112C,628,606,7,NA
YPR120C,259,227,9,11
YPR123C,111,16,88,7
YPR126C,10,0,10,NA
YPR128C,143,118,5,11
YPR133C,566,474,19,24
YPR138C,866,662,116,56
YPR139C,248,198,16,19
YPR141C,289,241,18,20
YPR144C,719,679,2,22
YPR145C-A,14,5,7,NA
YPR146C,46,43,NA,NA
YPR148C,869,747,14,69
YPR151C,66,21,40,NA
YPR152C,114,76,0,35
YPR155C,282,250,8,10
YPR156C,1014,800,105,76
YPR161C,468,419,12,23
YPR162C,270,253,0,6
YPR163C,1979,1592,87,158
YPR166C,336,196,13,47
YPR167C,88,78,NA,7
YPR170C,10,2,4,3
YPR173C,809,748,5,29
YPR174C,131,110,0,11
YPR176C,242,191,NA,37
YPR179C,252,232,2,6
YPR181C,1921,1680,10,168
YPR186C,118,100,NA,14
YPR188C,222,153,0,30
YPR190C,391,366,1,16
YPR193C,155,28,NA,117
YPR194C,540,505,NA,25
YPR195C,104,24,NA,80
YPR197C,1,1,NA,0
YPR199C,195,151,0,34
YPR200C,23,17,NA,3
YPL274W,1926,1822,21,27
YPL273W,1008,852,41,43
YPL271W,1024,498,23,327
YPL270W,448,408,0,24
YPL269W,182,166,0,9
YPL268W,195,183,3,1
YPL267W,228,183,0,15
YPL266W,539,455,18,29
YPL265W,1353,1066,76,179
YPL262W,958,903,NA,23
YPL260W,1227,1029,55,97
YPL257W,133,48,6,70
YPL255W,142,117,1,22
YPL254W,308,260,24,14
YPL251W,2,1,NA,0
YPL245W,209,181,1,9
YPL243W,1028,909,31,48
YPL239W,415,275,18,82
YPL237W,1376,1117,38,101
YPL235W,752,661,28,15
YPL233W,155,119,4,15
YPL232W,713,518,118,34
YPL231W,16292,15907,NA,266
YPL230W,227,189,7,12
YPL229W,161,119,2,33
YPL228W,433,352,32,22
YPL226W,2193,1997,4,141
YPL225W,930,597,6,187
YPL222W,175,157,5,6
YPL221W,1230,1078,50,75
YPL220W,8279,7231,0,385
YPL219W,215,185,2,18
YPL218W,1116,890,35,124
YPL216W,177,176,NA,NA
YPL215W,466,367,6,65
YPL213W,235,174,4,35
YPL211W,603,435,5,110
YPL208W,348,331,NA,13
YPL207W,646,587,23,20
YPL204W,832,682,80,39
YPL203W,322,220,31,58
YPL200W,3,2,1,0
YPL198W,6247,5928,21,156
YPL196W,188,161,7,6
YPL195W,836,778,0,32
YPL194W,108,94,0,9
YPL193W,294,206,2,71
YPL189W,33,28,1,3
YPL188W,378,337,0,27
YPL187W,5274,3382,212,1216
YPL185W,3,2,1,0
YPL183W-A,307,138,66,63
YPL181W,388,326,24,22
YPL180W,362,321,3,28
YPL179W,855,627,98,93
YPL178W,438,324,15,56
YPL175W,345,302,7,16
YPL173W,415,274,21,81
YPL170W,350,229,29,53
YPL168W,143,115,14,3
YPL166W,343,115,2,215
YPL160W,3494,3176,43,196
YPL157W,246,140,10,90
YPL152W,240,186,13,21
YPL150W,430,402,NA,23
YPL149W,241,211,4,3
YPL147W,79,74,NA,4
YPL144W,241,194,0,25
YPL143W,4514,2794,50,820
YPL135W,1066,482,78,393
YPL132W,217,165,20,18
YPL131W,10294,8652,0,889
YPL129W,384,293,14,45
YPL126W,1253,1199,16,NA
YPL125W,673,630,30,NA
YPL124W,109,85,2,11
YPL120W,222,197,0,14
YPL118W,751,591,54,44
YPL116W,481,448,NA,19
YPL114W,66,15,0,45
YPL111W,1292,1060,36,91
YPL108W,86,55,NA,28
YPL107W,145,106,9,15
YPL104W,321,291,4,10
YPL101W,371,323,12,22
YPL100W,202,186,4,5
YPL097W,319,277,3,17
YPL096W,171,161,0,9
YPL093W,1730,1474,9,159
YPL092W,211,169,19,15
YPL091W,777,695,NA,51
YPL088W,342,292,7,26
YPL087W,438,350,12,39
YPL085W,1454,1431,NA,15
YPL084W,693,637,10,22
YPL081W,2922,2229,60,429
YPL079W,5672,4328,46,696
YPL076W,158,81,15,58
YPL075W,612,554,NA,46
YPL074W,309,283,0,12
YPL072W,201,175,15,4
YPL070W,380,331,25,13
YPL066W,711,625,34,28
YPL065W,140,111,NA,10
YPL063W,776,652,47,34
YPL062W,2,1,NA,1
YPL061W,4308,3674,124,262
YPL060W,119,89,17,5
YPL059W,433,278,24,70
YPL054W,21,18,2,NA
YPL052W,203,158,7,20
YPL051W,109,70,0,26
YPL048W,1699,1423,23,158
YPL047W,200,71,23,92
YPL045W,348,294,15,28
YPL043W,619,576,13,NA
YPL038W,109,84,2,13
YPL036W,1853,1853,NA,NA
YPL034W,215,105,66,23
YPL030W,264,243,3,11
YPL029W,227,209,3,3
YPL028W,2323,1862,118,153
YPL027W,2,2,0,0
YPL024W,384,309,14,35
YPL022W,891,807,9,57
YPL018W,216,106,0,102
YPL016W,525,509,NA,9
YPL014W,188,139,0,31
YPL012W,1758,1690,25,NA
YPL010W,745,541,26,91
YPL008W,503,430,46,10
YPL006W,779,742,7,5
YPL005W,107,96,2,8
YPL003W,147,139,0,0
YPL001W,212,190,1,4
YPR001W,35,31,0,3
YPR002W,159,130,2,17
YPR008W,508,420,62,12
YPR009W,102,78,9,7
YPR012W,11,3,8,NA
YPR018W,288,248,6,18
YPR019W,576,527,14,22
YPR020W,791,454,87,126
YPR024W,1687,1199,86,350
YPR026W,343,341,NA,NA
YPR028W,1722,1163,61,324
YPR030W,207,193,NA,4
YPR031W,189,187,0,NA
YPR032W,320,310,NA,8
YPR034W,494,413,7,59
YPR035W,2721,2092,178,301
YPR036W,2786,2472,71,139
YPR036W-A,3617,997,440,1609
YPR040W,212,193,NA,5
YPR041W,1468,1126,134,119
YPR043W,3471,2080,168,478
YPR046W,98,72,0,20
YPR047W,221,194,5,12
YPR048W,290,265,1,5
YPR051W,256,200,1,27
YPR054W,9,6,3,0
YPR055W,560,545,4,NA
YPR056W,288,248,0,26
YPR057W,175,167,NA,0
YPR058W,261,215,0,23
YPR062W,436,334,7,72
YPR065W,459,370,29,38
YPR066W,69,67,NA,NA
YPR067W,166,122,5,21
YPR070W,356,288,3,52
YPR071W,130,67,0,46
YPR072W,800,691,42,31
YPR079W,200,159,13,9
YPR080W,46052,41139,339,2434
YPR083W,186,172,0,10
YPR084W,185,138,15,23
YPR086W,237,193,0,28
YPR087W,26,3,13,NA
YPR089W,686,646,8,27
YPR094W,118,76,2,10
YPR097W,793,693,57,22
YPR100W,275,177,6,27
YPR101W,176,132,0,25
YPR103W,919,736,37,50
YPR106W,254,236,0,NA
YPR108W,1130,921,69,95
YPR108W-A,243,240,NA,1
YPR109W,228,187,32,NA
YPR111W,264,247,2,7
YPR113W,940,727,4,92
YPR114W,451,363,21,39
YPR115W,692,629,NA,50
YPR116W,53,26,NA,27
YPR117W,508,475,29,NA
YPR118W,586,533,4,24
YPR119W,660,446,139,36
YPR121W,99,93,NA,2
YPR122W,371,351,NA,15
YPR124W,214,151,23,34
YPR125W,407,319,18,47
YPR127W,216,178,11,15
YPR129W,604,534,1,26
YPR132W,5609,4136,80,786
YPR133W-A,509,144,1,230
YPR134W,98,79,0,12
YPR135W,407,392,NA,10
YPR137W,607,519,21,46
YPR140W,264,228,14,10
YPR143W,285,212,4,40
YPR145W,5557,5121,43,198
YPR149W,3753,2149,557,635
YPR150W,20,10,10,NA
YPR153W,60,35,3,15
YPR154W,434,313,0,86
YPR157W,45,42,0,1
YPR158W,300,225,26,32
YPR159W,1561,1234,132,149
YPR160W,3895,3448,220,134
YPR164W,824,686,0,126
YPR165W,1898,1162,356,269
YPR169W,617,559,9,18
YPR170W-B,804,375,NA,315
YPR171W,224,203,3,3
YPR172W,160,129,3,8
YPR175W,240,235,0,2
YPR178W,189,174,0,6
YPR180W,299,263,1,10
YPR182W,150,76,19,28
YPR183W,937,765,21,72
YPR184W,907,876,NA,24
YPR185W,389,333,39,10
YPR187W,686,524,0,85
YPR189W,784,755,NA,17
YPR191W,1587,1228,49,233
YPR192W,7,6,0,0
YPR196W,196,150,1,42
YPR198W,401,356,13,7
YPR201W,72,30,NA,42