trx,cds,utr5,utr3,
YAL067C,16,16,NA,0
YAL063C-A,26,5,19,0
YAL063C,141,138,NA,2
YAL054C,52,39,NA,11
YAL049C,341,247,12,48
YAL047C,84,81,0,1
YAL046C,120,87,0,24
YAL044C,518,404,0,35
YAL043C,419,385,0,20
YAL040C,666,511,98,39
YAL039C,302,250,9,26
YAL037C-A,2,0,1,1
YAL036C,350,323,4,2
YAL034C-B,1,1,NA,0
YAL034C,111,71,28,5
YAL032C,53,44,0,2
YAL031C,163,147,4,10
YAL029C,694,669,NA,19
YAL026C-A,49,43,NA,0
YAL026C,556,556,0,NA
YAL025C,246,177,1,48
YAL024C,238,227,NA,9
YAL023C,1749,1592,64,54
YAL022C,268,246,0,6
YAL021C,834,750,13,48
YAL020C,58,50,NA,8
YAL018C,4,2,0,2
YAL015C,114,111,NA,0
YAL014C,103,82,4,10
YAL010C,87,77,0,8
YAL007C,439,306,21,69
YAL005C,15158,14670,172,NA
YAL001C,226,222,0,NA
YAR002C-A,623,488,0,57
YAR007C,399,375,8,6
YAR014C,337,297,7,21
YAR018C,273,254,0,9
YAR019C,127,122,NA,3
YAR023C,35,16,19,NA
YAR047C,0,0,0,0
YAL066W,1,1,0,NA
YAL064W-B,34,11,22,1
YAL062W,117,114,NA,2
YAL061W,52,37,2,10
YAL060W,370,340,3,10
YAL059W,109,75,NA,32
YAL058W,165,149,4,5
YAL056W,272,260,1,3
YAL055W,32,23,0,3
YAL053W,1069,945,53,36
YAL051W,205,185,NA,16
YAL047W-A,1,1,NA,0
YAL044W-A,153,95,NA,40
YAL042W,609,533,0,29
YAL041W,312,290,4,8
YAL038W,32939,29298,273,1670
YAL037W,9,9,NA,NA
YAL035W,2007,1974,6,NA
YAL034W-A,37,33,1,1
YAL033W,109,88,NA,10
YAL030W,200,99,0,56
YAL028W,45,41,0,1
YAL027W,57,47,NA,5
YAL019W,476,467,NA,3
YAL017W,576,537,34,NA
YAL016W,736,649,34,24
YAL013W,151,120,0,20
YAL012W,1748,1484,53,107
YAL011W,61,55,NA,4
YAL009W,86,76,NA,6
YAL008W,139,100,3,28
YAL004W,267,1,252,14
YAL003W,5653,4158,0,838
YAL002W,227,220,NA,3
YAR002W,306,280,4,14
YAR003W,158,96,3,47
YAR008W,60,46,6,6
YAR015W,306,240,17,28
YAR019W-A,33,4,NA,27
YAR027W,224,146,30,31
YAR028W,78,57,1,12
YAR029W,16,7,5,3
YAR031W,44,37,NA,6
YAR033W,53,36,3,9
YAR035W,39,34,NA,4
YAR042W,481,448,NA,27
YAR050W,199,196,NA,1
YAR053W,9,6,0,NA
YAR071W,158,153,NA,0
YBL113C,3724,3630,NA,59
YBL107C,153,105,NA,36
YBL106C,99,96,NA,2
YBL105C,487,435,25,16
YBL104C,209,201,NA,6
YBL103C,144,97,24,20
YBL101C,429,410,NA,17
YBL093C,107,82,4,15
YBL091C-A,47,34,NA,7
YBL091C,473,415,2,28
YBL088C,325,322,NA,1
YBL087C,3160,2388,24,332
YBL086C,78,72,0,0
YBL084C,283,278,NA,2
YBL080C,115,108,0,5
YBL078C,111,54,4,41
YBL076C,3464,3273,0,99
YBL075C,121,113,NA,2
YBL074C,36,35,NA,NA
YBL072C,7712,6468,0,592
YBL071C,0,0,0,0
YBL070C,8,1,5,NA
YBL067C,286,238,43,NA
YBL066C,256,221,1,27
YBL064C,344,293,4,20
YBL061C,367,328,10,9
YBL059C-A,184,83,6,55
YBL057C,156,115,0,18
YBL055C,144,132,0,7
YBL052C,196,183,10,0
YBL051C,559,456,11,71
YBL047C,1722,1575,56,61
YBL045C,1591,1249,86,175
YBL042C,619,567,8,16
YBL040C,353,289,12,23
YBL039C,1099,1016,NA,69
YBL036C,278,217,0,34
YBL035C,179,170,1,1
YBL034C,293,283,NA,8
YBL033C,158,142,2,5
YBL030C,3410,2206,340,693
YBL029C-A,102,48,15,21
YBL028C,181,91,3,55
YBL023C,420,375,5,31
YBL022C,925,875,12,20
YBL021C,38,24,0,6
YBL018C,132,105,6,6
YBL017C,974,944,NA,17
YBL014C,209,200,1,5
YBL010C,61,51,NA,9
YBL007C,1384,1321,18,16
YBL006C,168,113,0,51
YBL003C,1508,942,23,340
YBL001C,429,296,0,54
YBR001C,287,262,7,10
YBR002C,101,82,0,12
YBR004C,141,122,0,10
YBR007C,170,162,NA,6
YBR008C,84,72,5,5
YBR009C,1618,1121,54,329
YBR011C,3386,2727,51,403
YBR012C,1,0,NA,1
YBR013C,1,0,1,NA
YBR014C,211,151,5,31
YBR015C,971,811,27,88
YBR017C,608,567,7,18
YBR018C,13,8,0,4
YBR019C,11,8,NA,2
YBR023C,1080,1045,NA,27
YBR025C,2514,2068,30,288
YBR026C,399,333,NA,43
YBR028C,196,175,11,3
YBR029C,561,484,11,37
YBR034C,430,346,0,47
YBR035C,515,413,5,55
YBR036C,665,527,9,83
YBR037C,213,179,3,16
YBR042C,127,111,0,8
YBR043C,255,222,13,10
YBR044C,161,144,1,4
YBR045C,48,44,NA,3
YBR046C,119,90,3,14
YBR049C,420,365,10,35
YBR050C,3,2,1,0
YBR052C,303,227,33,11
YBR053C,285,261,0,13
YBR055C,189,179,0,4
YBR057C,139,105,12,13
YBR058C,285,274,0,1
YBR058C-A,206,111,2,52
YBR059C,707,675,15,NA
YBR060C,151,138,3,4
YBR061C,179,144,0,27
YBR062C,108,86,0,12
YBR063C,124,105,4,10
YBR065C,100,90,3,NA
YBR066C,45,40,NA,5
YBR067C,1097,837,34,135
YBR068C,1216,1016,9,154
YBR069C,774,658,30,58
YBR070C,89,81,0,1
YBR072C-A,3,1,NA,2
YBR076C-A,37,15,NA,19
YBR077C,118,88,19,NA
YBR079C,2088,1974,15,64
YBR080C,621,571,1,33
YBR081C,304,293,NA,10
YBR082C,1591,1072,129,207
YBR084C-A,4334,3495,5,193
YBR085C-A,1086,357,30,529
YBR086C,1495,1287,109,68
YBR088C,460,417,11,6
YBR089C-A,304,159,NA,111
YBR091C,90,57,5,18
YBR092C,1821,1694,8,27
YBR093C,625,605,4,7
YBR095C,96,89,2,3
YBR099C,12,4,8,NA
YBR101C,248,218,6,7
YBR102C,237,212,4,17
YBR103C-A,1,0,NA,1
YBR105C,79,65,0,8
YBR107C,37,15,1,17
YBR109C,1213,745,27,293
YBR111C,442,389,NA,31
YBR112C,1328,1291,NA,29
YBR115C,1363,1317,NA,31
YBR120C,118,76,19,12
YBR121C,2394,2262,59,NA
YBR122C,340,213,13,83
YBR123C,164,154,4,1
YBR125C,231,172,21,32
YBR126C,1095,930,61,63
YBR127C,2942,2540,29,290
YBR128C,16,15,0,NA
YBR129C,115,94,3,8
YBR130C,198,173,4,12
YBR132C,210,143,18,40
YBR133C,415,367,17,18
YBR138C,145,124,0,14
YBR140C,1018,1002,NA,12
YBR141C,42,38,0,3
YBR143C,1182,1010,9,105
YBR144C,0,0,0,0
YBR150C,238,229,0,4
YBR154C,395,299,16,41
YBR156C,111,98,1,9
YBR157C,27,25,NA,2
YBR162C,2475,2010,198,173
YBR164C,260,170,32,29
YBR166C,291,267,1,9
YBR167C,47,38,NA,8
YBR169C,360,307,1,30
YBR170C,205,189,4,9
YBR172C,368,323,13,20
YBR173C,317,209,3,82
YBR174C,6,0,0,6
YBR177C,842,717,3,81
YBR179C,288,256,8,6
YBR181C,6956,6102,62,321
YBR182C,79,58,NA,19
YBR182C-A,4,2,0,1
YBR185C,226,181,0,28
YBR188C,84,51,6,19
YBR193C,98,57,3,22
YBR195C,105,92,0,8
YBR196C,8208,7135,98,553
YBR197C,96,55,0,38
YBR198C,357,329,4,11
YBR201C-A,32,9,0,19
YBR204C,145,106,6,24
YBR208C,517,442,57,14
YBR211C,41,36,1,NA
YBR216C,153,134,0,13
YBR218C,2259,2153,7,55
YBR221C,1829,1173,304,227
YBR222C,560,488,8,29
YBR223C,79,67,0,11
YBR229C,636,615,0,10
YBR230C,379,263,8,61
YBR231C,57,45,6,2
YBR234C,654,579,12,29
YBR236C,202,165,3,21
YBR238C,220,210,NA,NA
YBR239C,118,104,3,7
YBR240C,27,24,NA,3
YBR241C,116,111,1,1
YBR243C,224,200,1,16
YBR245C,441,440,NA,NA
YBR247C,364,302,0,34
YBR248C,416,364,10,21
YBR249C,2385,1985,120,178
YBR254C,70,51,0,11
YBR255C-A,60,32,1,13
YBR256C,536,457,0,42
YBR258C,38,24,0,6
YBR260C,252,229,0,14
YBR261C,234,166,5,35
YBR262C,156,97,7,35
YBR264C,52,44,0,2
YBR269C,206,117,0,56
YBR270C,38,36,2,0
YBR272C,184,157,0,22
YBR273C,214,187,1,14
YBR275C,375,372,NA,NA
YBR276C,390,368,5,6
YBR277C,0,0,0,0
YBR280C,103,94,0,8
YBR281C,285,269,1,11
YBR283C,1046,904,56,70
YBR288C,263,238,1,10
YBR291C,92,76,1,6
YBR292C,54,3,47,NA
YBR296C,15,13,0,2
YBR298C,67,43,19,1
YBL102W,290,225,11,33
YBL100W-C,1,0,0,0
YBL099W,3447,2649,462,223
YBL098W,369,348,NA,3
YBL097W,116,101,3,9
YBL095W,113,90,0,15
YBL092W,5638,4133,241,719
YBL090W,143,105,3,22
YBL089W,109,90,2,8
YBL085W,341,319,NA,11
YBL081W,277,255,13,5
YBL079W,864,849,4,NA
YBL071W-A,127,43,17,54
YBL068W,258,218,4,17
YBL063W,136,135,0,NA
YBL060W,95,93,0,0
YBL059W,48,40,NA,5
YBL058W,533,426,7,66
YBL056W,615,476,7,108
YBL054W,170,146,10,12
YBL050W,322,243,25,16
YBL048W,13,7,NA,3
YBL046W,109,84,NA,18
YBL043W,24,12,4,6
YBL041W,479,390,3,31
YBL039W-B,36,4,7,18
YBL038W,203,149,12,11
YBL037W,366,329,9,18
YBL032W,429,313,31,53
YBL031W,59,51,0,6
YBL029W,67,57,NA,9
YBL027W,4746,3592,60,475
YBL026W,261,118,45,68
YBL025W,39,16,4,14
YBL024W,624,605,5,NA
YBL020W,188,176,2,5
YBL019W,67,61,NA,4
YBL016W,206,173,NA,24
YBL015W,282,237,7,27
YBL011W,435,390,8,29
YBL009W,189,173,4,6
YBL008W,171,163,NA,7
YBL005W,149,131,1,12
YBL004W,1379,1368,NA,4
YBL002W,1128,737,4,228
YBR003W,299,264,1,17
YBR005W,102,71,8,20
YBR006W,88,72,5,9
YBR010W,2315,1699,43,304
YBR016W,213,123,7,52
YBR020W,25,20,2,2
YBR021W,282,248,7,21
YBR022W,83,55,7,10
YBR024W,97,89,5,NA
YBR030W,119,109,6,0
YBR031W,8726,7621,0,487
YBR033W,31,28,NA,3
YBR038W,817,733,6,60
YBR039W,963,707,35,139
YBR041W,413,370,5,22
YBR047W,15,9,0,2
YBR048W,4693,3458,0,835
YBR051W,0,0,0,0
YBR054W,1873,1164,256,382
YBR056W,314,302,0,5
YBR056W-A,116,22,3,77
YBR071W,362,217,19,90
YBR072W,106,74,7,15
YBR073W,646,628,NA,12
YBR074W,524,503,NA,5
YBR076W,9,9,NA,0
YBR078W,6563,4907,465,854
YBR083W,271,252,11,NA
YBR084W,1321,1244,0,44
YBR085W,22,17,0,2
YBR087W,215,187,0,15
YBR094W,276,259,8,NA
YBR096W,371,291,13,36
YBR097W,232,225,NA,4
YBR098W,87,83,0,3
YBR103W,135,115,9,5
YBR104W,137,114,9,4
YBR106W,1335,1002,43,186
YBR108W,325,306,1,14
YBR110W,211,182,0,17
YBR111W-A,117,49,4,45
YBR114W,125,117,2,3
YBR118W,44482,40875,61,1369
YBR119W,106,87,4,7
YBR131W,67,63,0,3
YBR135W,243,173,19,25
YBR136W,341,308,NA,31
YBR137W,146,120,NA,25
YBR139W,546,482,NA,44
YBR141W-A,11,1,0,9
YBR142W,378,341,5,24
YBR145W,126,107,4,6
YBR146W,477,329,19,91
YBR147W,59,51,4,1
YBR148W,42,41,NA,1
YBR149W,855,697,16,78
YBR151W,421,291,35,52
YBR152W,37,34,1,NA
YBR153W,75,54,1,11
YBR155W,110,99,1,3
YBR158W,502,387,54,51
YBR159W,501,432,17,30
YBR160W,287,232,18,18
YBR161W,122,95,4,13
YBR162W-A,284,122,0,52
YBR163W,116,110,4,0
YBR165W,99,81,4,8
YBR168W,65,50,11,NA
YBR171W,204,140,2,32
YBR175W,57,46,NA,8
YBR176W,101,83,3,7
YBR178W,4,4,0,0
YBR183W,177,145,7,3
YBR184W,20,16,NA,2
YBR186W,8,8,0,NA
YBR187W,401,287,30,54
YBR189W,4545,3444,75,398
YBR192W,232,156,35,33
YBR194W,77,39,8,17
YBR199W,421,355,23,22
YBR200W,238,190,5,33
YBR201W,96,58,23,8
YBR202W,454,400,5,24
YBR203W,309,272,9,21
YBR205W,500,462,8,NA
YBR207W,201,166,3,16
YBR210W,71,62,1,0
YBR212W,355,269,54,25
YBR213W,75,57,2,8
YBR214W,432,371,10,26
YBR215W,150,129,0,12
YBR217W,40,21,2,14
YBR225W,191,175,NA,14
YBR228W,43,37,NA,4
YBR230W-A,85,31,4,34
YBR233W,105,91,2,4
YBR233W-A,60,31,1,22
YBR235W,268,261,2,5
YBR237W,141,131,3,4
YBR242W,235,169,32,15
YBR244W,37,30,1,3
YBR246W,168,139,2,14
YBR250W,20,15,3,NA
YBR251W,220,192,3,10
YBR252W,227,156,0,34
YBR253W,94,65,15,3
YBR255W,86,79,0,5
YBR257W,56,45,3,0
YBR259W,125,119,0,5
YBR263W,654,613,2,9
YBR265W,184,154,0,23
YBR267W,198,158,0,21
YBR268W,171,99,0,53
YBR271W,97,83,1,3
YBR274W,154,141,3,1
YBR278W,69,54,1,7
YBR279W,236,208,4,13
YBR282W,182,121,4,27
YBR284W,68,59,5,NA
YBR285W,14,9,NA,5
YBR286W,2105,1923,9,73
YBR287W,407,360,9,21
YBR289W,427,416,0,0
YBR290W,134,120,0,6
YBR293W,86,74,NA,11
YBR294W,6,4,NA,0
YBR295W,207,198,NA,4
YBR297W,88,68,1,15
YBR299W,102,96,0,2
YCL064C,106,84,0,10
YCL061C,409,396,4,NA
YCL059C,586,461,11,72
YCL057C-A,606,419,11,18
YCL056C,72,65,NA,0
YCL052C,574,455,14,72
YCL050C,1335,1133,24,87
YCL049C,531,430,6,53
YCL047C,265,241,NA,14
YCL045C,1674,1540,31,36
YCL044C,391,337,10,32
YCL043C,5834,5466,NA,189
YCL041C,495,452,1,NA
YCL038C,277,262,3,5
YCL037C,1615,1155,51,351
YCL035C,998,609,8,189
YCL033C,377,328,NA,31
YCL031C,523,445,6,39
YCL030C,1574,1428,22,65
YCL029C,272,193,2,62
YCL026C-B,132,103,5,10
YCL026C-A,8,5,NA,3
YCL025C,1754,1622,16,63
YCL017C,1253,1062,74,63
YCL016C,177,144,2,20
YCL012C,334,208,8,47
YCL011C,871,785,5,47
YCL010C,184,163,0,6
YCL009C,3455,2818,0,436
YCL008C,383,329,NA,45
YCL002C,175,142,0,23
YCR002C,860,712,46,34
YCR004C,1364,864,164,201
YCR005C,1549,1251,32,159
YCR007C,50,32,11,4
YCR009C,768,624,25,81
YCR010C,5,2,NA,2
YCR011C,1013,949,20,24
YCR014C,112,100,NA,5
YCR015C,111,101,0,7
YCR017C,1569,1445,13,76
YCR020C,55,41,NA,3
YCR020C-A,231,130,0,66
YCR021C,48,38,3,3
YCR022C,9,3,0,6
YCR023C,436,350,12,51
YCR024C,342,292,0,31
YCR024C-B,3093,1479,0,1033
YCR024C-A,1733,538,852,NA
YCR025C,17,12,NA,4
YCR026C,637,541,9,70
YCR027C,188,81,22,68
YCR028C,314,250,10,38
YCR028C-A,907,429,49,279
YCR030C,1209,1080,23,68
YCR031C,8179,5655,0,1324
YCR035C,362,308,0,34
YCR037C,716,672,NA,23
YCR038C,148,119,NA,11
YCR042C,790,772,1,NA
YCR043C,513,317,14,104
YCR044C,258,226,0,13
YCR045C,5,3,1,0
YCR046C,554,430,NA,69
YCR047C,304,198,8,79
YCR054C,200,179,3,12
YCR057C,1056,958,7,58
YCR059C,420,340,0,57
YCR064C,9,7,NA,NA
YCR067C,1103,1035,29,19
YCR071C,318,236,16,26
YCR072C,441,397,2,23
YCR073C,460,445,1,6
YCR075C,157,128,0,16
YCR076C,127,109,0,12
YCR077C,1691,1559,16,80
YCR084C,2500,2044,191,186
YCR087C-A,265,193,8,27
YCR090C,429,325,15,36
YCR092C,327,298,0,18
YCR095C,192,155,8,11
YCR098C,50,44,NA,6
YCR102C,50,39,3,7
YCL063W,322,266,3,33
YCL058W-A,104,75,0,13
YCL057W,1246,1162,0,67
YCL055W,176,146,0,17
YCL054W,804,744,0,27
YCL051W,275,221,31,6
YCL048W,16,12,NA,1
YCL040W,3269,2818,NA,332
YCL039W,425,406,0,7
YCL036W,236,211,NA,16
YCL034W,476,404,1,20
YCL032W,235,200,2,18
YCL028W,1044,898,9,58
YCL027W,44,35,2,3
YCL024W,496,482,4,NA
YCL021W-A,65,37,9,6
YCL018W,387,364,3,6
YCL014W,1190,1123,30,17
YCL005W-A,669,392,27,120
YCL005W,201,169,2,21
YCL004W,203,176,7,8
YCL001W,488,390,2,44
YCR003W,383,288,3,50
YCR008W,901,633,158,91
YCR012W,33404,28311,297,2849
YCR016W,264,214,0,30
YCR019W,172,128,17,18
YCR020W-B,195,46,0,127
YCR032W,582,572,NA,9
YCR033W,751,706,NA,41
YCR034W,1825,1578,7,113
YCR036W,472,409,NA,21
YCR045W-A,114,21,34,53
YCR048W,382,339,4,25
YCR051W,477,302,4,127
YCR052W,830,649,8,120
YCR053W,3918,3596,80,89
YCR061W,642,510,5,102
YCR063W,156,66,0,80
YCR065W,650,483,26,106
YCR066W,135,117,0,7
YCR068W,205,181,15,2
YCR069W,609,430,71,71
YCR073W-A,457,401,0,17
YCR075W-A,118,73,0,25
YCR079W,213,185,2,18
YCR081W,404,399,0,NA
YCR082W,409,289,10,45
YCR083W,233,182,0,21
YCR085W,5,4,1,NA
YCR086W,145,126,2,NA
YCR088W,2137,1850,51,146
YCR089W,340,334,NA,3
YCR091W,127,119,0,4
YCR093W,3149,3069,4,40
YCR094W,419,333,3,64
YCR095W-A,91,5,6,78
YCR097W,0,0,0,0
YCR105W,18,15,NA,2
YCR106W,219,215,0,NA
YCR107W,149,105,NA,38
YDL243C,60,41,16,3
YDL239C,82,77,NA,2
YDL238C,93,88,2,0
YDL235C,378,222,50,64
YDL234C,262,230,15,6
YDL231C,249,242,NA,4
YDL227C,166,161,NA,5
YDL226C,453,358,0,65
YDL224C,509,392,68,24
YDL222C,15,15,NA,NA
YDL220C,137,120,NA,15
YDL217C,146,109,18,4
YDL216C,56,48,NA,7
YDL215C,409,382,NA,22
YDL214C,29,24,2,3
YDL213C,242,202,0,15
YDL211C,56,49,1,4
YDL209C,67,51,0,12
YDL205C,136,104,16,12
YDL203C,202,159,14,17
YDL200C,51,43,NA,3
YDL199C,55,50,1,2
YDL198C,533,423,5,59
YDL197C,101,90,0,7
YDL190C,519,448,22,34
YDL188C,427,344,27,35
YDL187C,13,3,9,NA
YDL184C,4382,396,56,2987
YDL183C,38,29,2,2
YDL177C,37,32,0,4
YDL175C,104,88,1,11
YDL174C,474,454,0,NA
YDL171C,4093,3899,148,NA
YDL169C,39,32,NA,6
YDL167C,318,273,2,29
YDL166C,147,121,2,16
YDL164C,260,231,0,23
YDL160C-A,68,23,2,26
YDL160C,655,444,72,121
YDL157C,190,130,1,7
YDL153C,282,255,1,13
YDL148C,363,346,2,NA
YDL145C,2173,1927,107,80
YDL144C,191,167,0,16
YDL142C,113,96,3,6
YDL140C,2033,1965,NA,41
YDL139C,42,33,NA,6
YDL135C,304,187,6,93
YDL134C,527,380,100,20
YDL133C-A,4521,396,0,3150
YDL126C,3162,2998,35,25
YDL125C,501,371,NA,84
YDL121C,177,115,0,44
YDL119C,114,84,3,19
YDL115C,83,69,0,7
YDL113C,149,127,5,9
YDL111C,225,187,10,8
YDL110C,252,148,10,67
YDL109C,69,56,NA,11
YDL106C,195,176,1,9
YDL104C,32,30,0,1
YDL103C,391,341,10,12
YDL101C,216,187,0,11
YDL100C,992,840,20,75
YDL098C,45,37,0,7
YDL097C,741,670,4,42
YDL094C,4,4,0,0
YDL091C,112,97,3,5
YDL090C,93,79,0,9
YDL088C,287,252,8,21
YDL087C,47,34,0,8
YDL086C-A,9,4,0,5
YDL085C-A,97,27,15,36
YDL083C,3757,2549,0,712
YDL081C,3176,1542,325,676
YDL080C,149,134,NA,9
YDL079C,18,17,NA,1
YDL078C,597,506,16,16
YDL077C,237,231,NA,5
YDL076C,116,82,4,22
YDL074C,383,345,4,17
YDL072C,685,493,41,97
YDL069C,58,42,5,5
YDL067C,383,96,17,161
YDL065C,147,131,0,1
YDL063C,355,322,14,9
YDL061C,1812,716,0,648
YDL059C,25,21,3,NA
YDL055C,4813,3582,511,521
YDL054C,175,163,3,4
YDL053C,329,190,66,45
YDL052C,301,261,2,13
YDL049C,50,39,2,7
YDL048C,92,85,0,5
YDL045C,117,99,7,4
YDL044C,107,81,0,13
YDL043C,102,63,3,30
YDL042C,153,135,5,6
YDL040C,921,867,4,26
YDL039C,39,37,NA,2
YDL036C,123,105,NA,14
YDL035C,330,308,NA,18
YDL033C,86,73,0,10
YDL028C,228,200,9,12
YDL027C,183,147,4,20
YDL025C,194,168,16,4
YDL024C,22,13,NA,9
YDL020C,406,322,40,33
YDL019C,572,552,NA,13
YDL018C,147,105,11,11
YDL015C,580,538,15,NA
YDL012C,199,123,0,47
YDL009C,12,5,7,NA
YDL005C,214,175,0,29
YDL002C,93,57,3,24
YDR001C,847,776,NA,50
YDR005C,165,138,9,9
YDR006C,304,275,14,9
YDR008C,15,4,NA,11
YDR010C,5,3,2,0
YDR016C,76,40,0,26
YDR017C,318,292,NA,17
YDR018C,36,28,NA,7
YDR019C,306,264,NA,33
YDR020C,78,43,NA,32
YDR022C,41,36,0,3
YDR026C,127,109,4,5
YDR027C,208,188,8,7
YDR028C,942,846,NA,84
YDR030C,75,68,0,3
YDR032C,992,654,62,150
YDR034C,227,207,10,6
YDR036C,219,198,0,16
YDR038C,917,899,NA,11
YDR042C,11,10,NA,0
YDR045C,197,81,55,46
YDR046C,699,619,29,25
YDR048C,5,0,4,1
YDR050C,8863,7461,162,511
YDR051C,187,162,11,9
YDR052C,277,213,17,42
YDR054C,461,268,48,128
YDR056C,221,170,11,22
YDR058C,45,37,0,6
YDR059C,136,100,0,20
YDR066C,34,24,4,2
YDR067C,85,69,1,2
YDR069C,219,201,NA,17
YDR070C,10,4,0,4
YDR071C,478,347,23,46
YDR072C,394,323,24,26
YDR078C,17,16,0,1
YDR079C-A,79,34,3,31
YDR081C,225,210,6,4
YDR084C,150,105,0,29
YDR085C,253,230,NA,20
YDR086C,960,369,145,356
YDR087C,185,161,3,12
YDR088C,92,59,18,13
YDR090C,117,82,4,21
YDR091C,1063,855,29,149
YDR097C,314,295,5,8
YDR098C,441,414,NA,16
YDR101C,562,521,0,23
YDR104C,133,128,NA,4
YDR105C,211,186,8,7
YDR107C,85,75,0,8
YDR109C,116,108,NA,7
YDR111C,110,87,13,9
YDR113C,82,69,2,6
YDR116C,277,231,0,26
YDR117C,175,165,2,3
YDR120C,409,368,NA,38
YDR123C,93,55,2,34
YDR125C,56,26,NA,29
YDR129C,1124,959,9,115
YDR130C,99,78,0,14
YDR131C,108,101,1,3
YDR132C,60,48,2,8
YDR133C,1217,475,412,175
YDR135C,1332,1300,NA,24
YDR139C,191,89,5,59
YDR141C,621,619,NA,NA
YDR142C,99,82,7,4
YDR143C,293,236,22,25
YDR144C,383,328,15,27
YDR146C,442,415,NA,19
YDR148C,620,514,1,69
YDR151C,195,152,10,18
YDR153C,304,241,16,33
YDR162C,127,78,15,25
YDR164C,221,203,1,6
YDR166C,280,269,NA,1
YDR169C,286,186,53,42
YDR170C,1975,1903,NA,63
YDR173C,74,66,1,NA
YDR175C,208,180,4,16
YDR179C,39,31,0,6
YDR181C,109,96,0,12
YDR185C,43,23,7,6
YDR186C,470,429,7,19
YDR190C,563,487,9,36
YDR192C,121,107,2,4
YDR194C,886,793,5,61
YDR196C,75,62,NA,7
YDR198C,104,99,0,3
YDR200C,168,152,5,9
YDR202C,95,86,1,3
YDR207C,144,137,6,NA
YDR215C,11,2,0,9
YDR217C,255,249,0,NA
YDR218C,12,10,NA,0
YDR219C,141,120,NA,17
YDR224C,1335,967,49,123
YDR228C,188,172,8,1
YDR231C,163,124,0,29
YDR233C,1905,1481,50,231
YDR236C,104,78,6,7
YDR238C,1628,1472,10,92
YDR239C,154,146,0,6
YDR240C,78,77,0,0
YDR243C,102,75,0,26
YDR248C,151,121,10,9
YDR249C,54,45,1,5
YDR253C,18,10,5,1
YDR255C,106,63,0,38
YDR256C,8,7,NA,1
YDR257C,189,152,0,30
YDR258C,952,888,2,34
YDR259C,68,47,12,6
YDR260C,79,40,0,37
YDR261C,517,462,4,36
YDR263C,39,37,0,2
YDR264C,497,411,16,55
YDR266C,405,341,28,28
YDR267C,109,88,4,9
YDR271C,6,2,NA,4
YDR274C,0,0,0,0
YDR276C,1305,326,81,624
YDR277C,130,96,6,23
YDR281C,4,1,0,1
YDR282C,85,53,0,29
YDR283C,457,440,NA,13
YDR284C,437,293,97,22
YDR286C,71,42,NA,12
YDR289C,144,123,1,8
YDR292C,313,275,21,6
YDR293C,1105,943,151,NA
YDR294C,535,496,4,12
YDR295C,162,143,13,2
YDR298C,708,390,95,155
YDR300C,256,228,4,12
YDR303C,325,288,22,9
YDR304C,621,499,15,52
YDR305C,96,83,NA,6
YDR306C,119,105,3,5
YDR308C,99,59,13,15
YDR309C,286,258,9,0
YDR310C,557,486,32,27
YDR313C,99,75,0,12
YDR314C,79,76,2,0
YDR315C,69,56,1,7
YDR319C,87,64,8,6
YDR320C,254,235,2,5
YDR320C-A,91,48,NA,26
YDR322C-A,355,176,0,138
YDR323C,60,50,0,10
YDR324C,541,503,NA,36
YDR326C,549,530,NA,12
YDR328C,481,315,38,99
YDR329C,179,156,1,5
YDR333C,290,240,1,38
YDR338C,124,105,1,15
YDR339C,194,162,0,17
YDR341C,1547,1388,0,95
YDR342C,3783,3358,97,183
YDR343C,3501,3230,73,64
YDR345C,3965,3508,51,251
YDR346C,572,443,26,89
YDR348C,275,219,25,24
YDR349C,492,446,3,28
YDR350C,192,179,1,7
YDR357C,200,145,5,26
YDR359C,335,278,29,19
YDR361C,216,146,6,49
YDR362C,122,102,7,7
YDR364C,113,88,0,23
YDR365C,314,293,3,8
YDR366C,438,423,0,NA
YDR369C,108,99,NA,6
YDR370C,80,74,0,3
YDR372C,504,334,85,59
YDR375C,282,258,0,10
YDR378C,296,133,0,92
YDR379C-A,67,34,0,14
YDR381C-A,89,51,NA,28
YDR383C,40,31,0,3
YDR384C,228,174,7,33
YDR387C,140,124,4,8
YDR390C,294,282,0,3
YDR391C,114,103,0,4
YDR397C,200,124,20,36
YDR402C,6,5,NA,1
YDR404C,235,118,56,46
YDR407C,359,345,3,4
YDR408C,216,164,3,29
YDR410C,77,68,0,3
YDR411C,232,195,7,18
YDR414C,116,84,12,14
YDR415C,108,89,2,10
YDR422C,304,261,4,28
YDR423C,124,120,NA,2
YDR424C,119,80,0,7
YDR426C,30,0,NA,0
YDR428C,145,123,0,13
YDR429C,757,626,0,65
YDR430C,517,480,14,8
YDR435C,124,97,0,17
YDR441C,226,126,23,61
YDR443C,418,348,NA,66
YDR445C,1787,1787,NA,0
YDR447C,4166,3158,39,419
YDR449C,200,175,2,13
YDR451C,175,144,1,22
YDR453C,46,29,2,12
YDR454C,850,656,0,135
YDR458C,192,171,1,15
YDR459C,70,63,3,2
YDR461C-A,35,21,0,4
YDR465C,253,208,1,26
YDR468C,152,107,21,16
YDR470C,160,131,7,11
YDR473C,78,63,5,4
YDR475C,200,189,0,10
YDR476C,196,138,0,44
YDR479C,130,110,3,10
YDR481C,493,442,11,8
YDR482C,45,32,0,9
YDR485C,154,138,0,7
YDR486C,193,142,0,33
YDR487C,726,525,9,126
YDR488C,70,64,NA,6
YDR490C,232,209,12,3
YDR495C,129,113,NA,12
YDR496C,541,493,1,26
YDR497C,2841,2510,113,97
YDR498C,82,76,0,3
YDR500C,2529,1767,0,313
YDR502C,2441,1886,48,349
YDR503C,103,77,0,21
YDR504C,102,60,NA,33
YDR505C,565,515,38,NA
YDR506C,107,58,0,43
YDR507C,521,491,NA,25
YDR508C,1725,1645,21,3
YDR510C-A,4,0,4,NA
YDR512C,116,86,NA,25
YDR514C,99,87,3,3
YDR516C,405,353,9,28
YDR520C,104,89,3,8
YDR522C,5,5,NA,0
YDR523C,13,12,NA,1
YDR524C,290,231,4,34
YDR524C-B,6377,1899,470,3447
YDR524C-A,367,1,1,365
YDR529C,898,569,13,207
YDR530C,72,57,NA,8
YDR532C,62,57,0,2
YDR533C,473,392,4,20
YDR534C,53,45,0,8
YDR535C,37,4,NA,32
YDR540C,54,28,1,22
YDR541C,93,67,10,12
YDL248W,694,554,0,122
YDL244W,59,55,NA,3
YDL242W,8,4,NA,4
YDL241W,49,18,7,18
YDL240W,182,161,NA,18
YDL237W,301,278,1,13
YDL236W,354,291,0,33
YDL233W,108,93,0,10
YDL232W,213,35,0,127
YDL230W,110,100,0,2
YDL229W,15496,14611,67,316
YDL225W,279,247,4,7
YDL221W,7,2,NA,5
YDL219W,214,140,4,39
YDL218W,14,9,0,5
YDL212W,592,419,1,97
YDL210W,20,18,NA,2
YDL208W,500,365,2,91
YDL207W,164,153,2,3
YDL206W,121,110,6,1
YDL204W,131,87,28,7
YDL202W,230,197,6,18
YDL201W,173,137,0,15
YDL195W,2072,1945,59,40
YDL194W,85,83,NA,2
YDL193W,195,139,12,33
YDL192W,2066,1668,36,159
YDL191W,4160,2922,4,536
YDL189W,220,181,20,11
YDL185W,6206,5721,167,193
YDL182W,959,884,5,49
YDL181W,244,86,37,55
YDL180W,135,113,12,4
YDL179W,161,126,11,12
YDL178W,360,327,1,17
YDL176W,124,111,9,1
YDL173W,252,245,NA,NA
YDL170W,151,134,NA,11
YDL168W,384,306,5,35
YDL165W,122,99,3,6
YDL161W,264,239,0,17
YDL159W,110,98,1,10
YDL156W,76,75,1,NA
YDL155W,184,137,11,18
YDL154W,53,47,NA,6
YDL150W,217,190,13,NA
YDL149W,114,108,NA,5
YDL147W,670,574,4,71
YDL146W,101,78,10,11
YDL143W,992,870,9,39
YDL141W,335,263,36,24
YDL138W,136,111,9,12
YDL137W,1310,875,135,167
YDL136W,3436,2858,59,104
YDL133W,110,92,3,10
YDL132W,472,410,55,NA
YDL131W,1265,1152,11,48
YDL130W-A,260,118,0,90
YDL130W,3601,2073,0,790
YDL129W,23,16,0,6
YDL128W,568,470,11,48
YDL127W,82,57,3,20
YDL124W,1164,1003,11,40
YDL123W,126,40,3,70
YDL122W,531,487,30,NA
YDL120W,264,166,17,55
YDL117W,335,282,22,25
YDL116W,302,279,5,5
YDL114W,0,0,0,0
YDL112W,675,650,NA,15
YDL108W,90,83,1,3
YDL107W,70,65,1,3
YDL105W,56,45,0,7
YDL102W,282,268,6,4
YDL099W,186,157,6,11
YDL095W,1637,1540,10,32
YDL093W,214,178,2,27
YDL092W,191,132,1,36
YDL089W,120,102,13,1
YDL086W,691,606,NA,17
YDL085W,12,8,1,1
YDL084W,2070,1741,170,75
YDL082W,3599,2965,2,389
YDL075W,3422,2453,95,282
YDL073W,243,218,17,0
YDL070W,456,415,0,15
YDL068W,4,1,NA,3
YDL066W,1183,1029,0,84
YDL064W,203,138,2,41
YDL060W,400,393,0,NA
YDL058W,468,452,1,11
YDL057W,58,51,2,1
YDL056W,199,194,NA,4
YDL051W,556,461,4,35
YDL046W,580,302,23,204
YDL045W-A,173,88,1,35
YDL041W,2,1,0,1
YDL032W,0,0,0,0
YDL031W,497,469,5,12
YDL030W,66,59,0,2
YDL029W,690,589,0,41
YDL025W-A,5,0,1,4
YDL022W,1680,1321,73,178
YDL021W,108,99,0,2
YDL017W,78,66,NA,7
YDL014W,1662,1118,226,220
YDL013W,123,98,3,14
YDL010W,139,93,1,35
YDL008W,90,62,1,18
YDL007W,530,471,1,35
YDL006W,122,78,27,10
YDL004W,754,466,16,165
YDL003W,197,173,NA,10
YDL001W,100,80,2,10
YDR002W,1556,1093,15,273
YDR003W-A,34,4,NA,26
YDR004W,87,77,NA,8
YDR007W,33,29,0,2
YDR009W,30,30,0,0
YDR011W,943,854,28,43
YDR012W,8311,7748,17,157
YDR013W,79,64,0,8
YDR014W,93,79,2,10
YDR014W-A,15,7,NA,5
YDR021W,72,61,1,5
YDR023W,1750,1615,3,36
YDR024W,17,4,NA,NA
YDR025W,4099,3501,NA,252
YDR031W,87,56,0,18
YDR033W,6639,4239,716,1497
YDR034W-B,65,16,1,34
YDR035W,929,755,4,114
YDR037W,2825,2655,0,35
YDR041W,225,174,0,30
YDR044W,212,170,0,26
YDR047W,273,224,21,15
YDR049W,139,124,1,7
YDR055W,1943,1641,38,136
YDR057W,128,117,1,3
YDR060W,917,870,4,19
YDR061W,243,210,3,13
YDR062W,862,601,133,88
YDR063W,148,91,16,17
YDR064W,4470,3519,0,337
YDR065W,60,39,1,20
YDR068W,99,90,6,NA
YDR073W,126,79,32,NA
YDR074W,1004,919,54,NA
YDR075W,77,48,7,15
YDR076W,524,33,0,486
YDR077W,27555,21736,242,4457
YDR079W,104,40,1,48
YDR080W,218,214,1,NA
YDR082W,49,38,2,8
YDR083W,211,182,0,6
YDR089W,262,239,2,12
YDR092W,232,175,1,25
YDR093W,657,621,28,NA
YDR096W,276,259,NA,14
YDR099W,1866,1350,165,244
YDR100W,136,90,2,27
YDR103W,228,221,NA,3
YDR106W,15,13,NA,1
YDR108W,125,115,4,2
YDR110W,124,103,0,16
YDR115W,194,115,5,39
YDR118W,91,87,0,NA
YDR119W,552,513,13,17
YDR119W-A,57,9,4,36
YDR121W,105,66,10,13
YDR122W,492,463,NA,24
YDR124W,45,23,11,11
YDR126W,42,39,1,NA
YDR127W,3749,3620,2,35
YDR128W,311,288,NA,17
YDR137W,174,149,2,16
YDR138W,166,155,0,2
YDR140W,92,70,0,11
YDR145W,506,462,11,20
YDR147W,117,108,3,1
YDR150W,2716,2684,8,13
YDR152W,173,154,4,4
YDR158W,2696,2469,0,179
YDR159W,278,267,5,NA
YDR160W,122,110,7,NA
YDR161W,227,204,0,6
YDR163W,97,73,NA,9
YDR165W,349,302,4,19
YDR167W,154,126,0,16
YDR168W,444,401,3,16
YDR171W,344,296,20,10
YDR172W,1513,1346,21,101
YDR174W,760,539,6,137
YDR176W,205,191,0,9
YDR177W,352,282,12,37
YDR178W,410,248,48,77
YDR179W-A,89,81,3,0
YDR180W,240,237,2,NA
YDR182W,306,289,11,0
YDR183W,78,58,1,11
YDR188W,1019,914,7,73
YDR189W,438,396,5,22
YDR191W,56,47,1,3
YDR195W,142,127,10,3
YDR197W,140,118,1,9
YDR201W,57,48,NA,8
YDR204W,155,138,0,6
YDR205W,190,182,0,3
YDR206W,425,368,42,NA
YDR208W,443,396,16,17
YDR210W,337,149,0,98
YDR211W,657,602,5,37
YDR212W,978,865,19,33
YDR213W,101,91,9,1
YDR214W,1203,975,72,78
YDR216W,607,546,NA,52
YDR221W,217,177,0,30
YDR222W,82,68,1,9
YDR223W,11,11,0,NA
YDR225W,1605,1030,131,273
YDR226W,1605,1283,24,109
YDR227W,277,252,4,16
YDR229W,117,106,8,3
YDR232W,791,619,100,43
YDR234W,585,534,0,28
YDR235W,137,121,NA,9
YDR237W,282,216,16,32
YDR241W,42,17,NA,22
YDR242W,89,80,3,2
YDR244W,237,195,1,25
YDR245W,424,321,12,58
YDR246W,117,90,1,18
YDR247W,83,60,7,13
YDR251W,525,466,55,NA
YDR252W,49,14,0,28
YDR254W,59,55,1,0
YDR262W,134,96,0,28
YDR265W,64,42,7,12
YDR268W,120,103,3,7
YDR270W,106,106,NA,0
YDR272W,188,169,5,4
YDR273W,11,10,1,NA
YDR275W,94,52,23,14
YDR279W,111,97,4,0
YDR280W,124,89,16,10
YDR285W,48,42,NA,6
YDR287W,91,73,1,14
YDR288W,98,86,NA,6
YDR291W,228,220,NA,5
YDR296W,280,226,7,20
YDR297W,324,263,1,42
YDR299W,234,203,6,9
YDR301W,293,275,1,10
YDR302W,103,79,4,9
YDR307W,282,255,1,23
YDR311W,166,143,1,13
YDR312W,222,195,2,19
YDR316W,201,187,0,7
YDR317W,31,25,0,3
YDR318W,62,55,0,3
YDR320W-B,18,1,1,NA
YDR321W,725,600,13,56
YDR322W,346,306,2,16
YDR325W,233,222,NA,7
YDR330W,182,155,2,21
YDR331W,229,204,0,9
YDR332W,95,89,0,3
YDR334W,316,284,11,16
YDR335W,648,624,NA,14
YDR336W,61,55,NA,3
YDR337W,179,153,8,11
YDR347W,423,339,12,38
YDR351W,343,338,NA,NA
YDR352W,225,146,22,49
YDR353W,1010,850,25,35
YDR354W,378,311,18,15
YDR356W,195,171,0,18
YDR358W,195,174,3,11
YDR363W,117,67,9,39
YDR363W-A,186,97,4,37
YDR367W,269,224,7,17
YDR368W,577,438,18,69
YDR371W,168,134,5,14
YDR374W-A,119,64,0,31
YDR376W,211,185,9,5
YDR377W,581,216,27,245
YDR379W,236,217,6,3
YDR380W,227,204,6,11
YDR381W,752,573,0,111
YDR382W,3516,1796,416,813
YDR385W,23973,22462,67,823
YDR386W,83,75,0,6
YDR388W,937,798,14,71
YDR389W,229,200,NA,27
YDR392W,84,73,3,6
YDR393W,125,115,0,8
YDR394W,549,463,26,35
YDR395W,921,839,41,23
YDR396W,2,1,NA,0
YDR398W,296,262,3,16
YDR399W,264,184,17,32
YDR401W,15,4,NA,10
YDR403W,47,34,NA,11
YDR405W,164,123,5,23
YDR406W,241,241,NA,NA
YDR409W,160,148,NA,11
YDR412W,147,115,4,20
YDR416W,160,151,3,1
YDR418W,4324,3285,106,417
YDR419W,122,104,0,16
YDR420W,1442,1396,NA,34
YDR421W,171,164,4,0
YDR425W,136,113,NA,19
YDR427W,550,479,9,28
YDR434W,373,328,13,16
YDR436W,165,139,17,8
YDR438W,35,33,0,2
YDR439W,81,70,3,6
YDR440W,121,115,4,2
YDR442W,0,0,0,0
YDR444W,112,103,4,3
YDR446W,7,6,NA,NA
YDR448W,109,94,0,11
YDR450W,3803,2631,0,577
YDR452W,442,401,12,22
YDR456W,384,343,2,17
YDR457W,1583,1537,17,22
YDR460W,100,75,6,11
YDR461W,3,1,0,1
YDR462W,137,86,7,20
YDR463W,278,234,3,26
YDR464W,281,274,6,NA
YDR466W,250,228,4,12
YDR469W,111,104,1,3
YDR471W,1888,1327,9,334
YDR472W,145,120,1,18
YDR477W,466,372,58,25
YDR478W,37,29,0,2
YDR483W,908,799,17,62
YDR484W,151,142,2,0
YDR489W,80,59,0,19
YDR492W,199,160,18,4
YDR493W,128,77,9,26
YDR494W,330,283,4,17
YDR499W,90,87,0,NA
YDR501W,40,30,0,9
YDR510W,653,347,72,118
YDR511W,158,136,NA,13
YDR513W,444,325,1,52
YDR515W,145,122,16,3
YDR517W,360,294,7,28
YDR518W,289,271,2,4
YDR519W,304,170,0,103
YDR525W-A,286,120,6,108
YDR527W,166,157,0,9
YDR528W,119,73,31,12
YDR531W,273,233,9,11
YDR536W,6,5,NA,1
YDR538W,91,57,5,24
YDR539W,292,269,1,10
YEL073C,55,38,0,10
YEL068C,48,26,0,16
YEL064C,109,87,1,18
YEL063C,241,185,17,31
YEL061C,179,163,11,NA
YEL060C,1952,1669,40,166
YEL059C-A,77,39,11,7
YEL057C,4,2,NA,2
YEL055C,698,651,11,15
YEL054C,3772,2686,46,768
YEL053C,196,183,4,1
YEL050C,481,387,7,51
YEL048C,91,37,NA,46
YEL047C,355,335,0,NA
YEL046C,1780,1107,NA,603
YEL039C,123,83,16,13
YEL037C,466,366,44,35
YEL036C,539,456,30,36
YEL034C-A,0,0,0,0
YEL029C,107,77,7,19
YEL025C,278,249,NA,26
YEL023C,60,39,21,NA
YEL017C-A,1422,342,24,888
YEL016C,90,75,10,2
YEL009C-A,13,6,NA,6
YEL009C,3764,2155,1251,166
YEL008C-A,23,2,NA,21
YEL005C,56,47,2,5
YEL002C,662,563,26,31
YEL001C,450,371,12,36
YER003C,1124,1004,9,37
YER007C-A,388,291,12,36
YER008C,455,435,3,7
YER010C,122,103,0,11
YER017C,642,578,NA,47
YER018C,99,75,3,11
YER019C-A,518,344,34,40
YER023C-A,0,0,0,0
YER026C,910,743,2,85
YER027C,299,242,12,25
YER028C,44,39,1,2
YER029C,107,77,3,18
YER031C,542,392,6,101
YER033C,200,189,NA,8
YER036C,1446,1326,13,56
YER038C,63,40,0,21
YER039C,16,12,NA,3
YER043C,9508,7528,48,1379
YER044C,556,362,26,76
YER044C-A,10,10,NA,NA
YER045C,119,95,12,3
YER047C,202,184,NA,16
YER048C,491,400,25,41
YER050C,203,139,9,29
YER052C,918,782,39,40
YER053C,296,229,19,21
YER053C-A,651,74,19,448
YER054C,56,54,NA,2
YER055C,798,653,0,63
YER056C,909,751,59,61
YER056C-A,2960,2096,0,268
YER057C,416,264,20,54
YER061C,97,93,1,1
YER062C,726,515,28,126
YER064C,404,312,19,62
YER065C,40,28,9,2
YER071C,118,72,0,32
YER075C,209,186,11,10
YER076C,45,32,8,2
YER077C,248,238,NA,7
YER078C,195,160,20,7
YER082C,380,347,7,8
YER083C,281,259,0,7
YER085C,1,1,0,0
YER087C-B,504,165,25,236
YER088C,481,433,18,18
YER088C-A,133,61,NA,59
YER089C,533,413,101,NA
YER091C,6013,5267,169,411
YER093C,231,226,NA,0
YER093C-A,53,43,0,6
YER094C,493,336,29,97
YER099C,169,143,0,10
YER101C,78,68,1,8
YER105C,802,768,0,22
YER107C,262,215,21,16
YER109C,125,124,NA,NA
YER110C,1136,1023,33,52
YER111C,355,323,27,NA
YER113C,300,269,10,11
YER114C,364,334,NA,26
YER115C,83,53,21,6
YER116C,82,57,NA,22
YER118C,323,257,30,22
YER119C,207,190,0,11
YER122C,671,579,22,38
YER124C,700,562,5,106
YER126C,340,267,5,42
YER130C,197,153,5,26
YER132C,389,365,NA,16
YER134C,184,104,13,46
YER137C,31,20,0,10
YER139C,109,46,8,44
YER142C,58,54,0,3
YER144C,287,274,0,10
YER145C,259,232,0,11
YER147C,96,92,0,NA
YER149C,151,131,3,4
YER151C,445,424,8,4
YER152C,290,267,3,5
YER155C,1349,1309,NA,22
YER156C,453,388,0,44
YER158C,69,63,NA,5
YER159C,380,198,62,78
YER161C,110,66,0,40
YER162C,53,45,2,4
YER163C,150,129,0,8
YER168C,234,219,NA,5
YER172C,630,611,1,13
YER174C,141,126,NA,8
YER175C,131,100,0,24
YER180C,58,50,0,1
YER180C-A,30,14,2,7
YER181C,5,2,2,0
YER183C,139,123,NA,5
YER184C,55,46,NA,6
YER186C,83,51,12,16
YER188C-A,6,6,0,NA
YEL072W,38,21,3,11
YEL071W,1481,1310,5,69
YEL070W,20,20,NA,0
YEL066W,240,186,NA,29
YEL065W,41,39,0,2
YEL062W,128,113,0,12
YEL058W,1011,923,0,25
YEL056W,179,161,6,NA
YEL052W,224,204,0,10
YEL051W,771,604,15,69
YEL049W,34,21,4,5
YEL044W,142,109,NA,26
YEL043W,426,398,3,11
YEL042W,769,608,43,61
YEL041W,40,36,1,NA
YEL040W,1210,1134,0,47
YEL038W,186,158,0,10
YEL034W,6696,4946,526,145
YEL033W,2026,1493,NA,NA
YEL032W,475,440,2,18
YEL031W,1756,1651,3,45
YEL030W,89,85,NA,3
YEL028W,21,4,8,8
YEL027W,2800,1426,94,933
YEL026W,1102,717,146,97
YEL024W,836,452,46,275
YEL022W,570,555,NA,10
YEL021W,1396,1129,32,106
YEL020W-A,496,306,0,110
YEL018W,71,63,NA,3
YEL017W,186,155,0,20
YEL015W,285,264,6,9
YEL013W,813,598,82,107
YEL012W,81,62,3,8
YEL011W,207,194,1,7
YEL008W,5,1,NA,4
YEL007W,592,547,NA,27
YEL006W,183,139,2,32
YEL004W,62,52,0,8
YEL003W,197,122,NA,54
YER001W,743,675,7,44
YER002W,185,125,7,24
YER004W,354,237,0,100
YER005W,170,152,7,8
YER006W,710,646,12,21
YER007W,44,40,0,4
YER009W,1590,1002,17,349
YER011W,42,38,0,2
YER012W,446,310,30,70
YER013W,158,153,NA,2
YER014W,184,149,4,16
YER015W,92,68,NA,23
YER016W,120,103,NA,10
YER019W,233,217,NA,10
YER020W,221,191,0,15
YER021W,719,627,4,65
YER022W,226,209,0,10
YER023W,998,838,13,56
YER024W,110,103,NA,4
YER025W,1446,1148,35,197
YER030W,202,139,0,36
YER032W,256,230,0,23
YER034W,77,50,0,23
YER035W,151,101,14,21
YER037W,24,20,0,3
YER038W-A,3,1,1,1
YER040W,175,143,3,23
YER041W,83,70,4,5
YER042W,107,88,1,4
YER046W,55,28,16,4
YER048W-A,269,100,14,131
YER049W,764,715,7,24
YER051W,53,48,0,NA
YER058W,52,29,0,11
YER059W,121,99,13,2
YER060W,118,110,4,NA
YER060W-A,150,145,NA,3
YER063W,270,201,12,35
YER066W,47,37,9,1
YER067W,140,87,19,20
YER068W,283,261,1,13
YER069W,2177,2024,15,82
YER070W,1640,1499,10,100
YER072W,371,215,0,104
YER073W,755,580,31,102
YER074W,4152,2848,71,514
YER074W-A,143,89,0,33
YER076W-A,2,1,NA,0
YER079W,60,44,2,7
YER080W,485,446,3,14
YER081W,485,435,0,44
YER084W,15,8,NA,4
YER086W,1407,1215,22,86
YER087W,164,151,2,5
YER088W-B,15,0,14,NA
YER090W,895,774,33,51
YER092W,107,63,0,35
YER095W,344,258,NA,69
YER096W,30,24,NA,6
YER098W,114,96,NA,15
YER100W,219,161,32,12
YER102W,7192,6290,0,353
YER103W,153,125,6,15
YER104W,54,33,0,16
YER106W,7,4,NA,3
YER112W,198,147,16,19
YER117W,3627,2783,0,337
YER120W,912,719,29,90
YER121W,10,6,NA,2
YER123W,255,178,20,47
YER125W,1102,930,NA,155
YER127W,181,150,0,12
YER128W,63,50,NA,7
YER129W,295,268,NA,25
YER131W,2176,1645,64,306
YER133W,919,635,11,228
YER136W,797,596,35,122
YER138W-A,1189,673,NA,68
YER140W,106,87,NA,14
YER141W,639,545,6,74
YER143W,195,159,0,24
YER146W,174,111,21,21
YER148W,390,293,78,0
YER150W,50,35,0,9
YER154W,442,400,0,12
YER157W,202,194,0,5
YER158W-A,1,0,NA,0
YER164W,491,477,NA,10
YER165W,3335,2856,136,238
YER166W,802,773,NA,23
YER167W,322,295,20,0
YER169W,216,181,14,16
YER170W,90,47,2,33
YER171W,252,226,11,4
YER173W,89,85,0,NA
YER175W-A,12,1,NA,11
YER176W,230,208,4,10
YER177W,3437,3027,53,44
YER178W,2329,2023,20,170
YER179W,12,10,NA,0
YER182W,176,148,2,15
YER187W,14,4,7,3
YER188W,25,18,1,4
YFL057C,37,29,0,5
YFL054C,123,116,NA,3
YFL050C,103,64,24,10
YFL048C,458,403,0,29
YFL045C,2134,1491,140,325
YFL044C,188,119,0,61
YFL042C,145,141,0,2
YFL039C,9374,7762,754,396
YFL038C,935,714,4,91
YFL034C-B,130,98,9,18
YFL034C-A,313,227,1,30
YFL033C,509,464,NA,41
YFL029C,87,77,NA,4
YFL028C,215,185,1,12
YFL027C,74,65,0,5
YFL025C,279,252,2,18
YFL024C,250,217,NA,31
YFL022C,1306,1170,17,49
YFL021C-A,7,5,2,NA
YFL020C,22,17,0,1
YFL018C,1272,1118,35,39
YFL017C,182,134,0,34
YFL016C,553,450,45,33
YFL013C,239,202,1,31
YFL010C,852,602,11,155
YFL003C,17,17,NA,0
YFL002C,233,215,0,13
YFR003C,138,97,7,24
YFR005C,114,93,0,20
YFR011C,177,136,1,23
YFR014C,142,107,3,24
YFR015C,320,280,12,22
YFR016C,419,409,NA,6
YFR017C,75,52,6,8
YFR018C,235,194,2,26
YFR024C-A,437,355,3,56
YFR025C,259,233,0,12
YFR026C,27,11,13,1
YFR028C,290,271,3,2
YFR031C,245,236,NA,6
YFR031C-A,6762,5910,30,328
YFR032C-A,2502,1348,0,578
YFR033C,692,335,137,150
YFR034C,142,129,1,NA
YFR037C,405,387,0,0
YFR039C,224,207,9,2
YFR041C,116,103,NA,5
YFR043C,50,39,0,6
YFR044C,1179,1075,0,45
YFR046C,45,43,NA,0
YFR047C,330,272,0,19
YFR050C,600,441,9,86
YFR051C,788,733,2,18
YFR053C,1862,1695,92,NA
YFR054C,6,3,NA,2
YFL055W,30,26,NA,3
YFL053W,6,6,NA,0
YFL052W,26,22,0,4
YFL049W,185,172,0,9
YFL047W,268,254,0,7
YFL046W,125,88,0,21
YFL041W-A,15,2,12,0
YFL041W,229,203,2,15
YFL037W,1435,1252,34,84
YFL036W,640,629,NA,2
YFL034W,169,155,6,NA
YFL031W,1853,1096,NA,675
YFL030W,46,40,NA,2
YFL026W,26,19,5,NA
YFL023W,143,130,0,7
YFL021W,552,546,NA,0
YFL017W-A,84,49,0,12
YFL014W,2048,1127,115,508
YFL012W-A,3,0,NA,2
YFL012W,9,8,0,1
YFL011W,20,11,9,NA
YFL010W-A,4,0,3,NA
YFL009W,362,317,25,11
YFL008W,389,385,0,NA
YFL007W,784,757,10,7
YFL005W,478,346,42,24
YFL004W,598,569,4,16
YFL001W,86,82,NA,1
YFR001W,169,130,1,13
YFR002W,472,443,0,12
YFR004W,351,304,12,21
YFR006W,351,344,NA,6
YFR007W,108,97,0,6
YFR008W,75,58,0,15
YFR009W,583,539,9,15
YFR010W,513,440,20,24
YFR010W-A,1,0,NA,1
YFR013W,261,236,3,10
YFR019W,669,660,NA,5
YFR020W,26,22,0,1
YFR021W,127,100,7,11
YFR022W,129,107,12,4
YFR023W,34,29,NA,4
YFR027W,31,28,0,3
YFR029W,122,113,3,3
YFR030W,302,286,2,3
YFR034W-A,98,23,NA,66
YFR038W,253,237,NA,7
YFR040W,337,334,NA,NA
YFR042W,104,81,4,11
YFR045W,82,76,0,NA
YFR048W,170,150,4,6
YFR049W,186,104,45,19
YFR052W,456,430,0,3
YFR055W,190,116,1,70
YGL257C,224,197,10,11
YGL252C,391,369,0,8
YGL251C,108,103,NA,5
YGL246C,118,93,2,15
YGL242C,218,156,8,32
YGL237C,97,84,3,7
YGL236C,244,235,0,4
YGL231C,396,335,0,30
YGL230C,15,9,0,2
YGL229C,92,83,4,4
YGL226C-A,277,140,9,70
YGL224C,182,148,9,8
YGL223C,121,114,NA,2
YGL222C,182,120,13,22
YGL221C,405,338,0,34
YGL219C,259,239,0,13
YGL213C,172,146,0,11
YGL206C,2501,2423,44,NA
YGL204C,145,27,6,104
YGL203C,306,281,10,4
YGL201C,363,332,7,10
YGL200C,721,519,15,100
YGL199C,4,1,2,0
YGL194C-A,57,16,20,9
YGL194C,113,104,6,NA
YGL193C,0,0,0,0
YGL190C,373,265,65,30
YGL189C,4732,3691,0,452
YGL187C,576,367,80,51
YGL186C,208,198,0,4
YGL185C,92,78,0,7
YGL184C,27,22,NA,5
YGL182C,2,1,0,NA
YGL179C,47,43,3,NA
YGL176C,99,90,0,2
YGL175C,20,18,2,NA
YGL173C,1458,1402,NA,34
YGL167C,1106,923,96,55
YGL165C,11,7,NA,0
YGL164C,97,94,0,NA
YGL163C,165,155,5,4
YGL161C,263,205,19,26
YGL154C,46,40,0,1
YGL152C,1,1,NA,NA
YGL150C,560,539,11,NA
YGL147C,4862,3860,0,425
YGL146C,9,8,0,NA
YGL144C,47,43,1,0
YGL143C,178,152,3,12
YGL142C,232,205,6,13
YGL140C,618,564,NA,45
YGL136C,65,53,0,6
YGL131C,226,220,2,NA
YGL129C,361,296,6,33
YGL128C,59,50,NA,6
YGL127C,97,53,8,28
YGL124C,125,115,NA,7
YGL122C,446,414,0,25
YGL121C,98,67,0,15
YGL120C,515,494,1,0
YGL112C,270,231,2,21
YGL110C,135,126,0,6
YGL108C,50,27,2,15
YGL107C,330,315,0,10
YGL104C,76,72,NA,3
YGL095C,228,205,4,8
YGL094C,416,374,18,16
YGL091C,138,115,0,5
YGL089C,28,18,5,NA
YGL087C,245,155,4,66
YGL084C,343,319,3,8
YGL078C,628,526,11,75
YGL077C,864,754,49,32
YGL076C,6938,5561,15,832
YGL075C,55,34,4,16
YGL072C,31,7,NA,23
YGL070C,150,73,3,51
YGL065C,176,161,2,2
YGL064C,111,105,0,NA
YGL063C-A,4,0,NA,4
YGL061C,84,65,1,7
YGL057C,71,57,NA,13
YGL056C,300,268,20,5
YGL054C,578,321,24,176
YGL049C,751,646,35,43
YGL048C,574,492,3,35
YGL044C,123,78,22,21
YGL040C,576,417,33,99
YGL038C,173,145,1,20
YGL037C,1304,914,101,185
YGL035C,222,205,9,NA
YGL032C,1,1,0,0
YGL031C,4116,3222,96,489
YGL028C,602,445,45,86
YGL027C,480,444,0,19
YGL026C,2131,1960,0,81
YGL025C,160,145,NA,10
YGL023C,254,225,NA,20
YGL020C,163,135,6,9
YGL018C,76,60,0,7
YGL015C,5,2,1,1
YGL013C,331,320,NA,5
YGL011C,502,377,3,73
YGL009C,3975,3515,71,234
YGL008C,32033,24908,1445,4588
YGL007C-A,355,3,16,335
YGL005C,120,92,1,18
YGL004C,86,79,NA,1
YGL003C,124,101,8,10
YGL001C,552,483,13,32
YGR001C,276,220,0,20
YGR002C,164,138,0,19
YGR005C,218,178,1,18
YGR008C,197,68,27,72
YGR009C,249,237,1,8
YGR015C,49,39,NA,7
YGR018C,1,0,0,1
YGR020C,628,367,67,87
YGR024C,145,130,0,NA
YGR027C,3724,2688,50,213
YGR030C,70,50,0,7
YGR033C,242,152,18,56
YGR035C,5,3,1,1
YGR036C,88,31,10,41
YGR037C,1048,435,33,391
YGR043C,53,44,NA,6
YGR044C,375,282,NA,68
YGR045C,14,12,0,NA
YGR047C,242,232,NA,7
YGR050C,22,14,NA,4
YGR053C,22,17,3,0
YGR057C,100,68,2,25
YGR061C,2134,2071,NA,30
YGR062C,94,82,NA,4
YGR063C,174,116,0,27
YGR065C,264,227,14,16
YGR067C,34,33,NA,1
YGR068C,229,168,1,53
YGR071C,150,144,0,NA
YGR073C,19,17,NA,0
YGR075C,40,36,1,NA
YGR076C,124,95,0,14
YGR077C,219,207,0,3
YGR078C,213,151,11,28
YGR081C,177,142,NA,20
YGR083C,519,496,4,NA
YGR084C,359,338,NA,14
YGR085C,4866,4040,39,301
YGR086C,2682,2280,150,45
YGR087C,294,281,0,0
YGR095C,156,130,4,5
YGR098C,418,396,NA,15
YGR102C,140,95,0,30
YGR104C,98,84,1,5
YGR106C,752,606,32,67
YGR109C,54,46,1,5
YGR117C,210,169,0,36
YGR119C,356,319,16,12
YGR120C,117,84,0,26
YGR121C,130,108,3,12
YGR122C-A,117,82,1,29
YGR123C,372,329,2,25
YGR128C,434,397,7,10
YGR130C,734,623,14,69
YGR132C,715,528,14,121
YGR138C,534,458,37,26
YGR146C,175,92,43,30
YGR146C-A,6,1,0,4
YGR147C,205,164,3,21
YGR148C,3437,2810,29,287
YGR150C,250,241,0,7
YGR154C,38,23,10,5
YGR158C,164,95,8,46
YGR159C,1389,1143,28,140
YGR161C,303,255,12,16
YGR168C,94,88,2,1
YGR169C,81,74,1,3
YGR169C-A,231,53,25,125
YGR171C,131,126,0,5
YGR172C,262,205,4,28
YGR174C,109,90,NA,16
YGR175C,1944,1724,12,147
YGR177C,171,150,0,14
YGR178C,1054,872,97,53
YGR179C,72,58,0,10
YGR180C,1842,1646,8,84
YGR182C,254,158,37,NA
YGR183C,480,141,16,208
YGR184C,941,928,NA,9
YGR185C,1212,1049,25,47
YGR187C,275,243,2,18
YGR188C,79,73,1,NA
YGR189C,3086,2755,52,118
YGR192C,43100,37037,557,2622
YGR193C,399,332,19,29
YGR194C,153,138,NA,14
YGR196C,167,162,5,NA
YGR197C,103,89,7,5
YGR200C,382,348,12,8
YGR201C,54,48,NA,6
YGR202C,298,257,0,17
YGR204C-A,8,4,3,NA
YGR207C,288,223,3,38
YGR209C,727,339,130,101
YGR210C,316,263,8,28
YGR213C,25,19,NA,4
YGR216C,186,173,0,4
YGR220C,295,236,0,24
YGR221C,63,55,3,2
YGR223C,144,128,NA,11
YGR229C,579,475,90,NA
YGR231C,656,510,20,100
YGR233C,275,268,NA,2
YGR235C,209,159,1,21
YGR236C,4,0,NA,4
YGR237C,185,155,4,21
YGR238C,107,104,NA,3
YGR239C,92,64,0,16
YGR240C,6140,5332,397,239
YGR241C,358,304,27,15
YGR244C,677,600,26,16
YGR245C,544,505,12,13
YGR246C,190,171,0,12
YGR250C,472,412,37,9
YGR253C,516,430,29,35
YGR255C,299,265,20,5
YGR257C,132,109,11,5
YGR258C,177,170,0,0
YGR259C,6,2,0,4
YGR261C,430,393,4,18
YGR262C,109,86,1,13
YGR263C,82,74,0,5
YGR264C,1363,1258,0,63
YGR267C,445,328,64,12
YGR268C,122,55,0,58
YGR271C-A,125,100,NA,15
YGR274C,214,209,0,2
YGR276C,154,151,0,NA
YGR277C,174,157,0,9
YGR279C,3174,2396,139,488
YGR280C,210,143,3,45
YGR282C,4929,3714,69,740
YGR283C,93,89,0,1
YGR284C,627,480,8,104
YGR285C,1941,1698,0,79
YGR286C,123,100,6,12
YGR287C,68,60,3,4
YGR289C,34,25,4,4
YGL263W,0,0,0,0
YGL258W,197,128,11,32
YGL256W,4181,3375,193,342
YGL255W,4963,4248,118,306
YGL254W,59,36,0,19
YGL253W,3998,3418,59,366
YGL250W,49,38,NA,9
YGL248W,263,242,7,9
YGL247W,53,47,NA,3
YGL245W,3385,3149,0,104
YGL244W,356,341,3,NA
YGL243W,119,112,NA,3
YGL241W,296,286,0,3
YGL240W,24,20,NA,3
YGL238W,847,813,NA,19
YGL234W,1160,1083,0,30
YGL233W,330,308,0,10
YGL232W,191,169,0,15
YGL228W,475,413,4,33
YGL227W,285,257,1,22
YGL226W,54,42,NA,3
YGL225W,1057,888,33,61
YGL220W,209,118,NA,85
YGL218W,1,1,NA,0
YGL216W,216,183,18,9
YGL215W,1106,737,192,128
YGL212W,47,44,0,1
YGL211W,161,144,1,6
YGL210W,145,104,0,20
YGL209W,148,123,0,11
YGL208W,79,66,3,6
YGL207W,1035,985,31,NA
YGL205W,9,9,NA,0
YGL202W,1698,1471,96,60
YGL198W,212,187,0,9
YGL197W,539,491,NA,36
YGL196W,158,134,4,12
YGL195W,2844,2786,NA,43
YGL192W,0,0,0,0
YGL191W,775,487,27,134
YGL181W,218,198,1,14
YGL180W,127,102,8,15
YGL178W,450,351,NA,90
YGL174W,61,48,0,8
YGL172W,292,270,0,9
YGL171W,235,211,2,12
YGL169W,159,141,6,4
YGL166W,104,73,0,16
YGL162W,54,42,3,6
YGL160W,272,226,18,16
YGL159W,102,84,0,7
YGL158W,2,2,0,0
YGL157W,617,486,14,61
YGL156W,354,340,NA,11
YGL155W,140,119,8,5
YGL153W,89,88,0,0
YGL151W,399,377,0,11
YGL148W,1177,1034,15,55
YGL145W,231,213,1,11
YGL141W,175,165,5,2
YGL139W,403,330,28,32
YGL137W,1398,1278,6,67
YGL135W,7901,6092,352,721
YGL134W,63,48,3,8
YGL133W,240,228,10,NA
YGL130W,160,135,7,14
YGL125W,1144,1030,75,NA
YGL123W,7049,5381,645,533
YGL119W,158,144,1,5
YGL117W,205,155,13,26
YGL116W,297,259,18,9
YGL115W,386,317,32,16
YGL114W,245,208,15,6
YGL113W,108,98,0,9
YGL111W,303,264,2,25
YGL109W,0,0,0,0
YGL106W,431,279,2,90
YGL105W,1942,1695,10,96
YGL103W,5703,3789,0,928
YGL101W,129,80,1,35
YGL100W,296,259,3,22
YGL099W,302,278,0,10
YGL098W,134,63,3,62
YGL097W,410,369,3,18
YGL096W,34,30,NA,3
YGL093W,194,190,NA,0
YGL092W,737,727,NA,1
YGL090W,70,52,0,18
YGL088W,96,79,NA,12
YGL086W,215,207,NA,6
YGL085W,65,49,2,10
YGL083W,192,178,2,8
YGL082W,207,166,4,20
YGL081W,106,83,1,22
YGL080W,178,93,1,64
YGL079W,99,88,0,6
YGL073W,272,254,6,4
YGL071W,216,162,29,18
YGL068W,490,375,27,42
YGL067W,182,171,2,0
YGL066W,207,171,16,17
YGL063W,59,38,7,13
YGL062W,1074,1018,6,27
YGL060W,177,153,7,6
YGL059W,124,108,1,4
YGL058W,227,161,7,41
YGL055W,2494,2029,82,197
YGL050W,116,83,1,21
YGL047W,107,84,14,2
YGL045W,118,93,NA,22
YGL043W,370,287,1,58
YGL041W-A,86,63,0,13
YGL039W,130,108,8,8
YGL036W,471,455,8,NA
YGL033W,6,5,NA,1
YGL030W,3968,2150,378,754
YGL029W,74,36,4,29
YGL022W,1489,1370,49,30
YGL021W,533,511,NA,19
YGL019W,279,204,13,34
YGL017W,84,73,0,7
YGL016W,462,412,9,26
YGL014W,664,627,NA,25
YGL012W,909,820,17,36
YGL010W,56,40,4,9
YGL007W,0,0,0,0
YGL006W-A,43,7,NA,34
YGL006W,484,460,NA,18
YGL002W,116,79,0,28
YGR003W,133,117,0,13
YGR004W,89,67,1,15
YGR006W,44,40,NA,NA
YGR007W,221,177,1,27
YGR012W,159,139,1,5
YGR013W,146,124,0,13
YGR014W,1363,1300,NA,56
YGR016W,28,22,NA,2
YGR017W,228,170,26,21
YGR019W,387,345,4,21
YGR021W,159,138,2,13
YGR023W,164,122,13,21
YGR026W,349,285,NA,57
YGR028W,237,197,2,26
YGR029W,295,228,NA,39
YGR031W,203,105,4,86
YGR032W,2127,2072,NA,18
YGR034W,4302,2878,65,710
YGR038W,266,187,35,26
YGR039W,25,20,NA,4
YGR040W,216,134,1,67
YGR041W,175,133,19,19
YGR042W,91,71,0,9
YGR046W,212,157,7,33
YGR048W,146,132,2,6
YGR049W,350,236,19,68
YGR052W,71,59,NA,10
YGR054W,1202,977,94,76
YGR055W,1318,1167,5,102
YGR056W,254,241,0,7
YGR058W,132,87,0,38
YGR059W,5,5,NA,0
YGR060W,2491,2217,70,1
YGR064W,4,0,4,0
YGR070W,330,330,NA,NA
YGR072W,110,104,4,NA
YGR074W,147,82,0,57
YGR079W,242,231,NA,8
YGR080W,294,254,0,13
YGR082W,550,344,50,90
YGR088W,272,240,3,10
YGR089W,323,306,NA,10
YGR090W,978,877,65,18
YGR091W,131,108,5,11
YGR092W,514,441,9,46
YGR093W,142,127,4,4
YGR094W,5049,4963,NA,51
YGR096W,51,44,0,2
YGR097W,783,729,NA,39
YGR099W,150,138,NA,4
YGR100W,392,368,5,10
YGR101W,157,132,4,15
YGR103W,971,850,3,64
YGR105W,224,101,18,78
YGR107W,6,3,NA,3
YGR108W,419,311,44,45
YGR110W,34,30,1,0
YGR111W,237,203,2,19
YGR112W,150,120,0,25
YGR113W,126,92,5,27
YGR116W,1307,1281,8,NA
YGR118W,4178,2869,38,833
YGR121W-A,3,3,NA,0
YGR122W,76,53,0,19
YGR124W,2161,2003,6,76
YGR125W,506,477,1,20
YGR127W,87,62,2,19
YGR129W,33,30,0,2
YGR131W,25,22,NA,3
YGR133W,53,29,NA,20
YGR134W,148,130,7,7
YGR135W,610,497,30,28
YGR137W,237,152,NA,55
YGR139W,25,8,17,NA
YGR140W,171,168,NA,2
YGR141W,111,105,0,2
YGR142W,147,122,9,9
YGR143W,361,311,NA,48
YGR145W,367,345,6,5
YGR149W,292,250,10,17
YGR153W,60,50,NA,8
YGR155W,2263,1888,32,219
YGR156W,146,130,5,6
YGR157W,2693,2443,131,48
YGR160W,42,42,NA,NA
YGR161W-C,100,39,4,40
YGR162W,1835,1573,NA,210
YGR163W,127,113,1,3
YGR165W,387,291,12,50
YGR166W,158,141,7,7
YGR167W,465,332,21,67
YGR170W,283,248,2,28
YGR173W,272,247,6,1
YGR174W-A,27,0,21,3
YGR181W,235,137,9,63
YGR186W,419,393,0,6
YGR191W,408,311,40,44
YGR195W,228,166,27,17
YGR198W,247,228,2,8
YGR199W,266,264,1,NA
YGR203W,109,56,1,36
YGR204W,1815,1733,21,27
YGR205W,91,68,12,7
YGR206W,58,31,0,16
YGR208W,171,145,2,12
YGR211W,578,499,12,53
YGR212W,46,27,NA,18
YGR214W,4536,3942,0,215
YGR215W,183,116,13,29
YGR217W,389,385,1,NA
YGR218W,1300,1059,124,87
YGR222W,124,107,NA,9
YGR224W,2,2,0,0
YGR225W,26,23,1,1
YGR227W,214,193,2,14
YGR230W,79,53,2,19
YGR232W,229,185,1,13
YGR234W,5832,4428,0,1033
YGR243W,40,32,5,0
YGR247W,83,54,14,7
YGR248W,65,48,0,9
YGR249W,18,15,2,1
YGR251W,32,24,0,NA
YGR252W,128,105,2,13
YGR254W,23709,21247,177,778
YGR256W,67,59,NA,4
YGR260W,459,417,NA,21
YGR266W,282,264,2,11
YGR270W,577,564,NA,4
YGR271W,397,391,NA,2
YGR278W,118,108,0,2
YGR281W,509,463,19,22
YGR288W,75,53,4,17
YGR292W,98,91,0,2
YHL047C,58,49,0,6
YHL046C,35,26,7,1
YHL040C,73,51,4,16
YHL038C,157,142,0,11
YHL037C,4,1,3,0
YHL035C,263,249,NA,14
YHL034C,1208,887,98,153
YHL033C,5523,4260,0,918
YHL032C,204,187,2,5
YHL031C,210,160,3,14
YHL029C,223,208,0,6
YHL026C,61,51,4,3
YHL023C,215,209,2,1
YHL022C,29,29,NA,0
YHL021C,373,327,10,24
YHL020C,260,231,4,16
YHL019C,128,115,0,8
YHL016C,47,43,NA,4
YHL014C,79,73,0,3
YHL013C,109,87,0,13
YHL011C,793,556,80,95
YHL010C,69,56,0,10
YHL009C,94,70,2,18
YHL008C,77,59,0,12
YHL007C,462,400,24,27
YHL006C,43,16,NA,24
YHL003C,441,326,33,58
YHL002C-A,7,1,6,NA
YHR003C,193,179,0,8
YHR004C,110,88,16,NA
YHR005C,331,291,4,25
YHR005C-A,840,407,28,312
YHR007C,3732,3065,128,449
YHR007C-A,14,1,NA,6
YHR008C,728,594,18,41
YHR009C,487,401,52,17
YHR013C,262,204,2,27
YHR016C,146,123,4,11
YHR018C,1630,1320,37,176
YHR019C,2513,2236,44,131
YHR021C,2801,1584,187,440
YHR022C,30,17,3,8
YHR022C-A,4,0,NA,4
YHR024C,397,318,0,66
YHR027C,1425,1333,10,49
YHR028C,686,641,0,27
YHR029C,234,184,0,36
YHR030C,760,662,26,50
YHR031C,133,121,2,4
YHR032C-A,1,0,1,NA
YHR034C,93,84,1,2
YHR039C,925,831,15,30
YHR039C-A,911,523,30,162
YHR041C,139,109,0,11
YHR043C,212,170,12,17
YHR044C,78,72,2,2
YHR046C,101,80,1,8
YHR047C,416,381,3,23
YHR049C-A,27,1,NA,26
YHR056C,678,663,2,NA
YHR057C,113,93,0,8
YHR058C,63,50,0,6
YHR061C,83,61,8,11
YHR062C,149,116,2,12
YHR063C,407,350,4,31
YHR064C,2694,2409,44,115
YHR065C,348,309,4,23
YHR069C,257,199,0,44
YHR071C-A,5,5,0,0
YHR073C-B,0,0,0,0
YHR075C,80,67,3,3
YHR077C,436,416,5,9
YHR079C,315,272,11,21
YHR080C,258,244,10,NA
YHR082C,672,610,NA,48
YHR089C,527,397,15,82
YHR090C,76,54,2,15
YHR091C,165,156,0,5
YHR092C,1394,1299,43,14
YHR094C,1257,1152,0,49
YHR096C,99,98,NA,1
YHR097C,150,142,5,NA
YHR098C,822,744,11,43
YHR100C,73,51,1,5
YHR101C,64,51,NA,11
YHR107C,436,376,7,37
YHR112C,254,213,2,26
YHR115C,274,235,33,NA
YHR118C,98,89,1,3
YHR129C,71,63,3,5
YHR130C,17,13,NA,1
YHR131C,170,165,1,NA
YHR132C,454,382,12,38
YHR133C,272,210,0,53
YHR135C,636,553,31,27
YHR136C,0,0,0,0
YHR138C,117,64,10,26
YHR139C,13,8,NA,5
YHR141C,3728,2724,35,318
YHR144C,94,85,0,6
YHR145C,1335,889,71,NA
YHR147C,297,213,7,47
YHR149C,264,230,9,13
YHR151C,120,103,4,4
YHR153C,25,20,NA,4
YHR156C,39,36,1,0
YHR158C,336,322,NA,9
YHR161C,342,315,9,7
YHR164C,257,250,NA,7
YHR165C,805,793,6,3
YHR166C,104,94,5,4
YHR173C,4,2,NA,1
YHR180C-B,8,0,0,6
YHR182C-A,0,0,0,0
YHR185C,6,4,NA,2
YHR186C,475,467,4,NA
YHR188C,490,447,0,13
YHR191C,39,21,2,7
YHR193C,2018,1589,49,139
YHR193C-A,1,0,0,1
YHR198C,164,150,NA,12
YHR199C,163,136,0,16
YHR201C,215,194,1,9
YHR203C,8464,7364,114,571
YHR210C,20,18,1,0
YHL048W,486,451,0,17
YHL045W,3,1,2,0
YHL044W,52,35,0,14
YHL043W,0,0,0,0
YHL042W,14,2,NA,11
YHL041W,3,0,3,NA
YHL039W,238,212,6,7
YHL036W,31,27,0,3
YHL030W,658,642,NA,12
YHL028W,142,133,2,3
YHL027W,319,285,5,18
YHL025W,166,138,4,15
YHL024W,452,438,NA,2
YHL017W,180,169,0,5
YHL015W,3725,2798,95,368
YHL012W,5,5,NA,NA
YHL006W-A,1,1,0,0
YHL004W,464,392,18,29
YHL002W,198,174,2,11
YHL001W,2974,2413,0,249
YHR001W,231,205,0,12
YHR001W-A,372,106,41,148
YHR002W,57,36,4,9
YHR006W,254,225,1,16
YHR010W,4123,3076,83,472
YHR011W,99,88,0,6
YHR012W,156,117,0,25
YHR015W,67,64,NA,1
YHR017W,114,104,0,6
YHR020W,2360,2226,24,67
YHR021W-A,0,0,0,0
YHR023W,775,761,NA,11
YHR025W,1022,893,19,58
YHR026W,933,574,132,172
YHR028W-A,17,15,NA,2
YHR032W,301,287,6,NA
YHR032W-A,63,19,9,19
YHR033W,191,161,0,21
YHR035W,39,39,0,NA
YHR036W,95,61,12,21
YHR037W,550,478,10,38
YHR038W,113,81,0,12
YHR040W,64,55,0,5
YHR042W,1074,992,12,22
YHR045W,222,192,17,8
YHR048W,37,30,3,2
YHR049W,589,482,12,52
YHR050W,251,206,30,6
YHR051W,515,336,NA,146
YHR052W,492,413,7,48
YHR056W-A,2,0,NA,2
YHR059W,139,86,12,20
YHR060W,111,92,NA,8
YHR066W,321,282,0,24
YHR067W,117,85,3,15
YHR068W,744,646,14,40
YHR070W,247,173,0,70
YHR071W,434,273,143,NA
YHR072W,796,735,1,25
YHR072W-A,473,176,37,166
YHR073W,444,409,NA,30
YHR074W,595,532,16,25
YHR076W,178,152,4,12
YHR078W,184,173,0,6
YHR081W,98,74,0,16
YHR083W,200,165,0,15
YHR084W,240,189,21,27
YHR085W,94,86,0,2
YHR086W,229,171,23,23
YHR087W,483,206,43,181
YHR088W,168,135,1,21
YHR099W,2126,2097,7,NA
YHR102W,287,278,NA,6
YHR103W,556,487,20,26
YHR104W,776,605,22,105
YHR105W,27,15,3,0
YHR106W,120,97,NA,15
YHR108W,868,785,0,50
YHR109W,78,67,0,5
YHR110W,178,132,11,20
YHR111W,187,166,NA,9
YHR113W,284,258,0,16
YHR114W,242,225,8,NA
YHR116W,89,62,NA,25
YHR117W,458,434,5,5
YHR119W,303,281,NA,16
YHR120W,156,148,NA,5
YHR121W,283,210,15,40
YHR122W,144,106,0,21
YHR123W,229,200,0,16
YHR124W,11,11,NA,0
YHR127W,127,93,0,20
YHR128W,625,425,13,134
YHR132W-A,118,57,8,30
YHR134W,60,49,NA,8
YHR137W,285,259,4,10
YHR140W,23,19,0,3
YHR142W,354,287,25,19
YHR143W,835,562,140,98
YHR143W-A,431,158,15,167
YHR146W,337,323,4,NA
YHR148W,169,106,0,51
YHR150W,77,64,2,6
YHR152W,306,193,8,53
YHR154W,241,233,0,NA
YHR155W,272,250,6,12
YHR157W,9,7,0,0
YHR159W,105,80,2,15
YHR162W,1146,556,282,137
YHR163W,495,380,1,83
YHR167W,52,41,4,4
YHR168W,93,76,3,10
YHR169W,168,156,1,5
YHR170W,508,448,5,32
YHR171W,87,80,0,4
YHR172W,174,135,6,28
YHR174W,35700,31197,233,2110
YHR176W,53,46,NA,5
YHR177W,88,49,NA,35
YHR178W,96,83,1,9
YHR179W,1257,1072,21,76
YHR180W,15,10,1,NA
YHR181W,193,153,1,13
YHR182W,139,130,0,2
YHR183W,4510,3906,172,197
YHR184W,35,28,NA,7
YHR187W,117,96,2,16
YHR190W,1229,1046,25,70
YHR192W,132,114,1,8
YHR194W,128,123,1,2
YHR195W,122,96,5,12
YHR196W,357,330,13,6
YHR197W,292,269,0,16
YHR200W,431,373,0,26
YHR202W,99,90,1,0
YHR204W,194,183,1,6
YHR205W,957,807,102,39
YHR206W,377,308,44,11
YHR208W,3007,2557,0,290
YHR209W,392,346,3,19
YHR211W,298,294,NA,2
YHR215W,154,146,NA,3
YHR216W,1249,1093,28,72
YIL169C,228,226,0,NA
YIL166C,34,15,NA,17
YIL165C,32,17,NA,10
YIL163C,25,6,NA,19
YIL160C,6,4,NA,2
YIL157C,248,178,NA,49
YIL155C,350,295,3,46
YIL154C,175,143,0,18
YIL151C,299,297,NA,1
YIL150C,65,62,0,1
YIL149C,374,365,NA,7
YIL147C,458,423,NA,26
YIL146C,93,59,26,5
YIL145C,225,171,0,42
YIL143C,241,234,2,NA
YIL139C,56,49,0,6
YIL138C,447,194,0,222
YIL137C,458,436,1,6
YIL135C,207,178,8,11
YIL134C-A,4,2,1,NA
YIL133C,2254,1961,0,105
YIL132C,28,17,NA,9
YIL131C,201,165,0,27
YIL129C,702,685,NA,15
YIL127C,114,81,1,17
YIL119C,219,189,19,NA
YIL117C,311,252,6,26
YIL115C,827,808,NA,10
YIL114C,84,70,1,2
YIL109C,1666,1517,37,46
YIL107C,298,282,12,0
YIL105C,367,340,10,2
YIL104C,112,92,0,11
YIL102C-A,43,13,3,25
YIL101C,100,98,NA,1
YIL098C,101,80,0,9
YIL096C,87,76,NA,6
YIL094C,984,876,2,41
YIL093C,204,150,4,28
YIL091C,288,272,1,7
YIL088C,381,351,1,18
YIL087C,66,44,0,10
YIL085C,288,278,4,NA
YIL084C,55,54,1,NA
YIL083C,245,200,9,13
YIL079C,82,71,1,6
YIL077C,59,50,0,5
YIL075C,1413,1377,2,NA
YIL074C,319,292,4,8
YIL073C,75,69,NA,6
YIL071C,59,49,NA,9
YIL070C,458,355,11,52
YIL069C,3471,2503,66,536
YIL068C,269,244,3,11
YIL067C,113,101,3,4
YIL066C,65,60,NA,3
YIL065C,152,105,8,17
YIL063C,231,212,3,5
YIL062C,509,365,14,48
YIL061C,60,57,0,0
YIL059C,255,11,11,227
YIL057C,0,0,0,0
YIL055C,76,73,NA,0
YIL052C,2940,2086,66,208
YIL051C,876,601,19,134
YIL047C,422,408,0,NA
YIL044C,218,173,2,24
YIL043C,865,767,0,71
YIL042C,73,64,0,4
YIL038C,466,408,31,18
YIL037C,1,1,NA,0
YIL035C,305,240,6,49
YIL034C,364,320,0,14
YIL033C,677,523,46,76
YIL030C,708,693,NA,6
YIL029C,16,4,2,7
YIL027C,173,126,2,23
YIL026C,328,295,2,22
YIL023C,306,268,0,19
YIL020C,98,90,0,NA
YIL017C,125,120,3,NA
YIL014C-A,45,17,4,12
YIL013C,110,100,NA,8
YIL009C-A,77,65,0,1
YIL007C,94,69,1,20
YIL004C,100,67,0,30
YIL002C,219,198,9,6
YIR001C,143,95,5,35
YIR002C,231,209,6,9
YIR006C,1672,1637,NA,15
YIR008C,137,120,0,6
YIR011C,185,164,0,16
YIR013C,1,1,NA,0
YIR017C,33,15,NA,15
YIR018C-A,57,37,19,NA
YIR019C,298,297,NA,1
YIR020C,7,0,0,7
YIR024C,46,35,0,5
YIR026C,181,154,1,16
YIR027C,15,13,NA,1
YIR030C,44,36,2,1
YIR031C,78,66,5,4
YIR032C,70,58,3,7
YIR034C,388,354,6,2
YIR035C,218,184,0,18
YIR036C,164,151,1,9
YIR038C,258,204,1,41
YIR039C,136,121,NA,15
YIR042C,50,30,3,13
YIL162W,358,319,NA,34
YIL161W,69,64,0,2
YIL159W,160,156,NA,3
YIL158W,98,81,0,9
YIL156W-B,118,70,NA,30
YIL156W,221,207,NA,9
YIL153W,162,146,0,7
YIL152W,57,54,0,1
YIL148W,4991,3976,0,421
YIL144W,141,129,3,4
YIL142W,848,798,7,8
YIL140W,405,385,NA,11
YIL136W,184,148,5,13
YIL134W,82,72,0,3
YIL130W,280,269,9,NA
YIL128W,420,416,NA,NA
YIL126W,703,670,4,20
YIL125W,1371,1269,NA,79
YIL124W,571,484,6,36
YIL123W,2760,2097,21,552
YIL122W,66,51,NA,11
YIL121W,173,163,NA,9
YIL120W,30,29,NA,1
YIL118W,238,166,22,35
YIL116W,326,300,12,NA
YIL113W,13,8,1,2
YIL112W,270,268,0,NA
YIL111W,173,133,7,7
YIL110W,191,161,0,17
YIL108W,475,444,2,15
YIL106W,267,237,0,18
YIL103W,128,109,1,11
YIL100W,46,33,10,NA
YIL099W,23,22,NA,1
YIL097W,89,84,0,4
YIL095W,165,153,6,3
YIL092W,50,46,1,1
YIL090W,304,223,14,56
YIL089W,17,16,0,1
YIL078W,2621,2489,28,31
YIL076W,650,545,0,63
YIL066W-A,0,0,0,0
YIL064W,143,136,NA,4
YIL056W,207,197,NA,5
YIL054W,8,0,3,3
YIL053W,2888,2301,57,304
YIL050W,181,144,16,12
YIL049W,79,72,NA,5
YIL048W,472,419,30,13
YIL046W-A,3,1,0,0
YIL046W,173,165,1,4
YIL045W,46,41,3,0
YIL041W,940,791,0,50
YIL040W,110,82,0,14
YIL039W,442,394,2,27
YIL036W,307,252,14,31
YIL031W,206,193,11,NA
YIL028W,33,7,9,14
YIL022W,584,404,36,109
YIL021W,274,234,4,25
YIL019W,97,71,0,16
YIL018W,8134,6974,59,567
YIL016W,119,83,1,13
YIL015W,21,17,NA,2
YIL014W,193,171,13,2
YIL011W,81,68,0,7
YIL010W,203,140,6,43
YIL009W,352,290,0,50
YIL008W,168,102,7,45
YIL006W,70,53,NA,14
YIL005W,371,332,10,25
YIL003W,95,77,0,9
YIL002W-A,175,72,6,45
YIL001W,83,73,2,5
YIR003W,303,289,0,3
YIR004W,254,211,0,21
YIR005W,48,35,1,7
YIR007W,107,100,0,5
YIR009W,58,19,6,29
YIR010W,144,129,2,5
YIR012W,396,344,3,21
YIR014W,19,17,0,0
YIR016W,74,68,0,6
YIR018W,45,36,0,2
YIR021W,178,163,4,7
YIR022W,191,125,NA,46
YIR023W,263,256,NA,4
YIR025W,48,41,0,6
YIR028W,57,53,NA,2
YIR029W,28,24,NA,2
YIR033W,357,350,NA,2
YIR037W,641,429,52,86
YIR041W,57,10,43,1
YJL216C,25,24,NA,0
YJL215C,32,5,27,NA
YJL212C,227,204,1,15
YJL208C,214,180,11,11
YJL207C,585,580,0,NA
YJL206C,60,51,NA,5
YJL205C,54,19,0,22
YJL204C,177,170,0,4
YJL202C,0,0,0,0
YJL200C,814,736,2,42
YJL199C,21,16,NA,5
YJL196C,270,211,3,39
YJL192C,365,291,8,31
YJL190C,4182,2632,0,930
YJL187C,206,189,4,11
YJL185C,39,31,NA,6
YJL180C,242,205,0,25
YJL178C,280,204,7,38
YJL176C,344,303,6,27
YJL173C,204,132,0,31
YJL171C,895,720,10,114
YJL170C,1,0,0,0
YJL168C,205,169,11,18
YJL165C,279,269,5,NA
YJL164C,179,143,27,4
YJL163C,60,54,4,0
YJL162C,89,81,2,4
YJL160C,9,5,3,NA
YJL158C,4170,3354,123,402
YJL157C,357,322,NA,25
YJL156C,210,178,NA,28
YJL155C,206,170,6,20
YJL154C,649,633,NA,6
YJL153C,140,126,NA,12
YJL151C,621,439,6,63
YJL147C,55,45,3,3
YJL139C,125,110,4,8
YJL138C,6252,5604,54,361
YJL137C,98,81,0,13
YJL136C,3104,1908,66,617
YJL133C-A,251,117,0,86
YJL131C,53,48,0,3
YJL130C,13002,12766,NA,135
YJL129C,355,326,25,NA
YJL128C,368,317,39,4
YJL127C-B,107,19,17,46
YJL127C,140,102,1,33
YJL125C,189,168,0,6
YJL124C,315,164,70,53
YJL123C,434,419,0,NA
YJL121C,582,481,6,36
YJL119C,13,3,3,5
YJL116C,29,22,NA,5
YJL110C,108,94,4,8
YJL109C,1439,1408,3,8
YJL108C,112,99,NA,11
YJL107C,106,94,8,NA
YJL103C,65,51,5,7
YJL101C,224,192,7,15
YJL094C,262,246,2,10
YJL093C,192,178,NA,14
YJL091C,240,209,0,18
YJL090C,123,118,NA,3
YJL087C,185,164,NA,16
YJL084C,338,301,13,11
YJL081C,304,263,0,27
YJL080C,2593,2471,NA,80
YJL079C,518,336,61,76
YJL078C,674,587,7,66
YJL077C,2,2,NA,0
YJL074C,297,289,NA,8
YJL072C,107,82,1,18
YJL070C,157,150,NA,6
YJL069C,292,270,0,6
YJL068C,287,232,0,31
YJL066C,241,166,3,55
YJL065C,135,103,0,17
YJL063C,243,191,0,24
YJL058C,67,58,1,4
YJL057C,89,82,1,5
YJL056C,477,456,NA,16
YJL048C,416,336,14,38
YJL047C-A,29,7,2,14
YJL047C,180,171,4,5
YJL044C,255,215,0,33
YJL039C,927,838,12,50
YJL038C,13,8,NA,5
YJL035C,61,48,2,3
YJL031C,87,72,NA,12
YJL029C,311,291,1,11
YJL027C,1,1,0,0
YJL024C,124,80,4,27
YJL023C,56,50,NA,6
YJL020C,1067,996,25,27
YJL015C,2,0,NA,2
YJL013C,121,108,NA,12
YJL012C,544,513,0,12
YJL011C,63,48,0,8
YJL010C,319,298,6,3
YJL008C,751,642,8,62
YJL006C,92,78,5,3
YJL004C,102,60,0,33
YJL002C,876,794,10,47
YJR003C,150,135,0,6
YJR004C,151,136,NA,12
YJR009C,26857,23992,221,742
YJR010C-A,62,36,0,20
YJR011C,33,26,3,4
YJR012C,53,40,NA,10
YJR016C,3206,2953,0,100
YJR017C,323,180,2,92
YJR019C,81,68,0,6
YJR021C,59,48,0,6
YJR025C,450,316,5,64
YJR030C,175,168,4,NA
YJR031C,381,360,6,9
YJR033C,330,326,1,NA
YJR036C,40,38,NA,2
YJR041C,413,381,2,20
YJR043C,99,77,4,12
YJR044C,236,135,28,55
YJR045C,5951,4995,319,450
YJR047C,757,753,0,4
YJR049C,201,193,0,6
YJR056C,84,57,10,10
YJR058C,72,56,0,7
YJR062C,135,113,0,20
YJR065C,1097,933,10,98
YJR067C,57,35,NA,14
YJR069C,190,139,7,23
YJR070C,660,556,3,54
YJR072C,363,314,5,18
YJR073C,1218,934,18,103
YJR076C,347,288,11,22
YJR077C,1631,1314,15,220
YJR080C,299,259,0,23
YJR082C,141,76,28,27
YJR083C,87,75,0,4
YJR085C,381,190,21,87
YJR088C,244,197,3,25
YJR090C,480,434,19,16
YJR091C,568,512,1,39
YJR093C,128,94,5,7
YJR094C,18,15,NA,2
YJR098C,87,79,NA,6
YJR100C,131,112,2,12
YJR102C,78,55,0,18
YJR104C,2476,1936,97,225
YJR109C,2431,2276,18,56
YJR111C,88,74,NA,8
YJR113C,277,240,8,15
YJR118C,170,129,5,14
YJR119C,69,65,NA,2
YJR124C,114,84,1,16
YJR125C,390,347,1,24
YJR126C,347,329,NA,11
YJR127C,375,371,NA,2
YJR129C,62,55,0,2
YJR130C,272,249,0,18
YJR134C,239,222,1,13
YJR135C,24,23,0,NA
YJR136C,70,61,NA,7
YJR137C,415,394,NA,16
YJR139C,2078,1794,36,101
YJR140C,355,293,NA,61
YJR143C,1291,1143,29,75
YJR145C,8657,7769,0,354
YJR150C,3,3,0,0
YJR151C,185,147,38,NA
YJR156C,76,69,NA,6
YJR161C,787,625,NA,122
YJL218W,32,23,0,6
YJL217W,249,203,0,15
YJL214W,61,38,NA,22
YJL213W,16,16,NA,0
YJL210W,74,65,0,4
YJL209W,157,141,6,2
YJL203W,68,59,0,4
YJL201W,207,193,0,6
YJL198W,406,362,4,27
YJL197W,357,338,4,10
YJL194W,123,112,0,3
YJL193W,78,67,NA,7
YJL191W,1815,1671,5,63
YJL189W,3321,1173,135,1131
YJL186W,428,375,7,31
YJL184W,105,68,7,7
YJL183W,400,341,10,16
YJL181W,103,96,0,3
YJL179W,153,84,16,24
YJL177W,3043,2420,0,243
YJL175W,3,1,1,1
YJL174W,582,427,52,55
YJL172W,753,691,3,27
YJL167W,2446,2053,72,178
YJL166W,577,243,60,187
YJL161W,107,75,0,24
YJL159W,17792,14115,301,2635
YJL152W,12,1,0,11
YJL150W,20,2,17,NA
YJL149W,163,157,NA,3
YJL148W,328,244,10,48
YJL146W,143,112,7,18
YJL145W,237,182,3,19
YJL144W,35,16,0,15
YJL143W,464,229,13,154
YJL140W,302,225,11,30
YJL136W-A,0,0,0,0
YJL134W,169,161,NA,0
YJL133W,99,64,9,18
YJL132W,189,173,0,10
YJL126W,69,56,0,8
YJL122W,162,117,0,21
YJL118W,49,37,NA,11
YJL117W,279,250,9,2
YJL115W,117,82,8,10
YJL112W,215,205,0,2
YJL111W,833,723,12,67
YJL106W,51,39,11,NA
YJL104W,250,128,1,88
YJL102W,188,178,0,6
YJL100W,143,128,1,6
YJL099W,170,161,5,NA
YJL098W,337,320,9,NA
YJL097W,340,277,11,14
YJL096W,200,137,12,22
YJL095W,255,252,NA,1
YJL092W,279,268,NA,5
YJL088W,1136,981,0,74
YJL085W,171,157,6,4
YJL083W,72,57,0,12
YJL082W,549,463,13,46
YJL077W-B,97,2,88,5
YJL077W-A,12,2,2,6
YJL076W,957,914,NA,35
YJL073W,219,194,1,12
YJL071W,187,172,0,13
YJL062W-A,295,146,4,94
YJL062W,245,230,2,6
YJL061W,288,263,1,12
YJL060W,282,252,0,14
YJL059W,98,82,2,9
YJL055W,429,382,0,20
YJL054W,294,261,0,21
YJL053W,163,132,5,19
YJL052W,12109,11000,110,214
YJL051W,258,247,3,NA
YJL050W,730,701,5,8
YJL049W,87,80,0,1
YJL046W,96,88,0,5
YJL045W,21,14,NA,7
YJL043W,16,2,NA,14
YJL042W,571,558,8,NA
YJL041W,700,631,14,34
YJL037W,12,9,NA,3
YJL036W,165,127,8,21
YJL034W,4560,3933,61,361
YJL033W,345,336,0,NA
YJL030W,102,87,2,0
YJL028W,73,2,NA,70
YJL026W,1820,1488,54,166
YJL025W,97,87,1,5
YJL022W,8,1,NA,7
YJL019W,154,121,4,25
YJL016W,306,235,32,27
YJL014W,749,674,5,44
YJL005W,889,866,14,NA
YJL003W,71,21,6,29
YJL001W,451,324,11,86
YJR001W,491,432,13,29
YJR002W,440,348,4,74
YJR005W,310,281,2,24
YJR006W,192,180,0,4
YJR007W,893,683,55,88
YJR008W,136,115,5,8
YJR010W,104,92,NA,6
YJR013W,116,102,1,7
YJR014W,316,234,12,31
YJR015W,488,457,0,21
YJR018W,3,1,2,NA
YJR020W,9,2,5,2
YJR032W,237,207,0,9
YJR034W,81,47,10,15
YJR035W,136,126,NA,7
YJR039W,114,114,NA,NA
YJR040W,203,194,1,2
YJR042W,379,351,0,12
YJR046W,193,188,0,3
YJR048W,1206,587,59,392
YJR050W,69,45,0,22
YJR051W,218,200,2,7
YJR052W,146,137,NA,5
YJR053W,56,55,0,NA
YJR054W,114,110,1,1
YJR055W,38,15,0,21
YJR057W,83,71,0,8
YJR059W,494,481,7,NA
YJR060W,277,151,5,106
YJR061W,165,153,NA,11
YJR063W,197,134,7,40
YJR064W,789,733,10,7
YJR066W,635,627,3,NA
YJR068W,212,188,4,6
YJR074W,181,146,NA,28
YJR075W,437,372,6,33
YJR078W,109,109,0,NA
YJR079W,13,11,NA,0
YJR084W,107,102,2,0
YJR089W,154,145,7,NA
YJR092W,738,708,NA,17
YJR094W-A,2556,1389,0,784
YJR095W,6,2,0,4
YJR096W,109,90,NA,10
YJR097W,20,13,2,2
YJR099W,110,83,7,10
YJR101W,343,256,14,55
YJR103W,355,333,2,15
YJR105W,2183,1941,30,38
YJR106W,138,136,NA,NA
YJR107W,44,33,NA,7
YJR108W,14,7,NA,7
YJR110W,136,116,4,10
YJR112W,55,40,4,8
YJR112W-A,42,21,1,11
YJR115W,382,368,NA,13
YJR116W,93,75,5,8
YJR117W,778,665,4,75
YJR120W,455,104,NA,261
YJR121W,4206,3547,0,490
YJR122W,145,140,0,1
YJR123W,8506,6672,230,819
YJR131W,155,146,0,2
YJR132W,359,338,4,11
YJR133W,300,232,15,30
YJR135W-A,292,153,0,66
YJR138W,286,277,NA,8
YJR141W,69,59,0,9
YJR142W,243,210,0,23
YJR144W,252,203,0,19
YJR147W,126,102,NA,21
YJR148W,359,308,13,8
YJR149W,77,71,NA,2
YJR152W,56,34,18,2
YJR153W,6,3,2,1
YJR154W,27,23,3,NA
YJR155W,37,34,NA,2
YKL222C,109,88,4,11
YKL220C,30,23,NA,7
YKL218C,132,94,4,19
YKL215C,369,365,3,NA
YKL214C,133,95,13,12
YKL213C,442,411,3,18
YKL211C,605,582,0,NA
YKL209C,55,55,NA,NA
YKL206C,148,125,0,10
YKL203C,595,587,NA,NA
YKL201C,207,207,NA,NA
YKL198C,164,131,18,11
YKL197C,210,187,NA,20
YKL196C,380,239,9,86
YKL194C,177,142,3,23
YKL193C,231,196,1,15
YKL192C,668,393,12,135
YKL188C,62,59,NA,2
YKL187C,40,37,NA,3
YKL186C,141,108,4,13
YKL179C,247,219,0,17
YKL178C,381,284,5,65
YKL176C,435,371,33,22
YKL174C,173,157,5,7
YKL169C,5,0,4,1
YKL168C,83,79,NA,2
YKL167C,148,100,0,29
YKL166C,128,103,NA,20
YKL165C-A,32,5,26,NA
YKL165C,588,550,2,14
YKL164C,3704,3127,96,379
YKL162C,38,35,0,2
YKL161C,550,421,6,88
YKL159C,74,57,NA,6
YKL155C,175,167,1,1
YKL152C,14520,11455,90,1630
YKL151C,159,147,4,NA
YKL149C,62,54,0,5
YKL148C,1119,912,48,113
YKL144C,91,74,0,12
YKL138C-A,86,21,0,51
YKL138C,185,106,23,25
YKL135C,328,290,6,19
YKL134C,235,200,0,28
YKL133C,42,38,0,1
YKL132C,24,17,1,4
YKL130C,175,131,6,15
YKL129C,449,434,NA,12
YKL128C,172,138,0,21
YKL122C,213,162,5,14
YKL119C,150,115,8,18
YKL116C,201,179,NA,12
YKL113C,185,154,2,20
YKL110C,230,203,0,14
YKL106C-A,6,1,NA,5
YKL105C,224,214,6,NA
YKL104C,2866,2355,173,263
YKL103C,297,265,3,16
YKL102C,6,0,NA,4
YKL100C,418,343,0,53
YKL099C,138,85,23,13
YKL092C,191,190,0,NA
YKL091C,99,84,NA,5
YKL087C,234,153,18,34
YKL082C,186,171,5,NA
YKL075C,112,101,7,NA
YKL074C,89,84,0,2
YKL065C,633,506,11,64
YKL063C,182,95,41,36
YKL060C,25235,23299,136,495
YKL059C,97,74,5,7
YKL057C,552,535,5,2
YKL056C,5538,3928,143,901
YKL055C,40,24,0,15
YKL054C,2556,2182,96,190
YKL053C-A,220,114,17,52
YKL052C,116,102,0,1
YKL050C,49,46,NA,3
YKL049C,77,62,0,8
YKL048C,68,62,NA,4
YKL046C,548,406,69,61
YKL040C,265,159,2,85
YKL036C,8,0,NA,8
YKL032C,467,421,NA,36
YKL029C,989,877,13,49
YKL026C,31,21,NA,8
YKL025C,292,267,1,7
YKL024C,410,336,NA,44
YKL022C,163,159,NA,1
YKL021C,240,227,NA,10
YKL020C,347,332,NA,9
YKL018C-A,48,25,1,18
YKL017C,98,91,0,4
YKL016C,784,522,53,88
YKL014C,740,724,NA,10
YKL013C,471,305,18,94
YKL011C,78,68,NA,6
YKL010C,548,538,NA,4
YKL008C,341,307,4,16
YKL006C-A,79,47,1,18
YKL005C,137,114,9,8
YKL003C,118,63,6,24
YKL001C,78,59,4,5
YKR001C,1139,997,7,90
YKR004C,83,77,1,NA
YKR005C,38,27,NA,11
YKR006C,272,214,0,29
YKR009C,57,45,NA,10
YKR010C,140,127,7,NA
YKR011C,124,98,NA,15
YKR012C,14,3,11,NA
YKR014C,281,190,30,33
YKR015C,27,13,10,2
YKR017C,57,53,3,0
YKR018C,423,369,7,34
YKR019C,68,63,1,3
YKR022C,85,60,1,10
YKR024C,247,229,2,5
YKR026C,271,189,18,47
YKR029C,156,144,NA,9
YKR031C,401,369,NA,27
YKR036C,126,120,0,4
YKR037C,114,90,0,20
YKR038C,276,236,0,21
YKR040C,33,20,NA,NA
YKR043C,601,490,0,57
YKR045C,120,49,1,55
YKR046C,1386,1143,0,161
YKR048C,816,665,0,70
YKR049C,74,51,0,11
YKR052C,64,52,1,9
YKR053C,31,28,NA,0
YKR054C,655,635,3,12
YKR063C,87,77,NA,8
YKR065C,436,329,14,45
YKR066C,556,488,0,27
YKR068C,145,113,4,22
YKR071C,517,401,9,61
YKR072C,292,266,NA,17
YKR075C,85,69,1,10
YKR079C,364,309,23,21
YKR081C,315,274,0,19
YKR083C,21,14,2,1
YKR084C,272,250,2,7
YKR085C,222,186,0,14
YKR087C,87,71,0,11
YKR088C,193,170,0,7
YKR089C,208,192,0,10
YKR092C,600,480,4,79
YKR094C,4931,3604,11,790
YKR098C,155,142,6,1
YKR100C,297,204,52,25
YKL221W,1,1,NA,0
YKL219W,143,136,NA,5
YKL217W,23,18,NA,5
YKL216W,1302,968,24,231
YKL212W,969,874,67,NA
YKL210W,2005,1904,16,27
YKL208W,58,46,0,8
YKL207W,364,304,5,16
YKL205W,524,511,1,NA
YKL204W,454,401,3,35
YKL195W,584,497,5,43
YKL191W,372,329,0,28
YKL190W,277,167,8,69
YKL189W,99,80,5,7
YKL185W,712,565,68,53
YKL184W,617,456,51,87
YKL183W,153,113,15,15
YKL182W,14643,14299,NA,190
YKL181W,1011,791,127,49
YKL180W,4754,3688,0,480
YKL175W,801,713,8,50
YKL173W,256,240,2,10
YKL172W,480,409,0,48
YKL171W,115,111,1,1
YKL170W,220,127,21,54
YKL163W,3215,2961,152,NA
YKL160W,301,211,0,32
YKL157W,1432,1339,0,75
YKL156W,1025,425,NA,475
YKL154W,117,89,13,12
YKL153W,0,0,0,0
YKL150W,835,707,26,29
YKL146W,294,273,0,13
YKL145W,719,655,NA,29
YKL143W,212,184,2,14
YKL142W,469,364,23,47
YKL141W,502,373,17,73
YKL140W,271,236,15,11
YKL139W,148,125,7,5
YKL137W,144,73,23,25
YKL127W,529,462,0,36
YKL126W,540,479,36,19
YKL125W,256,228,8,14
YKL124W,94,86,3,NA
YKL121W,169,158,NA,7
YKL120W,601,427,45,100
YKL118W,6,4,NA,2
YKL117W,925,634,7,187
YKL112W,338,294,25,11
YKL109W,468,387,46,23
YKL108W,48,42,2,1
YKL107W,9,7,NA,2
YKL106W,253,207,15,13
YKL101W,799,784,NA,2
YKL098W,96,83,0,6
YKL096W-A,8371,3997,494,2301
YKL096W,3610,2784,155,388
YKL094W,300,237,2,27
YKL093W,22,16,NA,6
YKL090W,71,63,NA,5
YKL089W,87,82,0,2
YKL088W,170,136,0,23
YKL086W,20,14,0,2
YKL085W,615,544,21,8
YKL084W,227,63,146,NA
YKL081W,4517,3702,7,559
YKL080W,1101,991,36,26
YKL079W,198,183,4,7
YKL078W,121,114,2,1
YKL077W,582,464,18,68
YKL073W,514,475,2,21
YKL072W,113,101,6,4
YKL071W,8,7,NA,1
YKL070W,2,1,NA,0
YKL069W,202,171,0,3
YKL068W-A,73,27,5,27
YKL068W,584,556,7,7
YKL065W-A,6,3,2,0
YKL064W,480,458,16,NA
YKL062W,554,464,NA,83
YKL061W,45,28,0,14
YKL058W,138,60,3,58
YKL053W,29,4,NA,24
YKL051W,212,177,NA,27
YKL047W,181,170,0,6
YKL045W,162,152,1,5
YKL044W,14,14,0,NA
YKL043W,128,110,NA,17
YKL042W,106,77,1,17
YKL041W,116,89,12,6
YKL039W,705,571,27,91
YKL038W,441,383,24,22
YKL035W,1627,1359,71,126
YKL034W,178,151,8,14
YKL033W-A,417,314,31,27
YKL033W,222,199,NA,18
YKL031W,8,6,2,NA
YKL028W,303,238,3,53
YKL027W,224,177,5,25
YKL023W,113,83,0,24
YKL019W,197,162,0,15
YKL018W,137,99,5,16
YKL015W,267,239,14,11
YKL012W,178,167,7,NA
YKL009W,431,348,2,33
YKL007W,411,323,5,58
YKL006W,3822,2787,0,373
YKL004W,567,404,100,35
YKL002W,165,124,14,9
YKR002W,262,220,30,1
YKR003W,313,261,15,17
YKR007W,89,67,1,8
YKR008W,258,225,6,18
YKR013W,604,509,15,45
YKR016W,454,379,13,41
YKR020W,57,31,0,20
YKR021W,320,286,5,17
YKR023W,82,71,0,6
YKR025W,147,117,4,17
YKR027W,172,159,1,7
YKR028W,545,502,NA,37
YKR030W,113,93,2,9
YKR035W-A,188,132,0,33
YKR039W,2315,2103,37,105
YKR041W,209,23,NA,185
YKR042W,4424,2921,609,666
YKR044W,96,84,3,5
YKR047W,55,14,37,NA
YKR050W,209,160,34,9
YKR051W,82,73,2,5
YKR055W,83,60,1,19
YKR056W,285,266,NA,14
YKR057W,1974,1108,30,550
YKR058W,72,69,1,1
YKR059W,5964,5519,12,171
YKR060W,108,93,5,5
YKR061W,151,130,4,9
YKR062W,208,170,7,16
YKR064W,159,148,NA,6
YKR067W,366,333,12,12
YKR069W,60,55,3,2
YKR070W,230,196,NA,21
YKR074W,221,173,NA,35
YKR075W-A,0,0,0,0
YKR076W,103,87,6,8
YKR077W,141,117,1,7
YKR078W,108,105,0,0
YKR080W,192,149,5,25
YKR082W,500,491,NA,3
YKR086W,168,163,0,3
YKR090W,208,178,14,11
YKR091W,272,223,1,24
YKR093W,360,291,11,40
YKR095W,641,617,NA,21
YKR095W-A,110,74,0,21
YKR096W,405,385,8,6
YKR097W,28,26,NA,1
YKR099W,221,192,17,7
YKR101W,67,60,0,7
YKR102W,83,82,NA,NA
YKR103W,121,74,46,NA
YKR104W,28,21,NA,6
YLL063C,46,40,NA,4
YLL062C,28,26,0,0
YLL060C,50,32,8,5
YLL059C,17,9,NA,7
YLL057C,17,13,NA,4
YLL056C,32,24,NA,4
YLL054C,111,94,2,12
YLL053C,29,24,NA,3
YLL051C,190,165,0,17
YLL050C,1694,1264,34,195
YLL048C,1847,1824,NA,NA
YLL045C,6193,5486,25,173
YLL042C,22,18,NA,3
YLL041C,613,384,21,185
YLL040C,1251,1232,NA,10
YLL039C,3279,2916,129,138
YLL038C,195,52,NA,140
YLL036C,198,177,0,6
YLL034C,295,280,0,11
YLL032C,214,176,NA,33
YLL031C,528,495,1,15
YLL024C,17190,15970,60,603
YLL023C,278,230,11,19
YLL022C,147,139,NA,2
YLL019C,340,262,71,NA
YLL018C-A,112,30,6,72
YLL018C,2341,2101,0,122
YLL013C,567,493,30,37
YLL010C,173,121,23,28
YLL009C,308,87,42,97
YLL007C,124,105,7,9
YLR001C,203,189,1,3
YLR002C,313,290,0,9
YLR003C,190,165,0,15
YLR004C,14,14,0,0
YLR006C,205,180,19,NA
YLR008C,320,163,40,86
YLR010C,25,16,0,8
YLR014C,119,117,NA,NA
YLR016C,76,63,2,3
YLR018C,225,183,6,29
YLR020C,192,169,4,11
YLR022C,129,114,NA,8
YLR023C,389,283,14,78
YLR024C,270,259,7,NA
YLR026C,157,130,12,5
YLR027C,1484,1340,11,45
YLR028C,881,761,60,27
YLR029C,6487,5018,101,819
YLR034C,274,197,33,36
YLR035C,108,90,0,14
YLR036C,72,54,0,16
YLR037C,50,15,26,4
YLR038C,564,200,33,216
YLR039C,262,255,NA,7
YLR040C,650,493,33,78
YLR042C,32,26,0,2
YLR043C,857,461,10,187
YLR044C,48125,44977,331,1095
YLR045C,318,312,2,NA
YLR046C,39,34,NA,2
YLR047C,131,105,5,19
YLR049C,222,187,18,5
YLR050C,149,124,0,16
YLR051C,153,126,0,20
YLR053C,2,2,NA,0
YLR054C,29,21,NA,7
YLR055C,121,119,NA,0
YLR058C,1562,1332,19,111
YLR059C,192,161,NA,27
YLR065C,187,153,1,28
YLR067C,155,149,NA,3
YLR069C,776,742,0,22
YLR070C,27,23,NA,4
YLR071C,411,392,1,12
YLR073C,116,79,17,11
YLR074C,171,137,0,17
YLR078C,194,162,0,17
YLR082C,58,40,0,17
YLR083C,703,642,28,NA
YLR084C,461,453,NA,5
YLR085C,112,104,0,5
YLR087C,553,538,NA,6
YLR089C,534,432,69,12
YLR093C,227,177,9,30
YLR094C,178,160,0,11
YLR095C,304,293,1,6
YLR097C,145,129,5,6
YLR098C,128,120,0,7
YLR099C,176,157,6,5
YLR103C,113,106,1,6
YLR105C,94,91,0,2
YLR106C,2230,2220,NA,5
YLR108C,86,79,2,4
YLR110C,17579,12676,901,1426
YLR114C,362,304,4,42
YLR117C,159,147,0,9
YLR118C,252,197,3,29
YLR120C,614,452,28,110
YLR121C,478,434,0,31
YLR126C,82,61,3,8
YLR127C,111,106,4,NA
YLR130C,461,399,28,11
YLR131C,279,273,NA,4
YLR132C,95,62,0,28
YLR136C,16,11,NA,5
YLR139C,189,156,12,14
YLR144C,231,212,0,10
YLR146C,142,117,2,12
YLR147C,52,34,0,10
YLR149C,122,109,3,6
YLR151C,63,48,NA,10
YLR152C,111,93,7,7
YLR153C,4466,3932,7,396
YLR154C,97,50,15,17
YLR163C,411,356,3,25
YLR165C,34,28,NA,2
YLR166C,269,259,1,4
YLR168C,286,206,1,47
YLR170C,136,83,2,36
YLR172C,579,492,1,40
YLR176C,98,93,NA,4
YLR178C,316,261,12,12
YLR179C,611,436,45,91
YLR181C,161,127,3,14
YLR183C,196,166,4,9
YLR189C,376,361,NA,8
YLR192C,621,397,11,164
YLR193C,90,66,1,15
YLR194C,1077,927,0,72
YLR195C,303,286,0,10
YLR199C,200,146,5,26
YLR201C,175,151,NA,16
YLR203C,553,515,8,1
YLR205C,197,172,4,5
YLR209C,224,194,NA,21
YLR211C,54,36,1,14
YLR212C,138,122,0,13
YLR213C,5,3,0,1
YLR215C,75,62,1,5
YLR216C,1390,1197,15,81
YLR218C,48,20,NA,11
YLR221C,166,107,7,41
YLR222C,417,390,0,16
YLR223C,397,359,33,NA
YLR225C,237,220,0,10
YLR227C,64,48,13,NA
YLR228C,204,176,11,15
YLR229C,536,322,129,46
YLR231C,291,259,0,20
YLR233C,65,52,1,12
YLR239C,116,93,0,8
YLR242C,44,41,0,1
YLR244C,602,528,0,24
YLR245C,36,29,0,2
YLR247C,396,382,NA,10
YLR254C,96,60,12,11
YLR255C,5,4,0,0
YLR259C,4286,3882,61,147
YLR262C-A,564,237,6,170
YLR265C,72,65,NA,5
YLR266C,89,85,NA,3
YLR269C,2,0,NA,2
YLR272C,327,308,3,10
YLR273C,78,64,3,7
YLR276C,458,411,19,15
YLR277C,210,187,13,7
YLR284C,24,20,0,4
YLR285C-A,43,10,NA,3
YLR286C,2343,2034,234,NA
YLR287C,190,139,9,31
YLR287C-A,2683,1201,0,904
YLR288C,67,53,0,10
YLR290C,110,96,0,13
YLR291C,421,355,4,25
YLR292C,229,160,0,44
YLR293C,2561,2060,20,308
YLR294C,244,225,NA,NA
YLR298C,71,55,NA,5
YLR304C,5817,5090,65,400
YLR305C,785,775,NA,2
YLR309C,293,288,0,NA
YLR310C,828,777,NA,44
YLR311C,24,23,NA,NA
YLR312C,65,61,3,NA
YLR313C,78,53,1,21
YLR314C,737,645,20,31
YLR316C,65,59,1,1
YLR319C,208,179,2,20
YLR321C,195,166,0,24
YLR323C,61,48,1,10
YLR325C,3990,1680,0,1708
YLR327C,300,118,34,92
YLR333C,1901,1175,84,271
YLR336C,257,246,4,NA
YLR337C,505,462,11,17
YLR339C,1,1,NA,NA
YLR346C,3,0,0,2
YLR347C,977,812,30,111
YLR348C,211,178,1,19
YLR351C,362,307,NA,37
YLR354C,2593,2103,53,259
YLR355C,7010,5428,341,913
YLR361C,220,181,0,31
YLR361C-A,84,51,NA,19
YLR363C,135,63,12,54
YLR364C-A,2,1,NA,1
YLR370C,434,304,5,77
YLR373C,272,251,0,9
YLR376C,39,28,0,9
YLR378C,1735,1342,176,153
YLR382C,330,307,5,10
YLR384C,1046,1012,NA,21
YLR387C,243,213,5,12
YLR389C,549,527,NA,15
YLR392C,61,48,2,6
YLR395C,595,215,39,258
YLR396C,162,154,3,0
YLR397C,272,252,1,13
YLR398C,473,445,NA,22
YLR399C,497,470,11,NA
YLR401C,296,278,2,3
YLR406C,1358,770,2,322
YLR406C-A,4,2,1,NA
YLR408C,27,18,NA,6
YLR409C,491,481,1,2
YLR412C-A,23,6,0,16
YLR414C,590,431,76,41
YLR418C,203,165,NA,34
YLR421C,296,181,2,89
YLR423C,72,50,0,20
YLR428C,1,0,0,0
YLR431C,53,41,2,9
YLR433C,166,143,NA,19
YLR436C,487,454,9,13
YLR437C,127,85,4,19
YLR438C-A,161,111,16,10
YLR440C,194,171,3,9
YLR441C,6253,5088,0,847
YLR442C,222,202,2,17
YLR447C,1192,1026,5,107
YLR452C,225,188,11,21
YLR453C,46,42,3,NA
YLR457C,35,24,0,8
YLR460C,46,32,2,8
YLL061W,44,40,0,1
YLL058W,133,118,4,9
YLL055W,35,29,5,1
YLL049W,66,60,0,NA
YLL047W,2,2,NA,0
YLL043W,349,302,1,34
YLL037W,13,12,NA,1
YLL035W,170,150,6,4
YLL033W,35,25,NA,10
YLL029W,508,472,8,6
YLL028W,668,470,38,128
YLL027W,252,175,30,24
YLL026W,2045,1923,38,16
YLL025W,24,17,1,5
YLL021W,571,542,19,NA
YLL015W,571,560,NA,3
YLL014W,180,99,0,51
YLL012W,213,200,0,5
YLL011W,222,195,0,12
YLL008W,508,471,2,25
YLL006W,140,129,2,2
YLL004W,119,109,0,6
YLL003W,171,166,0,3
YLL002W,67,59,0,4
YLL001W,389,339,15,18
YLR005W,189,159,0,25
YLR007W,95,86,0,4
YLR009W,305,178,39,54
YLR011W,91,53,10,23
YLR015W,103,79,1,19
YLR017W,328,305,NA,11
YLR019W,249,164,34,39
YLR021W,84,65,1,3
YLR025W,234,155,16,44
YLR031W,7,5,NA,0
YLR032W,196,194,NA,0
YLR033W,203,178,3,17
YLR041W,32,1,0,31
YLR048W,5742,4352,101,859
YLR052W,110,84,NA,18
YLR056W,1422,1233,20,102
YLR057W,306,296,0,2
YLR060W,1601,1451,28,72
YLR061W,3417,2417,0,349
YLR064W,234,200,7,13
YLR066W,241,170,8,30
YLR068W,70,46,0,14
YLR072W,157,149,0,2
YLR075W,7738,6143,0,668
YLR077W,231,198,3,17
YLR079W,179,131,2,28
YLR080W,43,42,NA,1
YLR081W,30,30,0,0
YLR086W,334,314,NA,14
YLR088W,278,246,4,17
YLR090W,188,172,0,11
YLR091W,47,27,NA,20
YLR092W,33,30,NA,3
YLR096W,418,396,13,NA
YLR099W-A,70,47,5,7
YLR100W,722,648,1,57
YLR104W,140,106,5,17
YLR107W,121,105,NA,14
YLR109W,4186,3114,189,302
YLR112W,31,14,0,13
YLR113W,621,502,47,46
YLR115W,241,220,0,13
YLR116W,139,116,NA,22
YLR119W,67,54,NA,10
YLR120W-A,72,2,6,63
YLR124W,23,2,NA,19
YLR125W,36,5,0,30
YLR128W,55,41,2,9
YLR129W,564,522,5,23
YLR133W,319,261,3,44
YLR134W,3733,3717,1,12
YLR135W,103,94,2,4
YLR137W,75,68,0,1
YLR138W,448,417,19,NA
YLR141W,95,56,NA,38
YLR142W,140,137,NA,2
YLR143W,187,179,0,6
YLR145W,40,35,0,3
YLR146W-A,102,54,1,20
YLR148W,185,172,NA,9
YLR150W,5437,4251,54,623
YLR164W,11,10,NA,1
YLR167W,7553,6060,423,100
YLR173W,151,139,6,2
YLR174W,89,71,14,4
YLR175W,1504,1289,12,111
YLR177W,222,214,0,5
YLR180W,1717,1303,37,266
YLR182W,257,240,0,7
YLR185W,3190,2018,0,535
YLR186W,327,289,6,18
YLR187W,242,231,8,NA
YLR188W,311,281,8,17
YLR190W,600,391,60,134
YLR191W,86,72,1,4
YLR196W,405,377,13,NA
YLR197W,1767,1692,3,NA
YLR200W,151,78,0,43
YLR204W,188,95,4,64
YLR206W,508,470,19,NA
YLR207W,244,238,0,4
YLR208W,654,467,34,113
YLR210W,88,68,3,11
YLR214W,177,164,4,5
YLR217W,0,0,0,0
YLR219W,302,271,16,10
YLR220W,302,209,27,50
YLR224W,134,114,9,7
YLR226W,130,88,0,39
YLR234W,66,52,1,9
YLR237W,283,245,4,28
YLR238W,97,88,1,6
YLR240W,218,204,1,10
YLR241W,417,396,2,7
YLR243W,126,96,6,18
YLR246W,76,72,NA,3
YLR248W,582,510,12,40
YLR249W,21578,20281,112,643
YLR250W,442,357,19,48
YLR253W,317,299,5,7
YLR256W,2265,2043,13,NA
YLR257W,790,585,109,64
YLR258W,634,500,10,101
YLR260W,299,270,6,16
YLR263W,53,45,6,1
YLR264W,1808,445,8,1084
YLR267W,28,26,0,0
YLR268W,326,238,17,37
YLR270W,346,254,13,59
YLR271W,50,30,18,1
YLR274W,395,363,3,14
YLR275W,58,25,10,19
YLR283W,92,79,NA,8
YLR285W,165,140,NA,18
YLR286W-A,2,0,1,1
YLR289W,109,105,0,2
YLR296W,11,10,NA,1
YLR297W,60,31,4,23
YLR299W,360,312,18,16
YLR300W,4700,3575,171,712
YLR301W,607,457,10,73
YLR303W,941,791,34,46
YLR306W,42,29,1,0
YLR307W,27,19,2,3
YLR312W-A,237,193,0,18
YLR315W,23,14,1,5
YLR317W,23,19,NA,4
YLR318W,52,50,NA,NA
YLR320W,162,155,NA,2
YLR324W,203,180,6,4
YLR326W,98,79,9,4
YLR328W,204,148,32,16
YLR329W,5,3,NA,1
YLR330W,737,678,0,46
YLR332W,328,238,43,27
YLR335W,604,562,0,16
YLR340W,10133,8695,381,594
YLR342W,9938,9386,414,NA
YLR342W-A,383,16,278,NA
YLR343W,32,30,NA,0
YLR344W,2477,1811,0,341
YLR345W,217,196,4,7
YLR349W,16,6,NA,10
YLR350W,224,194,9,6
YLR352W,128,121,4,3
YLR353W,202,150,33,12
YLR356W,204,148,7,27
YLR357W,315,287,NA,24
YLR359W,671,565,39,37
YLR360W,204,167,4,17
YLR362W,172,154,2,12
YLR363W-A,71,22,0,31
YLR364W,25,18,0,0
YLR367W,581,441,NA,26
YLR368W,129,118,2,3
YLR369W,178,173,1,NA
YLR371W,442,430,7,NA
YLR372W,972,771,74,44
YLR375W,173,157,2,8
YLR380W,391,328,21,18
YLR381W,92,90,0,NA
YLR383W,214,204,2,2
YLR386W,273,250,0,11
YLR388W,1794,795,124,434
YLR390W,112,78,NA,22
YLR390W-A,3639,2647,157,575
YLR393W,38,33,0,NA
YLR394W,96,87,NA,6
YLR400W,0,0,0,0
YLR402W,54,15,NA,37
YLR403W,350,338,NA,7
YLR404W,72,66,0,1
YLR405W,94,74,0,16
YLR407W,130,75,24,21
YLR410W,671,619,NA,40
YLR411W,14,9,NA,4
YLR412W,127,105,NA,12
YLR413W,647,579,9,36
YLR417W,135,123,2,8
YLR419W,358,338,8,5
YLR420W,427,383,0,18
YLR422W,484,457,10,8
YLR424W,102,93,NA,7
YLR425W,188,182,NA,2
YLR426W,92,85,0,4
YLR427W,188,151,3,23
YLR429W,810,736,7,45
YLR430W,830,781,30,9
YLR432W,2143,1892,96,29
YLR435W,215,137,15,28
YLR438W,158,141,3,9
YLR439W,277,240,4,29
YLR443W,192,156,20,9
YLR446W,64,58,1,NA
YLR448W,3415,2589,0,486
YLR449W,714,608,9,46
YLR450W,483,440,22,10
YLR451W,213,201,4,NA
YLR454W,901,874,14,9
YLR455W,188,96,29,53
YLR456W,47,37,0,6
YLR459W,227,205,0,9
YML130C,407,363,10,12
YML129C,177,72,0,75
YML128C,281,232,7,29
YML126C,3165,2826,NA,257
YML125C,339,281,0,25
YML124C,594,524,0,56
YML123C,2,2,0,0
YML122C,2,2,NA,0
YML120C,499,349,19,111
YML115C,368,338,3,16
YML114C,189,163,5,5
YML110C,552,437,10,87
YML107C,49,44,0,2
YML105C,255,208,5,13
YML104C,249,242,1,2
YML103C,785,764,NA,8
YML099C,192,181,NA,10
YML097C,150,140,2,5
YML095C,54,26,0,25
YML094C-A,0,0,0,0
YML092C,535,404,0,69
YML091C,495,491,NA,NA
YML089C,23,1,NA,22
YML087C,11,9,0,0
YML086C,675,553,46,29
YML085C,1062,879,39,84
YML083C,7,4,NA,3
YML081C-A,320,142,45,80
YML076C,161,152,0,5
YML075C,1422,1311,17,56
YML074C,916,858,5,NA
YML073C,4106,3248,40,314
YML072C,2253,2151,74,NA
YML071C,209,194,2,4
YML067C,257,238,0,4
YML064C,126,99,2,18
YML062C,91,75,1,7
YML061C,194,176,9,5
YML059C,651,622,NA,15
YML056C,2215,2001,32,78
YML054C,98,91,NA,7
YML053C,109,90,6,4
YML049C,322,319,NA,NA
YML043C,108,92,4,7
YML041C,69,63,NA,4
YML038C,210,164,20,22
YML035C,595,521,26,30
YML032C,183,152,0,23
YML026C,4052,2737,13,819
YML025C,252,194,3,37
YML023C,107,96,0,2
YML021C,124,107,NA,14
YML018C,166,137,18,7
YML015C,135,112,4,13
YML011C,48,32,NA,10
YML009C,217,96,8,80
YML008C,1241,1045,10,102
YML007C-A,29,2,0,25
YML006C,134,127,1,1
YML004C,605,515,0,53
YMR001C,445,403,NA,36
YMR001C-A,73,26,NA,43
YMR006C,223,204,4,9
YMR008C,1036,893,NA,128
YMR013C,163,143,NA,13
YMR015C,1120,989,30,63
YMR016C,262,230,13,12
YMR021C,80,65,0,12
YMR023C,47,46,0,0
YMR026C,86,76,2,4
YMR029C,183,167,2,3
YMR031C,489,464,15,NA
YMR034C,24,19,4,1
YMR036C,92,87,1,4
YMR037C,289,243,NA,40
YMR038C,371,287,3,32
YMR039C,202,174,17,NA
YMR041C,73,57,0,11
YMR047C,701,680,12,NA
YMR049C,703,665,5,15
YMR052C-A,10,9,NA,1
YMR053C,66,63,NA,NA
YMR055C,76,69,1,0
YMR056C,36,27,2,5
YMR060C,95,87,0,4
YMR062C,834,741,0,42
YMR067C,162,152,1,1
YMR071C,179,144,5,12
YMR073C,102,75,0,18
YMR074C,423,355,0,29
YMR076C,309,294,NA,11
YMR077C,57,40,3,9
YMR078C,161,144,0,7
YMR080C,683,579,8,85
YMR081C,23,19,0,4
YMR086C-A,18,4,9,5
YMR088C,276,233,18,11
YMR089C,720,643,57,NA
YMR091C,244,221,4,4
YMR092C,591,542,8,11
YMR097C,114,99,3,4
YMR098C,259,223,5,11
YMR099C,719,612,5,54
YMR101C,21,15,NA,5
YMR102C,226,207,NA,18
YMR103C,79,60,0,8
YMR105C,532,458,12,47
YMR106C,85,75,0,7
YMR110C,424,382,1,19
YMR111C,63,50,2,8
YMR112C,76,52,NA,17
YMR114C,61,50,NA,7
YMR116C,8636,7486,65,518
YMR117C,31,23,NA,7
YMR118C,5,3,NA,1
YMR120C,154,135,0,13
YMR121C,1703,1669,2,11
YMR122C,2,1,1,0
YMR126C,58,50,5,0
YMR127C,61,49,1,10
YMR131C,598,546,6,15
YMR132C,63,37,2,14
YMR135C,165,147,4,6
YMR137C,56,52,0,3
YMR142C,5173,4076,0,572
YMR145C,2711,2189,198,197
YMR146C,1282,1140,12,64
YMR150C,132,94,21,NA
YMR153C-A,24,6,1,15
YMR154C,79,78,NA,NA
YMR156C,18,17,NA,1
YMR157C,130,107,4,12
YMR158C-A,56,32,6,1
YMR162C,434,421,NA,7
YMR163C,136,124,9,1
YMR164C,389,382,4,NA
YMR165C,241,210,16,7
YMR166C,180,106,20,39
YMR168C,118,85,0,29
YMR169C,145,134,NA,1
YMR170C,206,181,0,5
YMR171C,214,159,20,22
YMR174C,47,18,4,20
YMR180C,108,82,0,22
YMR181C,96,45,18,29
YMR182C,48,10,2,34
YMR183C,458,320,30,75
YMR187C,74,60,0,13
YMR188C,216,165,7,24
YMR190C,294,286,3,NA
YMR193C-A,18,18,0,NA
YMR194C-B,17,10,NA,1
YMR197C,248,178,4,42
YMR201C,80,66,0,11
YMR204C,46,36,0,7
YMR205C,4674,4381,67,128
YMR207C,358,318,28,9
YMR209C,120,97,1,11
YMR212C,423,366,23,22
YMR216C,387,338,15,16
YMR218C,231,223,1,NA
YMR221C,376,341,0,8
YMR222C,153,123,1,10
YMR224C,122,110,1,7
YMR225C,136,75,0,40
YMR226C,1244,1035,11,78
YMR227C,109,95,4,9
YMR229C,1871,1822,NA,24
YMR235C,765,625,9,71
YMR239C,161,133,3,13
YMR240C,73,67,4,1
YMR242C,4161,3308,0,371
YMR243C,1025,821,37,116
YMR244C-A,90,56,4,22
YMR247C,616,608,1,NA
YMR252C,39,29,1,9
YMR253C,93,91,1,NA
YMR256C,550,237,7,190
YMR257C,163,128,15,18
YMR258C,203,184,1,1
YMR259C,446,432,NA,6
YMR260C,1068,722,10,224
YMR261C,799,717,23,42
YMR265C,107,106,NA,0
YMR268C,63,49,1,9
YMR270C,116,94,6,10
YMR271C,45,39,NA,5
YMR272C,786,626,10,112
YMR273C,303,242,13,5
YMR274C,60,50,0,4
YMR275C,326,307,1,12
YMR279C,5,4,0,1
YMR280C,86,84,NA,1
YMR282C,135,128,2,NA
YMR283C,111,102,NA,7
YMR285C,133,106,0,20
YMR287C,201,196,2,NA
YMR290C,776,646,1,101
YMR293C,99,88,0,7
YMR295C,567,474,31,NA
YMR296C,714,640,25,18
YMR299C,86,75,0,6
YMR300C,417,365,11,17
YMR301C,303,289,0,6
YMR302C,491,458,4,14
YMR303C,2751,2605,10,0
YMR305C,1468,1249,130,NA
YMR306C-A,16,5,NA,11
YMR308C,1240,1136,52,25
YMR309C,1905,1688,30,130
YMR310C,166,145,0,11
YMR311C,216,151,8,24
YMR313C,221,197,5,16
YMR316C-A,12,1,5,5
YMR316C-B,21,2,12,3
YMR318C,663,530,10,71
YMR319C,386,317,4,56
YML131W,205,175,4,13
YML127W,255,243,4,NA
YML121W,143,115,10,10
YML119W,181,160,0,9
YML118W,35,30,2,NA
YML117W,816,766,31,NA
YML116W,75,67,3,2
YML113W,186,149,3,26
YML112W,90,78,0,5
YML111W,359,339,11,NA
YML109W,176,166,0,7
YML108W,145,69,10,51
YML106W,1261,757,329,52
YML102W,152,132,0,7
YML100W-A,3,0,NA,3
YML100W,867,819,12,19
YML098W,123,87,1,21
YML096W,154,144,0,4
YML094W,168,132,0,21
YML093W,369,360,2,NA
YML090W,1,1,NA,0
YML088W,124,123,0,NA
YML084W,22,11,NA,10
YML082W,168,146,2,17
YML081W,434,414,3,6
YML080W,153,113,15,15
YML079W,227,182,0,14
YML078W,860,620,26,110
YML077W,96,71,NA,15
YML070W,644,608,5,18
YML069W,493,469,5,7
YML068W,72,63,1,6
YML065W,193,171,8,9
YML063W,6808,6062,118,186
YML060W,86,70,5,7
YML058W-A,19,5,4,5
YML058W,1366,604,2,567
YML057W,486,425,19,22
YML055W,138,105,1,9
YML052W,495,410,10,49
YML051W,243,199,6,24
YML050W,64,53,0,8
YML048W,646,515,2,91
YML046W,141,123,8,4
YML042W,72,68,NA,3
YML036W,95,78,1,4
YML034W,377,337,6,25
YML031W,387,362,2,8
YML030W,219,117,4,70
YML029W,231,219,3,5
YML028W,3780,2748,81,519
YML027W,170,137,10,15
YML024W,4813,3725,47,327
YML022W,576,380,2,133
YML020W,152,121,10,17
YML019W,247,189,0,43
YML017W,371,313,9,40
YML014W,107,96,NA,4
YML013W,212,185,0,23
YML012W,665,455,6,129
YML010W,908,890,0,NA
YML007W,401,323,33,34
YML005W,76,75,0,0
YML002W,92,90,NA,1
YML001W,385,278,53,24
YMR002W,1047,649,10,271
YMR003W,68,53,0,6
YMR004W,252,208,3,28
YMR005W,208,167,6,10
YMR007W,2,2,NA,0
YMR009W,136,110,1,12
YMR010W,348,255,60,19
YMR011W,578,531,6,18
YMR012W,2262,2104,64,73
YMR013W-A,22,1,NA,20
YMR014W,182,155,2,12
YMR017W,8,6,NA,1
YMR018W,5,4,NA,0
YMR019W,188,180,NA,7
YMR020W,131,114,0,11
YMR022W,230,169,0,37
YMR024W,445,393,NA,36
YMR025W,57,53,0,1
YMR027W,444,410,11,7
YMR028W,119,102,0,8
YMR030W,57,47,2,6
YMR033W,225,191,3,22
YMR035W,51,35,2,10
YMR040W,27,17,6,1
YMR042W,87,42,0,40
YMR043W,405,285,0,97
YMR044W,161,125,1,22
YMR048W,93,70,0,12
YMR052W,60,25,0,31
YMR054W,611,533,35,18
YMR058W,340,303,6,23
YMR059W,38,29,0,4
YMR061W,228,222,1,2
YMR063W,29,22,3,1
YMR064W,159,151,NA,8
YMR065W,37,33,NA,4
YMR066W,104,96,0,4
YMR068W,83,71,0,4
YMR069W,45,28,NA,15
YMR070W,355,322,11,NA
YMR072W,604,417,1,105
YMR075W,181,167,4,7
YMR079W,927,659,15,194
YMR083W,994,838,23,68
YMR085W,25,25,NA,0
YMR086W,374,345,3,26
YMR087W,82,68,4,3
YMR090W,39,32,0,3
YMR093W,309,285,0,12
YMR094W,61,41,0,19
YMR096W,71,56,0,11
YMR100W,151,141,NA,10
YMR107W,4,1,1,2
YMR108W,2636,2166,197,164
YMR109W,832,807,6,10
YMR113W,98,87,1,4
YMR115W,164,134,7,19
YMR119W,276,236,22,NA
YMR122W-A,2574,1214,150,829
YMR123W,245,157,2,36
YMR124W,450,414,31,NA
YMR125W,765,735,21,NA
YMR128W,416,395,6,6
YMR129W,649,624,NA,12
YMR130W,162,139,8,4
YMR134W,93,81,0,0
YMR136W,190,166,7,8
YMR138W,47,44,NA,1
YMR139W,210,165,22,15
YMR140W,215,134,2,75
YMR143W,2857,2059,0,294
YMR144W,145,106,12,20
YMR148W,161,62,45,39
YMR151W,4,1,NA,3
YMR152W,232,203,0,12
YMR153W,219,177,7,25
YMR155W,146,134,0,9
YMR158W,155,118,9,14
YMR160W,128,119,1,4
YMR161W,172,97,6,59
YMR167W,118,118,0,NA
YMR172W,140,140,NA,NA
YMR175W,7,3,3,NA
YMR176W,323,309,5,3
YMR177W,86,80,4,0
YMR178W,190,174,4,2
YMR179W,143,128,NA,11
YMR182W-A,95,4,79,8
YMR184W,189,140,7,6
YMR185W,209,206,1,NA
YMR186W,10077,9570,20,248
YMR189W,1223,1110,51,26
YMR192W,258,230,9,7
YMR193W,203,150,0,21
YMR194W,1458,1126,0,98
YMR195W,83,41,7,19
YMR196W,433,403,NA,22
YMR198W,109,83,13,10
YMR199W,302,238,28,18
YMR200W,583,382,39,132
YMR202W,1276,1081,25,69
YMR203W,1378,1126,23,150
YMR206W,4,3,0,0
YMR208W,530,476,0,26
YMR210W,85,76,2,2
YMR211W,103,91,0,9
YMR213W,90,84,1,1
YMR214W,220,182,0,18
YMR215W,636,553,17,38
YMR217W,1916,1718,34,83
YMR219W,376,367,NA,3
YMR220W,486,430,0,32
YMR223W,182,127,13,33
YMR228W,137,116,3,9
YMR230W,2446,1586,96,334
YMR231W,241,223,0,16
YMR233W,67,50,0,10
YMR234W,74,52,6,11
YMR236W,171,141,0,11
YMR237W,560,502,10,35
YMR238W,609,513,37,35
YMR241W,650,506,60,28
YMR246W,1096,890,72,87
YMR250W,436,393,4,26
YMR251W,2,2,NA,NA
YMR251W-A,3253,936,141,1733
YMR255W,119,86,NA,25
YMR262W,93,72,NA,18
YMR263W,84,68,0,4
YMR264W,266,183,28,24
YMR266W,557,528,0,18
YMR267W,280,229,9,25
YMR269W,80,70,0,1
YMR276W,783,665,3,73
YMR277W,410,336,22,33
YMR278W,452,403,5,31
YMR281W,72,59,3,5
YMR284W,118,108,0,9
YMR286W,144,73,0,43
YMR288W,153,152,0,0
YMR289W,190,149,NA,34
YMR291W,319,282,9,15
YMR292W,154,104,3,23
YMR294W,48,43,0,1
YMR297W,2399,2051,47,162
YMR298W,321,226,3,50
YMR304W,527,521,NA,NA
YMR306W,47,46,1,NA
YMR307W,5088,4450,62,382
YMR312W,163,139,0,15
YMR314W,517,392,15,56
YMR315W,628,535,10,42
YMR316W,105,88,4,5
YMR317W,7,4,NA,2
YMR320W,11,1,9,1
YNL331C,50,36,NA,14
YNL330C,281,225,7,35
YNL329C,246,235,NA,8
YNL328C,33,30,0,2
YNL326C,84,68,0,11
YNL325C,122,116,0,0
YNL322C,655,588,0,20
YNL316C,87,79,0,5
YNL315C,359,305,0,34
YNL313C,466,433,0,24
YNL311C,156,150,0,3
YNL310C,131,98,0,17
YNL308C,378,346,5,14
YNL307C,889,605,94,137
YNL305C,219,172,4,21
YNL302C,3459,2551,0,305
YNL301C,2352,2075,4,133
YNL297C,620,592,NA,17
YNL294C,253,188,32,26
YNL291C,209,166,26,6
YNL284C,269,245,NA,20
YNL283C,341,239,62,23
YNL280C,405,347,10,27
YNL276C,51,5,0,44
YNL274C,275,240,6,17
YNL272C,274,251,13,5
YNL271C,741,706,NA,32
YNL270C,48,47,1,0
YNL265C,140,117,0,17
YNL264C,181,149,NA,23
YNL263C,331,241,43,27
YNL260C,76,44,NA,29
YNL259C,100,60,3,18
YNL258C,229,221,0,4
YNL257C,342,330,5,3
YNL255C,970,586,16,275
YNL254C,107,101,3,NA
YNL252C,239,202,0,21
YNL251C,475,379,41,28
YNL249C,54,45,0,8
YNL248C,542,451,9,58
YNL245C,52,22,0,26
YNL244C,960,504,17,268
YNL241C,1076,892,25,118
YNL240C,148,140,4,NA
YNL231C,310,234,32,20
YNL230C,104,63,5,32
YNL229C,257,245,NA,1
YNL227C,156,134,4,9
YNL225C,74,69,NA,4
YNL224C,176,153,5,13
YNL221C,231,211,1,15
YNL219C,475,407,30,24
YNL213C,63,47,4,8
YNL211C,19,12,0,NA
YNL206C,160,148,NA,6
YNL201C,255,230,16,NA
YNL200C,132,90,12,12
YNL199C,188,161,NA,22
YNL197C,458,301,45,104
YNL195C,29,24,NA,4
YNL185C,171,129,NA,31
YNL183C,428,366,27,24
YNL182C,247,222,1,5
YNL180C,393,363,NA,15
YNL179C,106,94,12,NA
YNL177C,300,225,13,39
YNL176C,382,322,20,32
YNL175C,414,346,8,38
YNL173C,181,149,5,10
YNL169C,400,343,18,21
YNL168C,280,223,2,39
YNL167C,241,197,37,NA
YNL166C,229,197,0,13
YNL164C,67,54,8,2
YNL163C,354,337,2,9
YNL159C,115,69,0,42
YNL156C,375,293,39,21
YNL154C,684,530,82,45
YNL153C,172,88,11,48
YNL151C,170,117,12,35
YNL149C,241,169,0,43
YNL148C,40,36,0,2
YNL146C-A,2,0,NA,2
YNL144C,30,28,NA,0
YNL143C,73,33,NA,40
YNL139C,574,559,7,NA
YNL137C,503,413,17,44
YNL135C,1913,1117,33,525
YNL134C,1351,1171,34,59
YNL133C,49,35,2,4
YNL130C,744,673,5,25
YNL130C-A,0,0,0,0
YNL125C,240,217,5,8
YNL122C,140,80,NA,50
YNL121C,1202,1015,20,115
YNL118C,1920,1726,8,123
YNL115C,300,278,0,13
YNL114C,1,0,1,NA
YNL111C,615,280,11,239
YNL110C,284,214,2,41
YNL108C,166,127,4,31
YNL106C,218,214,NA,2
YNL104C,3013,2598,127,181
YNL099C,160,111,3,34
YNL098C,448,371,0,60
YNL097C-B,84,2,NA,81
YNL097C,102,89,6,2
YNL096C,2285,1718,81,277
YNL095C,76,61,5,8
YNL084C,294,262,3,11
YNL081C,267,153,4,95
YNL080C,171,141,13,11
YNL079C,1175,674,46,319
YNL074C,509,459,3,27
YNL069C,5330,4004,0,737
YNL068C,282,231,22,24
YNL064C,1792,1330,209,135
YNL062C,281,257,0,19
YNL059C,317,293,0,17
YNL058C,826,680,8,96
YNL055C,3510,2916,86,210
YNL050C,85,77,0,3
YNL049C,372,354,0,12
YNL047C,125,115,0,5
YNL043C,4,2,0,2
YNL041C,262,253,3,NA
YNL037C,1152,914,68,79
YNL035C,186,148,0,22
YNL031C,2939,1920,0,731
YNL029C,78,75,0,2
YNL025C,80,54,1,23
YNL024C-A,190,52,22,89
YNL024C,12,11,0,1
YNL023C,201,184,3,7
YNL022C,131,122,1,5
YNL020C,119,107,4,5
YNL019C,6,5,NA,1
YNL011C,109,99,1,7
YNL008C,178,173,1,2
YNL007C,1046,824,124,17
YNL005C,365,325,4,17
YNL003C,181,143,2,25
YNL002C,393,352,0,15
YNR001C,1110,932,38,81
YNR002C,15,12,NA,2
YNR003C,197,164,1,17
YNR007C,109,64,0,36
YNR011C,163,152,0,9
YNR013C,763,713,6,24
YNR016C,8418,8290,NA,83
YNR020C,74,59,NA,12
YNR022C,237,163,11,34
YNR025C,12,4,NA,1
YNR026C,220,204,3,NA
YNR029C,133,117,1,4
YNR031C,387,385,NA,1
YNR032C-A,87,30,2,36
YNR035C,589,550,0,18
YNR036C,402,246,0,118
YNR037C,195,83,0,36
YNR039C,179,166,1,3
YNR041C,239,211,1,14
YNR049C,63,50,0,2
YNR050C,701,630,7,27
YNR051C,471,280,129,44
YNR052C,314,297,10,5
YNR053C,419,382,2,24
YNR054C,179,158,2,5
YNR055C,520,391,92,14
YNR056C,11,11,NA,0
YNR061C,165,87,8,58
YNR062C,2,1,NA,1
YNR064C,16,9,NA,7
YNR065C,1129,1108,NA,2
YNR066C,451,429,NA,NA
YNR067C,1209,1146,9,31
YNR068C,21,12,NA,8
YNR069C,40,30,9,NA
YNR071C,0,0,0,0
YNR073C,26,26,NA,0
YNR074C,0,0,0,0
YNL327W,1938,1852,9,26
YNL323W,266,243,1,18
YNL321W,461,428,0,18
YNL320W,102,78,3,13
YNL317W,154,139,0,8
YNL314W,54,45,NA,8
YNL312W,261,206,6,19
YNL309W,105,97,0,7
YNL306W,407,318,8,26
YNL300W,448,185,43,164
YNL299W,101,98,1,2
YNL298W,355,344,NA,7
YNL295W,149,125,5,10
YNL293W,206,188,2,9
YNL292W,180,159,0,10
YNL290W,216,194,0,10
YNL289W,219,176,4,24
YNL288W,265,188,33,26
YNL287W,1766,1534,114,85
YNL286W,98,78,8,7
YNL281W,654,422,0,136
YNL279W,13,13,0,NA
YNL278W,177,157,3,15
YNL277W-A,7,4,NA,3
YNL277W,24,14,NA,7
YNL275W,81,74,0,4
YNL273W,227,218,NA,7
YNL268W,792,722,10,47
YNL267W,361,337,11,8
YNL262W,564,556,NA,4
YNL261W,157,130,5,13
YNL256W,285,272,2,2
YNL253W,120,100,3,13
YNL250W,170,158,NA,7
YNL247W,995,948,NA,32
YNL246W,175,122,0,46
YNL243W,717,679,4,16
YNL242W,250,248,1,NA
YNL239W,695,597,32,39
YNL238W,385,311,43,27
YNL237W,25,19,0,4
YNL236W,323,305,4,5
YNL234W,33,27,1,2
YNL233W,243,222,13,5
YNL232W,147,123,2,10
YNL228W,1,1,0,NA
YNL226W,1,1,NA,0
YNL223W,62,57,NA,3
YNL222W,134,85,5,34
YNL220W,501,416,15,36
YNL218W,124,95,9,12
YNL217W,114,96,0,10
YNL216W,392,354,11,18
YNL215W,114,101,4,NA
YNL214W,67,37,0,19
YNL212W,275,243,5,17
YNL209W,15210,14229,43,476
YNL208W,1232,931,0,152
YNL207W,250,203,26,4
YNL202W,18,12,0,0
YNL193W,162,152,0,3
YNL192W,1040,997,36,NA
YNL191W,114,97,3,4
YNL190W,3965,2237,392,1180
YNL189W,886,732,77,38
YNL188W,67,61,1,1
YNL187W,52,32,6,8
YNL186W,483,397,31,28
YNL181W,151,135,1,9
YNL178W,6849,5872,0,337
YNL172W,377,368,7,NA
YNL165W,128,99,3,17
YNL162W-A,37,9,0,22
YNL162W,3571,2616,34,324
YNL161W,399,354,14,13
YNL160W,1434,1163,8,190
YNL158W,63,54,5,NA
YNL157W,177,121,0,18
YNL155W,188,142,17,15
YNL152W,100,93,0,1
YNL147W,151,92,21,8
YNL146W,26,9,7,7
YNL145W,0,0,0,0
YNL142W,219,186,29,NA
YNL141W,534,464,1,36
YNL138W-A,59,27,0,22
YNL138W,1310,1174,10,71
YNL136W,89,88,0,NA
YNL132W,674,624,20,16
YNL131W,819,415,36,275
YNL129W,102,77,NA,16
YNL128W,23,18,5,NA
YNL127W,228,213,NA,9
YNL126W,199,188,3,5
YNL124W,183,164,0,10
YNL123W,580,561,2,8
YNL119W,389,291,0,78
YNL117W,7,5,0,1
YNL116W,220,180,9,20
YNL113W,375,209,9,95
YNL112W,806,710,11,55
YNL109W,4,2,0,NA
YNL107W,76,54,NA,18
YNL103W-A,0,0,0,0
YNL103W,300,259,16,11
YNL102W,432,418,NA,10
YNL101W,391,316,31,31
YNL100W,170,122,9,21
YNL097W-A,0,0,0,0
YNL094W,232,199,22,2
YNL093W,12,7,1,3
YNL092W,31,28,1,1
YNL091W,599,574,18,NA
YNL090W,179,86,24,62
YNL088W,579,562,6,NA
YNL087W,431,391,NA,29
YNL086W,48,31,5,11
YNL085W,1150,928,103,99
YNL083W,129,110,0,10
YNL082W,142,132,0,0
YNL078W,141,126,0,7
YNL077W,72,59,6,4
YNL076W,207,164,34,6
YNL075W,158,128,7,10
YNL073W,263,234,0,18
YNL072W,101,87,0,6
YNL071W,1859,1660,8,105
YNL070W,314,101,27,105
YNL067W-A,2,0,NA,2
YNL067W,2455,1972,28,326
YNL066W,832,620,99,78
YNL065W,155,126,7,10
YNL063W,59,54,NA,3
YNL061W,725,702,5,NA
YNL057W,5,4,NA,1
YNL056W,175,138,4,18
YNL054W,257,232,NA,20
YNL053W,176,141,7,18
YNL052W,749,414,11,235
YNL051W,126,111,NA,1
YNL048W,233,214,3,9
YNL046W,95,75,NA,16
YNL045W,435,415,NA,17
YNL044W,693,438,35,135
YNL042W,59,49,5,3
YNL040W,301,261,1,22
YNL039W,175,168,0,4
YNL038W,99,85,0,6
YNL036W,306,241,16,13
YNL033W,7,6,0,1
YNL032W,131,92,16,12
YNL030W,1848,1203,34,471
YNL027W,270,258,5,5
YNL026W,234,191,0,30
YNL021W,179,166,2,9
YNL016W,1350,1234,26,13
YNL015W,567,341,24,114
YNL014W,193,192,NA,1
YNL012W,55,48,NA,5
YNL010W,976,795,13,88
YNL009W,45,20,NA,25
YNL006W,216,156,0,51
YNL004W,349,308,0,28
YNL001W,155,145,1,4
YNR001W-A,1,0,0,1
YNR004W,34,9,0,20
YNR006W,271,250,0,13
YNR008W,255,215,7,22
YNR009W,133,102,4,15
YNR010W,66,42,2,13
YNR012W,181,158,6,11
YNR014W,33,22,0,6
YNR015W,208,192,0,9
YNR017W,541,323,88,84
YNR018W,481,322,11,81
YNR019W,479,454,4,NA
YNR021W,758,639,3,74
YNR023W,132,111,3,6
YNR024W,62,43,0,7
YNR027W,109,82,2,22
YNR028W,143,117,9,7
YNR030W,459,402,2,33
YNR032W,94,78,7,5
YNR033W,356,346,NA,4
YNR034W,115,77,3,23
YNR034W-A,63,37,3,16
YNR038W,264,249,NA,6
YNR040W,149,133,NA,4
YNR043W,1046,883,0,107
YNR044W,107,103,0,0
YNR045W,77,69,1,5
YNR046W,286,179,0,66
YNR047W,374,340,2,24
YNR048W,72,52,3,14
YNR058W,56,47,4,1
YNR059W,73,66,3,2
YNR060W,13,12,0,1
YNR063W,55,36,NA,19
YNR070W,2,2,NA,0
YNR072W,3,2,1,0
YNR075W,73,73,0,NA
YOL159C-A,84,31,8,39
YOL159C,106,93,0,3
YOL158C,92,81,4,6
YOL157C,72,64,NA,6
YOL155C,1831,1795,5,NA
YOL150C,13,0,NA,12
YOL148C,176,176,NA,NA
YOL147C,233,170,1,35
YOL145C,535,496,5,17
YOL143C,807,511,87,92
YOL139C,1240,992,47,99
YOL138C,291,287,NA,2
YOL136C,306,191,26,78
YOL135C,61,43,1,14
YOL128C,77,60,NA,15
YOL126C,386,294,18,50
YOL124C,182,164,0,3
YOL122C,413,357,9,22
YOL121C,2665,2068,0,174
YOL120C,5465,4280,0,446
YOL119C,268,230,1,25
YOL114C,24,22,0,1
YOL111C,195,142,5,19
YOL108C,70,36,NA,26
YOL105C,175,133,23,16
YOL102C,117,86,NA,16
YOL101C,32,29,0,2
YOL097C,763,673,5,39
YOL096C,83,69,0,8
YOL095C,79,70,2,4
YOL094C,134,118,0,4
YOL089C,162,151,NA,4
YOL088C,197,160,0,20
YOL087C,300,287,NA,8
YOL086C,16183,13827,352,710
YOL085C,7,0,NA,7
YOL080C,129,101,3,13
YOL077C,435,368,0,30
YOL075C,167,165,NA,NA
YOL073C,119,112,2,0
YOL070C,361,340,0,16
YOL068C,241,234,NA,NA
YOL067C,53,38,NA,11
YOL066C,161,149,2,4
YOL065C,74,66,0,4
YOL064C,320,268,5,27
YOL063C,171,160,3,6
YOL062C,318,298,0,11
YOL060C,454,383,5,50
YOL055C,102,94,NA,7
YOL052C-A,211,51,7,103
YOL052C,336,285,5,29
YOL048C,121,108,1,6
YOL043C,75,62,3,3
YOL041C,377,310,3,40
YOL040C,5228,3534,276,698
YOL038C-A,9,0,1,6
YOL037C,1,1,0,0
YOL031C,165,144,7,7
YOL029C,62,57,NA,0
YOL028C,68,48,16,NA
YOL027C,557,489,5,50
YOL026C,186,121,0,48
YOL022C,227,195,3,7
YOL021C,539,507,7,11
YOL018C,114,82,9,15
YOL016C,255,215,11,16
YOL013C,175,149,17,4
YOL012C,249,115,18,89
YOL009C,49,39,NA,2
YOL007C,204,140,6,49
YOL006C,278,252,0,16
YOL005C,236,165,12,15
YOL003C,137,119,0,13
YOL002C,160,147,0,5
YOR005C,72,67,NA,2
YOR006C,109,92,0,10
YOR007C,1238,1099,NA,84
YOR008C,350,244,32,60
YOR008C-A,2,0,2,NA
YOR010C,46,41,0,3
YOR016C,171,107,19,33
YOR020C,1348,851,73,238
YOR021C,339,249,7,51
YOR022C,97,96,NA,0
YOR023C,205,186,10,3
YOR028C,148,93,21,27
YOR032C,21,16,0,3
YOR033C,145,133,7,1
YOR034C,213,180,17,12
YOR035C,229,226,0,NA
YOR038C,166,149,5,5
YOR041C,75,0,55,19
YOR046C,575,511,10,23
YOR047C,110,90,9,7
YOR048C,491,455,2,20
YOR049C,3,3,0,0
YOR050C,0,0,0,0
YOR051C,444,385,0,39
YOR052C,403,199,40,131
YOR054C,195,185,3,6
YOR056C,248,211,7,15
YOR058C,321,279,NA,34
YOR059C,115,103,0,7
YOR060C,47,36,1,6
YOR062C,86,72,NA,7
YOR064C,45,32,NA,8
YOR067C,286,270,4,4
YOR068C,2,0,NA,0
YOR070C,147,128,9,4
YOR071C,202,180,0,15
YOR074C,164,139,2,13
YOR076C,154,145,0,3
YOR079C,94,84,0,7
YOR081C,311,291,4,10
YOR086C,1035,952,43,20
YOR089C,236,168,8,24
YOR090C,263,229,10,12
YOR093C,321,306,2,11
YOR095C,169,124,10,19
YOR097C,61,45,3,8
YOR098C,494,471,NA,17
YOR100C,17,13,NA,4
YOR103C,163,106,3,14
YOR108C-A,0,0,0,0
YOR115C,182,142,8,9
YOR116C,842,778,34,14
YOR119C,164,107,1,50
YOR121C,357,2,333,NA
YOR122C,1495,808,28,470
YOR123C,270,244,6,6
YOR124C,629,596,12,15
YOR125C,136,96,10,22
YOR126C,102,80,1,11
YOR128C,76,72,1,0
YOR129C,130,117,3,8
YOR130C,110,94,NA,11
YOR131C,114,89,12,7
YOR137C,127,123,NA,4
YOR138C,247,220,5,9
YOR141C,301,265,0,21
YOR143C,103,89,4,1
YOR144C,123,112,NA,9
YOR145C,296,234,0,31
YOR148C,71,59,0,9
YOR149C,153,111,4,37
YOR151C,1386,1308,NA,62
YOR152C,82,47,22,7
YOR155C,190,169,NA,11
YOR156C,119,81,3,9
YOR157C,436,374,24,12
YOR159C,72,16,6,35
YOR161C,309,257,20,15
YOR161C-C,2,0,NA,1
YOR162C,128,117,5,6
YOR164C,360,268,6,63
YOR166C,104,76,4,13
YOR167C,2479,1179,0,662
YOR171C,333,320,9,NA
YOR175C,432,352,21,46
YOR177C,68,51,NA,13
YOR178C,160,144,NA,11
YOR179C,83,59,0,17
YOR180C,30,15,7,6
YOR182C,2001,1287,NA,339
YOR185C,255,194,16,16
YOR186C-A,1,1,NA,0
YOR192C,63,41,NA,21
YOR194C,189,172,9,NA
YOR196C,179,149,0,15
YOR198C,1664,1364,15,190
YOR201C,271,234,2,14
YOR205C,121,110,0,3
YOR207C,846,804,3,26
YOR209C,657,490,60,58
YOR211C,316,301,NA,14
YOR213C,99,53,7,34
YOR215C,271,189,1,45
YOR216C,186,161,2,13
YOR218C,23,1,22,NA
YOR219C,205,191,NA,9
YOR221C,179,141,1,26
YOR224C,586,419,12,68
YOR226C,109,68,0,20
YOR228C,76,51,11,9
YOR234C,1765,1299,0,109
YOR242C,17,16,NA,1
YOR243C,516,440,0,46
YOR245C,136,110,13,7
YOR246C,280,230,12,21
YOR249C,85,79,0,3
YOR250C,130,117,0,3
YOR251C,231,197,0,17
YOR254C,851,784,0,31
YOR256C,225,220,NA,4
YOR259C,621,572,0,21
YOR261C,505,424,28,20
YOR267C,702,643,27,25
YOR270C,2458,2179,126,102
YOR271C,470,415,13,12
YOR273C,301,263,11,21
YOR275C,236,206,0,21
YOR279C,68,55,4,5
YOR280C,114,98,0,7
YOR281C,215,168,2,26
YOR287C,89,78,1,3
YOR288C,132,114,1,11
YOR290C,696,678,NA,7
YOR292C,56,51,1,2
YOR293C-A,0,0,0,0
YOR297C,108,78,1,19
YOR298C-A,981,631,3,266
YOR304C-A,66,22,NA,35
YOR306C,111,98,3,3
YOR307C,225,181,19,18
YOR308C,92,76,0,11
YOR309C,337,212,NA,80
YOR311C,203,136,8,47
YOR312C,4676,3795,41,254
YOR313C,6,3,1,0
YOR316C,254,208,21,16
YOR318C,8,3,NA,5
YOR320C,335,290,19,14
YOR322C,289,266,NA,19
YOR323C,790,679,0,50
YOR324C,160,126,9,18
YOR327C,218,109,33,35
YOR329C,347,333,NA,11
YOR333C,0,0,0,0
YOR335C,2160,1935,69,96
YOR339C,4,4,0,0
YOR340C,318,260,9,24
YOR342C,190,155,13,9
YOR343C,12,2,3,5
YOR344C,175,140,14,14
YOR347C,168,132,8,23
YOR348C,440,394,NA,34
YOR350C,134,119,2,9
YOR353C,277,276,NA,NA
YOR354C,616,561,6,27
YOR357C,113,93,0,5
YOR360C,318,253,36,16
YOR361C,1715,1637,NA,60
YOR362C,562,424,12,84
YOR363C,132,126,3,NA
YOR365C,6,4,NA,2
YOR369C,5523,3351,488,628
YOR370C,731,558,91,56
YOR371C,209,192,8,3
YOR372C,422,367,4,32
YOR375C,5850,5138,127,257
YOR379C,10,8,1,NA
YOR383C,59,43,0,8
YOL164W,43,40,NA,3
YOL154W,1297,984,43,136
YOL152W,73,68,0,4
YOL151W,218,199,0,7
YOL149W,121,110,0,NA
YOL146W,95,78,0,9
YOL144W,180,168,0,4
YOL142W,157,125,0,10
YOL141W,56,51,0,NA
YOL140W,483,427,10,16
YOL137W,152,130,1,15
YOL133W,183,89,2,77
YOL132W,5,3,NA,0
YOL130W,377,308,26,30
YOL129W,367,236,0,55
YOL127W,5261,4018,84,336
YOL125W,90,85,1,0
YOL123W,965,643,280,NA
YOL117W,94,90,0,NA
YOL116W,76,51,5,13
YOL115W,218,197,14,NA
YOL113W,298,280,8,4
YOL112W,207,166,15,11
YOL110W,55,45,0,3
YOL109W,2681,1373,192,695
YOL107W,130,121,1,3
YOL103W,412,361,26,12
YOL100W,227,219,NA,5
YOL097W-A,13,6,2,3
YOL093W,130,107,2,12
YOL092W,381,330,14,6
YOL091W,16,13,NA,2
YOL090W,428,406,1,7
YOL086W-A,86,43,7,19
YOL085W-A,7,0,1,5
YOL083W,73,59,3,7
YOL082W,276,236,17,11
YOL081W,1158,1143,NA,13
YOL078W,156,154,0,1
YOL077W-A,407,198,13,88
YOL076W,337,310,0,9
YOL072W,110,100,NA,6
YOL071W,119,82,NA,16
YOL069W,106,90,0,8
YOL061W,680,629,7,37
YOL059W,784,645,NA,110
YOL058W,2531,2099,109,215
YOL057W,491,428,0,40
YOL056W,86,65,3,13
YOL054W,74,63,2,6
YOL053W,103,96,NA,7
YOL051W,726,716,NA,NA
YOL049W,604,515,15,44
YOL045W,339,312,11,14
YOL044W,86,81,1,1
YOL042W,108,90,0,13
YOL039W,4432,2215,47,1345
YOL038W,496,419,5,28
YOL036W,384,280,66,28
YOL034W,146,139,0,4
YOL033W,203,185,2,9
YOL032W,82,71,3,1
YOL030W,1352,1148,35,105
YOL025W,91,82,3,4
YOL024W,3,2,NA,0
YOL023W,174,149,0,17
YOL020W,378,336,10,21
YOL019W,412,317,22,64
YOL017W,122,112,0,7
YOL015W,15,11,2,1
YOL014W,31,11,7,7
YOL013W-B,4,2,2,NA
YOL013W-A,1411,1406,NA,3
YOL011W,359,298,49,NA
YOL010W,227,186,6,18
YOL008W,121,96,0,19
YOL004W,1023,988,NA,25
YOL001W,104,62,38,NA
YOR001W,384,363,4,10
YOR002W,412,363,6,22
YOR003W,100,73,1,25
YOR004W,185,131,6,38
YOR009W,93,88,NA,4
YOR011W,161,157,NA,3
YOR013W,23,18,NA,3
YOR014W,682,605,63,NA
YOR015W,86,64,10,2
YOR017W,255,227,4,11
YOR018W,131,123,3,NA
YOR019W,19,15,NA,4
YOR020W-A,102,46,3,32
YOR025W,323,284,0,25
YOR026W,112,90,NA,14
YOR027W,1940,1787,0,90
YOR029W,0,0,0,0
YOR030W,184,168,9,5
YOR031W,64,21,0,29
YOR032W-A,12,0,11,0
YOR036W,88,78,0,5
YOR037W,79,71,2,3
YOR039W,376,238,37,91
YOR040W,53,44,NA,5
YOR042W,435,379,9,15
YOR043W,431,299,76,38
YOR044W,79,42,22,8
YOR045W,541,235,41,150
YOR053W,22,7,13,NA
YOR057W,194,163,3,14
YOR061W,393,280,16,65
YOR063W,11864,10229,15,805
YOR065W,1130,657,142,283
YOR066W,240,206,NA,26
YOR069W,231,204,12,5
YOR073W,120,102,0,12
YOR075W,93,87,0,NA
YOR077W,16,13,0,NA
YOR078W,127,108,0,5
YOR080W,140,138,0,NA
YOR084W,104,88,9,1
YOR085W,513,426,24,27
YOR087W,264,231,7,19
YOR091W,382,308,17,23
YOR092W,151,134,2,10
YOR094W,85,55,5,17
YOR096W,5061,3956,62,389
YOR099W,719,622,19,41
YOR101W,222,157,11,45
YOR102W,43,0,43,NA
YOR104W,123,96,19,NA
YOR106W,74,62,3,7
YOR107W,55,29,14,9
YOR108W,1140,1052,4,48
YOR109W,595,574,10,NA
YOR110W,127,114,7,2
YOR111W,116,62,4,37
YOR112W,318,296,2,8
YOR113W,235,208,NA,21
YOR114W,62,35,12,12
YOR117W,588,475,15,68
YOR118W,186,155,15,10
YOR120W,259,200,18,13
YOR127W,458,430,NA,19
YOR132W,250,233,8,1
YOR133W,23464,22369,111,553
YOR136W,1631,1297,97,161
YOR140W,245,193,21,29
YOR142W,847,568,119,115
YOR146W,1,1,0,0
YOR147W,150,130,0,15
YOR150W,305,222,7,34
YOR153W,2574,2460,84,NA
YOR154W,107,93,1,9
YOR158W,364,331,2,11
YOR160W,300,286,0,5
YOR163W,162,122,1,18
YOR165W,630,581,5,27
YOR168W,1292,1216,2,34
YOR172W,162,147,3,9
YOR173W,98,85,0,6
YOR174W,100,79,6,4
YOR176W,398,317,11,39
YOR181W,204,190,4,6
YOR184W,697,585,36,45
YOR186W,13,2,9,1
YOR187W,1470,1225,0,125
YOR188W,349,342,4,NA
YOR189W,114,60,0,42
YOR190W,23,8,15,NA
YOR191W,460,431,3,15
YOR193W,63,54,2,3
YOR195W,266,242,5,12
YOR197W,500,443,0,29
YOR202W,344,327,0,NA
YOR204W,2364,1754,NA,579
YOR206W,688,651,1,16
YOR208W,306,284,NA,19
YOR210W,398,101,7,200
YOR212W,253,226,NA,20
YOR217W,407,366,8,22
YOR220W,213,165,2,26
YOR222W,497,409,11,35
YOR223W,67,51,1,13
YOR227W,500,467,NA,24
YOR229W,149,119,1,22
YOR230W,2040,1752,31,131
YOR231W,181,147,12,12
YOR232W,656,463,67,81
YOR233W,197,184,NA,8
YOR235W,47,43,0,NA
YOR236W,74,62,0,8
YOR237W,2,1,NA,1
YOR238W,106,96,0,7
YOR239W,437,413,5,NA
YOR241W,352,332,NA,14
YOR244W,111,101,2,3
YOR247W,2320,1595,542,NA
YOR252W,123,100,3,8
YOR253W,271,211,0,32
YOR255W,3,2,0,1
YOR257W,63,54,0,2
YOR258W,39,33,0,1
YOR260W,554,509,3,25
YOR262W,128,100,3,11
YOR264W,198,185,2,5
YOR265W,137,82,6,11
YOR266W,127,99,6,11
YOR269W,79,68,0,7
YOR272W,380,347,2,14
YOR274W,86,84,NA,NA
YOR276W,659,469,4,101
YOR278W,73,60,0,4
YOR283W,145,85,15,23
YOR284W,64,42,1,18
YOR285W,528,402,NA,67
YOR286W,372,291,NA,42
YOR289W,36,30,NA,2
YOR291W,487,473,NA,11
YOR293W,3295,2060,84,593
YOR294W,241,137,11,56
YOR295W,60,33,5,19
YOR296W,170,165,3,NA
YOR298W,11,7,4,NA
YOR299W,315,298,4,NA
YOR301W,155,114,0,36
YOR303W,1820,1659,NA,99
YOR304W,332,316,NA,9
YOR305W,112,90,5,NA
YOR314W,0,0,0,0
YOR314W-A,1,0,1,NA
YOR315W,163,118,2,33
YOR317W,1921,1599,24,210
YOR319W,81,60,0,13
YOR321W,208,194,2,3
YOR325W,3,0,3,0
YOR326W,1338,1305,NA,19
YOR328W,131,125,NA,5
YOR332W,1351,984,42,150
YOR334W,108,96,NA,6
YOR336W,462,447,0,10
YOR337W,271,245,NA,21
YOR338W,20,14,3,2
YOR341W,2935,2724,64,113
YOR346W,352,306,26,12
YOR349W,90,87,1,1
YOR352W,99,84,5,5
YOR355W,766,548,133,57
YOR356W,553,478,5,38
YOR358W,80,39,1,35
YOR359W,162,130,14,11
YOR364W,1,1,0,NA
YOR366W,2,2,NA,0
YOR367W,118,93,0,11
YOR368W,67,53,0,6
YOR373W,197,186,NA,9
YOR374W,495,409,7,41
YOR376W-A,58,4,13,35
YOR377W,104,81,0,17
YOR378W,12,10,NA,0
YOR380W,93,74,4,1
YOR381W,32,28,0,2
YOR381W-A,25,0,4,21
YOR382W,47,39,0,4
YOR384W,3,0,0,3
YOR385W,77,53,0,17
YOR386W,102,100,0,NA
YOR389W,149,122,0,23
YOR390W,154,122,NA,26
YPL279C,170,131,NA,33
YPL272C,70,30,40,NA
YPL264C,70,56,NA,11
YPL263C,382,371,0,6
YPL261C,0,0,0,0
YPL259C,242,208,0,28
YPL258C,90,37,52,NA
YPL256C,730,589,47,68
YPL253C,113,109,1,1
YPL252C,230,174,10,27
YPL250C,145,70,8,41
YPL249C-A,3545,1971,57,942
YPL249C,228,211,1,9
YPL248C,37,34,0,2
YPL247C,158,142,NA,12
YPL246C,425,349,10,42
YPL244C,150,136,0,2
YPL242C,789,757,NA,19
YPL241C,67,60,0,4
YPL240C,5064,4823,57,89
YPL236C,59,45,1,8
YPL234C,677,426,20,98
YPL227C,166,138,10,6
YPL224C,152,133,NA,15
YPL223C,8,4,NA,2
YPL222C-A,3,0,3,NA
YPL217C,651,631,8,NA
YPL214C,169,147,11,8
YPL212C,378,358,4,NA
YPL210C,589,547,0,27
YPL209C,26,19,1,5
YPL206C,252,206,4,30
YPL205C,0,0,0,0
YPL202C,132,99,2,29
YPL199C,177,148,0,15
YPL197C,2,0,2,NA
YPL192C,10,0,10,0
YPL191C,73,49,2,17
YPL190C,865,732,13,96
YPL189C-A,193,60,17,79
YPL186C,25,20,NA,5
YPL184C,481,333,134,9
YPL183C,384,372,0,4
YPL177C,140,121,7,8
YPL176C,479,425,1,43
YPL174C,112,106,NA,2
YPL172C,241,204,14,11
YPL171C,30,22,NA,7
YPL169C,390,347,4,29
YPL167C,97,94,1,NA
YPL165C,0,0,0,0
YPL164C,92,90,1,NA
YPL163C,741,560,2,128
YPL162C,82,52,3,24
YPL161C,136,129,0,NA
YPL159C,155,94,6,42
YPL158C,306,286,4,6
YPL156C,12,12,0,NA
YPL155C,243,180,7,48
YPL154C,2107,1602,286,92
YPL153C,101,93,NA,8
YPL151C,112,99,0,5
YPL148C,50,26,10,10
YPL146C,312,270,2,32
YPL145C,1175,664,113,353
YPL141C,425,390,24,NA
YPL140C,181,144,11,17
YPL139C,120,104,2,6
YPL138C,67,55,0,8
YPL137C,576,544,NA,25
YPL135C-A,21,0,0,21
YPL134C,156,139,0,5
YPL133C,82,69,7,5
YPL128C,224,178,2,39
YPL127C,355,250,6,57
YPL123C,158,132,1,17
YPL122C,183,163,2,8
YPL119C-A,18,15,NA,1
YPL119C,31,30,1,NA
YPL117C,598,458,51,23
YPL115C,381,346,NA,31
YPL113C,22,19,0,2
YPL112C,231,209,9,3
YPL110C,479,462,NA,13
YPL109C,91,84,4,1
YPL106C,4794,4614,56,NA
YPL105C,469,433,0,24
YPL103C,136,119,0,12
YPL102C,1,0,NA,1
YPL099C,81,48,0,24
YPL098C,193,112,3,56
YPL096C-A,47,18,2,15
YPL095C,76,69,0,4
YPL094C,396,339,0,29
YPL090C,7066,6079,82,434
YPL089C,396,347,26,14
YPL086C,313,290,5,10
YPL083C,151,130,6,9
YPL082C,746,718,NA,20
YPL078C,972,673,42,210
YPL077C,35,23,NA,11
YPL071C,64,41,5,12
YPL069C,71,56,0,5
YPL068C,73,64,0,5
YPL067C,220,161,12,17
YPL064C,81,74,0,2
YPL058C,673,635,NA,31
YPL057C,539,331,46,145
YPL056C,45,18,12,15
YPL055C,140,123,0,3
YPL053C,428,364,14,22
YPL050C,584,486,53,31
YPL049C,399,323,6,48
YPL046C,56,28,0,24
YPL042C,158,138,9,5
YPL041C,41,34,0,5
YPL040C,317,310,NA,4
YPL037C,1942,1504,88,90
YPL033C,9,7,NA,1
YPL032C,627,544,28,38
YPL031C,248,206,3,22
YPL026C,226,187,5,24
YPL025C,7,5,0,1
YPL023C,294,267,11,11
YPL020C,181,159,9,8
YPL019C,311,284,8,11
YPL017C,50,49,NA,NA
YPL015C,272,200,5,53
YPL013C,111,88,3,0
YPL011C,126,96,1,19
YPL009C,623,592,0,23
YPL007C,113,99,1,8
YPL004C,1172,887,8,180
YPL002C,112,76,0,24
YPR002C-A,401,275,10,NA
YPR003C,167,140,3,20
YPR004C,406,358,0,18
YPR005C,143,113,NA,25
YPR006C,95,87,NA,8
YPR007C,14,12,NA,2
YPR010C,1942,1848,8,46
YPR010C-A,338,218,12,45
YPR011C,130,106,3,16
YPR013C,53,34,4,7
YPR015C,19,12,NA,5
YPR016C,591,426,35,69
YPR017C,72,34,0,30
YPR021C,188,182,NA,2
YPR022C,358,350,NA,6
YPR023C,297,262,5,13
YPR025C,119,101,0,11
YPR027C,1,1,NA,0
YPR029C,467,406,6,42
YPR033C,1297,1220,NA,41
YPR037C,145,117,4,10
YPR042C,310,307,NA,NA
YPR044C,2,1,NA,NA
YPR045C,138,123,1,7
YPR049C,180,170,3,2
YPR050C,1,1,NA,NA
YPR052C,387,217,NA,127
YPR053C,268,203,62,NA
YPR060C,240,167,12,49
YPR061C,13,10,0,0
YPR063C,443,267,16,112
YPR068C,58,57,NA,0
YPR069C,841,723,3,41
YPR073C,346,210,8,97
YPR074C,5809,5305,112,202
YPR075C,212,172,8,20
YPR081C,88,84,NA,NA
YPR082C,92,63,0,17
YPR085C,71,58,4,7
YPR088C,557,519,5,15
YPR091C,359,332,3,14
YPR093C,39,32,0,1
YPR095C,208,200,NA,4
YPR098C,161,116,5,15
YPR102C,4929,4119,71,319
YPR104C,228,197,12,19
YPR105C,303,283,5,7
YPR107C,67,48,2,13
YPR110C,632,514,0,86
YPR112C,388,372,6,NA
YPR120C,159,146,4,6
YPR123C,28,3,22,2
YPR126C,4,0,4,NA
YPR128C,190,152,7,17
YPR133C,354,297,15,16
YPR138C,497,361,54,50
YPR139C,172,146,4,8
YPR141C,97,81,7,7
YPR144C,307,290,2,6
YPR145C-A,9,8,1,NA
YPR146C,49,38,NA,NA
YPR148C,645,567,11,40
YPR151C,42,29,11,NA
YPR152C,50,37,0,12
YPR155C,151,136,4,4
YPR156C,684,540,64,56
YPR161C,264,238,6,18
YPR162C,134,126,0,4
YPR163C,1384,1150,63,97
YPR166C,240,143,5,36
YPR167C,46,39,NA,4
YPR170C,4,0,0,3
YPR173C,281,260,3,8
YPR174C,56,47,0,6
YPR176C,145,109,NA,28
YPR179C,118,113,0,3
YPR181C,1664,1476,16,114
YPR186C,75,66,NA,7
YPR188C,147,105,0,18
YPR190C,302,275,0,12
YPR193C,61,16,NA,40
YPR194C,177,164,NA,10
YPR195C,57,11,NA,44
YPR197C,0,0,0,0
YPR199C,86,62,0,19
YPR200C,9,3,NA,3
YPL274W,763,727,5,7
YPL273W,746,640,17,43
YPL271W,544,289,7,157
YPL270W,347,317,3,11
YPL269W,76,67,0,6
YPL268W,127,120,1,0
YPL267W,85,69,0,8
YPL266W,316,272,16,14
YPL265W,418,339,16,49
YPL262W,967,922,NA,24
YPL260W,515,429,15,50
YPL257W,41,12,2,18
YPL255W,61,51,0,8
YPL254W,178,152,9,7
YPL251W,1,0,NA,1
YPL245W,138,125,0,6
YPL243W,464,430,14,10
YPL239W,244,154,20,42
YPL237W,1063,874,18,87
YPL235W,493,450,10,10
YPL233W,55,45,0,3
YPL232W,500,357,68,37
YPL231W,13406,13032,NA,267
YPL230W,59,49,5,5
YPL229W,84,58,0,19
YPL228W,163,134,12,13
YPL226W,1408,1265,1,102
YPL225W,526,349,4,99
YPL222W,102,90,5,6
YPL221W,697,602,34,38
YPL220W,6761,5929,0,365
YPL219W,96,83,2,9
YPL218W,844,666,46,79
YPL216W,73,71,NA,NA
YPL215W,274,214,4,36
YPL213W,72,56,1,6
YPL211W,294,212,2,60
YPL208W,212,200,NA,6
YPL207W,481,442,15,16
YPL204W,453,368,46,28
YPL203W,304,205,37,48
YPL200W,2,1,0,1
YPL198W,4728,4552,15,70
YPL196W,80,70,2,3
YPL195W,451,420,0,23
YPL194W,106,88,1,13
YPL193W,137,106,0,29
YPL189W,34,31,0,2
YPL188W,233,204,0,20
YPL187W,4536,2773,156,1175
YPL185W,6,3,0,0
YPL183W-A,174,82,29,33
YPL181W,258,219,10,16
YPL180W,223,183,2,24
YPL179W,627,462,70,65
YPL178W,265,202,7,36
YPL175W,136,115,2,12
YPL173W,250,178,18,38
YPL170W,209,146,8,39
YPL168W,66,60,2,2
YPL166W,58,15,2,40
YPL160W,2818,2584,51,117
YPL157W,97,54,5,28
YPL152W,108,79,2,16
YPL150W,168,158,NA,9
YPL149W,81,69,3,1
YPL147W,48,45,NA,2
YPL144W,69,49,0,12
YPL143W,3176,2200,32,334
YPL135W,381,160,23,171
YPL132W,113,82,14,7
YPL131W,8582,7156,0,739
YPL129W,250,195,13,26
YPL126W,605,576,8,NA
YPL125W,422,407,13,NA
YPL124W,41,36,0,2
YPL120W,144,129,0,7
YPL118W,440,364,23,27
YPL116W,278,259,NA,13
YPL114W,17,8,0,9
YPL111W,427,359,16,26
YPL108W,31,23,NA,7
YPL107W,61,49,2,6
YPL104W,198,177,0,8
YPL101W,212,187,9,11
YPL100W,113,101,3,3
YPL097W,185,166,1,9
YPL096W,109,98,0,6
YPL093W,1004,863,6,101
YPL092W,76,64,7,3
YPL091W,556,484,NA,50
YPL088W,161,135,0,20
YPL087W,270,206,7,28
YPL085W,1168,1143,NA,18
YPL084W,423,392,4,8
YPL081W,1443,1140,34,157
YPL079W,4516,3501,18,472
YPL076W,75,36,10,23
YPL075W,313,270,NA,37
YPL074W,132,118,0,11
YPL072W,95,75,14,2
YPL070W,251,219,10,7
YPL066W,202,177,5,11
YPL065W,101,86,NA,8
YPL063W,627,518,31,44
YPL062W,1,0,NA,1
YPL061W,3744,3237,80,198
YPL060W,71,61,5,3
YPL059W,397,280,12,55
YPL054W,18,18,0,NA
YPL052W,121,102,1,13
YPL051W,43,30,0,6
YPL048W,1727,1463,28,137
YPL047W,88,38,4,38
YPL045W,174,146,3,21
YPL043W,373,364,2,NA
YPL038W,54,27,2,16
YPL036W,1590,1589,NA,NA
YPL034W,89,42,36,3
YPL030W,154,138,1,10
YPL029W,265,247,4,10
YPL028W,2054,1662,81,135
YPL027W,3,3,0,0
YPL024W,150,123,3,10
YPL022W,307,268,5,27
YPL018W,75,40,0,31
YPL016W,382,360,NA,16
YPL014W,90,67,0,15
YPL012W,874,854,3,NA
YPL010W,550,404,9,65
YPL008W,179,151,17,5
YPL006W,508,476,7,5
YPL005W,45,40,0,2
YPL003W,88,85,0,1
YPL001W,135,121,1,0
YPR001W,27,24,1,2
YPR002W,130,112,0,12
YPR008W,296,252,25,11
YPR009W,117,102,8,2
YPR012W,0,0,0,0
YPR018W,111,95,2,8
YPR019W,393,355,5,18
YPR020W,284,145,34,48
YPR024W,732,525,29,151
YPR026W,207,201,NA,NA
YPR028W,1214,793,39,236
YPR030W,80,75,NA,1
YPR031W,103,98,1,NA
YPR032W,238,227,NA,9
YPR034W,308,254,7,32
YPR035W,2064,1679,89,214
YPR036W,1738,1546,35,74
YPR036W-A,979,248,122,461
YPR040W,123,110,NA,6
YPR041W,1001,761,91,98
YPR043W,2903,1912,82,368
YPR046W,36,27,0,7
YPR047W,223,192,4,12
YPR048W,158,154,1,3
YPR051W,132,102,0,17
YPR054W,7,2,5,0
YPR055W,261,253,3,NA
YPR056W,120,103,0,11
YPR057W,74,63,NA,4
YPR058W,202,172,0,7
YPR062W,381,319,1,48
YPR065W,228,186,7,29
YPR066W,26,24,NA,NA
YPR067W,99,80,1,9
YPR070W,142,122,3,12
YPR071W,73,41,0,26
YPR072W,407,367,15,14
YPR079W,109,93,5,6
YPR080W,44561,40643,272,1695
YPR083W,66,58,0,5
YPR084W,87,71,4,7
YPR086W,198,165,1,25
YPR087W,29,2,16,NA
YPR089W,322,302,5,8
YPR094W,51,27,3,6
YPR097W,392,333,31,9
YPR100W,209,140,4,28
YPR101W,53,40,1,6
YPR103W,532,447,16,22
YPR106W,121,110,0,NA
YPR108W,581,467,27,76
YPR108W-A,258,249,NA,2
YPR109W,92,74,10,NA
YPR111W,120,108,0,5
YPR113W,580,456,5,56
YPR114W,437,353,13,39
YPR115W,485,442,NA,41
YPR116W,32,24,NA,7
YPR117W,383,368,11,NA
YPR118W,419,393,1,14
YPR119W,377,267,71,25
YPR121W,30,29,NA,0
YPR122W,212,198,NA,9
YPR124W,270,200,23,37
YPR125W,265,213,16,24
YPR127W,158,131,7,8
YPR129W,406,359,0,17
YPR132W,4553,3266,81,596
YPR133W-A,413,108,11,193
YPR134W,57,45,0,11
YPR135W,220,215,NA,4
YPR137W,318,274,9,21
YPR140W,205,175,9,8
YPR143W,160,116,4,27
YPR145W,3131,2871,24,113
YPR149W,2054,1254,282,307
YPR150W,7,2,4,NA
YPR153W,26,16,2,7
YPR154W,260,196,0,50
YPR157W,29,25,0,3
YPR158W,161,129,5,17
YPR159W,1197,972,70,123
YPR160W,1328,1190,57,48
YPR164W,369,326,0,40
YPR165W,1485,938,187,247
YPR169W,260,246,1,4
YPR170W-B,565,340,NA,141
YPR171W,117,109,2,5
YPR172W,161,125,4,14
YPR175W,160,150,0,6
YPR178W,85,80,1,0
YPR180W,126,115,0,0
YPR182W,82,33,17,16
YPR183W,1011,846,25,74
YPR184W,470,448,NA,19
YPR185W,264,235,23,3
YPR187W,432,307,0,68
YPR189W,527,510,NA,14
YPR191W,1208,965,18,156
YPR192W,9,7,0,2
YPR196W,73,52,0,19
YPR198W,266,236,3,9
YPR201W,51,13,NA,37