trx,cds,utr5,utr3,
YAL067C,4,3,NA,1
YAL063C-A,25,5,19,0
YAL063C,238,229,NA,8
YAL054C,69,57,NA,12
YAL049C,232,156,13,36
YAL047C,46,42,0,2
YAL046C,92,67,0,12
YAL044C,358,281,0,19
YAL043C,421,397,0,12
YAL040C,611,483,102,18
YAL039C,146,124,8,4
YAL037C-A,0,0,0,0
YAL036C,310,286,1,0
YAL034C-B,1,0,NA,1
YAL034C,162,105,45,10
YAL032C,61,48,0,4
YAL031C,95,82,1,6
YAL029C,275,268,NA,4
YAL026C-A,14,14,NA,0
YAL026C,325,324,0,NA
YAL025C,188,143,1,24
YAL024C,58,55,NA,3
YAL023C,1258,1142,40,41
YAL022C,294,281,0,1
YAL021C,591,533,8,34
YAL020C,74,62,NA,10
YAL018C,3,3,0,0
YAL015C,88,82,NA,0
YAL014C,143,117,2,12
YAL010C,76,71,0,1
YAL007C,280,204,11,30
YAL005C,13368,12930,151,NA
YAL001C,80,77,0,NA
YAR002C-A,394,309,0,28
YAR007C,336,318,6,4
YAR014C,229,199,13,12
YAR018C,195,185,0,2
YAR019C,117,115,NA,0
YAR023C,56,24,31,NA
YAR047C,0,0,0,0
YAL066W,0,0,0,0
YAL064W-B,45,14,22,7
YAL062W,114,113,NA,0
YAL061W,60,43,3,11
YAL060W,467,428,4,15
YAL059W,157,118,NA,31
YAL058W,135,122,5,3
YAL056W,171,165,2,1
YAL055W,33,23,0,4
YAL053W,1319,1185,65,28
YAL051W,192,180,NA,8
YAL047W-A,0,0,0,0
YAL044W-A,118,75,NA,27
YAL042W,540,486,0,26
YAL041W,190,178,3,2
YAL038W,20243,18113,200,935
YAL037W,5,5,NA,NA
YAL035W,1151,1135,1,NA
YAL034W-A,27,20,0,1
YAL033W,71,59,NA,4
YAL030W,128,75,5,16
YAL028W,42,39,3,0
YAL027W,51,42,NA,4
YAL019W,333,331,NA,0
YAL017W,488,446,36,NA
YAL016W,674,615,28,13
YAL013W,126,110,1,7
YAL012W,1437,1241,33,77
YAL011W,61,57,NA,3
YAL009W,53,46,NA,4
YAL008W,44,33,1,7
YAL004W,236,0,225,11
YAL003W,3057,2310,0,371
YAL002W,167,162,NA,1
YAR002W,233,215,1,10
YAR003W,101,79,5,10
YAR008W,45,31,6,5
YAR015W,316,239,24,25
YAR019W-A,50,1,NA,45
YAR027W,238,154,26,30
YAR028W,87,66,3,13
YAR029W,16,2,9,4
YAR031W,51,44,NA,5
YAR033W,55,48,1,3
YAR035W,42,36,NA,4
YAR042W,309,289,NA,13
YAR050W,366,362,NA,3
YAR053W,4,2,1,NA
YAR071W,135,129,NA,0
YBL113C,2728,2658,NA,42
YBL107C,57,43,NA,8
YBL106C,93,91,NA,0
YBL105C,221,197,16,4
YBL104C,174,165,NA,3
YBL103C,137,86,29,20
YBL101C,172,167,NA,4
YBL093C,101,73,1,13
YBL091C-A,50,41,NA,4
YBL091C,406,358,0,22
YBL088C,220,218,NA,1
YBL087C,2293,1844,30,191
YBL086C,45,40,2,0
YBL084C,90,88,NA,0
YBL080C,72,67,0,0
YBL078C,78,37,4,29
YBL076C,3005,2857,0,58
YBL075C,142,132,NA,6
YBL074C,46,45,NA,NA
YBL072C,5732,4944,0,317
YBL071C,1,1,NA,0
YBL070C,19,0,19,NA
YBL067C,148,125,18,NA
YBL066C,206,188,2,13
YBL064C,338,297,2,18
YBL061C,157,140,5,7
YBL059C-A,99,42,6,31
YBL057C,142,111,0,16
YBL055C,95,85,3,5
YBL052C,70,64,6,0
YBL051C,345,303,10,25
YBL047C,948,832,51,36
YBL045C,1382,1097,141,96
YBL042C,1040,963,18,23
YBL040C,296,231,17,12
YBL039C,812,763,NA,33
YBL036C,134,122,0,8
YBL035C,182,170,3,1
YBL034C,97,93,NA,1
YBL033C,171,150,2,12
YBL030C,2458,1718,296,306
YBL029C-A,78,37,9,15
YBL028C,114,55,4,38
YBL023C,291,259,6,16
YBL022C,572,537,20,4
YBL021C,51,30,0,12
YBL018C,94,72,4,11
YBL017C,714,697,NA,7
YBL014C,108,106,0,1
YBL010C,54,45,NA,7
YBL007C,962,900,16,16
YBL006C,185,117,0,50
YBL003C,1473,1005,22,244
YBL001C,249,160,0,39
YBR001C,264,246,2,5
YBR002C,110,97,0,7
YBR004C,191,175,0,9
YBR007C,123,120,NA,3
YBR008C,199,155,25,14
YBR009C,1446,1032,47,268
YBR011C,1625,1325,30,155
YBR012C,0,0,0,0
YBR013C,0,0,0,0
YBR014C,115,90,3,12
YBR015C,572,484,35,26
YBR017C,666,623,7,9
YBR018C,5,3,0,2
YBR019C,6,5,NA,1
YBR023C,774,743,NA,21
YBR025C,1374,1125,17,169
YBR026C,268,230,NA,21
YBR028C,152,141,1,0
YBR029C,455,400,13,18
YBR034C,426,373,0,36
YBR035C,442,344,11,44
YBR036C,640,505,7,75
YBR037C,172,148,4,13
YBR042C,80,71,2,4
YBR043C,625,556,27,20
YBR044C,82,82,0,0
YBR045C,21,20,NA,1
YBR046C,74,67,1,2
YBR049C,198,167,13,15
YBR050C,11,7,4,0
YBR052C,317,239,34,20
YBR053C,246,222,0,12
YBR055C,140,129,0,5
YBR057C,100,81,10,4
YBR058C,310,295,0,0
YBR058C-A,122,50,5,30
YBR059C,447,421,13,NA
YBR060C,137,126,5,5
YBR061C,210,178,0,29
YBR062C,54,40,0,7
YBR063C,68,62,0,5
YBR065C,109,99,4,NA
YBR066C,42,38,NA,2
YBR067C,728,551,30,85
YBR068C,2245,1905,32,228
YBR069C,1102,971,48,48
YBR070C,67,58,0,3
YBR072C-A,2,1,NA,1
YBR076C-A,45,24,NA,16
YBR077C,149,122,9,NA
YBR079C,1490,1398,23,29
YBR080C,405,376,1,19
YBR081C,131,125,NA,4
YBR082C,1125,782,99,109
YBR084C-A,2738,2196,3,86
YBR085C-A,975,339,42,417
YBR086C,1128,975,98,28
YBR088C,445,384,10,3
YBR089C-A,181,104,NA,55
YBR091C,89,58,2,19
YBR092C,1379,1292,10,14
YBR093C,367,359,3,2
YBR095C,106,97,1,4
YBR099C,8,0,8,NA
YBR101C,271,241,5,6
YBR102C,181,164,5,5
YBR103C-A,0,0,0,0
YBR105C,142,117,0,18
YBR107C,46,27,0,14
YBR109C,876,480,18,260
YBR111C,317,281,NA,20
YBR112C,653,644,NA,1
YBR115C,1211,1174,NA,21
YBR120C,95,56,21,8
YBR121C,1855,1752,41,NA
YBR122C,218,153,5,44
YBR123C,107,99,3,1
YBR125C,141,116,11,10
YBR126C,956,794,47,67
YBR127C,1748,1526,22,157
YBR128C,4,4,0,NA
YBR129C,113,98,3,4
YBR130C,162,135,8,7
YBR132C,184,142,11,26
YBR133C,324,291,16,7
YBR138C,92,79,0,10
YBR140C,695,692,NA,2
YBR141C,56,44,0,5
YBR143C,837,744,4,49
YBR144C,1,1,NA,0
YBR150C,72,71,0,0
YBR154C,268,206,19,17
YBR156C,60,57,0,2
YBR157C,15,14,NA,0
YBR162C,1935,1532,183,140
YBR164C,209,148,22,16
YBR166C,253,230,3,8
YBR167C,45,36,NA,5
YBR169C,396,354,0,22
YBR170C,212,174,8,12
YBR172C,273,227,23,9
YBR173C,293,213,4,39
YBR174C,4,0,0,4
YBR177C,593,520,0,42
YBR179C,185,176,3,2
YBR181C,5014,4392,54,219
YBR182C,112,94,NA,12
YBR182C-A,5,4,0,0
YBR185C,150,120,0,14
YBR188C,92,59,5,10
YBR193C,104,69,0,27
YBR195C,83,72,0,8
YBR196C,6642,5978,85,251
YBR197C,145,71,0,61
YBR198C,257,242,3,6
YBR201C-A,14,5,1,7
YBR204C,100,80,2,10
YBR208C,459,345,108,5
YBR211C,53,48,1,NA
YBR216C,161,139,2,13
YBR218C,1607,1527,10,32
YBR221C,1287,897,198,122
YBR222C,368,319,4,24
YBR223C,115,94,0,13
YBR229C,297,288,0,2
YBR230C,280,189,6,42
YBR231C,40,32,2,3
YBR234C,532,469,14,17
YBR236C,197,170,5,12
YBR238C,204,200,NA,NA
YBR239C,112,90,10,8
YBR240C,33,27,NA,5
YBR241C,126,119,0,5
YBR243C,139,124,1,7
YBR245C,345,345,NA,NA
YBR247C,270,231,0,22
YBR248C,360,321,10,11
YBR249C,1623,1383,75,93
YBR254C,70,54,0,7
YBR255C-A,51,27,0,10
YBR256C,260,228,0,15
YBR258C,21,16,0,3
YBR260C,180,172,0,7
YBR261C,205,146,3,33
YBR262C,151,101,6,24
YBR264C,49,39,1,1
YBR269C,178,129,0,20
YBR270C,45,40,2,2
YBR272C,174,152,0,18
YBR273C,109,98,0,10
YBR275C,187,184,NA,NA
YBR276C,184,173,3,2
YBR277C,1,1,NA,0
YBR280C,107,91,1,12
YBR281C,182,170,0,7
YBR283C,857,722,61,51
YBR288C,197,185,1,4
YBR291C,142,121,0,7
YBR292C,33,7,24,NA
YBR296C,10,9,0,1
YBR298C,174,109,52,7
YBL102W,229,181,14,20
YBL100W-C,2,0,0,2
YBL099W,2733,2109,445,89
YBL098W,74,70,NA,1
YBL097W,39,30,2,5
YBL095W,53,40,0,6
YBL092W,3482,2603,170,307
YBL090W,129,92,2,13
YBL089W,142,125,0,1
YBL085W,165,159,NA,2
YBL081W,188,151,29,3
YBL079W,617,597,8,NA
YBL071W-A,190,66,4,93
YBL068W,251,210,7,13
YBL063W,43,43,0,NA
YBL060W,71,71,0,0
YBL059W,45,42,NA,1
YBL058W,502,424,5,43
YBL056W,400,338,1,44
YBL054W,195,166,15,5
YBL050W,310,246,23,11
YBL048W,7,5,NA,0
YBL046W,69,63,NA,5
YBL043W,109,80,12,14
YBL041W,412,341,6,10
YBL039W-B,40,13,11,11
YBL038W,189,139,18,6
YBL037W,305,285,4,5
YBL032W,283,222,17,26
YBL031W,30,26,0,1
YBL029W,20,17,NA,2
YBL027W,3547,2727,49,282
YBL026W,162,69,19,43
YBL025W,60,34,4,16
YBL024W,656,635,4,NA
YBL020W,143,130,3,4
YBL019W,51,47,NA,3
YBL016W,220,189,NA,17
YBL015W,173,146,11,15
YBL011W,326,299,5,12
YBL009W,151,142,1,1
YBL008W,105,100,NA,5
YBL005W,95,87,1,6
YBL004W,706,686,NA,7
YBL002W,1195,789,6,242
YBR003W,188,175,1,4
YBR005W,137,99,7,22
YBR006W,107,92,3,9
YBR010W,2727,1993,68,297
YBR016W,194,120,2,42
YBR020W,29,27,0,2
YBR021W,393,340,22,15
YBR022W,99,59,8,18
YBR024W,62,54,4,NA
YBR030W,142,137,1,2
YBR031W,7491,6674,0,351
YBR033W,44,43,NA,0
YBR038W,560,522,3,19
YBR039W,812,619,46,94
YBR041W,255,228,6,7
YBR047W,11,10,0,0
YBR048W,3482,2683,0,544
YBR051W,3,1,NA,2
YBR054W,955,607,159,155
YBR056W,259,247,0,4
YBR056W-A,206,54,8,126
YBR071W,476,303,37,120
YBR072W,178,125,14,28
YBR073W,420,410,NA,5
YBR074W,339,331,NA,0
YBR076W,2,1,NA,1
YBR078W,4852,3636,489,505
YBR083W,231,206,16,NA
YBR084W,806,763,0,20
YBR085W,10,10,0,0
YBR087W,151,133,0,3
YBR094W,140,134,3,NA
YBR096W,288,238,12,26
YBR097W,124,119,NA,2
YBR098W,22,20,0,1
YBR103W,131,118,9,3
YBR104W,104,85,6,3
YBR106W,587,457,16,59
YBR108W,213,206,1,4
YBR110W,180,161,0,13
YBR111W-A,69,39,2,16
YBR114W,134,122,4,2
YBR118W,34125,31600,69,774
YBR119W,66,51,1,5
YBR131W,95,90,0,0
YBR135W,193,129,12,23
YBR136W,177,172,NA,5
YBR137W,92,75,NA,9
YBR139W,526,475,NA,30
YBR141W-A,32,3,0,26
YBR142W,188,170,8,3
YBR145W,118,96,3,6
YBR146W,253,172,10,48
YBR147W,29,21,2,0
YBR148W,9,8,NA,1
YBR149W,787,643,11,63
YBR151W,190,148,17,16
YBR152W,20,16,2,NA
YBR153W,77,56,4,10
YBR155W,92,72,4,3
YBR158W,684,531,97,43
YBR159W,375,325,9,19
YBR160W,252,202,17,22
YBR161W,103,89,8,1
YBR162W-A,143,52,0,23
YBR163W,90,81,3,2
YBR165W,88,67,10,9
YBR168W,59,45,12,NA
YBR171W,158,120,6,12
YBR175W,119,102,NA,12
YBR176W,79,60,7,5
YBR178W,3,2,1,0
YBR183W,243,194,12,9
YBR184W,24,20,NA,4
YBR186W,0,0,0,0
YBR187W,268,202,31,15
YBR189W,3618,2813,62,295
YBR192W,110,72,20,12
YBR194W,79,45,8,15
YBR199W,431,375,22,23
YBR200W,146,118,3,18
YBR201W,51,29,10,6
YBR202W,392,348,4,22
YBR203W,199,172,10,10
YBR205W,339,312,8,NA
YBR207W,241,209,9,9
YBR210W,55,48,1,0
YBR212W,378,282,58,28
YBR213W,63,42,5,14
YBR214W,299,261,8,10
YBR215W,92,83,0,4
YBR217W,55,32,3,12
YBR225W,147,135,NA,11
YBR228W,41,33,NA,6
YBR230W-A,73,27,2,30
YBR233W,79,68,6,1
YBR233W-A,35,15,4,12
YBR235W,243,229,5,7
YBR237W,103,100,1,1
YBR242W,137,94,25,8
YBR244W,38,29,1,5
YBR246W,252,200,11,28
YBR250W,14,7,7,NA
YBR251W,189,153,3,12
YBR252W,210,170,0,15
YBR253W,76,46,12,0
YBR255W,62,52,0,5
YBR257W,52,42,2,1
YBR259W,108,103,1,1
YBR263W,308,300,0,2
YBR265W,219,179,0,22
YBR267W,177,148,0,15
YBR268W,114,66,0,26
YBR271W,101,88,2,3
YBR274W,133,126,2,1
YBR278W,60,43,0,10
YBR279W,186,164,5,4
YBR282W,152,95,6,29
YBR284W,49,45,4,NA
YBR285W,8,6,NA,2
YBR286W,1449,1326,10,32
YBR287W,429,386,10,18
YBR289W,277,272,0,3
YBR290W,86,73,0,6
YBR293W,155,143,NA,11
YBR294W,9,9,NA,0
YBR295W,176,167,NA,4
YBR297W,111,85,3,18
YBR299W,73,68,2,2
YCL064C,51,42,0,6
YCL061C,232,219,4,NA
YCL059C,438,358,13,25
YCL057C-A,499,358,13,12
YCL056C,58,52,NA,1
YCL052C,395,337,9,32
YCL050C,975,837,15,49
YCL049C,513,423,12,42
YCL047C,126,111,NA,6
YCL045C,1035,947,16,16
YCL044C,314,267,8,28
YCL043C,4490,4260,NA,117
YCL041C,376,331,2,NA
YCL038C,205,192,4,5
YCL037C,1607,1171,56,331
YCL035C,732,475,4,104
YCL033C,265,223,NA,22
YCL031C,300,258,12,11
YCL030C,1618,1510,20,42
YCL029C,185,125,6,45
YCL026C-B,64,55,1,5
YCL026C-A,4,2,NA,2
YCL025C,2087,1965,8,40
YCL017C,819,696,52,33
YCL016C,211,171,3,23
YCL012C,193,129,6,23
YCL011C,662,593,2,32
YCL010C,287,245,0,12
YCL009C,1955,1580,0,211
YCL008C,360,312,NA,29
YCL002C,175,142,1,17
YCR002C,686,553,39,23
YCR004C,889,587,96,113
YCR005C,1727,1432,42,141
YCR007C,116,63,39,5
YCR009C,579,484,26,37
YCR010C,2,2,NA,0
YCR011C,889,846,18,12
YCR014C,62,61,NA,1
YCR015C,137,119,0,8
YCR017C,1307,1224,11,50
YCR020C,84,77,NA,2
YCR020C-A,203,115,0,60
YCR021C,65,54,6,2
YCR022C,17,7,2,8
YCR023C,416,351,7,38
YCR024C,238,219,0,10
YCR024C-B,1569,720,0,525
YCR024C-A,1161,321,612,NA
YCR025C,21,8,NA,12
YCR026C,522,450,13,44
YCR027C,255,123,34,81
YCR028C,376,308,18,32
YCR028C-A,650,342,46,134
YCR030C,1015,904,27,56
YCR031C,6811,4800,0,988
YCR035C,287,240,0,22
YCR037C,471,441,NA,15
YCR038C,126,110,NA,1
YCR042C,499,477,3,NA
YCR043C,305,163,12,87
YCR044C,194,172,0,9
YCR045C,4,4,0,0
YCR046C,382,300,NA,45
YCR047C,215,164,6,34
YCR054C,254,229,3,17
YCR057C,1076,988,21,33
YCR059C,240,202,0,24
YCR064C,6,5,NA,NA
YCR067C,925,861,32,16
YCR071C,261,195,13,15
YCR072C,404,369,5,9
YCR073C,252,247,2,2
YCR075C,177,149,0,18
YCR076C,155,137,0,10
YCR077C,1673,1544,16,72
YCR084C,1718,1424,138,101
YCR087C-A,174,128,8,19
YCR090C,243,188,8,13
YCR092C,191,182,1,3
YCR095C,127,107,5,4
YCR098C,91,80,NA,6
YCR102C,19,16,2,1
YCL063W,242,214,2,13
YCL058W-A,66,52,2,7
YCL057W,959,908,0,30
YCL055W,121,104,4,7
YCL054W,439,429,0,1
YCL051W,305,235,56,3
YCL048W,16,16,NA,0
YCL040W,3938,3483,NA,319
YCL039W,379,368,0,3
YCL036W,266,246,NA,13
YCL034W,415,357,2,15
YCL032W,150,134,3,5
YCL028W,757,669,10,32
YCL027W,24,20,0,1
YCL024W,374,360,2,NA
YCL021W-A,17,15,1,1
YCL018W,516,448,3,20
YCL014W,497,459,21,3
YCL005W-A,393,244,21,55
YCL005W,196,167,1,11
YCL004W,200,173,8,4
YCL001W,361,275,3,35
YCR003W,278,216,0,35
YCR008W,593,377,159,46
YCR012W,28772,24247,269,2508
YCR016W,121,88,0,11
YCR019W,183,143,23,5
YCR020W-B,207,45,4,123
YCR032W,304,297,NA,2
YCR033W,203,189,NA,13
YCR034W,1227,1041,6,92
YCR036W,688,607,NA,26
YCR045W-A,215,40,84,79
YCR048W,247,217,4,20
YCR051W,407,286,0,89
YCR052W,551,425,11,71
YCR053W,3454,3197,66,55
YCR061W,357,298,2,39
YCR063W,221,103,0,96
YCR065W,606,459,38,75
YCR066W,99,82,2,7
YCR068W,234,205,21,0
YCR069W,363,272,37,24
YCR073W-A,413,365,0,13
YCR075W-A,80,50,0,12
YCR079W,124,113,1,4
YCR081W,226,220,0,NA
YCR082W,463,344,11,33
YCR083W,188,143,0,23
YCR085W,2,0,2,NA
YCR086W,105,94,3,NA
YCR088W,1504,1331,35,66
YCR089W,449,447,NA,2
YCR091W,118,106,4,3
YCR093W,1526,1489,2,9
YCR094W,415,330,20,43
YCR095W-A,226,10,22,188
YCR097W,0,0,0,0
YCR105W,12,12,NA,0
YCR106W,303,295,1,NA
YCR107W,168,116,NA,41
YDL243C,105,66,29,7
YDL239C,21,18,NA,1
YDL238C,93,87,2,1
YDL235C,231,126,44,32
YDL234C,196,169,14,6
YDL231C,348,342,NA,0
YDL227C,128,121,NA,1
YDL226C,426,355,1,35
YDL224C,467,327,85,24
YDL222C,69,68,NA,NA
YDL220C,136,121,NA,13
YDL217C,150,113,28,1
YDL216C,43,36,NA,4
YDL215C,547,533,NA,9
YDL214C,15,14,0,1
YDL213C,137,124,0,7
YDL211C,53,45,3,1
YDL209C,62,50,0,7
YDL205C,160,108,26,17
YDL203C,259,213,26,13
YDL200C,30,27,NA,0
YDL199C,40,40,0,0
YDL198C,330,283,1,27
YDL197C,149,134,0,8
YDL190C,428,364,36,13
YDL188C,319,271,22,17
YDL187C,56,9,43,NA
YDL184C,2424,236,41,1635
YDL183C,40,32,2,3
YDL177C,26,18,1,5
YDL175C,102,83,0,12
YDL174C,879,852,4,NA
YDL171C,1499,1421,62,NA
YDL169C,21,15,NA,4
YDL167C,240,222,2,8
YDL166C,103,73,2,11
YDL164C,211,182,2,13
YDL160C-A,50,13,2,30
YDL160C,1576,1072,195,267
YDL157C,128,81,0,17
YDL153C,109,93,3,10
YDL148C,177,172,0,NA
YDL145C,1405,1266,87,29
YDL144C,135,118,0,13
YDL142C,76,65,0,3
YDL140C,1226,1205,NA,13
YDL139C,25,19,NA,5
YDL135C,158,105,6,33
YDL134C,428,314,84,12
YDL133C-A,2875,236,0,2018
YDL126C,2372,2247,29,14
YDL125C,649,495,NA,108
YDL121C,136,96,0,16
YDL119C,111,86,1,20
YDL115C,66,56,0,5
YDL113C,110,97,4,4
YDL111C,281,243,8,9
YDL110C,206,125,13,51
YDL109C,144,112,NA,26
YDL106C,135,117,5,8
YDL104C,34,30,0,2
YDL103C,279,244,6,9
YDL101C,122,109,0,7
YDL100C,723,616,24,35
YDL098C,30,20,0,8
YDL097C,638,564,12,31
YDL094C,9,4,2,2
YDL091C,74,65,1,4
YDL090C,70,60,0,5
YDL088C,218,190,16,8
YDL087C,66,45,0,14
YDL086C-A,9,5,2,2
YDL085C-A,52,20,7,15
YDL083C,2749,1900,0,465
YDL081C,2418,1173,279,480
YDL080C,162,141,NA,12
YDL079C,20,20,NA,0
YDL078C,435,364,9,23
YDL077C,146,143,NA,0
YDL076C,118,83,13,15
YDL074C,197,160,9,15
YDL072C,752,563,37,79
YDL069C,36,24,4,4
YDL067C,390,125,29,133
YDL065C,49,45,0,1
YDL063C,229,201,15,6
YDL061C,1387,543,0,503
YDL059C,19,16,1,NA
YDL055C,4074,3112,518,237
YDL054C,154,142,4,4
YDL053C,188,122,44,7
YDL052C,248,212,3,12
YDL049C,34,30,2,1
YDL048C,56,52,0,3
YDL045C,87,71,3,10
YDL044C,39,32,0,1
YDL043C,60,37,3,16
YDL042C,131,117,4,4
YDL040C,680,639,3,17
YDL039C,29,25,NA,3
YDL036C,70,60,NA,9
YDL035C,97,92,NA,1
YDL033C,82,66,1,9
YDL028C,103,87,6,7
YDL027C,119,102,3,6
YDL025C,165,143,14,5
YDL024C,22,19,NA,2
YDL020C,405,310,59,13
YDL019C,282,278,NA,2
YDL018C,125,94,9,8
YDL015C,529,479,19,NA
YDL012C,150,86,0,32
YDL009C,17,1,16,NA
YDL005C,150,114,0,28
YDL002C,85,47,12,17
YDR001C,761,716,NA,21
YDR005C,149,111,10,20
YDR006C,270,240,13,4
YDR008C,41,8,NA,30
YDR010C,6,2,4,0
YDR016C,92,55,0,16
YDR017C,200,195,NA,3
YDR018C,38,33,NA,4
YDR019C,386,345,NA,26
YDR020C,78,45,NA,30
YDR022C,57,50,0,3
YDR026C,107,83,9,2
YDR027C,101,92,7,1
YDR028C,382,344,NA,36
YDR030C,42,34,0,6
YDR032C,689,457,63,102
YDR034C,174,158,9,0
YDR036C,192,185,0,4
YDR038C,1052,1038,NA,9
YDR042C,3,2,NA,1
YDR045C,114,58,20,26
YDR046C,901,809,26,21
YDR048C,9,1,7,1
YDR050C,7337,6244,125,358
YDR051C,110,88,10,4
YDR052C,149,114,17,16
YDR054C,303,200,52,39
YDR056C,136,100,10,11
YDR058C,45,36,0,4
YDR059C,140,94,5,23
YDR066C,30,18,2,4
YDR067C,76,56,4,7
YDR069C,138,122,NA,13
YDR070C,21,3,3,14
YDR071C,459,333,30,29
YDR072C,364,314,27,13
YDR078C,45,39,0,4
YDR079C-A,51,27,2,14
YDR081C,112,108,2,1
YDR084C,134,100,0,18
YDR085C,125,118,NA,1
YDR086C,544,217,87,186
YDR087C,230,189,7,13
YDR088C,45,25,5,14
YDR090C,124,89,6,18
YDR091C,916,756,31,96
YDR097C,171,161,4,1
YDR098C,341,325,NA,10
YDR101C,594,559,1,9
YDR104C,49,48,NA,0
YDR105C,184,167,7,2
YDR107C,76,69,0,4
YDR109C,111,104,NA,3
YDR111C,242,195,29,9
YDR113C,79,74,0,4
YDR116C,221,184,1,16
YDR117C,108,101,0,0
YDR120C,309,294,NA,12
YDR123C,155,89,2,52
YDR125C,63,29,NA,34
YDR129C,1135,1004,22,65
YDR130C,61,49,0,11
YDR131C,73,65,6,2
YDR132C,45,37,3,1
YDR133C,1601,657,570,207
YDR135C,924,908,NA,13
YDR139C,77,41,2,21
YDR141C,504,496,NA,NA
YDR142C,91,78,7,2
YDR143C,309,252,23,22
YDR144C,259,227,14,7
YDR146C,219,212,NA,5
YDR148C,563,475,2,59
YDR151C,143,117,7,10
YDR153C,213,166,24,15
YDR162C,96,50,17,19
YDR164C,198,180,1,9
YDR166C,141,137,NA,1
YDR169C,219,155,36,25
YDR170C,1011,994,NA,12
YDR173C,52,41,6,NA
YDR175C,180,147,5,18
YDR179C,13,12,0,0
YDR181C,73,64,0,7
YDR185C,33,24,4,5
YDR186C,291,263,5,12
YDR190C,464,400,9,34
YDR192C,124,104,5,4
YDR194C,447,398,6,18
YDR196C,84,78,NA,2
YDR198C,64,61,1,0
YDR200C,61,57,2,0
YDR202C,88,76,2,2
YDR207C,111,105,2,NA
YDR215C,18,2,0,16
YDR217C,81,77,1,NA
YDR218C,6,6,NA,0
YDR219C,85,67,NA,15
YDR224C,1589,1180,48,129
YDR228C,138,117,11,1
YDR231C,127,96,0,22
YDR233C,1310,1047,51,126
YDR236C,119,95,1,9
YDR238C,1168,1077,7,33
YDR239C,100,93,0,5
YDR240C,47,45,0,0
YDR243C,117,71,0,42
YDR248C,73,53,8,4
YDR249C,85,74,3,3
YDR253C,5,3,2,0
YDR255C,74,51,1,21
YDR256C,8,8,NA,0
YDR257C,182,153,0,24
YDR258C,938,889,6,12
YDR259C,27,18,5,1
YDR260C,129,70,0,41
YDR261C,232,201,4,18
YDR263C,33,25,2,1
YDR264C,483,425,12,35
YDR266C,384,312,45,18
YDR267C,105,74,6,15
YDR271C,11,3,NA,7
YDR274C,2,0,NA,0
YDR276C,789,208,61,328
YDR277C,202,154,15,25
YDR281C,0,0,0,0
YDR282C,86,32,0,50
YDR283C,220,213,NA,6
YDR284C,327,223,62,18
YDR286C,38,27,NA,6
YDR289C,74,58,2,4
YDR292C,187,160,16,2
YDR293C,1091,894,176,NA
YDR294C,433,405,6,9
YDR295C,78,70,2,3
YDR298C,578,358,80,81
YDR300C,177,163,1,6
YDR303C,199,165,25,3
YDR304C,463,374,9,26
YDR305C,71,61,NA,4
YDR306C,108,98,2,3
YDR308C,80,54,9,8
YDR309C,413,375,19,1
YDR310C,212,178,19,8
YDR313C,88,71,0,11
YDR314C,55,53,0,1
YDR315C,24,21,0,1
YDR319C,109,83,12,3
YDR320C,252,230,0,10
YDR320C-A,91,50,NA,26
YDR322C-A,272,129,0,113
YDR323C,34,27,2,3
YDR324C,337,316,NA,17
YDR326C,246,236,NA,7
YDR328C,453,299,25,81
YDR329C,110,95,5,1
YDR333C,251,222,2,16
YDR338C,81,76,0,3
YDR339C,184,148,0,23
YDR341C,1128,1017,0,50
YDR342C,5486,4807,200,246
YDR343C,5167,4675,150,120
YDR345C,2813,2607,31,100
YDR346C,435,357,19,46
YDR348C,205,161,31,7
YDR349C,589,540,9,23
YDR350C,184,172,0,3
YDR357C,82,62,4,5
YDR359C,232,180,34,7
YDR361C,226,167,7,40
YDR362C,71,63,6,0
YDR364C,115,93,0,16
YDR365C,225,200,11,5
YDR366C,428,421,0,NA
YDR369C,49,45,NA,3
YDR370C,118,107,0,3
YDR372C,321,215,67,20
YDR375C,164,154,0,5
YDR378C,177,69,0,62
YDR379C-A,52,31,0,15
YDR381C-A,60,35,NA,18
YDR383C,31,27,0,0
YDR384C,352,277,5,41
YDR387C,121,109,4,6
YDR390C,198,191,1,2
YDR391C,226,200,0,7
YDR397C,177,116,16,22
YDR402C,9,8,NA,1
YDR404C,289,164,62,52
YDR407C,257,235,7,3
YDR408C,202,164,2,14
YDR410C,69,66,0,0
YDR411C,312,277,5,16
YDR414C,77,56,6,9
YDR415C,123,106,4,6
YDR422C,197,169,2,16
YDR423C,131,126,NA,2
YDR424C,68,42,2,5
YDR426C,15,2,NA,1
YDR428C,62,48,1,9
YDR429C,697,565,0,56
YDR430C,370,347,9,3
YDR435C,101,87,0,8
YDR441C,137,66,23,28
YDR443C,215,184,NA,29
YDR445C,1237,1237,NA,0
YDR447C,3637,2756,26,364
YDR449C,168,142,6,8
YDR451C,277,234,7,25
YDR453C,57,44,2,9
YDR454C,439,349,0,61
YDR458C,132,117,0,7
YDR459C,124,101,11,5
YDR461C-A,31,18,0,5
YDR465C,236,194,6,14
YDR468C,110,80,12,11
YDR470C,132,113,6,4
YDR473C,49,43,1,2
YDR475C,113,100,2,3
YDR476C,234,170,0,44
YDR479C,197,180,8,4
YDR481C,326,301,7,6
YDR482C,21,13,0,7
YDR485C,70,60,0,8
YDR486C,123,101,0,16
YDR487C,379,267,9,61
YDR488C,59,55,NA,2
YDR490C,196,182,5,3
YDR495C,59,57,NA,2
YDR496C,467,431,2,6
YDR497C,3313,2945,136,81
YDR498C,97,90,2,3
YDR500C,1779,1263,0,216
YDR502C,1764,1376,58,206
YDR503C,96,78,6,10
YDR504C,61,35,NA,23
YDR505C,316,277,28,NA
YDR506C,74,45,0,26
YDR507C,321,292,NA,23
YDR508C,1594,1510,15,2
YDR510C-A,1,0,1,NA
YDR512C,48,43,NA,3
YDR514C,100,89,7,0
YDR516C,358,320,7,19
YDR520C,71,68,1,2
YDR522C,5,5,NA,0
YDR523C,5,5,NA,0
YDR524C,155,120,3,18
YDR524C-B,5080,1420,387,2391
YDR524C-A,319,0,1,318
YDR529C,704,456,13,138
YDR530C,125,107,NA,11
YDR532C,32,29,0,0
YDR533C,179,138,2,14
YDR534C,51,42,0,5
YDR535C,76,12,NA,62
YDR540C,7,5,0,2
YDR541C,76,50,16,6
YDL248W,686,544,0,119
YDL244W,70,54,NA,7
YDL242W,11,1,NA,9
YDL241W,40,21,5,13
YDL240W,114,104,NA,8
YDL237W,266,230,1,17
YDL236W,300,265,0,19
YDL233W,114,101,2,4
YDL232W,201,32,0,133
YDL230W,61,54,0,3
YDL229W,10789,10212,57,201
YDL225W,167,156,0,1
YDL221W,6,2,NA,4
YDL219W,102,60,2,18
YDL218W,13,9,3,1
YDL212W,427,296,3,71
YDL210W,13,12,NA,1
YDL208W,449,363,10,50
YDL207W,75,67,2,3
YDL206W,104,95,6,0
YDL204W,289,227,25,18
YDL202W,153,133,6,4
YDL201W,148,120,0,13
YDL195W,1255,1170,47,24
YDL194W,78,77,NA,0
YDL193W,205,153,12,24
YDL192W,1336,1095,37,70
YDL191W,2967,2114,5,306
YDL189W,103,94,3,3
YDL185W,4189,3915,137,89
YDL182W,830,767,9,35
YDL181W,179,80,28,28
YDL180W,115,100,12,2
YDL179W,162,126,18,12
YDL178W,301,285,3,4
YDL176W,127,114,9,1
YDL173W,282,268,NA,NA
YDL170W,132,125,NA,6
YDL168W,401,341,9,17
YDL165W,107,88,2,3
YDL161W,128,118,0,5
YDL159W,112,98,4,4
YDL156W,56,50,5,NA
YDL155W,146,113,9,16
YDL154W,72,65,NA,5
YDL150W,138,116,12,NA
YDL149W,68,63,NA,3
YDL147W,421,333,9,55
YDL146W,60,36,12,4
YDL143W,811,713,9,30
YDL141W,284,231,31,13
YDL138W,124,107,5,7
YDL137W,787,509,114,75
YDL136W,2463,2056,30,63
YDL133W,111,97,7,4
YDL132W,281,237,38,NA
YDL131W,992,927,9,24
YDL130W-A,161,77,0,54
YDL130W,2597,1491,0,534
YDL129W,14,13,0,1
YDL128W,471,393,10,36
YDL127W,116,86,5,17
YDL124W,1297,1103,31,57
YDL123W,141,73,1,62
YDL122W,326,284,32,NA
YDL120W,212,120,33,29
YDL117W,217,180,19,10
YDL116W,223,205,1,4
YDL114W,0,0,0,0
YDL112W,427,416,NA,6
YDL108W,89,85,4,0
YDL107W,53,44,0,5
YDL105W,49,39,0,7
YDL102W,224,214,1,4
YDL099W,75,58,5,5
YDL095W,981,928,7,12
YDL093W,153,135,0,13
YDL092W,152,104,2,27
YDL089W,81,63,10,3
YDL086W,646,551,NA,20
YDL085W,5,3,1,0
YDL084W,1351,1147,101,23
YDL082W,2479,2009,62,216
YDL075W,1923,1364,61,133
YDL073W,118,104,12,0
YDL070W,196,180,1,2
YDL068W,3,2,NA,1
YDL066W,444,385,0,32
YDL064W,160,125,3,12
YDL060W,310,299,0,NA
YDL058W,155,140,4,4
YDL057W,52,45,0,2
YDL056W,110,106,NA,0
YDL051W,399,348,2,21
YDL046W,515,277,20,146
YDL045W-A,143,84,2,26
YDL041W,3,2,0,1
YDL032W,2,1,1,NA
YDL031W,286,273,4,3
YDL030W,56,50,1,2
YDL029W,721,642,0,22
YDL025W-A,4,0,0,4
YDL022W,1621,1321,73,134
YDL021W,60,52,0,3
YDL017W,62,56,NA,2
YDL014W,1631,1155,217,168
YDL013W,91,70,7,9
YDL010W,81,62,1,14
YDL008W,96,83,0,7
YDL007W,399,347,10,11
YDL006W,70,46,21,2
YDL004W,580,369,19,118
YDL003W,109,101,NA,6
YDL001W,96,74,4,5
YDR002W,851,612,11,140
YDR003W-A,48,11,NA,32
YDR004W,89,77,NA,10
YDR007W,78,68,0,2
YDR009W,42,33,0,5
YDR011W,790,702,46,28
YDR012W,7331,6832,24,149
YDR013W,77,53,0,14
YDR014W,46,43,1,2
YDR014W-A,2,1,NA,1
YDR021W,54,47,2,1
YDR023W,1419,1309,1,34
YDR024W,12,5,NA,NA
YDR025W,3435,3065,NA,98
YDR031W,88,55,1,20
YDR033W,4424,2861,524,891
YDR034W-B,89,25,1,34
YDR035W,589,496,6,39
YDR037W,2211,2088,0,29
YDR041W,176,140,0,21
YDR044W,138,110,1,18
YDR047W,302,255,21,10
YDR049W,108,98,2,1
YDR055W,2287,1951,59,146
YDR057W,47,44,0,0
YDR060W,494,475,3,3
YDR061W,166,145,4,8
YDR062W,551,394,103,38
YDR063W,96,71,8,7
YDR064W,3539,2846,0,227
YDR065W,43,31,0,12
YDR068W,31,28,1,NA
YDR073W,116,74,31,NA
YDR074W,1204,1115,56,NA
YDR075W,77,56,13,4
YDR076W,632,40,2,589
YDR077W,31889,24851,292,5428
YDR079W,71,27,2,19
YDR080W,111,107,0,NA
YDR082W,97,75,8,8
YDR083W,140,113,1,8
YDR089W,177,166,2,7
YDR092W,192,151,1,19
YDR093W,347,324,19,NA
YDR096W,222,216,NA,4
YDR099W,1281,987,119,100
YDR100W,177,121,10,25
YDR103W,206,203,NA,3
YDR106W,10,8,NA,1
YDR108W,100,90,4,2
YDR110W,50,40,0,4
YDR115W,145,89,2,25
YDR118W,52,48,0,NA
YDR119W,458,434,11,7
YDR119W-A,33,5,4,20
YDR121W,119,75,15,16
YDR122W,303,289,NA,11
YDR124W,84,36,23,24
YDR126W,46,43,2,NA
YDR127W,2410,2326,0,16
YDR128W,189,185,NA,1
YDR137W,91,75,4,8
YDR138W,117,117,0,0
YDR140W,106,86,0,11
YDR145W,341,298,25,10
YDR147W,133,125,1,0
YDR150W,891,880,6,1
YDR152W,180,151,1,4
YDR158W,1377,1280,0,71
YDR159W,95,91,3,NA
YDR160W,117,102,13,NA
YDR161W,177,156,0,8
YDR163W,40,28,NA,5
YDR165W,313,281,5,13
YDR167W,102,78,1,11
YDR168W,201,173,7,12
YDR171W,347,278,27,14
YDR172W,1130,1018,12,56
YDR174W,826,632,4,134
YDR176W,69,67,0,2
YDR177W,310,254,11,20
YDR178W,305,174,39,68
YDR179W-A,59,52,4,1
YDR180W,78,70,6,NA
YDR182W,242,223,7,1
YDR183W,60,48,1,2
YDR188W,753,680,5,39
YDR189W,315,289,1,17
YDR191W,60,48,1,6
YDR195W,149,112,25,4
YDR197W,110,90,2,5
YDR201W,38,22,NA,8
YDR204W,158,137,0,3
YDR205W,186,175,0,3
YDR206W,384,328,45,NA
YDR208W,325,281,17,16
YDR210W,362,150,0,137
YDR211W,413,383,4,17
YDR212W,745,658,19,26
YDR213W,157,141,8,5
YDR214W,1253,993,130,58
YDR216W,713,651,NA,46
YDR221W,194,170,0,18
YDR222W,133,115,2,11
YDR223W,11,8,3,NA
YDR225W,2092,1269,235,363
YDR226W,925,750,15,56
YDR227W,123,114,3,3
YDR229W,69,59,4,1
YDR232W,620,491,75,33
YDR234W,466,439,0,13
YDR235W,88,78,NA,6
YDR237W,207,157,13,18
YDR241W,68,12,NA,51
YDR242W,122,105,8,3
YDR244W,145,131,0,8
YDR245W,270,217,13,23
YDR246W,112,85,1,18
YDR247W,91,61,5,21
YDR251W,380,328,44,NA
YDR252W,67,27,0,30
YDR254W,40,35,1,0
YDR262W,186,130,0,33
YDR265W,116,83,16,8
YDR268W,114,105,0,5
YDR270W,78,75,NA,2
YDR272W,179,156,6,3
YDR273W,6,6,0,NA
YDR275W,94,46,27,16
YDR279W,53,49,2,0
YDR280W,174,132,17,11
YDR285W,22,21,NA,1
YDR287W,59,50,0,5
YDR288W,48,44,NA,1
YDR291W,145,136,NA,5
YDR296W,227,189,4,12
YDR297W,277,243,1,20
YDR299W,175,156,4,7
YDR301W,198,182,3,9
YDR302W,92,72,2,3
YDR307W,211,190,2,10
YDR311W,73,65,0,4
YDR312W,145,132,4,4
YDR316W,76,65,1,3
YDR317W,9,9,0,0
YDR318W,32,27,0,3
YDR320W-B,21,1,3,NA
YDR321W,624,545,11,26
YDR322W,238,204,3,18
YDR325W,104,99,NA,4
YDR330W,108,89,4,7
YDR331W,283,245,0,19
YDR332W,86,83,0,0
YDR334W,103,88,8,5
YDR335W,446,434,NA,3
YDR336W,51,47,NA,3
YDR337W,122,105,4,3
YDR347W,251,205,6,14
YDR351W,183,175,NA,NA
YDR352W,194,134,17,27
YDR353W,867,737,25,25
YDR354W,275,232,13,11
YDR356W,83,68,1,11
YDR358W,137,118,4,7
YDR363W,61,39,1,19
YDR363W-A,102,53,2,22
YDR367W,173,144,8,6
YDR368W,266,221,8,19
YDR371W,89,75,8,4
YDR374W-A,124,71,0,16
YDR376W,144,133,3,1
YDR377W,500,217,25,172
YDR379W,138,131,1,1
YDR380W,485,409,38,24
YDR381W,840,680,0,92
YDR382W,2487,1340,305,464
YDR385W,15147,14237,50,377
YDR386W,67,65,0,2
YDR388W,792,660,13,78
YDR389W,179,163,NA,14
YDR392W,51,45,2,3
YDR393W,81,69,1,8
YDR394W,477,393,28,37
YDR395W,735,668,36,13
YDR396W,0,0,0,0
YDR398W,394,361,6,9
YDR399W,356,257,22,36
YDR401W,26,10,NA,16
YDR403W,26,20,NA,6
YDR405W,194,147,9,25
YDR406W,329,329,NA,NA
YDR409W,94,89,NA,3
YDR412W,93,55,0,20
YDR416W,68,65,2,0
YDR418W,3308,2531,130,251
YDR419W,85,67,0,14
YDR420W,690,680,NA,9
YDR421W,105,105,0,0
YDR425W,72,60,NA,11
YDR427W,470,414,8,17
YDR434W,294,254,14,16
YDR436W,159,132,16,9
YDR438W,63,53,1,3
YDR439W,39,31,2,4
YDR440W,80,74,2,1
YDR442W,0,0,0,0
YDR444W,129,120,9,0
YDR446W,1,1,NA,NA
YDR448W,204,181,0,10
YDR450W,2956,2133,0,376
YDR452W,277,249,18,7
YDR456W,345,316,3,8
YDR457W,1169,1128,21,9
YDR460W,48,37,5,5
YDR461W,4,1,0,2
YDR462W,175,113,12,24
YDR463W,256,221,6,13
YDR464W,80,76,3,NA
YDR466W,148,129,10,6
YDR469W,76,68,0,1
YDR471W,1808,1325,16,252
YDR472W,105,88,0,13
YDR477W,416,324,70,11
YDR478W,38,34,0,3
YDR483W,505,453,6,19
YDR484W,79,70,0,5
YDR489W,91,65,0,20
YDR492W,199,157,24,2
YDR493W,132,86,16,14
YDR494W,183,159,1,11
YDR499W,54,52,0,NA
YDR501W,44,34,1,6
YDR510W,442,234,59,64
YDR511W,143,114,NA,11
YDR513W,316,231,3,27
YDR515W,80,58,16,3
YDR517W,219,189,5,8
YDR518W,155,142,3,2
YDR519W,245,157,0,70
YDR525W-A,430,206,10,131
YDR527W,103,93,0,8
YDR528W,110,74,29,3
YDR531W,190,161,6,9
YDR536W,19,17,NA,2
YDR538W,141,97,3,32
YDR539W,238,223,2,4
YEL073C,145,77,0,28
YEL068C,51,31,0,15
YEL064C,71,59,1,10
YEL063C,476,354,55,52
YEL061C,80,74,3,NA
YEL060C,1884,1617,46,137
YEL059C-A,46,21,2,6
YEL057C,9,6,NA,2
YEL055C,343,314,8,8
YEL054C,2822,2042,32,550
YEL053C,159,145,5,5
YEL050C,330,287,6,22
YEL048C,106,50,NA,48
YEL047C,264,254,0,NA
YEL046C,2188,1457,NA,622
YEL039C,111,67,22,13
YEL037C,409,305,47,31
YEL036C,417,350,36,11
YEL034C-A,2,2,NA,NA
YEL029C,94,68,2,12
YEL025C,230,214,NA,15
YEL023C,48,36,11,NA
YEL017C-A,591,210,10,312
YEL016C,116,98,13,1
YEL009C-A,8,6,NA,0
YEL009C,2993,1618,1113,103
YEL008C-A,32,3,NA,28
YEL005C,75,70,0,2
YEL002C,478,410,25,18
YEL001C,371,314,15,19
YER003C,758,675,9,18
YER007C-A,228,164,5,21
YER008C,221,209,3,4
YER010C,111,94,0,9
YER017C,540,498,NA,34
YER018C,90,66,3,11
YER019C-A,329,210,22,13
YER023C-A,1,1,NA,NA
YER026C,1026,846,2,56
YER027C,212,173,11,20
YER028C,32,27,1,2
YER029C,74,54,7,7
YER031C,324,236,5,57
YER033C,104,99,NA,3
YER036C,1326,1226,17,38
YER038C,78,54,0,21
YER039C,16,12,NA,1
YER043C,6835,5624,42,796
YER044C,257,189,10,28
YER044C-A,27,26,NA,NA
YER045C,79,59,11,7
YER047C,132,123,NA,5
YER048C,225,184,10,21
YER050C,152,95,11,28
YER052C,776,657,42,40
YER053C,351,273,29,35
YER053C-A,825,114,30,533
YER054C,73,65,NA,5
YER055C,898,732,2,77
YER056C,1643,1420,73,97
YER056C-A,2429,1662,0,195
YER057C,273,167,15,30
YER061C,74,64,0,2
YER062C,587,436,25,73
YER064C,575,457,18,74
YER065C,58,50,4,1
YER071C,79,55,0,17
YER075C,129,119,7,2
YER076C,55,41,7,5
YER077C,240,230,NA,7
YER078C,149,122,16,7
YER082C,239,217,8,5
YER083C,249,218,0,13
YER085C,1,0,0,1
YER087C-B,238,83,13,110
YER088C,438,408,9,12
YER088C-A,168,77,NA,79
YER089C,560,427,115,NA
YER091C,3474,3085,101,187
YER093C,102,100,NA,1
YER093C-A,34,18,0,6
YER094C,481,334,32,66
YER099C,183,155,0,10
YER101C,80,67,0,8
YER105C,578,556,0,9
YER107C,195,159,18,9
YER109C,96,96,NA,NA
YER110C,1041,941,36,31
YER111C,112,95,16,NA
YER113C,188,169,8,8
YER114C,253,243,NA,6
YER115C,52,28,16,7
YER116C,87,55,NA,26
YER118C,255,176,54,16
YER119C,183,168,0,6
YER122C,397,348,15,10
YER124C,624,529,2,61
YER126C,275,197,3,42
YER130C,192,151,8,19
YER132C,167,160,NA,6
YER134C,143,92,5,29
YER137C,24,17,0,3
YER139C,99,61,3,26
YER142C,19,15,0,2
YER144C,242,229,0,5
YER145C,306,263,0,22
YER147C,80,79,0,NA
YER149C,91,82,5,0
YER151C,321,293,21,1
YER152C,209,194,4,2
YER155C,558,537,NA,9
YER156C,317,286,0,17
YER158C,50,46,NA,3
YER159C,141,68,26,22
YER161C,91,63,2,19
YER162C,39,37,0,1
YER163C,145,126,0,8
YER168C,174,165,NA,5
YER172C,431,419,1,4
YER174C,113,97,NA,5
YER175C,139,101,0,28
YER180C,49,42,0,3
YER180C-A,40,19,1,10
YER181C,7,3,4,0
YER183C,100,84,NA,7
YER184C,90,75,NA,14
YER186C,116,86,14,11
YER188C-A,14,11,2,NA
YEL072W,54,39,5,8
YEL071W,1133,1022,9,34
YEL070W,27,23,NA,2
YEL066W,136,106,NA,16
YEL065W,392,349,0,11
YEL062W,94,91,0,2
YEL058W,769,703,0,14
YEL056W,172,160,5,NA
YEL052W,194,180,0,7
YEL051W,303,244,13,18
YEL049W,50,26,12,6
YEL044W,84,63,NA,19
YEL043W,269,250,4,3
YEL042W,467,378,39,21
YEL041W,47,44,3,NA
YEL040W,1157,1068,0,32
YEL038W,124,110,0,6
YEL034W,4098,3117,306,88
YEL033W,1081,795,NA,NA
YEL032W,467,437,6,18
YEL031W,1602,1527,8,37
YEL030W,104,101,NA,2
YEL028W,57,17,29,8
YEL027W,1706,933,57,503
YEL026W,670,427,87,56
YEL024W,734,426,47,210
YEL022W,326,319,NA,2
YEL021W,1194,938,26,81
YEL020W-A,306,194,0,63
YEL018W,47,44,NA,2
YEL017W,176,163,0,5
YEL015W,241,226,0,4
YEL013W,515,393,67,32
YEL012W,51,40,5,1
YEL011W,199,185,0,9
YEL008W,6,4,NA,2
YEL007W,275,256,NA,6
YEL006W,220,162,7,34
YEL004W,64,52,0,7
YEL003W,48,33,NA,7
YER001W,558,510,5,28
YER002W,74,51,9,1
YER004W,221,142,0,61
YER005W,136,127,2,3
YER006W,537,499,6,8
YER007W,42,38,0,4
YER009W,888,598,25,158
YER011W,53,49,0,1
YER012W,367,239,28,60
YER013W,108,103,NA,2
YER014W,94,85,1,3
YER015W,102,100,NA,2
YER016W,66,59,NA,3
YER019W,176,169,NA,7
YER020W,153,136,4,10
YER021W,654,573,2,49
YER022W,106,97,0,5
YER023W,524,432,9,28
YER024W,98,97,NA,1
YER025W,1115,958,20,86
YER030W,56,38,0,12
YER032W,160,147,2,6
YER034W,81,43,0,33
YER035W,224,143,25,28
YER037W,8,7,0,0
YER038W-A,12,5,2,4
YER040W,131,112,4,13
YER041W,108,90,8,6
YER042W,50,40,1,5
YER046W,72,29,35,2
YER048W-A,200,72,16,87
YER049W,498,459,10,18
YER051W,61,54,0,NA
YER058W,33,21,1,5
YER059W,79,65,7,2
YER060W,46,44,2,NA
YER060W-A,239,236,NA,3
YER063W,297,216,19,34
YER066W,87,46,30,5
YER067W,476,315,58,59
YER068W,288,260,7,6
YER069W,1171,1105,6,24
YER070W,2382,2248,20,89
YER072W,316,182,0,71
YER073W,566,466,23,45
YER074W,2864,1946,62,434
YER074W-A,103,71,0,20
YER076W-A,2,2,NA,0
YER079W,48,38,4,2
YER080W,240,214,5,8
YER081W,302,291,0,8
YER084W,9,7,NA,2
YER086W,884,787,10,39
YER087W,73,65,1,5
YER088W-B,20,0,19,NA
YER090W,775,696,26,22
YER092W,163,100,0,45
YER095W,286,220,NA,48
YER096W,13,11,NA,2
YER098W,42,39,NA,3
YER100W,170,126,24,10
YER102W,5499,4854,0,222
YER103W,147,134,3,6
YER104W,70,42,0,19
YER106W,2,1,NA,1
YER112W,90,66,8,8
YER117W,3095,2356,0,246
YER120W,623,504,9,54
YER121W,15,11,NA,2
YER123W,137,98,13,19
YER125W,694,592,NA,90
YER127W,157,138,0,5
YER128W,35,32,NA,2
YER129W,145,141,NA,4
YER131W,1350,1034,45,142
YER133W,489,403,14,31
YER136W,398,320,24,22
YER138W-A,486,244,NA,80
YER140W,84,71,NA,11
YER141W,397,345,4,31
YER143W,160,137,1,12
YER146W,146,88,17,25
YER148W,208,153,44,0
YER150W,109,67,5,20
YER154W,284,253,0,9
YER157W,125,121,1,0
YER158W-A,0,0,0,0
YER164W,275,269,NA,6
YER165W,1581,1405,51,74
YER166W,585,569,NA,12
YER167W,231,198,30,0
YER169W,166,146,6,4
YER170W,76,39,3,23
YER171W,223,197,17,1
YER173W,117,108,3,NA
YER175W-A,3,0,NA,3
YER176W,134,119,3,4
YER177W,2706,2410,45,30
YER178W,1382,1226,17,74
YER179W,7,6,NA,1
YER182W,111,90,1,6
YER187W,5,1,3,1
YER188W,8,5,2,1
YFL057C,58,47,0,3
YFL054C,107,100,NA,1
YFL050C,142,107,25,9
YFL048C,350,302,0,22
YFL045C,1338,974,96,150
YFL044C,240,161,0,64
YFL042C,136,125,0,6
YFL039C,5696,4685,480,226
YFL038C,889,728,5,71
YFL034C-B,108,82,5,12
YFL034C-A,511,360,22,47
YFL033C,220,211,NA,5
YFL029C,58,52,NA,3
YFL028C,162,143,1,8
YFL027C,45,40,0,4
YFL025C,175,162,5,5
YFL024C,121,108,NA,9
YFL022C,897,813,12,44
YFL021C-A,3,3,0,NA
YFL020C,31,21,3,1
YFL018C,973,851,39,25
YFL017C,108,87,0,15
YFL016C,402,347,26,9
YFL013C,176,151,2,20
YFL010C,603,423,7,107
YFL003C,2,1,NA,1
YFL002C,236,218,0,7
YFR003C,133,95,8,17
YFR005C,168,140,1,23
YFR011C,144,102,1,23
YFR014C,144,125,0,12
YFR015C,393,343,20,19
YFR016C,124,116,NA,1
YFR017C,96,81,8,4
YFR018C,170,154,0,9
YFR024C-A,281,242,1,24
YFR025C,174,153,0,6
YFR026C,50,14,26,2
YFR028C,211,192,1,3
YFR031C,99,96,NA,2
YFR031C-A,5428,5005,31,164
YFR032C-A,1755,945,0,418
YFR033C,471,226,111,95
YFR034C,129,120,3,NA
YFR037C,351,335,0,0
YFR039C,143,130,5,1
YFR041C,87,82,NA,3
YFR043C,50,40,0,2
YFR044C,1124,1033,0,24
YFR046C,44,44,NA,0
YFR047C,172,137,2,9
YFR050C,476,347,22,53
YFR051C,756,702,2,15
YFR053C,3199,2888,176,NA
YFR054C,2,0,NA,2
YFL055W,40,32,NA,7
YFL053W,6,5,NA,1
YFL052W,45,37,0,7
YFL049W,158,145,0,5
YFL047W,176,158,0,4
YFL046W,70,55,0,9
YFL041W-A,26,3,22,0
YFL041W,159,147,0,7
YFL037W,737,655,16,31
YFL036W,388,381,NA,3
YFL034W,101,95,3,NA
YFL031W,1958,1192,NA,665
YFL030W,62,59,NA,0
YFL026W,47,33,11,NA
YFL023W,92,82,0,4
YFL021W,415,414,NA,0
YFL017W-A,70,32,0,14
YFL014W,3172,1766,167,751
YFL012W-A,5,0,NA,5
YFL012W,0,0,0,0
YFL011W,25,9,16,NA
YFL010W-A,4,0,2,NA
YFL009W,301,266,20,3
YFL008W,147,141,2,NA
YFL007W,700,658,30,5
YFL005W,311,203,45,29
YFL004W,255,242,6,0
YFL001W,92,89,NA,1
YFR001W,64,45,1,4
YFR002W,338,318,0,13
YFR004W,336,287,9,16
YFR006W,292,281,NA,11
YFR007W,83,77,0,1
YFR008W,82,60,0,15
YFR009W,560,497,26,12
YFR010W,401,335,23,18
YFR010W-A,0,0,0,0
YFR013W,207,192,3,7
YFR019W,274,269,NA,2
YFR020W,59,47,6,4
YFR021W,88,78,5,4
YFR022W,149,124,17,5
YFR023W,4,4,NA,0
YFR027W,36,27,0,6
YFR029W,113,101,7,3
YFR030W,347,327,9,0
YFR034W-A,82,24,NA,50
YFR038W,141,140,NA,1
YFR040W,200,198,NA,NA
YFR042W,92,67,4,15
YFR045W,83,78,0,NA
YFR048W,148,128,4,3
YFR049W,133,74,34,12
YFR052W,348,332,0,2
YFR055W,293,207,1,62
YGL257C,133,115,6,4
YGL252C,273,247,0,11
YGL251C,102,92,NA,9
YGL246C,147,121,3,20
YGL242C,117,81,7,19
YGL237C,89,66,9,9
YGL236C,171,162,0,4
YGL231C,309,269,0,19
YGL230C,10,8,0,1
YGL229C,47,36,3,4
YGL226C-A,147,63,7,34
YGL224C,147,114,15,5
YGL223C,144,140,NA,3
YGL222C,413,290,18,62
YGL221C,445,356,0,46
YGL219C,227,197,3,8
YGL213C,201,178,0,11
YGL206C,1262,1202,39,NA
YGL204C,58,10,4,40
YGL203C,250,240,4,2
YGL201C,328,297,3,14
YGL200C,453,316,12,64
YGL199C,3,2,1,0
YGL194C-A,51,21,13,13
YGL194C,126,121,1,NA
YGL193C,2,0,NA,2
YGL190C,281,171,80,25
YGL189C,3218,2517,0,271
YGL187C,495,325,61,42
YGL186C,174,167,2,1
YGL185C,70,61,0,3
YGL184C,15,14,NA,1
YGL182C,2,2,0,NA
YGL179C,53,47,4,NA
YGL176C,59,54,0,2
YGL175C,20,15,2,NA
YGL173C,1271,1239,NA,18
YGL167C,756,622,91,27
YGL165C,6,6,NA,0
YGL164C,44,39,2,NA
YGL163C,109,101,3,1
YGL161C,259,207,15,30
YGL154C,36,33,0,1
YGL152C,1,1,NA,NA
YGL150C,304,293,4,NA
YGL147C,3595,2874,0,267
YGL146C,27,25,0,NA
YGL144C,60,56,1,0
YGL143C,113,101,1,3
YGL142C,205,188,2,7
YGL140C,414,390,NA,16
YGL136C,80,66,0,8
YGL131C,103,102,0,NA
YGL129C,244,201,6,17
YGL128C,66,57,NA,5
YGL127C,97,53,5,26
YGL124C,95,91,NA,2
YGL122C,440,412,0,16
YGL121C,97,66,0,17
YGL120C,476,455,5,0
YGL112C,278,241,4,14
YGL110C,86,82,0,4
YGL108C,36,22,1,9
YGL107C,237,227,0,3
YGL104C,89,80,NA,2
YGL095C,179,164,3,3
YGL094C,206,184,15,1
YGL091C,180,146,0,20
YGL089C,14,8,4,NA
YGL087C,191,121,8,45
YGL084C,259,230,7,5
YGL078C,382,324,9,40
YGL077C,653,564,38,34
YGL076C,5509,4476,15,621
YGL075C,37,23,4,9
YGL072C,37,5,NA,30
YGL070C,193,104,1,56
YGL065C,158,137,5,6
YGL064C,94,86,0,NA
YGL063C-A,6,0,NA,6
YGL061C,49,42,1,1
YGL057C,69,58,NA,9
YGL056C,417,356,29,13
YGL054C,433,277,19,103
YGL049C,379,335,24,9
YGL048C,534,454,4,29
YGL044C,81,56,18,5
YGL040C,378,282,29,47
YGL038C,172,145,2,16
YGL037C,1255,891,102,140
YGL035C,225,209,5,NA
YGL032C,1,0,1,0
YGL031C,2817,2170,65,333
YGL028C,986,726,101,105
YGL027C,271,259,0,7
YGL026C,1457,1360,0,42
YGL025C,90,82,NA,3
YGL023C,182,170,NA,9
YGL020C,137,111,8,8
YGL018C,75,61,2,7
YGL015C,1,0,0,1
YGL013C,226,220,NA,1
YGL011C,587,458,4,65
YGL009C,1877,1702,31,75
YGL008C,22949,18585,1123,2455
YGL007C-A,297,1,19,273
YGL005C,88,70,0,12
YGL004C,83,72,NA,3
YGL003C,115,95,8,2
YGL001C,409,355,12,22
YGR001C,262,219,0,14
YGR002C,168,135,0,15
YGR005C,103,75,1,16
YGR008C,301,107,44,98
YGR009C,193,175,6,2
YGR015C,78,65,NA,11
YGR018C,2,1,0,0
YGR020C,368,195,41,64
YGR024C,144,129,4,NA
YGR027C,2846,2030,55,189
YGR030C,78,50,0,10
YGR033C,174,98,14,38
YGR035C,0,0,0,0
YGR036C,128,56,22,44
YGR037C,491,212,22,152
YGR043C,41,38,NA,2
YGR044C,267,226,NA,36
YGR045C,14,10,2,NA
YGR047C,131,129,NA,0
YGR050C,10,5,NA,2
YGR053C,17,12,4,0
YGR057C,77,51,3,15
YGR061C,1209,1182,NA,12
YGR062C,81,72,NA,4
YGR063C,171,106,2,26
YGR065C,272,226,21,12
YGR067C,13,11,NA,1
YGR068C,200,165,0,27
YGR071C,65,59,1,NA
YGR073C,11,10,NA,0
YGR075C,43,39,0,NA
YGR076C,95,75,0,7
YGR077C,122,110,0,6
YGR078C,191,136,6,27
YGR081C,115,96,NA,9
YGR083C,371,360,3,NA
YGR084C,233,217,NA,8
YGR085C,3724,3052,39,220
YGR086C,1646,1383,107,17
YGR087C,210,201,0,1
YGR095C,104,87,9,0
YGR098C,154,143,NA,9
YGR102C,94,71,0,12
YGR104C,88,74,1,5
YGR106C,428,342,23,32
YGR109C,105,81,5,15
YGR117C,138,115,0,13
YGR119C,279,243,22,3
YGR120C,89,69,0,9
YGR121C,95,82,1,11
YGR122C-A,107,82,0,17
YGR123C,223,202,1,11
YGR128C,310,275,4,13
YGR130C,404,346,15,27
YGR132C,398,321,9,35
YGR138C,313,288,18,4
YGR146C,152,72,47,22
YGR146C-A,9,2,0,6
YGR147C,160,133,4,8
YGR148C,2073,1733,48,116
YGR150C,122,114,0,3
YGR154C,90,61,17,6
YGR158C,127,90,4,16
YGR159C,1243,1052,30,104
YGR161C,435,348,34,26
YGR168C,85,74,2,4
YGR169C,70,68,0,1
YGR169C-A,120,28,14,65
YGR171C,85,79,1,3
YGR172C,283,224,4,33
YGR174C,89,72,NA,15
YGR175C,1644,1476,17,94
YGR177C,191,159,7,16
YGR178C,773,624,102,29
YGR179C,58,46,1,6
YGR180C,819,732,6,34
YGR182C,179,101,26,NA
YGR183C,409,155,12,151
YGR184C,516,504,NA,3
YGR185C,1354,1173,47,43
YGR187C,195,173,2,1
YGR188C,21,20,0,NA
YGR189C,3489,3141,59,111
YGR192C,33988,29421,410,1853
YGR193C,238,194,18,12
YGR194C,164,154,NA,9
YGR196C,63,60,0,NA
YGR197C,85,77,5,1
YGR200C,373,346,6,5
YGR201C,35,29,NA,3
YGR202C,173,161,0,7
YGR204C-A,4,2,2,NA
YGR207C,282,232,3,25
YGR209C,456,242,64,34
YGR210C,313,257,17,19
YGR213C,24,19,NA,4
YGR216C,140,131,2,3
YGR220C,263,232,0,8
YGR221C,57,53,2,1
YGR223C,102,93,NA,6
YGR229C,351,281,60,NA
YGR231C,372,308,19,21
YGR233C,140,137,NA,1
YGR235C,266,195,16,18
YGR236C,1,0,NA,1
YGR237C,124,108,5,7
YGR238C,63,60,NA,1
YGR239C,118,92,0,13
YGR240C,4270,3732,262,156
YGR241C,261,230,20,2
YGR244C,482,419,28,11
YGR245C,377,347,10,6
YGR246C,127,114,0,9
YGR250C,233,207,14,5
YGR253C,537,440,32,25
YGR255C,242,213,11,6
YGR257C,162,136,14,5
YGR258C,83,76,1,0
YGR259C,34,14,12,7
YGR261C,385,355,7,10
YGR262C,136,108,1,10
YGR263C,60,53,1,2
YGR264C,1277,1203,0,37
YGR267C,336,235,64,16
YGR268C,158,87,0,61
YGR271C-A,40,31,NA,5
YGR274C,100,93,0,2
YGR276C,89,86,0,NA
YGR277C,102,91,0,5
YGR279C,2544,2023,182,235
YGR280C,110,79,2,18
YGR282C,3905,2949,59,576
YGR283C,89,75,0,6
YGR284C,506,392,6,71
YGR285C,1284,1116,0,47
YGR286C,62,48,2,7
YGR287C,47,44,1,1
YGR289C,101,73,16,8
YGL263W,2,2,0,0
YGL258W,11,1,9,1
YGL256W,262,162,69,15
YGL255W,248,205,7,16
YGL254W,148,91,0,54
YGL253W,2217,1923,47,151
YGL250W,51,41,NA,9
YGL248W,256,236,5,11
YGL247W,80,68,NA,4
YGL245W,2312,2166,0,42
YGL244W,160,148,4,NA
YGL243W,127,115,NA,5
YGL241W,191,184,0,4
YGL240W,28,24,NA,2
YGL238W,720,693,NA,5
YGL234W,819,760,0,20
YGL233W,171,156,1,6
YGL232W,93,83,0,5
YGL228W,355,319,1,15
YGL227W,124,113,1,6
YGL226W,35,27,NA,2
YGL225W,774,669,26,36
YGL220W,110,54,NA,51
YGL218W,1,1,NA,0
YGL216W,144,119,22,0
YGL215W,446,292,122,17
YGL212W,58,53,1,1
YGL211W,233,208,1,14
YGL210W,97,69,0,10
YGL209W,124,108,1,7
YGL208W,96,78,3,12
YGL207W,739,683,39,NA
YGL205W,15,15,NA,0
YGL202W,995,835,82,22
YGL198W,254,210,0,11
YGL197W,455,427,NA,21
YGL196W,78,71,2,3
YGL195W,2664,2630,NA,20
YGL192W,0,0,0,0
YGL191W,810,530,28,125
YGL181W,191,154,3,16
YGL180W,80,65,8,6
YGL178W,254,205,NA,42
YGL174W,56,42,0,5
YGL172W,218,201,0,7
YGL171W,188,173,3,5
YGL169W,185,162,6,4
YGL166W,70,54,0,10
YGL162W,73,48,12,9
YGL160W,170,152,11,4
YGL159W,69,58,0,2
YGL158W,8,8,0,0
YGL157W,437,379,7,16
YGL156W,240,229,NA,5
YGL155W,152,134,10,4
YGL153W,37,34,0,0
YGL151W,296,287,4,0
YGL148W,827,751,5,24
YGL145W,138,130,1,1
YGL141W,183,176,0,3
YGL139W,337,273,35,14
YGL137W,1049,982,4,26
YGL135W,5688,4477,282,407
YGL134W,62,50,1,0
YGL133W,126,114,9,NA
YGL130W,176,160,1,8
YGL125W,1420,1273,98,NA
YGL123W,5534,4253,587,333
YGL119W,90,87,1,1
YGL117W,109,88,7,6
YGL116W,239,210,14,7
YGL115W,417,334,35,16
YGL114W,224,193,13,2
YGL113W,53,47,1,5
YGL111W,271,233,4,25
YGL109W,0,0,0,0
YGL106W,304,186,2,74
YGL105W,1741,1551,6,56
YGL103W,4957,3354,0,742
YGL101W,147,103,1,29
YGL100W,295,257,3,16
YGL099W,188,177,0,2
YGL098W,99,45,3,43
YGL097W,410,374,3,17
YGL096W,27,26,NA,1
YGL093W,77,76,NA,1
YGL092W,507,503,NA,0
YGL090W,79,55,0,19
YGL088W,93,91,NA,2
YGL086W,72,68,NA,4
YGL085W,57,38,1,14
YGL083W,131,119,4,5
YGL082W,139,120,7,4
YGL081W,67,46,0,20
YGL080W,160,88,2,47
YGL079W,82,67,3,6
YGL073W,173,154,5,8
YGL071W,140,109,23,6
YGL068W,396,269,32,47
YGL067W,147,128,4,3
YGL066W,129,107,5,12
YGL063W,111,79,10,20
YGL062W,1464,1402,9,25
YGL060W,153,137,7,3
YGL059W,78,68,1,2
YGL058W,277,192,20,42
YGL055W,2267,1900,86,124
YGL050W,58,39,0,10
YGL047W,61,42,11,1
YGL045W,110,95,NA,11
YGL043W,311,251,1,33
YGL041W-A,110,87,0,15
YGL039W,88,77,4,5
YGL036W,264,251,5,NA
YGL033W,3,1,NA,2
YGL030W,3279,1778,359,586
YGL029W,34,14,2,15
YGL022W,1039,979,13,18
YGL021W,327,321,NA,5
YGL019W,248,181,20,18
YGL017W,65,57,0,2
YGL016W,267,246,8,7
YGL014W,335,327,NA,3
YGL012W,755,682,23,20
YGL010W,87,53,8,21
YGL007W,6,1,NA,5
YGL006W-A,25,4,NA,20
YGL006W,349,338,NA,11
YGL002W,82,54,0,18
YGR003W,152,139,1,8
YGR004W,95,76,0,10
YGR006W,42,42,NA,NA
YGR007W,239,204,0,18
YGR012W,134,111,3,4
YGR013W,83,64,1,13
YGR014W,1232,1195,NA,27
YGR016W,54,42,NA,7
YGR017W,114,86,16,6
YGR019W,413,370,2,22
YGR021W,92,78,2,3
YGR023W,149,115,13,9
YGR026W,201,171,NA,23
YGR028W,175,138,5,18
YGR029W,150,119,NA,19
YGR031W,258,114,4,134
YGR032W,2288,2246,NA,24
YGR034W,2348,1636,49,327
YGR038W,240,159,43,23
YGR039W,26,14,NA,8
YGR040W,159,107,3,45
YGR041W,167,122,27,8
YGR042W,72,60,0,1
YGR046W,150,105,13,24
YGR048W,146,132,2,5
YGR049W,196,126,12,36
YGR052W,43,35,NA,7
YGR054W,860,687,99,37
YGR055W,917,829,1,45
YGR056W,185,175,1,4
YGR058W,100,67,0,22
YGR059W,0,0,0,0
YGR060W,1014,883,52,3
YGR064W,9,7,2,0
YGR070W,298,296,NA,NA
YGR072W,33,31,2,NA
YGR074W,144,73,0,64
YGR079W,202,192,NA,8
YGR080W,260,232,0,13
YGR082W,409,282,29,42
YGR088W,289,271,0,7
YGR089W,141,135,NA,1
YGR090W,638,569,49,6
YGR091W,56,46,3,2
YGR092W,355,307,7,32
YGR093W,90,79,2,4
YGR094W,2677,2640,NA,11
YGR096W,45,42,0,2
YGR097W,484,459,NA,18
YGR099W,112,103,NA,4
YGR100W,200,173,7,7
YGR101W,139,125,1,6
YGR103W,457,407,10,13
YGR105W,87,40,16,19
YGR107W,6,1,NA,5
YGR108W,302,223,32,32
YGR110W,45,40,2,1
YGR111W,262,217,6,19
YGR112W,93,77,7,7
YGR113W,143,107,8,18
YGR116W,525,513,7,NA
YGR118W,2720,1877,23,498
YGR121W-A,4,3,NA,0
YGR122W,53,41,2,8
YGR124W,2152,1990,10,77
YGR125W,325,298,8,12
YGR127W,74,61,1,7
YGR129W,20,17,1,2
YGR131W,33,27,NA,4
YGR133W,60,47,NA,12
YGR134W,109,99,7,1
YGR135W,494,414,34,15
YGR137W,248,172,NA,44
YGR139W,14,0,14,NA
YGR140W,136,131,NA,4
YGR141W,92,80,0,5
YGR142W,146,110,11,17
YGR143W,214,187,NA,24
YGR145W,208,190,10,2
YGR149W,373,310,19,27
YGR153W,32,25,NA,6
YGR155W,2159,1852,11,163
YGR156W,136,109,15,3
YGR157W,1791,1600,115,29
YGR160W,35,35,NA,NA
YGR161W-C,153,60,10,62
YGR162W,1082,961,NA,92
YGR163W,145,128,8,0
YGR165W,280,218,11,28
YGR166W,150,132,2,12
YGR167W,417,313,20,39
YGR170W,141,128,6,3
YGR173W,305,265,6,4
YGR174W-A,27,2,23,1
YGR181W,149,72,13,48
YGR186W,226,218,0,3
YGR191W,516,413,49,34
YGR195W,283,218,29,14
YGR198W,164,151,3,4
YGR199W,240,235,3,NA
YGR203W,84,50,1,23
YGR204W,1309,1239,13,16
YGR205W,96,74,6,10
YGR206W,44,31,1,7
YGR208W,149,119,8,13
YGR211W,675,582,14,56
YGR212W,71,29,NA,42
YGR214W,3220,2846,0,91
YGR215W,168,103,13,20
YGR217W,298,293,3,NA
YGR218W,1090,900,115,59
YGR222W,107,98,NA,5
YGR224W,5,4,0,1
YGR225W,11,11,0,0
YGR227W,153,127,6,12
YGR230W,55,38,1,12
YGR232W,168,135,2,6
YGR234W,7534,6110,0,978
YGR243W,109,73,22,0
YGR247W,97,67,16,4
YGR248W,147,124,0,12
YGR249W,9,6,3,0
YGR251W,42,36,3,NA
YGR252W,102,84,5,9
YGR254W,17209,15483,135,485
YGR256W,57,51,NA,5
YGR260W,262,226,NA,18
YGR266W,188,167,4,10
YGR270W,372,361,NA,4
YGR271W,270,267,NA,2
YGR278W,117,106,0,5
YGR281W,306,277,21,6
YGR288W,106,74,2,24
YGR292W,75,70,0,4
YHL047C,132,120,0,8
YHL046C,23,21,2,0
YHL040C,250,199,19,25
YHL038C,96,90,1,1
YHL037C,11,4,5,0
YHL035C,326,315,NA,8
YHL034C,581,428,57,53
YHL033C,3885,2963,0,702
YHL032C,257,244,2,4
YHL031C,193,152,0,8
YHL029C,182,175,0,3
YHL026C,76,59,2,9
YHL023C,141,132,2,0
YHL022C,11,10,NA,1
YHL021C,386,342,9,12
YHL020C,232,196,19,8
YHL019C,76,73,0,1
YHL016C,120,112,NA,4
YHL014C,58,56,0,2
YHL013C,81,68,1,5
YHL011C,524,383,40,53
YHL010C,44,41,0,0
YHL009C,82,53,5,14
YHL008C,61,46,0,11
YHL007C,384,339,25,10
YHL006C,71,26,NA,40
YHL003C,404,323,23,38
YHL002C-A,7,1,6,NA
YHR003C,238,217,0,7
YHR004C,69,65,3,NA
YHR005C,218,193,9,6
YHR005C-A,426,226,12,125
YHR007C,2559,2133,129,226
YHR007C-A,7,3,NA,2
YHR008C,518,433,8,35
YHR009C,406,299,72,20
YHR013C,211,161,4,22
YHR016C,175,149,2,10
YHR018C,1278,1068,17,106
YHR019C,1850,1650,39,83
YHR021C,2048,1142,174,284
YHR022C,57,43,1,6
YHR022C-A,11,1,NA,9
YHR024C,260,200,0,43
YHR027C,1154,1081,19,20
YHR028C,505,471,0,17
YHR029C,76,55,0,16
YHR030C,738,661,27,34
YHR031C,130,120,1,6
YHR032C-A,1,0,1,NA
YHR034C,68,64,2,0
YHR039C,647,588,14,16
YHR039C-A,520,308,26,78
YHR041C,94,73,0,5
YHR043C,167,127,18,8
YHR044C,85,80,0,3
YHR046C,99,70,5,8
YHR047C,235,212,1,12
YHR049C-A,44,3,NA,41
YHR056C,247,242,2,NA
YHR057C,107,85,0,15
YHR058C,87,78,0,2
YHR061C,82,67,3,8
YHR062C,168,136,2,13
YHR063C,280,249,2,13
YHR064C,1755,1606,18,52
YHR065C,272,235,5,21
YHR069C,246,205,0,27
YHR071C-A,4,3,0,0
YHR073C-B,0,0,0,0
YHR075C,43,41,1,0
YHR077C,230,215,4,6
YHR079C,145,121,16,5
YHR080C,115,109,5,NA
YHR082C,263,231,NA,24
YHR089C,357,274,8,39
YHR090C,87,62,7,15
YHR091C,139,134,0,3
YHR092C,1217,1149,24,10
YHR094C,933,863,6,34
YHR096C,77,76,NA,1
YHR097C,143,123,11,NA
YHR098C,679,622,14,17
YHR100C,43,28,3,4
YHR101C,55,43,NA,10
YHR107C,314,270,16,16
YHR112C,173,151,1,14
YHR115C,300,262,29,NA
YHR118C,68,59,2,3
YHR129C,88,74,4,4
YHR130C,13,12,NA,0
YHR131C,122,115,3,NA
YHR132C,427,369,15,29
YHR133C,229,188,0,29
YHR135C,426,372,21,14
YHR136C,1,0,NA,1
YHR138C,62,36,4,9
YHR139C,12,4,NA,7
YHR141C,2565,1735,36,266
YHR144C,75,62,1,3
YHR145C,442,291,15,NA
YHR147C,256,213,8,14
YHR149C,174,158,3,8
YHR151C,98,75,10,10
YHR153C,29,29,NA,0
YHR156C,12,10,0,0
YHR158C,247,240,NA,0
YHR161C,282,257,7,3
YHR164C,95,94,NA,1
YHR165C,388,376,4,5
YHR166C,64,61,0,1
YHR173C,4,0,NA,4
YHR180C-B,12,0,0,12
YHR182C-A,1,1,0,0
YHR185C,0,0,0,0
YHR186C,289,285,0,NA
YHR188C,340,306,0,9
YHR191C,29,23,3,1
YHR193C,1053,849,37,47
YHR193C-A,1,0,0,1
YHR198C,145,132,NA,7
YHR199C,208,173,0,16
YHR201C,157,138,0,6
YHR203C,7133,6289,127,396
YHR210C,31,26,3,2
YHL048W,409,374,0,15
YHL045W,0,0,0,0
YHL044W,28,21,0,5
YHL043W,0,0,0,0
YHL042W,27,12,NA,14
YHL041W,14,2,12,NA
YHL039W,212,183,6,7
YHL036W,54,52,0,1
YHL030W,353,352,NA,1
YHL028W,49,47,2,0
YHL027W,331,301,10,14
YHL025W,172,154,4,6
YHL024W,379,369,NA,0
YHL017W,152,148,0,2
YHL015W,2603,1983,60,217
YHL012W,8,8,NA,NA
YHL006W-A,1,0,1,0
YHL004W,290,239,16,18
YHL002W,213,186,2,11
YHL001W,2527,2036,0,205
YHR001W,226,194,2,12
YHR001W-A,498,150,61,196
YHR002W,60,41,10,5
YHR006W,299,275,0,15
YHR010W,2629,2038,63,214
YHR011W,53,50,0,0
YHR012W,144,113,0,9
YHR015W,14,10,NA,4
YHR017W,110,103,0,3
YHR020W,1639,1541,17,33
YHR021W-A,2,2,NA,0
YHR023W,166,163,NA,1
YHR025W,829,713,18,48
YHR026W,769,504,77,144
YHR028W-A,18,10,NA,8
YHR032W,316,287,13,NA
YHR032W-A,71,17,6,26
YHR033W,406,345,0,37
YHR035W,25,22,1,NA
YHR036W,82,48,6,21
YHR037W,661,579,12,42
YHR038W,79,68,0,6
YHR040W,64,57,0,3
YHR042W,546,501,3,16
YHR045W,173,156,12,2
YHR048W,70,55,5,10
YHR049W,769,626,14,69
YHR050W,272,224,27,6
YHR051W,344,237,NA,76
YHR052W,384,326,6,25
YHR056W-A,2,1,NA,1
YHR059W,136,76,10,17
YHR060W,42,38,NA,2
YHR066W,253,223,0,15
YHR067W,89,77,0,9
YHR068W,497,429,14,14
YHR070W,275,216,0,49
YHR071W,222,118,95,NA
YHR072W,726,662,12,19
YHR072W-A,330,117,31,114
YHR073W,297,277,NA,16
YHR074W,567,505,18,28
YHR076W,165,124,3,16
YHR078W,177,165,0,2
YHR081W,59,40,0,13
YHR083W,160,146,0,5
YHR084W,192,140,37,12
YHR085W,60,48,0,5
YHR086W,215,159,21,23
YHR087W,939,407,86,309
YHR088W,111,100,1,2
YHR099W,952,932,9,NA
YHR102W,214,207,NA,3
YHR103W,267,229,15,9
YHR104W,1216,965,24,162
YHR105W,39,30,4,0
YHR106W,98,84,NA,8
YHR108W,627,570,6,21
YHR109W,80,75,0,0
YHR110W,174,139,3,15
YHR111W,115,109,NA,2
YHR113W,226,202,0,14
YHR114W,120,110,5,NA
YHR116W,78,56,NA,21
YHR117W,265,243,5,9
YHR119W,192,181,NA,4
YHR120W,69,63,NA,2
YHR121W,173,138,9,11
YHR122W,152,124,0,14
YHR123W,264,218,0,32
YHR124W,6,6,NA,0
YHR127W,92,61,1,21
YHR128W,395,253,16,87
YHR132W-A,121,61,13,24
YHR134W,83,70,NA,7
YHR137W,613,553,8,22
YHR140W,8,4,0,1
YHR142W,450,383,28,16
YHR143W,986,688,170,87
YHR143W-A,399,181,16,131
YHR146W,326,296,8,NA
YHR148W,184,111,0,54
YHR150W,82,72,1,6
YHR152W,97,63,3,13
YHR154W,147,140,1,NA
YHR155W,177,158,7,10
YHR157W,8,3,0,5
YHR159W,75,62,4,7
YHR162W,1396,692,416,122
YHR163W,284,231,2,31
YHR167W,41,29,3,5
YHR168W,87,69,3,9
YHR169W,163,142,2,8
YHR170W,449,402,8,18
YHR171W,54,50,0,1
YHR172W,58,46,1,8
YHR174W,25949,22897,173,1336
YHR176W,67,62,NA,4
YHR177W,26,19,NA,6
YHR178W,84,79,1,3
YHR179W,605,548,6,19
YHR180W,25,17,5,NA
YHR181W,205,155,7,21
YHR182W,61,56,0,2
YHR183W,3238,2839,138,111
YHR184W,12,11,NA,1
YHR187W,140,113,3,9
YHR190W,1107,925,29,47
YHR192W,137,112,1,12
YHR194W,130,118,1,5
YHR195W,138,98,14,17
YHR196W,193,166,10,2
YHR197W,276,268,0,4
YHR200W,338,292,0,16
YHR202W,47,42,1,2
YHR204W,302,281,5,11
YHR205W,723,585,95,25
YHR206W,252,210,36,1
YHR208W,2062,1785,0,160
YHR209W,364,310,5,18
YHR211W,621,609,NA,8
YHR215W,137,126,NA,4
YHR216W,303,273,5,9
YIL169C,258,256,0,NA
YIL166C,36,21,NA,15
YIL165C,41,26,NA,10
YIL163C,40,4,NA,36
YIL160C,10,10,NA,0
YIL157C,196,146,NA,36
YIL155C,257,229,3,19
YIL154C,139,119,0,8
YIL151C,155,152,NA,1
YIL150C,51,48,0,1
YIL149C,112,109,NA,1
YIL147C,167,163,NA,4
YIL146C,78,55,19,4
YIL145C,230,175,0,35
YIL143C,200,190,1,NA
YIL139C,25,24,0,1
YIL138C,268,117,0,139
YIL137C,362,344,0,11
YIL135C,186,172,2,7
YIL134C-A,7,2,5,NA
YIL133C,2055,1792,0,73
YIL132C,46,28,NA,16
YIL131C,208,174,4,18
YIL129C,317,309,NA,4
YIL127C,70,48,1,8
YIL119C,67,52,9,NA
YIL117C,351,289,21,15
YIL115C,489,481,NA,0
YIL114C,35,31,0,0
YIL109C,1281,1195,33,13
YIL107C,122,113,6,0
YIL105C,252,241,9,1
YIL104C,90,73,3,7
YIL102C-A,125,42,8,56
YIL101C,115,108,NA,2
YIL098C,62,51,0,6
YIL096C,54,47,NA,3
YIL094C,621,559,3,14
YIL093C,163,119,10,17
YIL091C,162,153,0,5
YIL088C,207,183,0,12
YIL087C,88,60,0,10
YIL085C,188,181,2,NA
YIL084C,84,76,4,NA
YIL083C,146,122,11,4
YIL079C,108,96,0,6
YIL077C,90,72,0,11
YIL075C,1245,1216,8,NA
YIL074C,216,198,2,4
YIL073C,44,42,NA,2
YIL071C,69,55,NA,10
YIL070C,374,304,3,35
YIL069C,2237,1751,35,263
YIL068C,149,139,4,5
YIL067C,104,96,3,0
YIL066C,117,111,NA,5
YIL065C,131,97,2,10
YIL063C,106,97,3,2
YIL062C,443,366,8,18
YIL061C,73,63,0,1
YIL059C,249,31,23,193
YIL057C,0,0,0,0
YIL055C,46,43,NA,2
YIL052C,2038,1493,38,87
YIL051C,736,503,14,97
YIL047C,436,417,0,NA
YIL044C,147,122,1,10
YIL043C,544,464,0,39
YIL042C,85,73,0,6
YIL038C,254,208,30,8
YIL037C,3,2,NA,0
YIL035C,141,120,10,9
YIL034C,351,324,0,13
YIL033C,421,326,30,40
YIL030C,582,569,NA,6
YIL029C,47,27,7,9
YIL027C,159,111,4,15
YIL026C,172,153,1,10
YIL023C,363,317,0,18
YIL020C,65,61,0,NA
YIL017C,140,126,5,NA
YIL014C-A,6,4,2,0
YIL013C,103,87,NA,14
YIL009C-A,93,71,0,1
YIL007C,82,56,2,18
YIL004C,44,33,0,7
YIL002C,120,99,11,3
YIR001C,106,74,4,19
YIR002C,94,85,3,4
YIR006C,851,834,NA,9
YIR008C,148,124,4,8
YIR011C,154,136,0,4
YIR013C,0,0,0,0
YIR017C,27,16,NA,7
YIR018C-A,85,33,52,NA
YIR019C,223,219,NA,4
YIR020C,5,0,0,5
YIR024C,32,23,0,3
YIR026C,202,176,2,10
YIR027C,8,7,NA,0
YIR030C,7,7,0,0
YIR031C,199,170,17,3
YIR032C,91,72,5,9
YIR034C,354,314,7,14
YIR035C,215,183,0,19
YIR036C,148,119,3,17
YIR038C,246,203,0,23
YIR039C,180,166,NA,7
YIR042C,71,54,4,6
YIL162W,310,273,NA,31
YIL161W,38,34,0,2
YIL159W,54,53,NA,0
YIL158W,149,116,0,21
YIL156W-B,110,63,NA,29
YIL156W,142,138,NA,3
YIL153W,126,110,0,1
YIL152W,45,44,0,1
YIL148W,3727,2945,0,304
YIL144W,67,53,4,4
YIL142W,694,649,6,4
YIL140W,517,487,NA,13
YIL136W,162,140,1,7
YIL134W,55,52,0,3
YIL130W,298,275,17,NA
YIL128W,207,204,NA,NA
YIL126W,303,288,4,6
YIL125W,1092,1026,NA,44
YIL124W,618,516,7,42
YIL123W,1398,1060,17,267
YIL122W,42,32,NA,6
YIL121W,105,99,NA,6
YIL120W,50,41,NA,6
YIL118W,206,139,35,16
YIL116W,255,238,9,NA
YIL113W,13,10,0,0
YIL112W,101,97,1,NA
YIL111W,78,55,1,3
YIL110W,175,154,1,8
YIL108W,430,405,0,7
YIL106W,240,214,0,10
YIL103W,117,109,0,3
YIL100W,30,23,3,NA
YIL099W,28,27,NA,1
YIL097W,52,48,0,3
YIL095W,137,121,9,1
YIL092W,47,40,0,4
YIL090W,280,200,13,53
YIL089W,16,15,1,0
YIL078W,2125,2020,23,20
YIL076W,515,446,0,29
YIL066W-A,0,0,0,0
YIL064W,84,77,NA,4
YIL056W,160,150,NA,5
YIL054W,1,0,1,0
YIL053W,2793,2274,73,219
YIL050W,133,99,7,6
YIL049W,87,77,NA,6
YIL048W,262,225,25,5
YIL046W-A,3,0,1,1
YIL046W,207,197,0,8
YIL045W,32,31,1,0
YIL041W,735,635,2,34
YIL040W,118,93,0,8
YIL039W,224,205,1,9
YIL036W,286,251,15,8
YIL031W,105,91,12,NA
YIL028W,79,22,16,36
YIL022W,430,320,31,58
YIL021W,268,221,17,11
YIL019W,55,47,0,4
YIL018W,6744,5984,72,419
YIL016W,44,36,0,4
YIL015W,7,7,NA,0
YIL014W,162,139,13,3
YIL011W,17,14,0,3
YIL010W,164,115,4,28
YIL009W,312,275,0,25
YIL008W,59,35,7,8
YIL006W,59,56,NA,3
YIL005W,192,162,13,9
YIL003W,88,75,2,7
YIL002W-A,119,64,2,26
YIL001W,66,57,4,2
YIR003W,266,259,0,3
YIR004W,116,102,0,2
YIR005W,39,31,0,2
YIR007W,97,88,0,7
YIR009W,79,23,4,46
YIR010W,87,80,3,1
YIR012W,324,314,0,4
YIR014W,21,20,0,0
YIR016W,101,94,0,4
YIR018W,51,40,0,2
YIR021W,104,94,5,3
YIR022W,173,132,NA,29
YIR023W,246,243,NA,1
YIR025W,43,39,0,2
YIR028W,34,34,NA,0
YIR029W,30,28,NA,2
YIR033W,170,166,NA,0
YIR037W,356,249,22,40
YIR041W,71,19,45,1
YJL216C,32,27,NA,4
YJL215C,61,6,55,NA
YJL212C,426,400,2,6
YJL208C,165,135,6,4
YJL207C,264,257,0,NA
YJL206C,54,52,NA,2
YJL205C,24,14,0,7
YJL204C,124,115,0,6
YJL202C,0,0,0,0
YJL200C,568,539,5,13
YJL199C,23,16,NA,6
YJL196C,214,177,3,16
YJL192C,304,231,10,26
YJL190C,2579,1685,0,487
YJL187C,120,108,7,2
YJL185C,39,32,NA,5
YJL180C,109,102,0,2
YJL178C,203,160,3,18
YJL176C,206,189,5,10
YJL173C,109,82,0,12
YJL171C,605,496,4,72
YJL170C,1,1,0,0
YJL168C,116,103,3,6
YJL165C,164,153,8,NA
YJL164C,88,64,16,3
YJL163C,45,42,2,0
YJL162C,45,40,2,0
YJL160C,3,2,1,NA
YJL158C,4070,3225,113,432
YJL157C,270,248,NA,10
YJL156C,161,139,NA,17
YJL155C,157,120,15,17
YJL154C,397,386,NA,2
YJL153C,214,188,NA,14
YJL151C,551,390,7,63
YJL147C,49,37,2,7
YJL139C,86,68,2,13
YJL138C,3906,3558,33,179
YJL137C,51,45,1,5
YJL136C,2598,1650,24,534
YJL133C-A,461,244,0,156
YJL131C,37,31,0,2
YJL130C,6013,5937,NA,38
YJL129C,128,115,11,NA
YJL128C,346,286,40,3
YJL127C-B,231,43,42,95
YJL127C,106,75,2,26
YJL125C,118,111,1,2
YJL124C,240,134,55,28
YJL123C,177,167,0,NA
YJL121C,230,179,2,8
YJL119C,20,8,5,7
YJL116C,92,72,NA,16
YJL110C,133,108,13,3
YJL109C,1288,1255,7,4
YJL108C,142,116,NA,22
YJL107C,136,114,10,NA
YJL103C,45,39,2,3
YJL101C,155,136,7,9
YJL094C,208,189,4,10
YJL093C,247,232,NA,9
YJL091C,285,259,0,14
YJL090C,77,76,NA,0
YJL087C,109,99,NA,6
YJL084C,255,234,10,10
YJL081C,254,222,0,20
YJL080C,1138,1088,NA,29
YJL079C,440,299,41,60
YJL078C,693,600,12,56
YJL077C,8,2,NA,6
YJL074C,122,118,NA,3
YJL072C,84,45,4,23
YJL070C,105,100,NA,2
YJL069C,223,210,0,2
YJL068C,235,194,0,21
YJL066C,204,144,8,38
YJL065C,197,138,3,32
YJL063C,229,183,0,18
YJL058C,61,57,1,1
YJL057C,78,73,2,2
YJL056C,92,87,NA,3
YJL048C,337,271,12,25
YJL047C-A,13,0,0,13
YJL047C,108,100,3,2
YJL044C,215,174,3,25
YJL039C,676,632,17,17
YJL038C,6,5,NA,0
YJL035C,47,38,3,1
YJL031C,54,47,NA,4
YJL029C,192,180,2,5
YJL027C,1,0,0,0
YJL024C,162,110,1,31
YJL023C,53,51,NA,2
YJL020C,770,709,19,24
YJL015C,6,0,NA,6
YJL013C,56,50,NA,4
YJL012C,363,339,0,9
YJL011C,59,37,4,11
YJL010C,217,204,3,3
YJL008C,731,643,13,40
YJL006C,84,73,2,2
YJL004C,134,88,0,35
YJL002C,598,540,14,29
YJR003C,99,97,0,0
YJR004C,335,315,NA,13
YJR009C,22488,20152,216,540
YJR010C-A,50,32,0,12
YJR011C,32,29,1,2
YJR012C,24,19,NA,4
YJR016C,2256,2096,0,61
YJR017C,216,114,3,58
YJR019C,71,66,0,0
YJR021C,77,61,3,6
YJR025C,79,68,0,4
YJR030C,101,97,2,NA
YJR031C,202,196,1,1
YJR033C,240,234,2,NA
YJR036C,34,33,NA,1
YJR041C,341,318,4,12
YJR043C,49,39,1,5
YJR044C,151,85,15,32
YJR045C,4328,3651,346,210
YJR047C,435,434,0,0
YJR049C,180,170,0,4
YJR056C,80,49,12,10
YJR058C,65,49,0,5
YJR062C,210,154,0,44
YJR065C,874,782,8,42
YJR067C,41,25,NA,14
YJR069C,208,148,7,31
YJR070C,486,437,1,22
YJR072C,249,211,9,9
YJR073C,1306,1045,17,92
YJR076C,235,197,14,8
YJR077C,904,751,4,111
YJR080C,263,223,0,16
YJR082C,79,39,11,18
YJR083C,85,70,0,7
YJR085C,212,97,25,43
YJR088C,181,153,5,11
YJR090C,194,169,17,3
YJR091C,304,278,0,17
YJR093C,125,102,1,7
YJR094C,7,6,NA,0
YJR098C,39,30,NA,7
YJR100C,96,75,4,7
YJR102C,55,39,0,9
YJR104C,1914,1442,130,164
YJR109C,2788,2629,30,47
YJR111C,68,62,NA,4
YJR113C,228,205,6,6
YJR118C,107,76,6,9
YJR119C,67,64,NA,0
YJR124C,110,94,0,10
YJR125C,273,237,10,9
YJR126C,190,184,NA,4
YJR127C,283,278,NA,4
YJR129C,52,48,0,1
YJR130C,197,178,0,10
YJR134C,85,81,2,0
YJR135C,27,25,0,NA
YJR136C,66,60,NA,3
YJR137C,239,235,NA,2
YJR139C,1216,1021,32,57
YJR140C,170,124,NA,44
YJR143C,969,884,29,39
YJR145C,7412,6689,0,279
YJR150C,2,2,0,0
YJR151C,193,150,39,NA
YJR156C,93,68,NA,15
YJR161C,738,579,NA,119
YJL218W,10,10,0,0
YJL217W,157,126,0,9
YJL214W,62,37,NA,22
YJL213W,9,7,NA,1
YJL210W,144,123,0,5
YJL209W,69,59,4,2
YJL203W,43,38,1,0
YJL201W,195,181,0,1
YJL198W,363,345,1,8
YJL197W,222,210,1,5
YJL194W,137,115,0,9
YJL193W,78,73,NA,4
YJL191W,1663,1520,10,59
YJL189W,2175,823,87,674
YJL186W,593,545,5,20
YJL184W,117,69,7,13
YJL183W,339,285,14,14
YJL181W,96,90,0,4
YJL179W,150,88,15,25
YJL177W,1863,1482,0,110
YJL175W,0,0,0,0
YJL174W,441,333,48,28
YJL172W,687,640,4,9
YJL167W,1706,1451,59,95
YJL166W,453,224,44,117
YJL161W,109,78,0,17
YJL159W,20395,16354,395,2775
YJL152W,20,2,3,14
YJL150W,27,12,15,NA
YJL149W,155,151,NA,1
YJL148W,156,113,11,13
YJL146W,116,90,10,12
YJL145W,142,124,1,6
YJL144W,57,28,2,22
YJL143W,417,199,20,140
YJL140W,180,132,15,15
YJL136W-A,1,0,NA,1
YJL134W,134,127,NA,0
YJL133W,126,97,7,13
YJL132W,115,108,0,5
YJL126W,56,50,0,0
YJL122W,150,104,0,19
YJL118W,85,62,NA,23
YJL117W,178,158,8,1
YJL115W,91,70,7,7
YJL112W,126,110,0,9
YJL111W,584,510,15,39
YJL106W,106,66,38,NA
YJL104W,176,90,1,60
YJL102W,107,103,0,2
YJL100W,104,98,3,1
YJL099W,112,96,9,NA
YJL098W,221,200,15,NA
YJL097W,270,213,13,9
YJL096W,157,120,7,8
YJL095W,137,135,NA,2
YJL092W,120,113,NA,3
YJL088W,804,678,1,36
YJL085W,117,105,6,2
YJL083W,91,74,1,12
YJL082W,271,233,5,25
YJL077W-B,194,4,173,9
YJL077W-A,29,2,7,17
YJL076W,452,431,NA,14
YJL073W,119,102,5,3
YJL071W,113,101,1,8
YJL062W-A,195,93,8,50
YJL062W,216,197,1,7
YJL061W,207,183,1,7
YJL060W,165,156,0,6
YJL059W,87,75,3,6
YJL055W,185,165,0,6
YJL054W,226,206,0,12
YJL053W,160,139,3,8
YJL052W,9210,8494,38,35
YJL051W,174,163,6,NA
YJL050W,514,494,4,1
YJL049W,44,34,0,2
YJL046W,80,73,1,4
YJL045W,9,7,NA,2
YJL043W,13,2,NA,10
YJL042W,356,345,8,NA
YJL041W,532,478,21,17
YJL037W,6,3,NA,2
YJL036W,118,89,13,6
YJL034W,3980,3510,61,179
YJL033W,220,209,0,NA
YJL030W,44,37,2,0
YJL028W,36,0,NA,36
YJL026W,552,455,19,40
YJL025W,131,115,4,9
YJL022W,9,1,NA,7
YJL019W,117,99,7,8
YJL016W,239,186,29,15
YJL014W,569,500,10,24
YJL005W,489,472,15,NA
YJL003W,68,37,1,21
YJL001W,327,235,11,50
YJR001W,422,389,11,14
YJR002W,335,275,4,41
YJR005W,276,259,1,10
YJR006W,196,180,0,5
YJR007W,866,637,77,72
YJR008W,269,231,11,11
YJR010W,95,87,NA,4
YJR013W,118,110,1,5
YJR014W,318,212,12,48
YJR015W,384,349,0,20
YJR018W,1,0,1,NA
YJR020W,9,1,4,3
YJR032W,119,112,0,1
YJR034W,59,39,8,6
YJR035W,75,68,NA,5
YJR039W,107,105,NA,NA
YJR040W,176,162,1,2
YJR042W,299,282,0,4
YJR046W,206,198,0,4
YJR048W,769,399,50,219
YJR050W,44,25,0,13
YJR051W,145,131,2,7
YJR052W,89,84,NA,5
YJR053W,25,22,0,NA
YJR054W,52,47,1,0
YJR055W,31,16,0,12
YJR057W,75,68,0,5
YJR059W,479,453,15,NA
YJR060W,204,116,8,67
YJR061W,76,74,NA,1
YJR063W,229,135,15,51
YJR064W,551,503,13,2
YJR066W,341,339,1,NA
YJR068W,159,145,4,4
YJR074W,173,143,NA,24
YJR075W,347,294,16,23
YJR078W,32,32,0,NA
YJR079W,8,3,NA,2
YJR084W,97,90,0,1
YJR089W,67,65,1,NA
YJR092W,326,322,NA,2
YJR094W-A,2453,1300,0,723
YJR095W,5,4,0,0
YJR096W,130,110,NA,11
YJR097W,31,24,1,1
YJR099W,77,55,8,6
YJR101W,307,234,24,31
YJR103W,276,256,4,6
YJR105W,1328,1189,24,20
YJR106W,153,147,NA,NA
YJR107W,49,43,NA,6
YJR108W,32,13,NA,18
YJR110W,83,74,3,1
YJR112W,44,34,0,6
YJR112W-A,64,30,2,18
YJR115W,198,192,NA,5
YJR116W,55,43,3,5
YJR117W,541,487,4,26
YJR120W,401,90,NA,238
YJR121W,3453,3043,0,295
YJR122W,89,86,1,0
YJR123W,6810,5392,189,556
YJR131W,166,155,3,1
YJR132W,250,241,1,3
YJR133W,208,166,15,7
YJR135W-A,192,114,0,36
YJR138W,122,120,NA,2
YJR141W,47,45,0,0
YJR142W,132,113,0,15
YJR144W,206,169,0,12
YJR147W,93,67,NA,21
YJR148W,343,307,10,6
YJR149W,50,49,NA,0
YJR152W,99,55,40,0
YJR153W,7,3,4,0
YJR154W,39,32,6,NA
YJR155W,66,60,NA,2
YKL222C,94,75,6,11
YKL220C,43,39,NA,2
YKL218C,147,118,3,14
YKL215C,249,236,5,NA
YKL214C,92,66,3,8
YKL213C,274,255,2,10
YKL211C,488,468,0,NA
YKL209C,48,47,NA,NA
YKL206C,180,159,1,5
YKL203C,400,395,NA,NA
YKL201C,146,144,NA,NA
YKL198C,137,121,7,5
YKL197C,144,130,NA,12
YKL196C,296,198,20,43
YKL194C,128,108,2,9
YKL193C,187,176,0,6
YKL192C,474,262,6,105
YKL188C,61,59,NA,2
YKL187C,74,67,NA,7
YKL186C,250,190,11,20
YKL179C,119,108,0,8
YKL178C,350,289,4,43
YKL176C,357,305,39,9
YKL174C,195,178,5,8
YKL169C,7,3,1,2
YKL168C,131,127,NA,2
YKL167C,163,116,0,26
YKL166C,83,74,NA,7
YKL165C-A,56,4,51,NA
YKL165C,418,398,4,9
YKL164C,8234,6833,218,901
YKL162C,47,40,1,2
YKL161C,762,592,23,78
YKL159C,67,56,NA,6
YKL155C,89,82,0,0
YKL152C,10717,8465,87,1062
YKL151C,186,169,9,NA
YKL149C,55,45,0,9
YKL148C,846,708,45,67
YKL144C,71,61,0,6
YKL138C-A,37,9,0,20
YKL138C,158,93,21,13
YKL135C,265,242,9,4
YKL134C,119,106,0,10
YKL133C,29,28,0,0
YKL132C,19,17,1,1
YKL130C,205,157,9,23
YKL129C,206,193,NA,9
YKL128C,165,135,0,12
YKL122C,161,128,2,4
YKL119C,109,84,7,9
YKL116C,156,140,NA,12
YKL113C,160,127,1,22
YKL110C,188,159,2,10
YKL106C-A,8,2,NA,6
YKL105C,117,109,6,NA
YKL104C,2002,1684,93,165
YKL103C,203,175,5,13
YKL102C,9,2,NA,7
YKL100C,378,322,1,37
YKL099C,100,71,5,12
YKL092C,87,81,2,NA
YKL091C,121,104,NA,14
YKL087C,247,158,30,23
YKL082C,72,60,3,NA
YKL075C,61,54,1,NA
YKL074C,86,79,0,4
YKL065C,531,404,7,38
YKL063C,111,49,34,23
YKL060C,18106,16347,123,315
YKL059C,92,75,6,6
YKL057C,411,389,10,1
YKL056C,2730,1975,87,352
YKL055C,42,23,0,19
YKL054C,1018,849,51,73
YKL053C-A,157,77,9,39
YKL052C,85,80,0,1
YKL050C,43,40,NA,2
YKL049C,66,45,1,11
YKL048C,80,74,NA,3
YKL046C,396,295,58,33
YKL040C,166,113,0,40
YKL036C,11,2,NA,8
YKL032C,356,340,NA,10
YKL029C,929,846,3,32
YKL026C,60,40,NA,13
YKL025C,235,220,5,4
YKL024C,288,237,NA,34
YKL022C,185,181,NA,3
YKL021C,186,182,NA,3
YKL020C,267,259,NA,1
YKL018C-A,27,16,0,7
YKL017C,59,55,0,0
YKL016C,778,508,41,92
YKL014C,396,391,NA,2
YKL013C,360,213,9,96
YKL011C,50,45,NA,3
YKL010C,376,371,NA,2
YKL008C,284,247,5,17
YKL006C-A,71,43,2,10
YKL005C,108,91,5,10
YKL003C,127,89,7,13
YKL001C,43,35,3,1
YKR001C,776,694,4,42
YKR004C,54,52,0,NA
YKR005C,31,26,NA,2
YKR006C,236,196,0,16
YKR009C,69,62,NA,7
YKR010C,84,78,2,NA
YKR011C,69,60,NA,6
YKR012C,14,4,9,NA
YKR014C,204,142,25,14
YKR015C,10,4,5,0
YKR017C,63,57,3,2
YKR018C,391,360,4,10
YKR019C,61,55,4,0
YKR022C,44,30,2,8
YKR024C,173,165,1,1
YKR026C,222,171,15,22
YKR029C,60,54,NA,4
YKR031C,166,159,NA,6
YKR036C,97,92,0,0
YKR037C,88,70,0,11
YKR038C,274,231,0,24
YKR040C,30,17,NA,NA
YKR043C,453,392,0,22
YKR045C,172,68,1,88
YKR046C,1382,1110,0,182
YKR048C,726,618,0,47
YKR049C,77,55,0,10
YKR052C,150,99,4,38
YKR053C,23,20,NA,1
YKR054C,318,300,4,12
YKR063C,58,56,NA,2
YKR065C,357,276,10,26
YKR066C,387,330,0,13
YKR068C,146,110,1,15
YKR071C,308,218,21,40
YKR072C,263,253,NA,7
YKR075C,104,82,1,11
YKR079C,214,193,13,5
YKR081C,156,137,0,5
YKR083C,33,22,1,7
YKR084C,161,152,2,4
YKR085C,195,149,0,16
YKR087C,101,89,0,4
YKR088C,189,173,0,9
YKR089C,167,153,4,4
YKR092C,431,370,5,31
YKR094C,3935,2831,16,605
YKR098C,65,59,5,1
YKR100C,205,131,60,5
YKL221W,4,4,NA,0
YKL219W,113,108,NA,4
YKL217W,80,72,NA,7
YKL216W,1231,929,30,183
YKL212W,757,685,58,NA
YKL210W,1181,1122,13,13
YKL208W,63,54,0,6
YKL207W,383,308,8,27
YKL205W,273,257,4,NA
YKL204W,284,247,2,20
YKL195W,280,246,7,8
YKL191W,258,235,0,9
YKL190W,216,153,2,45
YKL189W,101,78,3,14
YKL185W,715,564,80,44
YKL184W,701,518,71,74
YKL183W,148,110,11,17
YKL182W,13605,13372,NA,88
YKL181W,743,589,103,23
YKL180W,3082,2401,0,292
YKL175W,356,314,6,16
YKL173W,151,146,0,1
YKL172W,207,190,0,9
YKL171W,110,99,5,3
YKL170W,126,71,11,27
YKL163W,2243,1871,321,NA
YKL160W,93,70,0,9
YKL157W,806,761,1,28
YKL156W,1495,704,NA,621
YKL154W,88,68,9,2
YKL153W,2,0,2,NA
YKL150W,967,796,24,49
YKL146W,299,273,0,15
YKL145W,558,516,NA,19
YKL143W,136,117,4,5
YKL142W,454,337,27,46
YKL141W,422,332,9,51
YKL140W,161,136,16,7
YKL139W,87,73,11,1
YKL137W,124,69,17,18
YKL127W,255,216,0,20
YKL126W,492,423,38,23
YKL125W,165,136,12,7
YKL124W,125,106,8,NA
YKL121W,131,127,NA,3
YKL120W,417,330,21,57
YKL118W,3,0,NA,3
YKL117W,427,310,5,61
YKL112W,188,161,16,6
YKL109W,443,339,74,10
YKL108W,39,38,0,1
YKL107W,2,1,NA,0
YKL106W,165,139,12,6
YKL101W,328,321,NA,1
YKL098W,138,118,0,13
YKL096W-A,6869,3180,470,1771
YKL096W,4225,3464,120,323
YKL094W,304,254,1,21
YKL093W,24,21,NA,2
YKL090W,77,71,NA,5
YKL089W,35,33,0,1
YKL088W,130,117,0,10
YKL086W,18,13,0,1
YKL085W,720,633,28,6
YKL084W,113,28,81,NA
YKL081W,3717,3109,12,359
YKL080W,508,444,26,9
YKL079W,117,103,3,4
YKL078W,135,128,4,2
YKL077W,466,373,16,57
YKL073W,290,277,2,3
YKL072W,58,52,3,2
YKL071W,11,9,NA,1
YKL070W,0,0,0,0
YKL069W,163,139,0,3
YKL068W-A,156,40,18,68
YKL068W,380,341,20,10
YKL065W-A,4,2,1,0
YKL064W,312,296,14,NA
YKL062W,387,339,NA,41
YKL061W,56,27,0,21
YKL058W,108,66,1,30
YKL053W,34,3,NA,29
YKL051W,265,228,NA,26
YKL047W,155,146,0,4
YKL045W,169,153,8,3
YKL044W,9,9,0,NA
YKL043W,50,42,NA,6
YKL042W,98,69,11,10
YKL041W,43,26,7,4
YKL039W,810,653,54,76
YKL038W,258,226,18,6
YKL035W,1483,1250,52,111
YKL034W,160,143,9,3
YKL033W-A,390,287,37,17
YKL033W,171,163,NA,7
YKL031W,3,2,1,NA
YKL028W,162,127,4,19
YKL027W,177,157,5,7
YKL023W,85,63,0,13
YKL019W,263,237,0,12
YKL018W,128,102,5,11
YKL015W,152,131,7,4
YKL012W,93,86,4,NA
YKL009W,300,233,14,23
YKL007W,373,280,9,56
YKL006W,3262,2458,0,291
YKL004W,382,268,90,11
YKL002W,102,79,5,5
YKR002W,191,159,24,1
YKR003W,144,128,5,4
YKR007W,95,74,0,9
YKR008W,137,116,3,11
YKR013W,783,659,19,51
YKR016W,266,234,6,20
YKR020W,41,19,0,17
YKR021W,279,247,6,12
YKR023W,38,33,1,2
YKR025W,107,82,0,17
YKR027W,137,130,1,3
YKR028W,250,237,NA,11
YKR030W,120,93,5,7
YKR035W-A,80,66,0,10
YKR039W,2182,1967,37,99
YKR041W,156,26,NA,129
YKR042W,2916,1986,401,358
YKR044W,96,82,6,3
YKR047W,66,9,52,NA
YKR050W,211,143,56,7
YKR051W,64,51,7,2
YKR055W,60,42,2,12
YKR056W,257,246,NA,9
YKR057W,1819,994,20,544
YKR058W,87,69,9,4
YKR059W,3572,3402,4,40
YKR060W,78,72,3,2
YKR061W,139,122,3,2
YKR062W,191,154,5,18
YKR064W,103,102,NA,1
YKR067W,238,207,19,4
YKR069W,66,61,3,0
YKR070W,139,123,NA,10
YKR074W,182,148,NA,26
YKR075W-A,5,0,NA,5
YKR076W,66,56,5,3
YKR077W,250,223,3,4
YKR078W,58,54,0,0
YKR080W,181,158,3,10
YKR082W,385,375,NA,4
YKR086W,143,142,0,0
YKR090W,126,104,6,9
YKR091W,360,278,7,46
YKR093W,2235,1882,71,180
YKR095W,205,194,NA,9
YKR095W-A,92,68,0,16
YKR096W,141,130,0,4
YKR097W,64,59,NA,1
YKR099W,86,73,7,2
YKR101W,56,50,0,5
YKR102W,58,58,NA,NA
YKR103W,65,44,20,NA
YKR104W,26,23,NA,3
YLL063C,60,57,NA,1
YLL062C,17,16,0,1
YLL060C,64,42,11,8
YLL059C,38,19,NA,19
YLL057C,16,14,NA,2
YLL056C,44,36,NA,5
YLL054C,43,39,0,3
YLL053C,21,17,NA,2
YLL051C,296,277,0,13
YLL050C,1125,814,18,173
YLL048C,1365,1351,NA,NA
YLL045C,4543,4040,21,111
YLL042C,16,12,NA,3
YLL041C,566,408,16,122
YLL040C,853,844,NA,4
YLL039C,3365,3007,156,91
YLL038C,225,53,NA,167
YLL036C,149,138,0,4
YLL034C,220,206,0,11
YLL032C,114,98,NA,11
YLL031C,299,277,1,4
YLL024C,14350,13504,43,355
YLL023C,388,319,16,35
YLL022C,86,81,NA,2
YLL019C,447,339,94,NA
YLL018C-A,188,43,14,120
YLL018C,1657,1493,0,71
YLL013C,471,396,37,33
YLL010C,224,163,30,23
YLL009C,200,58,34,60
YLL007C,76,62,8,3
YLR001C,94,88,2,3
YLR002C,207,194,1,3
YLR003C,140,122,0,11
YLR004C,24,21,1,1
YLR006C,182,166,12,NA
YLR008C,314,172,39,79
YLR010C,54,39,0,9
YLR014C,116,116,NA,NA
YLR016C,115,87,5,7
YLR018C,162,133,6,17
YLR020C,104,100,2,2
YLR022C,126,116,NA,4
YLR023C,394,295,31,46
YLR024C,121,118,1,NA
YLR026C,128,105,15,2
YLR027C,1217,1094,10,41
YLR028C,686,603,44,16
YLR029C,4152,3335,75,399
YLR034C,324,259,32,21
YLR035C,66,53,0,4
YLR036C,72,53,3,12
YLR037C,98,23,59,11
YLR038C,491,206,39,129
YLR039C,130,128,NA,1
YLR040C,379,280,23,45
YLR042C,42,31,3,4
YLR043C,341,209,5,59
YLR044C,38273,35807,278,808
YLR045C,103,96,4,NA
YLR046C,44,42,NA,0
YLR047C,179,141,11,20
YLR049C,223,187,15,7
YLR050C,89,60,0,13
YLR051C,80,64,0,9
YLR053C,2,2,NA,0
YLR054C,12,9,NA,1
YLR055C,104,99,NA,0
YLR058C,801,702,7,39
YLR059C,128,104,NA,16
YLR065C,91,80,1,8
YLR067C,81,81,NA,0
YLR069C,571,557,0,7
YLR070C,16,14,NA,2
YLR071C,247,228,2,8
YLR073C,134,97,19,10
YLR074C,107,77,0,19
YLR078C,165,142,5,9
YLR082C,40,26,0,12
YLR083C,553,501,30,NA
YLR084C,240,232,NA,5
YLR085C,137,123,0,6
YLR087C,234,229,NA,2
YLR089C,438,363,52,5
YLR093C,220,176,12,26
YLR094C,227,203,2,11
YLR095C,194,189,0,2
YLR097C,117,96,10,5
YLR098C,124,113,0,7
YLR099C,112,100,4,2
YLR103C,76,62,3,3
YLR105C,79,72,0,4
YLR106C,1322,1307,NA,4
YLR108C,61,56,2,2
YLR110C,14676,10481,756,1288
YLR114C,201,165,7,13
YLR117C,119,107,0,5
YLR118C,170,133,3,14
YLR120C,650,496,23,98
YLR121C,355,315,0,30
YLR126C,25,16,3,5
YLR127C,91,84,3,NA
YLR130C,396,342,30,10
YLR131C,158,153,NA,2
YLR132C,104,65,2,29
YLR136C,31,26,NA,5
YLR139C,154,116,28,4
YLR144C,218,208,0,3
YLR146C,182,155,1,13
YLR147C,65,47,1,10
YLR149C,131,113,3,11
YLR151C,58,46,NA,7
YLR152C,162,134,17,5
YLR153C,2960,2702,6,202
YLR154C,64,38,8,10
YLR163C,286,255,1,18
YLR165C,28,25,NA,3
YLR166C,269,253,1,3
YLR168C,392,290,2,54
YLR170C,88,51,5,21
YLR172C,458,403,2,20
YLR176C,71,69,NA,0
YLR178C,346,290,4,10
YLR179C,279,205,21,32
YLR181C,91,76,3,4
YLR183C,192,171,5,4
YLR189C,183,182,NA,0
YLR192C,498,350,9,88
YLR193C,114,81,4,14
YLR194C,1029,907,0,52
YLR195C,256,236,2,13
YLR199C,220,176,7,19
YLR201C,178,155,NA,12
YLR203C,423,383,12,0
YLR205C,155,133,7,2
YLR209C,176,158,NA,15
YLR211C,30,19,0,9
YLR212C,166,146,0,14
YLR213C,14,12,0,1
YLR215C,92,82,1,4
YLR216C,1087,946,15,54
YLR218C,24,12,NA,8
YLR221C,118,81,4,22
YLR222C,363,344,0,9
YLR223C,182,152,25,NA
YLR225C,191,166,0,13
YLR227C,57,42,11,NA
YLR228C,132,104,10,12
YLR229C,394,257,91,22
YLR231C,101,99,0,0
YLR233C,98,87,1,6
YLR239C,76,66,0,1
YLR242C,39,31,4,2
YLR244C,496,438,0,17
YLR245C,49,34,0,5
YLR247C,206,199,NA,3
YLR254C,72,51,13,4
YLR255C,5,4,0,1
YLR259C,3246,2931,46,103
YLR262C-A,252,109,4,66
YLR265C,38,33,NA,3
YLR266C,113,112,NA,0
YLR269C,3,0,NA,3
YLR272C,194,177,3,4
YLR273C,43,37,5,0
YLR276C,298,265,22,3
YLR277C,188,169,9,3
YLR284C,26,22,1,2
YLR285C-A,52,15,NA,6
YLR286C,2652,2289,264,NA
YLR287C,160,125,14,16
YLR287C-A,1418,676,0,429
YLR288C,76,68,0,6
YLR290C,70,62,0,5
YLR291C,431,366,9,20
YLR292C,197,141,0,28
YLR293C,1796,1419,25,207
YLR294C,156,144,NA,NA
YLR298C,51,39,NA,3
YLR304C,5794,5107,78,324
YLR305C,638,623,NA,6
YLR309C,94,93,0,NA
YLR310C,436,398,NA,30
YLR311C,6,6,NA,NA
YLR312C,39,37,2,NA
YLR313C,83,63,2,13
YLR314C,403,333,25,12
YLR316C,62,58,2,1
YLR319C,132,113,2,9
YLR321C,202,172,0,21
YLR323C,50,37,1,5
YLR325C,2621,1181,0,991
YLR327C,777,299,74,239
YLR333C,1645,1009,95,198
YLR336C,147,141,2,NA
YLR337C,251,230,9,7
YLR339C,0,0,0,0
YLR346C,2,1,0,1
YLR347C,849,724,30,69
YLR348C,239,202,2,9
YLR351C,251,217,NA,23
YLR354C,1634,1317,40,170
YLR355C,8977,7129,441,939
YLR361C,184,149,0,29
YLR361C-A,57,32,NA,17
YLR363C,200,117,13,56
YLR364C-A,0,0,0,0
YLR370C,376,287,21,28
YLR373C,189,181,0,3
YLR376C,31,27,0,2
YLR378C,1006,792,109,71
YLR382C,208,193,6,4
YLR384C,812,804,NA,5
YLR387C,194,166,11,5
YLR389C,336,324,NA,7
YLR392C,65,59,3,1
YLR395C,648,235,48,267
YLR396C,114,106,1,0
YLR397C,213,199,0,12
YLR398C,383,365,NA,9
YLR399C,268,254,7,NA
YLR401C,311,289,7,2
YLR406C,893,533,4,195
YLR406C-A,3,1,2,NA
YLR408C,17,14,NA,3
YLR409C,383,374,2,2
YLR412C-A,26,3,0,23
YLR414C,723,581,66,32
YLR418C,183,143,NA,34
YLR421C,235,151,2,59
YLR423C,32,24,1,5
YLR428C,2,1,0,0
YLR431C,33,26,5,1
YLR433C,119,108,NA,8
YLR436C,256,244,7,3
YLR437C,130,79,8,32
YLR438C-A,106,65,17,9
YLR440C,125,115,3,6
YLR441C,4661,3828,59,462
YLR442C,94,89,0,2
YLR447C,817,698,37,39
YLR452C,125,100,17,7
YLR453C,41,37,2,NA
YLR457C,25,18,0,6
YLR460C,15,11,0,1
YLL061W,42,38,0,0
YLL058W,101,91,3,4
YLL055W,65,53,11,0
YLL049W,55,51,0,NA
YLL047W,3,3,NA,0
YLL043W,342,312,4,13
YLL037W,7,7,NA,0
YLL035W,120,99,6,9
YLL033W,49,29,NA,16
YLL029W,420,383,14,8
YLL028W,477,381,28,61
YLL027W,270,183,46,26
YLL026W,2136,2027,42,4
YLL025W,26,17,0,3
YLL021W,269,247,17,NA
YLL015W,385,379,NA,3
YLL014W,123,78,0,16
YLL012W,112,97,0,5
YLL011W,185,170,0,6
YLL008W,301,283,3,5
YLL006W,133,120,0,2
YLL004W,89,82,0,4
YLL003W,85,83,0,0
YLL002W,81,71,0,1
YLL001W,286,264,7,8
YLR005W,138,121,1,13
YLR007W,92,87,0,4
YLR009W,299,176,50,41
YLR011W,80,46,10,16
YLR015W,78,62,4,6
YLR017W,268,244,NA,12
YLR019W,295,209,44,29
YLR021W,69,53,4,3
YLR025W,99,72,8,8
YLR031W,5,5,NA,0
YLR032W,133,132,NA,0
YLR033W,143,126,1,12
YLR041W,71,0,2,68
YLR048W,4562,3441,102,668
YLR052W,117,84,NA,25
YLR056W,1077,917,25,70
YLR057W,214,194,3,7
YLR060W,1478,1383,27,33
YLR061W,2309,1613,0,220
YLR064W,296,246,6,14
YLR066W,136,100,2,15
YLR068W,38,21,1,9
YLR072W,120,114,0,3
YLR075W,5182,4137,0,340
YLR077W,146,127,3,10
YLR079W,217,168,15,21
YLR080W,19,19,NA,0
YLR081W,29,29,0,0
YLR086W,124,119,NA,3
YLR088W,241,219,1,12
YLR090W,118,115,0,1
YLR091W,68,47,NA,13
YLR092W,19,18,NA,1
YLR096W,222,199,16,NA
YLR099W-A,64,36,3,12
YLR100W,662,592,1,38
YLR104W,117,85,7,15
YLR107W,99,93,NA,4
YLR109W,3365,2670,153,161
YLR112W,23,8,0,13
YLR113W,658,529,59,36
YLR115W,197,179,0,9
YLR116W,125,113,NA,12
YLR119W,31,26,NA,5
YLR120W-A,116,0,13,103
YLR124W,65,10,NA,53
YLR125W,47,14,0,33
YLR128W,77,54,1,16
YLR129W,350,326,1,10
YLR133W,272,224,0,37
YLR134W,3134,3125,1,6
YLR135W,23,20,1,1
YLR137W,69,61,0,1
YLR138W,199,167,24,NA
YLR141W,75,49,NA,24
YLR142W,173,158,NA,6
YLR143W,135,126,0,4
YLR145W,39,38,0,1
YLR146W-A,74,29,2,23
YLR148W,119,114,NA,4
YLR150W,2877,2312,27,240
YLR164W,17,14,NA,1
YLR167W,6083,4766,370,186
YLR173W,247,219,10,4
YLR174W,107,74,28,1
YLR175W,960,857,7,27
YLR177W,176,164,3,4
YLR180W,1625,1298,29,189
YLR182W,150,135,2,10
YLR185W,2695,1736,0,441
YLR186W,293,250,8,11
YLR187W,199,185,7,NA
YLR188W,198,187,4,7
YLR190W,321,209,44,61
YLR191W,90,75,2,3
YLR196W,432,398,20,NA
YLR197W,1359,1256,8,NA
YLR200W,78,45,0,13
YLR204W,211,109,11,64
YLR206W,365,339,17,NA
YLR207W,160,154,0,5
YLR208W,422,325,26,38
YLR210W,55,44,1,5
YLR214W,140,135,2,2
YLR217W,0,0,0,0
YLR219W,195,173,16,3
YLR220W,218,152,28,18
YLR224W,206,171,16,6
YLR226W,156,119,1,33
YLR234W,74,62,0,6
YLR237W,430,376,19,17
YLR238W,61,48,4,5
YLR240W,194,177,4,5
YLR241W,302,286,4,5
YLR243W,146,117,5,10
YLR246W,100,93,NA,3
YLR248W,423,380,6,20
YLR249W,15226,14381,90,400
YLR250W,312,245,15,35
YLR253W,232,208,4,6
YLR256W,844,709,15,NA
YLR257W,699,523,122,29
YLR258W,837,714,20,75
YLR260W,167,152,5,4
YLR263W,55,36,18,1
YLR264W,2029,577,13,1135
YLR267W,19,18,0,1
YLR268W,229,162,16,21
YLR270W,373,294,12,37
YLR271W,33,22,9,2
YLR274W,307,275,1,11
YLR275W,72,32,10,20
YLR283W,63,59,NA,2
YLR285W,163,139,NA,21
YLR286W-A,5,3,0,1
YLR289W,83,79,0,3
YLR296W,9,6,NA,3
YLR297W,35,14,6,12
YLR299W,261,234,14,8
YLR300W,5527,4266,324,621
YLR301W,372,293,9,29
YLR303W,396,338,13,13
YLR306W,47,39,2,1
YLR307W,10,9,0,1
YLR312W-A,238,210,0,12
YLR315W,42,34,1,5
YLR317W,54,40,NA,9
YLR318W,54,53,NA,NA
YLR320W,89,89,NA,0
YLR324W,143,128,7,2
YLR326W,82,60,7,8
YLR328W,150,116,16,12
YLR329W,7,5,NA,1
YLR330W,425,389,0,14
YLR332W,421,271,91,36
YLR335W,517,499,0,10
YLR340W,7757,6685,278,383
YLR342W,6292,5874,321,NA
YLR342W-A,211,11,154,NA
YLR343W,23,23,NA,0
YLR344W,1656,1230,0,201
YLR345W,158,135,6,7
YLR349W,16,5,NA,11
YLR350W,293,219,28,19
YLR352W,93,89,0,1
YLR353W,160,112,39,5
YLR356W,142,104,6,12
YLR357W,228,210,NA,12
YLR359W,473,406,31,12
YLR360W,114,92,1,13
YLR362W,74,64,1,5
YLR363W-A,46,16,0,20
YLR364W,18,10,2,1
YLR367W,862,668,NA,64
YLR368W,83,75,1,3
YLR369W,139,132,0,NA
YLR371W,217,195,17,NA
YLR372W,788,595,80,35
YLR375W,223,188,3,17
YLR380W,298,262,11,8
YLR381W,111,105,0,NA
YLR383W,81,74,0,4
YLR386W,233,223,0,4
YLR388W,1237,549,91,325
YLR390W,68,48,NA,10
YLR390W-A,2166,1599,117,279
YLR393W,75,69,0,NA
YLR394W,95,88,NA,6
YLR400W,1,1,0,NA
YLR402W,69,25,NA,37
YLR403W,224,214,NA,5
YLR404W,42,37,0,1
YLR405W,112,96,0,11
YLR407W,154,84,34,24
YLR410W,428,413,NA,10
YLR411W,8,6,NA,2
YLR412W,153,136,NA,5
YLR413W,430,395,6,9
YLR417W,88,82,2,1
YLR419W,171,158,7,2
YLR420W,380,328,0,26
YLR422W,232,217,8,4
YLR424W,48,45,NA,2
YLR425W,111,103,NA,3
YLR426W,73,67,0,4
YLR427W,118,104,5,4
YLR429W,750,699,4,31
YLR430W,566,507,46,5
YLR432W,1222,1084,61,20
YLR435W,129,91,6,14
YLR438W,86,74,3,4
YLR439W,240,186,5,32
YLR443W,149,118,16,7
YLR446W,42,39,0,NA
YLR448W,2564,1928,0,326
YLR449W,514,429,11,25
YLR450W,315,278,19,9
YLR451W,146,137,4,NA
YLR454W,400,380,11,3
YLR455W,158,90,35,29
YLR456W,35,25,0,5
YLR459W,231,211,0,7
YML130C,535,488,10,9
YML129C,246,119,0,73
YML128C,566,488,20,32
YML126C,1261,1134,NA,90
YML125C,253,220,1,13
YML124C,567,504,0,42
YML123C,6,6,0,0
YML122C,4,0,NA,3
YML120C,523,422,14,65
YML115C,237,222,3,6
YML114C,176,152,3,5
YML110C,289,233,6,27
YML107C,80,78,0,1
YML105C,220,180,5,11
YML104C,115,111,0,0
YML103C,516,506,NA,2
YML099C,184,176,NA,6
YML097C,89,81,1,5
YML095C,51,29,0,20
YML094C-A,1,0,0,NA
YML092C,471,364,0,48
YML091C,371,365,NA,NA
YML089C,30,0,NA,30
YML087C,18,15,0,1
YML086C,510,426,33,19
YML085C,535,443,19,30
YML083C,1,1,NA,0
YML081C-A,297,141,45,51
YML076C,105,98,0,4
YML075C,926,857,19,22
YML074C,395,359,1,NA
YML073C,2937,2272,43,240
YML072C,1221,1157,57,NA
YML071C,86,76,2,1
YML067C,178,170,0,3
YML064C,144,114,3,18
YML062C,50,38,1,3
YML061C,103,89,8,3
YML059C,491,478,NA,9
YML056C,1599,1464,31,44
YML054C,156,146,NA,6
YML053C,82,71,4,1
YML049C,277,275,NA,NA
YML043C,42,32,6,1
YML041C,74,67,NA,1
YML038C,247,205,24,10
YML035C,415,376,23,7
YML032C,136,119,0,13
YML026C,3105,2222,7,508
YML025C,228,191,8,18
YML023C,135,128,2,1
YML021C,97,88,NA,6
YML018C,151,121,15,4
YML015C,63,52,0,3
YML011C,59,40,NA,11
YML009C,161,75,6,50
YML008C,933,795,14,64
YML007C-A,25,1,0,21
YML006C,101,90,9,1
YML004C,792,677,0,67
YMR001C,233,218,NA,12
YMR001C-A,59,19,NA,37
YMR006C,113,99,3,4
YMR008C,730,643,NA,69
YMR013C,162,149,NA,5
YMR015C,814,710,19,49
YMR016C,155,134,15,3
YMR021C,109,81,0,19
YMR023C,56,55,0,1
YMR026C,78,70,1,4
YMR029C,125,114,0,2
YMR031C,280,262,9,NA
YMR034C,17,11,2,2
YMR036C,68,62,1,1
YMR037C,302,261,NA,37
YMR038C,304,237,5,22
YMR039C,91,65,17,NA
YMR041C,97,82,0,9
YMR047C,434,406,14,NA
YMR049C,519,478,4,15
YMR052C-A,6,5,NA,0
YMR053C,31,30,NA,NA
YMR055C,132,123,0,4
YMR056C,65,51,2,12
YMR060C,66,61,0,2
YMR062C,550,494,0,26
YMR067C,131,118,1,0
YMR071C,122,95,6,9
YMR073C,95,69,0,13
YMR074C,269,223,0,10
YMR076C,245,240,NA,2
YMR077C,45,27,3,10
YMR078C,118,114,0,1
YMR080C,716,629,7,53
YMR081C,56,42,7,5
YMR086C-A,30,10,6,13
YMR088C,177,152,12,6
YMR089C,406,349,37,NA
YMR091C,148,134,4,1
YMR092C,506,468,11,5
YMR097C,92,76,5,5
YMR098C,115,101,2,4
YMR099C,494,423,6,37
YMR101C,7,4,NA,1
YMR102C,110,104,NA,4
YMR103C,89,65,0,9
YMR105C,992,852,18,79
YMR106C,69,63,2,1
YMR110C,343,309,0,17
YMR111C,44,39,2,1
YMR112C,58,43,NA,13
YMR114C,55,43,NA,9
YMR116C,7410,6387,48,495
YMR117C,38,28,NA,6
YMR118C,7,6,NA,0
YMR120C,166,152,2,9
YMR121C,1251,1215,2,11
YMR122C,0,0,0,0
YMR126C,65,47,9,7
YMR127C,69,60,5,2
YMR131C,623,562,18,11
YMR132C,46,33,0,11
YMR135C,144,137,0,3
YMR137C,50,46,2,1
YMR142C,3714,2957,0,327
YMR145C,2344,1958,174,104
YMR146C,1105,969,17,41
YMR150C,76,55,6,NA
YMR153C-A,30,8,2,19
YMR154C,82,81,NA,NA
YMR156C,27,25,NA,2
YMR157C,86,76,0,4
YMR158C-A,23,17,0,2
YMR162C,244,237,NA,7
YMR163C,82,69,9,1
YMR164C,208,204,3,NA
YMR165C,140,130,5,4
YMR166C,153,98,21,24
YMR168C,115,93,0,14
YMR169C,482,455,NA,12
YMR170C,387,358,0,6
YMR171C,181,135,19,18
YMR174C,34,15,5,11
YMR180C,197,135,0,53
YMR181C,106,59,12,31
YMR182C,42,13,5,17
YMR183C,290,218,23,31
YMR187C,63,56,0,6
YMR188C,135,109,10,10
YMR190C,97,90,4,NA
YMR193C-A,8,8,0,NA
YMR194C-B,29,12,NA,5
YMR197C,226,163,5,25
YMR201C,57,46,0,7
YMR204C,45,39,0,6
YMR205C,3498,3281,48,71
YMR207C,180,156,16,2
YMR209C,52,46,0,4
YMR212C,313,270,30,5
YMR216C,324,280,23,11
YMR218C,111,108,2,NA
YMR221C,288,260,0,12
YMR222C,117,99,0,7
YMR224C,81,69,5,4
YMR225C,98,56,0,18
YMR226C,853,707,24,40
YMR227C,53,45,1,6
YMR229C,1103,1081,NA,8
YMR235C,507,403,8,39
YMR239C,136,117,4,8
YMR240C,55,53,0,2
YMR242C,3241,2575,0,266
YMR243C,724,584,24,77
YMR244C-A,59,36,3,13
YMR247C,371,356,5,NA
YMR252C,40,25,0,9
YMR253C,82,78,2,NA
YMR256C,457,221,7,136
YMR257C,87,55,21,8
YMR258C,124,109,4,2
YMR259C,270,263,NA,3
YMR260C,599,416,8,98
YMR261C,498,448,15,21
YMR265C,64,62,NA,1
YMR268C,65,50,3,5
YMR270C,89,67,8,3
YMR271C,60,49,NA,7
YMR272C,566,457,10,70
YMR273C,106,83,3,4
YMR274C,34,31,0,2
YMR275C,195,186,2,2
YMR279C,5,5,0,0
YMR280C,46,46,NA,0
YMR282C,83,76,2,NA
YMR283C,71,70,NA,0
YMR285C,145,121,0,17
YMR287C,107,102,1,NA
YMR290C,598,500,2,70
YMR293C,115,108,1,2
YMR295C,440,363,29,NA
YMR296C,525,463,23,11
YMR299C,69,61,0,2
YMR300C,343,302,14,10
YMR301C,216,204,5,0
YMR302C,432,402,7,7
YMR303C,2867,2717,9,4
YMR305C,1262,1065,125,NA
YMR306C-A,15,2,NA,12
YMR308C,947,874,30,14
YMR309C,1333,1201,24,55
YMR310C,183,162,5,6
YMR311C,140,99,4,13
YMR313C,160,137,3,12
YMR316C-A,12,2,3,4
YMR316C-B,25,5,13,4
YMR318C,386,319,1,33
YMR319C,261,216,6,24
YML131W,94,72,1,12
YML127W,260,246,3,NA
YML121W,100,78,4,11
YML119W,118,108,0,1
YML118W,27,19,5,NA
YML117W,595,554,27,NA
YML116W,76,71,1,3
YML113W,162,134,4,17
YML112W,108,90,0,7
YML111W,305,283,15,NA
YML109W,129,121,0,6
YML108W,120,53,10,26
YML106W,627,375,179,19
YML102W,128,120,0,0
YML100W-A,6,3,NA,3
YML100W,1249,1191,9,14
YML098W,81,55,1,14
YML096W,93,86,0,0
YML094W,90,76,0,2
YML093W,198,185,3,NA
YML090W,4,0,NA,4
YML088W,109,100,2,NA
YML084W,24,10,NA,12
YML082W,153,133,3,10
YML081W,321,289,18,5
YML080W,117,92,13,6
YML079W,164,141,0,10
YML078W,493,345,18,60
YML077W,78,58,NA,10
YML070W,508,465,8,9
YML069W,253,225,3,5
YML068W,69,64,3,1
YML065W,77,71,2,3
YML063W,5078,4528,95,82
YML060W,108,95,7,4
YML058W-A,8,3,0,3
YML058W,1206,515,1,492
YML057W,483,414,24,15
YML055W,116,100,5,1
YML052W,592,497,8,37
YML051W,127,115,3,4
YML050W,46,41,0,4
YML048W,420,344,3,56
YML046W,93,78,7,5
YML042W,81,75,NA,3
YML036W,50,41,0,1
YML034W,172,161,5,2
YML031W,301,286,3,3
YML030W,122,67,2,31
YML029W,215,199,6,3
YML028W,1942,1426,39,234
YML027W,321,267,20,13
YML024W,3763,2919,45,225
YML022W,529,370,2,97
YML020W,80,62,9,6
YML019W,166,136,0,23
YML017W,171,133,8,25
YML014W,78,65,NA,6
YML013W,242,205,2,24
YML012W,452,332,10,67
YML010W,590,567,0,NA
YML007W,295,239,25,20
YML005W,98,91,0,2
YML002W,47,44,NA,2
YML001W,312,238,25,18
YMR002W,865,577,6,175
YMR003W,43,35,2,4
YMR004W,117,102,4,4
YMR005W,173,143,6,11
YMR007W,4,3,NA,1
YMR009W,116,92,2,12
YMR010W,223,164,37,11
YMR011W,1453,1302,14,72
YMR012W,1222,1135,47,20
YMR013W-A,3,0,NA,3
YMR014W,69,54,1,5
YMR017W,3,2,NA,1
YMR018W,8,6,NA,0
YMR019W,137,132,NA,2
YMR020W,88,79,2,2
YMR022W,278,225,2,16
YMR024W,369,317,NA,39
YMR025W,33,33,0,0
YMR027W,368,337,9,11
YMR028W,64,56,0,2
YMR030W,56,46,6,1
YMR033W,214,178,8,18
YMR035W,38,28,1,1
YMR040W,31,24,6,0
YMR042W,114,47,0,60
YMR043W,285,213,0,60
YMR044W,74,64,2,5
YMR048W,50,44,0,1
YMR052W,55,35,0,16
YMR054W,416,348,35,12
YMR058W,459,397,8,26
YMR059W,51,39,1,9
YMR061W,99,85,1,0
YMR063W,59,51,0,5
YMR064W,125,116,NA,5
YMR065W,33,31,NA,2
YMR066W,51,47,0,2
YMR068W,64,54,0,6
YMR069W,44,32,NA,12
YMR070W,175,161,10,NA
YMR072W,380,268,1,56
YMR075W,67,58,1,5
YMR079W,672,486,16,121
YMR083W,889,742,15,60
YMR085W,21,21,NA,0
YMR086W,208,193,7,6
YMR087W,58,53,0,0
YMR090W,85,71,6,2
YMR093W,386,350,5,17
YMR094W,70,49,0,19
YMR096W,77,62,1,10
YMR100W,111,99,NA,11
YMR107W,10,3,0,6
YMR108W,2163,1813,172,94
YMR109W,575,549,5,12
YMR113W,90,80,4,2
YMR115W,132,113,8,4
YMR119W,181,147,23,NA
YMR122W-A,2614,1249,190,771
YMR123W,219,146,4,27
YMR124W,310,290,15,NA
YMR125W,626,589,26,NA
YMR128W,236,220,4,4
YMR129W,501,488,NA,5
YMR130W,89,75,6,3
YMR134W,74,64,1,0
YMR136W,148,132,7,4
YMR138W,41,28,NA,6
YMR139W,178,131,32,5
YMR140W,251,167,2,77
YMR143W,2307,1687,0,205
YMR144W,72,61,3,5
YMR148W,143,61,26,47
YMR151W,5,4,NA,0
YMR152W,211,197,0,4
YMR153W,230,193,3,17
YMR155W,130,114,0,13
YMR158W,136,97,9,19
YMR160W,62,54,1,1
YMR161W,198,112,7,60
YMR167W,106,102,0,NA
YMR172W,111,111,NA,NA
YMR175W,10,1,7,NA
YMR176W,169,158,5,1
YMR177W,60,54,6,0
YMR178W,141,128,3,3
YMR179W,65,62,NA,2
YMR182W-A,88,2,81,1
YMR184W,179,151,2,4
YMR185W,150,147,0,NA
YMR186W,6204,5855,19,156
YMR189W,1611,1492,57,25
YMR192W,175,164,2,3
YMR193W,108,78,4,8
YMR194W,1348,990,0,108
YMR195W,92,48,9,16
YMR196W,349,338,NA,7
YMR198W,60,42,11,3
YMR199W,384,290,61,15
YMR200W,446,296,43,83
YMR202W,947,824,17,42
YMR203W,1060,868,27,106
YMR206W,2,2,0,0
YMR208W,391,332,0,23
YMR210W,74,68,1,2
YMR211W,103,94,0,4
YMR213W,44,40,1,2
YMR214W,231,189,0,19
YMR215W,270,248,7,6
YMR217W,1020,907,13,40
YMR219W,155,154,NA,1
YMR220W,341,310,0,14
YMR223W,130,100,15,11
YMR228W,93,77,3,4
YMR230W,1353,957,61,104
YMR231W,133,123,1,6
YMR233W,80,57,0,13
YMR234W,47,35,7,3
YMR236W,227,192,0,13
YMR237W,531,478,13,23
YMR238W,455,377,32,14
YMR241W,389,298,55,9
YMR246W,780,653,50,42
YMR250W,415,380,8,21
YMR251W,4,4,NA,NA
YMR251W-A,2907,854,180,1431
YMR255W,97,62,NA,25
YMR262W,100,82,NA,12
YMR263W,46,34,0,2
YMR264W,179,132,13,17
YMR266W,168,158,0,3
YMR267W,199,158,9,13
YMR269W,29,24,1,0
YMR276W,624,546,5,45
YMR277W,244,209,13,13
YMR278W,338,308,10,8
YMR281W,56,46,1,5
YMR284W,38,38,0,0
YMR286W,66,29,0,21
YMR288W,111,110,0,0
YMR289W,122,98,NA,20
YMR291W,933,807,39,48
YMR292W,97,76,1,13
YMR294W,29,24,1,0
YMR297W,1778,1512,54,96
YMR298W,244,172,2,38
YMR304W,288,283,NA,NA
YMR306W,52,50,2,NA
YMR307W,4943,4368,85,308
YMR312W,109,99,0,6
YMR314W,598,436,14,78
YMR315W,739,647,18,30
YMR316W,156,133,12,6
YMR317W,7,7,NA,0
YMR320W,30,3,24,0
YNL331C,84,66,NA,15
YNL330C,278,221,9,26
YNL329C,270,257,NA,6
YNL328C,22,20,0,1
YNL326C,64,54,1,5
YNL325C,83,74,0,2
YNL322C,572,501,3,18
YNL316C,87,79,1,5
YNL315C,197,164,0,19
YNL313C,374,359,0,7
YNL311C,85,79,0,2
YNL310C,100,84,0,10
YNL308C,171,144,6,10
YNL307C,739,525,64,101
YNL305C,295,250,8,13
YNL302C,2694,1962,0,301
YNL301C,1770,1525,7,122
YNL297C,439,419,NA,11
YNL294C,296,225,57,5
YNL291C,163,130,22,7
YNL284C,204,191,NA,11
YNL283C,221,171,35,9
YNL280C,329,286,10,19
YNL276C,139,33,1,101
YNL274C,353,303,9,24
YNL272C,159,148,6,2
YNL271C,243,234,NA,6
YNL270C,82,77,2,1
YNL265C,90,76,0,5
YNL264C,119,98,NA,12
YNL263C,305,209,47,27
YNL260C,101,74,NA,25
YNL259C,52,21,6,10
YNL258C,149,137,0,7
YNL257C,224,211,4,1
YNL255C,960,596,11,227
YNL254C,62,60,0,NA
YNL252C,156,127,0,14
YNL251C,460,347,65,23
YNL249C,79,68,0,5
YNL248C,376,334,3,24
YNL245C,109,43,0,61
YNL244C,572,309,26,110
YNL241C,746,632,13,73
YNL240C,188,178,2,NA
YNL231C,238,181,32,7
YNL230C,106,69,2,31
YNL229C,161,155,NA,0
YNL227C,68,62,2,1
YNL225C,62,56,NA,4
YNL224C,117,105,3,7
YNL221C,216,205,3,3
YNL219C,409,332,44,16
YNL213C,64,45,9,4
YNL211C,28,17,2,NA
YNL206C,95,86,NA,1
YNL201C,106,91,12,NA
YNL200C,116,91,5,11
YNL199C,167,157,NA,8
YNL197C,355,240,42,61
YNL195C,9,8,NA,1
YNL185C,146,103,NA,30
YNL183C,372,315,40,8
YNL182C,223,199,3,10
YNL180C,271,259,NA,4
YNL179C,103,83,13,NA
YNL177C,219,178,8,15
YNL176C,331,285,19,14
YNL175C,199,171,0,13
YNL173C,117,94,2,7
YNL169C,325,275,17,13
YNL168C,207,157,2,33
YNL167C,149,113,30,NA
YNL166C,147,133,0,6
YNL164C,83,65,13,1
YNL163C,216,213,1,0
YNL159C,169,105,0,58
YNL156C,358,280,34,24
YNL154C,425,303,82,20
YNL153C,133,70,7,34
YNL151C,122,103,5,12
YNL149C,168,119,0,29
YNL148C,52,41,0,8
YNL146C-A,5,0,NA,5
YNL144C,62,60,NA,0
YNL143C,174,68,NA,103
YNL139C,306,294,5,NA
YNL137C,302,233,11,24
YNL135C,1170,720,14,290
YNL134C,597,524,20,22
YNL133C,18,7,0,6
YNL130C,548,496,5,14
YNL130C-A,0,0,0,0
YNL125C,449,393,16,23
YNL122C,128,94,NA,27
YNL121C,630,557,15,28
YNL118C,1291,1137,12,83
YNL115C,204,194,0,6
YNL114C,2,2,0,NA
YNL111C,446,217,7,162
YNL110C,173,126,6,18
YNL108C,141,112,4,17
YNL106C,136,129,NA,5
YNL104C,2566,2227,123,122
YNL099C,155,111,0,29
YNL098C,427,387,0,27
YNL097C-B,56,2,NA,51
YNL097C,92,77,6,5
YNL096C,2102,1606,77,192
YNL095C,54,47,2,5
YNL084C,132,111,2,3
YNL081C,146,93,2,37
YNL080C,147,118,9,10
YNL079C,518,298,24,140
YNL074C,351,318,5,14
YNL069C,3810,2973,0,386
YNL068C,209,181,15,8
YNL064C,1707,1230,265,88
YNL062C,334,304,1,12
YNL059C,193,176,0,7
YNL058C,508,423,6,49
YNL055C,2520,2124,65,117
YNL050C,38,31,0,3
YNL049C,326,314,0,4
YNL047C,119,106,2,6
YNL043C,7,1,1,4
YNL041C,131,129,1,NA
YNL037C,1107,874,97,62
YNL035C,85,74,0,6
YNL031C,2353,1637,0,491
YNL029C,91,80,1,2
YNL025C,124,75,0,44
YNL024C-A,159,47,20,65
YNL024C,6,5,0,1
YNL023C,128,120,6,0
YNL022C,146,133,2,7
YNL020C,123,110,7,4
YNL019C,5,4,NA,1
YNL011C,117,96,4,7
YNL008C,123,120,0,1
YNL007C,827,632,121,15
YNL005C,242,213,5,7
YNL003C,147,124,2,11
YNL002C,288,243,0,15
YNR001C,1186,978,64,81
YNR002C,20,14,NA,5
YNR003C,178,145,3,14
YNR007C,57,46,0,6
YNR011C,105,101,0,3
YNR013C,837,781,10,22
YNR016C,7582,7533,NA,28
YNR020C,54,50,NA,3
YNR022C,127,83,10,15
YNR025C,7,4,NA,0
YNR026C,158,149,2,NA
YNR029C,73,63,0,4
YNR031C,151,144,NA,2
YNR032C-A,39,19,3,10
YNR035C,651,623,0,0
YNR036C,400,234,0,107
YNR037C,158,87,1,27
YNR039C,119,107,0,4
YNR041C,207,190,1,5
YNR049C,87,65,0,6
YNR050C,405,364,9,10
YNR051C,411,201,168,24
YNR052C,271,250,11,5
YNR053C,526,491,1,16
YNR054C,101,87,1,2
YNR055C,614,441,133,16
YNR056C,9,8,NA,0
YNR061C,196,105,16,47
YNR062C,3,3,NA,0
YNR064C,3,2,NA,1
YNR065C,337,331,NA,2
YNR066C,149,143,NA,NA
YNR067C,1172,1114,7,19
YNR068C,17,13,NA,4
YNR069C,31,20,8,NA
YNR071C,0,0,0,0
YNR073C,27,24,NA,2
YNR074C,0,0,0,0
YNL327W,2275,2174,10,38
YNL323W,171,161,3,4
YNL321W,355,331,0,10
YNL320W,98,83,4,7
YNL317W,122,110,0,4
YNL314W,75,65,NA,5
YNL312W,192,151,3,17
YNL309W,93,80,3,5
YNL306W,257,192,5,14
YNL300W,516,212,59,183
YNL299W,90,83,2,3
YNL298W,219,213,NA,3
YNL295W,98,81,3,9
YNL293W,77,72,2,2
YNL292W,93,87,0,2
YNL290W,175,157,0,11
YNL289W,445,364,18,39
YNL288W,256,207,30,14
YNL287W,1304,1149,87,38
YNL286W,50,40,6,4
YNL281W,617,404,0,120
YNL279W,21,21,0,NA
YNL278W,132,112,6,8
YNL277W-A,9,4,NA,5
YNL277W,15,10,NA,4
YNL275W,88,84,0,1
YNL273W,153,146,NA,3
YNL268W,953,877,16,46
YNL267W,237,218,12,2
YNL262W,335,331,NA,1
YNL261W,137,119,2,6
YNL256W,245,220,4,5
YNL253W,68,57,2,7
YNL250W,55,49,NA,4
YNL247W,661,627,NA,12
YNL246W,128,84,0,36
YNL243W,600,565,8,4
YNL242W,104,99,4,NA
YNL239W,625,529,32,26
YNL238W,259,223,20,11
YNL237W,11,9,0,1
YNL236W,285,271,5,1
YNL234W,25,24,0,1
YNL233W,157,141,11,4
YNL232W,162,133,9,11
YNL228W,3,2,1,NA
YNL226W,1,1,NA,0
YNL223W,58,52,NA,2
YNL222W,172,114,3,37
YNL220W,381,344,6,16
YNL218W,72,57,4,7
YNL217W,45,38,0,0
YNL216W,251,228,8,9
YNL215W,50,44,0,NA
YNL214W,47,36,0,4
YNL212W,227,202,6,9
YNL209W,10174,9621,30,229
YNL208W,984,795,0,82
YNL207W,227,191,22,2
YNL202W,41,32,0,3
YNL193W,100,89,0,2
YNL192W,748,692,40,NA
YNL191W,92,79,3,2
YNL190W,3299,1916,398,868
YNL189W,783,616,96,35
YNL188W,29,25,3,0
YNL187W,76,49,13,10
YNL186W,301,246,26,10
YNL181W,108,93,1,9
YNL178W,5617,4799,0,278
YNL172W,210,202,7,NA
YNL165W,82,71,4,5
YNL162W-A,49,18,0,19
YNL162W,2530,1651,47,354
YNL161W,297,268,9,8
YNL160W,2098,1703,93,211
YNL158W,92,75,10,NA
YNL157W,239,174,0,23
YNL155W,132,104,10,4
YNL152W,103,92,0,3
YNL147W,88,55,15,6
YNL146W,25,10,3,9
YNL145W,0,0,0,0
YNL142W,207,143,50,NA
YNL141W,412,362,0,25
YNL138W-A,76,40,1,28
YNL138W,966,878,8,39
YNL136W,38,37,0,NA
YNL132W,665,613,21,12
YNL131W,700,387,32,202
YNL129W,65,55,NA,7
YNL128W,10,4,6,NA
YNL127W,178,157,NA,18
YNL126W,120,109,5,3
YNL124W,162,152,0,3
YNL123W,467,446,0,3
YNL119W,603,429,0,152
YNL117W,9,9,0,0
YNL116W,230,200,4,15
YNL113W,306,172,11,72
YNL112W,864,788,7,34
YNL109W,7,4,2,NA
YNL107W,78,63,NA,10
YNL103W-A,1,0,0,1
YNL103W,179,155,16,1
YNL102W,312,304,NA,3
YNL101W,416,332,35,28
YNL100W,185,149,5,15
YNL097W-A,7,0,7,NA
YNL094W,252,203,39,2
YNL093W,10,5,1,1
YNL092W,23,23,0,0
YNL091W,248,230,10,NA
YNL090W,98,55,12,24
YNL088W,246,239,6,NA
YNL087W,190,168,NA,21
YNL086W,52,31,9,8
YNL085W,805,664,88,38
YNL083W,138,116,0,16
YNL082W,71,67,0,1
YNL078W,146,124,0,12
YNL077W,100,88,9,1
YNL076W,175,147,19,4
YNL075W,149,121,8,9
YNL073W,209,192,0,5
YNL072W,72,60,0,4
YNL071W,1451,1307,17,62
YNL070W,217,76,24,59
YNL067W-A,4,1,NA,2
YNL067W,1772,1476,16,179
YNL066W,654,485,86,60
YNL065W,547,466,32,31
YNL063W,108,103,NA,1
YNL061W,465,446,6,NA
YNL057W,2,1,NA,0
YNL056W,176,138,0,12
YNL054W,164,149,NA,10
YNL053W,220,180,6,24
YNL052W,555,333,7,173
YNL051W,76,67,NA,1
YNL048W,160,151,0,6
YNL046W,250,175,NA,47
YNL045W,492,476,NA,7
YNL044W,416,242,32,85
YNL042W,59,47,6,2
YNL040W,234,204,1,14
YNL039W,104,96,0,2
YNL038W,47,38,0,3
YNL036W,1786,1331,99,78
YNL033W,5,4,0,1
YNL032W,135,109,11,9
YNL030W,2097,1359,49,496
YNL027W,172,153,13,1
YNL026W,186,167,0,14
YNL021W,159,143,5,7
YNL016W,733,668,17,6
YNL015W,568,303,29,88
YNL014W,182,179,NA,2
YNL012W,25,21,NA,4
YNL010W,505,395,11,53
YNL009W,69,27,NA,41
YNL006W,248,189,0,48
YNL004W,240,212,0,15
YNL001W,141,122,7,6
YNR001W-A,0,0,0,0
YNR004W,20,7,0,12
YNR006W,221,203,0,10
YNR008W,209,170,7,21
YNR009W,151,106,5,28
YNR010W,87,64,1,13
YNR012W,164,138,9,4
YNR014W,31,21,0,7
YNR015W,184,166,0,10
YNR017W,349,211,66,38
YNR018W,299,228,12,40
YNR019W,406,392,6,NA
YNR021W,641,533,7,45
YNR023W,112,97,2,3
YNR024W,23,18,0,2
YNR027W,135,103,3,16
YNR028W,102,79,9,8
YNR030W,297,260,6,21
YNR032W,118,97,8,4
YNR033W,369,353,NA,1
YNR034W,162,122,6,26
YNR034W-A,174,108,8,28
YNR038W,229,216,NA,10
YNR040W,126,112,NA,1
YNR043W,690,586,0,45
YNR044W,141,134,4,3
YNR045W,68,67,0,1
YNR046W,297,217,0,46
YNR047W,238,219,3,12
YNR048W,73,66,0,7
YNR058W,67,61,4,0
YNR059W,99,91,2,1
YNR060W,13,12,0,1
YNR063W,51,30,NA,19
YNR070W,1,1,NA,0
YNR072W,2,2,0,0
YNR075W,78,75,0,NA
YOL159C-A,164,44,11,95
YOL159C,79,69,0,3
YOL158C,222,202,5,11
YOL157C,80,67,NA,10
YOL155C,1759,1688,39,NA
YOL150C,8,0,NA,6
YOL148C,167,163,NA,NA
YOL147C,196,143,0,30
YOL145C,315,295,1,3
YOL143C,668,401,93,77
YOL139C,998,784,50,70
YOL138C,152,147,NA,1
YOL136C,340,220,38,65
YOL135C,74,54,0,12
YOL128C,84,66,NA,15
YOL126C,554,437,23,65
YOL124C,141,125,4,6
YOL122C,283,248,5,15
YOL121C,2180,1766,0,103
YOL120C,3857,2896,0,431
YOL119C,230,195,2,18
YOL114C,14,14,0,0
YOL111C,151,114,9,9
YOL108C,65,38,NA,25
YOL105C,142,107,24,11
YOL102C,69,54,NA,5
YOL101C,25,23,0,0
YOL097C,477,423,4,26
YOL096C,83,65,1,6
YOL095C,48,43,2,1
YOL094C,91,82,3,2
YOL089C,135,127,NA,6
YOL088C,166,132,0,21
YOL087C,139,137,NA,1
YOL086C,16137,13980,328,579
YOL085C,17,3,NA,14
YOL080C,72,53,3,8
YOL077C,422,364,3,32
YOL075C,131,130,NA,NA
YOL073C,108,92,4,4
YOL070C,279,271,0,5
YOL068C,146,143,NA,NA
YOL067C,65,55,NA,8
YOL066C,136,125,2,5
YOL065C,75,63,0,3
YOL064C,116,95,2,12
YOL063C,170,166,0,1
YOL062C,321,299,0,9
YOL060C,260,234,6,16
YOL055C,116,114,NA,1
YOL052C-A,422,112,15,212
YOL052C,243,209,9,17
YOL048C,85,71,2,6
YOL043C,55,47,4,2
YOL041C,253,213,6,17
YOL040C,4102,2794,267,451
YOL038C-A,4,1,2,0
YOL037C,0,0,0,0
YOL031C,142,127,4,6
YOL029C,30,29,NA,0
YOL028C,63,39,19,NA
YOL027C,348,321,4,9
YOL026C,153,121,0,22
YOL022C,167,149,3,8
YOL021C,547,532,3,2
YOL018C,83,64,6,9
YOL016C,240,196,16,14
YOL013C,119,101,13,0
YOL012C,162,98,22,30
YOL009C,46,41,NA,1
YOL007C,313,217,18,57
YOL006C,108,99,0,5
YOL005C,216,157,10,9
YOL003C,129,114,1,11
YOL002C,154,133,0,13
YOR005C,90,86,NA,3
YOR006C,95,86,0,3
YOR007C,520,479,NA,23
YOR008C,259,188,26,35
YOR008C-A,0,0,0,0
YOR010C,47,44,2,1
YOR016C,142,92,20,18
YOR020C,1141,731,42,158
YOR021C,227,176,9,22
YOR022C,40,39,NA,0
YOR023C,195,178,4,5
YOR028C,120,78,23,13
YOR032C,17,15,1,1
YOR033C,138,127,6,3
YOR034C,129,111,12,2
YOR035C,217,209,0,NA
YOR038C,161,150,1,5
YOR041C,60,0,39,21
YOR046C,471,431,10,2
YOR047C,128,106,17,4
YOR048C,422,398,3,9
YOR049C,1,1,0,0
YOR050C,3,0,NA,2
YOR051C,212,176,0,23
YOR052C,456,225,62,116
YOR054C,153,146,3,0
YOR056C,138,125,6,2
YOR058C,90,74,NA,12
YOR059C,112,98,0,6
YOR060C,67,59,1,1
YOR062C,103,91,NA,7
YOR064C,54,45,NA,5
YOR067C,217,195,3,9
YOR068C,0,0,0,0
YOR070C,148,133,11,1
YOR071C,82,71,1,8
YOR074C,120,106,0,5
YOR076C,91,86,0,1
YOR079C,103,88,1,12
YOR081C,247,229,4,7
YOR086C,516,469,29,5
YOR089C,116,80,6,16
YOR090C,210,188,6,5
YOR093C,157,152,0,0
YOR095C,108,81,7,10
YOR097C,26,21,2,3
YOR098C,324,305,NA,9
YOR100C,24,15,NA,9
YOR103C,202,138,4,21
YOR108C-A,0,0,0,0
YOR115C,125,95,8,6
YOR116C,505,453,35,10
YOR119C,185,111,5,66
YOR121C,206,1,197,NA
YOR122C,959,526,15,307
YOR123C,156,132,9,2
YOR124C,423,399,13,6
YOR125C,148,105,8,19
YOR126C,123,94,1,15
YOR128C,176,167,2,1
YOR129C,90,76,3,9
YOR130C,93,87,NA,4
YOR131C,99,77,7,4
YOR137C,54,52,NA,2
YOR138C,215,195,3,7
YOR141C,244,217,0,18
YOR143C,51,45,2,0
YOR144C,62,59,NA,2
YOR145C,336,268,0,21
YOR148C,34,25,2,4
YOR149C,116,83,3,22
YOR151C,935,913,NA,8
YOR152C,80,51,15,8
YOR155C,180,161,NA,7
YOR156C,50,41,4,4
YOR157C,491,403,26,19
YOR159C,56,22,3,23
YOR161C,368,311,23,19
YOR161C-C,2,1,NA,1
YOR162C,106,92,6,5
YOR164C,230,170,3,40
YOR166C,82,65,4,5
YOR167C,1753,865,0,403
YOR171C,227,215,4,NA
YOR175C,234,206,11,8
YOR177C,18,14,NA,4
YOR178C,220,206,NA,10
YOR179C,75,49,0,16
YOR180C,49,20,22,3
YOR182C,1272,820,NA,214
YOR185C,188,167,8,7
YOR186C-A,1,0,NA,1
YOR192C,120,84,NA,30
YOR194C,74,61,8,NA
YOR196C,145,127,3,6
YOR198C,572,475,10,42
YOR201C,164,141,2,9
YOR205C,148,135,0,2
YOR207C,680,655,4,12
YOR209C,506,394,40,24
YOR211C,339,331,NA,4
YOR213C,98,56,10,22
YOR215C,162,112,2,13
YOR216C,62,57,2,1
YOR218C,14,0,14,NA
YOR219C,224,213,NA,6
YOR221C,141,113,2,17
YOR224C,485,346,11,56
YOR226C,138,91,0,35
YOR228C,59,39,14,2
YOR234C,1661,1205,0,94
YOR242C,5,5,NA,0
YOR243C,315,269,0,32
YOR245C,129,108,13,2
YOR246C,329,275,18,21
YOR249C,60,59,0,0
YOR250C,129,118,0,3
YOR251C,192,167,0,14
YOR254C,668,612,0,16
YOR256C,126,118,NA,4
YOR259C,480,450,1,10
YOR261C,438,365,25,5
YOR267C,491,430,22,15
YOR270C,1540,1374,91,54
YOR271C,349,303,6,6
YOR273C,354,305,11,23
YOR275C,139,126,0,7
YOR279C,42,35,1,4
YOR280C,82,69,0,6
YOR281C,132,113,0,12
YOR287C,52,42,0,0
YOR288C,127,113,2,6
YOR290C,311,296,NA,4
YOR292C,64,56,1,2
YOR293C-A,1,0,0,1
YOR297C,128,100,1,14
YOR298C-A,1492,939,15,414
YOR304C-A,128,50,NA,69
YOR306C,76,64,4,3
YOR307C,158,122,13,16
YOR308C,50,41,0,6
YOR309C,156,100,NA,31
YOR311C,133,88,5,34
YOR312C,3367,2749,28,186
YOR313C,10,8,1,1
YOR316C,219,173,22,17
YOR318C,14,9,NA,3
YOR320C,255,222,16,8
YOR322C,242,231,NA,6
YOR323C,591,532,0,23
YOR324C,145,121,10,8
YOR327C,178,90,23,23
YOR329C,252,244,NA,7
YOR333C,0,0,0,0
YOR335C,1605,1454,57,46
YOR339C,3,2,0,1
YOR340C,371,319,20,19
YOR342C,197,168,15,7
YOR343C,18,4,4,8
YOR344C,109,84,13,8
YOR347C,176,139,6,21
YOR348C,973,898,NA,48
YOR350C,142,131,1,5
YOR353C,159,154,NA,NA
YOR354C,418,393,3,13
YOR357C,165,120,0,18
YOR360C,244,187,44,2
YOR361C,1360,1332,NA,23
YOR362C,512,422,4,39
YOR363C,135,127,2,NA
YOR365C,7,6,NA,1
YOR369C,4101,2447,377,426
YOR370C,641,495,82,36
YOR371C,179,165,12,1
YOR372C,270,229,2,25
YOR375C,7014,6216,186,264
YOR379C,18,12,5,NA
YOR383C,82,63,1,9
YOL164W,127,121,NA,5
YOL154W,26,23,0,2
YOL152W,72,68,0,4
YOL151W,85,78,0,3
YOL149W,66,59,0,NA
YOL146W,92,75,0,4
YOL144W,101,89,0,1
YOL142W,164,136,0,8
YOL141W,68,63,4,NA
YOL140W,330,304,5,7
YOL137W,165,144,5,8
YOL133W,170,83,3,65
YOL132W,4,3,NA,1
YOL130W,421,335,39,34
YOL129W,305,211,0,41
YOL127W,3868,2922,54,240
YOL125W,87,77,7,0
YOL123W,714,412,287,NA
YOL117W,46,43,0,NA
YOL116W,62,48,6,6
YOL115W,140,121,12,NA
YOL113W,119,107,5,3
YOL112W,212,170,24,5
YOL110W,45,32,0,8
YOL109W,2086,1079,186,525
YOL107W,192,171,3,8
YOL103W,199,180,10,5
YOL100W,111,107,NA,2
YOL097W-A,9,3,3,2
YOL093W,98,75,0,12
YOL092W,247,224,8,2
YOL091W,12,12,NA,0
YOL090W,240,227,2,2
YOL086W-A,83,55,5,11
YOL085W-A,23,4,10,9
YOL083W,47,38,2,1
YOL082W,199,170,11,7
YOL081W,785,775,NA,8
YOL078W,63,58,0,1
YOL077W-A,259,145,8,47
YOL076W,137,127,0,2
YOL072W,128,122,NA,5
YOL071W,102,69,NA,16
YOL069W,59,48,0,5
YOL061W,519,474,6,22
YOL059W,627,546,NA,69
YOL058W,1563,1294,96,115
YOL057W,346,306,4,20
YOL056W,71,57,3,9
YOL054W,87,64,5,9
YOL053W,67,64,NA,3
YOL051W,445,438,NA,NA
YOL049W,341,290,8,19
YOL045W,176,156,10,7
YOL044W,73,61,2,7
YOL042W,113,94,4,9
YOL039W,3226,1637,50,914
YOL038W,381,311,5,12
YOL036W,323,240,59,15
YOL034W,56,52,1,2
YOL033W,119,107,7,4
YOL032W,102,86,2,4
YOL030W,843,726,16,65
YOL025W,47,42,3,1
YOL024W,3,3,NA,0
YOL023W,121,103,0,11
YOL020W,494,440,9,16
YOL019W,430,363,29,32
YOL017W,73,68,0,3
YOL015W,22,13,9,0
YOL014W,21,13,5,2
YOL013W-B,0,0,0,0
YOL013W-A,960,957,NA,3
YOL011W,601,505,75,NA
YOL010W,252,208,8,18
YOL008W,102,81,0,14
YOL004W,587,579,NA,4
YOL001W,107,63,39,NA
YOR001W,369,349,3,4
YOR002W,398,360,13,8
YOR003W,89,64,0,23
YOR004W,195,141,7,31
YOR009W,118,106,NA,10
YOR011W,85,83,NA,1
YOR013W,8,7,NA,1
YOR014W,386,310,61,NA
YOR015W,18,10,2,1
YOR017W,121,107,4,3
YOR018W,133,126,2,NA
YOR019W,45,38,NA,6
YOR020W-A,89,39,4,31
YOR025W,242,206,0,17
YOR026W,99,84,NA,12
YOR027W,1511,1395,0,43
YOR029W,2,1,1,NA
YOR030W,122,98,11,3
YOR031W,56,22,0,17
YOR032W-A,32,2,27,2
YOR036W,69,55,0,3
YOR037W,103,91,1,8
YOR039W,260,170,36,44
YOR040W,42,39,NA,2
YOR042W,371,332,5,8
YOR043W,533,367,106,34
YOR044W,68,37,14,12
YOR045W,441,200,31,123
YOR053W,6,2,4,NA
YOR057W,152,133,2,11
YOR061W,281,213,14,34
YOR063W,9512,8306,21,490
YOR065W,990,683,144,121
YOR066W,286,257,NA,21
YOR069W,153,131,7,4
YOR073W,61,56,3,0
YOR075W,64,63,0,NA
YOR077W,30,26,2,NA
YOR078W,103,92,0,2
YOR080W,74,71,0,NA
YOR084W,83,68,5,0
YOR085W,291,256,17,7
YOR087W,239,217,7,6
YOR091W,258,208,10,16
YOR092W,221,191,9,14
YOR094W,73,47,8,14
YOR096W,3476,2774,56,212
YOR099W,398,347,14,19
YOR101W,155,118,5,27
YOR102W,27,1,26,NA
YOR104W,101,79,16,NA
YOR106W,37,21,8,6
YOR107W,57,28,9,18
YOR108W,989,903,4,42
YOR109W,422,396,13,NA
YOR110W,88,81,6,0
YOR111W,92,54,5,32
YOR112W,181,161,8,3
YOR113W,128,112,NA,13
YOR114W,40,29,8,0
YOR117W,539,474,8,32
YOR118W,75,51,13,4
YOR120W,679,525,75,26
YOR127W,366,342,NA,13
YOR132W,198,184,9,1
YOR133W,14812,14157,83,257
YOR136W,1706,1355,131,136
YOR140W,191,140,27,22
YOR142W,775,544,106,91
YOR146W,0,0,0,0
YOR147W,103,97,0,3
YOR150W,208,150,9,28
YOR153W,1910,1803,80,NA
YOR154W,68,56,2,3
YOR158W,176,163,1,3
YOR160W,304,287,3,2
YOR163W,100,80,1,10
YOR165W,364,329,8,12
YOR168W,1168,1091,4,21
YOR172W,129,113,3,10
YOR173W,174,153,1,13
YOR174W,97,79,6,2
YOR176W,288,233,5,32
YOR181W,180,159,9,6
YOR184W,674,558,28,47
YOR186W,28,5,20,0
YOR187W,936,801,0,69
YOR188W,177,169,6,NA
YOR189W,88,48,0,26
YOR190W,15,5,10,NA
YOR191W,151,138,2,7
YOR193W,45,35,3,0
YOR195W,85,75,5,2
YOR197W,375,345,0,11
YOR202W,418,394,0,NA
YOR204W,2922,2251,NA,631
YOR206W,496,460,1,16
YOR208W,211,201,NA,9
YOR210W,320,86,6,159
YOR212W,245,215,NA,24
YOR217W,207,168,12,14
YOR220W,256,215,1,28
YOR222W,288,248,3,14
YOR223W,90,81,1,5
YOR227W,308,290,NA,14
YOR229W,121,93,6,19
YOR230W,1200,1035,18,94
YOR231W,155,124,10,14
YOR232W,518,390,46,34
YOR233W,115,106,NA,7
YOR235W,38,35,0,NA
YOR236W,25,22,0,3
YOR237W,6,5,NA,0
YOR238W,63,57,0,0
YOR239W,282,261,5,NA
YOR241W,268,253,NA,12
YOR244W,76,60,6,2
YOR247W,1891,1265,465,NA
YOR252W,105,76,5,11
YOR253W,114,85,1,12
YOR255W,0,0,0,0
YOR257W,45,31,2,0
YOR258W,23,18,0,3
YOR260W,422,387,8,12
YOR262W,74,65,2,3
YOR264W,301,277,1,3
YOR265W,92,62,7,1
YOR266W,87,68,2,7
YOR269W,75,68,1,5
YOR272W,324,297,5,9
YOR274W,60,56,NA,NA
YOR276W,537,371,4,70
YOR278W,73,61,0,5
YOR283W,150,105,12,16
YOR284W,50,33,0,12
YOR285W,381,311,NA,27
YOR286W,279,203,NA,49
YOR289W,58,53,NA,4
YOR291W,316,310,NA,3
YOR293W,1900,1202,54,326
YOR294W,225,134,21,34
YOR295W,48,25,4,15
YOR296W,130,125,4,NA
YOR298W,9,8,1,NA
YOR299W,218,206,2,NA
YOR301W,162,122,0,33
YOR303W,2166,2036,NA,51
YOR304W,136,132,NA,4
YOR305W,83,66,7,NA
YOR314W,1,1,NA,0
YOR314W-A,1,0,1,NA
YOR315W,148,105,1,34
YOR317W,1535,1346,19,97
YOR319W,68,51,0,8
YOR321W,161,156,1,1
YOR325W,2,0,2,0
YOR326W,627,619,NA,3
YOR328W,193,192,NA,1
YOR332W,781,605,18,50
YOR334W,55,52,NA,2
YOR336W,151,147,0,1
YOR337W,243,226,NA,13
YOR338W,23,16,2,3
YOR341W,2006,1848,64,49
YOR346W,112,91,16,1
YOR349W,144,138,0,0
YOR352W,63,53,3,2
YOR355W,501,325,121,40
YOR356W,203,183,0,6
YOR358W,81,53,3,21
YOR359W,152,128,7,13
YOR364W,5,4,1,NA
YOR366W,5,3,NA,0
YOR367W,130,93,0,21
YOR368W,45,38,0,4
YOR373W,131,124,NA,2
YOR374W,1268,1116,21,60
YOR376W-A,123,10,48,58
YOR377W,146,121,0,19
YOR378W,12,11,NA,1
YOR380W,138,115,14,1
YOR381W,75,62,6,2
YOR381W-A,21,0,2,19
YOR382W,83,66,0,7
YOR384W,6,0,0,5
YOR385W,88,68,0,12
YOR386W,67,65,0,NA
YOR389W,124,115,0,8
YOR390W,203,174,NA,19
YPL279C,208,176,NA,23
YPL272C,96,40,56,NA
YPL264C,48,42,NA,6
YPL263C,216,206,0,4
YPL261C,0,0,0,0
YPL259C,167,142,2,12
YPL258C,159,87,64,NA
YPL256C,774,569,120,46
YPL253C,50,43,3,0
YPL252C,87,63,5,10
YPL250C,351,189,34,70
YPL249C-A,2856,1603,57,725
YPL249C,110,104,0,1
YPL248C,24,22,0,2
YPL247C,184,167,NA,10
YPL246C,369,319,5,25
YPL244C,148,132,0,6
YPL242C,359,341,NA,11
YPL241C,85,75,0,3
YPL240C,3144,2968,44,49
YPL236C,102,79,3,14
YPL234C,495,324,22,58
YPL227C,72,57,7,3
YPL224C,126,111,NA,10
YPL223C,13,7,NA,5
YPL222C-A,3,2,0,NA
YPL217C,289,276,11,NA
YPL214C,205,181,11,1
YPL212C,219,209,0,NA
YPL210C,458,434,1,11
YPL209C,28,22,0,5
YPL206C,213,187,2,16
YPL205C,4,1,NA,3
YPL202C,138,111,4,22
YPL199C,145,125,0,12
YPL197C,5,0,4,NA
YPL192C,6,1,2,2
YPL191C,48,36,2,9
YPL190C,522,423,15,73
YPL189C-A,242,76,41,86
YPL186C,34,23,NA,11
YPL184C,425,292,122,7
YPL183C,305,294,0,2
YPL177C,224,184,17,10
YPL176C,344,319,0,18
YPL174C,37,34,NA,1
YPL172C,193,162,12,10
YPL171C,32,27,NA,4
YPL169C,272,239,3,19
YPL167C,71,70,0,NA
YPL165C,0,0,0,0
YPL164C,70,65,2,NA
YPL163C,731,556,0,131
YPL162C,122,78,6,30
YPL161C,58,55,0,NA
YPL159C,135,87,14,24
YPL158C,290,264,8,5
YPL156C,6,3,2,NA
YPL155C,196,154,3,33
YPL154C,1782,1412,181,92
YPL153C,57,53,NA,2
YPL151C,128,116,0,7
YPL148C,151,84,30,26
YPL146C,131,108,3,10
YPL145C,972,581,127,234
YPL141C,251,212,32,NA
YPL140C,130,102,13,7
YPL139C,90,76,4,4
YPL138C,88,69,3,8
YPL137C,218,207,NA,4
YPL135C-A,7,0,0,7
YPL134C,131,115,0,7
YPL133C,115,98,5,11
YPL128C,172,145,6,16
YPL127C,304,232,3,44
YPL123C,91,77,3,4
YPL122C,122,107,1,6
YPL119C-A,15,5,NA,6
YPL119C,35,35,0,NA
YPL117C,417,318,41,9
YPL115C,235,225,NA,7
YPL113C,32,28,1,2
YPL112C,214,189,6,5
YPL110C,263,256,NA,2
YPL109C,77,73,2,2
YPL106C,3047,2908,48,NA
YPL105C,432,398,0,16
YPL103C,137,121,0,7
YPL102C,1,0,NA,1
YPL099C,77,47,0,18
YPL098C,189,105,1,54
YPL096C-A,47,22,1,16
YPL095C,73,68,0,2
YPL094C,285,250,0,15
YPL090C,5001,4342,67,274
YPL089C,326,292,20,8
YPL086C,205,189,2,5
YPL083C,124,111,4,3
YPL082C,341,324,NA,4
YPL078C,655,480,41,105
YPL077C,58,42,NA,15
YPL071C,48,38,5,4
YPL069C,50,43,1,3
YPL068C,87,75,0,7
YPL067C,207,155,6,19
YPL064C,80,69,0,3
YPL058C,883,850,NA,19
YPL057C,599,387,68,118
YPL056C,38,11,11,14
YPL055C,105,94,0,4
YPL053C,367,325,19,10
YPL050C,388,305,50,14
YPL049C,303,249,1,39
YPL046C,50,31,0,11
YPL042C,102,81,9,6
YPL041C,33,25,0,5
YPL040C,177,171,NA,3
YPL037C,1147,889,48,49
YPL033C,2,2,NA,0
YPL032C,356,313,21,8
YPL031C,289,237,5,24
YPL026C,262,210,8,32
YPL025C,5,3,0,1
YPL023C,275,239,20,7
YPL020C,101,83,10,1
YPL019C,217,201,4,6
YPL017C,54,54,NA,NA
YPL015C,238,188,6,32
YPL013C,43,37,1,0
YPL011C,65,54,2,6
YPL009C,290,278,0,7
YPL007C,89,85,1,2
YPL004C,1198,915,11,183
YPL002C,51,39,0,9
YPR002C-A,432,266,6,NA
YPR003C,135,123,0,11
YPR004C,278,241,0,7
YPR005C,152,115,NA,30
YPR006C,54,48,NA,3
YPR007C,9,9,NA,0
YPR010C,1912,1822,14,39
YPR010C-A,197,115,3,18
YPR011C,62,48,6,4
YPR013C,55,34,11,3
YPR015C,4,3,NA,1
YPR016C,873,623,53,126
YPR017C,114,73,0,27
YPR021C,93,89,NA,0
YPR022C,220,219,NA,1
YPR023C,240,215,2,12
YPR025C,58,53,0,2
YPR027C,2,1,NA,1
YPR029C,280,248,8,13
YPR033C,838,806,NA,11
YPR037C,59,43,2,2
YPR042C,247,243,NA,NA
YPR044C,1,1,NA,NA
YPR045C,140,121,4,4
YPR049C,102,95,3,2
YPR050C,1,1,NA,NA
YPR052C,287,149,NA,112
YPR053C,264,163,96,NA
YPR060C,179,133,10,25
YPR061C,14,13,0,0
YPR063C,350,251,20,47
YPR068C,27,26,NA,1
YPR069C,450,381,2,22
YPR073C,144,93,5,28
YPR074C,2670,2457,69,60
YPR075C,140,127,3,7
YPR081C,83,82,NA,NA
YPR082C,71,49,0,10
YPR085C,117,100,4,5
YPR088C,463,430,5,13
YPR091C,208,195,0,8
YPR093C,65,52,2,3
YPR095C,89,86,NA,1
YPR098C,72,57,2,3
YPR102C,3603,3056,43,211
YPR104C,89,62,9,16
YPR105C,208,197,0,5
YPR107C,95,75,4,10
YPR110C,572,495,0,49
YPR112C,240,222,6,NA
YPR120C,112,98,6,1
YPR123C,46,4,38,3
YPR126C,3,0,3,NA
YPR128C,101,86,3,6
YPR133C,165,139,9,5
YPR138C,409,304,59,26
YPR139C,144,121,4,9
YPR141C,48,38,3,2
YPR144C,428,389,4,11
YPR145C-A,5,3,2,NA
YPR146C,34,32,NA,NA
YPR148C,366,316,9,18
YPR151C,26,15,9,NA
YPR152C,49,36,0,11
YPR155C,111,101,3,2
YPR156C,499,398,59,28
YPR161C,193,175,5,11
YPR162C,117,108,0,2
YPR163C,1049,901,50,62
YPR166C,167,99,4,24
YPR167C,22,16,NA,4
YPR170C,5,1,2,2
YPR173C,294,263,4,7
YPR174C,68,56,1,9
YPR176C,129,103,NA,20
YPR179C,71,68,0,1
YPR181C,1327,1197,8,80
YPR186C,44,39,NA,3
YPR188C,95,64,1,9
YPR190C,203,189,2,5
YPR193C,68,14,NA,50
YPR194C,211,190,NA,19
YPR195C,45,9,NA,34
YPR197C,0,0,0,0
YPR199C,78,67,0,9
YPR200C,10,6,NA,1
YPL274W,916,870,17,6
YPL273W,442,374,19,18
YPL271W,501,247,19,137
YPL270W,250,228,3,7
YPL269W,72,64,0,5
YPL268W,63,58,2,0
YPL267W,90,72,0,3
YPL266W,238,197,9,12
YPL265W,487,415,22,38
YPL262W,669,640,NA,15
YPL260W,391,323,30,22
YPL257W,58,25,4,23
YPL255W,55,42,1,11
YPL254W,112,86,17,1
YPL251W,0,0,0,0
YPL245W,123,114,0,2
YPL243W,346,305,13,10
YPL239W,193,144,8,17
YPL237W,682,559,21,45
YPL235W,386,349,11,4
YPL233W,73,63,2,4
YPL232W,363,254,61,25
YPL231W,11046,10776,NA,193
YPL230W,80,75,0,1
YPL229W,66,54,1,8
YPL228W,157,128,15,5
YPL226W,1127,1034,5,67
YPL225W,396,274,1,66
YPL222W,113,101,3,4
YPL221W,821,712,48,38
YPL220W,4926,4373,0,189
YPL219W,103,90,0,3
YPL218W,639,501,49,51
YPL216W,50,50,NA,NA
YPL215W,234,182,5,24
YPL213W,113,92,2,8
YPL211W,342,246,3,63
YPL208W,150,142,NA,2
YPL207W,288,259,18,7
YPL204W,331,281,31,14
YPL203W,187,137,15,32
YPL200W,0,0,0,0
YPL198W,3823,3705,5,49
YPL196W,79,67,2,3
YPL195W,205,194,0,2
YPL194W,38,35,0,1
YPL193W,58,38,2,13
YPL189W,18,13,1,4
YPL188W,189,173,0,8
YPL187W,3019,2019,117,598
YPL185W,6,6,0,0
YPL183W-A,182,101,25,29
YPL181W,95,76,10,5
YPL180W,178,153,3,13
YPL179W,372,260,44,45
YPL178W,222,167,8,29
YPL175W,176,156,6,6
YPL173W,176,134,3,18
YPL170W,156,116,4,20
YPL168W,41,38,2,0
YPL166W,93,31,5,54
YPL160W,1724,1596,39,51
YPL157W,102,66,4,29
YPL152W,120,102,0,5
YPL150W,134,132,NA,2
YPL149W,108,97,4,2
YPL147W,26,25,NA,0
YPL144W,101,79,0,9
YPL143W,2482,1642,15,389
YPL135W,616,272,56,216
YPL132W,90,67,10,7
YPL131W,6949,5909,0,515
YPL129W,208,161,8,21
YPL126W,556,525,16,NA
YPL125W,255,237,13,NA
YPL124W,51,43,0,2
YPL120W,57,49,0,4
YPL118W,305,247,26,13
YPL116W,191,172,NA,13
YPL114W,31,10,1,19
YPL111W,847,698,23,62
YPL108W,43,34,NA,5
YPL107W,65,54,2,4
YPL104W,171,157,2,7
YPL101W,203,174,7,13
YPL100W,74,69,2,1
YPL097W,149,136,0,5
YPL096W,71,64,0,2
YPL093W,918,798,7,61
YPL092W,132,108,8,7
YPL091W,432,364,NA,42
YPL088W,204,173,4,19
YPL087W,231,199,4,11
YPL085W,642,631,NA,8
YPL084W,205,184,5,4
YPL081W,1744,1356,28,201
YPL079W,3380,2618,19,354
YPL076W,93,43,15,30
YPL075W,217,189,NA,21
YPL074W,72,67,0,3
YPL072W,78,62,15,0
YPL070W,116,89,14,5
YPL066W,327,285,16,12
YPL065W,42,38,NA,3
YPL063W,451,362,45,21
YPL062W,0,0,0,0
YPL061W,2199,1927,43,110
YPL060W,44,35,2,0
YPL059W,286,191,14,37
YPL054W,14,9,5,NA
YPL052W,72,57,3,6
YPL051W,42,33,0,2
YPL048W,1117,941,18,95
YPL047W,110,52,14,36
YPL045W,110,95,4,7
YPL043W,203,193,6,NA
YPL038W,51,39,3,5
YPL036W,1209,1209,NA,NA
YPL034W,68,33,23,6
YPL030W,113,101,2,4
YPL029W,113,106,0,3
YPL028W,1429,1148,73,76
YPL027W,0,0,0,0
YPL024W,169,138,4,15
YPL022W,254,233,10,6
YPL018W,92,45,0,42
YPL016W,167,163,NA,2
YPL014W,95,77,1,12
YPL012W,707,666,28,NA
YPL010W,389,278,18,42
YPL008W,89,72,13,3
YPL006W,371,354,1,2
YPL005W,38,34,0,2
YPL003W,65,65,0,0
YPL001W,94,88,0,0
YPR001W,14,14,0,0
YPR002W,101,88,0,10
YPR008W,163,136,16,6
YPR009W,42,32,6,2
YPR012W,6,1,4,NA
YPR018W,76,66,3,3
YPR019W,297,276,8,5
YPR020W,348,180,54,59
YPR024W,829,643,48,110
YPR026W,138,138,NA,NA
YPR028W,1054,728,40,165
YPR030W,117,111,NA,2
YPR031W,81,80,0,NA
YPR032W,142,138,NA,3
YPR034W,297,260,8,20
YPR035W,1534,1275,66,135
YPR036W,1569,1461,29,41
YPR036W-A,1766,502,219,763
YPR040W,98,93,NA,4
YPR041W,745,581,77,37
YPR043W,2006,1316,78,210
YPR046W,41,34,0,2
YPR047W,96,80,2,7
YPR048W,129,121,0,1
YPR051W,129,108,0,13
YPR054W,2,1,1,0
YPR055W,159,150,5,NA
YPR056W,112,92,0,8
YPR057W,73,66,NA,1
YPR058W,141,118,0,12
YPR062W,249,202,2,34
YPR065W,201,161,15,16
YPR066W,42,41,NA,NA
YPR067W,103,73,3,12
YPR070W,105,81,1,14
YPR071W,66,31,0,29
YPR072W,258,223,12,9
YPR079W,88,78,5,2
YPR080W,34376,31484,241,1106
YPR083W,73,65,0,7
YPR084W,89,80,6,3
YPR086W,78,61,2,11
YPR087W,12,1,7,NA
YPR089W,218,203,3,5
YPR094W,46,31,0,3
YPR097W,276,232,25,3
YPR100W,96,70,1,11
YPR101W,51,34,0,7
YPR103W,431,337,18,28
YPR106W,153,139,0,NA
YPR108W,489,386,31,44
YPR108W-A,156,156,NA,0
YPR109W,101,85,16,NA
YPR111W,110,106,1,1
YPR113W,552,449,6,44
YPR114W,277,243,9,13
YPR115W,236,215,NA,17
YPR116W,23,18,NA,5
YPR117W,124,117,6,NA
YPR118W,338,307,0,11
YPR119W,243,146,64,15
YPR121W,44,43,NA,1
YPR122W,102,101,NA,0
YPR124W,85,63,7,13
YPR125W,218,184,13,13
YPR127W,114,99,6,5
YPR129W,293,262,0,7
YPR132W,2843,2055,76,332
YPR133W-A,324,82,6,159
YPR134W,59,44,0,11
YPR135W,179,175,NA,4
YPR137W,190,156,8,10
YPR140W,138,107,9,10
YPR143W,64,48,0,4
YPR145W,3016,2870,13,46
YPR149W,1664,1037,231,233
YPR150W,4,1,1,NA
YPR153W,29,20,0,8
YPR154W,226,172,0,33
YPR157W,29,27,1,0
YPR158W,129,100,7,16
YPR159W,916,770,69,50
YPR160W,2301,2062,120,64
YPR164W,239,185,0,52
YPR165W,965,625,152,120
YPR169W,223,207,3,0
YPR170W-B,406,232,NA,113
YPR171W,105,97,2,3
YPR172W,94,72,0,8
YPR175W,113,107,0,3
YPR178W,75,70,0,1
YPR180W,99,93,0,2
YPR182W,95,45,18,21
YPR183W,700,581,20,46
YPR184W,542,520,NA,15
YPR185W,126,102,21,0
YPR187W,351,278,0,31
YPR189W,249,243,NA,3
YPR191W,913,767,11,83
YPR192W,4,3,0,1
YPR196W,72,59,0,11
YPR198W,222,199,5,7
YPR201W,25,14,NA,11