trx,cds,utr5,utr3,
YAL067C,3,3,NA,0
YAL063C-A,12,0,12,0
YAL063C,24,24,NA,0
YAL054C,26,24,NA,1
YAL049C,609,518,3,1
YAL047C,137,127,0,1
YAL046C,187,145,0,0
YAL044C,1069,881,0,5
YAL043C,632,601,0,0
YAL040C,162,130,17,0
YAL039C,685,602,4,0
YAL037C-A,1,0,1,0
YAL036C,870,825,0,0
YAL034C-B,1,1,NA,0
YAL034C,95,84,10,0
YAL032C,128,116,0,0
YAL031C,108,98,0,1
YAL029C,251,246,NA,0
YAL026C-A,11,10,NA,0
YAL026C,311,309,0,NA
YAL025C,786,737,0,5
YAL024C,90,87,NA,0
YAL023C,1453,1364,5,2
YAL022C,327,305,0,1
YAL021C,1075,1013,1,1
YAL020C,59,57,NA,0
YAL018C,3,3,0,0
YAL015C,147,139,NA,0
YAL014C,203,157,18,0
YAL010C,125,117,0,0
YAL007C,595,479,3,1
YAL005C,17548,17098,30,NA
YAL001C,215,208,0,NA
YAR002C-A,728,618,0,0
YAR007C,1004,961,0,0
YAR014C,336,321,3,0
YAR018C,282,248,0,0
YAR019C,50,47,NA,0
YAR023C,22,3,19,NA
YAR047C,0,0,0,0
YAL066W,0,0,0,0
YAL064W-B,13,0,13,0
YAL062W,106,105,NA,0
YAL061W,84,73,1,0
YAL060W,939,832,3,1
YAL059W,370,360,NA,0
YAL058W,101,91,0,0
YAL056W,102,90,0,0
YAL055W,62,52,0,0
YAL053W,1305,1179,44,2
YAL051W,195,191,NA,0
YAL047W-A,1,1,NA,0
YAL044W-A,266,190,NA,0
YAL042W,684,621,0,1
YAL041W,323,309,0,1
YAL038W,19389,18214,7,33
YAL037W,8,7,NA,NA
YAL035W,3956,3771,0,NA
YAL034W-A,104,88,1,1
YAL033W,213,182,NA,0
YAL030W,299,250,0,1
YAL028W,36,34,1,0
YAL027W,101,92,NA,0
YAL019W,624,620,NA,0
YAL017W,506,484,12,NA
YAL016W,1618,1541,8,0
YAL013W,268,247,0,1
YAL012W,3278,3001,3,3
YAL011W,122,115,NA,0
YAL009W,52,36,NA,0
YAL008W,195,153,0,1
YAL004W,5,0,1,4
YAL003W,4759,4110,0,28
YAL002W,98,95,NA,0
YAR002W,670,627,1,0
YAR003W,99,95,1,0
YAR008W,118,76,16,0
YAR015W,795,713,5,1
YAR019W-A,16,0,NA,15
YAR027W,469,366,12,1
YAR028W,200,166,0,0
YAR029W,1,0,0,0
YAR031W,99,96,NA,0
YAR033W,110,93,1,0
YAR035W,14,13,NA,0
YAR042W,409,399,NA,2
YAR050W,8,8,NA,0
YAR053W,2,1,0,NA
YAR071W,53,52,NA,0
YBL113C,282,272,NA,1
YBL107C,199,184,NA,1
YBL106C,35,35,NA,0
YBL105C,330,309,3,0
YBL104C,159,153,NA,1
YBL103C,355,318,12,2
YBL101C,209,201,NA,0
YBL093C,339,295,6,1
YBL091C-A,120,114,NA,0
YBL091C,1104,1038,0,0
YBL088C,59,58,NA,0
YBL087C,2859,2395,1,6
YBL086C,155,138,0,1
YBL084C,115,112,NA,0
YBL080C,136,125,0,0
YBL078C,374,298,0,4
YBL076C,3627,3469,0,3
YBL075C,120,120,NA,0
YBL074C,92,90,NA,NA
YBL072C,6174,5627,0,13
YBL071C,1,0,NA,0
YBL070C,10,0,10,NA
YBL067C,133,112,4,NA
YBL066C,115,107,1,0
YBL064C,821,718,0,0
YBL061C,398,378,0,0
YBL059C-A,306,232,0,0
YBL057C,253,203,0,0
YBL055C,235,232,0,0
YBL052C,42,38,3,1
YBL051C,763,712,0,3
YBL047C,2343,2272,12,3
YBL045C,3040,2786,46,7
YBL042C,1265,1169,1,3
YBL040C,622,521,3,1
YBL039C,2154,2113,NA,1
YBL036C,376,338,0,1
YBL035C,366,351,0,0
YBL034C,215,208,NA,0
YBL033C,459,404,0,0
YBL030C,4275,3796,18,11
YBL029C-A,286,194,6,1
YBL028C,576,490,1,4
YBL023C,538,517,0,1
YBL022C,1307,1252,3,0
YBL021C,146,116,0,0
YBL018C,187,132,12,0
YBL017C,745,730,NA,1
YBL014C,53,49,0,0
YBL010C,181,174,NA,0
YBL007C,1670,1641,5,1
YBL006C,349,287,0,0
YBL003C,2704,2097,4,9
YBL001C,663,571,0,0
YBR001C,347,334,1,1
YBR002C,177,156,0,1
YBR004C,112,97,0,0
YBR007C,220,216,NA,1
YBR008C,21,10,5,6
YBR009C,2355,1783,27,10
YBR011C,3378,3081,0,4
YBR012C,0,0,0,0
YBR013C,0,0,0,0
YBR014C,398,339,3,2
YBR015C,670,617,2,1
YBR017C,876,814,5,0
YBR018C,1,1,0,0
YBR019C,4,4,NA,0
YBR023C,731,712,NA,1
YBR025C,3273,2942,1,0
YBR026C,739,700,NA,0
YBR028C,210,193,9,0
YBR029C,627,541,1,3
YBR034C,891,801,0,2
YBR035C,1162,1044,0,1
YBR036C,847,750,2,3
YBR037C,328,300,0,0
YBR042C,125,114,1,0
YBR043C,482,403,28,0
YBR044C,144,127,1,0
YBR045C,40,38,NA,0
YBR046C,288,245,0,1
YBR049C,958,919,5,2
YBR050C,1,1,0,0
YBR052C,700,615,8,1
YBR053C,629,584,0,0
YBR055C,263,256,0,0
YBR057C,339,323,0,0
YBR058C,631,609,0,0
YBR058C-A,331,193,13,4
YBR059C,626,590,11,NA
YBR060C,203,182,1,0
YBR061C,495,458,0,0
YBR062C,277,244,0,0
YBR063C,1,1,0,0
YBR065C,353,284,0,NA
YBR066C,100,95,NA,1
YBR067C,1755,1536,10,3
YBR068C,2331,2236,5,2
YBR069C,1171,1078,20,0
YBR070C,102,89,0,0
YBR072C-A,1,0,NA,1
YBR076C-A,24,23,NA,1
YBR077C,387,341,2,NA
YBR079C,3302,3196,0,3
YBR080C,1095,1056,0,0
YBR081C,363,350,NA,0
YBR082C,2595,2072,38,5
YBR084C-A,4138,3609,0,2
YBR085C-A,1730,1272,3,12
YBR086C,1014,949,27,0
YBR088C,1282,1126,1,0
YBR089C-A,556,426,NA,1
YBR091C,187,125,0,0
YBR092C,2215,2055,0,0
YBR093C,446,439,0,0
YBR095C,334,313,0,1
YBR099C,4,0,4,NA
YBR101C,783,760,0,1
YBR102C,349,339,1,0
YBR103C-A,0,0,0,0
YBR105C,217,201,0,0
YBR107C,30,27,0,1
YBR109C,1776,1414,5,3
YBR111C,885,855,NA,0
YBR112C,1331,1309,NA,0
YBR115C,2142,2114,NA,0
YBR120C,344,285,2,0
YBR121C,2967,2798,19,NA
YBR122C,572,469,2,0
YBR123C,268,250,0,0
YBR125C,192,162,7,0
YBR126C,2424,2255,12,3
YBR127C,3031,2851,1,2
YBR128C,22,16,0,NA
YBR129C,263,234,3,0
YBR130C,437,414,1,0
YBR132C,217,180,15,0
YBR133C,146,142,1,0
YBR138C,352,331,0,2
YBR140C,371,362,NA,0
YBR141C,137,126,0,0
YBR143C,1954,1804,0,1
YBR144C,0,0,0,0
YBR150C,156,153,0,0
YBR154C,1057,941,6,5
YBR156C,153,149,0,0
YBR157C,13,10,NA,1
YBR162C,2360,2103,63,3
YBR164C,647,532,12,0
YBR166C,672,590,0,0
YBR167C,146,130,NA,0
YBR169C,829,772,0,2
YBR170C,479,435,1,0
YBR172C,523,495,3,1
YBR173C,868,715,0,0
YBR174C,0,0,0,0
YBR177C,1335,1251,0,1
YBR179C,434,410,3,0
YBR181C,6590,6064,1,7
YBR182C,140,127,NA,0
YBR182C-A,2,1,0,0
YBR185C,331,307,0,0
YBR188C,306,216,4,1
YBR193C,280,254,0,0
YBR195C,139,126,0,0
YBR196C,9137,8518,6,20
YBR197C,163,150,0,1
YBR198C,506,472,0,1
YBR201C-A,23,17,1,0
YBR204C,217,199,1,2
YBR208C,317,257,45,2
YBR211C,108,101,2,NA
YBR216C,196,165,0,0
YBR218C,1637,1540,7,3
YBR221C,1835,1642,29,3
YBR222C,655,616,0,1
YBR223C,106,82,0,0
YBR229C,384,366,0,0
YBR230C,751,600,0,1
YBR231C,156,141,1,0
YBR234C,1301,1217,3,0
YBR236C,467,415,0,1
YBR238C,312,303,NA,NA
YBR239C,175,157,1,0
YBR240C,23,21,NA,0
YBR241C,183,165,0,0
YBR243C,166,155,0,0
YBR245C,930,929,NA,NA
YBR247C,814,744,0,1
YBR248C,866,798,2,0
YBR249C,3316,3120,15,0
YBR254C,191,162,0,1
YBR255C-A,137,75,0,0
YBR256C,640,587,0,2
YBR258C,125,105,0,0
YBR260C,386,378,0,0
YBR261C,484,442,0,0
YBR262C,384,285,0,1
YBR264C,135,111,0,0
YBR269C,475,388,0,0
YBR270C,27,19,8,0
YBR272C,301,290,0,4
YBR273C,426,402,0,0
YBR275C,258,254,NA,NA
YBR276C,80,70,9,0
YBR277C,0,0,0,0
YBR280C,168,162,0,1
YBR281C,289,281,0,0
YBR283C,1177,1086,23,1
YBR288C,447,407,0,1
YBR291C,121,116,0,0
YBR292C,23,0,23,NA
YBR296C,7,7,0,0
YBR298C,10,4,6,0
YBL102W,347,287,1,1
YBL100W-C,4,0,0,2
YBL099W,4843,4509,122,18
YBL098W,168,164,NA,0
YBL097W,120,111,0,1
YBL095W,47,46,0,0
YBL092W,3874,3234,24,20
YBL090W,471,398,2,0
YBL089W,127,121,0,0
YBL085W,330,327,NA,0
YBL081W,313,282,7,0
YBL079W,482,463,1,NA
YBL071W-A,371,258,0,0
YBL068W,502,441,1,1
YBL063W,82,82,0,NA
YBL060W,118,110,0,0
YBL059W,141,134,NA,0
YBL058W,1337,1238,0,1
YBL056W,732,650,1,3
YBL054W,417,402,2,1
YBL050W,816,715,3,0
YBL048W,1,0,NA,1
YBL046W,249,241,NA,0
YBL043W,64,49,2,0
YBL041W,1254,1152,1,1
YBL039W-B,40,21,7,0
YBL038W,666,572,1,0
YBL037W,440,410,1,1
YBL032W,546,490,4,0
YBL031W,87,76,0,1
YBL029W,54,49,NA,1
YBL027W,4775,4147,6,4
YBL026W,446,311,19,0
YBL025W,179,138,1,0
YBL024W,1513,1388,0,NA
YBL020W,120,105,4,0
YBL019W,58,53,NA,0
YBL016W,462,442,NA,0
YBL015W,352,325,0,0
YBL011W,305,291,5,0
YBL009W,263,244,3,2
YBL008W,169,160,NA,0
YBL005W,64,59,0,0
YBL004W,892,866,NA,0
YBL002W,2303,1814,0,10
YBR003W,370,346,0,1
YBR005W,198,148,3,0
YBR006W,158,141,0,0
YBR010W,4010,3169,4,16
YBR016W,828,689,1,2
YBR020W,1,1,0,0
YBR021W,447,413,2,0
YBR022W,245,203,0,1
YBR024W,198,185,2,NA
YBR030W,92,77,0,2
YBR031W,9014,8547,0,6
YBR033W,56,55,NA,0
YBR038W,809,763,0,2
YBR039W,2055,1832,3,2
YBR041W,352,327,1,0
YBR047W,18,16,0,0
YBR048W,3956,3565,0,19
YBR051W,1,0,NA,1
YBR054W,1272,1064,76,3
YBR056W,709,680,0,0
YBR056W-A,413,279,0,9
YBR071W,982,836,16,3
YBR072W,574,485,1,0
YBR073W,941,929,NA,1
YBR074W,310,300,NA,0
YBR076W,2,1,NA,1
YBR078W,5236,4819,27,8
YBR083W,415,387,7,NA
YBR084W,1427,1374,0,0
YBR085W,16,14,1,0
YBR087W,441,398,0,0
YBR094W,359,339,1,NA
YBR096W,474,389,3,0
YBR097W,148,146,NA,0
YBR098W,76,74,0,0
YBR103W,213,196,3,0
YBR104W,241,213,1,0
YBR106W,1247,1056,3,4
YBR108W,329,321,1,0
YBR110W,216,198,0,0
YBR111W-A,295,231,2,1
YBR114W,161,149,1,0
YBR118W,28381,26697,0,34
YBR119W,192,163,5,1
YBR131W,103,90,0,0
YBR135W,418,365,6,1
YBR136W,147,142,NA,0
YBR137W,297,278,NA,1
YBR139W,880,851,NA,4
YBR141W-A,12,1,0,0
YBR142W,669,612,2,0
YBR145W,231,195,3,1
YBR146W,553,495,1,2
YBR147W,39,31,0,0
YBR148W,11,11,NA,0
YBR149W,1965,1831,0,0
YBR151W,336,309,2,2
YBR152W,93,84,1,NA
YBR153W,194,177,0,0
YBR155W,381,357,1,1
YBR158W,680,609,21,0
YBR159W,722,629,1,0
YBR160W,686,620,2,0
YBR161W,176,154,1,1
YBR162W-A,499,402,0,3
YBR163W,28,23,2,0
YBR165W,218,187,0,0
YBR168W,53,42,3,NA
YBR171W,489,426,0,0
YBR175W,112,102,NA,0
YBR176W,138,112,1,1
YBR178W,0,0,0,0
YBR183W,412,346,2,0
YBR184W,36,36,NA,0
YBR186W,2,2,0,NA
YBR187W,295,216,7,2
YBR189W,5386,4571,6,2
YBR192W,261,234,4,0
YBR194W,168,123,4,4
YBR199W,643,592,5,0
YBR200W,325,294,2,0
YBR201W,95,70,3,0
YBR202W,558,542,2,2
YBR203W,192,184,1,1
YBR205W,500,482,1,NA
YBR207W,321,292,1,2
YBR210W,128,106,0,0
YBR212W,702,661,11,1
YBR213W,101,85,1,6
YBR214W,763,701,4,0
YBR215W,357,339,1,0
YBR217W,58,40,0,0
YBR225W,154,152,NA,0
YBR228W,42,39,NA,0
YBR230W-A,282,163,0,1
YBR233W,259,221,2,1
YBR233W-A,115,93,0,0
YBR235W,142,134,1,0
YBR237W,144,140,0,0
YBR242W,350,293,5,1
YBR244W,56,43,0,1
YBR246W,228,200,0,0
YBR250W,2,2,0,NA
YBR251W,641,587,0,1
YBR252W,568,446,0,0
YBR253W,180,107,8,0
YBR255W,132,122,0,0
YBR257W,167,147,0,0
YBR259W,82,80,0,0
YBR263W,598,547,0,0
YBR265W,382,341,0,0
YBR267W,572,536,0,0
YBR268W,325,275,0,0
YBR271W,167,156,0,1
YBR274W,150,139,5,0
YBR278W,121,108,0,0
YBR279W,683,611,0,1
YBR282W,609,513,1,4
YBR284W,31,27,4,NA
YBR285W,14,13,NA,0
YBR286W,2421,2318,1,1
YBR287W,450,437,0,0
YBR289W,501,488,0,0
YBR290W,381,348,0,2
YBR293W,33,27,NA,2
YBR294W,8,8,NA,0
YBR295W,62,59,NA,0
YBR297W,133,126,0,0
YBR299W,113,103,2,0
YCL064C,126,110,0,0
YCL061C,776,754,0,NA
YCL059C,1610,1383,0,1
YCL057C-A,1323,875,0,1
YCL056C,123,113,NA,0
YCL052C,511,450,1,2
YCL050C,2887,2624,10,3
YCL049C,784,681,1,2
YCL047C,276,255,NA,0
YCL045C,1730,1657,0,1
YCL044C,504,448,1,0
YCL043C,6732,6528,NA,0
YCL041C,424,380,0,NA
YCL038C,229,218,0,0
YCL037C,2948,2809,11,5
YCL035C,2000,1570,0,2
YCL033C,617,571,NA,1
YCL031C,969,879,3,2
YCL030C,2918,2784,3,5
YCL029C,389,348,0,7
YCL026C-B,149,137,0,0
YCL026C-A,9,8,NA,0
YCL025C,2819,2715,0,2
YCL017C,1849,1702,8,0
YCL016C,236,199,0,0
YCL012C,391,289,0,0
YCL011C,916,887,0,0
YCL010C,379,344,0,1
YCL009C,2510,2234,0,1
YCL008C,381,367,NA,1
YCL002C,93,84,1,0
YCR002C,1642,1447,3,1
YCR004C,1843,1630,14,5
YCR005C,2686,2535,0,3
YCR007C,99,67,12,0
YCR009C,1673,1520,6,0
YCR010C,5,3,NA,2
YCR011C,1093,1030,8,0
YCR014C,27,25,NA,1
YCR015C,288,255,0,0
YCR017C,1203,1116,0,1
YCR020C,55,47,NA,1
YCR020C-A,362,309,0,3
YCR021C,135,116,0,0
YCR022C,0,0,0,0
YCR023C,320,237,41,1
YCR024C,326,316,0,3
YCR024C-B,12,7,0,4
YCR024C-A,711,238,107,NA
YCR025C,2,2,NA,0
YCR026C,832,766,4,1
YCR027C,303,242,18,0
YCR028C,355,302,14,0
YCR028C-A,1748,1427,6,9
YCR030C,1853,1775,7,1
YCR031C,5353,4327,0,24
YCR035C,961,889,0,1
YCR037C,764,740,NA,2
YCR038C,69,69,NA,0
YCR042C,860,849,0,NA
YCR043C,484,406,0,1
YCR044C,230,209,0,0
YCR045C,0,0,0,0
YCR046C,828,718,NA,0
YCR047C,618,533,6,1
YCR054C,602,570,0,0
YCR057C,1221,1132,1,1
YCR059C,350,293,0,2
YCR064C,1,1,NA,NA
YCR067C,820,781,6,0
YCR071C,737,636,1,1
YCR072C,956,857,0,2
YCR073C,173,170,0,0
YCR075C,124,116,0,0
YCR076C,331,291,0,0
YCR077C,3315,3198,2,1
YCR084C,2289,2083,50,2
YCR087C-A,635,537,0,2
YCR090C,453,368,0,5
YCR092C,358,338,0,0
YCR095C,271,239,0,0
YCR098C,31,31,NA,0
YCR102C,6,6,0,0
YCL063W,505,459,2,0
YCL058W-A,309,240,0,1
YCL057W,1592,1560,0,1
YCL055W,426,404,0,0
YCL054W,1729,1631,0,2
YCL051W,362,331,6,0
YCL048W,10,9,NA,0
YCL040W,6240,5988,NA,3
YCL039W,464,421,0,0
YCL036W,293,266,NA,0
YCL034W,929,888,0,0
YCL032W,503,453,0,1
YCL028W,2405,2280,1,0
YCL027W,38,37,0,0
YCL024W,510,502,0,NA
YCL021W-A,4,3,0,0
YCL018W,390,292,0,3
YCL014W,594,567,2,1
YCL005W-A,816,587,0,4
YCL005W,110,100,0,0
YCL004W,216,192,21,0
YCL001W,836,670,0,2
YCR003W,1041,941,0,1
YCR008W,314,247,32,3
YCR012W,23186,21839,12,39
YCR016W,825,760,0,0
YCR019W,290,209,46,0
YCR020W-B,714,427,0,12
YCR032W,183,176,NA,1
YCR033W,287,274,NA,0
YCR034W,2031,1789,0,2
YCR036W,911,860,NA,0
YCR045W-A,21,2,19,0
YCR048W,180,163,0,0
YCR051W,833,716,1,0
YCR052W,1027,927,1,0
YCR053W,6022,5579,4,0
YCR061W,560,526,0,6
YCR063W,308,235,0,1
YCR065W,494,449,0,1
YCR066W,276,237,0,1
YCR068W,211,194,6,0
YCR069W,642,560,12,0
YCR073W-A,999,920,0,0
YCR075W-A,284,165,0,2
YCR079W,84,72,0,0
YCR081W,237,229,0,NA
YCR082W,732,533,0,1
YCR083W,413,346,0,0
YCR085W,3,2,1,NA
YCR086W,380,344,0,NA
YCR088W,4712,4525,2,3
YCR089W,49,49,NA,0
YCR091W,211,196,0,0
YCR093W,1770,1750,0,3
YCR094W,472,419,2,0
YCR095W-A,36,1,30,4
YCR097W,0,0,0,0
YCR105W,17,16,NA,0
YCR106W,153,139,0,NA
YCR107W,36,27,NA,0
YDL243C,22,16,4,1
YDL239C,3,3,NA,0
YDL238C,106,99,0,0
YDL235C,411,341,0,1
YDL234C,440,405,4,0
YDL231C,26,23,NA,0
YDL227C,289,285,NA,0
YDL226C,1216,1112,0,0
YDL224C,490,451,18,0
YDL222C,96,95,NA,NA
YDL220C,108,106,NA,1
YDL217C,416,340,6,0
YDL216C,82,80,NA,0
YDL215C,735,717,NA,1
YDL214C,11,9,0,1
YDL213C,678,627,0,2
YDL211C,34,30,0,0
YDL209C,128,116,0,1
YDL205C,244,203,11,0
YDL203C,303,273,3,0
YDL200C,103,86,NA,1
YDL199C,52,48,0,0
YDL198C,794,672,0,0
YDL197C,47,44,0,0
YDL190C,795,727,15,1
YDL188C,462,434,5,0
YDL187C,22,0,22,NA
YDL184C,2482,729,0,29
YDL183C,81,69,1,0
YDL177C,47,37,4,1
YDL175C,334,301,0,1
YDL174C,1296,1213,0,NA
YDL171C,1211,1166,11,NA
YDL169C,37,36,NA,0
YDL167C,371,331,0,1
YDL166C,376,306,2,1
YDL164C,427,412,0,5
YDL160C-A,87,59,0,0
YDL160C,2741,2538,35,7
YDL157C,416,328,0,0
YDL153C,708,669,2,0
YDL148C,1024,996,0,NA
YDL145C,1602,1504,25,2
YDL144C,196,185,0,0
YDL142C,120,108,0,0
YDL140C,1091,1076,NA,0
YDL139C,103,95,NA,0
YDL135C,592,529,1,1
YDL134C,713,634,28,0
YDL133C-A,2098,729,0,26
YDL126C,5045,4798,3,4
YDL125C,757,690,NA,1
YDL121C,364,322,0,0
YDL119C,191,173,0,0
YDL115C,189,168,0,0
YDL113C,235,217,4,0
YDL111C,464,426,4,0
YDL110C,608,510,5,1
YDL109C,14,9,NA,5
YDL106C,368,344,1,0
YDL104C,93,90,0,0
YDL103C,878,817,1,0
YDL101C,331,311,0,1
YDL100C,1909,1719,0,2
YDL098C,76,71,0,1
YDL097C,1790,1716,0,1
YDL094C,5,0,5,0
YDL091C,165,152,0,0
YDL090C,162,151,0,0
YDL088C,449,440,1,1
YDL087C,107,98,0,1
YDL086C-A,1,1,0,0
YDL085C-A,178,113,3,0
YDL083C,2702,2260,0,6
YDL081C,2522,1827,59,14
YDL080C,115,104,NA,0
YDL079C,24,24,NA,0
YDL078C,1060,946,4,0
YDL077C,201,200,NA,0
YDL076C,191,156,15,0
YDL074C,530,507,2,0
YDL072C,1217,1013,4,1
YDL069C,51,39,3,0
YDL067C,705,356,2,1
YDL065C,526,467,0,0
YDL063C,448,411,0,0
YDL061C,1726,955,0,12
YDL059C,36,31,1,NA
YDL055C,6027,5522,91,27
YDL054C,170,139,2,1
YDL053C,476,394,15,9
YDL052C,392,351,1,0
YDL049C,46,40,4,0
YDL048C,98,94,0,0
YDL045C,177,159,2,0
YDL044C,250,225,0,0
YDL043C,245,208,0,1
YDL042C,190,175,0,0
YDL040C,1401,1336,0,0
YDL039C,52,52,NA,0
YDL036C,191,188,NA,0
YDL035C,146,142,NA,0
YDL033C,67,63,0,0
YDL028C,228,204,7,0
YDL027C,192,160,7,0
YDL025C,227,206,6,0
YDL024C,8,8,NA,0
YDL020C,627,580,1,1
YDL019C,531,525,NA,0
YDL018C,258,232,1,0
YDL015C,1005,890,2,NA
YDL012C,532,457,0,1
YDL009C,0,0,0,0
YDL005C,453,430,0,0
YDL002C,291,244,4,1
YDR001C,1449,1417,NA,0
YDR005C,231,221,2,0
YDR006C,343,325,0,0
YDR008C,1,0,NA,1
YDR010C,0,0,0,0
YDR016C,121,72,1,3
YDR017C,402,390,NA,0
YDR018C,22,22,NA,0
YDR019C,846,802,NA,2
YDR020C,148,125,NA,3
YDR022C,81,72,0,0
YDR026C,133,125,1,0
YDR027C,176,159,3,0
YDR028C,1125,1089,NA,1
YDR030C,85,84,0,0
YDR032C,1564,1439,13,0
YDR034C,209,202,2,0
YDR036C,257,236,0,0
YDR038C,1020,987,NA,0
YDR042C,2,2,NA,0
YDR045C,314,214,27,1
YDR046C,1090,982,20,2
YDR048C,3,0,3,0
YDR050C,9083,8171,6,21
YDR051C,265,243,0,0
YDR052C,297,274,3,0
YDR054C,668,582,6,6
YDR056C,344,257,5,1
YDR058C,106,98,0,0
YDR059C,315,268,0,0
YDR066C,102,75,6,0
YDR067C,136,125,1,0
YDR069C,192,188,NA,0
YDR070C,37,27,0,0
YDR071C,1226,995,20,8
YDR072C,497,476,4,1
YDR078C,52,47,0,0
YDR079C-A,123,64,1,1
YDR081C,224,207,0,0
YDR084C,259,211,0,2
YDR085C,163,154,NA,0
YDR086C,733,580,27,4
YDR087C,826,749,0,1
YDR088C,229,214,1,1
YDR090C,163,137,9,2
YDR091C,1598,1493,4,0
YDR097C,445,444,0,0
YDR098C,1145,1108,NA,3
YDR101C,1209,1175,0,2
YDR104C,75,74,NA,0
YDR105C,247,224,1,0
YDR107C,88,75,0,0
YDR109C,152,141,NA,0
YDR111C,302,280,5,1
YDR113C,280,267,0,2
YDR116C,541,504,0,1
YDR117C,375,357,0,0
YDR120C,714,711,NA,0
YDR123C,201,167,1,2
YDR125C,40,38,NA,1
YDR129C,3066,2921,0,1
YDR130C,231,202,0,0
YDR131C,86,80,1,0
YDR132C,50,42,3,0
YDR133C,1384,20,1167,6
YDR135C,960,945,NA,0
YDR139C,272,201,0,1
YDR141C,570,566,NA,NA
YDR142C,88,71,3,0
YDR143C,402,375,9,0
YDR144C,260,236,7,0
YDR146C,703,689,NA,0
YDR148C,1566,1444,0,5
YDR151C,339,322,4,0
YDR153C,873,821,2,1
YDR162C,388,312,8,2
YDR164C,273,255,0,0
YDR166C,423,421,NA,0
YDR169C,448,410,9,0
YDR170C,1665,1643,NA,1
YDR173C,122,114,0,NA
YDR175C,617,539,0,0
YDR179C,117,99,0,2
YDR181C,191,171,0,1
YDR185C,52,44,0,0
YDR186C,372,355,2,0
YDR190C,1394,1275,0,4
YDR192C,294,274,1,0
YDR194C,953,894,0,1
YDR196C,238,224,NA,0
YDR198C,154,136,0,0
YDR200C,146,132,0,0
YDR202C,166,151,0,2
YDR207C,227,211,5,NA
YDR215C,2,0,0,2
YDR217C,193,189,0,NA
YDR218C,12,12,NA,0
YDR219C,332,313,NA,1
YDR224C,3281,2510,15,8
YDR228C,361,341,0,0
YDR231C,313,279,0,0
YDR233C,2255,1984,2,3
YDR236C,125,114,0,0
YDR238C,2634,2540,1,0
YDR239C,204,192,0,0
YDR240C,145,133,0,0
YDR243C,213,201,0,0
YDR248C,209,170,9,0
YDR249C,42,37,0,0
YDR253C,13,6,3,0
YDR255C,99,89,4,0
YDR256C,4,4,NA,0
YDR257C,376,346,0,2
YDR258C,2601,2532,0,1
YDR259C,64,56,4,0
YDR260C,270,227,0,1
YDR261C,227,220,0,2
YDR263C,41,39,0,1
YDR264C,605,582,0,0
YDR266C,684,644,9,0
YDR267C,202,177,0,0
YDR271C,7,6,NA,1
YDR274C,1,0,NA,1
YDR276C,1050,636,2,10
YDR277C,338,305,4,0
YDR281C,0,0,0,0
YDR282C,87,83,0,2
YDR283C,332,327,NA,0
YDR284C,426,365,17,0
YDR286C,78,68,NA,0
YDR289C,371,349,0,0
YDR292C,459,443,1,0
YDR293C,1184,1115,23,NA
YDR294C,705,668,0,0
YDR295C,255,231,4,0
YDR298C,1283,1096,21,3
YDR300C,371,322,0,2
YDR303C,298,271,5,0
YDR304C,1004,873,0,0
YDR305C,175,159,NA,0
YDR306C,208,177,3,0
YDR308C,324,238,10,1
YDR309C,1164,1077,6,0
YDR310C,310,290,8,1
YDR313C,108,95,0,0
YDR314C,60,43,5,0
YDR315C,44,42,0,0
YDR319C,156,122,13,0
YDR320C,542,518,0,2
YDR320C-A,166,116,NA,2
YDR322C-A,606,485,0,10
YDR323C,64,62,0,0
YDR324C,978,978,NA,0
YDR326C,342,338,NA,0
YDR328C,1049,856,14,0
YDR329C,255,219,0,0
YDR333C,428,404,0,0
YDR338C,83,78,0,0
YDR339C,478,428,0,2
YDR341C,2477,2337,0,0
YDR342C,7289,6983,35,15
YDR343C,7105,6812,35,4
YDR345C,4010,3826,3,4
YDR346C,905,808,8,1
YDR348C,523,478,11,0
YDR349C,351,324,6,2
YDR350C,153,139,3,0
YDR357C,195,168,8,1
YDR359C,184,168,6,0
YDR361C,592,545,1,3
YDR362C,177,150,4,0
YDR364C,158,142,0,1
YDR365C,1116,1049,1,0
YDR366C,7,7,0,NA
YDR369C,166,160,NA,0
YDR370C,104,92,0,0
YDR372C,688,594,9,1
YDR375C,259,237,0,0
YDR378C,318,216,0,2
YDR379C-A,122,92,0,0
YDR381C-A,215,170,NA,0
YDR383C,110,92,0,0
YDR384C,768,666,5,0
YDR387C,82,56,25,0
YDR390C,424,393,0,0
YDR391C,373,336,0,0
YDR397C,353,283,7,1
YDR402C,6,4,NA,2
YDR404C,315,260,10,2
YDR407C,224,219,1,0
YDR408C,354,319,0,0
YDR410C,92,71,0,0
YDR411C,509,445,0,0
YDR414C,77,65,2,0
YDR415C,240,208,1,0
YDR422C,274,256,1,0
YDR423C,228,226,NA,0
YDR424C,247,161,2,0
YDR426C,1,1,NA,0
YDR428C,137,120,0,0
YDR429C,1993,1758,0,5
YDR430C,636,611,0,0
YDR435C,170,144,0,0
YDR441C,133,93,6,3
YDR443C,109,106,NA,1
YDR445C,30,30,NA,0
YDR447C,4105,3295,0,11
YDR449C,519,483,0,1
YDR451C,622,586,1,0
YDR453C,88,71,0,1
YDR454C,1119,990,0,3
YDR458C,475,435,1,0
YDR459C,41,34,0,1
YDR461C-A,113,55,0,1
YDR465C,640,586,0,0
YDR468C,321,282,4,0
YDR470C,259,211,0,1
YDR473C,206,189,1,0
YDR475C,141,137,0,0
YDR476C,285,261,0,1
YDR479C,167,153,0,0
YDR481C,385,340,3,0
YDR482C,80,63,0,0
YDR485C,247,239,0,0
YDR486C,451,406,0,0
YDR487C,867,804,1,0
YDR488C,68,66,NA,0
YDR490C,212,193,2,0
YDR495C,188,176,NA,0
YDR496C,1600,1510,0,1
YDR497C,2450,2249,13,1
YDR498C,197,190,0,0
YDR500C,2269,1682,0,1
YDR502C,3336,3006,0,7
YDR503C,106,100,1,0
YDR504C,2,1,NA,1
YDR505C,666,610,24,NA
YDR506C,82,72,0,6
YDR507C,1002,991,NA,3
YDR508C,2669,2513,8,0
YDR510C-A,2,0,2,NA
YDR512C,152,141,NA,0
YDR514C,210,207,0,0
YDR516C,889,822,7,1
YDR520C,84,70,1,0
YDR522C,2,2,NA,0
YDR523C,12,12,NA,0
YDR524C,154,139,3,0
YDR524C-B,3523,2167,34,23
YDR524C-A,15,0,0,15
YDR529C,1382,1090,2,10
YDR530C,95,89,NA,0
YDR532C,158,146,0,0
YDR533C,518,427,0,0
YDR534C,0,0,0,0
YDR535C,7,4,NA,3
YDR540C,20,10,0,1
YDR541C,37,32,0,0
YDL248W,823,772,0,6
YDL244W,85,77,NA,1
YDL242W,2,1,NA,0
YDL241W,117,95,0,0
YDL240W,123,121,NA,1
YDL237W,321,299,0,0
YDL236W,821,729,0,0
YDL233W,214,200,0,0
YDL232W,171,49,0,1
YDL230W,93,81,0,0
YDL229W,10325,9897,2,5
YDL225W,760,681,0,2
YDL221W,0,0,0,0
YDL219W,315,254,1,0
YDL218W,9,9,0,0
YDL212W,788,658,0,0
YDL210W,5,4,NA,0
YDL208W,1268,1044,5,0
YDL207W,170,163,0,0
YDL206W,47,35,11,0
YDL204W,709,612,42,0
YDL202W,474,430,1,1
YDL201W,445,382,0,0
YDL195W,2255,2189,6,0
YDL194W,43,41,NA,0
YDL193W,450,371,5,2
YDL192W,2174,1914,1,11
YDL191W,3817,3179,0,8
YDL189W,201,183,0,1
YDL185W,7179,6895,8,10
YDL182W,1686,1588,1,0
YDL181W,506,340,2,1
YDL180W,82,70,3,0
YDL179W,356,315,2,0
YDL178W,626,596,0,1
YDL176W,116,98,13,0
YDL173W,829,793,NA,NA
YDL170W,173,150,NA,0
YDL168W,1170,1043,0,0
YDL165W,303,268,0,0
YDL161W,694,669,0,0
YDL159W,162,148,0,0
YDL156W,103,96,0,NA
YDL155W,222,206,0,1
YDL154W,16,16,NA,0
YDL150W,483,443,0,NA
YDL149W,95,93,NA,0
YDL147W,1743,1646,0,2
YDL146W,51,33,13,0
YDL143W,1913,1770,1,0
YDL141W,300,276,8,0
YDL138W,51,33,15,0
YDL137W,1300,1089,19,1
YDL136W,3639,3113,1,2
YDL133W,171,152,5,1
YDL132W,644,604,24,NA
YDL131W,2180,2048,4,0
YDL130W-A,675,467,0,3
YDL130W,3275,2455,0,16
YDL129W,28,22,0,0
YDL128W,787,703,0,1
YDL127W,155,126,1,10
YDL124W,2579,2293,4,1
YDL123W,153,130,0,0
YDL122W,762,738,15,NA
YDL120W,426,339,5,0
YDL117W,357,322,9,1
YDL116W,421,370,0,0
YDL114W,3,3,NA,0
YDL112W,788,772,NA,0
YDL108W,175,158,0,0
YDL107W,152,142,0,0
YDL105W,96,89,0,0
YDL102W,486,463,0,0
YDL099W,539,487,1,0
YDL095W,1338,1239,0,0
YDL093W,164,151,0,0
YDL092W,561,466,0,1
YDL089W,110,99,3,0
YDL086W,1158,1047,NA,4
YDL085W,18,17,0,0
YDL084W,2518,2320,13,1
YDL082W,3192,2736,4,8
YDL075W,3065,2359,5,5
YDL073W,92,85,3,0
YDL070W,428,406,0,3
YDL068W,2,2,NA,0
YDL066W,884,813,0,0
YDL064W,435,367,0,2
YDL060W,716,691,0,NA
YDL058W,336,324,0,1
YDL057W,123,105,0,0
YDL056W,254,250,NA,0
YDL051W,978,880,0,0
YDL046W,791,628,0,3
YDL045W-A,414,292,0,4
YDL041W,0,0,0,0
YDL032W,0,0,0,0
YDL031W,885,854,1,0
YDL030W,149,142,1,0
YDL029W,1451,1339,0,1
YDL025W-A,0,0,0,0
YDL022W,3751,3476,17,4
YDL021W,184,160,0,0
YDL017W,183,175,NA,0
YDL014W,3878,3485,55,3
YDL013W,112,108,0,1
YDL010W,343,305,0,1
YDL008W,227,188,0,0
YDL007W,1396,1271,0,1
YDL006W,198,182,7,0
YDL004W,1150,945,2,2
YDL003W,335,324,NA,0
YDL001W,247,217,0,1
YDR002W,2514,2168,0,5
YDR003W-A,0,0,0,0
YDR004W,65,64,NA,0
YDR007W,57,50,0,0
YDR009W,50,47,0,0
YDR011W,816,755,13,0
YDR012W,9231,8827,1,5
YDR013W,124,110,0,0
YDR014W,102,99,0,0
YDR014W-A,5,5,NA,0
YDR021W,189,177,2,0
YDR023W,4090,3848,0,0
YDR024W,10,4,NA,NA
YDR025W,4872,4342,NA,11
YDR031W,328,263,0,1
YDR033W,4475,3994,106,14
YDR034W-B,215,134,0,1
YDR035W,1719,1539,1,1
YDR037W,5152,4967,0,1
YDR041W,432,367,0,0
YDR044W,345,319,0,0
YDR047W,528,482,1,0
YDR049W,300,287,0,0
YDR055W,3952,3695,4,4
YDR057W,177,170,0,0
YDR060W,1466,1417,3,0
YDR061W,328,316,0,0
YDR062W,820,751,13,1
YDR063W,308,254,9,0
YDR064W,4468,3761,0,13
YDR065W,79,69,5,0
YDR068W,323,304,1,NA
YDR073W,160,116,31,NA
YDR074W,2084,1951,21,NA
YDR075W,146,129,1,0
YDR076W,130,75,3,37
YDR077W,26549,24729,48,91
YDR079W,245,177,0,2
YDR080W,268,258,0,NA
YDR082W,31,16,9,0
YDR083W,615,586,0,0
YDR089W,261,253,0,0
YDR092W,611,479,0,0
YDR093W,292,271,1,NA
YDR096W,312,306,NA,0
YDR099W,2613,2338,37,5
YDR100W,346,286,0,0
YDR103W,283,275,NA,0
YDR106W,17,17,NA,0
YDR108W,125,120,0,0
YDR110W,185,175,0,0
YDR115W,403,330,0,1
YDR118W,100,99,0,NA
YDR119W,655,609,7,0
YDR119W-A,74,41,0,0
YDR121W,395,303,1,0
YDR122W,452,446,NA,0
YDR124W,56,11,44,1
YDR126W,57,48,3,NA
YDR127W,3553,3430,1,1
YDR128W,161,155,NA,0
YDR137W,222,202,3,1
YDR138W,207,189,0,0
YDR140W,258,209,0,0
YDR145W,889,835,0,1
YDR147W,184,173,0,0
YDR150W,1849,1832,1,1
YDR152W,541,489,0,0
YDR158W,2842,2692,0,0
YDR159W,169,164,3,NA
YDR160W,27,20,7,NA
YDR161W,624,580,0,0
YDR163W,222,192,NA,0
YDR165W,763,714,0,0
YDR167W,296,254,0,0
YDR168W,1266,1168,0,1
YDR171W,982,879,2,0
YDR172W,3271,3120,1,2
YDR174W,1429,1285,0,5
YDR176W,269,244,0,1
YDR177W,1091,898,19,2
YDR178W,569,493,11,0
YDR179W-A,72,64,5,0
YDR180W,99,93,1,NA
YDR182W,439,418,0,0
YDR183W,164,144,2,0
YDR188W,1472,1357,1,3
YDR189W,606,567,2,0
YDR191W,139,115,0,0
YDR195W,426,402,3,0
YDR197W,174,160,0,0
YDR201W,92,84,NA,0
YDR204W,257,242,0,0
YDR205W,173,159,0,0
YDR206W,493,423,45,NA
YDR208W,511,475,10,0
YDR210W,784,589,0,3
YDR211W,781,711,0,1
YDR212W,1464,1321,1,1
YDR213W,247,235,4,0
YDR214W,2504,2241,8,1
YDR216W,962,927,NA,3
YDR221W,300,285,0,2
YDR222W,263,250,0,2
YDR223W,3,1,1,NA
YDR225W,3066,2338,34,12
YDR226W,2273,2006,0,8
YDR227W,334,295,2,0
YDR229W,240,219,1,0
YDR232W,747,699,9,0
YDR234W,591,554,0,1
YDR235W,210,194,NA,1
YDR237W,461,391,5,1
YDR241W,19,18,NA,0
YDR242W,66,39,13,0
YDR244W,426,406,0,1
YDR245W,424,379,0,0
YDR246W,256,222,0,0
YDR247W,95,88,3,0
YDR251W,384,356,12,NA
YDR252W,103,91,0,1
YDR254W,78,68,0,0
YDR262W,375,342,0,1
YDR265W,119,76,25,0
YDR268W,178,164,0,0
YDR270W,95,92,NA,0
YDR272W,750,665,0,0
YDR273W,11,9,0,NA
YDR275W,47,41,5,0
YDR279W,165,144,2,0
YDR280W,461,393,7,1
YDR285W,40,38,NA,0
YDR287W,175,151,0,0
YDR288W,124,115,NA,0
YDR291W,112,106,NA,0
YDR296W,557,469,3,1
YDR297W,420,376,0,2
YDR299W,816,756,0,0
YDR301W,217,209,0,0
YDR302W,211,195,0,1
YDR307W,310,288,0,0
YDR311W,239,227,0,0
YDR312W,506,457,1,0
YDR316W,416,385,0,0
YDR317W,25,24,0,0
YDR318W,92,82,0,0
YDR320W-B,3,0,3,NA
YDR321W,1242,1134,0,0
YDR322W,734,667,0,0
YDR325W,133,132,NA,0
YDR330W,282,255,0,1
YDR331W,466,406,0,0
YDR332W,33,31,0,0
YDR334W,133,111,8,1
YDR335W,544,533,NA,0
YDR336W,32,29,NA,0
YDR337W,539,482,2,2
YDR347W,421,383,11,1
YDR351W,389,387,NA,NA
YDR352W,216,194,5,0
YDR353W,1754,1572,2,2
YDR354W,466,413,2,1
YDR356W,342,334,0,0
YDR358W,519,489,0,1
YDR363W,149,140,4,0
YDR363W-A,692,523,0,0
YDR367W,231,188,1,0
YDR368W,869,774,1,6
YDR371W,141,136,0,0
YDR374W-A,137,98,0,0
YDR376W,224,208,0,0
YDR377W,926,645,5,5
YDR379W,358,340,6,0
YDR380W,964,857,21,1
YDR381W,1761,1643,0,5
YDR382W,3088,2330,51,13
YDR385W,13248,12747,2,6
YDR386W,124,122,0,0
YDR388W,1840,1736,0,0
YDR389W,234,226,NA,0
YDR392W,129,116,0,0
YDR393W,135,119,0,0
YDR394W,1044,940,0,1
YDR395W,1456,1373,10,1
YDR396W,3,0,NA,3
YDR398W,854,806,0,1
YDR399W,594,508,3,4
YDR401W,7,7,NA,0
YDR403W,12,11,NA,0
YDR405W,604,538,2,1
YDR406W,90,89,NA,NA
YDR409W,117,114,NA,0
YDR412W,463,380,0,0
YDR416W,180,162,0,0
YDR418W,4069,3444,8,2
YDR419W,107,96,0,1
YDR420W,412,404,NA,1
YDR421W,119,115,0,0
YDR425W,156,153,NA,0
YDR427W,1202,1119,0,2
YDR434W,353,312,3,0
YDR436W,246,233,3,0
YDR438W,2,2,0,0
YDR439W,90,82,0,0
YDR440W,121,114,1,0
YDR442W,0,0,0,0
YDR444W,118,95,4,0
YDR446W,3,2,NA,NA
YDR448W,384,345,0,1
YDR450W,4172,3542,0,4
YDR452W,508,471,9,0
YDR456W,301,270,0,0
YDR457W,920,886,6,3
YDR460W,226,207,1,0
YDR461W,2,1,0,0
YDR462W,702,560,6,1
YDR463W,799,742,0,0
YDR464W,227,214,0,NA
YDR466W,195,178,1,0
YDR469W,257,225,0,0
YDR471W,2725,2298,0,9
YDR472W,243,208,0,0
YDR477W,960,898,8,1
YDR478W,126,97,0,0
YDR483W,695,627,0,0
YDR484W,259,247,0,0
YDR489W,136,129,0,0
YDR492W,315,260,3,0
YDR493W,373,252,3,0
YDR494W,740,696,0,0
YDR499W,66,63,0,NA
YDR501W,70,68,0,0
YDR510W,855,698,3,5
YDR511W,358,324,NA,1
YDR513W,834,760,0,2
YDR515W,379,349,3,0
YDR517W,303,271,1,1
YDR518W,299,284,0,0
YDR519W,469,410,0,0
YDR525W-A,643,438,0,2
YDR527W,207,196,0,0
YDR528W,95,73,9,1
YDR531W,320,269,6,0
YDR536W,31,30,NA,0
YDR538W,97,79,0,1
YDR539W,480,468,0,0
YEL073C,203,193,0,1
YEL068C,63,52,0,1
YEL064C,84,76,1,0
YEL063C,164,80,7,2
YEL061C,232,212,5,NA
YEL060C,3859,3686,3,3
YEL059C-A,70,57,0,0
YEL057C,6,6,NA,0
YEL055C,702,670,0,0
YEL054C,3652,3116,2,11
YEL053C,154,140,0,0
YEL050C,695,653,6,1
YEL048C,117,101,NA,1
YEL047C,836,772,0,NA
YEL046C,2917,2736,NA,14
YEL039C,383,281,2,0
YEL037C,1014,928,10,0
YEL036C,460,426,1,0
YEL034C-A,0,0,0,0
YEL029C,169,147,0,0
YEL025C,56,44,NA,0
YEL023C,9,4,4,NA
YEL017C-A,377,104,6,2
YEL016C,55,48,6,0
YEL009C-A,3,2,NA,1
YEL009C,855,278,537,1
YEL008C-A,7,2,NA,4
YEL005C,75,59,0,0
YEL002C,930,852,1,1
YEL001C,766,677,0,0
YER003C,1840,1708,0,0
YER007C-A,822,690,1,3
YER008C,450,432,0,0
YER010C,167,150,0,0
YER017C,609,589,NA,1
YER018C,137,114,3,0
YER019C-A,537,418,2,1
YER023C-A,0,0,0,0
YER026C,2136,1915,1,1
YER027C,583,536,2,0
YER028C,6,5,0,0
YER029C,311,263,0,0
YER031C,840,738,1,1
YER033C,119,117,NA,1
YER036C,2249,2104,1,2
YER038C,31,28,0,1
YER039C,1,1,NA,0
YER043C,9137,8405,0,13
YER044C,505,370,0,2
YER044C-A,2,2,NA,NA
YER045C,115,107,2,0
YER047C,226,217,NA,2
YER048C,823,753,7,0
YER050C,602,489,24,2
YER052C,1594,1495,1,0
YER053C,648,521,13,0
YER053C-A,557,281,0,7
YER054C,135,130,NA,0
YER055C,1607,1426,0,0
YER056C,2214,2004,38,0
YER056C-A,3344,2568,0,7
YER057C,840,623,5,1
YER061C,123,107,0,1
YER062C,1583,1401,4,3
YER064C,871,802,2,1
YER065C,25,12,12,0
YER071C,270,214,0,2
YER075C,173,163,3,0
YER076C,35,28,2,0
YER077C,535,535,NA,0
YER078C,177,160,6,0
YER082C,729,669,0,0
YER083C,648,586,0,0
YER085C,3,3,0,0
YER087C-B,403,246,4,12
YER088C,459,435,1,6
YER088C-A,23,17,NA,0
YER089C,763,657,44,NA
YER091C,5618,5337,12,2
YER093C,154,152,NA,0
YER093C-A,95,76,0,0
YER094C,955,804,15,5
YER099C,490,448,0,0
YER101C,269,238,0,2
YER105C,558,540,0,0
YER107C,382,320,9,0
YER109C,56,54,NA,NA
YER110C,1246,1185,4,0
YER111C,244,224,17,NA
YER113C,148,132,3,0
YER114C,473,466,NA,0
YER115C,29,15,13,0
YER116C,188,169,NA,14
YER118C,421,367,3,3
YER119C,173,165,0,1
YER122C,1006,939,1,1
YER124C,1508,1471,0,1
YER126C,1019,880,0,0
YER130C,355,326,1,0
YER132C,80,79,NA,0
YER134C,342,280,0,0
YER137C,123,104,0,0
YER139C,259,220,1,1
YER142C,58,49,0,0
YER144C,143,142,0,0
YER145C,410,383,0,0
YER147C,130,125,0,NA
YER149C,185,168,0,0
YER151C,826,793,1,0
YER152C,213,178,0,0
YER155C,613,610,NA,0
YER156C,919,875,0,3
YER158C,40,39,NA,0
YER159C,517,361,57,0
YER161C,290,247,0,3
YER162C,115,107,0,0
YER163C,293,273,0,0
YER168C,497,483,NA,1
YER172C,668,645,1,0
YER174C,195,177,NA,0
YER175C,297,273,0,1
YER180C,0,0,0,0
YER180C-A,106,71,0,0
YER181C,0,0,0,0
YER183C,170,165,NA,0
YER184C,45,44,NA,0
YER186C,17,2,12,1
YER188C-A,0,0,0,0
YEL072W,30,8,13,0
YEL071W,2219,2076,0,1
YEL070W,33,31,NA,0
YEL066W,323,310,NA,0
YEL065W,555,498,0,0
YEL062W,100,95,0,0
YEL058W,1141,1073,0,1
YEL056W,258,233,0,NA
YEL052W,226,217,0,0
YEL051W,1004,889,2,3
YEL049W,30,4,26,0
YEL044W,163,155,NA,0
YEL043W,213,196,1,0
YEL042W,578,516,7,0
YEL041W,81,68,5,NA
YEL040W,1813,1737,0,5
YEL038W,253,228,0,1
YEL034W,5706,4625,42,3
YEL033W,16,9,NA,NA
YEL032W,454,430,0,1
YEL031W,1643,1561,0,1
YEL030W,23,22,NA,0
YEL028W,8,2,3,1
YEL027W,2410,1948,7,9
YEL026W,1267,957,29,2
YEL024W,1536,1284,18,9
YEL022W,467,454,NA,0
YEL021W,2619,2447,7,3
YEL020W-A,806,557,0,4
YEL018W,129,127,NA,0
YEL017W,356,327,0,0
YEL015W,714,689,1,0
YEL013W,948,886,22,0
YEL012W,214,186,5,0
YEL011W,452,414,1,0
YEL008W,4,4,NA,0
YEL007W,375,367,NA,0
YEL006W,137,97,4,3
YEL004W,99,86,0,0
YEL003W,460,380,NA,1
YER001W,945,904,0,0
YER002W,916,730,3,2
YER004W,388,353,0,5
YER005W,144,120,0,0
YER006W,1560,1412,1,1
YER007W,61,50,0,0
YER009W,1649,1376,0,2
YER011W,12,9,0,0
YER012W,911,766,7,0
YER013W,235,234,NA,0
YER014W,196,186,0,0
YER015W,73,71,NA,1
YER016W,231,219,NA,0
YER019W,253,246,NA,0
YER020W,279,258,5,1
YER021W,1423,1350,1,3
YER022W,399,372,0,0
YER023W,1211,1060,0,1
YER024W,60,60,NA,0
YER025W,2756,2616,0,2
YER030W,572,459,0,0
YER032W,328,305,1,0
YER034W,215,196,0,2
YER035W,734,601,8,1
YER037W,30,24,0,0
YER038W-A,2,2,0,0
YER040W,196,184,2,1
YER041W,52,30,10,2
YER042W,203,170,0,0
YER046W,91,66,5,0
YER048W-A,333,207,6,2
YER049W,1168,1044,1,1
YER051W,77,72,0,NA
YER058W,140,112,1,0
YER059W,294,264,8,0
YER060W,23,22,0,NA
YER060W-A,283,282,NA,0
YER063W,640,580,2,0
YER066W,27,16,10,1
YER067W,1230,988,11,4
YER068W,643,601,2,0
YER069W,1901,1825,3,0
YER070W,2802,2643,7,4
YER072W,850,659,0,2
YER073W,1165,1053,3,1
YER074W,3517,2836,4,14
YER074W-A,226,172,0,1
YER076W-A,4,3,NA,0
YER079W,244,196,12,0
YER080W,558,521,1,0
YER081W,682,679,0,2
YER084W,7,6,NA,0
YER086W,1118,1072,1,1
YER087W,210,202,0,1
YER088W-B,6,0,6,NA
YER090W,1714,1593,2,2
YER092W,357,284,0,1
YER095W,503,487,NA,2
YER096W,15,15,NA,0
YER098W,73,69,NA,0
YER100W,671,592,12,1
YER102W,6061,5608,0,6
YER103W,409,376,3,0
YER104W,175,150,0,0
YER106W,2,2,NA,0
YER112W,590,507,3,0
YER117W,3379,2869,0,16
YER120W,1384,1276,0,1
YER121W,16,13,NA,0
YER123W,324,284,13,1
YER125W,1296,1276,NA,0
YER127W,667,594,0,0
YER128W,157,151,NA,0
YER129W,77,77,NA,0
YER131W,2409,1937,28,10
YER133W,1578,1411,8,3
YER136W,1017,876,3,3
YER138W-A,148,1,NA,141
YER140W,69,66,NA,2
YER141W,840,794,0,0
YER143W,469,435,1,0
YER146W,327,247,0,0
YER148W,495,402,24,0
YER150W,359,282,0,1
YER154W,323,290,0,1
YER157W,248,239,0,0
YER158W-A,0,0,0,0
YER164W,583,568,NA,0
YER165W,3874,3659,6,1
YER166W,664,653,NA,0
YER167W,319,300,8,0
YER169W,208,187,3,2
YER170W,191,160,0,3
YER171W,320,302,1,0
YER173W,79,74,0,NA
YER175W-A,5,4,NA,0
YER176W,318,313,0,0
YER177W,5117,4613,4,5
YER178W,2232,2060,0,5
YER179W,16,14,NA,0
YER182W,337,280,0,1
YER187W,5,2,1,0
YER188W,8,7,1,0
YFL057C,7,6,0,0
YFL054C,103,102,NA,0
YFL050C,22,15,7,0
YFL048C,792,741,0,1
YFL045C,2382,2056,11,6
YFL044C,383,337,0,0
YFL042C,230,221,0,0
YFL039C,7170,6678,55,4
YFL038C,1718,1445,0,6
YFL034C-B,348,303,0,0
YFL034C-A,588,369,2,6
YFL033C,215,211,NA,0
YFL029C,129,110,NA,0
YFL028C,371,330,0,0
YFL027C,104,94,0,1
YFL025C,153,138,1,0
YFL024C,185,176,NA,1
YFL022C,2088,1969,2,2
YFL021C-A,0,0,0,0
YFL020C,6,3,0,0
YFL018C,2478,2313,3,5
YFL017C,326,279,0,0
YFL016C,991,944,1,1
YFL013C,534,502,0,2
YFL010C,1986,1785,0,5
YFL003C,2,2,NA,0
YFL002C,407,391,0,0
YFR003C,435,350,0,0
YFR005C,138,128,0,1
YFR011C,478,394,0,0
YFR014C,263,224,2,0
YFR015C,606,571,8,0
YFR016C,719,715,NA,0
YFR017C,256,205,5,0
YFR018C,152,130,0,0
YFR024C-A,531,493,0,0
YFR025C,226,203,0,2
YFR026C,21,13,3,0
YFR028C,300,268,1,0
YFR031C,188,184,NA,0
YFR031C-A,6591,5861,0,18
YFR032C-A,2440,1763,0,10
YFR033C,1211,918,51,0
YFR034C,329,310,1,NA
YFR037C,1218,1159,0,0
YFR039C,196,177,2,0
YFR041C,358,341,NA,0
YFR043C,188,160,0,0
YFR044C,2190,2035,0,0
YFR046C,85,80,NA,1
YFR047C,419,372,1,0
YFR050C,1149,971,0,0
YFR051C,1086,998,0,0
YFR053C,6358,5940,63,NA
YFR054C,0,0,0,0
YFL055W,10,9,NA,0
YFL053W,11,10,NA,0
YFL052W,80,76,0,0
YFL049W,263,242,0,1
YFL047W,271,267,0,0
YFL046W,175,135,0,1
YFL041W-A,0,0,0,0
YFL041W,288,273,0,1
YFL037W,1361,1245,1,0
YFL036W,645,634,NA,0
YFL034W,178,166,0,NA
YFL031W,476,456,NA,6
YFL030W,46,45,NA,0
YFL026W,4,4,0,NA
YFL023W,367,352,0,0
YFL021W,668,660,NA,0
YFL017W-A,206,144,0,2
YFL014W,4698,3387,81,27
YFL012W-A,2,0,NA,2
YFL012W,2,1,0,0
YFL011W,8,3,5,NA
YFL010W-A,2,0,2,NA
YFL009W,391,359,8,0
YFL008W,706,687,0,NA
YFL007W,620,597,2,0
YFL005W,894,770,13,1
YFL004W,615,590,0,0
YFL001W,186,180,NA,1
YFR001W,581,472,0,0
YFR002W,886,840,0,0
YFR004W,1100,938,3,1
YFR006W,759,755,NA,0
YFR007W,184,163,0,1
YFR008W,239,219,0,1
YFR009W,1321,1258,0,1
YFR010W,1188,1132,1,0
YFR010W-A,0,0,0,0
YFR013W,392,372,0,0
YFR019W,313,309,NA,0
YFR020W,7,7,0,0
YFR021W,132,127,0,0
YFR022W,66,50,7,0
YFR023W,3,3,NA,0
YFR027W,108,101,0,1
YFR029W,100,94,2,0
YFR030W,132,122,4,0
YFR034W-A,100,15,NA,77
YFR038W,210,204,NA,0
YFR040W,328,323,NA,NA
YFR042W,128,103,0,0
YFR045W,150,133,0,NA
YFR048W,242,223,4,0
YFR049W,413,280,39,0
YFR052W,988,916,0,1
YFR055W,513,449,0,0
YGL257C,75,62,3,0
YGL252C,556,520,0,0
YGL251C,36,34,NA,1
YGL246C,281,260,0,0
YGL242C,534,482,0,0
YGL237C,173,157,2,0
YGL236C,247,241,0,0
YGL231C,814,713,0,2
YGL230C,11,7,0,0
YGL229C,21,13,1,0
YGL226C-A,343,270,0,5
YGL224C,218,193,8,0
YGL223C,187,179,NA,0
YGL222C,1109,993,13,2
YGL221C,784,721,0,0
YGL219C,419,392,0,2
YGL213C,400,370,0,1
YGL206C,2692,2628,9,NA
YGL204C,57,39,0,2
YGL203C,442,410,0,0
YGL201C,559,533,1,0
YGL200C,696,603,0,2
YGL199C,1,0,1,0
YGL194C-A,57,27,16,0
YGL194C,241,219,0,NA
YGL193C,0,0,0,0
YGL190C,370,316,18,1
YGL189C,3761,2927,0,5
YGL187C,1215,991,13,2
YGL186C,376,333,0,0
YGL185C,213,203,0,0
YGL184C,30,28,NA,0
YGL182C,3,3,0,NA
YGL179C,42,39,1,NA
YGL176C,24,22,0,0
YGL175C,29,26,0,NA
YGL173C,2464,2421,NA,1
YGL167C,707,649,32,0
YGL165C,2,1,NA,0
YGL164C,227,222,0,NA
YGL163C,171,155,3,1
YGL161C,495,431,5,0
YGL154C,38,36,0,0
YGL152C,0,0,0,0
YGL150C,455,444,3,NA
YGL147C,4978,4313,0,23
YGL146C,9,5,2,NA
YGL144C,49,47,0,0
YGL143C,176,164,0,0
YGL142C,164,141,0,0
YGL140C,376,361,NA,1
YGL136C,50,37,1,0
YGL131C,99,93,2,NA
YGL129C,531,488,0,0
YGL128C,114,103,NA,0
YGL127C,186,146,1,2
YGL124C,154,151,NA,0
YGL122C,1612,1560,0,0
YGL121C,206,170,0,3
YGL120C,1026,951,4,0
YGL112C,495,466,1,0
YGL110C,251,243,0,0
YGL108C,219,191,0,0
YGL107C,502,465,0,1
YGL104C,131,124,NA,0
YGL095C,388,335,0,0
YGL094C,165,134,14,0
YGL091C,402,363,0,0
YGL089C,28,19,0,NA
YGL087C,654,557,4,1
YGL084C,342,317,0,4
YGL078C,1308,1216,2,3
YGL077C,882,790,18,2
YGL076C,6798,6138,0,7
YGL075C,52,46,1,0
YGL072C,5,1,NA,3
YGL070C,501,411,0,6
YGL065C,404,354,0,2
YGL064C,306,301,0,NA
YGL063C-A,0,0,0,0
YGL061C,226,199,1,1
YGL057C,157,153,NA,0
YGL056C,950,887,1,0
YGL054C,835,664,9,1
YGL049C,1374,1279,10,0
YGL048C,1591,1462,0,0
YGL044C,385,344,10,3
YGL040C,798,733,3,2
YGL038C,281,265,0,0
YGL037C,2866,2517,11,7
YGL035C,369,352,0,NA
YGL032C,2,1,0,0
YGL031C,3987,3487,5,10
YGL028C,1492,1358,17,4
YGL027C,443,429,0,0
YGL026C,3157,3003,0,2
YGL025C,300,294,NA,0
YGL023C,214,208,NA,0
YGL020C,385,342,0,1
YGL018C,220,177,1,1
YGL015C,5,0,3,0
YGL013C,320,317,NA,0
YGL011C,1238,1119,0,0
YGL009C,3735,3571,6,1
YGL008C,18060,17241,58,52
YGL007C-A,10,1,5,1
YGL005C,203,167,0,0
YGL004C,121,114,NA,0
YGL003C,132,117,2,0
YGL001C,908,842,0,0
YGR001C,699,627,0,1
YGR002C,389,371,0,0
YGR005C,630,591,0,0
YGR008C,1040,696,30,2
YGR009C,869,825,0,1
YGR015C,51,49,NA,0
YGR018C,9,8,0,0
YGR020C,798,593,1,8
YGR024C,166,127,3,NA
YGR027C,2634,1958,8,24
YGR030C,351,293,0,0
YGR033C,351,308,3,0
YGR035C,5,5,0,0
YGR036C,142,116,4,0
YGR037C,858,715,2,0
YGR043C,84,80,NA,0
YGR044C,419,404,NA,0
YGR045C,11,2,9,NA
YGR047C,273,268,NA,0
YGR050C,16,14,NA,0
YGR053C,21,18,0,0
YGR057C,96,70,9,0
YGR061C,1613,1571,NA,1
YGR062C,90,80,NA,0
YGR063C,457,352,0,2
YGR065C,230,202,14,0
YGR067C,17,17,NA,0
YGR068C,150,143,0,0
YGR071C,137,120,6,NA
YGR073C,0,0,0,0
YGR075C,122,115,0,NA
YGR076C,466,369,0,1
YGR077C,136,128,0,0
YGR078C,580,506,0,0
YGR081C,477,396,NA,3
YGR083C,1046,1010,0,NA
YGR084C,637,616,NA,1
YGR085C,5032,4289,0,11
YGR086C,3741,3340,38,2
YGR087C,43,43,0,0
YGR095C,303,258,5,0
YGR098C,86,80,NA,0
YGR102C,168,142,0,0
YGR104C,176,155,0,1
YGR106C,873,760,7,3
YGR109C,246,233,1,0
YGR117C,194,187,0,0
YGR119C,797,768,2,0
YGR120C,209,179,0,0
YGR121C,53,45,1,0
YGR122C-A,28,18,0,0
YGR123C,535,491,1,0
YGR128C,657,612,0,1
YGR130C,1663,1585,5,3
YGR132C,762,674,1,0
YGR138C,496,477,0,0
YGR146C,150,117,12,1
YGR146C-A,3,1,0,2
YGR147C,264,243,1,0
YGR148C,3388,2913,16,8
YGR150C,200,187,0,0
YGR154C,18,4,12,1
YGR158C,432,378,1,1
YGR159C,2808,2573,2,2
YGR161C,1242,1100,4,0
YGR168C,97,70,7,0
YGR169C,93,77,1,0
YGR169C-A,459,296,4,4
YGR171C,119,107,0,0
YGR172C,515,442,0,0
YGR174C,259,242,NA,0
YGR175C,3122,2976,2,2
YGR177C,279,248,6,0
YGR178C,1584,1461,13,1
YGR179C,166,153,0,0
YGR180C,2226,2052,0,0
YGR182C,3,2,1,NA
YGR183C,698,454,5,2
YGR184C,496,488,NA,0
YGR185C,2473,2267,6,1
YGR187C,730,674,3,0
YGR188C,40,36,1,NA
YGR189C,5741,5368,38,6
YGR192C,23139,20883,54,65
YGR193C,830,783,3,1
YGR194C,234,233,NA,0
YGR196C,344,323,0,NA
YGR197C,106,95,0,0
YGR200C,642,607,0,0
YGR201C,44,41,NA,0
YGR202C,356,315,0,0
YGR204C-A,0,0,0,0
YGR207C,1023,919,0,1
YGR209C,932,660,12,3
YGR210C,503,454,17,0
YGR213C,26,25,NA,1
YGR216C,130,122,0,0
YGR220C,454,411,0,2
YGR221C,31,28,2,0
YGR223C,103,95,NA,0
YGR229C,982,886,23,NA
YGR231C,890,777,3,0
YGR233C,147,145,NA,0
YGR235C,701,627,3,0
YGR236C,5,5,NA,0
YGR237C,224,208,0,0
YGR238C,69,66,NA,0
YGR239C,269,246,0,0
YGR240C,6723,6418,49,7
YGR241C,370,344,7,1
YGR244C,1548,1410,17,0
YGR245C,828,767,10,0
YGR246C,383,360,0,0
YGR250C,645,610,10,0
YGR253C,1485,1295,1,2
YGR255C,241,204,14,1
YGR257C,95,84,1,0
YGR258C,145,140,0,0
YGR259C,2,0,2,0
YGR261C,627,601,0,0
YGR262C,294,263,0,0
YGR263C,68,68,0,0
YGR264C,2120,2041,0,0
YGR267C,643,547,20,0
YGR268C,248,200,0,17
YGR271C-A,450,408,NA,2
YGR274C,187,179,0,0
YGR276C,360,334,0,NA
YGR277C,259,227,0,0
YGR279C,3760,3338,20,13
YGR280C,585,557,0,0
YGR282C,4646,4327,8,17
YGR283C,236,211,0,0
YGR284C,935,827,4,1
YGR285C,3290,3109,0,3
YGR286C,104,97,0,0
YGR287C,58,53,1,0
YGR289C,19,5,14,0
YGL263W,0,0,0,0
YGL258W,9,1,8,0
YGL256W,50,31,12,0
YGL255W,355,284,4,1
YGL254W,186,175,0,4
YGL253W,4030,3801,15,7
YGL250W,100,89,NA,0
YGL248W,279,261,0,1
YGL247W,66,56,NA,0
YGL245W,5021,4854,0,1
YGL244W,913,865,3,NA
YGL243W,94,87,NA,0
YGL241W,366,349,0,0
YGL240W,51,49,NA,0
YGL238W,1059,1042,NA,5
YGL234W,1726,1629,0,3
YGL233W,318,303,1,0
YGL232W,393,363,0,0
YGL228W,702,650,0,0
YGL227W,211,197,0,1
YGL226W,148,120,NA,0
YGL225W,1125,961,0,5
YGL220W,234,220,NA,0
YGL218W,0,0,0,0
YGL216W,149,142,2,0
YGL215W,133,120,0,2
YGL212W,176,173,0,0
YGL211W,246,225,0,0
YGL210W,236,203,0,0
YGL209W,241,220,3,0
YGL208W,161,157,0,0
YGL207W,1795,1738,2,NA
YGL205W,16,13,NA,0
YGL202W,1844,1732,9,0
YGL198W,440,395,0,1
YGL197W,320,310,NA,0
YGL196W,119,112,0,0
YGL195W,3383,3363,NA,2
YGL192W,0,0,0,0
YGL191W,2159,1864,9,2
YGL181W,496,456,0,1
YGL180W,119,109,6,0
YGL178W,282,277,NA,0
YGL174W,137,130,0,0
YGL172W,561,535,0,1
YGL171W,673,632,0,0
YGL169W,336,308,7,0
YGL166W,144,132,0,0
YGL162W,75,65,2,1
YGL160W,201,177,2,0
YGL159W,161,142,0,0
YGL158W,9,7,1,0
YGL157W,1203,1117,0,1
YGL156W,350,345,NA,1
YGL155W,146,127,7,0
YGL153W,244,223,0,0
YGL151W,533,503,0,1
YGL148W,1831,1664,5,1
YGL145W,326,306,1,0
YGL141W,259,243,0,0
YGL139W,394,358,9,0
YGL137W,1968,1878,0,1
YGL135W,5674,5062,31,9
YGL134W,47,37,6,0
YGL133W,259,239,7,NA
YGL130W,474,442,0,0
YGL125W,1900,1702,41,NA
YGL123W,6912,6012,78,12
YGL119W,196,183,0,0
YGL117W,242,215,3,0
YGL116W,388,361,4,1
YGL115W,662,548,13,1
YGL114W,173,161,1,0
YGL113W,48,44,0,0
YGL111W,747,678,0,0
YGL109W,0,0,0,0
YGL106W,991,820,0,4
YGL105W,3890,3658,0,2
YGL103W,4955,4074,0,25
YGL101W,363,323,0,1
YGL100W,473,419,2,0
YGL099W,555,512,0,0
YGL098W,272,217,0,6
YGL097W,1082,978,5,1
YGL096W,35,33,NA,0
YGL093W,198,187,NA,0
YGL092W,861,858,NA,0
YGL090W,61,45,4,1
YGL088W,3,3,NA,0
YGL086W,308,304,NA,0
YGL085W,56,43,0,2
YGL083W,176,162,1,0
YGL082W,349,307,5,1
YGL081W,29,29,0,0
YGL080W,423,351,1,2
YGL079W,148,112,7,1
YGL073W,330,312,2,0
YGL071W,117,102,7,0
YGL068W,1046,900,1,1
YGL067W,197,174,4,1
YGL066W,404,389,7,0
YGL063W,45,31,10,2
YGL062W,1515,1463,1,0
YGL060W,252,228,9,0
YGL059W,118,107,3,0
YGL058W,644,585,2,3
YGL055W,3627,3320,9,3
YGL050W,171,144,0,0
YGL047W,133,118,1,0
YGL045W,93,91,NA,0
YGL043W,1038,955,0,1
YGL041W-A,353,308,0,0
YGL039W,104,95,0,2
YGL036W,245,234,5,NA
YGL033W,12,10,NA,2
YGL030W,2829,2046,41,9
YGL029W,312,221,3,2
YGL022W,820,755,7,2
YGL021W,490,486,NA,1
YGL019W,450,397,3,1
YGL017W,138,130,0,1
YGL016W,280,258,0,0
YGL014W,535,520,NA,1
YGL012W,1209,1117,0,1
YGL010W,111,74,4,0
YGL007W,1,1,NA,0
YGL006W-A,28,2,NA,26
YGL006W,402,395,NA,0
YGL002W,94,82,0,0
YGR003W,282,258,0,0
YGR004W,122,117,0,0
YGR006W,124,117,NA,NA
YGR007W,312,277,0,0
YGR012W,232,217,0,0
YGR013W,256,224,0,0
YGR014W,1074,1049,NA,0
YGR016W,70,57,NA,0
YGR017W,238,189,11,0
YGR019W,762,696,1,1
YGR021W,269,233,5,0
YGR023W,106,91,3,1
YGR026W,613,566,NA,2
YGR028W,283,256,1,1
YGR029W,340,287,NA,0
YGR031W,257,205,4,16
YGR032W,2156,2099,NA,0
YGR034W,2941,2390,3,20
YGR038W,456,398,7,0
YGR039W,16,13,NA,1
YGR040W,201,182,0,3
YGR041W,124,105,11,1
YGR042W,123,107,0,1
YGR046W,227,198,7,1
YGR048W,378,347,0,0
YGR049W,484,426,6,3
YGR052W,90,78,NA,0
YGR054W,1426,1307,11,1
YGR055W,1428,1354,0,3
YGR056W,298,291,0,0
YGR058W,230,213,0,0
YGR059W,3,3,NA,0
YGR060W,1945,1773,4,0
YGR064W,2,0,2,0
YGR070W,112,105,NA,NA
YGR072W,302,272,0,NA
YGR074W,403,358,0,1
YGR079W,478,470,NA,0
YGR080W,832,749,0,0
YGR082W,992,842,1,0
YGR088W,536,506,0,0
YGR089W,153,149,NA,0
YGR090W,857,810,4,0
YGR091W,108,96,2,0
YGR092W,681,632,3,0
YGR093W,198,175,0,0
YGR094W,3894,3851,NA,4
YGR096W,42,35,0,0
YGR097W,554,545,NA,0
YGR099W,103,97,NA,2
YGR100W,327,299,5,0
YGR101W,202,192,1,0
YGR103W,1672,1500,1,2
YGR105W,271,164,1,2
YGR107W,2,2,NA,0
YGR108W,332,297,4,1
YGR110W,46,45,1,0
YGR111W,626,579,0,1
YGR112W,210,190,0,1
YGR113W,271,231,1,3
YGR116W,1585,1554,0,NA
YGR118W,3985,3189,0,20
YGR121W-A,0,0,0,0
YGR122W,74,64,1,0
YGR124W,3446,3286,0,0
YGR125W,433,404,0,0
YGR127W,106,96,1,0
YGR129W,165,148,0,1
YGR131W,15,12,NA,0
YGR133W,95,88,NA,2
YGR134W,102,93,4,0
YGR135W,1279,1137,4,0
YGR137W,658,549,NA,1
YGR139W,4,0,4,NA
YGR140W,163,160,NA,0
YGR141W,228,195,0,0
YGR142W,317,299,2,1
YGR143W,207,199,NA,0
YGR145W,715,676,0,1
YGR149W,450,396,2,1
YGR153W,104,97,NA,1
YGR155W,4076,3877,18,2
YGR156W,344,316,2,0
YGR157W,1698,1610,13,0
YGR160W,0,0,0,0
YGR161W-C,272,205,0,0
YGR162W,2824,2755,NA,2
YGR163W,246,219,1,0
YGR165W,772,713,2,0
YGR166W,138,120,7,0
YGR167W,1403,1222,2,1
YGR170W,135,118,0,0
YGR173W,990,882,2,0
YGR174W-A,17,0,13,2
YGR181W,483,385,0,3
YGR186W,612,579,0,0
YGR191W,729,661,10,0
YGR195W,551,470,14,2
YGR198W,179,162,0,0
YGR199W,347,339,1,NA
YGR203W,198,150,0,0
YGR204W,2402,2310,1,1
YGR205W,234,206,9,1
YGR206W,67,50,0,1
YGR208W,360,320,1,0
YGR211W,1617,1505,3,5
YGR212W,41,29,NA,11
YGR214W,4325,4068,0,12
YGR215W,477,350,1,5
YGR217W,248,236,0,NA
YGR218W,1775,1699,14,0
YGR222W,158,149,NA,0
YGR224W,13,9,0,1
YGR225W,34,34,0,0
YGR227W,274,249,0,1
YGR230W,176,148,0,1
YGR232W,377,337,0,0
YGR234W,10420,9696,0,17
YGR243W,186,143,2,1
YGR247W,223,180,10,0
YGR248W,332,295,0,0
YGR249W,5,5,0,0
YGR251W,259,236,0,NA
YGR252W,160,142,0,0
YGR254W,17915,16756,2,11
YGR256W,104,102,NA,0
YGR260W,322,311,NA,0
YGR266W,343,312,1,1
YGR270W,473,459,NA,0
YGR271W,333,332,NA,0
YGR278W,189,183,0,0
YGR281W,307,299,0,0
YGR288W,93,68,18,0
YGR292W,108,102,0,0
YHL047C,30,29,0,0
YHL046C,2,2,0,0
YHL040C,103,88,6,1
YHL038C,168,160,0,0
YHL037C,3,0,3,0
YHL035C,55,52,NA,1
YHL034C,1853,1706,14,4
YHL033C,5182,4769,0,5
YHL032C,88,82,4,0
YHL031C,474,438,0,0
YHL029C,187,178,0,0
YHL026C,38,25,7,0
YHL023C,192,187,0,0
YHL022C,32,32,NA,0
YHL021C,955,881,8,0
YHL020C,306,281,0,0
YHL019C,112,104,0,0
YHL016C,2,2,NA,0
YHL014C,111,99,0,0
YHL013C,379,355,0,0
YHL011C,1029,871,19,1
YHL010C,86,85,0,0
YHL009C,211,195,0,0
YHL008C,84,70,0,0
YHL007C,661,629,3,0
YHL006C,40,33,NA,7
YHL003C,565,538,6,0
YHL002C-A,2,0,2,NA
YHR003C,402,379,0,0
YHR004C,63,58,0,NA
YHR005C,617,556,5,1
YHR005C-A,705,544,2,7
YHR007C,2997,2816,14,3
YHR007C-A,3,0,NA,2
YHR008C,1235,1076,1,2
YHR009C,355,287,27,0
YHR013C,613,548,0,0
YHR016C,361,318,1,1
YHR018C,2598,2436,3,3
YHR019C,3314,3186,1,1
YHR021C,2132,1616,15,10
YHR022C,26,22,0,1
YHR022C-A,0,0,0,0
YHR024C,459,445,0,0
YHR027C,2023,1917,1,0
YHR028C,611,572,0,0
YHR029C,165,147,0,0
YHR030C,1099,1008,3,3
YHR031C,114,110,0,0
YHR032C-A,0,0,0,0
YHR034C,189,171,0,0
YHR039C,944,910,4,0
YHR039C-A,1656,1225,0,4
YHR041C,76,68,0,0
YHR043C,525,428,8,0
YHR044C,165,158,1,1
YHR046C,248,208,1,1
YHR047C,328,318,0,0
YHR049C-A,6,0,NA,6
YHR056C,356,337,1,NA
YHR057C,209,182,0,0
YHR058C,229,195,0,0
YHR061C,90,77,2,1
YHR062C,282,236,0,0
YHR063C,738,652,0,5
YHR064C,3755,3608,0,1
YHR065C,1059,1004,0,0
YHR069C,565,532,0,2
YHR071C-A,0,0,0,0
YHR073C-B,0,0,0,0
YHR075C,97,93,0,0
YHR077C,524,477,0,0
YHR079C,74,69,5,0
YHR080C,82,79,1,NA
YHR082C,255,247,NA,0
YHR089C,1369,1233,0,2
YHR090C,297,260,0,0
YHR091C,125,116,0,1
YHR092C,1929,1806,2,0
YHR094C,1268,1139,3,2
YHR096C,98,97,NA,0
YHR097C,452,416,1,NA
YHR098C,784,750,2,1
YHR100C,156,131,0,0
YHR101C,149,138,NA,2
YHR107C,812,749,5,3
YHR112C,254,236,0,0
YHR115C,383,352,8,NA
YHR118C,283,268,0,0
YHR129C,94,68,15,0
YHR130C,1,0,NA,0
YHR131C,63,61,1,NA
YHR132C,800,728,0,2
YHR133C,355,296,0,0
YHR135C,780,723,9,1
YHR136C,0,0,0,0
YHR138C,239,203,2,0
YHR139C,8,5,NA,3
YHR141C,3486,2708,0,4
YHR144C,156,146,0,1
YHR145C,74,64,6,NA
YHR147C,621,546,1,0
YHR149C,210,188,2,0
YHR151C,47,38,4,0
YHR153C,45,41,NA,0
YHR156C,92,83,0,0
YHR158C,498,489,NA,1
YHR161C,330,307,1,0
YHR164C,166,165,NA,0
YHR165C,401,358,20,0
YHR166C,120,116,0,0
YHR173C,1,1,NA,0
YHR180C-B,3,0,0,3
YHR182C-A,0,0,0,0
YHR185C,0,0,0,0
YHR186C,264,250,3,NA
YHR188C,278,246,0,0
YHR191C,111,97,1,0
YHR193C,2413,1969,3,4
YHR193C-A,0,0,0,0
YHR198C,215,202,NA,0
YHR199C,113,105,0,1
YHR201C,433,404,0,0
YHR203C,7767,6921,12,4
YHR210C,3,3,0,0
YHL048W,508,463,0,0
YHL045W,0,0,0,0
YHL044W,31,30,0,1
YHL043W,1,0,NA,NA
YHL042W,35,31,NA,3
YHL041W,0,0,0,0
YHL039W,349,320,1,0
YHL036W,22,22,0,0
YHL030W,631,618,NA,0
YHL028W,34,31,0,1
YHL027W,732,691,6,0
YHL025W,356,320,2,0
YHL024W,650,637,NA,0
YHL017W,124,121,0,0
YHL015W,3947,3274,9,19
YHL012W,3,3,NA,NA
YHL006W-A,1,1,0,0
YHL004W,516,496,5,0
YHL002W,648,595,0,1
YHL001W,3583,2961,0,31
YHR001W,529,467,0,1
YHR001W-A,1057,713,6,3
YHR002W,102,92,2,0
YHR006W,629,601,0,0
YHR010W,3656,2955,1,24
YHR011W,175,162,0,0
YHR012W,338,296,0,0
YHR015W,26,25,NA,1
YHR017W,111,91,0,0
YHR020W,2667,2521,4,1
YHR021W-A,0,0,0,0
YHR023W,501,498,NA,0
YHR025W,1304,1147,0,0
YHR026W,960,778,14,5
YHR028W-A,0,0,0,0
YHR032W,478,448,1,NA
YHR032W-A,1,0,0,0
YHR033W,341,311,0,0
YHR035W,33,31,0,NA
YHR036W,142,135,1,2
YHR037W,1507,1404,2,3
YHR038W,403,360,0,2
YHR040W,164,158,0,0
YHR042W,657,611,1,0
YHR045W,210,192,1,0
YHR048W,19,10,7,0
YHR049W,1553,1360,0,1
YHR050W,304,274,9,0
YHR051W,963,875,NA,3
YHR052W,1362,1226,0,0
YHR056W-A,0,0,0,0
YHR059W,526,392,7,0
YHR060W,264,245,NA,0
YHR066W,844,744,0,0
YHR067W,154,130,0,0
YHR068W,1324,1181,0,3
YHR070W,456,448,0,3
YHR071W,163,76,74,NA
YHR072W,753,678,4,0
YHR072W-A,612,343,4,1
YHR073W,353,344,NA,1
YHR074W,735,691,0,1
YHR076W,383,333,0,1
YHR078W,109,105,0,0
YHR081W,247,216,0,0
YHR083W,159,148,0,0
YHR084W,211,188,3,2
YHR085W,245,203,0,0
YHR086W,293,273,6,0
YHR087W,1738,1254,52,3
YHR088W,518,488,2,0
YHR099W,1101,1086,1,NA
YHR102W,288,280,NA,0
YHR103W,341,312,15,0
YHR104W,2284,2070,19,6
YHR105W,101,72,0,0
YHR106W,104,98,NA,0
YHR108W,1209,1153,1,0
YHR109W,112,104,0,1
YHR110W,138,114,0,0
YHR111W,322,305,NA,0
YHR113W,474,447,0,0
YHR114W,478,446,15,NA
YHR116W,241,217,NA,2
YHR117W,427,407,0,0
YHR119W,241,239,NA,0
YHR120W,59,57,NA,0
YHR121W,512,440,1,1
YHR122W,392,353,0,0
YHR123W,352,325,0,0
YHR124W,6,5,NA,0
YHR127W,256,224,0,0
YHR128W,901,736,0,2
YHR132W-A,355,266,1,0
YHR134W,97,95,NA,0
YHR137W,1136,1031,0,1
YHR140W,10,9,0,0
YHR142W,546,501,14,0
YHR143W,1046,963,15,1
YHR143W-A,407,244,0,5
YHR146W,1460,1425,0,NA
YHR148W,505,446,0,5
YHR150W,78,62,9,0
YHR152W,529,450,2,2
YHR154W,380,367,0,NA
YHR155W,125,125,0,0
YHR157W,2,2,0,0
YHR159W,115,105,3,0
YHR162W,1804,1248,154,4
YHR163W,392,368,0,1
YHR167W,172,141,1,0
YHR168W,101,97,0,0
YHR169W,341,315,0,0
YHR170W,805,723,3,0
YHR171W,83,80,0,0
YHR172W,127,121,1,0
YHR174W,23707,22203,25,40
YHR176W,40,38,NA,1
YHR177W,43,43,NA,0
YHR178W,60,56,0,2
YHR179W,1773,1631,0,2
YHR180W,12,9,3,NA
YHR181W,226,201,0,0
YHR182W,75,72,0,0
YHR183W,6244,5881,18,23
YHR184W,53,49,NA,0
YHR187W,261,243,0,0
YHR190W,2323,2207,2,6
YHR192W,284,242,0,0
YHR194W,56,51,0,0
YHR195W,174,140,2,0
YHR196W,536,491,2,1
YHR197W,597,578,0,0
YHR200W,817,776,0,0
YHR202W,71,67,0,0
YHR204W,122,104,4,0
YHR205W,959,904,22,2
YHR206W,392,372,6,0
YHR208W,3619,3366,0,6
YHR209W,945,858,8,0
YHR211W,25,25,NA,0
YHR215W,52,50,NA,1
YHR216W,452,417,5,0
YIL169C,391,389,0,NA
YIL166C,17,11,NA,4
YIL165C,1,1,NA,0
YIL163C,21,12,NA,9
YIL160C,29,29,NA,0
YIL157C,465,414,NA,0
YIL155C,318,298,1,1
YIL154C,431,358,1,0
YIL151C,157,149,NA,0
YIL150C,128,126,0,0
YIL149C,291,286,NA,0
YIL147C,138,129,NA,1
YIL146C,61,57,2,0
YIL145C,357,335,0,0
YIL143C,315,308,0,NA
YIL139C,22,20,0,1
YIL138C,776,639,0,4
YIL137C,670,646,0,0
YIL135C,361,333,0,0
YIL134C-A,0,0,0,0
YIL133C,3319,2911,0,1
YIL132C,29,28,NA,0
YIL131C,346,325,2,3
YIL129C,214,210,NA,0
YIL127C,372,332,0,0
YIL119C,127,116,6,NA
YIL117C,865,761,4,2
YIL115C,1052,1032,NA,0
YIL114C,63,52,0,0
YIL109C,1973,1869,3,0
YIL107C,330,313,2,0
YIL105C,578,545,4,0
YIL104C,318,295,0,0
YIL102C-A,58,42,1,2
YIL101C,161,152,NA,0
YIL098C,320,254,0,1
YIL096C,183,175,NA,0
YIL094C,1182,1086,0,2
YIL093C,513,447,5,1
YIL091C,564,532,0,0
YIL088C,265,250,0,3
YIL087C,190,164,0,0
YIL085C,159,142,7,NA
YIL084C,247,221,1,NA
YIL083C,327,276,1,3
YIL079C,182,176,0,0
YIL077C,129,118,0,0
YIL075C,2451,2364,0,NA
YIL074C,431,404,0,0
YIL073C,82,82,NA,0
YIL071C,45,44,NA,0
YIL070C,1024,915,2,1
YIL069C,2751,2318,4,7
YIL068C,314,300,1,0
YIL067C,94,82,2,0
YIL066C,135,133,NA,0
YIL065C,428,331,1,0
YIL063C,522,478,3,2
YIL062C,1170,958,1,0
YIL061C,189,172,0,0
YIL059C,60,14,15,28
YIL057C,3,2,0,0
YIL055C,101,97,NA,0
YIL052C,3168,2482,9,3
YIL051C,1657,1303,3,1
YIL047C,277,260,0,NA
YIL044C,380,345,0,3
YIL043C,624,557,0,0
YIL042C,119,111,0,0
YIL038C,835,774,9,0
YIL037C,0,0,0,0
YIL035C,461,419,2,1
YIL034C,793,727,0,1
YIL033C,1010,925,19,3
YIL030C,718,703,NA,0
YIL029C,23,1,22,0
YIL027C,419,332,0,0
YIL026C,413,389,0,0
YIL023C,218,197,0,0
YIL020C,228,196,0,NA
YIL017C,113,105,1,NA
YIL014C-A,8,6,0,0
YIL013C,36,33,NA,1
YIL009C-A,143,126,0,0
YIL007C,165,135,0,2
YIL004C,190,159,0,0
YIL002C,134,115,7,0
YIR001C,242,219,0,1
YIR002C,93,84,3,0
YIR006C,1973,1941,NA,0
YIR008C,289,275,0,0
YIR011C,441,400,0,0
YIR013C,1,0,NA,1
YIR017C,46,44,NA,0
YIR018C-A,14,0,14,NA
YIR019C,31,31,NA,0
YIR020C,0,0,0,0
YIR024C,152,132,0,0
YIR026C,468,414,0,0
YIR027C,3,3,NA,0
YIR030C,14,12,0,0
YIR031C,25,9,14,0
YIR032C,68,56,7,0
YIR034C,1046,978,0,0
YIR035C,330,290,0,0
YIR036C,389,348,0,0
YIR038C,432,400,0,2
YIR039C,97,94,NA,0
YIR042C,66,51,7,0
YIL162W,508,491,NA,0
YIL161W,187,184,0,0
YIL159W,86,84,NA,0
YIL158W,188,159,0,0
YIL156W-B,288,242,NA,0
YIL156W,126,122,NA,0
YIL153W,119,110,0,0
YIL152W,60,54,0,0
YIL148W,3792,3022,0,22
YIL144W,318,301,0,0
YIL142W,1608,1502,0,1
YIL140W,761,756,NA,1
YIL136W,788,732,0,0
YIL134W,87,78,0,0
YIL130W,456,443,1,NA
YIL128W,412,408,NA,NA
YIL126W,584,558,1,0
YIL125W,1588,1553,NA,1
YIL124W,1201,1090,0,0
YIL123W,2553,2478,1,5
YIL122W,79,65,NA,0
YIL121W,112,107,NA,0
YIL120W,28,26,NA,0
YIL118W,473,390,3,0
YIL116W,688,648,0,NA
YIL113W,30,21,0,0
YIL112W,384,366,0,NA
YIL111W,275,226,0,0
YIL110W,319,303,0,2
YIL108W,718,682,0,0
YIL106W,589,525,0,0
YIL103W,313,279,1,1
YIL100W,0,0,0,0
YIL099W,14,14,NA,0
YIL097W,147,132,0,0
YIL095W,207,189,1,0
YIL092W,42,40,0,0
YIL090W,214,182,4,4
YIL089W,21,19,0,0
YIL078W,4569,4428,1,2
YIL076W,1179,1062,0,2
YIL066W-A,0,0,0,0
YIL064W,212,207,NA,0
YIL056W,127,125,NA,0
YIL054W,0,0,0,0
YIL053W,4695,4084,3,19
YIL050W,318,280,3,0
YIL049W,69,64,NA,1
YIL048W,348,306,13,0
YIL046W-A,2,1,1,0
YIL046W,91,83,0,0
YIL045W,76,71,0,0
YIL041W,1841,1707,0,1
YIL040W,243,197,0,0
YIL039W,380,370,0,0
YIL036W,674,646,4,0
YIL031W,94,71,11,NA
YIL028W,18,0,18,0
YIL022W,931,837,8,2
YIL021W,766,714,3,1
YIL019W,336,281,0,1
YIL018W,7406,6748,0,1
YIL016W,199,160,0,0
YIL015W,11,11,NA,0
YIL014W,166,137,13,2
YIL011W,22,17,0,0
YIL010W,351,275,0,0
YIL009W,333,321,0,2
YIL008W,264,170,3,2
YIL006W,50,45,NA,0
YIL005W,435,406,5,4
YIL003W,155,129,5,0
YIL002W-A,264,157,1,0
YIL001W,102,91,2,0
YIR003W,768,743,0,1
YIR004W,591,561,0,0
YIR005W,154,124,0,1
YIR007W,88,86,0,0
YIR009W,161,111,4,2
YIR010W,158,150,1,0
YIR012W,905,818,0,1
YIR014W,37,30,0,0
YIR016W,13,9,0,0
YIR018W,100,90,0,0
YIR021W,181,165,2,0
YIR022W,357,311,NA,0
YIR023W,203,194,NA,3
YIR025W,121,112,0,0
YIR028W,14,14,NA,0
YIR029W,23,23,NA,0
YIR033W,279,268,NA,0
YIR037W,920,789,9,0
YIR041W,10,2,7,0
YJL216C,1,1,NA,0
YJL215C,9,0,9,NA
YJL212C,545,516,1,0
YJL208C,408,371,2,1
YJL207C,278,261,0,NA
YJL206C,57,55,NA,0
YJL205C,77,53,0,0
YJL204C,271,256,0,0
YJL202C,0,0,0,0
YJL200C,928,899,0,0
YJL199C,40,35,NA,1
YJL196C,396,356,0,0
YJL192C,487,446,0,1
YJL190C,2932,2506,0,4
YJL187C,99,89,2,0
YJL185C,46,44,NA,0
YJL180C,370,331,0,3
YJL178C,421,370,0,1
YJL176C,607,577,0,2
YJL173C,269,237,0,2
YJL171C,1092,1013,0,0
YJL170C,1,1,0,0
YJL168C,268,250,1,0
YJL165C,373,353,4,NA
YJL164C,144,128,4,0
YJL163C,50,46,1,0
YJL162C,144,137,0,0
YJL160C,9,8,0,NA
YJL158C,5607,5019,10,17
YJL157C,480,469,NA,0
YJL156C,258,244,NA,0
YJL155C,410,369,6,0
YJL154C,507,499,NA,0
YJL153C,369,358,NA,0
YJL151C,1070,927,0,1
YJL147C,61,57,0,0
YJL139C,82,65,13,0
YJL138C,5330,5044,7,9
YJL137C,71,57,0,0
YJL136C,2931,2040,7,31
YJL133C-A,776,497,0,1
YJL131C,122,110,0,2
YJL130C,6227,6124,NA,0
YJL129C,101,85,12,NA
YJL128C,469,429,6,0
YJL127C-B,175,88,1,1
YJL127C,137,123,8,0
YJL125C,340,310,0,0
YJL124C,747,606,11,2
YJL123C,940,924,0,NA
YJL121C,559,437,1,1
YJL119C,1,0,0,0
YJL116C,193,185,NA,0
YJL110C,21,13,0,0
YJL109C,1279,1250,0,1
YJL108C,0,0,0,0
YJL107C,388,358,0,NA
YJL103C,43,38,0,0
YJL101C,140,109,5,0
YJL094C,164,148,1,1
YJL093C,58,58,NA,0
YJL091C,361,351,0,0
YJL090C,80,78,NA,0
YJL087C,342,334,NA,0
YJL084C,314,305,1,1
YJL081C,399,371,0,0
YJL080C,3313,3230,NA,0
YJL079C,687,574,4,0
YJL078C,1081,1028,4,2
YJL077C,4,3,NA,0
YJL074C,605,593,NA,0
YJL072C,230,212,0,1
YJL070C,105,101,NA,0
YJL069C,601,572,0,1
YJL068C,607,528,0,1
YJL066C,493,439,0,2
YJL065C,316,274,5,0
YJL063C,530,459,0,0
YJL058C,70,64,0,0
YJL057C,156,149,1,1
YJL056C,96,91,NA,0
YJL048C,623,581,3,1
YJL047C-A,3,0,0,3
YJL047C,202,193,3,0
YJL044C,149,123,0,1
YJL039C,668,637,5,0
YJL038C,1,1,NA,0
YJL035C,97,88,2,0
YJL031C,152,136,NA,0
YJL029C,311,287,0,0
YJL027C,1,1,0,0
YJL024C,396,301,0,0
YJL023C,82,73,NA,0
YJL020C,2417,2355,1,0
YJL015C,4,0,NA,4
YJL013C,106,104,NA,0
YJL012C,812,798,0,1
YJL011C,295,237,0,1
YJL010C,701,638,0,0
YJL008C,1633,1469,0,0
YJL006C,171,163,0,0
YJL004C,199,158,0,6
YJL002C,633,587,2,2
YJR003C,221,211,0,0
YJR004C,306,298,NA,0
YJR009C,17000,15311,35,69
YJR010C-A,154,115,0,1
YJR011C,71,59,0,0
YJR012C,41,41,NA,0
YJR016C,2853,2700,0,2
YJR017C,339,275,0,0
YJR019C,170,157,0,0
YJR021C,82,70,0,0
YJR025C,352,295,0,0
YJR030C,150,147,1,NA
YJR031C,282,274,0,0
YJR033C,181,172,0,NA
YJR036C,9,9,NA,0
YJR041C,479,452,0,0
YJR043C,229,214,0,0
YJR044C,277,224,1,0
YJR045C,7043,6610,61,24
YJR047C,529,521,0,0
YJR049C,387,350,0,0
YJR056C,211,181,8,0
YJR058C,102,83,0,0
YJR062C,236,223,0,0
YJR065C,1564,1469,0,0
YJR067C,159,136,NA,0
YJR069C,719,636,0,0
YJR070C,1649,1508,0,1
YJR072C,803,720,2,0
YJR073C,1789,1562,0,3
YJR076C,662,611,0,0
YJR077C,1866,1673,0,4
YJR080C,495,460,0,0
YJR082C,152,118,14,0
YJR083C,295,277,0,0
YJR085C,553,371,2,0
YJR088C,521,471,1,2
YJR090C,278,263,5,0
YJR091C,413,399,1,0
YJR093C,328,298,5,0
YJR094C,20,18,NA,0
YJR098C,100,95,NA,0
YJR100C,143,126,1,0
YJR102C,133,125,0,0
YJR104C,3217,2712,11,18
YJR109C,4325,4108,2,3
YJR111C,218,192,NA,2
YJR113C,464,382,2,1
YJR118C,261,203,0,0
YJR119C,85,83,NA,0
YJR124C,86,80,0,0
YJR125C,927,865,0,0
YJR126C,190,186,NA,0
YJR127C,89,89,NA,0
YJR129C,89,79,0,1
YJR130C,462,414,9,0
YJR134C,323,291,14,0
YJR135C,77,68,0,NA
YJR136C,119,118,NA,0
YJR137C,149,148,NA,0
YJR139C,2210,1976,7,5
YJR140C,254,242,NA,4
YJR143C,1109,1003,4,0
YJR145C,8007,7090,0,17
YJR150C,0,0,0,0
YJR151C,3,0,3,NA
YJR156C,103,96,NA,0
YJR161C,977,860,NA,6
YJL218W,53,48,0,1
YJL217W,355,300,0,0
YJL214W,38,20,NA,16
YJL213W,2,2,NA,0
YJL210W,109,99,1,0
YJL209W,67,59,0,0
YJL203W,194,161,0,0
YJL201W,222,216,0,0
YJL198W,418,402,0,0
YJL197W,214,208,0,0
YJL194W,173,168,0,0
YJL193W,69,63,NA,0
YJL191W,1739,1562,0,2
YJL189W,2798,1675,4,22
YJL186W,1000,911,0,2
YJL184W,343,267,1,0
YJL183W,401,334,13,0
YJL181W,97,86,0,0
YJL179W,474,330,15,1
YJL177W,2749,2477,0,1
YJL175W,0,0,0,0
YJL174W,885,785,6,2
YJL172W,1222,1154,0,0
YJL167W,3922,3473,13,7
YJL166W,1133,786,9,6
YJL161W,171,149,0,3
YJL159W,16053,15081,78,39
YJL152W,3,0,0,3
YJL150W,21,11,3,NA
YJL149W,277,256,NA,0
YJL148W,602,503,2,0
YJL146W,212,192,0,0
YJL145W,467,412,0,0
YJL144W,127,89,0,0
YJL143W,756,616,0,1
YJL140W,591,515,7,1
YJL136W-A,0,0,0,0
YJL134W,238,216,NA,0
YJL133W,148,127,0,0
YJL132W,76,74,0,0
YJL126W,115,108,0,0
YJL122W,517,420,0,2
YJL118W,24,23,NA,1
YJL117W,471,405,0,0
YJL115W,326,280,5,0
YJL112W,225,188,7,0
YJL111W,1228,1118,1,3
YJL106W,80,52,23,NA
YJL104W,747,636,0,1
YJL102W,87,79,0,0
YJL100W,113,104,1,0
YJL099W,176,162,1,NA
YJL098W,467,439,6,NA
YJL097W,635,529,0,0
YJL096W,379,310,0,4
YJL095W,141,140,NA,0
YJL092W,95,93,NA,0
YJL088W,1559,1398,0,2
YJL085W,295,275,0,0
YJL083W,67,62,1,2
YJL082W,481,460,1,0
YJL077W-B,0,0,0,0
YJL077W-A,6,1,0,2
YJL076W,804,791,NA,2
YJL073W,199,190,1,0
YJL071W,124,113,0,0
YJL062W-A,486,334,1,0
YJL062W,235,215,0,0
YJL061W,402,369,0,0
YJL060W,495,449,0,2
YJL059W,80,71,0,0
YJL055W,619,535,0,2
YJL054W,270,260,0,0
YJL053W,361,315,3,1
YJL052W,6495,5932,3,0
YJL051W,155,148,0,NA
YJL050W,1419,1381,0,1
YJL049W,262,246,0,1
YJL046W,72,64,3,0
YJL045W,9,8,NA,0
YJL043W,8,0,NA,8
YJL042W,467,446,10,NA
YJL041W,1333,1266,0,0
YJL037W,6,4,NA,2
YJL036W,384,372,1,0
YJL034W,5063,4787,5,3
YJL033W,858,803,0,NA
YJL030W,125,105,0,0
YJL028W,2,0,NA,2
YJL026W,1503,1359,5,1
YJL025W,47,43,3,0
YJL022W,5,1,NA,4
YJL019W,128,118,1,0
YJL016W,202,178,10,0
YJL014W,1625,1512,0,0
YJL005W,478,461,3,NA
YJL003W,223,180,2,4
YJL001W,805,684,0,3
YJR001W,619,575,1,2
YJR002W,767,725,0,0
YJR005W,395,357,0,1
YJR006W,251,237,0,0
YJR007W,1639,1444,8,1
YJR008W,398,360,2,0
YJR010W,80,77,NA,0
YJR013W,209,185,1,1
YJR014W,919,760,0,3
YJR015W,666,648,0,0
YJR018W,0,0,0,0
YJR020W,2,0,0,2
YJR032W,365,341,0,2
YJR034W,219,174,3,0
YJR035W,156,150,NA,1
YJR039W,47,47,NA,NA
YJR040W,213,185,1,0
YJR042W,601,578,0,0
YJR046W,177,172,0,0
YJR048W,1683,1324,12,9
YJR050W,230,203,0,1
YJR051W,279,261,1,0
YJR052W,204,184,NA,0
YJR053W,75,70,0,NA
YJR054W,78,70,3,0
YJR055W,106,97,0,0
YJR057W,174,163,0,0
YJR059W,552,532,4,NA
YJR060W,778,713,0,2
YJR061W,44,44,NA,0
YJR063W,434,366,0,1
YJR064W,1181,1087,1,0
YJR066W,308,303,0,NA
YJR068W,360,321,1,0
YJR074W,267,257,NA,2
YJR075W,584,550,1,3
YJR078W,89,89,0,NA
YJR079W,1,0,NA,1
YJR084W,180,161,0,1
YJR089W,115,106,2,NA
YJR092W,927,912,NA,0
YJR094W-A,2648,1780,0,8
YJR095W,12,11,0,0
YJR096W,276,249,NA,0
YJR097W,146,125,1,0
YJR099W,220,177,2,0
YJR101W,593,514,4,3
YJR103W,413,393,2,1
YJR105W,2548,2266,0,1
YJR106W,104,103,NA,NA
YJR107W,1,1,NA,0
YJR108W,28,27,NA,1
YJR110W,61,56,1,0
YJR112W,152,118,1,0
YJR112W-A,55,35,0,1
YJR115W,7,6,NA,1
YJR116W,70,61,2,0
YJR117W,818,758,2,1
YJR120W,90,21,NA,34
YJR121W,4505,4285,0,10
YJR122W,93,80,0,1
YJR123W,6698,5983,6,13
YJR131W,301,284,0,0
YJR132W,337,330,0,0
YJR133W,633,525,1,0
YJR135W-A,548,385,0,2
YJR138W,155,150,NA,0
YJR141W,31,25,1,0
YJR142W,378,335,0,0
YJR144W,509,453,0,0
YJR147W,11,9,NA,0
YJR148W,982,868,8,0
YJR149W,68,67,NA,0
YJR152W,34,8,25,0
YJR153W,5,4,1,0
YJR154W,24,15,7,NA
YJR155W,5,3,NA,1
YKL222C,34,28,4,0
YKL220C,6,6,NA,0
YKL218C,302,272,0,0
YKL215C,382,358,2,NA
YKL214C,234,201,0,0
YKL213C,492,468,4,1
YKL211C,1120,1046,0,NA
YKL209C,12,12,NA,NA
YKL206C,385,334,0,0
YKL203C,410,400,NA,NA
YKL201C,130,128,NA,NA
YKL198C,40,34,2,0
YKL197C,136,127,NA,3
YKL196C,590,499,2,4
YKL194C,204,183,0,1
YKL193C,503,473,0,0
YKL192C,1158,834,1,2
YKL188C,23,22,NA,1
YKL187C,6,6,NA,0
YKL186C,560,486,0,1
YKL179C,477,455,0,1
YKL178C,455,399,2,1
YKL176C,70,58,12,0
YKL174C,248,210,2,0
YKL169C,1,0,0,1
YKL168C,102,96,NA,0
YKL167C,413,357,0,0
YKL166C,224,218,NA,0
YKL165C-A,7,0,7,NA
YKL165C,528,489,1,0
YKL164C,10286,9558,126,23
YKL162C,79,69,1,0
YKL161C,735,587,10,61
YKL159C,190,165,NA,1
YKL155C,261,243,0,0
YKL152C,10977,9752,1,4
YKL151C,439,414,2,NA
YKL149C,74,72,0,0
YKL148C,1466,1359,11,1
YKL144C,236,215,0,1
YKL138C-A,228,137,0,2
YKL138C,458,363,5,0
YKL135C,458,425,0,0
YKL134C,225,213,0,0
YKL133C,43,39,0,0
YKL132C,7,6,1,0
YKL130C,386,293,0,0
YKL129C,442,424,NA,0
YKL128C,217,192,0,0
YKL122C,900,755,0,3
YKL119C,290,249,2,0
YKL116C,200,188,NA,0
YKL113C,416,373,0,1
YKL110C,484,441,0,3
YKL106C-A,0,0,0,0
YKL105C,198,190,1,NA
YKL104C,2662,2492,9,4
YKL103C,637,585,1,0
YKL102C,2,1,NA,0
YKL100C,585,534,1,0
YKL099C,483,412,3,0
YKL092C,153,137,0,NA
YKL091C,369,345,NA,0
YKL087C,700,632,3,0
YKL082C,643,607,0,NA
YKL075C,191,174,0,NA
YKL074C,335,317,0,0
YKL065C,976,888,0,2
YKL063C,412,315,10,0
YKL060C,16778,15368,2,13
YKL059C,311,285,0,0
YKL057C,519,479,1,0
YKL056C,2747,2240,8,5
YKL055C,34,32,0,0
YKL054C,5550,5359,18,3
YKL053C-A,353,255,12,0
YKL052C,216,200,0,0
YKL050C,6,6,NA,0
YKL049C,282,254,1,0
YKL048C,103,97,NA,0
YKL046C,651,567,19,4
YKL040C,569,499,1,0
YKL036C,11,1,NA,9
YKL032C,765,754,NA,0
YKL029C,1385,1310,0,0
YKL026C,31,29,NA,0
YKL025C,429,399,0,1
YKL024C,423,393,NA,0
YKL022C,338,338,NA,0
YKL021C,483,463,NA,0
YKL020C,285,282,NA,0
YKL018C-A,79,47,0,0
YKL017C,150,150,0,0
YKL016C,1796,1516,3,0
YKL014C,603,593,NA,0
YKL013C,792,667,3,1
YKL011C,70,66,NA,0
YKL010C,581,570,NA,0
YKL008C,420,391,0,0
YKL006C-A,178,134,0,0
YKL005C,186,178,4,0
YKL003C,317,263,0,2
YKL001C,105,70,7,0
YKR001C,2060,1949,0,0
YKR004C,71,61,6,NA
YKR005C,15,13,NA,0
YKR006C,681,619,0,0
YKR009C,54,54,NA,0
YKR010C,168,154,2,NA
YKR011C,292,279,NA,2
YKR012C,2,0,2,NA
YKR014C,816,688,8,0
YKR015C,5,2,3,0
YKR017C,64,56,0,0
YKR018C,632,604,0,0
YKR019C,83,80,0,0
YKR022C,138,102,7,0
YKR024C,425,401,0,0
YKR026C,506,469,1,2
YKR029C,330,325,NA,0
YKR031C,213,211,NA,0
YKR036C,73,66,0,0
YKR037C,184,171,0,0
YKR038C,399,368,0,1
YKR040C,4,4,NA,NA
YKR043C,1089,994,0,2
YKR045C,189,156,0,4
YKR046C,2721,2522,0,1
YKR048C,1800,1655,0,3
YKR049C,157,135,0,1
YKR052C,179,161,4,1
YKR053C,2,2,NA,0
YKR054C,197,194,0,0
YKR063C,139,131,NA,0
YKR065C,810,722,0,0
YKR066C,899,827,0,0
YKR068C,519,440,0,0
YKR071C,940,880,1,1
YKR072C,435,422,NA,0
YKR075C,171,151,1,0
YKR079C,287,265,14,0
YKR081C,861,737,0,0
YKR083C,157,112,0,0
YKR084C,474,442,0,0
YKR085C,477,433,0,0
YKR087C,166,147,0,0
YKR088C,248,232,0,0
YKR089C,208,198,2,0
YKR092C,1182,1082,0,8
YKR094C,3667,2968,1,22
YKR098C,68,65,0,0
YKR100C,293,251,13,1
YKL221W,1,1,NA,0
YKL219W,187,180,NA,0
YKL217W,19,19,NA,0
YKL216W,2738,2477,11,8
YKL212W,1459,1353,28,NA
YKL210W,2439,2386,2,1
YKL208W,152,138,0,0
YKL207W,695,597,0,1
YKL205W,462,430,2,NA
YKL204W,1208,1139,0,0
YKL195W,1213,1120,0,2
YKL191W,280,258,0,0
YKL190W,449,397,3,1
YKL189W,184,157,0,0
YKL185W,1215,1108,43,0
YKL184W,1225,1130,8,0
YKL183W,258,195,9,0
YKL182W,13893,13719,NA,7
YKL181W,1165,1037,12,0
YKL180W,3563,3068,0,23
YKL175W,407,348,3,0
YKL173W,324,301,0,0
YKL172W,1570,1471,0,0
YKL171W,90,81,1,0
YKL170W,436,370,0,0
YKL163W,3805,3507,104,NA
YKL160W,323,191,0,0
YKL157W,1724,1680,0,0
YKL156W,1788,1441,NA,35
YKL154W,264,228,1,0
YKL153W,1,1,0,NA
YKL150W,2297,2044,12,3
YKL146W,449,438,0,0
YKL145W,1669,1589,NA,0
YKL143W,767,698,0,0
YKL142W,1356,1190,15,5
YKL141W,771,713,1,0
YKL140W,266,240,4,1
YKL139W,264,238,0,0
YKL137W,462,326,0,0
YKL127W,650,620,0,0
YKL126W,846,794,12,0
YKL125W,380,346,2,0
YKL124W,171,152,1,NA
YKL121W,109,104,NA,1
YKL120W,845,749,0,0
YKL118W,2,0,NA,1
YKL117W,1773,1587,1,2
YKL112W,454,419,3,0
YKL109W,684,594,31,1
YKL108W,151,139,1,0
YKL107W,8,8,NA,0
YKL106W,260,235,3,0
YKL101W,411,402,NA,0
YKL098W,99,75,0,0
YKL096W-A,5099,3441,69,55
YKL096W,6265,5541,29,20
YKL094W,507,468,0,4
YKL093W,36,32,NA,0
YKL090W,108,98,NA,1
YKL089W,168,160,0,0
YKL088W,401,382,0,0
YKL086W,37,26,0,0
YKL085W,1878,1802,6,1
YKL084W,72,42,5,NA
YKL081W,4633,4241,0,6
YKL080W,927,855,6,1
YKL079W,230,223,0,0
YKL078W,260,251,0,0
YKL077W,986,899,1,1
YKL073W,750,715,0,1
YKL072W,80,69,4,0
YKL071W,3,2,NA,1
YKL070W,2,1,NA,0
YKL069W,341,292,0,0
YKL068W-A,148,93,1,1
YKL068W,713,677,8,0
YKL065W-A,7,4,1,0
YKL064W,372,347,17,NA
YKL062W,1070,1035,NA,0
YKL061W,115,73,0,2
YKL058W,265,200,1,0
YKL053W,17,0,NA,17
YKL051W,353,337,NA,3
YKL047W,309,288,0,0
YKL045W,382,366,1,0
YKL044W,4,4,0,NA
YKL043W,50,47,NA,0
YKL042W,300,261,0,0
YKL041W,321,254,10,0
YKL039W,1198,1078,12,3
YKL038W,133,129,1,0
YKL035W,3413,3056,19,3
YKL034W,201,184,0,0
YKL033W-A,789,698,2,3
YKL033W,173,171,NA,1
YKL031W,0,0,0,0
YKL028W,300,261,0,1
YKL027W,365,311,2,0
YKL023W,293,264,0,0
YKL019W,184,164,0,0
YKL018W,250,212,0,0
YKL015W,132,121,4,0
YKL012W,300,294,0,NA
YKL009W,1076,978,1,0
YKL007W,1054,959,0,3
YKL006W,3982,3164,0,11
YKL004W,283,244,17,0
YKL002W,316,287,2,0
YKR002W,365,338,2,0
YKR003W,367,317,7,1
YKR007W,326,278,0,0
YKR008W,432,379,0,0
YKR013W,1791,1645,0,0
YKR016W,994,915,2,1
YKR020W,169,147,0,0
YKR021W,288,247,1,0
YKR023W,257,244,0,0
YKR025W,342,307,2,1
YKR027W,133,126,1,0
YKR028W,373,364,NA,0
YKR030W,223,200,0,2
YKR035W-A,750,646,0,0
YKR039W,3642,3383,34,3
YKR041W,45,27,NA,14
YKR042W,4291,3798,92,8
YKR044W,48,31,2,0
YKR047W,2,0,2,NA
YKR050W,12,4,8,0
YKR051W,43,39,0,0
YKR055W,133,119,0,0
YKR056W,684,680,NA,0
YKR057W,1772,1205,4,6
YKR058W,79,69,2,0
YKR059W,5059,4846,0,3
YKR060W,273,238,1,0
YKR061W,76,76,0,0
YKR062W,475,429,2,0
YKR064W,106,97,NA,0
YKR067W,462,406,3,4
YKR069W,29,19,10,0
YKR070W,256,246,NA,1
YKR074W,451,397,NA,1
YKR075W-A,0,0,0,0
YKR076W,130,117,0,2
YKR077W,580,543,0,0
YKR078W,134,128,0,0
YKR080W,452,390,3,0
YKR082W,625,606,NA,0
YKR086W,172,161,0,0
YKR090W,267,244,2,1
YKR091W,785,679,1,1
YKR093W,3148,2982,17,2
YKR095W,756,748,NA,0
YKR095W-A,241,171,0,0
YKR096W,249,239,0,0
YKR097W,11,11,NA,0
YKR099W,188,175,2,1
YKR101W,76,76,0,0
YKR102W,3,3,NA,NA
YKR103W,4,3,1,NA
YKR104W,0,0,0,0
YLL063C,40,40,NA,0
YLL062C,21,18,0,0
YLL060C,31,27,0,0
YLL059C,13,7,NA,6
YLL057C,24,23,NA,1
YLL056C,2,2,NA,0
YLL054C,46,45,0,0
YLL053C,2,0,NA,0
YLL051C,72,71,0,0
YLL050C,2239,1870,0,17
YLL048C,1240,1223,NA,NA
YLL045C,6500,5968,0,2
YLL042C,8,8,NA,0
YLL041C,1128,1024,2,3
YLL040C,1281,1268,NA,0
YLL039C,5630,5298,29,4
YLL038C,180,142,NA,23
YLL036C,295,277,0,0
YLL034C,552,520,0,0
YLL032C,200,196,NA,0
YLL031C,369,350,1,0
YLL024C,17721,17143,1,23
YLL023C,664,561,1,1
YLL022C,229,219,NA,0
YLL019C,430,403,16,NA
YLL018C-A,213,135,5,2
YLL018C,3613,3460,0,0
YLL013C,626,603,12,1
YLL010C,214,198,9,0
YLL009C,800,490,5,0
YLL007C,166,158,0,0
YLR001C,105,104,0,0
YLR002C,743,721,0,0
YLR003C,430,382,0,0
YLR004C,10,10,0,0
YLR006C,196,178,12,NA
YLR008C,602,502,2,1
YLR010C,50,37,0,0
YLR014C,96,93,NA,NA
YLR016C,134,110,1,0
YLR018C,212,196,0,0
YLR020C,150,139,0,0
YLR022C,396,361,NA,2
YLR023C,375,324,17,3
YLR024C,84,81,0,NA
YLR026C,432,373,5,1
YLR027C,2389,2238,0,0
YLR028C,1242,1195,4,1
YLR029C,5386,4516,1,20
YLR034C,376,321,4,0
YLR035C,74,63,0,1
YLR036C,122,88,0,0
YLR037C,7,5,2,0
YLR038C,1087,793,7,13
YLR039C,173,170,NA,0
YLR040C,1034,908,7,3
YLR042C,81,68,1,0
YLR043C,846,595,0,4
YLR044C,26773,25293,16,79
YLR045C,487,469,1,NA
YLR046C,1,1,NA,0
YLR047C,52,48,4,0
YLR049C,584,546,3,0
YLR050C,163,139,0,0
YLR051C,449,398,0,2
YLR053C,6,3,NA,0
YLR054C,25,24,NA,1
YLR055C,160,153,NA,0
YLR058C,2002,1855,1,1
YLR059C,271,258,NA,0
YLR065C,204,160,0,0
YLR067C,114,111,NA,0
YLR069C,1164,1097,0,0
YLR070C,25,22,NA,0
YLR071C,330,311,0,1
YLR073C,115,100,2,0
YLR074C,575,436,0,1
YLR078C,355,320,3,0
YLR082C,131,127,0,0
YLR083C,688,623,2,NA
YLR084C,249,242,NA,4
YLR085C,130,118,0,0
YLR087C,74,73,NA,0
YLR089C,800,740,5,0
YLR093C,536,472,4,1
YLR094C,412,389,1,0
YLR095C,330,300,0,0
YLR097C,151,126,0,0
YLR098C,82,73,0,0
YLR099C,113,99,2,0
YLR103C,144,116,4,0
YLR105C,92,82,0,0
YLR106C,1161,1152,NA,0
YLR108C,57,54,0,0
YLR110C,12076,9933,96,68
YLR114C,300,273,2,1
YLR117C,258,246,0,0
YLR118C,396,342,1,2
YLR120C,1163,1032,10,2
YLR121C,447,421,0,0
YLR126C,92,85,0,0
YLR127C,95,92,0,NA
YLR130C,178,153,2,0
YLR131C,247,238,NA,0
YLR132C,86,79,0,2
YLR136C,86,82,NA,0
YLR139C,186,167,9,0
YLR144C,267,254,0,1
YLR146C,277,249,0,0
YLR147C,197,125,0,1
YLR149C,168,145,4,0
YLR151C,161,149,NA,2
YLR152C,86,72,8,0
YLR153C,4844,4567,1,2
YLR154C,138,99,2,0
YLR163C,767,711,0,0
YLR165C,46,42,NA,1
YLR166C,496,466,0,0
YLR168C,870,735,0,5
YLR170C,342,280,0,1
YLR172C,767,706,0,0
YLR176C,158,154,NA,0
YLR178C,947,812,0,0
YLR179C,643,560,2,2
YLR181C,313,280,6,0
YLR183C,490,439,1,1
YLR189C,213,204,NA,0
YLR192C,1674,1568,1,1
YLR193C,352,298,0,1
YLR194C,2140,1915,0,3
YLR195C,614,578,0,0
YLR199C,490,413,2,2
YLR201C,439,414,NA,1
YLR203C,681,637,3,0
YLR205C,440,391,1,2
YLR209C,492,465,NA,0
YLR211C,91,81,0,1
YLR212C,177,152,0,0
YLR213C,3,3,0,0
YLR215C,174,156,0,1
YLR216C,2671,2443,0,6
YLR218C,84,73,NA,0
YLR221C,576,503,3,0
YLR222C,832,797,0,1
YLR223C,544,506,9,NA
YLR225C,619,587,0,0
YLR227C,53,22,29,NA
YLR228C,95,87,0,0
YLR229C,783,657,20,0
YLR231C,274,249,0,1
YLR233C,46,26,2,2
YLR239C,206,196,0,0
YLR242C,55,39,12,0
YLR244C,1228,1134,0,0
YLR245C,94,68,0,0
YLR247C,218,194,NA,1
YLR254C,177,155,2,0
YLR255C,2,0,0,2
YLR259C,7059,6702,1,5
YLR262C-A,747,462,0,0
YLR265C,50,46,NA,0
YLR266C,31,31,NA,0
YLR269C,3,0,NA,3
YLR272C,225,217,0,0
YLR273C,39,32,2,1
YLR276C,1051,1023,3,2
YLR277C,231,198,15,0
YLR284C,51,41,2,0
YLR285C-A,3,0,NA,0
YLR286C,4257,3864,105,NA
YLR287C,518,476,0,1
YLR287C-A,2033,1412,0,12
YLR288C,84,76,0,0
YLR290C,130,114,0,1
YLR291C,771,703,1,2
YLR292C,621,529,0,1
YLR293C,3063,2674,6,2
YLR294C,74,4,NA,NA
YLR298C,209,188,NA,0
YLR304C,7913,7557,1,3
YLR305C,464,461,NA,0
YLR309C,542,529,0,NA
YLR310C,536,522,NA,0
YLR311C,1,1,NA,NA
YLR312C,62,59,1,NA
YLR313C,94,69,20,0
YLR314C,1347,1259,4,2
YLR316C,155,143,0,0
YLR319C,360,326,0,0
YLR321C,564,527,0,0
YLR323C,97,86,0,0
YLR325C,2746,1845,0,25
YLR327C,1597,1026,59,7
YLR333C,2084,1459,23,10
YLR336C,472,455,0,NA
YLR337C,778,754,3,0
YLR339C,0,0,0,0
YLR346C,2,1,1,0
YLR347C,1229,1163,5,2
YLR348C,306,271,0,3
YLR351C,454,427,NA,2
YLR354C,3353,2998,2,2
YLR355C,11056,10150,32,17
YLR361C,163,138,0,0
YLR361C-A,197,170,NA,0
YLR363C,487,404,4,0
YLR364C-A,0,0,0,0
YLR370C,909,778,1,10
YLR373C,231,209,0,0
YLR376C,52,45,0,0
YLR378C,1131,1056,25,1
YLR382C,343,327,1,1
YLR384C,1150,1145,NA,1
YLR387C,817,778,0,0
YLR389C,428,422,NA,0
YLR392C,81,71,0,0
YLR395C,696,575,1,5
YLR396C,172,166,1,0
YLR397C,414,398,0,0
YLR398C,825,816,NA,1
YLR399C,512,489,0,NA
YLR401C,675,633,0,0
YLR406C,1556,1200,0,5
YLR406C-A,5,0,4,NA
YLR408C,75,73,NA,0
YLR409C,676,658,0,0
YLR412C-A,3,0,0,3
YLR414C,1320,1182,17,1
YLR418C,615,583,NA,1
YLR421C,766,665,0,3
YLR423C,91,79,0,1
YLR428C,2,1,0,1
YLR431C,71,58,2,1
YLR433C,260,242,NA,1
YLR436C,190,168,3,0
YLR437C,303,259,6,1
YLR438C-A,503,357,14,1
YLR440C,313,290,1,0
YLR441C,4866,4293,0,9
YLR442C,253,248,0,0
YLR447C,1339,1220,0,1
YLR452C,80,74,0,0
YLR453C,81,64,11,NA
YLR457C,56,55,0,0
YLR460C,16,16,0,0
YLL061W,31,30,0,0
YLL058W,146,129,1,0
YLL055W,9,8,0,0
YLL049W,37,34,0,NA
YLL047W,0,0,0,0
YLL043W,469,453,4,0
YLL037W,0,0,0,0
YLL035W,117,107,1,0
YLL033W,63,59,NA,0
YLL029W,732,682,9,0
YLL028W,664,608,9,4
YLL027W,554,454,28,0
YLL026W,5471,5215,13,0
YLL025W,10,6,0,0
YLL021W,906,884,1,NA
YLL015W,502,499,NA,0
YLL014W,258,183,0,0
YLL012W,119,107,2,0
YLL011W,472,429,0,1
YLL008W,1086,1041,0,0
YLL006W,221,204,0,0
YLL004W,173,165,0,1
YLL003W,92,90,0,0
YLL002W,67,63,0,0
YLL001W,745,724,0,0
YLR005W,246,228,0,1
YLR007W,120,115,0,1
YLR009W,1041,880,20,2
YLR011W,183,149,3,0
YLR015W,180,169,0,1
YLR017W,584,574,NA,1
YLR019W,345,319,9,0
YLR021W,157,137,1,0
YLR025W,622,531,1,1
YLR031W,1,1,NA,0
YLR032W,242,234,NA,0
YLR033W,402,362,2,0
YLR041W,26,0,0,26
YLR048W,5059,4734,16,6
YLR052W,275,262,NA,0
YLR056W,1560,1398,12,2
YLR057W,273,253,1,1
YLR060W,2659,2539,0,0
YLR061W,3284,2399,0,14
YLR064W,495,413,1,0
YLR066W,352,312,0,0
YLR068W,350,282,1,0
YLR072W,135,129,0,0
YLR075W,6677,6192,0,7
YLR077W,211,200,0,0
YLR079W,466,398,2,0
YLR080W,60,59,NA,0
YLR081W,14,14,0,0
YLR086W,297,283,NA,0
YLR088W,388,346,0,2
YLR090W,283,269,0,1
YLR091W,71,70,NA,0
YLR092W,7,7,NA,0
YLR096W,285,269,5,NA
YLR099W-A,140,108,1,0
YLR100W,1322,1262,0,0
YLR104W,227,194,0,0
YLR107W,203,195,NA,0
YLR109W,5434,4532,16,23
YLR112W,35,0,0,29
YLR113W,988,881,12,0
YLR115W,227,204,0,0
YLR116W,223,222,NA,0
YLR119W,119,116,NA,0
YLR120W-A,2,0,1,1
YLR124W,23,13,NA,1
YLR125W,1,1,0,0
YLR128W,108,82,1,0
YLR129W,640,627,0,0
YLR133W,716,663,0,1
YLR134W,1293,1276,0,0
YLR135W,94,89,1,0
YLR137W,61,57,0,1
YLR138W,207,193,8,NA
YLR141W,58,47,NA,4
YLR142W,462,448,NA,0
YLR143W,245,229,0,2
YLR145W,122,106,0,0
YLR146W-A,201,146,0,1
YLR148W,405,394,NA,0
YLR150W,5608,5178,1,5
YLR164W,12,12,NA,0
YLR167W,5529,4913,6,5
YLR173W,127,119,1,0
YLR174W,34,28,1,0
YLR175W,2333,2108,1,1
YLR177W,266,255,0,0
YLR180W,2791,2573,13,6
YLR182W,461,448,0,0
YLR185W,3033,2204,0,8
YLR186W,726,650,1,0
YLR187W,352,342,3,NA
YLR188W,149,136,3,0
YLR190W,473,421,14,3
YLR191W,225,193,2,0
YLR196W,1338,1254,6,NA
YLR197W,3482,3305,0,NA
YLR200W,391,296,0,4
YLR204W,521,444,2,1
YLR206W,754,717,11,NA
YLR207W,221,214,0,0
YLR208W,894,853,9,7
YLR210W,145,136,0,0
YLR214W,82,78,0,0
YLR217W,1,1,0,0
YLR219W,360,339,4,0
YLR220W,492,420,15,0
YLR224W,81,65,8,0
YLR226W,358,334,0,0
YLR234W,73,66,0,0
YLR237W,483,459,3,0
YLR238W,170,150,0,0
YLR240W,220,209,1,0
YLR241W,308,281,2,0
YLR243W,433,367,1,0
YLR246W,43,43,NA,0
YLR248W,872,793,1,0
YLR249W,16729,16370,1,12
YLR250W,731,636,1,5
YLR253W,299,265,15,0
YLR256W,247,237,2,NA
YLR257W,1586,1445,30,2
YLR258W,1283,1213,7,2
YLR260W,355,293,7,0
YLR263W,17,4,10,1
YLR264W,1378,1013,0,20
YLR267W,29,26,0,0
YLR268W,544,438,1,3
YLR270W,990,888,3,5
YLR271W,101,82,9,0
YLR274W,539,503,0,0
YLR275W,232,154,0,2
YLR283W,93,87,NA,0
YLR285W,454,423,NA,0
YLR286W-A,9,2,3,1
YLR289W,158,146,0,0
YLR296W,0,0,0,0
YLR297W,90,72,1,1
YLR299W,438,416,3,0
YLR300W,5940,5479,35,22
YLR301W,921,786,1,1
YLR303W,1099,1004,0,0
YLR306W,107,73,4,0
YLR307W,5,5,0,0
YLR312W-A,577,525,0,4
YLR315W,121,89,2,2
YLR317W,1,1,NA,0
YLR318W,21,20,NA,NA
YLR320W,36,35,NA,0
YLR324W,246,233,2,0
YLR326W,206,181,2,1
YLR328W,279,245,7,0
YLR329W,4,3,NA,0
YLR330W,1162,1114,0,1
YLR332W,452,387,23,1
YLR335W,1352,1279,0,1
YLR340W,7725,6891,45,27
YLR342W,4587,4454,33,NA
YLR342W-A,2,0,1,NA
YLR343W,2,2,NA,0
YLR344W,2369,1963,0,25
YLR345W,323,301,2,0
YLR349W,9,4,NA,5
YLR350W,661,576,3,0
YLR352W,114,109,3,0
YLR353W,99,88,6,0
YLR356W,364,316,0,2
YLR357W,459,450,NA,1
YLR359W,889,801,11,0
YLR360W,143,119,5,0
YLR362W,263,248,0,0
YLR363W-A,231,152,0,0
YLR364W,97,73,1,0
YLR367W,1572,1353,NA,3
YLR368W,69,62,1,0
YLR369W,357,337,0,NA
YLR371W,251,243,3,NA
YLR372W,946,830,9,1
YLR375W,135,126,1,0
YLR380W,645,613,6,0
YLR381W,67,58,0,NA
YLR383W,144,128,1,0
YLR386W,331,305,0,0
YLR388W,1090,610,40,24
YLR390W,215,202,NA,0
YLR390W-A,3907,3529,1,14
YLR393W,190,167,0,NA
YLR394W,2,2,NA,0
YLR400W,0,0,0,0
YLR402W,9,4,NA,4
YLR403W,387,379,NA,0
YLR404W,70,56,0,0
YLR405W,151,138,0,1
YLR407W,280,246,4,2
YLR410W,933,916,NA,0
YLR411W,10,9,NA,0
YLR412W,131,126,NA,0
YLR413W,712,661,0,1
YLR417W,110,103,1,0
YLR419W,444,419,3,0
YLR420W,1033,947,0,0
YLR422W,120,113,2,0
YLR424W,104,103,NA,0
YLR425W,86,84,NA,0
YLR426W,69,66,0,0
YLR427W,241,218,3,1
YLR429W,1435,1382,0,0
YLR430W,505,481,12,0
YLR432W,2022,1881,13,1
YLR435W,596,477,4,0
YLR438W,157,153,0,0
YLR439W,589,536,1,0
YLR443W,83,64,6,1
YLR446W,87,78,0,NA
YLR448W,3186,2647,0,10
YLR449W,1656,1496,1,1
YLR450W,355,322,3,0
YLR451W,287,270,4,NA
YLR454W,304,288,2,0
YLR455W,251,224,9,1
YLR456W,54,41,0,0
YLR459W,276,251,0,0
YML130C,985,898,2,0
YML129C,550,395,0,2
YML128C,1468,1372,10,1
YML126C,2335,2289,NA,4
YML125C,443,361,0,1
YML124C,725,667,0,1
YML123C,2,2,0,0
YML122C,1,1,NA,0
YML120C,895,819,2,2
YML115C,428,372,0,3
YML114C,211,198,1,0
YML110C,548,503,0,0
YML107C,97,91,0,0
YML105C,869,800,0,0
YML104C,87,82,3,0
YML103C,647,636,NA,0
YML099C,125,122,NA,0
YML097C,329,309,0,0
YML095C,113,107,0,1
YML094C-A,0,0,0,0
YML092C,1140,1033,0,2
YML091C,629,615,NA,NA
YML089C,10,0,NA,9
YML087C,18,18,0,0
YML086C,1288,1198,7,1
YML085C,937,851,1,2
YML083C,2,2,NA,0
YML081C-A,823,460,7,2
YML076C,99,95,0,0
YML075C,956,865,2,0
YML074C,1476,1437,0,NA
YML073C,3590,3026,1,20
YML072C,1710,1661,5,NA
YML071C,344,311,6,0
YML067C,323,293,0,1
YML064C,233,203,3,1
YML062C,306,279,0,0
YML061C,167,159,4,0
YML059C,409,403,NA,1
YML056C,1491,1373,11,2
YML054C,358,348,NA,0
YML053C,203,163,3,1
YML049C,268,268,NA,NA
YML043C,69,52,12,0
YML041C,238,210,NA,0
YML038C,151,138,4,1
YML035C,788,729,7,0
YML032C,138,125,0,0
YML026C,4209,3535,2,15
YML025C,607,540,6,3
YML023C,52,37,9,0
YML021C,202,200,NA,0
YML018C,112,102,4,1
YML015C,232,207,2,0
YML011C,85,83,NA,0
YML009C,321,196,7,6
YML008C,2256,2012,3,5
YML007C-A,6,3,0,1
YML006C,120,116,0,0
YML004C,1442,1343,0,1
YMR001C,513,503,NA,0
YMR001C-A,18,7,NA,11
YMR006C,108,100,0,0
YMR008C,1039,1014,NA,0
YMR013C,139,126,NA,0
YMR015C,1671,1577,2,0
YMR016C,203,190,3,0
YMR021C,177,165,0,0
YMR023C,58,56,0,0
YMR026C,69,57,5,0
YMR029C,241,220,1,0
YMR031C,1170,1126,4,NA
YMR034C,13,8,2,0
YMR036C,82,79,0,0
YMR037C,517,503,NA,0
YMR038C,746,657,0,1
YMR039C,610,525,2,NA
YMR041C,140,127,0,0
YMR047C,1006,980,1,NA
YMR049C,1670,1612,0,0
YMR052C-A,0,0,0,0
YMR053C,36,33,NA,NA
YMR055C,181,152,0,4
YMR056C,22,21,0,0
YMR060C,163,145,0,0
YMR062C,1287,1197,0,2
YMR067C,365,345,0,0
YMR071C,278,226,3,0
YMR073C,301,273,0,0
YMR074C,643,605,0,0
YMR076C,574,561,NA,0
YMR077C,157,130,0,0
YMR078C,179,175,0,0
YMR080C,833,780,2,1
YMR081C,54,48,1,0
YMR086C-A,6,0,6,0
YMR088C,171,147,11,0
YMR089C,471,416,35,NA
YMR091C,665,629,0,0
YMR092C,1176,1094,0,0
YMR097C,198,162,9,0
YMR098C,211,196,1,0
YMR099C,1222,1084,0,2
YMR101C,15,14,NA,0
YMR102C,168,160,NA,0
YMR103C,2,2,0,0
YMR105C,2097,1981,1,1
YMR106C,96,87,1,1
YMR110C,737,683,0,2
YMR111C,111,102,0,0
YMR112C,211,197,NA,0
YMR114C,109,91,NA,0
YMR116C,6668,5972,5,10
YMR117C,96,89,NA,0
YMR118C,3,3,NA,0
YMR120C,295,272,0,0
YMR121C,1859,1707,2,1
YMR122C,0,0,0,0
YMR126C,25,18,4,0
YMR127C,74,60,2,0
YMR131C,1187,1117,0,0
YMR132C,178,144,1,0
YMR135C,352,323,0,0
YMR137C,48,43,2,0
YMR142C,4361,3777,0,10
YMR145C,3395,3169,51,3
YMR146C,2059,1876,1,3
YMR150C,130,103,3,NA
YMR153C-A,1,0,0,1
YMR154C,58,56,NA,NA
YMR156C,66,61,NA,0
YMR157C,208,172,2,0
YMR158C-A,7,6,0,1
YMR162C,143,140,NA,0
YMR163C,52,51,1,0
YMR164C,409,399,2,NA
YMR165C,259,248,2,0
YMR166C,171,134,14,0
YMR168C,143,131,0,0
YMR169C,1070,1031,NA,0
YMR170C,807,713,0,1
YMR171C,164,138,10,0
YMR174C,152,112,0,3
YMR180C,112,102,0,1
YMR181C,130,111,1,0
YMR182C,25,14,4,2
YMR183C,945,831,2,1
YMR187C,105,93,0,0
YMR188C,700,623,0,1
YMR190C,71,63,0,NA
YMR193C-A,0,0,0,0
YMR194C-B,78,56,NA,0
YMR197C,677,603,6,1
YMR201C,147,133,0,1
YMR204C,85,80,0,0
YMR205C,5735,5534,4,2
YMR207C,115,97,16,0
YMR209C,98,95,0,0
YMR212C,366,340,3,0
YMR216C,366,336,14,0
YMR218C,181,172,2,NA
YMR221C,379,353,0,0
YMR222C,382,334,0,0
YMR224C,119,113,0,0
YMR225C,396,296,0,1
YMR226C,2407,2221,5,0
YMR227C,312,289,2,0
YMR229C,2450,2419,NA,2
YMR235C,1231,1195,0,3
YMR239C,434,374,0,5
YMR240C,200,189,0,0
YMR242C,3964,3404,0,15
YMR243C,602,527,7,0
YMR244C-A,188,129,0,4
YMR247C,616,605,0,NA
YMR252C,22,18,0,0
YMR253C,145,140,2,NA
YMR256C,940,588,1,6
YMR257C,46,24,17,0
YMR258C,191,165,9,0
YMR259C,315,313,NA,0
YMR260C,1735,1393,0,3
YMR261C,828,776,1,0
YMR265C,29,28,NA,0
YMR268C,177,162,1,0
YMR270C,105,89,9,0
YMR271C,93,87,NA,0
YMR272C,1103,1027,0,1
YMR273C,124,115,0,1
YMR274C,51,47,0,0
YMR275C,253,240,0,1
YMR279C,6,3,0,0
YMR280C,45,44,NA,0
YMR282C,162,155,0,NA
YMR283C,113,112,NA,0
YMR285C,385,365,0,0
YMR287C,152,142,0,NA
YMR290C,1651,1531,0,4
YMR293C,131,122,0,0
YMR295C,1270,1113,5,NA
YMR296C,599,563,2,1
YMR299C,95,89,0,0
YMR300C,723,639,2,0
YMR301C,272,260,0,0
YMR302C,600,545,0,0
YMR303C,3597,3451,1,0
YMR305C,2010,1876,27,NA
YMR306C-A,7,3,NA,4
YMR308C,1080,1042,3,0
YMR309C,2576,2450,4,2
YMR310C,332,290,2,0
YMR311C,751,626,0,1
YMR313C,222,210,0,0
YMR316C-A,0,0,0,0
YMR316C-B,1,1,0,0
YMR318C,993,921,0,3
YMR319C,259,242,3,0
YML131W,284,251,0,0
YML127W,475,436,0,NA
YML121W,217,191,2,0
YML119W,365,323,0,0
YML118W,29,24,3,NA
YML117W,912,877,3,NA
YML116W,53,47,5,0
YML113W,320,288,0,1
YML112W,193,188,0,0
YML111W,432,420,1,NA
YML109W,221,207,0,0
YML108W,242,184,4,0
YML106W,930,768,30,0
YML102W,199,188,0,1
YML100W-A,0,0,0,0
YML100W,2048,1977,0,2
YML098W,141,104,0,0
YML096W,169,144,0,0
YML094W,531,444,0,0
YML093W,1020,958,0,NA
YML090W,0,0,0,0
YML088W,204,192,0,NA
YML084W,20,13,NA,5
YML082W,185,180,0,0
YML081W,167,162,1,0
YML080W,304,270,2,2
YML079W,474,462,0,0
YML078W,1229,1054,0,1
YML077W,146,121,NA,2
YML070W,1380,1323,1,1
YML069W,1122,1071,2,0
YML068W,66,58,2,0
YML065W,207,199,0,0
YML063W,5140,4537,5,1
YML060W,243,217,1,2
YML058W-A,21,11,0,0
YML058W,1937,1430,0,4
YML057W,786,737,0,0
YML055W,239,194,0,4
YML052W,735,667,0,1
YML051W,50,44,1,1
YML050W,151,142,0,0
YML048W,644,584,0,2
YML046W,205,185,2,0
YML042W,34,34,NA,0
YML036W,191,152,0,0
YML034W,586,577,0,0
YML031W,311,264,0,1
YML030W,377,290,0,2
YML029W,300,273,2,1
YML028W,3435,2837,1,13
YML027W,548,506,1,0
YML024W,4072,3288,0,1
YML022W,879,767,0,1
YML020W,115,91,13,1
YML019W,167,154,0,1
YML017W,650,599,1,0
YML014W,235,219,NA,0
YML013W,351,334,0,1
YML012W,826,684,3,1
YML010W,1925,1882,0,NA
YML007W,628,602,5,2
YML005W,138,136,0,0
YML002W,6,6,NA,0
YML001W,905,776,7,1
YMR002W,2220,1857,1,7
YMR003W,186,169,1,0
YMR004W,398,376,2,0
YMR005W,429,383,4,0
YMR007W,1,1,NA,0
YMR009W,331,285,0,0
YMR010W,231,183,31,0
YMR011W,2935,2721,6,3
YMR012W,2296,2213,7,1
YMR013W-A,0,0,0,0
YMR014W,547,513,0,1
YMR017W,13,12,NA,0
YMR018W,0,0,0,0
YMR019W,110,110,NA,0
YMR020W,97,84,1,0
YMR022W,741,651,0,0
YMR024W,773,746,NA,0
YMR025W,73,71,0,0
YMR027W,948,854,7,0
YMR028W,261,242,0,0
YMR030W,90,86,0,0
YMR033W,427,373,1,2
YMR035W,58,51,1,0
YMR040W,59,34,21,0
YMR042W,70,61,0,1
YMR043W,592,538,0,4
YMR044W,305,280,0,0
YMR048W,161,155,0,0
YMR052W,134,122,0,0
YMR054W,398,341,12,0
YMR058W,670,632,1,1
YMR059W,129,102,1,0
YMR061W,336,314,0,0
YMR063W,53,45,1,0
YMR064W,155,150,NA,1
YMR065W,12,12,NA,0
YMR066W,61,56,0,0
YMR068W,75,70,0,0
YMR069W,35,25,NA,7
YMR070W,378,331,17,NA
YMR072W,1294,1105,0,3
YMR075W,178,167,0,0
YMR079W,1512,1319,3,0
YMR083W,1949,1782,5,1
YMR085W,4,4,NA,0
YMR086W,483,443,12,0
YMR087W,88,79,0,0
YMR090W,177,168,0,0
YMR093W,534,459,1,2
YMR094W,48,37,0,7
YMR096W,106,93,0,0
YMR100W,174,158,NA,0
YMR107W,27,22,1,0
YMR108W,3949,3744,17,3
YMR109W,726,709,0,1
YMR113W,193,157,1,0
YMR115W,326,301,0,1
YMR119W,162,124,20,NA
YMR122W-A,2657,2033,27,20
YMR123W,533,436,0,0
YMR124W,595,572,4,NA
YMR125W,1276,1198,11,NA
YMR128W,697,641,3,0
YMR129W,707,687,NA,1
YMR130W,244,217,0,0
YMR134W,279,252,0,0
YMR136W,238,218,0,0
YMR138W,61,49,NA,0
YMR139W,296,248,22,0
YMR140W,314,286,0,0
YMR143W,2705,2204,0,10
YMR144W,253,213,0,2
YMR148W,121,71,31,8
YMR151W,10,5,NA,4
YMR152W,520,485,0,0
YMR153W,559,522,0,0
YMR155W,116,109,0,0
YMR158W,365,328,0,1
YMR160W,126,124,0,0
YMR161W,495,441,1,1
YMR167W,162,153,0,NA
YMR172W,182,182,NA,NA
YMR175W,61,45,0,NA
YMR176W,103,88,3,0
YMR177W,87,80,1,0
YMR178W,429,377,1,0
YMR179W,158,151,NA,1
YMR182W-A,21,0,21,0
YMR184W,405,348,0,0
YMR185W,231,220,0,NA
YMR186W,11607,11304,1,10
YMR189W,1774,1665,13,1
YMR192W,599,551,4,0
YMR193W,618,566,0,0
YMR194W,2302,1780,0,4
YMR195W,179,119,11,0
YMR196W,405,399,NA,0
YMR198W,99,94,5,0
YMR199W,448,398,9,0
YMR200W,641,570,9,0
YMR202W,1186,1013,0,1
YMR203W,1965,1772,12,0
YMR206W,4,4,0,0
YMR208W,843,801,0,1
YMR210W,109,107,0,0
YMR211W,126,115,0,0
YMR213W,145,135,1,0
YMR214W,468,454,0,0
YMR215W,494,478,0,0
YMR217W,2168,2015,3,1
YMR219W,591,584,NA,0
YMR220W,595,570,0,0
YMR223W,176,161,3,1
YMR228W,248,231,1,0
YMR230W,2377,1737,8,9
YMR231W,275,266,2,0
YMR233W,204,186,2,0
YMR234W,57,50,0,0
YMR236W,489,430,0,0
YMR237W,787,742,10,0
YMR238W,851,760,15,1
YMR241W,766,685,5,0
YMR246W,1552,1454,2,1
YMR250W,682,612,4,0
YMR251W,1,1,NA,NA
YMR251W-A,2699,1696,9,25
YMR255W,400,363,NA,0
YMR262W,85,70,NA,0
YMR263W,324,274,0,1
YMR264W,275,242,2,0
YMR266W,222,219,0,0
YMR267W,608,548,16,0
YMR269W,219,191,1,0
YMR276W,1758,1623,1,1
YMR277W,257,238,1,0
YMR278W,655,638,0,0
YMR281W,127,105,2,0
YMR284W,98,84,0,1
YMR286W,338,248,0,1
YMR288W,232,229,0,0
YMR289W,194,184,NA,0
YMR291W,1370,1345,5,2
YMR292W,219,167,0,1
YMR294W,138,122,0,0
YMR297W,2817,2642,0,1
YMR298W,658,538,0,0
YMR304W,419,407,NA,NA
YMR306W,14,14,0,NA
YMR307W,5788,5485,0,12
YMR312W,270,250,0,0
YMR314W,1103,906,2,3
YMR315W,1704,1573,0,1
YMR316W,265,245,0,0
YMR317W,10,10,NA,0
YMR320W,2,0,2,0
YNL331C,41,39,NA,1
YNL330C,477,422,2,1
YNL329C,174,169,NA,0
YNL328C,53,47,0,0
YNL326C,103,90,0,2
YNL325C,163,153,0,0
YNL322C,891,785,0,2
YNL316C,234,201,1,0
YNL315C,624,578,0,1
YNL313C,591,556,0,0
YNL311C,107,102,0,0
YNL310C,282,235,0,0
YNL308C,1156,1053,3,1
YNL307C,758,691,13,1
YNL305C,541,471,2,0
YNL302C,3969,3415,0,8
YNL301C,2676,2260,1,3
YNL297C,471,454,NA,3
YNL294C,101,89,6,0
YNL291C,97,67,7,0
YNL284C,465,449,NA,0
YNL283C,114,92,18,0
YNL280C,445,410,0,0
YNL276C,11,6,0,1
YNL274C,1175,1099,1,1
YNL272C,305,290,2,0
YNL271C,261,255,NA,0
YNL270C,75,73,1,0
YNL265C,353,306,0,0
YNL264C,197,189,NA,0
YNL263C,567,508,6,0
YNL260C,376,343,NA,0
YNL259C,136,74,2,0
YNL258C,309,287,0,0
YNL257C,261,227,2,0
YNL255C,1759,1463,0,12
YNL254C,97,75,1,NA
YNL252C,702,639,0,0
YNL251C,967,923,18,1
YNL249C,44,36,0,0
YNL248C,1057,981,0,2
YNL245C,213,181,0,1
YNL244C,1209,925,6,3
YNL241C,865,811,1,0
YNL240C,258,251,0,NA
YNL231C,722,618,17,1
YNL230C,106,79,5,5
YNL229C,790,755,NA,0
YNL227C,282,270,1,0
YNL225C,188,182,NA,0
YNL224C,345,321,2,0
YNL221C,250,243,1,0
YNL219C,470,421,12,1
YNL213C,66,57,3,0
YNL211C,55,32,15,NA
YNL206C,220,200,NA,0
YNL201C,218,199,10,NA
YNL200C,234,198,2,1
YNL199C,274,264,NA,0
YNL197C,529,489,10,2
YNL195C,37,36,NA,0
YNL185C,319,304,NA,4
YNL183C,731,677,6,0
YNL182C,457,412,2,1
YNL180C,426,397,NA,1
YNL179C,28,24,3,NA
YNL177C,575,538,0,1
YNL176C,246,218,6,0
YNL175C,931,871,0,0
YNL173C,400,364,0,0
YNL169C,447,420,0,0
YNL168C,552,535,0,0
YNL167C,247,230,7,NA
YNL166C,744,699,0,1
YNL164C,192,154,3,0
YNL163C,457,435,0,0
YNL159C,263,226,0,0
YNL156C,607,454,73,0
YNL154C,822,775,6,3
YNL153C,396,302,0,1
YNL151C,365,324,5,0
YNL149C,431,362,0,0
YNL148C,85,75,0,0
YNL146C-A,3,1,NA,1
YNL144C,35,34,NA,0
YNL143C,149,102,NA,1
YNL139C,496,483,1,NA
YNL137C,818,751,7,0
YNL135C,1947,1520,1,12
YNL134C,1560,1431,2,0
YNL133C,141,121,0,0
YNL130C,626,566,6,1
YNL130C-A,0,0,0,0
YNL125C,242,218,6,0
YNL122C,409,384,NA,2
YNL121C,1819,1672,0,3
YNL118C,3903,3778,6,4
YNL115C,357,325,0,0
YNL114C,3,2,1,NA
YNL111C,1003,777,5,3
YNL110C,981,856,2,2
YNL108C,482,444,0,0
YNL106C,97,93,NA,0
YNL104C,3603,3413,23,2
YNL099C,347,306,0,2
YNL098C,1066,994,0,2
YNL097C-B,11,0,NA,11
YNL097C,217,188,2,0
YNL096C,4014,3479,4,16
YNL095C,43,37,0,0
YNL084C,482,422,0,0
YNL081C,493,374,0,2
YNL080C,47,38,0,1
YNL079C,1939,1738,1,3
YNL074C,801,741,1,1
YNL069C,5084,4481,0,13
YNL068C,304,277,8,2
YNL064C,4682,4257,100,7
YNL062C,740,698,0,0
YNL059C,478,457,0,0
YNL058C,1019,904,0,2
YNL055C,4547,4102,15,3
YNL050C,268,250,0,0
YNL049C,327,310,0,0
YNL047C,119,115,0,0
YNL043C,6,1,3,1
YNL041C,382,375,0,NA
YNL037C,2593,2339,21,1
YNL035C,214,190,0,0
YNL031C,3334,2997,0,19
YNL029C,63,58,2,0
YNL025C,104,89,0,2
YNL024C-A,235,174,3,2
YNL024C,26,24,0,0
YNL023C,176,165,0,0
YNL022C,358,330,0,0
YNL020C,170,153,0,0
YNL019C,3,3,NA,0
YNL011C,142,129,0,0
YNL008C,179,173,0,0
YNL007C,2675,2469,15,1
YNL005C,635,598,0,2
YNL003C,139,127,1,0
YNL002C,1064,947,0,0
YNR001C,2808,2603,8,0
YNR002C,12,12,NA,0
YNR003C,578,553,0,1
YNR007C,273,238,0,1
YNR011C,224,205,0,0
YNR013C,1087,1057,1,4
YNR016C,8216,8143,NA,9
YNR020C,188,185,NA,0
YNR022C,371,303,0,0
YNR025C,1,0,NA,0
YNR026C,503,495,0,NA
YNR029C,267,251,0,0
YNR031C,171,170,NA,0
YNR032C-A,141,90,0,2
YNR035C,1440,1336,0,0
YNR036C,784,698,0,4
YNR037C,338,244,0,0
YNR039C,157,149,0,0
YNR041C,364,344,0,0
YNR049C,256,227,0,0
YNR050C,903,840,0,0
YNR051C,471,406,32,2
YNR052C,537,491,5,1
YNR053C,979,915,0,0
YNR054C,416,395,0,0
YNR055C,505,371,88,1
YNR056C,3,3,NA,0
YNR061C,251,210,0,1
YNR062C,0,0,0,0
YNR064C,18,16,NA,1
YNR065C,233,227,NA,0
YNR066C,137,130,NA,NA
YNR067C,1289,1269,0,0
YNR068C,4,3,NA,0
YNR069C,11,3,8,NA
YNR071C,0,0,0,0
YNR073C,21,21,NA,0
YNR074C,0,0,0,0
YNL327W,3913,3842,3,1
YNL323W,427,377,0,0
YNL321W,379,372,0,0
YNL320W,150,136,1,0
YNL317W,243,234,0,0
YNL314W,76,69,NA,1
YNL312W,568,512,0,0
YNL309W,273,254,0,2
YNL306W,681,579,0,5
YNL300W,875,624,5,4
YNL299W,225,211,0,0
YNL298W,369,361,NA,0
YNL295W,206,184,4,0
YNL293W,158,148,2,0
YNL292W,292,265,0,0
YNL290W,385,357,0,2
YNL289W,768,680,12,4
YNL288W,460,417,8,0
YNL287W,1985,1882,15,2
YNL286W,106,101,1,1
YNL281W,966,749,0,4
YNL279W,14,14,0,NA
YNL278W,120,116,0,0
YNL277W-A,5,2,NA,0
YNL277W,20,9,NA,6
YNL275W,76,72,0,0
YNL273W,164,162,NA,0
YNL268W,1512,1464,0,3
YNL267W,449,440,0,0
YNL262W,385,379,NA,0
YNL261W,157,138,0,1
YNL256W,303,292,3,0
YNL253W,202,179,0,0
YNL250W,163,157,NA,0
YNL247W,1432,1383,NA,1
YNL246W,223,187,0,0
YNL243W,1144,1112,0,0
YNL242W,96,91,0,NA
YNL239W,1275,1166,52,3
YNL238W,267,226,9,0
YNL237W,7,7,0,0
YNL236W,276,260,1,0
YNL234W,25,24,0,0
YNL233W,458,447,3,0
YNL232W,372,332,1,0
YNL228W,0,0,0,0
YNL226W,0,0,0,0
YNL223W,108,96,NA,0
YNL222W,510,450,1,1
YNL220W,817,696,0,1
YNL218W,154,141,5,0
YNL217W,72,57,0,0
YNL216W,704,689,2,0
YNL215W,288,266,1,NA
YNL214W,114,93,0,0
YNL212W,486,455,0,0
YNL209W,9468,9126,1,8
YNL208W,3065,2776,0,3
YNL207W,530,469,5,0
YNL202W,79,74,0,0
YNL193W,164,147,0,0
YNL192W,1163,1112,1,NA
YNL191W,131,111,3,0
YNL190W,2490,2244,71,8
YNL189W,1995,1842,18,0
YNL188W,69,59,2,0
YNL187W,16,8,6,0
YNL186W,653,591,13,0
YNL181W,348,323,1,0
YNL178W,5952,5437,0,7
YNL172W,189,180,1,NA
YNL165W,93,85,2,0
YNL162W-A,86,48,0,1
YNL162W,3377,2603,0,3
YNL161W,708,682,6,0
YNL160W,3427,3133,5,5
YNL158W,167,136,1,NA
YNL157W,556,452,0,1
YNL155W,396,350,4,1
YNL152W,130,119,0,0
YNL147W,314,211,15,0
YNL146W,36,31,2,0
YNL145W,1,0,0,0
YNL142W,225,175,30,NA
YNL141W,818,752,0,0
YNL138W-A,207,162,0,0
YNL138W,2437,2360,0,0
YNL136W,133,117,0,NA
YNL132W,1210,1183,3,0
YNL131W,1350,1127,16,4
YNL129W,183,165,NA,0
YNL128W,14,14,0,NA
YNL127W,210,203,NA,0
YNL126W,172,161,0,0
YNL124W,303,284,0,0
YNL123W,937,891,0,0
YNL119W,330,313,0,1
YNL117W,8,6,0,0
YNL116W,465,437,0,1
YNL113W,911,722,6,2
YNL112W,2022,1896,0,0
YNL109W,10,0,10,NA
YNL107W,217,189,NA,0
YNL103W-A,0,0,0,0
YNL103W,394,379,2,0
YNL102W,752,735,NA,0
YNL101W,344,313,5,1
YNL100W,511,450,0,0
YNL097W-A,1,0,0,NA
YNL094W,112,79,25,0
YNL093W,20,18,1,0
YNL092W,31,26,1,0
YNL091W,602,566,3,NA
YNL090W,184,146,10,0
YNL088W,531,517,0,NA
YNL087W,153,149,NA,0
YNL086W,149,107,10,0
YNL085W,1070,977,45,2
YNL083W,165,138,3,7
YNL082W,212,204,0,0
YNL078W,172,170,0,0
YNL077W,139,122,4,0
YNL076W,274,249,6,0
YNL075W,627,565,4,0
YNL073W,190,177,0,0
YNL072W,191,160,0,0
YNL071W,3195,3027,0,3
YNL070W,604,413,8,7
YNL067W-A,2,0,NA,1
YNL067W,2648,2317,2,0
YNL066W,711,619,25,0
YNL065W,566,516,10,0
YNL063W,51,49,NA,0
YNL061W,1399,1306,0,NA
YNL057W,0,0,0,0
YNL056W,297,221,0,0
YNL054W,272,262,NA,2
YNL053W,247,234,5,0
YNL052W,1206,997,4,3
YNL051W,226,215,NA,0
YNL048W,244,221,0,0
YNL046W,154,150,NA,0
YNL045W,794,782,NA,2
YNL044W,997,863,3,3
YNL042W,59,54,3,0
YNL040W,439,407,1,0
YNL039W,353,335,0,0
YNL038W,96,85,0,0
YNL036W,3210,2802,3,0
YNL033W,3,3,0,0
YNL032W,256,213,6,0
YNL030W,2844,2035,9,9
YNL027W,480,455,1,0
YNL026W,274,260,0,0
YNL021W,246,224,4,0
YNL016W,2639,2458,0,1
YNL015W,1098,759,2,2
YNL014W,83,83,NA,0
YNL012W,51,50,NA,1
YNL010W,1332,1156,1,0
YNL009W,40,40,NA,0
YNL006W,415,396,0,0
YNL004W,804,754,0,0
YNL001W,443,404,0,1
YNR001W-A,0,0,0,0
YNR004W,28,23,0,1
YNR006W,560,539,0,0
YNR008W,495,450,1,1
YNR009W,243,207,0,1
YNR010W,304,235,0,2
YNR012W,343,303,2,0
YNR014W,68,60,0,0
YNR015W,325,298,0,0
YNR017W,773,633,19,1
YNR018W,790,648,0,1
YNR019W,826,755,4,NA
YNR021W,1184,1060,0,2
YNR023W,232,203,0,0
YNR024W,215,170,0,2
YNR027W,156,147,0,0
YNR028W,233,221,0,0
YNR030W,402,373,1,1
YNR032W,131,111,1,0
YNR033W,390,381,NA,0
YNR034W,398,357,1,1
YNR034W-A,678,501,4,3
YNR038W,395,381,NA,1
YNR040W,259,231,NA,2
YNR043W,1657,1518,0,0
YNR044W,138,126,4,0
YNR045W,88,84,0,0
YNR046W,674,561,0,0
YNR047W,247,217,2,1
YNR048W,92,81,0,1
YNR058W,13,10,2,0
YNR059W,52,32,17,0
YNR060W,9,9,0,0
YNR063W,79,78,NA,1
YNR070W,0,0,0,0
YNR072W,3,3,0,0
YNR075W,81,78,0,NA
YOL159C-A,145,101,1,1
YOL159C,100,91,0,0
YOL158C,37,27,8,0
YOL157C,62,61,NA,0
YOL155C,3417,3359,2,NA
YOL150C,1,1,NA,0
YOL148C,241,231,NA,NA
YOL147C,542,452,0,0
YOL145C,737,675,0,1
YOL143C,1582,1343,7,2
YOL139C,2338,2088,2,0
YOL138C,141,140,NA,0
YOL136C,266,223,23,1
YOL135C,264,213,0,0
YOL128C,91,84,NA,3
YOL126C,760,686,5,2
YOL124C,311,283,0,0
YOL122C,414,385,0,1
YOL121C,3270,2781,0,8
YOL120C,4543,3806,0,3
YOL119C,318,299,0,0
YOL114C,36,31,0,0
YOL111C,577,483,0,0
YOL108C,171,142,NA,0
YOL105C,84,71,1,0
YOL102C,188,161,NA,0
YOL101C,38,36,0,0
YOL097C,1180,1079,0,2
YOL096C,208,178,6,0
YOL095C,47,47,0,0
YOL094C,373,324,0,0
YOL089C,259,255,NA,0
YOL088C,340,292,0,2
YOL087C,189,180,NA,0
YOL086C,15416,14037,24,16
YOL085C,4,0,NA,3
YOL080C,285,252,3,2
YOL077C,1225,1142,0,0
YOL075C,117,114,NA,NA
YOL073C,177,156,1,0
YOL070C,750,719,0,1
YOL068C,134,132,NA,NA
YOL067C,233,218,NA,1
YOL066C,260,237,0,0
YOL065C,127,113,0,0
YOL064C,361,313,0,0
YOL063C,120,108,3,0
YOL062C,181,162,0,0
YOL060C,294,277,0,4
YOL055C,167,155,NA,0
YOL052C-A,687,462,0,3
YOL052C,356,303,0,0
YOL048C,113,108,0,0
YOL043C,78,54,9,0
YOL041C,1083,1017,1,1
YOL040C,4563,3520,27,21
YOL038C-A,19,5,4,1
YOL037C,1,1,0,0
YOL031C,335,306,0,1
YOL029C,1,1,NA,0
YOL028C,176,123,9,NA
YOL027C,942,899,0,0
YOL026C,230,194,0,3
YOL022C,439,409,0,0
YOL021C,1012,979,1,1
YOL018C,365,332,9,1
YOL016C,474,425,0,0
YOL013C,108,93,1,0
YOL012C,503,374,9,1
YOL009C,105,91,NA,0
YOL007C,486,423,2,2
YOL006C,535,517,0,1
YOL005C,564,430,0,0
YOL003C,136,125,0,0
YOL002C,203,194,0,0
YOR005C,66,64,NA,1
YOR006C,324,278,0,1
YOR007C,1494,1385,NA,1
YOR008C,494,423,10,0
YOR008C-A,0,0,0,0
YOR010C,3,3,0,0
YOR016C,205,173,0,0
YOR020C,2115,1509,11,19
YOR021C,811,686,0,2
YOR022C,92,90,NA,0
YOR023C,254,245,3,0
YOR028C,353,316,9,0
YOR032C,32,32,0,0
YOR033C,142,131,1,0
YOR034C,83,73,1,0
YOR035C,318,304,0,NA
YOR038C,240,234,0,0
YOR041C,15,0,15,0
YOR046C,1419,1327,0,0
YOR047C,192,178,2,0
YOR048C,668,631,0,0
YOR049C,3,2,0,0
YOR050C,0,0,0,0
YOR051C,825,736,0,0
YOR052C,850,709,14,2
YOR054C,266,252,0,0
YOR056C,447,397,0,0
YOR058C,258,253,NA,0
YOR059C,141,128,0,0
YOR060C,79,64,0,0
YOR062C,131,127,NA,0
YOR064C,64,58,NA,0
YOR067C,267,233,0,0
YOR068C,0,0,0,0
YOR070C,211,197,3,0
YOR071C,83,73,0,5
YOR074C,433,389,0,0
YOR076C,240,232,0,0
YOR079C,194,171,0,0
YOR081C,270,266,0,0
YOR086C,721,684,4,0
YOR089C,559,462,0,0
YOR090C,290,273,7,0
YOR093C,197,190,0,0
YOR095C,257,222,3,1
YOR097C,80,58,0,0
YOR098C,607,596,NA,0
YOR100C,6,6,NA,0
YOR103C,396,256,3,0
YOR108C-A,0,0,0,0
YOR115C,274,220,1,0
YOR116C,614,576,3,0
YOR119C,378,351,0,1
YOR121C,2,0,2,NA
YOR122C,1463,1105,1,3
YOR123C,631,587,0,0
YOR124C,924,879,3,1
YOR125C,376,342,0,0
YOR126C,234,212,0,0
YOR128C,130,84,1,0
YOR129C,38,36,0,0
YOR130C,126,111,NA,0
YOR131C,325,303,1,0
YOR137C,22,20,NA,0
YOR138C,292,280,0,0
YOR141C,533,506,0,0
YOR143C,192,181,0,0
YOR144C,113,110,NA,0
YOR145C,860,756,0,0
YOR148C,67,41,3,0
YOR149C,78,71,0,0
YOR151C,991,964,NA,1
YOR152C,114,91,0,0
YOR155C,324,314,NA,1
YOR156C,86,83,1,0
YOR157C,1233,1113,7,0
YOR159C,171,114,1,3
YOR161C,419,361,11,0
YOR161C-C,2,0,NA,2
YOR162C,119,101,13,0
YOR164C,696,640,1,0
YOR166C,148,128,0,0
YOR167C,1923,1230,0,7
YOR171C,546,502,0,NA
YOR175C,297,274,1,0
YOR177C,35,30,NA,5
YOR178C,220,214,NA,0
YOR179C,224,174,0,0
YOR180C,21,9,8,0
YOR182C,1940,1442,NA,15
YOR185C,449,379,6,0
YOR186C-A,0,0,0,0
YOR192C,63,59,NA,0
YOR194C,503,471,1,NA
YOR196C,312,267,0,0
YOR198C,2882,2650,0,3
YOR201C,276,238,1,0
YOR205C,146,142,0,0
YOR207C,759,700,0,0
YOR209C,976,850,8,1
YOR211C,557,548,NA,0
YOR213C,125,113,0,1
YOR215C,530,470,0,3
YOR216C,360,318,6,0
YOR218C,1,0,1,NA
YOR219C,197,192,NA,1
YOR221C,234,214,4,0
YOR224C,781,622,0,6
YOR226C,323,267,0,1
YOR228C,71,58,4,0
YOR234C,1977,1482,0,4
YOR242C,0,0,0,0
YOR243C,828,796,0,0
YOR245C,236,196,3,0
YOR246C,175,131,9,1
YOR249C,94,89,0,0
YOR250C,275,254,0,0
YOR251C,474,424,0,0
YOR254C,1445,1341,0,1
YOR256C,179,175,NA,0
YOR259C,1672,1561,0,1
YOR261C,1351,1203,3,2
YOR267C,753,709,18,1
YOR270C,1869,1766,30,0
YOR271C,869,770,6,1
YOR273C,471,436,2,0
YOR275C,160,154,0,0
YOR279C,163,146,3,1
YOR280C,314,288,0,0
YOR281C,580,520,0,0
YOR287C,451,420,0,4
YOR288C,288,269,1,0
YOR290C,499,492,NA,0
YOR292C,71,64,0,0
YOR293C-A,0,0,0,0
YOR297C,283,243,0,0
YOR298C-A,3016,2447,4,11
YOR304C-A,199,139,NA,3
YOR306C,40,35,0,0
YOR307C,254,216,15,0
YOR308C,237,224,0,0
YOR309C,390,347,NA,0
YOR311C,238,209,0,0
YOR312C,4199,3545,0,9
YOR313C,8,6,1,0
YOR316C,332,294,4,0
YOR318C,1,1,NA,0
YOR320C,276,256,7,0
YOR322C,248,243,NA,0
YOR323C,1888,1745,0,0
YOR324C,135,124,1,0
YOR327C,443,321,12,4
YOR329C,454,446,NA,0
YOR333C,0,0,0,0
YOR335C,3428,3295,12,2
YOR339C,2,1,0,1
YOR340C,1063,945,2,3
YOR342C,273,212,14,1
YOR343C,8,1,0,7
YOR344C,386,358,1,1
YOR347C,291,278,2,1
YOR348C,1082,1051,NA,1
YOR350C,156,146,1,0
YOR353C,282,279,NA,NA
YOR354C,771,743,0,0
YOR357C,412,377,0,1
YOR360C,284,246,6,0
YOR361C,2957,2897,NA,3
YOR362C,1120,1014,1,1
YOR363C,98,84,9,NA
YOR365C,3,3,NA,0
YOR369C,3469,2758,41,7
YOR370C,761,654,43,0
YOR371C,160,147,4,0
YOR372C,398,390,0,0
YOR375C,8409,7708,11,12
YOR379C,6,3,3,NA
YOR383C,44,35,0,1
YOL164W,10,10,NA,0
YOL154W,6,5,0,0
YOL152W,99,99,0,0
YOL151W,221,210,0,0
YOL149W,333,307,0,NA
YOL146W,193,183,0,0
YOL144W,304,287,0,1
YOL142W,331,291,0,0
YOL141W,140,128,0,NA
YOL140W,544,465,0,2
YOL137W,283,256,0,2
YOL133W,361,278,0,0
YOL132W,3,3,NA,0
YOL130W,362,330,17,1
YOL129W,498,371,0,1
YOL127W,4381,3606,3,1
YOL125W,100,91,1,0
YOL123W,2039,1869,101,NA
YOL117W,106,104,0,NA
YOL116W,98,87,1,0
YOL115W,271,259,0,NA
YOL113W,258,237,2,0
YOL112W,190,147,9,0
YOL110W,40,35,0,0
YOL109W,4197,3168,36,44
YOL107W,246,227,0,1
YOL103W,153,120,26,1
YOL100W,129,126,NA,0
YOL097W-A,8,0,6,0
YOL093W,377,333,0,0
YOL092W,424,374,0,1
YOL091W,24,23,NA,1
YOL090W,542,526,1,0
YOL086W-A,144,91,9,0
YOL085W-A,7,3,0,3
YOL083W,52,42,2,0
YOL082W,358,322,1,0
YOL081W,381,376,NA,0
YOL078W,164,162,0,0
YOL077W-A,617,415,5,6
YOL076W,398,373,0,1
YOL072W,146,142,NA,0
YOL071W,357,302,NA,0
YOL069W,113,95,0,0
YOL061W,881,830,2,2
YOL059W,1196,1171,NA,1
YOL058W,2848,2599,12,2
YOL057W,539,500,0,1
YOL056W,164,142,2,0
YOL054W,215,198,0,0
YOL053W,143,135,NA,1
YOL051W,803,794,NA,NA
YOL049W,675,631,0,0
YOL045W,250,229,6,0
YOL044W,149,138,0,0
YOL042W,216,198,2,0
YOL039W,3472,2531,3,46
YOL038W,1152,1035,0,0
YOL036W,207,152,46,1
YOL034W,92,90,0,0
YOL033W,194,170,6,0
YOL032W,262,232,2,0
YOL030W,1491,1434,0,0
YOL025W,59,53,0,0
YOL024W,0,0,0,0
YOL023W,242,235,0,0
YOL020W,445,416,0,0
YOL019W,638,586,0,0
YOL017W,180,171,1,0
YOL015W,4,0,4,0
YOL014W,26,0,18,0
YOL013W-B,0,0,0,0
YOL013W-A,12,12,NA,0
YOL011W,538,481,28,NA
YOL010W,543,485,0,0
YOL008W,204,175,0,0
YOL004W,1091,1082,NA,0
YOL001W,62,27,33,NA
YOR001W,597,574,0,0
YOR002W,367,338,2,0
YOR003W,54,48,0,2
YOR004W,518,415,4,0
YOR009W,2,2,NA,0
YOR011W,34,34,NA,0
YOR013W,24,22,NA,0
YOR014W,707,661,21,NA
YOR015W,4,1,0,1
YOR017W,146,134,0,0
YOR018W,161,154,0,NA
YOR019W,25,25,NA,0
YOR020W-A,252,202,0,1
YOR025W,324,297,0,0
YOR026W,114,105,NA,2
YOR027W,4824,4508,0,6
YOR029W,0,0,0,0
YOR030W,76,61,8,0
YOR031W,80,52,0,0
YOR032W-A,0,0,0,0
YOR036W,267,241,0,1
YOR037W,180,153,2,1
YOR039W,464,403,7,0
YOR040W,70,66,NA,0
YOR042W,1123,1016,1,0
YOR043W,586,507,24,0
YOR044W,62,47,5,0
YOR045W,753,469,7,4
YOR053W,17,0,17,NA
YOR057W,397,346,4,0
YOR061W,647,530,18,2
YOR063W,10536,9606,0,14
YOR065W,2095,1837,61,14
YOR066W,360,332,NA,0
YOR069W,593,566,1,1
YOR073W,113,89,7,0
YOR075W,203,192,0,NA
YOR077W,143,128,0,NA
YOR078W,342,305,0,2
YOR080W,112,111,0,NA
YOR084W,29,28,0,0
YOR085W,409,361,3,3
YOR087W,373,343,4,0
YOR091W,916,800,1,0
YOR092W,155,134,2,0
YOR094W,261,211,8,0
YOR096W,4512,3883,3,3
YOR099W,545,523,2,0
YOR101W,270,234,2,0
YOR102W,2,2,0,NA
YOR104W,279,245,1,NA
YOR106W,139,118,10,0
YOR107W,34,24,7,1
YOR108W,1013,950,0,3
YOR109W,622,595,0,NA
YOR110W,173,146,1,0
YOR111W,218,193,0,0
YOR112W,307,297,0,0
YOR113W,303,300,NA,0
YOR114W,91,76,1,0
YOR117W,1317,1217,9,1
YOR118W,183,165,7,0
YOR120W,1706,1564,9,5
YOR127W,407,390,NA,0
YOR132W,471,450,1,0
YOR133W,13084,12661,6,1
YOR136W,2797,2617,46,5
YOR140W,192,179,9,0
YOR142W,1691,1563,19,0
YOR146W,0,0,0,0
YOR147W,123,100,0,1
YOR150W,430,356,0,3
YOR153W,2035,1934,43,NA
YOR154W,81,72,1,1
YOR158W,699,653,1,1
YOR160W,424,401,4,0
YOR163W,239,209,1,0
YOR165W,715,664,1,0
YOR168W,2933,2849,3,2
YOR172W,62,51,4,3
YOR173W,342,298,0,0
YOR174W,236,180,4,0
YOR176W,759,680,1,0
YOR181W,455,433,0,0
YOR184W,1646,1489,13,1
YOR186W,19,5,11,2
YOR187W,2020,1874,0,1
YOR188W,249,238,3,NA
YOR189W,345,269,0,0
YOR190W,3,3,0,NA
YOR191W,249,239,4,0
YOR193W,46,40,1,0
YOR195W,639,602,1,0
YOR197W,989,932,0,0
YOR202W,629,563,0,NA
YOR204W,4851,4698,NA,6
YOR206W,1690,1624,0,2
YOR208W,225,223,NA,0
YOR210W,616,386,6,1
YOR212W,329,309,NA,0
YOR217W,544,510,3,0
YOR220W,769,679,0,2
YOR222W,627,563,0,0
YOR223W,230,197,0,0
YOR227W,271,265,NA,0
YOR229W,129,108,2,2
YOR230W,2084,1853,6,0
YOR231W,132,123,2,0
YOR232W,1434,1232,14,3
YOR233W,161,155,NA,0
YOR235W,1,1,0,NA
YOR236W,104,87,0,0
YOR237W,2,2,NA,0
YOR238W,131,121,0,1
YOR239W,1154,1107,1,NA
YOR241W,643,625,NA,0
YOR244W,225,196,1,0
YOR247W,2105,1723,109,NA
YOR252W,453,405,0,0
YOR253W,377,322,0,0
YOR255W,0,0,0,0
YOR257W,196,152,0,0
YOR258W,58,48,0,0
YOR260W,653,630,3,0
YOR262W,151,129,0,0
YOR264W,579,556,1,0
YOR265W,451,342,0,0
YOR266W,146,131,3,0
YOR269W,74,66,1,0
YOR272W,873,803,0,0
YOR274W,195,192,NA,NA
YOR276W,1158,993,1,0
YOR278W,151,140,0,0
YOR283W,437,363,6,2
YOR284W,102,78,1,1
YOR285W,965,839,NA,0
YOR286W,746,668,NA,2
YOR289W,150,139,NA,1
YOR291W,188,184,NA,0
YOR293W,2936,2157,4,4
YOR294W,789,669,0,0
YOR295W,98,88,0,1
YOR296W,118,112,0,NA
YOR298W,0,0,0,0
YOR299W,203,189,1,NA
YOR301W,248,232,0,0
YOR303W,3057,2962,NA,5
YOR304W,290,283,NA,0
YOR305W,178,81,32,NA
YOR314W,0,0,0,0
YOR314W-A,1,0,1,NA
YOR315W,176,161,5,0
YOR317W,3224,3059,1,1
YOR319W,108,90,0,0
YOR321W,204,191,0,0
YOR325W,0,0,0,0
YOR326W,1138,1105,NA,2
YOR328W,20,19,NA,0
YOR332W,2254,2004,0,2
YOR334W,58,54,NA,1
YOR336W,129,124,0,0
YOR337W,182,173,NA,0
YOR338W,21,17,0,0
YOR341W,2355,2295,7,0
YOR346W,173,152,17,0
YOR349W,51,46,0,0
YOR352W,199,171,0,0
YOR355W,479,429,17,4
YOR356W,378,343,0,0
YOR358W,115,97,0,2
YOR359W,239,220,2,0
YOR364W,6,6,0,NA
YOR366W,0,0,0,0
YOR367W,281,245,0,2
YOR368W,79,77,0,0
YOR373W,223,216,NA,0
YOR374W,2459,2300,13,3
YOR376W-A,9,0,9,0
YOR377W,19,15,0,0
YOR378W,9,9,NA,0
YOR380W,77,45,26,0
YOR381W,11,10,1,0
YOR381W-A,10,0,0,10
YOR382W,165,147,0,0
YOR384W,2,0,0,2
YOR385W,182,170,0,1
YOR386W,217,206,0,NA
YOR389W,115,112,0,0
YOR390W,123,116,NA,1
YPL279C,121,115,NA,2
YPL272C,10,7,3,NA
YPL264C,39,35,NA,1
YPL263C,641,595,0,0
YPL261C,0,0,0,0
YPL259C,241,224,1,0
YPL258C,52,25,24,NA
YPL256C,999,893,20,4
YPL253C,135,129,0,0
YPL252C,285,259,0,0
YPL250C,579,447,9,4
YPL249C-A,3420,2764,2,3
YPL249C,348,341,0,0
YPL248C,30,29,0,0
YPL247C,211,196,NA,0
YPL246C,441,385,0,1
YPL244C,94,82,0,0
YPL242C,517,513,NA,1
YPL241C,97,90,0,0
YPL240C,7142,6892,8,1
YPL236C,85,74,0,1
YPL234C,764,598,0,2
YPL227C,154,131,6,0
YPL224C,125,116,NA,1
YPL223C,74,69,NA,2
YPL222C-A,0,0,0,0
YPL217C,912,878,1,NA
YPL214C,214,180,14,1
YPL212C,809,777,0,NA
YPL210C,1326,1249,0,2
YPL209C,100,92,0,0
YPL206C,539,490,1,2
YPL205C,2,1,NA,0
YPL202C,322,286,1,0
YPL199C,472,419,0,0
YPL197C,2,0,2,NA
YPL192C,5,3,1,0
YPL191C,115,102,1,0
YPL190C,1619,1540,12,2
YPL189C-A,405,252,0,2
YPL186C,112,106,NA,0
YPL184C,476,412,34,0
YPL183C,517,492,1,0
YPL177C,405,367,9,0
YPL176C,437,424,0,0
YPL174C,44,42,NA,0
YPL172C,263,241,4,1
YPL171C,30,27,NA,0
YPL169C,487,462,0,0
YPL167C,28,21,2,NA
YPL165C,0,0,0,0
YPL164C,62,55,3,NA
YPL163C,1085,969,0,3
YPL162C,118,93,2,0
YPL161C,180,165,0,NA
YPL159C,285,264,5,0
YPL158C,605,542,0,1
YPL156C,11,9,0,NA
YPL155C,288,266,0,0
YPL154C,2542,2303,47,1
YPL153C,92,87,NA,2
YPL151C,107,85,0,0
YPL148C,78,39,18,0
YPL146C,798,726,5,0
YPL145C,1679,1575,21,3
YPL141C,293,280,5,NA
YPL140C,140,113,17,1
YPL139C,237,211,0,0
YPL138C,169,144,0,0
YPL137C,236,226,NA,0
YPL135C-A,4,0,0,4
YPL134C,238,202,0,0
YPL133C,131,120,5,0
YPL128C,251,236,0,0
YPL127C,966,813,0,2
YPL123C,250,226,0,0
YPL122C,163,152,0,0
YPL119C-A,2,0,NA,2
YPL119C,70,68,1,NA
YPL117C,1405,1252,7,2
YPL115C,339,335,NA,1
YPL113C,69,68,0,0
YPL112C,446,412,2,0
YPL110C,714,684,NA,0
YPL109C,84,75,0,1
YPL106C,6118,5897,13,NA
YPL105C,797,773,0,0
YPL103C,182,171,0,0
YPL102C,0,0,0,0
YPL099C,274,228,0,0
YPL098C,646,455,0,2
YPL096C-A,63,43,6,0
YPL095C,39,38,0,0
YPL094C,679,603,0,1
YPL090C,6622,6125,0,9
YPL089C,417,387,5,0
YPL086C,628,559,0,0
YPL083C,176,148,8,0
YPL082C,363,351,NA,0
YPL078C,1386,1254,6,12
YPL077C,96,84,NA,0
YPL071C,79,59,2,1
YPL069C,123,110,0,0
YPL068C,126,101,0,0
YPL067C,485,422,4,0
YPL064C,151,138,0,0
YPL058C,810,785,NA,1
YPL057C,571,486,17,4
YPL056C,4,2,0,2
YPL055C,295,278,0,0
YPL053C,653,577,0,1
YPL050C,574,492,8,2
YPL049C,551,494,2,0
YPL046C,93,81,0,0
YPL042C,85,72,5,0
YPL041C,49,35,0,1
YPL040C,227,223,NA,1
YPL037C,2117,1887,3,0
YPL033C,1,1,NA,0
YPL032C,448,423,7,0
YPL031C,544,496,0,1
YPL026C,341,318,1,2
YPL025C,1,0,1,0
YPL023C,429,391,10,0
YPL020C,312,288,5,0
YPL019C,374,345,0,1
YPL017C,35,33,NA,NA
YPL015C,113,108,0,0
YPL013C,309,270,1,0
YPL011C,160,140,0,0
YPL009C,733,701,0,1
YPL007C,148,135,0,0
YPL004C,2890,2665,0,1
YPL002C,127,110,0,0
YPR002C-A,52,37,1,NA
YPR003C,180,175,1,1
YPR004C,574,532,0,0
YPR005C,296,286,NA,0
YPR006C,99,96,NA,0
YPR007C,9,9,NA,0
YPR010C,2275,2145,7,1
YPR010C-A,673,478,7,2
YPR011C,99,78,1,0
YPR013C,56,50,3,0
YPR015C,10,9,NA,0
YPR016C,1531,1321,14,1
YPR017C,157,144,0,1
YPR021C,136,118,NA,0
YPR022C,294,287,NA,0
YPR023C,288,268,0,0
YPR025C,205,189,0,0
YPR027C,0,0,0,0
YPR029C,522,504,1,1
YPR033C,1693,1661,NA,4
YPR037C,143,104,0,0
YPR042C,284,279,NA,NA
YPR044C,0,0,0,0
YPR045C,422,376,0,1
YPR049C,176,168,0,0
YPR050C,1,1,NA,NA
YPR052C,670,522,NA,4
YPR053C,505,491,3,NA
YPR060C,566,505,1,0
YPR061C,30,29,0,0
YPR063C,660,546,2,4
YPR068C,31,30,NA,0
YPR069C,1051,923,0,0
YPR073C,374,304,1,0
YPR074C,3306,3193,5,1
YPR075C,250,231,2,0
YPR081C,108,104,NA,NA
YPR082C,137,113,0,2
YPR085C,77,57,15,0
YPR088C,1355,1268,2,0
YPR091C,261,244,0,1
YPR093C,103,89,0,0
YPR095C,64,64,NA,0
YPR098C,233,204,0,0
YPR102C,4908,4219,7,12
YPR104C,200,195,0,0
YPR105C,247,229,1,0
YPR107C,235,193,1,0
YPR110C,1283,1172,0,6
YPR112C,1149,1123,4,NA
YPR120C,239,218,1,0
YPR123C,9,0,7,0
YPR126C,1,0,1,NA
YPR128C,137,123,1,0
YPR133C,873,792,1,0
YPR138C,185,141,22,0
YPR139C,282,212,2,2
YPR141C,199,186,4,0
YPR144C,650,592,0,1
YPR145C-A,14,13,1,NA
YPR146C,1,0,NA,NA
YPR148C,1147,1071,1,0
YPR151C,68,48,4,NA
YPR152C,90,80,0,4
YPR155C,212,197,3,0
YPR156C,781,735,12,1
YPR161C,452,428,3,0
YPR162C,216,195,0,0
YPR163C,3106,2844,7,3
YPR166C,432,371,3,0
YPR167C,32,31,NA,0
YPR170C,0,0,0,0
YPR173C,703,649,4,2
YPR174C,160,137,0,0
YPR176C,270,244,NA,0
YPR179C,182,168,1,0
YPR181C,1712,1636,1,1
YPR186C,95,88,NA,0
YPR188C,297,248,0,0
YPR190C,387,372,0,1
YPR193C,45,34,NA,1
YPR194C,29,27,NA,0
YPR195C,16,3,NA,13
YPR197C,2,2,NA,0
YPR199C,96,83,0,1
YPR200C,9,7,NA,1
YPL274W,1222,1122,0,0
YPL273W,547,483,0,0
YPL271W,930,548,0,7
YPL270W,217,202,0,0
YPL269W,22,18,0,0
YPL268W,50,46,0,0
YPL267W,350,281,0,0
YPL266W,787,688,1,2
YPL265W,809,752,3,1
YPL262W,1313,1288,NA,0
YPL260W,1671,1584,20,2
YPL257W,52,48,0,0
YPL255W,67,59,1,1
YPL254W,202,193,1,0
YPL251W,0,0,0,0
YPL245W,162,154,0,0
YPL243W,1074,1012,7,0
YPL239W,630,518,7,0
YPL237W,1605,1450,0,2
YPL235W,1063,974,10,0
YPL233W,186,168,0,0
YPL232W,984,887,12,2
YPL231W,10853,10731,NA,1
YPL230W,143,135,0,0
YPL229W,261,220,0,0
YPL228W,544,500,3,1
YPL226W,2201,2094,0,2
YPL225W,1391,1151,0,2
YPL222W,76,72,0,0
YPL221W,502,440,18,0
YPL220W,5438,4975,0,3
YPL219W,182,168,0,0
YPL218W,1261,1153,9,3
YPL216W,41,40,NA,NA
YPL215W,614,571,0,2
YPL213W,355,317,0,1
YPL211W,653,615,0,3
YPL208W,198,190,NA,0
YPL207W,445,413,1,0
YPL204W,605,539,7,0
YPL203W,224,198,11,2
YPL200W,0,0,0,0
YPL198W,5166,4902,0,4
YPL196W,205,181,1,0
YPL195W,533,499,0,0
YPL194W,47,44,0,0
YPL193W,207,190,0,0
YPL189W,5,5,0,0
YPL188W,508,459,0,0
YPL187W,4287,3666,50,11
YPL185W,8,5,0,0
YPL183W-A,453,310,5,0
YPL181W,406,364,2,0
YPL180W,348,321,0,1
YPL179W,413,323,17,0
YPL178W,697,616,12,0
YPL175W,193,172,1,1
YPL173W,633,592,3,0
YPL170W,410,337,9,0
YPL168W,94,91,0,0
YPL166W,132,118,0,2
YPL160W,3078,2986,4,2
YPL157W,157,126,3,6
YPL152W,307,265,3,0
YPL150W,175,172,NA,0
YPL149W,68,45,5,0
YPL147W,27,27,NA,0
YPL144W,184,154,0,0
YPL143W,2954,2282,0,6
YPL135W,1080,888,11,8
YPL132W,113,93,5,0
YPL131W,7955,7277,0,13
YPL129W,702,645,2,0
YPL126W,1103,1044,0,NA
YPL125W,413,398,4,NA
YPL124W,149,141,0,0
YPL120W,193,174,0,0
YPL118W,901,828,2,0
YPL116W,287,279,NA,0
YPL114W,8,8,0,0
YPL111W,1916,1687,12,6
YPL108W,136,129,NA,0
YPL107W,160,120,2,0
YPL104W,223,205,1,0
YPL101W,396,377,0,0
YPL100W,204,195,0,0
YPL097W,268,244,0,1
YPL096W,227,212,0,0
YPL093W,1288,1180,0,3
YPL092W,155,131,5,1
YPL091W,1135,1085,NA,0
YPL088W,268,239,0,0
YPL087W,468,395,2,0
YPL085W,1284,1252,NA,0
YPL084W,561,547,0,0
YPL081W,2777,2421,5,6
YPL079W,3822,3298,0,4
YPL076W,80,57,6,0
YPL075W,117,113,NA,0
YPL074W,141,138,0,0
YPL072W,100,74,13,0
YPL070W,333,301,2,0
YPL066W,146,132,6,0
YPL065W,172,159,NA,0
YPL063W,957,881,0,0
YPL062W,0,0,0,0
YPL061W,4302,4115,7,3
YPL060W,131,108,3,0
YPL059W,562,433,1,0
YPL054W,38,37,0,NA
YPL052W,167,103,0,1
YPL051W,125,99,0,1
YPL048W,1870,1765,1,1
YPL047W,93,60,4,1
YPL045W,169,148,6,0
YPL043W,1128,1065,0,NA
YPL038W,113,97,0,0
YPL036W,786,786,NA,NA
YPL034W,86,13,64,1
YPL030W,269,247,1,0
YPL029W,155,137,6,0
YPL028W,2792,2589,7,2
YPL027W,0,0,0,0
YPL024W,234,204,2,0
YPL022W,172,155,9,1
YPL018W,77,71,0,2
YPL016W,296,293,NA,1
YPL014W,157,138,0,1
YPL012W,1472,1419,3,NA
YPL010W,835,731,2,1
YPL008W,103,82,16,0
YPL006W,304,285,0,0
YPL005W,62,61,0,0
YPL003W,63,56,0,0
YPL001W,260,243,0,0
YPR001W,18,17,1,0
YPR002W,225,204,1,0
YPR008W,340,315,8,0
YPR009W,42,30,1,0
YPR012W,0,0,0,0
YPR018W,298,281,1,0
YPR019W,475,450,1,0
YPR020W,937,743,6,4
YPR024W,1062,975,28,1
YPR026W,102,101,NA,NA
YPR028W,1539,1321,5,4
YPR030W,67,66,NA,0
YPR031W,99,94,0,NA
YPR032W,319,296,NA,0
YPR034W,494,455,1,0
YPR035W,3414,3055,28,10
YPR036W,2881,2732,6,0
YPR036W-A,1808,1150,75,15
YPR040W,299,281,NA,0
YPR041W,1982,1842,11,3
YPR043W,2760,1946,10,5
YPR046W,96,81,0,0
YPR047W,255,241,6,1
YPR048W,229,217,0,0
YPR051W,361,296,0,0
YPR054W,0,0,0,0
YPR055W,419,400,0,NA
YPR056W,314,279,0,0
YPR057W,132,130,NA,0
YPR058W,251,225,0,0
YPR062W,628,531,0,0
YPR065W,556,494,0,0
YPR066W,48,45,NA,NA
YPR067W,123,108,0,0
YPR070W,167,159,0,0
YPR071W,46,41,0,0
YPR072W,985,946,7,0
YPR079W,177,136,0,0
YPR080W,28094,26645,3,19
YPR083W,78,68,0,0
YPR084W,88,78,4,0
YPR086W,208,191,0,1
YPR087W,1,0,1,NA
YPR089W,470,453,0,0
YPR094W,185,127,1,2
YPR097W,556,513,8,1
YPR100W,284,228,0,0
YPR101W,172,135,0,1
YPR103W,1154,1065,15,1
YPR106W,215,198,0,NA
YPR108W,1358,1252,16,2
YPR108W-A,1,1,NA,0
YPR109W,99,78,18,NA
YPR111W,173,160,0,0
YPR113W,699,579,1,0
YPR114W,244,215,0,0
YPR115W,109,104,NA,0
YPR116W,37,31,NA,3
YPR117W,32,26,5,NA
YPR118W,661,630,0,0
YPR119W,405,368,10,0
YPR121W,3,2,NA,0
YPR122W,114,114,NA,0
YPR124W,219,195,1,1
YPR125W,589,530,6,1
YPR127W,174,146,6,1
YPR129W,1099,1041,0,2
YPR132W,4648,3676,0,19
YPR133W-A,537,321,1,5
YPR134W,95,78,0,1
YPR135W,329,323,NA,0
YPR137W,597,513,1,1
YPR140W,209,189,3,1
YPR143W,474,396,0,0
YPR145W,4342,4188,2,21
YPR149W,2129,1644,43,10
YPR150W,5,1,4,NA
YPR153W,44,29,0,0
YPR154W,640,606,0,2
YPR157W,9,6,2,0
YPR158W,295,264,2,1
YPR159W,1275,1192,14,0
YPR160W,3056,2949,11,1
YPR164W,165,155,0,5
YPR165W,1679,1390,35,5
YPR169W,435,414,0,0
YPR170W-B,710,567,NA,3
YPR171W,220,207,0,0
YPR172W,313,274,0,0
YPR175W,194,186,0,0
YPR178W,180,162,0,0
YPR180W,298,274,0,0
YPR182W,223,136,8,1
YPR183W,1870,1673,2,2
YPR184W,623,600,NA,0
YPR185W,170,149,9,0
YPR187W,796,708,0,0
YPR189W,599,594,NA,2
YPR191W,1918,1810,6,25
YPR192W,0,0,0,0
YPR196W,35,33,0,2
YPR198W,248,234,1,0
YPR201W,11,10,NA,1