trx,cds,utr5,utr3,
YAL067C,2,1,NA,1
YAL063C-A,35,8,24,0
YAL063C,480,459,NA,19
YAL054C,94,74,NA,17
YAL049C,427,314,28,37
YAL047C,115,112,0,3
YAL046C,119,65,1,32
YAL044C,613,492,0,46
YAL043C,572,544,0,12
YAL040C,1186,918,200,36
YAL039C,270,222,11,25
YAL037C-A,0,0,0,0
YAL036C,418,399,1,1
YAL034C-B,0,0,0,0
YAL034C,294,185,81,20
YAL032C,111,92,0,5
YAL031C,218,193,1,15
YAL029C,720,700,NA,15
YAL026C-A,48,45,NA,0
YAL026C,576,575,0,NA
YAL025C,326,235,2,65
YAL024C,183,178,NA,2
YAL023C,1667,1527,56,45
YAL022C,381,343,0,10
YAL021C,737,670,10,40
YAL020C,123,107,NA,14
YAL018C,2,1,0,1
YAL015C,152,146,NA,0
YAL014C,220,164,10,28
YAL010C,158,144,0,5
YAL007C,344,229,15,63
YAL005C,17024,16490,181,NA
YAL001C,291,284,0,NA
YAR002C-A,502,409,0,37
YAR007C,506,470,8,9
YAR014C,458,402,21,26
YAR018C,244,216,0,15
YAR019C,204,196,NA,2
YAR023C,103,46,52,NA
YAR047C,0,0,0,0
YAL066W,0,0,0,0
YAL064W-B,79,23,49,5
YAL062W,160,159,NA,0
YAL061W,119,95,4,16
YAL060W,585,553,1,16
YAL059W,187,134,NA,45
YAL058W,197,173,5,10
YAL056W,371,346,3,7
YAL055W,40,33,0,4
YAL053W,1995,1830,75,39
YAL051W,321,302,NA,16
YAL047W-A,2,1,NA,1
YAL044W-A,174,121,NA,32
YAL042W,591,529,0,30
YAL041W,363,342,8,4
YAL038W,22420,19983,177,1146
YAL037W,17,17,NA,NA
YAL035W,2058,2024,5,NA
YAL034W-A,51,41,0,2
YAL033W,140,117,NA,16
YAL030W,149,80,0,31
YAL028W,113,104,2,0
YAL027W,64,57,NA,4
YAL019W,598,584,NA,4
YAL017W,918,846,60,NA
YAL016W,958,873,43,17
YAL013W,190,152,2,21
YAL012W,2040,1766,45,114
YAL011W,110,106,NA,3
YAL009W,87,73,NA,10
YAL008W,90,67,2,15
YAL004W,182,0,165,17
YAL003W,4192,3017,0,652
YAL002W,462,451,NA,8
YAR002W,374,340,7,13
YAR003W,170,108,10,44
YAR008W,93,78,3,5
YAR015W,376,287,22,40
YAR019W-A,90,0,NA,90
YAR027W,330,227,20,53
YAR028W,121,82,2,23
YAR029W,38,7,18,10
YAR031W,65,56,NA,7
YAR033W,62,50,5,4
YAR035W,54,46,NA,6
YAR042W,568,532,NA,26
YAR050W,653,642,NA,6
YAR053W,13,8,3,NA
YAR071W,201,197,NA,0
YBL113C,6043,5927,NA,80
YBL107C,157,112,NA,24
YBL106C,105,104,NA,0
YBL105C,572,513,38,15
YBL104C,269,264,NA,3
YBL103C,299,217,41,38
YBL101C,386,378,NA,6
YBL093C,144,111,8,15
YBL091C-A,82,65,NA,8
YBL091C,563,490,4,26
YBL088C,763,754,NA,5
YBL087C,2931,2313,20,275
YBL086C,77,68,3,1
YBL084C,416,409,NA,4
YBL080C,140,130,0,5
YBL078C,274,132,2,109
YBL076C,3902,3717,0,86
YBL075C,267,253,NA,7
YBL074C,117,106,NA,NA
YBL072C,7052,6012,0,495
YBL071C,1,1,NA,0
YBL070C,47,2,45,NA
YBL067C,292,253,34,NA
YBL066C,430,389,4,24
YBL064C,632,543,6,39
YBL061C,344,313,7,7
YBL059C-A,196,84,3,62
YBL057C,183,142,0,24
YBL055C,157,142,0,7
YBL052C,246,225,14,2
YBL051C,720,598,21,74
YBL047C,1882,1733,52,63
YBL045C,2495,1922,196,232
YBL042C,1194,1117,8,23
YBL040C,480,415,2,27
YBL039C,1008,946,NA,49
YBL036C,232,176,0,24
YBL035C,231,217,4,1
YBL034C,297,279,NA,13
YBL033C,209,189,3,6
YBL030C,4265,2907,413,745
YBL029C-A,160,82,16,25
YBL028C,206,83,8,85
YBL023C,386,336,6,29
YBL022C,1109,1028,39,20
YBL021C,85,63,0,12
YBL018C,129,115,1,2
YBL017C,1294,1266,NA,12
YBL014C,218,208,2,3
YBL010C,133,112,NA,17
YBL007C,1515,1440,22,12
YBL006C,256,169,0,62
YBL003C,2426,1635,30,476
YBL001C,415,292,0,44
YBR001C,418,398,1,9
YBR002C,127,108,0,10
YBR004C,353,325,0,15
YBR007C,268,255,NA,11
YBR008C,358,269,50,26
YBR009C,2723,2024,77,486
YBR011C,1871,1503,46,209
YBR012C,2,0,NA,2
YBR013C,0,0,0,0
YBR014C,230,170,4,24
YBR015C,790,661,40,59
YBR017C,852,803,9,19
YBR018C,12,8,0,4
YBR019C,9,3,NA,5
YBR023C,1130,1086,NA,36
YBR025C,2161,1814,23,219
YBR026C,439,367,NA,39
YBR028C,247,227,7,5
YBR029C,631,552,16,38
YBR034C,554,449,2,60
YBR035C,546,437,6,68
YBR036C,804,629,11,90
YBR037C,241,210,1,11
YBR042C,121,100,1,8
YBR043C,876,758,34,46
YBR044C,185,172,1,5
YBR045C,61,51,NA,9
YBR046C,119,95,1,18
YBR049C,520,442,21,41
YBR050C,18,14,3,0
YBR052C,428,328,16,25
YBR053C,353,318,0,13
YBR055C,359,348,0,7
YBR057C,208,169,13,8
YBR058C,500,475,0,3
YBR058C-A,165,82,3,43
YBR059C,844,797,30,NA
YBR060C,222,204,12,2
YBR061C,279,226,0,49
YBR062C,107,80,0,16
YBR063C,262,213,15,20
YBR065C,252,229,5,NA
YBR066C,76,67,NA,7
YBR067C,745,604,7,78
YBR068C,3078,2594,44,302
YBR069C,1436,1247,54,76
YBR070C,96,84,0,4
YBR072C-A,2,0,NA,2
YBR076C-A,95,51,NA,41
YBR077C,217,179,19,NA
YBR079C,2368,2248,24,57
YBR080C,644,599,5,23
YBR081C,484,472,NA,8
YBR082C,1572,1126,133,167
YBR084C-A,3798,3115,3,151
YBR085C-A,1440,447,35,722
YBR086C,1710,1533,93,45
YBR088C,681,618,12,6
YBR089C-A,308,161,NA,99
YBR091C,132,89,11,17
YBR092C,1486,1406,12,17
YBR093C,445,432,1,3
YBR095C,179,165,1,6
YBR099C,22,7,13,NA
YBR101C,399,344,11,10
YBR102C,343,313,5,18
YBR103C-A,0,0,0,0
YBR105C,148,133,2,3
YBR107C,81,51,2,25
YBR109C,1212,729,28,310
YBR111C,506,455,NA,16
YBR112C,1352,1320,NA,21
YBR115C,1683,1625,NA,41
YBR120C,160,102,17,11
YBR121C,2411,2266,69,NA
YBR122C,381,245,11,94
YBR123C,203,189,4,0
YBR125C,210,156,21,23
YBR126C,1461,1214,73,106
YBR127C,2168,1894,32,176
YBR128C,22,20,0,NA
YBR129C,191,159,6,8
YBR130C,276,239,7,17
YBR132C,302,238,21,39
YBR133C,493,445,22,15
YBR138C,221,195,1,21
YBR140C,1434,1412,NA,14
YBR141C,72,67,0,2
YBR143C,1368,1215,9,94
YBR144C,1,0,NA,1
YBR150C,351,342,1,2
YBR154C,497,359,27,61
YBR156C,152,132,0,16
YBR157C,36,30,NA,2
YBR162C,2681,2129,211,209
YBR164C,355,243,38,40
YBR166C,391,358,0,14
YBR167C,59,38,NA,12
YBR169C,637,557,1,55
YBR170C,296,256,6,21
YBR172C,603,530,28,19
YBR173C,375,248,0,88
YBR174C,6,1,2,3
YBR177C,818,696,1,72
YBR179C,338,314,9,6
YBR181C,6353,5582,74,255
YBR182C,196,155,NA,35
YBR182C-A,7,2,1,3
YBR185C,263,207,0,31
YBR188C,141,69,12,36
YBR193C,156,105,0,37
YBR195C,116,95,0,12
YBR196C,7941,6974,95,540
YBR197C,210,119,0,79
YBR198C,447,415,5,10
YBR201C-A,16,7,0,6
YBR204C,187,151,5,18
YBR208C,885,664,189,15
YBR211C,76,72,1,NA
YBR216C,309,255,2,36
YBR218C,2134,2022,6,72
YBR221C,1750,1190,269,190
YBR222C,568,495,7,34
YBR223C,219,190,0,27
YBR229C,556,531,0,13
YBR230C,394,277,8,51
YBR231C,72,62,5,3
YBR234C,648,573,18,25
YBR236C,294,257,9,16
YBR238C,277,271,NA,NA
YBR239C,167,148,9,5
YBR240C,41,34,NA,6
YBR241C,176,165,0,4
YBR243C,205,178,1,15
YBR245C,528,526,NA,NA
YBR247C,444,383,0,37
YBR248C,465,404,8,29
YBR249C,1816,1520,97,126
YBR254C,112,80,0,19
YBR255C-A,71,41,1,19
YBR256C,499,438,0,31
YBR258C,45,34,1,3
YBR260C,290,261,0,21
YBR261C,230,173,2,32
YBR262C,268,147,7,78
YBR264C,81,68,0,1
YBR269C,252,149,0,62
YBR270C,137,116,16,0
YBR272C,248,206,0,36
YBR273C,213,192,1,9
YBR275C,442,440,NA,NA
YBR276C,433,399,6,5
YBR277C,1,1,NA,0
YBR280C,132,118,0,10
YBR281C,295,279,1,12
YBR283C,1084,916,77,60
YBR288C,331,301,2,15
YBR291C,230,200,2,7
YBR292C,69,4,60,NA
YBR296C,17,15,0,2
YBR298C,372,284,73,11
YBL102W,405,306,29,31
YBL100W-C,5,0,1,3
YBL099W,4472,3482,602,239
YBL098W,148,142,NA,3
YBL097W,139,119,2,12
YBL095W,113,83,0,18
YBL092W,4572,3454,184,473
YBL090W,208,159,0,26
YBL089W,181,165,3,4
YBL085W,399,387,NA,5
YBL081W,320,260,37,12
YBL079W,1092,1061,15,NA
YBL071W-A,257,98,6,112
YBL068W,322,288,2,16
YBL063W,128,128,0,NA
YBL060W,266,259,0,1
YBL059W,83,79,NA,2
YBL058W,700,590,2,56
YBL056W,838,640,10,156
YBL054W,299,258,12,13
YBL050W,397,328,26,21
YBL048W,15,10,NA,4
YBL046W,125,106,NA,14
YBL043W,263,164,35,49
YBL041W,596,506,6,17
YBL039W-B,64,20,19,14
YBL038W,295,230,14,18
YBL037W,567,504,21,28
YBL032W,415,335,20,42
YBL031W,63,53,1,8
YBL029W,73,61,NA,12
YBL027W,4786,3652,52,466
YBL026W,262,125,36,63
YBL025W,94,47,2,39
YBL024W,805,782,3,NA
YBL020W,181,166,6,7
YBL019W,124,112,NA,8
YBL016W,310,266,NA,30
YBL015W,316,276,13,23
YBL011W,570,502,11,41
YBL009W,243,222,3,10
YBL008W,175,170,NA,4
YBL005W,246,230,1,14
YBL004W,1425,1400,NA,8
YBL002W,1771,1185,7,349
YBR003W,370,343,3,12
YBR005W,193,144,7,33
YBR006W,136,114,11,8
YBR010W,4114,3073,77,443
YBR016W,281,155,8,70
YBR020W,70,66,1,2
YBR021W,528,478,11,27
YBR022W,106,73,2,21
YBR024W,108,90,10,NA
YBR030W,283,253,6,9
YBR031W,9111,8168,0,433
YBR033W,139,133,NA,4
YBR038W,718,674,3,23
YBR039W,1463,1155,52,150
YBR041W,419,380,6,18
YBR047W,22,18,0,0
YBR048W,4102,3142,0,589
YBR051W,1,1,NA,0
YBR054W,1937,1182,320,351
YBR056W,522,502,0,10
YBR056W-A,402,96,9,248
YBR071W,765,489,34,197
YBR072W,407,290,19,60
YBR073W,904,880,NA,18
YBR074W,608,589,NA,8
YBR076W,6,4,NA,2
YBR078W,7169,5345,601,865
YBR083W,344,315,22,NA
YBR084W,1125,1052,0,33
YBR085W,7,7,0,0
YBR087W,247,226,0,5
YBR094W,308,290,9,NA
YBR096W,394,315,13,34
YBR097W,266,255,NA,5
YBR098W,121,111,0,4
YBR103W,227,194,21,8
YBR104W,108,95,3,3
YBR106W,811,617,20,112
YBR108W,420,395,2,19
YBR110W,238,214,1,15
YBR111W-A,127,61,4,40
YBR114W,243,230,4,5
YBR118W,39893,36608,58,1324
YBR119W,93,75,1,5
YBR131W,122,116,0,3
YBR135W,275,185,23,20
YBR136W,383,367,NA,15
YBR137W,139,115,NA,18
YBR139W,910,807,NA,56
YBR141W-A,53,4,0,49
YBR142W,432,391,1,30
YBR145W,131,109,3,8
YBR146W,476,351,20,78
YBR147W,46,37,7,0
YBR148W,19,17,NA,1
YBR149W,1211,1003,13,106
YBR151W,390,298,29,28
YBR152W,57,53,3,NA
YBR153W,155,108,7,25
YBR155W,157,131,4,9
YBR158W,955,733,131,68
YBR159W,586,510,13,31
YBR160W,374,294,23,37
YBR161W,184,136,17,14
YBR162W-A,228,86,0,31
YBR163W,195,188,4,1
YBR165W,135,112,7,8
YBR168W,145,111,31,NA
YBR171W,234,177,8,27
YBR175W,154,142,NA,7
YBR176W,76,59,6,8
YBR178W,3,2,0,0
YBR183W,362,320,17,1
YBR184W,79,68,NA,9
YBR186W,2,2,0,NA
YBR187W,308,220,24,43
YBR189W,4668,3647,68,357
YBR192W,208,134,33,31
YBR194W,91,44,8,25
YBR199W,624,522,40,37
YBR200W,356,301,6,35
YBR201W,94,65,16,5
YBR202W,464,410,6,32
YBR203W,466,419,20,18
YBR205W,426,388,7,NA
YBR207W,378,343,5,18
YBR210W,84,64,3,0
YBR212W,597,428,104,49
YBR213W,50,30,1,17
YBR214W,536,461,15,30
YBR215W,188,175,2,4
YBR217W,139,75,8,43
YBR225W,261,243,NA,18
YBR228W,89,76,NA,9
YBR230W-A,144,68,4,45
YBR233W,146,116,9,9
YBR233W-A,49,23,2,16
YBR235W,368,348,6,6
YBR237W,242,234,0,4
YBR242W,200,133,29,13
YBR244W,62,48,1,8
YBR246W,309,268,1,18
YBR250W,15,9,5,NA
YBR251W,301,253,2,14
YBR252W,229,174,0,20
YBR253W,131,98,12,3
YBR255W,170,157,0,8
YBR257W,110,91,7,2
YBR259W,160,146,3,3
YBR263W,394,364,0,10
YBR265W,297,243,1,33
YBR267W,200,169,0,12
YBR268W,142,86,0,35
YBR271W,137,117,1,8
YBR274W,218,203,2,2
YBR278W,120,89,1,22
YBR279W,385,342,5,15
YBR282W,254,144,17,56
YBR284W,124,107,15,NA
YBR285W,13,8,NA,4
YBR286W,1854,1707,4,47
YBR287W,647,568,12,34
YBR289W,474,471,0,0
YBR290W,241,206,0,25
YBR293W,315,270,NA,42
YBR294W,10,10,NA,0
YBR295W,442,428,NA,10
YBR297W,153,125,1,20
YBR299W,115,104,7,0
YCL064C,84,70,0,8
YCL061C,649,621,14,NA
YCL059C,653,513,22,67
YCL057C-A,769,541,19,21
YCL056C,123,111,NA,1
YCL052C,671,556,7,71
YCL050C,1342,1140,30,74
YCL049C,748,611,25,57
YCL047C,201,174,NA,14
YCL045C,1559,1434,30,30
YCL044C,451,371,14,49
YCL043C,5570,5301,NA,128
YCL041C,471,402,4,NA
YCL038C,309,289,5,6
YCL037C,2183,1558,77,497
YCL035C,1137,661,5,265
YCL033C,336,299,NA,21
YCL031C,673,575,10,44
YCL030C,2306,2140,26,77
YCL029C,322,220,6,85
YCL026C-B,92,68,3,8
YCL026C-A,2,0,NA,2
YCL025C,2936,2750,25,47
YCL017C,1161,1026,32,46
YCL016C,299,235,2,37
YCL012C,352,237,3,40
YCL011C,1177,1083,5,43
YCL010C,491,415,0,25
YCL009C,2497,1934,0,289
YCL008C,435,381,NA,37
YCL002C,307,238,0,42
YCR002C,1046,865,44,50
YCR004C,1422,955,144,174
YCR005C,2659,2251,61,186
YCR007C,203,104,78,9
YCR009C,972,767,34,112
YCR010C,4,4,NA,0
YCR011C,1468,1392,26,14
YCR014C,306,281,NA,16
YCR015C,242,216,0,12
YCR017C,1818,1685,12,69
YCR020C,177,144,NA,9
YCR020C-A,314,195,0,64
YCR021C,210,168,12,19
YCR022C,26,9,2,14
YCR023C,695,573,7,83
YCR024C,426,362,0,40
YCR024C-B,3094,1603,0,917
YCR024C-A,1712,495,859,NA
YCR025C,31,5,NA,24
YCR026C,878,745,26,77
YCR027C,362,188,31,118
YCR028C,509,412,16,60
YCR028C-A,897,468,57,212
YCR030C,1655,1492,33,90
YCR031C,8343,5693,0,1501
YCR035C,554,452,0,50
YCR037C,723,679,NA,23
YCR038C,237,188,NA,6
YCR042C,1076,1048,0,NA
YCR043C,482,251,20,133
YCR044C,308,286,0,9
YCR045C,4,3,1,0
YCR046C,520,400,NA,78
YCR047C,276,201,7,45
YCR054C,424,379,7,26
YCR057C,1274,1176,14,49
YCR059C,395,320,0,51
YCR064C,3,2,NA,NA
YCR067C,1345,1271,32,28
YCR071C,410,294,18,28
YCR072C,454,403,2,26
YCR073C,567,549,3,4
YCR075C,209,183,0,9
YCR076C,221,202,0,14
YCR077C,2490,2293,26,128
YCR084C,2641,2235,195,144
YCR087C-A,209,132,10,32
YCR090C,303,244,8,10
YCR092C,364,338,1,11
YCR095C,262,221,7,15
YCR098C,188,164,NA,21
YCR102C,65,59,0,6
YCL063W,316,266,1,29
YCL058W-A,80,57,2,9
YCL057W,1350,1267,0,57
YCL055W,221,186,3,18
YCL054W,844,788,0,31
YCL051W,544,452,76,5
YCL048W,17,11,NA,5
YCL040W,5520,4822,NA,496
YCL039W,565,552,0,7
YCL036W,287,265,NA,10
YCL034W,600,551,5,16
YCL032W,321,270,10,21
YCL028W,1031,929,7,37
YCL027W,43,39,0,4
YCL024W,785,756,15,NA
YCL021W-A,19,9,1,5
YCL018W,1226,1084,7,37
YCL014W,1147,1083,28,16
YCL005W-A,577,373,28,100
YCL005W,258,221,4,20
YCL004W,403,364,7,6
YCL001W,503,406,1,41
YCR003W,482,373,0,61
YCR008W,1160,793,200,135
YCR012W,29012,24826,253,2345
YCR016W,291,224,2,39
YCR019W,269,225,21,13
YCR020W-B,591,159,11,353
YCR032W,875,856,NA,9
YCR033W,594,563,NA,26
YCR034W,1467,1218,5,137
YCR036W,899,812,NA,44
YCR045W-A,352,63,128,140
YCR048W,300,251,2,31
YCR051W,455,309,3,107
YCR052W,815,633,5,115
YCR053W,4480,4093,76,89
YCR061W,518,437,1,67
YCR063W,360,174,0,165
YCR065W,924,692,52,131
YCR066W,206,174,2,20
YCR068W,379,330,35,1
YCR069W,658,485,52,73
YCR073W-A,574,493,0,26
YCR075W-A,139,89,0,20
YCR079W,254,228,0,19
YCR081W,602,594,0,NA
YCR082W,695,507,15,57
YCR083W,250,197,0,32
YCR085W,4,2,2,NA
YCR086W,175,155,5,NA
YCR088W,2089,1844,32,126
YCR089W,1031,1009,NA,12
YCR091W,236,212,5,9
YCR093W,3290,3231,8,19
YCR094W,610,493,12,76
YCR095W-A,399,19,31,338
YCR097W,0,0,0,0
YCR105W,17,17,NA,0
YCR106W,528,516,1,NA
YCR107W,371,276,NA,83
YDL243C,215,148,51,10
YDL239C,108,104,NA,2
YDL238C,153,141,0,4
YDL235C,404,200,68,90
YDL234C,476,434,22,6
YDL231C,865,854,NA,0
YDL227C,107,105,NA,1
YDL226C,586,462,2,86
YDL224C,725,554,103,51
YDL222C,93,90,NA,NA
YDL220C,230,208,NA,19
YDL217C,204,138,43,2
YDL216C,94,84,NA,8
YDL215C,1073,1018,NA,49
YDL214C,53,51,1,0
YDL213C,250,211,0,25
YDL211C,76,61,3,8
YDL209C,98,77,1,16
YDL205C,278,198,29,40
YDL203C,370,304,31,26
YDL200C,62,53,NA,3
YDL199C,78,71,1,5
YDL198C,464,377,4,40
YDL197C,351,316,0,20
YDL190C,716,625,45,28
YDL188C,439,355,31,37
YDL187C,64,9,53,NA
YDL184C,3305,318,47,2168
YDL183C,52,43,3,0
YDL177C,56,45,2,8
YDL175C,166,136,1,19
YDL174C,703,671,5,NA
YDL171C,2285,2160,99,NA
YDL169C,34,25,NA,4
YDL167C,456,401,8,25
YDL166C,149,122,2,14
YDL164C,331,278,3,31
YDL160C-A,60,25,1,27
YDL160C,2069,1364,217,429
YDL157C,144,97,0,15
YDL153C,296,254,4,23
YDL148C,494,479,1,NA
YDL145C,2143,1937,116,46
YDL144C,202,175,0,14
YDL142C,142,121,0,10
YDL140C,2161,2103,NA,36
YDL139C,49,32,NA,13
YDL135C,298,204,4,75
YDL134C,739,509,167,29
YDL133C-A,4290,318,0,3075
YDL126C,3331,3077,44,119
YDL125C,948,710,NA,163
YDL121C,215,142,0,53
YDL119C,166,135,1,24
YDL115C,165,127,0,15
YDL113C,256,232,7,8
YDL111C,365,307,17,13
YDL110C,375,223,32,87
YDL109C,288,219,NA,62
YDL106C,313,285,8,16
YDL104C,59,52,0,6
YDL103C,375,325,9,15
YDL101C,258,232,0,15
YDL100C,1033,888,11,62
YDL098C,43,32,0,9
YDL097C,999,882,9,58
YDL094C,11,8,1,1
YDL091C,166,150,6,7
YDL090C,129,115,0,8
YDL088C,426,359,20,31
YDL087C,95,75,0,15
YDL086C-A,12,7,2,1
YDL085C-A,80,27,13,26
YDL083C,3423,2287,0,652
YDL081C,2733,1363,322,479
YDL080C,268,238,NA,23
YDL079C,30,25,NA,4
YDL078C,645,538,23,37
YDL077C,317,312,NA,1
YDL076C,198,138,17,32
YDL074C,486,417,19,19
YDL072C,1053,733,53,157
YDL069C,53,37,9,2
YDL067C,743,192,40,331
YDL065C,160,148,0,1
YDL063C,346,303,16,13
YDL061C,1680,613,0,684
YDL059C,30,29,1,NA
YDL055C,6081,4593,624,606
YDL054C,162,147,5,6
YDL053C,376,221,62,47
YDL052C,300,256,5,22
YDL049C,64,39,9,11
YDL048C,137,116,2,12
YDL045C,196,159,9,13
YDL044C,126,116,0,5
YDL043C,149,113,4,30
YDL042C,211,181,4,13
YDL040C,957,914,4,14
YDL039C,39,33,NA,6
YDL036C,151,131,NA,13
YDL035C,283,268,NA,12
YDL033C,112,94,2,13
YDL028C,222,198,11,8
YDL027C,297,252,5,24
YDL025C,343,295,28,5
YDL024C,22,18,NA,2
YDL020C,714,552,92,44
YDL019C,595,576,NA,10
YDL018C,164,121,11,14
YDL015C,737,683,20,NA
YDL012C,240,132,0,53
YDL009C,22,6,16,NA
YDL005C,335,268,1,44
YDL002C,149,85,8,44
YDR001C,1293,1198,NA,59
YDR005C,339,258,21,39
YDR006C,470,415,21,9
YDR008C,63,8,NA,53
YDR010C,20,8,8,0
YDR016C,122,71,1,21
YDR017C,422,394,NA,15
YDR018C,67,59,NA,7
YDR019C,730,624,NA,70
YDR020C,146,84,NA,55
YDR022C,70,58,0,8
YDR026C,277,230,26,10
YDR027C,293,272,11,6
YDR028C,1088,986,NA,87
YDR030C,93,87,0,4
YDR032C,919,593,54,142
YDR034C,339,304,22,4
YDR036C,248,212,0,21
YDR038C,1190,1173,NA,10
YDR042C,5,4,NA,1
YDR045C,156,78,15,42
YDR046C,1389,1236,58,35
YDR048C,7,0,4,3
YDR050C,8411,7200,122,449
YDR051C,178,150,6,12
YDR052C,357,282,21,42
YDR054C,600,344,59,161
YDR056C,216,154,11,19
YDR058C,59,44,0,11
YDR059C,224,158,7,29
YDR066C,53,38,2,3
YDR067C,147,109,8,10
YDR069C,312,280,NA,29
YDR070C,24,7,4,10
YDR071C,632,484,26,49
YDR072C,602,525,42,15
YDR078C,59,44,0,7
YDR079C-A,73,37,2,18
YDR081C,243,226,8,2
YDR084C,219,171,0,26
YDR085C,292,261,NA,16
YDR086C,745,268,107,300
YDR087C,265,231,3,15
YDR088C,111,80,20,9
YDR090C,181,122,5,45
YDR091C,1204,960,24,181
YDR097C,393,377,5,6
YDR098C,469,446,NA,15
YDR101C,835,787,0,21
YDR104C,144,139,NA,4
YDR105C,250,223,3,12
YDR107C,118,106,0,7
YDR109C,206,194,NA,7
YDR111C,248,214,17,9
YDR113C,163,140,7,7
YDR116C,346,285,1,31
YDR117C,225,215,3,1
YDR120C,377,339,NA,32
YDR123C,220,109,6,93
YDR125C,163,76,NA,86
YDR129C,1558,1382,24,97
YDR130C,187,139,0,38
YDR131C,177,166,3,3
YDR132C,87,72,6,4
YDR133C,2848,1186,943,388
YDR135C,1492,1460,NA,21
YDR139C,171,79,10,48
YDR141C,943,939,NA,NA
YDR142C,132,101,16,11
YDR143C,387,320,18,37
YDR144C,346,309,15,10
YDR146C,451,440,NA,6
YDR148C,936,765,3,116
YDR151C,226,175,16,23
YDR153C,392,316,26,27
YDR162C,190,106,28,40
YDR164C,278,252,1,17
YDR166C,365,353,NA,3
YDR169C,402,269,71,50
YDR170C,1977,1923,NA,45
YDR173C,113,109,0,NA
YDR175C,303,254,8,24
YDR179C,60,49,0,5
YDR181C,174,151,0,16
YDR185C,38,22,8,5
YDR186C,609,574,6,8
YDR190C,715,639,6,35
YDR192C,135,113,8,5
YDR194C,977,882,4,55
YDR196C,156,135,NA,12
YDR198C,125,121,1,1
YDR200C,178,166,5,5
YDR202C,163,154,1,2
YDR207C,199,187,6,NA
YDR215C,20,3,0,16
YDR217C,231,227,1,NA
YDR218C,11,10,NA,1
YDR219C,242,206,NA,26
YDR224C,2368,1906,61,174
YDR228C,325,293,17,4
YDR231C,223,172,1,27
YDR233C,1857,1476,56,192
YDR236C,174,129,4,20
YDR238C,1778,1616,10,95
YDR239C,179,174,0,3
YDR240C,75,70,0,2
YDR243C,210,134,0,69
YDR248C,164,129,17,11
YDR249C,89,82,3,2
YDR253C,20,12,5,2
YDR255C,182,122,1,57
YDR256C,16,15,NA,0
YDR257C,355,302,0,39
YDR258C,1727,1624,6,48
YDR259C,75,60,6,4
YDR260C,149,68,3,58
YDR261C,373,331,2,23
YDR263C,70,68,1,0
YDR264C,801,689,18,79
YDR266C,575,477,48,26
YDR267C,168,123,9,25
YDR271C,23,5,NA,17
YDR274C,0,0,0,0
YDR276C,1180,346,89,496
YDR277C,377,279,26,52
YDR281C,1,0,0,1
YDR282C,187,89,0,93
YDR283C,572,548,NA,15
YDR284C,436,319,72,20
YDR286C,65,39,NA,14
YDR289C,181,161,3,4
YDR292C,372,314,27,13
YDR293C,2158,1763,359,NA
YDR294C,643,585,13,16
YDR295C,177,153,17,1
YDR298C,1005,632,98,180
YDR300C,235,213,4,13
YDR303C,406,355,38,11
YDR304C,581,462,15,49
YDR305C,106,90,NA,6
YDR306C,201,180,3,5
YDR308C,171,120,11,24
YDR309C,702,636,18,2
YDR310C,455,389,24,24
YDR313C,182,125,0,34
YDR314C,141,131,0,3
YDR315C,89,79,0,6
YDR319C,148,111,9,11
YDR320C,360,335,0,12
YDR320C-A,120,72,NA,27
YDR322C-A,529,252,0,229
YDR323C,51,41,0,7
YDR324C,578,524,NA,44
YDR326C,572,554,NA,15
YDR328C,597,397,33,133
YDR329C,233,219,2,8
YDR333C,365,326,0,24
YDR338C,184,169,1,11
YDR339C,257,204,0,33
YDR341C,1420,1278,0,73
YDR342C,8469,7420,249,426
YDR343C,7968,7216,195,199
YDR345C,3776,3479,34,148
YDR346C,647,505,28,94
YDR348C,357,275,31,35
YDR349C,781,677,38,35
YDR350C,415,386,4,11
YDR357C,201,130,12,37
YDR359C,421,342,58,10
YDR361C,295,205,6,75
YDR362C,152,133,9,4
YDR364C,319,252,1,62
YDR365C,469,432,14,15
YDR366C,755,734,0,NA
YDR369C,136,123,NA,6
YDR370C,199,185,0,9
YDR372C,563,357,121,52
YDR375C,341,311,0,8
YDR378C,254,104,0,103
YDR379C-A,115,60,1,33
YDR381C-A,120,60,NA,42
YDR383C,62,53,0,5
YDR384C,260,196,2,41
YDR387C,234,189,18,14
YDR390C,388,358,3,7
YDR391C,366,324,0,16
YDR397C,239,165,16,30
YDR402C,17,16,NA,0
YDR404C,395,195,97,70
YDR407C,548,516,10,7
YDR408C,291,209,22,35
YDR410C,74,61,0,10
YDR411C,364,326,6,15
YDR414C,120,77,23,12
YDR415C,169,142,7,11
YDR422C,337,295,4,32
YDR423C,212,202,NA,7
YDR424C,85,58,1,6
YDR426C,45,0,NA,0
YDR428C,96,79,2,8
YDR429C,1006,846,0,73
YDR430C,636,591,15,13
YDR435C,155,126,0,17
YDR441C,199,106,33,43
YDR443C,447,411,NA,33
YDR445C,1365,1365,NA,0
YDR447C,4480,3393,30,510
YDR449C,255,215,5,17
YDR451C,381,313,5,43
YDR453C,81,64,2,11
YDR454C,551,405,0,84
YDR458C,294,263,1,19
YDR459C,216,174,15,17
YDR461C-A,29,17,0,9
YDR465C,336,275,4,32
YDR468C,171,110,21,21
YDR470C,173,142,5,19
YDR473C,134,113,5,7
YDR475C,232,215,2,10
YDR476C,253,179,0,53
YDR479C,246,224,7,6
YDR481C,436,398,4,11
YDR482C,58,37,0,17
YDR485C,225,204,0,12
YDR486C,199,157,0,28
YDR487C,506,368,3,81
YDR488C,66,59,NA,7
YDR490C,283,256,16,1
YDR495C,181,169,NA,10
YDR496C,751,688,2,25
YDR497C,3960,3592,159,81
YDR498C,149,145,0,0
YDR500C,2310,1653,0,271
YDR502C,2375,1884,34,312
YDR503C,119,75,7,25
YDR504C,98,49,NA,45
YDR505C,818,734,62,NA
YDR506C,145,76,1,66
YDR507C,714,677,NA,28
YDR508C,2330,2202,31,2
YDR510C-A,9,0,7,NA
YDR512C,72,57,NA,15
YDR514C,118,97,11,6
YDR516C,474,429,8,26
YDR520C,120,110,3,3
YDR522C,2,2,NA,0
YDR523C,8,8,NA,0
YDR524C,263,213,2,38
YDR524C-B,7567,2088,504,3702
YDR524C-A,409,3,2,402
YDR529C,1338,876,21,259
YDR530C,255,208,NA,32
YDR532C,121,114,0,5
YDR533C,464,390,5,19
YDR534C,150,136,0,13
YDR535C,174,29,NA,143
YDR540C,23,10,2,10
YDR541C,151,110,19,12
YDL248W,1128,833,0,273
YDL244W,82,71,NA,5
YDL242W,9,4,NA,5
YDL241W,31,18,3,3
YDL240W,258,234,NA,19
YDL237W,340,297,2,17
YDL236W,387,318,0,38
YDL233W,175,158,0,12
YDL232W,272,53,0,164
YDL230W,97,88,0,2
YDL229W,13261,12496,45,262
YDL225W,327,306,3,4
YDL221W,12,2,NA,8
YDL219W,193,101,3,51
YDL218W,17,11,2,3
YDL212W,655,460,2,123
YDL210W,30,26,NA,3
YDL208W,652,505,4,97
YDL207W,206,186,4,8
YDL206W,209,195,12,0
YDL204W,505,390,45,48
YDL202W,306,252,9,25
YDL201W,219,173,0,26
YDL195W,2016,1908,49,28
YDL194W,109,102,NA,4
YDL193W,255,197,6,38
YDL192W,1934,1596,41,107
YDL191W,3554,2510,6,409
YDL189W,253,219,18,11
YDL185W,5363,5015,106,149
YDL182W,966,890,11,40
YDL181W,372,163,49,64
YDL180W,172,154,10,5
YDL179W,319,243,24,28
YDL178W,453,423,0,18
YDL176W,229,203,19,4
YDL173W,493,469,NA,NA
YDL170W,233,215,NA,17
YDL168W,538,460,7,39
YDL165W,153,129,4,4
YDL161W,328,290,0,20
YDL159W,168,146,4,13
YDL156W,83,76,3,NA
YDL155W,255,198,17,21
YDL154W,138,120,NA,16
YDL150W,228,204,13,NA
YDL149W,131,127,NA,1
YDL147W,940,797,9,86
YDL146W,94,75,8,9
YDL143W,1066,954,7,38
YDL141W,378,306,35,23
YDL138W,191,162,12,12
YDL137W,1086,764,134,99
YDL136W,3006,2456,32,106
YDL133W,283,243,10,20
YDL132W,618,515,90,NA
YDL131W,1199,1095,8,44
YDL130W-A,356,172,0,115
YDL130W,2973,1738,0,676
YDL129W,20,15,1,3
YDL128W,642,544,5,57
YDL127W,107,83,6,13
YDL124W,1673,1435,33,84
YDL123W,222,78,2,121
YDL122W,725,652,66,NA
YDL120W,305,181,28,49
YDL117W,405,333,36,20
YDL116W,435,396,4,4
YDL114W,4,3,NA,1
YDL112W,719,687,NA,23
YDL108W,167,161,0,2
YDL107W,145,108,2,26
YDL105W,89,70,2,14
YDL102W,312,289,8,7
YDL099W,200,170,9,9
YDL095W,1419,1347,9,30
YDL093W,281,230,1,43
YDL092W,247,156,9,40
YDL089W,141,122,10,4
YDL086W,794,688,NA,29
YDL085W,27,25,1,0
YDL084W,1971,1682,154,56
YDL082W,3507,2844,58,297
YDL075W,3031,2086,76,257
YDL073W,377,341,24,5
YDL070W,449,407,0,17
YDL068W,2,0,NA,1
YDL066W,766,663,0,35
YDL064W,249,177,6,35
YDL060W,480,463,0,NA
YDL058W,344,326,4,8
YDL057W,95,89,0,4
YDL056W,279,275,NA,2
YDL051W,571,509,2,22
YDL046W,657,330,29,222
YDL045W-A,215,136,1,42
YDL041W,2,1,0,1
YDL032W,10,5,3,NA
YDL031W,463,429,10,12
YDL030W,93,88,0,5
YDL029W,976,841,0,56
YDL025W-A,13,0,0,13
YDL022W,3200,2629,86,299
YDL021W,91,81,0,1
YDL017W,105,99,NA,3
YDL014W,2142,1508,259,249
YDL013W,141,120,7,10
YDL010W,203,135,1,50
YDL008W,149,110,0,21
YDL007W,680,599,8,31
YDL006W,145,88,48,3
YDL004W,1057,655,19,264
YDL003W,278,254,NA,14
YDL001W,158,133,8,9
YDR002W,1292,930,11,210
YDR003W-A,65,10,NA,44
YDR004W,168,137,NA,26
YDR007W,145,131,0,3
YDR009W,51,46,0,2
YDR011W,1513,1365,73,51
YDR012W,8883,8315,25,166
YDR013W,115,97,0,13
YDR014W,138,118,0,17
YDR014W-A,3,2,NA,1
YDR021W,91,72,12,5
YDR023W,2072,1918,6,38
YDR024W,19,5,NA,NA
YDR025W,4183,3654,NA,172
YDR031W,161,107,2,34
YDR033W,6495,3926,721,1637
YDR034W-B,175,47,1,73
YDR035W,833,641,10,117
YDR037W,2994,2864,0,35
YDR041W,289,232,0,41
YDR044W,158,128,3,22
YDR047W,458,391,24,25
YDR049W,231,209,4,9
YDR055W,3711,3161,71,245
YDR057W,126,109,1,8
YDR060W,1125,1083,5,18
YDR061W,284,252,4,13
YDR062W,954,697,123,100
YDR063W,175,104,23,29
YDR064W,4643,3572,0,354
YDR065W,116,72,0,40
YDR068W,125,108,10,NA
YDR073W,250,170,63,NA
YDR074W,1967,1821,105,NA
YDR075W,141,91,24,16
YDR076W,983,67,2,910
YDR077W,42394,32513,330,7734
YDR079W,109,51,2,39
YDR080W,261,257,0,NA
YDR082W,224,190,12,15
YDR083W,253,217,2,9
YDR089W,367,353,3,8
YDR092W,250,193,1,28
YDR093W,576,532,37,NA
YDR096W,456,441,NA,12
YDR099W,2010,1475,196,229
YDR100W,208,152,4,29
YDR103W,337,329,NA,4
YDR106W,21,18,NA,3
YDR108W,197,179,6,5
YDR110W,147,131,0,6
YDR115W,261,145,3,60
YDR118W,119,116,0,NA
YDR119W,610,585,12,7
YDR119W-A,100,16,5,54
YDR121W,173,110,21,18
YDR122W,648,616,NA,24
YDR124W,154,52,61,37
YDR126W,67,64,0,NA
YDR127W,3282,3179,0,23
YDR128W,326,316,NA,6
YDR137W,260,222,12,18
YDR138W,243,230,0,1
YDR140W,144,110,0,16
YDR145W,715,627,35,30
YDR147W,231,212,5,3
YDR150W,2229,2204,11,4
YDR152W,295,254,2,10
YDR158W,2110,1946,0,123
YDR159W,239,221,10,NA
YDR160W,269,243,23,NA
YDR161W,226,206,0,5
YDR163W,78,68,NA,5
YDR165W,502,437,10,26
YDR167W,191,164,1,14
YDR168W,535,478,10,26
YDR171W,700,556,69,31
YDR172W,1857,1645,26,119
YDR174W,1344,1001,10,235
YDR176W,271,259,2,3
YDR177W,466,375,23,30
YDR178W,517,295,77,103
YDR179W-A,90,79,5,1
YDR180W,161,151,8,NA
YDR182W,324,299,7,4
YDR183W,68,57,2,2
YDR188W,1071,979,4,60
YDR189W,460,417,4,28
YDR191W,80,74,0,4
YDR195W,260,204,37,12
YDR197W,181,148,3,15
YDR201W,45,34,NA,5
YDR204W,211,171,0,27
YDR205W,241,234,0,2
YDR206W,909,783,99,NA
YDR208W,553,490,28,15
YDR210W,553,222,0,216
YDR211W,770,721,5,27
YDR212W,1007,902,14,43
YDR213W,249,235,9,3
YDR214W,1588,1285,128,81
YDR216W,1250,1147,NA,83
YDR221W,302,246,0,48
YDR222W,148,128,1,13
YDR223W,41,19,20,NA
YDR225W,2884,1917,207,457
YDR226W,1302,1062,15,82
YDR227W,390,365,10,10
YDR229W,164,146,7,6
YDR232W,965,768,107,44
YDR234W,598,553,0,28
YDR235W,225,204,NA,10
YDR237W,283,207,28,36
YDR241W,134,23,NA,103
YDR242W,298,261,17,8
YDR244W,259,229,1,18
YDR245W,396,305,22,42
YDR246W,191,144,0,29
YDR247W,223,148,25,43
YDR251W,687,615,60,NA
YDR252W,104,46,0,43
YDR254W,93,88,1,2
YDR262W,275,192,0,53
YDR265W,178,127,25,19
YDR268W,171,148,3,13
YDR270W,160,154,NA,4
YDR272W,303,266,14,7
YDR273W,18,18,0,NA
YDR275W,198,111,35,45
YDR279W,134,123,6,2
YDR280W,253,185,18,25
YDR285W,89,79,NA,8
YDR287W,105,91,1,10
YDR288W,125,116,NA,2
YDR291W,394,384,NA,5
YDR296W,368,283,7,34
YDR297W,377,325,0,37
YDR299W,330,280,7,20
YDR301W,377,353,5,10
YDR302W,160,130,5,5
YDR307W,293,266,2,17
YDR311W,211,198,0,6
YDR312W,241,226,1,10
YDR316W,255,229,1,15
YDR317W,8,8,0,0
YDR318W,99,85,0,10
YDR320W-B,23,2,8,NA
YDR321W,731,625,8,62
YDR322W,367,310,4,27
YDR325W,262,250,NA,8
YDR330W,216,197,0,13
YDR331W,353,317,0,12
YDR332W,187,178,2,1
YDR334W,362,331,20,6
YDR335W,929,904,NA,14
YDR336W,105,96,NA,7
YDR337W,277,232,10,17
YDR347W,406,333,9,30
YDR351W,482,475,NA,NA
YDR352W,214,143,22,37
YDR353W,1174,1002,30,41
YDR354W,406,326,24,24
YDR356W,231,205,0,18
YDR358W,279,245,10,16
YDR363W,227,138,15,67
YDR363W-A,249,134,2,48
YDR367W,251,204,6,4
YDR368W,452,344,13,58
YDR371W,190,156,4,12
YDR374W-A,174,86,0,54
YDR376W,210,191,2,6
YDR377W,982,427,55,340
YDR379W,410,401,3,4
YDR380W,682,606,24,38
YDR381W,1363,1069,0,194
YDR382W,3513,1824,395,765
YDR385W,18265,17049,44,648
YDR386W,155,146,0,7
YDR388W,1057,908,16,86
YDR389W,347,314,NA,28
YDR392W,110,95,4,7
YDR393W,195,176,0,8
YDR394W,749,631,43,48
YDR395W,1162,1078,41,20
YDR396W,5,0,NA,3
YDR398W,539,484,9,18
YDR399W,581,425,35,55
YDR401W,33,10,NA,22
YDR403W,49,44,NA,5
YDR405W,289,216,8,46
YDR406W,606,606,NA,NA
YDR409W,248,230,NA,17
YDR412W,142,108,2,17
YDR416W,142,133,4,0
YDR418W,4153,3098,130,411
YDR419W,137,104,0,28
YDR420W,1548,1529,NA,13
YDR421W,307,301,0,0
YDR425W,166,144,NA,20
YDR427W,753,648,13,39
YDR434W,421,374,16,17
YDR436W,272,225,22,17
YDR438W,102,93,0,4
YDR439W,102,74,7,11
YDR440W,192,165,10,7
YDR442W,1,0,0,1
YDR444W,201,183,9,0
YDR446W,2,2,NA,NA
YDR448W,331,289,1,16
YDR450W,3879,2847,0,511
YDR452W,550,498,27,22
YDR456W,481,445,3,12
YDR457W,2205,2159,19,16
YDR460W,104,74,8,13
YDR461W,2,1,0,1
YDR462W,240,135,12,41
YDR463W,433,369,10,33
YDR464W,220,209,10,NA
YDR466W,396,364,7,14
YDR469W,154,123,2,8
YDR471W,2508,1852,10,378
YDR472W,168,140,2,22
YDR477W,639,497,87,34
YDR478W,66,52,0,7
YDR483W,793,710,3,44
YDR484W,205,186,5,8
YDR489W,111,86,0,22
YDR492W,267,199,37,7
YDR493W,159,108,17,18
YDR494W,452,379,3,25
YDR499W,180,176,0,NA
YDR501W,60,46,0,12
YDR510W,539,305,47,80
YDR511W,180,131,NA,21
YDR513W,519,391,1,72
YDR515W,193,142,31,11
YDR517W,316,275,6,18
YDR518W,174,158,2,3
YDR519W,328,179,0,109
YDR525W-A,576,245,10,213
YDR527W,155,136,1,11
YDR528W,212,158,37,7
YDR531W,249,210,6,14
YDR536W,84,79,NA,3
YDR538W,231,166,9,41
YDR539W,282,254,1,11
YEL073C,189,125,0,23
YEL068C,61,37,0,18
YEL064C,114,91,1,15
YEL063C,800,616,76,100
YEL061C,277,268,5,NA
YEL060C,3146,2658,49,311
YEL059C-A,64,38,8,3
YEL057C,9,8,NA,1
YEL055C,654,613,8,23
YEL054C,3689,2691,36,697
YEL053C,296,278,7,9
YEL050C,456,376,11,41
YEL048C,153,54,NA,88
YEL047C,339,331,0,NA
YEL046C,3162,2101,NA,917
YEL039C,154,85,26,18
YEL037C,535,403,61,40
YEL036C,696,607,38,25
YEL034C-A,0,0,0,0
YEL029C,118,95,4,11
YEL025C,524,468,NA,44
YEL023C,133,93,37,NA
YEL017C-A,1039,282,24,623
YEL016C,168,139,17,7
YEL009C-A,11,5,NA,2
YEL009C,5877,3341,1950,237
YEL008C-A,56,2,NA,54
YEL005C,111,99,3,1
YEL002C,719,613,34,26
YEL001C,442,370,11,32
YER003C,928,826,9,25
YER007C-A,348,274,2,24
YER008C,525,499,4,11
YER010C,177,145,0,16
YER017C,845,777,NA,51
YER018C,139,116,2,12
YER019C-A,397,261,17,32
YER023C-A,0,0,0,0
YER026C,1251,1005,4,132
YER027C,289,238,7,35
YER028C,42,37,1,0
YER029C,98,68,6,10
YER031C,469,357,6,68
YER033C,270,253,NA,12
YER036C,1727,1597,19,55
YER038C,115,71,0,42
YER039C,53,46,NA,2
YER043C,7291,5929,30,940
YER044C,378,266,22,33
YER044C-A,33,32,NA,NA
YER045C,206,174,13,9
YER047C,252,227,NA,19
YER048C,408,339,24,27
YER050C,303,194,2,47
YER052C,1059,905,39,62
YER053C,666,509,31,64
YER053C-A,1649,195,57,1111
YER054C,189,165,NA,19
YER055C,1152,932,1,107
YER056C,2008,1767,39,130
YER056C-A,3159,2202,0,319
YER057C,346,221,10,44
YER061C,110,104,0,1
YER062C,987,709,39,159
YER064C,765,629,33,86
YER065C,106,89,13,2
YER071C,121,63,0,40
YER075C,274,248,6,10
YER076C,114,82,11,13
YER077C,436,417,NA,11
YER078C,196,169,16,6
YER082C,431,406,5,6
YER083C,359,331,0,11
YER085C,0,0,0,0
YER087C-B,359,126,20,153
YER088C,761,676,33,24
YER088C-A,212,78,NA,118
YER089C,723,558,141,NA
YER091C,4815,4249,109,317
YER093C,258,253,NA,3
YER093C-A,57,35,0,15
YER094C,690,496,26,116
YER099C,253,218,0,7
YER101C,166,150,0,12
YER105C,1013,974,0,29
YER107C,283,223,33,16
YER109C,281,275,NA,NA
YER110C,1371,1274,29,35
YER111C,363,324,37,NA
YER113C,356,319,14,12
YER114C,447,409,NA,29
YER115C,102,62,25,4
YER116C,176,120,NA,52
YER118C,379,284,42,32
YER119C,241,223,0,11
YER122C,670,585,24,29
YER124C,1178,962,6,155
YER126C,441,311,9,65
YER130C,415,333,11,42
YER132C,359,345,NA,11
YER134C,237,143,13,50
YER137C,63,39,0,12
YER139C,156,78,8,63
YER142C,47,41,0,3
YER144C,455,424,0,17
YER145C,443,396,0,21
YER147C,104,102,1,NA
YER149C,140,125,2,6
YER151C,528,497,14,6
YER152C,265,250,3,2
YER155C,1431,1403,NA,17
YER156C,463,392,0,48
YER158C,88,79,NA,7
YER159C,478,264,70,77
YER161C,161,113,0,40
YER162C,120,114,0,4
YER163C,215,189,0,6
YER168C,326,310,NA,5
YER172C,928,904,4,12
YER174C,175,152,NA,9
YER175C,182,142,0,33
YER180C,106,92,0,5
YER180C-A,57,29,8,6
YER181C,15,8,5,1
YER183C,134,109,NA,10
YER184C,223,193,NA,25
YER186C,197,139,19,27
YER188C-A,26,13,8,NA
YEL072W,137,71,13,34
YEL071W,1511,1379,0,74
YEL070W,47,39,NA,6
YEL066W,197,165,NA,25
YEL065W,578,528,5,21
YEL062W,178,160,0,13
YEL058W,1083,1014,0,19
YEL056W,234,218,7,NA
YEL052W,308,286,0,8
YEL051W,527,418,11,50
YEL049W,95,51,28,9
YEL044W,134,106,NA,24
YEL043W,542,507,9,12
YEL042W,568,450,35,43
YEL041W,99,81,8,NA
YEL040W,1531,1415,0,45
YEL038W,157,138,0,9
YEL034W,5015,3752,427,101
YEL033W,1148,833,NA,NA
YEL032W,579,536,5,27
YEL031W,1920,1832,2,48
YEL030W,194,186,NA,5
YEL028W,116,32,55,17
YEL027W,2373,1278,89,739
YEL026W,875,532,117,94
YEL024W,1595,911,85,486
YEL022W,648,637,NA,5
YEL021W,2709,2164,62,209
YEL020W-A,554,356,0,126
YEL018W,80,71,NA,5
YEL017W,236,217,0,9
YEL015W,494,462,7,9
YEL013W,894,650,96,114
YEL012W,96,74,8,4
YEL011W,480,441,2,26
YEL008W,10,3,NA,7
YEL007W,708,664,NA,25
YEL006W,323,229,4,72
YEL004W,109,87,0,10
YEL003W,196,122,NA,54
YER001W,989,906,13,43
YER002W,195,131,4,34
YER004W,340,212,0,109
YER005W,260,237,5,6
YER006W,683,641,3,10
YER007W,70,65,0,4
YER009W,1163,778,23,203
YER011W,64,63,0,1
YER012W,554,394,25,77
YER013W,218,203,NA,12
YER014W,155,134,5,3
YER015W,181,153,NA,22
YER016W,142,124,NA,8
YER019W,248,234,NA,11
YER020W,318,257,11,31
YER021W,1038,928,1,83
YER022W,246,226,0,7
YER023W,576,488,6,32
YER024W,245,233,NA,11
YER025W,1480,1213,28,169
YER030W,183,122,0,44
YER032W,338,294,4,27
YER034W,131,75,0,50
YER035W,367,241,34,54
YER037W,58,44,0,12
YER038W-A,13,6,0,7
YER040W,259,227,13,14
YER041W,215,187,12,10
YER042W,112,92,0,6
YER046W,89,34,49,2
YER048W-A,305,117,23,135
YER049W,819,770,9,20
YER051W,70,67,0,NA
YER058W,53,28,1,17
YER059W,189,149,26,3
YER060W,73,67,3,NA
YER060W-A,304,294,NA,7
YER063W,406,288,24,58
YER066W,169,96,54,12
YER067W,625,399,94,78
YER068W,407,359,8,18
YER069W,1579,1459,9,65
YER070W,3179,2984,12,130
YER072W,390,231,0,88
YER073W,1077,857,43,110
YER074W,3914,2744,78,444
YER074W-A,149,97,0,33
YER076W-A,5,3,NA,2
YER079W,113,84,8,8
YER080W,414,383,5,13
YER081W,488,430,0,49
YER084W,10,8,NA,2
YER086W,1233,1093,17,76
YER087W,139,122,0,7
YER088W-B,26,0,26,NA
YER090W,1024,887,34,53
YER092W,242,128,0,73
YER095W,355,291,NA,45
YER096W,15,14,NA,1
YER098W,181,163,NA,14
YER100W,239,185,24,17
YER102W,6811,6007,0,295
YER103W,255,234,4,11
YER104W,119,70,0,40
YER106W,5,2,NA,2
YER112W,189,137,21,20
YER117W,3951,2995,0,423
YER120W,764,606,12,64
YER121W,28,25,NA,1
YER123W,307,223,20,51
YER125W,1302,1077,NA,197
YER127W,252,199,0,25
YER128W,81,61,NA,12
YER129W,376,355,NA,17
YER131W,1918,1455,76,239
YER133W,1191,867,19,234
YER136W,668,504,26,101
YER138W-A,791,378,NA,106
YER140W,135,111,NA,22
YER141W,625,515,6,81
YER143W,236,216,2,8
YER146W,187,132,1,27
YER148W,387,290,80,0
YER150W,172,107,11,34
YER154W,445,393,0,13
YER157W,277,266,0,1
YER158W-A,2,1,NA,0
YER164W,597,578,NA,13
YER165W,2242,1980,45,151
YER166W,1098,1060,NA,23
YER167W,437,397,32,0
YER169W,291,244,18,16
YER170W,141,88,2,46
YER171W,380,329,19,18
YER173W,219,214,0,NA
YER175W-A,32,2,NA,29
YER176W,303,276,4,7
YER177W,3540,3198,48,26
YER178W,1830,1584,15,145
YER179W,5,5,NA,0
YER182W,170,124,3,24
YER187W,9,2,4,2
YER188W,25,15,0,7
YFL057C,129,96,0,16
YFL054C,206,196,NA,4
YFL050C,399,277,83,26
YFL048C,578,524,0,30
YFL045C,1863,1316,112,303
YFL044C,308,195,0,93
YFL042C,232,224,0,1
YFL039C,6952,5750,523,326
YFL038C,1098,855,6,85
YFL034C-B,209,160,9,26
YFL034C-A,799,575,35,89
YFL033C,571,547,NA,20
YFL029C,111,104,NA,4
YFL028C,231,201,1,18
YFL027C,90,80,0,6
YFL025C,275,252,7,13
YFL024C,372,329,NA,35
YFL022C,1207,1082,12,50
YFL021C-A,20,13,7,NA
YFL020C,63,44,12,3
YFL018C,1317,1126,38,57
YFL017C,227,166,0,45
YFL016C,719,628,34,29
YFL013C,357,308,3,37
YFL010C,776,573,6,128
YFL003C,10,8,NA,2
YFL002C,359,329,0,16
YFR003C,217,161,14,26
YFR005C,283,244,0,38
YFR011C,287,220,1,44
YFR014C,280,201,2,66
YFR015C,610,529,25,38
YFR016C,398,388,NA,5
YFR017C,190,147,8,19
YFR018C,231,185,3,26
YFR024C-A,496,413,2,63
YFR025C,277,237,0,24
YFR026C,94,24,52,7
YFR028C,387,361,3,9
YFR031C,299,289,NA,4
YFR031C-A,6857,6088,41,286
YFR032C-A,2427,1319,0,601
YFR033C,913,485,162,198
YFR034C,232,213,3,NA
YFR037C,533,511,3,0
YFR039C,207,180,11,1
YFR041C,222,194,NA,16
YFR043C,79,61,1,3
YFR044C,1312,1183,0,36
YFR046C,105,95,NA,3
YFR047C,195,156,1,21
YFR050C,773,568,34,91
YFR051C,953,898,3,16
YFR053C,3908,3601,180,NA
YFR054C,5,2,NA,3
YFL055W,92,81,NA,11
YFL053W,9,7,NA,1
YFL052W,103,83,1,17
YFL049W,398,374,1,16
YFL047W,282,261,0,5
YFL046W,116,83,0,19
YFL041W-A,54,8,40,1
YFL041W,255,233,3,10
YFL037W,1043,919,14,59
YFL036W,735,705,NA,19
YFL034W,202,188,9,NA
YFL031W,2691,1624,NA,932
YFL030W,104,101,NA,1
YFL026W,78,58,19,NA
YFL023W,167,162,0,1
YFL021W,672,668,NA,0
YFL017W-A,93,47,0,17
YFL014W,4272,2400,267,1014
YFL012W-A,2,1,NA,1
YFL012W,1,1,0,0
YFL011W,38,8,30,NA
YFL010W-A,1,0,1,NA
YFL009W,495,446,25,7
YFL008W,471,461,4,NA
YFL007W,1146,1086,32,7
YFL005W,450,319,40,43
YFL004W,561,526,8,9
YFL001W,150,144,NA,2
YFR001W,218,162,7,23
YFR002W,693,656,0,17
YFR004W,494,418,10,34
YFR006W,458,434,NA,12
YFR007W,122,115,0,1
YFR008W,160,110,2,36
YFR009W,845,773,17,25
YFR010W,683,598,17,36
YFR010W-A,0,0,0,0
YFR013W,319,284,2,21
YFR019W,827,817,NA,9
YFR020W,79,60,7,5
YFR021W,118,101,9,2
YFR022W,265,217,31,10
YFR023W,3,3,NA,0
YFR027W,64,58,0,3
YFR029W,184,168,2,7
YFR030W,615,576,16,9
YFR034W-A,107,18,NA,72
YFR038W,296,281,NA,8
YFR040W,428,424,NA,NA
YFR042W,111,88,6,11
YFR045W,108,100,0,NA
YFR048W,245,226,1,5
YFR049W,188,90,54,32
YFR052W,580,527,4,7
YFR055W,452,311,1,112
YGL257C,244,205,15,12
YGL252C,489,439,0,20
YGL251C,227,212,NA,13
YGL246C,215,174,1,25
YGL242C,202,132,24,29
YGL237C,170,135,10,16
YGL236C,249,237,0,5
YGL231C,430,352,0,32
YGL230C,3,2,0,0
YGL229C,73,66,3,3
YGL226C-A,185,89,0,47
YGL224C,213,169,17,8
YGL223C,258,236,NA,11
YGL222C,593,365,34,119
YGL221C,544,471,0,48
YGL219C,420,364,11,17
YGL213C,276,239,0,19
YGL206C,2153,2080,36,NA
YGL204C,90,20,0,66
YGL203C,317,301,3,3
YGL201C,454,399,7,29
YGL200C,598,466,12,73
YGL199C,4,2,1,0
YGL194C-A,94,33,29,23
YGL194C,179,165,6,NA
YGL193C,8,0,NA,7
YGL190C,500,357,86,40
YGL189C,3868,3072,0,295
YGL187C,823,568,66,88
YGL186C,232,220,1,1
YGL185C,114,97,0,10
YGL184C,28,27,NA,1
YGL182C,2,1,0,NA
YGL179C,61,54,4,NA
YGL176C,146,131,0,7
YGL175C,48,45,2,NA
YGL173C,2291,2225,NA,33
YGL167C,1343,1109,151,51
YGL165C,9,8,NA,0
YGL164C,136,123,3,NA
YGL163C,211,191,10,3
YGL161C,294,227,13,42
YGL154C,73,68,0,2
YGL152C,2,2,NA,NA
YGL150C,681,658,11,NA
YGL147C,4944,3915,0,424
YGL146C,46,45,1,NA
YGL144C,79,74,1,3
YGL143C,177,149,1,16
YGL142C,241,217,5,15
YGL140C,874,809,NA,51
YGL136C,143,114,2,12
YGL131C,357,345,3,NA
YGL129C,334,276,17,22
YGL128C,103,85,NA,13
YGL127C,120,75,4,28
YGL124C,229,224,NA,3
YGL122C,643,583,0,38
YGL121C,209,134,0,49
YGL120C,583,564,1,0
YGL112C,364,301,7,37
YGL110C,171,161,0,7
YGL108C,102,59,2,28
YGL107C,427,397,0,16
YGL104C,173,153,NA,12
YGL095C,336,304,8,8
YGL094C,500,447,24,19
YGL091C,208,168,0,20
YGL089C,7,6,1,NA
YGL087C,279,195,7,51
YGL084C,431,381,12,16
YGL078C,565,489,4,48
YGL077C,865,761,53,14
YGL076C,6665,5398,17,751
YGL075C,72,49,4,12
YGL072C,52,18,NA,32
YGL070C,313,147,6,109
YGL065C,214,198,2,3
YGL064C,169,165,0,NA
YGL063C-A,12,0,NA,11
YGL061C,94,74,2,10
YGL057C,122,104,NA,17
YGL056C,561,490,26,21
YGL054C,678,408,35,179
YGL049C,768,668,52,34
YGL048C,804,678,4,46
YGL044C,164,103,32,23
YGL040C,510,395,18,80
YGL038C,289,254,3,22
YGL037C,1839,1309,107,277
YGL035C,333,306,13,NA
YGL032C,1,1,0,0
YGL031C,3893,2949,115,499
YGL028C,1323,984,142,147
YGL027C,435,403,0,23
YGL026C,1853,1727,0,46
YGL025C,208,188,NA,13
YGL023C,315,292,NA,15
YGL020C,254,224,10,11
YGL018C,108,86,1,9
YGL015C,7,3,1,3
YGL013C,447,440,NA,2
YGL011C,679,514,4,101
YGL009C,3648,3267,57,195
YGL008C,31910,25061,1538,4237
YGL007C-A,387,0,28,353
YGL005C,155,123,0,25
YGL004C,93,83,NA,1
YGL003C,194,161,14,9
YGL001C,506,430,18,29
YGR001C,331,284,0,15
YGR002C,290,237,0,36
YGR005C,220,178,5,23
YGR008C,564,193,80,205
YGR009C,384,360,7,6
YGR015C,102,78,NA,20
YGR018C,5,0,1,3
YGR020C,518,317,36,92
YGR024C,261,231,16,NA
YGR027C,3386,2365,72,222
YGR030C,113,76,0,15
YGR033C,326,202,21,80
YGR035C,0,0,0,0
YGR036C,197,96,14,74
YGR037C,685,275,20,269
YGR043C,54,50,NA,1
YGR044C,357,263,NA,76
YGR045C,28,19,4,NA
YGR047C,219,214,NA,4
YGR050C,24,17,NA,2
YGR053C,30,24,1,3
YGR057C,221,125,7,70
YGR061C,1822,1779,NA,13
YGR062C,113,106,NA,3
YGR063C,189,132,2,31
YGR065C,399,347,23,17
YGR067C,38,36,NA,1
YGR068C,266,205,0,54
YGR071C,222,210,3,NA
YGR073C,36,28,NA,2
YGR075C,67,59,0,NA
YGR076C,167,122,3,19
YGR077C,258,246,0,4
YGR078C,261,173,14,28
YGR081C,194,167,NA,21
YGR083C,629,613,1,NA
YGR084C,381,363,NA,12
YGR085C,4968,4049,36,334
YGR086C,2646,2220,152,39
YGR087C,291,282,0,0
YGR095C,152,130,5,1
YGR098C,382,365,NA,13
YGR102C,156,104,0,29
YGR104C,142,127,1,7
YGR106C,652,501,33,54
YGR109C,124,108,2,9
YGR117C,296,241,0,41
YGR119C,531,471,22,19
YGR120C,138,107,2,24
YGR121C,143,117,2,18
YGR122C-A,189,150,2,28
YGR123C,273,245,1,17
YGR128C,510,473,5,10
YGR130C,950,780,43,67
YGR132C,643,486,10,105
YGR138C,672,625,29,7
YGR146C,240,125,63,35
YGR146C-A,14,2,1,11
YGR147C,206,154,6,33
YGR148C,3287,2646,83,254
YGR150C,301,282,0,13
YGR154C,197,134,32,14
YGR158C,220,157,6,29
YGR159C,1466,1257,48,112
YGR161C,758,643,46,43
YGR168C,273,245,2,7
YGR169C,95,89,0,2
YGR169C-A,350,99,40,183
YGR171C,151,135,0,11
YGR172C,362,278,7,40
YGR174C,147,107,NA,36
YGR175C,2007,1716,22,175
YGR177C,213,172,4,26
YGR178C,1274,1065,129,53
YGR179C,114,100,1,8
YGR180C,1259,1120,3,71
YGR182C,396,227,48,NA
YGR183C,739,253,32,267
YGR184C,1044,1027,NA,6
YGR185C,1462,1327,0,42
YGR187C,289,255,3,12
YGR188C,75,70,1,NA
YGR189C,5213,4756,65,143
YGR192C,36239,31135,434,2328
YGR193C,410,340,20,29
YGR194C,238,223,NA,13
YGR196C,158,151,3,NA
YGR197C,134,118,10,2
YGR200C,522,493,8,5
YGR201C,41,36,NA,2
YGR202C,314,275,0,21
YGR204C-A,7,4,3,NA
YGR207C,419,333,1,55
YGR209C,706,349,78,119
YGR210C,436,365,27,23
YGR213C,42,31,NA,9
YGR216C,243,225,1,7
YGR220C,343,305,0,19
YGR221C,107,100,3,1
YGR223C,183,172,NA,10
YGR229C,725,620,82,NA
YGR231C,659,504,20,95
YGR233C,381,373,NA,4
YGR235C,415,329,10,33
YGR236C,5,2,NA,3
YGR237C,228,198,2,18
YGR238C,185,170,NA,11
YGR239C,159,121,0,23
YGR240C,5487,4765,369,224
YGR241C,388,340,20,13
YGR244C,690,598,22,23
YGR245C,538,491,21,12
YGR246C,234,211,0,13
YGR250C,551,494,27,15
YGR253C,894,741,36,50
YGR255C,325,287,17,7
YGR257C,234,193,18,4
YGR258C,195,183,2,1
YGR259C,46,19,12,11
YGR261C,560,512,14,15
YGR262C,247,201,3,25
YGR263C,78,72,0,1
YGR264C,1732,1618,0,72
YGR267C,503,356,94,28
YGR268C,220,127,1,76
YGR271C-A,138,114,NA,17
YGR274C,236,225,0,5
YGR276C,158,148,0,NA
YGR277C,189,172,0,7
YGR279C,3834,2924,248,506
YGR280C,187,127,5,34
YGR282C,5769,4432,60,813
YGR283C,128,109,0,12
YGR284C,650,506,5,112
YGR285C,1673,1511,0,33
YGR286C,79,63,2,13
YGR287C,90,76,3,6
YGR289C,212,161,27,14
YGL263W,0,0,0,0
YGL258W,23,2,18,3
YGL256W,521,341,118,33
YGL255W,632,548,14,39
YGL254W,203,105,0,89
YGL253W,2792,2378,36,252
YGL250W,84,65,NA,18
YGL248W,443,410,5,16
YGL247W,77,68,NA,6
YGL245W,2998,2803,0,61
YGL244W,352,323,10,NA
YGL243W,199,184,NA,12
YGL241W,412,401,0,7
YGL240W,51,36,NA,5
YGL238W,1223,1180,NA,22
YGL234W,1033,947,0,43
YGL233W,388,361,2,7
YGL232W,204,187,0,11
YGL228W,562,485,12,33
YGL227W,284,268,0,6
YGL226W,62,49,NA,7
YGL225W,1110,960,19,61
YGL220W,205,119,NA,79
YGL218W,1,0,NA,1
YGL216W,266,219,35,3
YGL215W,1078,675,209,156
YGL212W,102,94,1,3
YGL211W,304,257,2,25
YGL210W,141,111,0,16
YGL209W,166,153,0,7
YGL208W,126,110,0,11
YGL207W,1257,1199,40,NA
YGL205W,20,19,NA,1
YGL202W,1314,1123,94,35
YGL198W,374,336,0,11
YGL197W,874,808,NA,56
YGL196W,152,128,2,14
YGL195W,3842,3784,NA,41
YGL192W,0,0,0,0
YGL191W,1458,903,61,244
YGL181W,327,283,7,18
YGL180W,196,146,22,24
YGL178W,610,496,NA,98
YGL174W,88,73,0,13
YGL172W,352,319,1,17
YGL171W,292,255,4,19
YGL169W,190,161,7,8
YGL166W,88,66,0,11
YGL162W,82,60,6,7
YGL160W,276,244,16,9
YGL159W,115,100,0,7
YGL158W,8,5,3,0
YGL157W,610,492,16,41
YGL156W,362,337,NA,16
YGL155W,219,193,12,2
YGL153W,77,74,0,0
YGL151W,673,648,7,5
YGL148W,998,889,10,51
YGL145W,297,278,2,13
YGL141W,297,270,4,12
YGL139W,463,361,50,43
YGL137W,1240,1152,3,49
YGL135W,7002,5537,288,557
YGL134W,106,91,8,2
YGL133W,329,314,13,NA
YGL130W,246,207,5,16
YGL125W,1731,1545,122,NA
YGL123W,6959,5406,660,460
YGL119W,143,130,3,2
YGL117W,234,172,16,27
YGL116W,281,246,21,3
YGL115W,503,416,29,21
YGL114W,369,325,23,3
YGL113W,112,98,1,9
YGL111W,381,329,6,28
YGL109W,0,0,0,0
YGL106W,490,294,2,125
YGL105W,2041,1755,9,104
YGL103W,5976,4147,0,884
YGL101W,181,99,1,59
YGL100W,381,316,8,31
YGL099W,247,233,0,5
YGL098W,197,85,2,102
YGL097W,549,489,4,28
YGL096W,87,77,NA,8
YGL093W,192,189,NA,2
YGL092W,787,777,NA,1
YGL090W,166,96,1,61
YGL088W,117,110,NA,5
YGL086W,251,243,NA,5
YGL085W,122,88,1,23
YGL083W,173,161,4,5
YGL082W,267,214,16,21
YGL081W,97,79,1,17
YGL080W,251,153,8,72
YGL079W,137,113,2,8
YGL073W,411,390,8,1
YGL071W,365,282,54,22
YGL068W,600,430,39,85
YGL067W,228,198,9,1
YGL066W,319,268,18,32
YGL063W,177,115,11,43
YGL062W,1623,1541,6,36
YGL060W,194,170,11,7
YGL059W,162,151,0,3
YGL058W,425,266,19,94
YGL055W,2989,2482,94,207
YGL050W,111,86,0,21
YGL047W,102,89,5,0
YGL045W,187,160,NA,23
YGL043W,477,383,0,62
YGL041W-A,148,108,0,33
YGL039W,154,131,10,9
YGL036W,614,591,12,NA
YGL033W,5,4,NA,1
YGL030W,3796,2134,342,693
YGL029W,93,36,6,35
YGL022W,1338,1228,34,26
YGL021W,772,751,NA,19
YGL019W,310,229,14,37
YGL017W,114,99,0,7
YGL016W,327,299,8,11
YGL014W,599,568,NA,20
YGL012W,979,893,17,35
YGL010W,123,78,5,31
YGL007W,6,2,NA,4
YGL006W-A,56,7,NA,48
YGL006W,744,712,NA,29
YGL002W,138,91,0,28
YGR003W,244,208,1,29
YGR004W,125,92,1,26
YGR006W,81,75,NA,NA
YGR007W,299,234,3,39
YGR012W,160,141,3,5
YGR013W,209,177,0,28
YGR014W,2009,1941,NA,49
YGR016W,86,56,NA,18
YGR017W,223,149,22,33
YGR019W,518,460,6,34
YGR021W,166,151,3,6
YGR023W,304,253,18,20
YGR026W,332,265,NA,54
YGR028W,268,219,4,32
YGR029W,227,176,NA,33
YGR031W,318,172,5,130
YGR032W,2988,2925,NA,30
YGR034W,3118,2099,48,478
YGR038W,323,237,40,25
YGR039W,24,14,NA,5
YGR040W,260,160,0,88
YGR041W,210,158,27,18
YGR042W,161,126,0,14
YGR046W,344,240,18,72
YGR048W,196,181,2,7
YGR049W,255,176,10,40
YGR052W,90,81,NA,7
YGR054W,1154,971,85,61
YGR055W,2089,1879,4,116
YGR056W,402,388,2,6
YGR058W,137,95,0,34
YGR059W,2,1,NA,1
YGR060W,1581,1388,50,3
YGR064W,16,6,6,0
YGR070W,828,822,NA,NA
YGR072W,140,134,5,NA
YGR074W,221,104,0,102
YGR079W,255,240,NA,13
YGR080W,353,301,0,22
YGR082W,506,335,31,71
YGR088W,501,464,1,15
YGR089W,340,327,NA,7
YGR090W,1065,946,89,15
YGR091W,76,66,1,6
YGR092W,600,525,6,53
YGR093W,187,173,2,6
YGR094W,3932,3862,NA,42
YGR096W,49,41,0,5
YGR097W,827,781,NA,34
YGR099W,210,194,NA,7
YGR100W,402,372,9,14
YGR101W,164,137,1,11
YGR103W,914,825,3,49
YGR105W,154,76,11,42
YGR107W,10,5,NA,5
YGR108W,772,554,105,66
YGR110W,75,65,2,4
YGR111W,390,342,4,26
YGR112W,164,138,1,20
YGR113W,259,189,15,41
YGR116W,1191,1172,10,NA
YGR118W,4148,2867,28,789
YGR121W-A,6,6,NA,0
YGR122W,94,67,0,21
YGR124W,2691,2496,10,96
YGR125W,496,466,3,18
YGR127W,146,113,3,25
YGR129W,76,58,3,6
YGR131W,37,30,NA,4
YGR133W,87,57,NA,27
YGR134W,208,180,18,7
YGR135W,787,665,47,34
YGR137W,401,256,NA,76
YGR139W,51,4,47,NA
YGR140W,200,196,NA,2
YGR141W,138,121,0,13
YGR142W,277,220,14,27
YGR143W,480,424,NA,48
YGR145W,392,366,6,10
YGR149W,522,424,21,46
YGR153W,62,54,NA,3
YGR155W,3170,2767,34,220
YGR156W,198,174,14,5
YGR157W,2800,2517,166,49
YGR160W,42,42,NA,NA
YGR161W-C,205,77,9,87
YGR162W,1707,1480,NA,193
YGR163W,247,222,9,3
YGR165W,442,346,14,55
YGR166W,280,249,9,13
YGR167W,601,437,21,92
YGR170W,401,362,5,29
YGR173W,422,370,11,2
YGR174W-A,75,4,62,6
YGR181W,245,138,13,66
YGR186W,542,521,0,8
YGR191W,750,604,62,67
YGR195W,337,247,38,14
YGR198W,352,332,2,6
YGR199W,324,321,1,NA
YGR203W,113,68,1,25
YGR204W,1743,1630,18,36
YGR205W,135,110,11,12
YGR206W,57,39,0,16
YGR208W,221,207,0,8
YGR211W,763,655,9,78
YGR212W,129,58,NA,68
YGR214W,4207,3681,0,155
YGR215W,267,178,14,51
YGR217W,460,456,2,NA
YGR218W,1740,1445,174,89
YGR222W,227,192,NA,25
YGR224W,6,5,0,0
YGR225W,23,20,1,0
YGR227W,224,201,6,9
YGR230W,103,64,4,23
YGR232W,253,205,4,18
YGR234W,10695,8333,0,1645
YGR243W,211,151,22,7
YGR247W,150,113,16,4
YGR248W,148,126,0,15
YGR249W,21,16,3,2
YGR251W,68,59,2,NA
YGR252W,210,163,1,37
YGR254W,18060,16210,180,630
YGR256W,69,59,NA,7
YGR260W,332,305,NA,17
YGR266W,256,217,10,18
YGR270W,1011,982,NA,13
YGR271W,478,465,NA,12
YGR278W,204,193,0,8
YGR281W,618,577,17,20
YGR288W,171,111,3,49
YGR292W,118,108,0,6
YHL047C,269,242,0,19
YHL046C,64,53,9,2
YHL040C,388,321,12,41
YHL038C,206,178,1,20
YHL037C,10,4,5,0
YHL035C,948,913,NA,25
YHL034C,968,680,93,130
YHL033C,4710,3588,0,852
YHL032C,397,360,3,12
YHL031C,230,181,1,11
YHL029C,257,247,0,2
YHL026C,119,96,10,10
YHL023C,391,376,3,1
YHL022C,22,22,NA,0
YHL021C,611,539,8,20
YHL020C,395,352,17,12
YHL019C,192,178,1,8
YHL016C,285,270,NA,12
YHL014C,113,109,0,0
YHL013C,140,115,0,15
YHL011C,900,684,73,85
YHL010C,118,106,2,9
YHL009C,118,90,5,16
YHL008C,108,85,0,14
YHL007C,569,489,33,23
YHL006C,84,40,NA,41
YHL003C,586,457,40,51
YHL002C-A,17,0,16,NA
YHR003C,317,276,0,23
YHR004C,105,95,8,NA
YHR005C,379,335,2,26
YHR005C-A,642,327,25,206
YHR007C,3607,2949,114,406
YHR007C-A,17,3,NA,11
YHR008C,864,711,16,57
YHR009C,636,507,84,21
YHR013C,265,201,4,19
YHR016C,211,182,4,16
YHR018C,1815,1470,34,198
YHR019C,2337,2064,44,119
YHR021C,2594,1596,0,390
YHR022C,133,81,3,38
YHR022C-A,8,0,NA,8
YHR024C,394,337,0,37
YHR027C,1683,1572,13,49
YHR028C,835,795,0,21
YHR029C,120,81,0,37
YHR030C,1259,1114,45,78
YHR031C,200,189,2,7
YHR032C-A,1,0,1,NA
YHR034C,85,75,0,2
YHR039C,1040,925,28,26
YHR039C-A,856,489,32,139
YHR041C,110,81,0,9
YHR043C,240,193,15,14
YHR044C,104,95,2,3
YHR046C,165,124,0,20
YHR047C,307,280,1,20
YHR049C-A,82,2,NA,78
YHR056C,446,437,1,NA
YHR057C,129,115,0,11
YHR058C,111,95,1,1
YHR061C,139,93,9,27
YHR062C,193,168,2,8
YHR063C,455,394,5,23
YHR064C,2162,1959,26,71
YHR065C,524,453,9,35
YHR069C,314,241,0,47
YHR071C-A,11,10,0,0
YHR073C-B,0,0,0,0
YHR075C,86,81,0,4
YHR077C,672,637,8,14
YHR079C,271,223,22,14
YHR080C,406,390,13,NA
YHR082C,874,790,NA,65
YHR089C,491,367,8,88
YHR090C,207,140,15,38
YHR091C,244,229,1,7
YHR092C,1799,1671,48,18
YHR094C,923,866,18,12
YHR096C,110,106,NA,2
YHR097C,197,174,10,NA
YHR098C,1059,971,11,36
YHR100C,73,53,8,2
YHR101C,104,82,NA,15
YHR107C,468,389,12,36
YHR112C,281,244,2,22
YHR115C,438,374,51,NA
YHR118C,136,120,1,7
YHR129C,142,123,4,4
YHR130C,26,21,NA,2
YHR131C,236,233,0,NA
YHR132C,606,541,19,19
YHR133C,372,283,0,67
YHR135C,793,678,39,43
YHR136C,1,0,NA,1
YHR138C,145,92,5,38
YHR139C,24,9,NA,14
YHR141C,3486,2495,51,282
YHR144C,115,99,1,6
YHR145C,757,466,35,NA
YHR147C,335,242,12,52
YHR149C,267,243,6,12
YHR151C,137,110,15,8
YHR153C,35,32,NA,1
YHR156C,41,36,2,0
YHR158C,508,480,NA,19
YHR161C,486,437,16,15
YHR164C,249,243,NA,5
YHR165C,878,851,11,7
YHR166C,119,113,1,4
YHR173C,4,1,NA,3
YHR180C-B,10,0,0,8
YHR182C-A,1,1,0,0
YHR185C,1,1,NA,0
YHR186C,535,527,0,NA
YHR188C,426,393,0,9
YHR191C,50,29,0,9
YHR193C,1508,1217,36,83
YHR193C-A,0,0,0,0
YHR198C,236,216,NA,9
YHR199C,278,232,0,21
YHR201C,220,192,2,9
YHR203C,8995,8002,129,492
YHR210C,56,49,5,2
YHL048W,611,576,0,9
YHL045W,4,2,2,0
YHL044W,45,33,0,9
YHL043W,0,0,0,0
YHL042W,38,15,NA,23
YHL041W,11,0,11,NA
YHL039W,261,228,6,10
YHL036W,89,83,0,4
YHL030W,644,626,NA,11
YHL028W,118,114,1,2
YHL027W,521,461,15,25
YHL025W,262,225,4,13
YHL024W,787,760,NA,4
YHL017W,290,269,0,8
YHL015W,3669,2764,84,347
YHL012W,9,9,NA,NA
YHL006W-A,2,1,0,0
YHL004W,396,322,17,28
YHL002W,312,286,2,6
YHL001W,3139,2585,0,232
YHR001W,340,291,2,23
YHR001W-A,873,301,69,301
YHR002W,115,90,13,4
YHR006W,530,467,5,37
YHR010W,3849,3070,0,383
YHR011W,96,85,0,6
YHR012W,215,172,0,27
YHR015W,33,28,NA,5
YHR017W,150,141,0,6
YHR020W,1892,1758,22,53
YHR021W-A,0,0,0,0
YHR023W,647,638,NA,3
YHR025W,980,874,4,60
YHR026W,1046,624,143,198
YHR028W-A,27,21,NA,5
YHR032W,410,384,12,NA
YHR032W-A,73,33,5,17
YHR033W,770,646,0,70
YHR035W,46,42,2,NA
YHR036W,126,80,11,32
YHR037W,1035,901,20,62
YHR038W,124,103,0,9
YHR040W,94,83,0,5
YHR042W,794,723,11,23
YHR045W,214,181,12,4
YHR048W,59,47,5,5
YHR049W,1073,833,30,130
YHR050W,373,319,26,13
YHR051W,722,468,NA,216
YHR052W,571,487,15,36
YHR056W-A,11,3,NA,8
YHR059W,192,110,12,38
YHR060W,106,90,NA,2
YHR066W,366,329,1,23
YHR067W,175,130,4,29
YHR068W,805,706,22,38
YHR070W,351,266,0,73
YHR071W,524,352,152,NA
YHR072W,929,859,19,17
YHR072W-A,496,196,31,155
YHR073W,604,566,NA,31
YHR074W,784,708,9,42
YHR076W,273,206,7,35
YHR078W,328,302,0,8
YHR081W,134,94,0,29
YHR083W,205,174,0,17
YHR084W,326,256,46,17
YHR085W,95,84,0,2
YHR086W,427,317,39,58
YHR087W,1509,667,80,562
YHR088W,168,139,3,16
YHR099W,2059,2024,14,NA
YHR102W,376,364,NA,8
YHR103W,553,503,28,13
YHR104W,1516,1184,50,185
YHR105W,57,49,5,0
YHR106W,153,129,NA,14
YHR108W,883,772,15,65
YHR109W,134,120,0,9
YHR110W,227,178,10,27
YHR111W,162,149,NA,9
YHR113W,355,320,0,22
YHR114W,271,249,13,NA
YHR116W,107,79,NA,27
YHR117W,424,389,12,8
YHR119W,467,440,NA,15
YHR120W,204,199,NA,3
YHR121W,313,220,23,39
YHR122W,205,157,0,38
YHR123W,341,297,0,28
YHR124W,12,11,NA,0
YHR127W,154,102,4,35
YHR128W,521,352,20,107
YHR132W-A,203,116,11,47
YHR134W,128,104,NA,13
YHR137W,784,716,10,21
YHR140W,9,9,0,0
YHR142W,591,491,33,26
YHR143W,1368,934,241,131
YHR143W-A,537,226,19,201
YHR146W,595,568,2,NA
YHR148W,227,140,0,79
YHR150W,184,160,1,15
YHR152W,182,126,4,30
YHR154W,324,316,0,NA
YHR155W,415,375,15,17
YHR157W,11,10,0,0
YHR159W,150,125,3,16
YHR162W,1979,998,547,199
YHR163W,525,407,1,83
YHR167W,70,49,5,9
YHR168W,112,92,3,10
YHR169W,163,143,4,6
YHR170W,612,532,12,41
YHR171W,97,87,0,6
YHR172W,151,129,2,17
YHR174W,25592,22629,158,1364
YHR176W,82,77,NA,3
YHR177W,68,47,NA,20
YHR178W,157,136,2,14
YHR179W,877,754,11,54
YHR180W,43,30,9,NA
YHR181W,234,168,1,25
YHR182W,118,114,0,2
YHR183W,5883,5140,216,266
YHR184W,12,8,NA,4
YHR187W,185,155,5,14
YHR190W,1549,1351,26,57
YHR192W,180,153,0,20
YHR194W,245,217,3,14
YHR195W,253,182,15,37
YHR196W,439,382,19,15
YHR197W,389,363,0,8
YHR200W,445,385,0,24
YHR202W,80,73,0,4
YHR204W,419,391,5,10
YHR205W,1255,1036,138,56
YHR206W,478,400,59,6
YHR208W,3229,2854,0,257
YHR209W,584,503,10,28
YHR211W,1164,1142,NA,19
YHR215W,201,194,NA,2
YHR216W,441,402,7,15
YIL169C,418,415,0,NA
YIL166C,51,24,NA,27
YIL165C,79,57,NA,18
YIL163C,82,6,NA,75
YIL160C,16,14,NA,2
YIL157C,288,209,NA,54
YIL155C,598,522,10,52
YIL154C,181,155,2,14
YIL151C,369,365,NA,2
YIL150C,71,69,0,0
YIL149C,414,403,NA,10
YIL147C,402,379,NA,18
YIL146C,145,99,32,9
YIL145C,276,210,0,51
YIL143C,316,310,1,NA
YIL139C,63,58,0,4
YIL138C,437,184,0,220
YIL137C,566,529,4,16
YIL135C,344,300,9,20
YIL134C-A,15,6,6,NA
YIL133C,2475,2117,0,108
YIL132C,93,47,NA,42
YIL131C,281,246,6,15
YIL129C,902,888,NA,7
YIL127C,138,112,0,14
YIL119C,208,169,24,NA
YIL117C,447,380,6,25
YIL115C,997,968,NA,13
YIL114C,45,38,0,4
YIL109C,2105,1940,47,62
YIL107C,345,329,12,0
YIL105C,481,450,16,3
YIL104C,164,147,1,14
YIL102C-A,152,63,0,69
YIL101C,236,222,NA,6
YIL098C,139,98,0,20
YIL096C,92,80,NA,9
YIL094C,971,891,2,19
YIL093C,219,151,16,33
YIL091C,342,330,1,7
YIL088C,339,304,2,13
YIL087C,115,74,0,25
YIL085C,402,379,6,NA
YIL084C,129,120,3,NA
YIL083C,196,157,10,11
YIL079C,133,112,1,10
YIL077C,165,133,0,25
YIL075C,1997,1937,10,NA
YIL074C,306,276,5,5
YIL073C,92,87,NA,5
YIL071C,139,119,NA,17
YIL070C,475,373,7,53
YIL069C,3133,2401,42,398
YIL068C,321,293,5,15
YIL067C,145,130,4,4
YIL066C,145,134,NA,10
YIL065C,199,143,10,24
YIL063C,323,291,4,8
YIL062C,676,518,18,40
YIL061C,103,90,0,4
YIL059C,456,26,51,368
YIL057C,1,1,0,0
YIL055C,95,92,NA,0
YIL052C,2800,2064,50,149
YIL051C,1065,720,11,202
YIL047C,638,621,0,NA
YIL044C,226,193,4,12
YIL043C,676,592,0,37
YIL042C,148,138,0,5
YIL038C,594,507,58,17
YIL037C,2,2,NA,0
YIL035C,380,309,10,53
YIL034C,555,499,0,21
YIL033C,561,464,27,44
YIL030C,825,810,NA,3
YIL029C,94,56,12,17
YIL027C,216,155,7,26
YIL026C,424,399,3,18
YIL023C,668,597,0,38
YIL020C,96,92,0,NA
YIL017C,271,258,3,NA
YIL014C-A,14,6,4,3
YIL013C,182,168,NA,12
YIL009C-A,132,110,0,4
YIL007C,105,79,2,15
YIL004C,109,87,0,19
YIL002C,279,249,17,1
YIR001C,213,137,12,52
YIR002C,269,248,11,5
YIR006C,1650,1607,NA,19
YIR008C,191,160,0,8
YIR011C,220,189,0,21
YIR013C,2,1,NA,1
YIR017C,57,35,NA,20
YIR018C-A,124,42,81,NA
YIR019C,852,842,NA,7
YIR020C,17,0,0,17
YIR024C,60,45,0,4
YIR026C,228,203,1,15
YIR027C,14,13,NA,0
YIR030C,5,5,0,0
YIR031C,441,390,22,12
YIR032C,144,120,6,11
YIR034C,567,502,8,17
YIR035C,296,251,0,25
YIR036C,202,179,2,12
YIR038C,337,265,1,33
YIR039C,281,257,NA,13
YIR042C,132,100,7,22
YIL162W,398,361,NA,34
YIL161W,109,102,0,0
YIL159W,175,175,NA,0
YIL158W,137,110,0,19
YIL156W-B,137,88,NA,25
YIL156W,274,263,NA,10
YIL153W,208,192,0,7
YIL152W,69,62,0,2
YIL148W,5034,3947,0,417
YIL144W,221,199,9,5
YIL142W,881,834,3,13
YIL140W,710,661,NA,30
YIL136W,321,273,7,18
YIL134W,79,73,0,2
YIL130W,626,604,13,NA
YIL128W,408,404,NA,NA
YIL126W,694,663,6,14
YIL125W,1852,1709,NA,99
YIL124W,838,706,4,63
YIL123W,2212,1717,23,386
YIL122W,103,89,NA,9
YIL121W,175,157,NA,8
YIL120W,86,77,NA,7
YIL118W,332,233,45,34
YIL116W,395,369,20,NA
YIL113W,27,20,0,4
YIL112W,278,272,1,NA
YIL111W,190,153,4,6
YIL110W,271,225,5,22
YIL108W,615,586,0,19
YIL106W,340,306,0,18
YIL103W,180,163,1,4
YIL100W,79,55,10,NA
YIL099W,39,37,NA,1
YIL097W,144,134,0,8
YIL095W,242,216,16,4
YIL092W,80,75,2,2
YIL090W,417,296,24,74
YIL089W,27,24,1,0
YIL078W,2817,2668,25,47
YIL076W,784,687,0,54
YIL066W-A,0,0,0,0
YIL064W,120,111,NA,4
YIL056W,256,242,NA,8
YIL054W,6,0,3,3
YIL053W,2644,2121,64,275
YIL050W,344,251,36,30
YIL049W,105,86,NA,9
YIL048W,466,409,37,8
YIL046W-A,3,1,1,0
YIL046W,284,270,0,7
YIL045W,105,96,2,0
YIL041W,946,803,2,46
YIL040W,146,114,0,18
YIL039W,358,333,1,10
YIL036W,507,431,30,32
YIL031W,304,281,15,NA
YIL028W,140,34,40,56
YIL022W,690,490,50,97
YIL021W,418,356,15,24
YIL019W,115,87,0,14
YIL018W,8362,7225,56,534
YIL016W,86,69,0,10
YIL015W,16,16,NA,0
YIL014W,256,219,23,4
YIL011W,26,22,0,3
YIL010W,180,133,3,33
YIL009W,483,417,0,53
YIL008W,116,80,0,29
YIL006W,109,91,NA,17
YIL005W,379,327,14,30
YIL003W,125,100,1,13
YIL002W-A,180,87,6,38
YIL001W,115,106,1,4
YIR003W,467,443,0,8
YIR004W,264,231,0,14
YIR005W,65,52,1,3
YIR007W,191,176,0,7
YIR009W,142,51,11,68
YIR010W,188,167,5,4
YIR012W,480,435,5,13
YIR014W,46,43,0,0
YIR016W,207,179,0,18
YIR018W,108,90,0,7
YIR021W,169,160,1,3
YIR022W,216,158,NA,43
YIR023W,465,451,NA,7
YIR025W,63,54,0,8
YIR028W,61,58,NA,2
YIR029W,66,66,NA,0
YIR033W,394,388,NA,1
YIR037W,461,309,42,52
YIR041W,123,33,81,4
YJL216C,80,67,NA,12
YJL215C,172,17,147,NA
YJL212C,593,543,2,23
YJL208C,251,207,18,14
YJL207C,651,647,0,NA
YJL206C,97,89,NA,5
YJL205C,42,14,0,21
YJL204C,258,242,1,9
YJL202C,0,0,0,0
YJL200C,820,760,7,27
YJL199C,49,34,NA,13
YJL196C,324,263,1,35
YJL192C,391,288,15,40
YJL190C,3470,2250,0,712
YJL187C,310,280,8,15
YJL185C,77,61,NA,11
YJL180C,232,199,0,19
YJL178C,289,228,3,40
YJL176C,439,379,10,45
YJL173C,138,92,0,19
YJL171C,1006,782,7,153
YJL170C,1,1,0,0
YJL168C,245,233,3,5
YJL165C,389,367,11,NA
YJL164C,199,164,22,8
YJL163C,66,57,3,3
YJL162C,131,118,3,2
YJL160C,6,4,2,NA
YJL158C,5647,4532,135,504
YJL157C,462,420,NA,26
YJL156C,348,283,NA,56
YJL155C,349,288,12,32
YJL154C,670,655,NA,5
YJL153C,167,146,NA,16
YJL151C,791,536,11,106
YJL147C,85,70,2,8
YJL139C,119,95,1,21
YJL138C,5201,4576,43,339
YJL137C,76,62,3,7
YJL136C,3200,2083,62,620
YJL133C-A,666,317,0,243
YJL131C,74,67,0,6
YJL130C,11005,10836,NA,106
YJL129C,362,311,45,NA
YJL128C,508,414,69,4
YJL127C-B,286,42,50,136
YJL127C,225,157,2,56
YJL125C,181,157,2,1
YJL124C,408,229,88,61
YJL123C,455,434,0,NA
YJL121C,301,240,1,19
YJL119C,30,11,5,12
YJL116C,142,116,NA,22
YJL110C,493,427,24,9
YJL109C,1733,1697,6,8
YJL108C,266,218,NA,33
YJL107C,247,211,28,NA
YJL103C,121,98,10,9
YJL101C,313,275,11,16
YJL094C,379,357,1,17
YJL093C,374,347,NA,21
YJL091C,387,340,0,29
YJL090C,214,205,NA,5
YJL087C,189,167,NA,21
YJL084C,474,432,11,19
YJL081C,384,335,0,29
YJL080C,1565,1509,NA,44
YJL079C,1033,670,139,136
YJL078C,882,780,11,60
YJL077C,9,4,NA,5
YJL074C,381,374,NA,3
YJL072C,154,96,5,43
YJL070C,199,192,NA,2
YJL069C,345,328,0,9
YJL068C,319,277,0,12
YJL066C,340,229,8,80
YJL065C,270,197,4,36
YJL063C,267,223,2,27
YJL058C,100,96,1,2
YJL057C,207,193,0,9
YJL056C,214,203,NA,8
YJL048C,465,368,15,46
YJL047C-A,23,2,0,19
YJL047C,209,197,6,2
YJL044C,401,333,6,39
YJL039C,1101,1014,17,51
YJL038C,8,5,NA,3
YJL035C,59,52,1,3
YJL031C,86,75,NA,8
YJL029C,385,362,5,9
YJL027C,2,1,0,0
YJL024C,198,131,6,36
YJL023C,97,86,NA,7
YJL020C,1193,1094,21,51
YJL015C,9,0,NA,9
YJL013C,194,177,NA,15
YJL012C,571,533,0,19
YJL011C,83,60,1,15
YJL010C,298,287,1,3
YJL008C,1007,873,12,71
YJL006C,121,108,1,5
YJL004C,223,131,0,68
YJL002C,868,775,13,45
YJR003C,209,197,0,9
YJR004C,448,403,NA,28
YJR009C,22228,20034,193,521
YJR010C-A,104,58,0,38
YJR011C,46,38,0,5
YJR012C,40,28,NA,8
YJR016C,3520,3289,0,107
YJR017C,321,182,5,89
YJR019C,109,101,0,4
YJR021C,166,142,3,11
YJR025C,108,81,1,13
YJR030C,218,211,3,NA
YJR031C,399,379,4,6
YJR033C,397,392,1,NA
YJR036C,67,60,NA,3
YJR041C,479,461,1,7
YJR043C,126,103,3,12
YJR044C,206,128,14,41
YJR045C,6514,5403,357,537
YJR047C,573,573,0,0
YJR049C,316,303,0,4
YJR056C,129,80,21,18
YJR058C,105,82,1,11
YJR062C,324,240,0,69
YJR065C,1223,1051,7,93
YJR067C,81,56,NA,11
YJR069C,275,193,4,49
YJR070C,670,562,4,47
YJR072C,375,318,8,19
YJR073C,1429,1106,14,129
YJR076C,431,346,23,26
YJR077C,1364,1154,8,138
YJR080C,403,358,0,24
YJR082C,166,87,21,37
YJR083C,129,103,0,10
YJR085C,279,175,23,44
YJR088C,279,240,8,17
YJR090C,495,442,39,6
YJR091C,663,607,0,41
YJR093C,185,152,2,21
YJR094C,23,20,NA,2
YJR098C,68,55,NA,9
YJR100C,206,185,0,15
YJR102C,89,70,0,10
YJR104C,2536,2001,127,177
YJR109C,2748,2590,29,63
YJR111C,138,117,NA,14
YJR113C,362,316,7,23
YJR118C,150,104,7,23
YJR119C,90,84,NA,3
YJR124C,167,138,2,14
YJR125C,485,420,13,20
YJR126C,286,277,NA,3
YJR127C,535,522,NA,11
YJR129C,73,62,5,0
YJR130C,411,375,0,19
YJR134C,259,247,3,3
YJR135C,66,62,0,NA
YJR136C,138,131,NA,4
YJR137C,457,441,NA,13
YJR139C,1508,1286,37,71
YJR140C,410,347,NA,59
YJR143C,1218,1067,25,84
YJR145C,9193,8389,0,305
YJR150C,2,2,0,0
YJR151C,446,358,84,NA
YJR156C,132,93,NA,28
YJR161C,1210,890,NA,274
YJL218W,16,11,0,3
YJL217W,176,134,0,19
YJL214W,77,44,NA,33
YJL213W,25,23,NA,0
YJL210W,216,177,7,13
YJL209W,179,157,6,8
YJL203W,80,62,0,8
YJL201W,297,288,0,1
YJL198W,479,445,3,22
YJL197W,385,377,1,4
YJL194W,226,202,3,10
YJL193W,100,86,NA,10
YJL191W,1911,1763,6,68
YJL189W,3432,1283,106,1171
YJL186W,788,727,5,37
YJL184W,145,92,16,12
YJL183W,445,388,13,21
YJL181W,153,145,0,1
YJL179W,203,91,14,46
YJL177W,2397,1939,0,186
YJL175W,8,0,5,3
YJL174W,671,493,83,58
YJL172W,805,741,4,23
YJL167W,2294,1976,59,143
YJL166W,845,411,72,258
YJL161W,231,160,0,50
YJL159W,25965,20453,422,3804
YJL152W,18,3,4,10
YJL150W,29,7,17,NA
YJL149W,262,245,NA,5
YJL148W,326,223,11,47
YJL146W,201,157,10,28
YJL145W,164,126,6,15
YJL144W,66,36,1,20
YJL143W,537,241,16,214
YJL140W,388,296,16,31
YJL136W-A,0,0,0,0
YJL134W,181,175,NA,0
YJL133W,180,144,4,20
YJL132W,239,222,0,9
YJL126W,122,107,0,9
YJL122W,218,158,0,26
YJL118W,75,55,NA,20
YJL117W,234,207,6,2
YJL115W,183,123,19,14
YJL112W,278,258,3,9
YJL111W,851,754,9,48
YJL106W,265,188,73,NA
YJL104W,284,156,1,91
YJL102W,181,173,1,4
YJL100W,187,170,3,5
YJL099W,226,210,10,NA
YJL098W,463,429,28,NA
YJL097W,342,287,12,12
YJL096W,285,230,13,11
YJL095W,297,292,NA,4
YJL092W,313,293,NA,13
YJL088W,918,792,1,53
YJL085W,226,200,2,13
YJL083W,138,110,1,19
YJL082W,607,515,15,62
YJL077W-B,272,2,245,21
YJL077W-A,39,5,14,17
YJL076W,996,959,NA,20
YJL073W,235,210,10,9
YJL071W,226,192,5,19
YJL062W-A,275,126,4,96
YJL062W,334,310,2,10
YJL061W,420,387,5,12
YJL060W,328,301,0,16
YJL059W,131,115,0,9
YJL055W,300,250,0,23
YJL054W,301,266,0,23
YJL053W,249,196,8,28
YJL052W,9507,8790,39,66
YJL051W,292,278,4,NA
YJL050W,840,798,6,13
YJL049W,161,144,1,3
YJL046W,189,171,1,4
YJL045W,16,9,NA,7
YJL043W,13,2,NA,11
YJL042W,614,600,7,NA
YJL041W,814,718,29,43
YJL037W,11,4,NA,4
YJL036W,250,200,20,14
YJL034W,5287,4659,67,261
YJL033W,400,391,0,NA
YJL030W,70,56,3,0
YJL028W,34,0,NA,34
YJL026W,908,745,23,83
YJL025W,155,138,2,9
YJL022W,19,1,NA,18
YJL019W,253,218,5,27
YJL016W,456,379,51,15
YJL014W,819,727,1,56
YJL005W,1160,1127,17,NA
YJL003W,123,59,6,39
YJL001W,450,326,15,76
YJR001W,690,606,20,29
YJR002W,561,452,5,83
YJR005W,498,444,2,29
YJR006W,345,320,0,13
YJR007W,1124,830,88,105
YJR008W,449,401,10,13
YJR010W,165,146,NA,12
YJR013W,189,171,0,9
YJR014W,412,310,2,62
YJR015W,538,498,0,30
YJR018W,1,0,1,NA
YJR020W,14,2,5,5
YJR032W,194,174,0,14
YJR034W,86,44,11,16
YJR035W,209,191,NA,15
YJR039W,214,214,NA,NA
YJR040W,250,230,0,3
YJR042W,543,497,0,19
YJR046W,303,296,0,0
YJR048W,1139,580,58,294
YJR050W,116,75,0,36
YJR051W,231,209,0,12
YJR052W,242,231,NA,6
YJR053W,50,46,0,NA
YJR054W,113,103,2,0
YJR055W,62,34,0,24
YJR057W,107,87,0,14
YJR059W,905,854,34,NA
YJR060W,348,220,6,107
YJR061W,232,218,NA,10
YJR063W,285,193,9,58
YJR064W,824,765,17,5
YJR066W,685,681,2,NA
YJR068W,242,214,4,11
YJR074W,242,201,NA,29
YJR075W,469,382,12,42
YJR078W,28,28,0,NA
YJR079W,11,6,NA,3
YJR084W,152,145,0,1
YJR089W,188,173,8,NA
YJR092W,827,806,NA,14
YJR094W-A,3019,1745,0,862
YJR095W,16,11,0,4
YJR096W,227,196,NA,21
YJR097W,51,32,6,4
YJR099W,110,75,8,17
YJR101W,465,354,34,55
YJR103W,340,305,4,14
YJR105W,1619,1477,13,25
YJR106W,226,225,NA,NA
YJR107W,65,59,NA,2
YJR108W,58,19,NA,37
YJR110W,188,171,4,9
YJR112W,69,58,3,0
YJR112W-A,80,39,0,22
YJR115W,394,376,NA,14
YJR116W,69,46,6,13
YJR117W,804,717,2,45
YJR120W,619,151,NA,372
YJR121W,5613,4819,0,582
YJR122W,141,122,7,2
YJR123W,8370,6584,192,805
YJR131W,248,234,1,4
YJR132W,484,452,5,17
YJR133W,273,204,11,37
YJR135W-A,276,164,0,58
YJR138W,313,302,NA,6
YJR141W,76,68,0,5
YJR142W,214,186,0,15
YJR144W,288,244,0,20
YJR147W,108,83,NA,22
YJR148W,450,403,8,15
YJR149W,67,63,NA,1
YJR152W,245,155,75,5
YJR153W,20,14,2,3
YJR154W,98,81,12,NA
YJR155W,134,118,NA,11
YKL222C,254,207,6,32
YKL220C,146,127,NA,13
YKL218C,170,131,5,23
YKL215C,459,447,2,NA
YKL214C,85,66,8,4
YKL213C,475,447,3,14
YKL211C,608,581,0,NA
YKL209C,121,119,NA,NA
YKL206C,234,210,0,8
YKL203C,709,703,NA,NA
YKL201C,427,426,NA,NA
YKL198C,231,185,18,20
YKL197C,275,252,NA,22
YKL196C,360,243,14,55
YKL194C,208,181,7,9
YKL193C,247,218,2,15
YKL192C,673,362,7,164
YKL188C,205,196,NA,8
YKL187C,148,138,NA,9
YKL186C,359,295,13,28
YKL179C,309,267,0,31
YKL178C,295,227,2,40
YKL176C,669,574,52,30
YKL174C,262,231,9,12
YKL169C,15,1,10,4
YKL168C,221,214,NA,3
YKL167C,231,154,0,38
YKL166C,172,152,NA,15
YKL165C-A,95,7,87,NA
YKL165C,451,425,2,8
YKL164C,11072,9381,249,1053
YKL162C,81,68,3,8
YKL161C,1169,880,33,184
YKL159C,106,88,NA,10
YKL155C,246,235,2,2
YKL152C,10851,8468,76,1232
YKL151C,250,223,12,NA
YKL149C,134,106,0,20
YKL148C,1480,1205,48,179
YKL144C,80,62,0,10
YKL138C-A,103,33,0,57
YKL138C,235,133,32,31
YKL135C,441,389,10,10
YKL134C,201,178,3,12
YKL133C,70,65,0,0
YKL132C,38,30,4,1
YKL130C,249,203,2,31
YKL129C,456,440,NA,11
YKL128C,158,132,0,15
YKL122C,310,240,6,24
YKL119C,182,145,5,20
YKL116C,267,252,NA,8
YKL113C,187,166,1,13
YKL110C,295,255,1,17
YKL106C-A,15,0,NA,15
YKL105C,269,252,10,NA
YKL104C,2670,2249,125,227
YKL103C,287,262,3,15
YKL102C,12,1,NA,10
YKL100C,576,497,2,57
YKL099C,239,175,15,23
YKL092C,227,220,4,NA
YKL091C,181,161,NA,10
YKL087C,363,246,31,47
YKL082C,224,204,5,NA
YKL075C,168,144,12,NA
YKL074C,184,171,0,8
YKL065C,941,732,12,94
YKL063C,247,149,32,47
YKL060C,17762,16144,102,368
YKL059C,148,128,7,6
YKL057C,672,634,13,6
YKL056C,3619,2611,89,541
YKL055C,40,18,1,17
YKL054C,2017,1786,75,98
YKL053C-A,305,145,46,69
YKL052C,163,152,0,5
YKL050C,159,151,NA,5
YKL049C,116,90,2,12
YKL048C,165,155,NA,6
YKL046C,703,510,74,81
YKL040C,333,196,4,104
YKL036C,25,0,NA,25
YKL032C,632,585,NA,32
YKL029C,816,745,7,35
YKL026C,125,87,NA,26
YKL025C,332,313,4,7
YKL024C,378,314,NA,35
YKL022C,288,285,NA,3
YKL021C,289,269,NA,17
YKL020C,493,475,NA,9
YKL018C-A,57,32,1,19
YKL017C,215,208,0,3
YKL016C,1245,826,86,136
YKL014C,807,792,NA,9
YKL013C,499,286,20,137
YKL011C,84,69,NA,8
YKL010C,710,697,NA,7
YKL008C,373,333,8,13
YKL006C-A,109,69,1,12
YKL005C,269,233,7,21
YKL003C,216,136,14,42
YKL001C,98,77,6,5
YKR001C,1173,1042,15,61
YKR004C,120,114,2,NA
YKR005C,46,35,NA,9
YKR006C,342,264,0,34
YKR009C,106,89,NA,15
YKR010C,194,183,4,NA
YKR011C,150,128,NA,17
YKR012C,27,7,18,NA
YKR014C,388,261,54,41
YKR015C,16,9,2,4
YKR017C,71,66,2,2
YKR018C,461,414,1,37
YKR019C,84,73,4,3
YKR022C,140,113,2,16
YKR024C,266,241,1,8
YKR026C,325,226,24,56
YKR029C,214,205,NA,4
YKR031C,502,478,NA,18
YKR036C,196,184,2,5
YKR037C,128,111,0,12
YKR038C,446,377,0,42
YKR040C,35,25,NA,NA
YKR043C,612,479,0,82
YKR045C,244,88,3,135
YKR046C,2000,1576,0,300
YKR048C,999,858,0,67
YKR049C,105,75,0,15
YKR052C,193,143,2,35
YKR053C,31,27,NA,4
YKR054C,857,830,5,22
YKR063C,133,118,NA,10
YKR065C,490,371,13,49
YKR066C,557,477,0,31
YKR068C,188,141,1,20
YKR071C,555,436,5,73
YKR072C,463,432,NA,19
YKR075C,174,143,2,13
YKR079C,434,378,28,17
YKR081C,285,250,0,17
YKR083C,61,42,1,11
YKR084C,289,262,5,10
YKR085C,273,203,0,27
YKR087C,151,142,0,4
YKR088C,234,212,0,10
YKR089C,295,270,4,9
YKR092C,734,615,6,68
YKR094C,4904,3591,18,690
YKR098C,167,151,9,1
YKR100C,424,284,90,30
YKL221W,10,10,NA,0
YKL219W,213,193,NA,14
YKL217W,132,119,NA,9
YKL216W,1481,1109,39,222
YKL212W,1075,978,61,NA
YKL210W,1652,1568,13,26
YKL208W,79,62,0,10
YKL207W,500,398,9,39
YKL205W,586,568,4,NA
YKL204W,481,430,0,36
YKL195W,735,660,9,30
YKL191W,329,294,1,12
YKL190W,311,201,7,81
YKL189W,187,149,16,14
YKL185W,1143,900,134,66
YKL184W,902,690,58,106
YKL183W,191,142,21,18
YKL182W,17085,16755,NA,168
YKL181W,1158,918,149,32
YKL180W,3804,2972,0,367
YKL175W,462,419,8,21
YKL173W,318,303,0,13
YKL172W,530,472,0,39
YKL171W,190,175,5,3
YKL170W,239,125,28,61
YKL163W,3870,3249,534,NA
YKL160W,185,130,0,29
YKL157W,1336,1223,0,81
YKL156W,2176,1050,NA,856
YKL154W,182,144,6,6
YKL153W,4,0,4,NA
YKL150W,1693,1412,34,96
YKL146W,453,424,0,22
YKL145W,949,862,NA,28
YKL143W,256,223,5,14
YKL142W,785,606,28,80
YKL141W,631,490,17,69
YKL140W,284,237,26,13
YKL139W,233,209,15,3
YKL137W,216,121,22,41
YKL127W,308,268,2,25
YKL126W,828,710,76,22
YKL125W,272,238,12,8
YKL124W,229,202,14,NA
YKL121W,256,244,NA,6
YKL120W,836,609,70,113
YKL118W,1,1,NA,0
YKL117W,764,497,4,166
YKL112W,383,330,26,15
YKL109W,1128,929,108,46
YKL108W,108,101,2,3
YKL107W,12,8,NA,3
YKL106W,252,210,11,18
YKL101W,1146,1119,NA,2
YKL098W,199,175,1,15
YKL096W-A,9246,4441,565,2362
YKL096W,5061,3957,149,553
YKL094W,488,394,2,35
YKL093W,58,46,NA,9
YKL090W,154,134,NA,16
YKL089W,77,75,0,1
YKL088W,225,191,2,24
YKL086W,22,19,0,0
YKL085W,1300,1144,43,13
YKL084W,272,34,230,NA
YKL081W,4602,3863,17,462
YKL080W,704,652,25,7
YKL079W,350,324,6,15
YKL078W,145,136,4,1
YKL077W,693,562,17,81
YKL073W,457,433,1,10
YKL072W,115,104,3,3
YKL071W,12,11,NA,1
YKL070W,1,1,NA,0
YKL069W,260,227,0,3
YKL068W-A,212,54,13,98
YKL068W,650,595,15,23
YKL065W-A,11,3,4,2
YKL064W,619,593,15,NA
YKL062W,729,620,NA,91
YKL061W,108,60,0,38
YKL058W,170,78,4,76
YKL053W,68,7,NA,58
YKL051W,369,305,NA,47
YKL047W,265,242,0,7
YKL045W,272,251,5,8
YKL044W,13,11,1,NA
YKL043W,133,114,NA,12
YKL042W,165,113,12,28
YKL041W,128,95,10,11
YKL039W,1231,997,64,118
YKL038W,472,413,26,20
YKL035W,2075,1712,82,183
YKL034W,231,208,8,6
YKL033W-A,474,363,25,33
YKL033W,391,360,NA,24
YKL031W,7,4,3,NA
YKL028W,408,329,9,60
YKL027W,270,222,7,23
YKL023W,142,100,0,29
YKL019W,295,263,0,12
YKL018W,197,164,2,17
YKL015W,333,294,25,9
YKL012W,260,244,8,NA
YKL009W,505,399,11,38
YKL007W,492,372,12,74
YKL006W,4129,3058,0,435
YKL004W,566,408,106,40
YKL002W,211,163,13,11
YKR002W,259,211,31,7
YKR003W,275,237,15,11
YKR007W,144,111,2,22
YKR008W,329,287,0,31
YKR013W,1189,979,20,117
YKR016W,731,620,6,70
YKR020W,90,43,0,38
YKR021W,565,504,16,30
YKR023W,107,94,1,7
YKR025W,126,100,1,15
YKR027W,239,222,3,7
YKR028W,610,567,NA,32
YKR030W,195,150,10,16
YKR035W-A,233,175,0,36
YKR039W,3631,3303,59,161
YKR041W,186,36,NA,146
YKR042W,3832,2557,514,560
YKR044W,125,103,11,5
YKR047W,102,16,83,NA
YKR050W,368,270,81,8
YKR051W,86,72,6,4
YKR055W,117,75,5,36
YKR056W,300,279,NA,17
YKR057W,2168,1193,31,661
YKR058W,236,207,16,5
YKR059W,4710,4404,9,104
YKR060W,128,108,2,12
YKR061W,314,290,6,5
YKR062W,202,172,13,6
YKR064W,220,212,NA,6
YKR067W,418,375,22,11
YKR069W,202,177,15,2
YKR070W,216,188,NA,22
YKR074W,246,184,NA,38
YKR075W-A,6,2,NA,4
YKR076W,113,103,2,7
YKR077W,400,340,3,24
YKR078W,153,147,0,1
YKR080W,272,235,14,11
YKR082W,689,663,NA,7
YKR086W,249,243,0,3
YKR090W,184,163,7,10
YKR091W,524,418,6,55
YKR093W,2485,2081,75,191
YKR095W,756,730,NA,23
YKR095W-A,121,77,0,30
YKR096W,410,384,6,7
YKR097W,78,73,NA,0
YKR099W,213,189,16,2
YKR101W,95,83,0,8
YKR102W,175,175,NA,NA
YKR103W,338,189,142,NA
YKR104W,52,40,NA,11
YLL063C,118,111,NA,7
YLL062C,45,40,0,2
YLL060C,140,86,28,13
YLL059C,67,33,NA,34
YLL057C,24,18,NA,6
YLL056C,55,44,NA,7
YLL054C,118,107,0,10
YLL053C,26,20,NA,3
YLL051C,452,418,0,22
YLL050C,1476,1060,32,238
YLL048C,2093,2069,NA,NA
YLL045C,5819,5079,13,267
YLL042C,18,13,NA,5
YLL041C,1140,734,29,329
YLL040C,1683,1662,NA,11
YLL039C,4948,4270,230,182
YLL038C,337,74,NA,253
YLL036C,209,182,0,9
YLL034C,346,322,1,15
YLL032C,223,194,NA,24
YLL031C,433,406,2,9
YLL024C,17860,16887,51,400
YLL023C,569,476,24,36
YLL022C,117,105,NA,5
YLL019C,1002,811,162,NA
YLL018C-A,296,66,19,190
YLL018C,1939,1739,0,118
YLL013C,853,721,46,64
YLL010C,330,231,39,42
YLL009C,409,139,57,112
YLL007C,150,135,8,4
YLR001C,203,198,1,1
YLR002C,361,323,4,13
YLR003C,234,203,0,17
YLR004C,25,24,0,0
YLR006C,352,330,16,NA
YLR008C,368,197,42,85
YLR010C,89,72,0,6
YLR014C,192,191,NA,NA
YLR016C,182,148,4,12
YLR018C,187,153,4,20
YLR020C,229,201,6,11
YLR022C,176,157,NA,5
YLR023C,662,491,49,96
YLR024C,242,235,6,NA
YLR026C,186,148,13,11
YLR027C,1597,1420,13,64
YLR028C,1053,911,70,28
YLR029C,5266,4208,82,599
YLR034C,441,360,46,23
YLR035C,141,126,0,10
YLR036C,127,82,3,29
YLR037C,200,65,110,16
YLR038C,1006,414,48,343
YLR039C,342,334,NA,6
YLR040C,488,367,23,58
YLR042C,40,31,3,2
YLR043C,468,280,1,95
YLR044C,44414,41471,265,1022
YLR045C,321,316,3,NA
YLR046C,96,90,NA,4
YLR047C,340,256,30,42
YLR049C,399,350,18,7
YLR050C,120,87,0,9
YLR051C,180,153,0,19
YLR053C,5,3,NA,2
YLR054C,22,14,NA,6
YLR055C,135,130,NA,0
YLR058C,1153,993,5,67
YLR059C,208,173,NA,27
YLR065C,209,174,3,14
YLR067C,193,191,NA,0
YLR069C,902,846,0,34
YLR070C,21,11,NA,10
YLR071C,538,507,3,16
YLR073C,159,105,27,9
YLR074C,180,146,0,8
YLR078C,307,255,6,25
YLR082C,81,58,1,17
YLR083C,765,713,24,NA
YLR084C,579,560,NA,5
YLR085C,191,182,0,4
YLR087C,480,470,NA,7
YLR089C,663,540,73,24
YLR093C,315,229,17,51
YLR094C,312,279,2,15
YLR095C,384,367,2,6
YLR097C,259,198,20,21
YLR098C,241,211,0,19
YLR099C,161,139,8,1
YLR103C,169,149,4,2
YLR105C,134,120,1,5
YLR106C,2547,2522,NA,7
YLR108C,113,99,3,6
YLR110C,18259,12934,958,1554
YLR114C,452,373,12,52
YLR117C,205,185,0,11
YLR118C,262,196,6,33
YLR120C,982,760,27,167
YLR121C,494,439,0,35
YLR126C,66,49,7,8
YLR127C,182,168,4,NA
YLR130C,701,631,44,7
YLR131C,311,294,NA,11
YLR132C,147,85,3,49
YLR136C,76,51,NA,18
YLR139C,265,194,56,7
YLR144C,305,282,0,14
YLR146C,239,199,2,21
YLR147C,109,80,4,12
YLR149C,247,223,2,15
YLR151C,112,94,NA,13
YLR152C,316,261,21,16
YLR153C,3756,3260,4,384
YLR154C,84,52,12,10
YLR163C,468,403,4,35
YLR165C,65,57,NA,5
YLR166C,527,505,0,6
YLR168C,573,453,1,64
YLR170C,179,106,5,61
YLR172C,535,439,1,34
YLR176C,202,199,NA,2
YLR178C,508,428,10,19
YLR179C,407,272,33,55
YLR181C,176,143,11,8
YLR183C,272,234,8,9
YLR189C,461,444,NA,6
YLR192C,633,463,5,125
YLR193C,154,110,1,30
YLR194C,1663,1420,0,127
YLR195C,374,340,1,21
YLR199C,257,205,11,21
YLR201C,253,220,NA,22
YLR203C,567,526,13,0
YLR205C,291,269,2,6
YLR209C,240,209,NA,20
YLR211C,76,48,2,21
YLR212C,188,168,0,15
YLR213C,27,19,1,7
YLR215C,128,99,4,11
YLR216C,1716,1487,23,97
YLR218C,54,32,NA,12
YLR221C,262,163,8,73
YLR222C,619,590,0,9
YLR223C,497,433,57,NA
YLR225C,383,344,0,26
YLR227C,145,102,35,NA
YLR228C,198,162,14,15
YLR229C,532,325,119,47
YLR231C,122,112,0,2
YLR233C,173,148,1,21
YLR239C,128,110,0,10
YLR242C,70,65,3,1
YLR244C,755,673,0,31
YLR245C,68,49,0,14
YLR247C,738,708,NA,24
YLR254C,110,77,18,7
YLR255C,10,4,0,3
YLR259C,4116,3738,44,141
YLR262C-A,392,173,6,107
YLR265C,102,89,NA,7
YLR266C,217,215,NA,1
YLR269C,2,0,NA,2
YLR272C,399,369,1,16
YLR273C,101,79,11,3
YLR276C,623,562,25,18
YLR277C,294,277,12,3
YLR284C,64,51,1,10
YLR285C-A,69,13,NA,9
YLR286C,3317,2862,326,NA
YLR287C,279,194,16,53
YLR287C-A,2350,1041,0,875
YLR288C,142,123,0,9
YLR290C,142,120,1,17
YLR291C,564,469,15,30
YLR292C,284,220,0,37
YLR293C,1998,1554,32,248
YLR294C,397,361,NA,NA
YLR298C,119,99,NA,8
YLR304C,7827,6806,69,579
YLR305C,1035,1012,NA,12
YLR309C,289,279,0,NA
YLR310C,1153,1082,NA,59
YLR311C,25,23,NA,NA
YLR312C,78,74,2,NA
YLR313C,176,130,0,39
YLR314C,770,685,22,24
YLR316C,79,71,1,2
YLR319C,274,231,1,33
YLR321C,280,215,0,50
YLR323C,66,48,0,14
YLR325C,3749,1848,0,1302
YLR327C,1267,544,133,292
YLR333C,1931,1124,134,262
YLR336C,283,274,3,NA
YLR337C,471,443,10,9
YLR339C,0,0,0,0
YLR346C,4,2,1,0
YLR347C,1116,948,31,108
YLR348C,360,316,4,18
YLR351C,357,298,NA,40
YLR354C,2074,1712,37,202
YLR355C,11917,9247,493,1605
YLR361C,232,192,0,34
YLR361C-A,81,42,NA,22
YLR363C,345,161,29,125
YLR364C-A,1,1,NA,0
YLR370C,536,407,12,78
YLR373C,381,368,0,2
YLR376C,81,71,0,6
YLR378C,1348,1049,150,110
YLR382C,444,406,12,12
YLR384C,1436,1412,NA,15
YLR387C,406,348,10,23
YLR389C,591,572,NA,12
YLR392C,134,110,7,7
YLR395C,984,398,64,393
YLR396C,210,193,6,0
YLR397C,342,316,1,16
YLR398C,740,712,NA,18
YLR399C,559,518,13,NA
YLR401C,410,381,1,5
YLR406C,1419,779,10,356
YLR406C-A,10,2,7,NA
YLR408C,35,25,NA,5
YLR409C,564,544,1,8
YLR412C-A,48,8,0,40
YLR414C,975,739,111,64
YLR418C,276,231,NA,41
YLR421C,425,251,10,131
YLR423C,103,68,1,21
YLR428C,4,1,0,3
YLR431C,99,69,11,14
YLR433C,182,147,NA,28
YLR436C,483,458,5,13
YLR437C,153,97,9,31
YLR438C-A,176,97,21,30
YLR440C,239,216,6,11
YLR441C,5869,4804,71,602
YLR442C,287,269,2,10
YLR447C,1237,1007,32,117
YLR452C,293,241,23,19
YLR453C,98,83,4,NA
YLR457C,63,51,0,7
YLR460C,46,44,0,1
YLL061W,102,97,0,3
YLL058W,128,111,6,1
YLL055W,128,97,24,0
YLL049W,59,53,0,NA
YLL047W,3,3,NA,0
YLL043W,494,441,1,25
YLL037W,12,12,NA,0
YLL035W,150,137,2,6
YLL033W,74,47,NA,20
YLL029W,630,587,10,12
YLL028W,775,590,40,121
YLL027W,368,254,60,29
YLL026W,3768,3597,37,17
YLL025W,54,45,0,5
YLL021W,611,577,23,NA
YLL015W,669,652,NA,6
YLL014W,204,135,0,38
YLL012W,182,170,1,5
YLL011W,321,297,0,7
YLL008W,506,467,2,19
YLL006W,183,167,1,2
YLL004W,165,156,0,5
YLL003W,329,322,0,2
YLL002W,107,95,2,3
YLL001W,481,445,11,15
YLR005W,201,176,2,19
YLR007W,157,147,0,4
YLR009W,530,323,72,78
YLR011W,121,65,11,41
YLR015W,149,123,2,19
YLR017W,280,248,NA,10
YLR019W,473,340,71,48
YLR021W,105,81,2,7
YLR025W,225,154,17,30
YLR031W,23,21,NA,0
YLR032W,216,211,NA,2
YLR033W,290,247,5,28
YLR041W,127,5,4,117
YLR048W,5704,4272,96,929
YLR052W,213,162,NA,39
YLR056W,1288,1116,19,69
YLR057W,372,343,1,10
YLR060W,1913,1773,19,70
YLR061W,2987,2215,0,202
YLR064W,384,309,6,27
YLR066W,230,174,9,21
YLR068W,88,60,0,18
YLR072W,183,175,0,6
YLR075W,7127,5674,0,608
YLR077W,216,192,1,17
YLR079W,353,273,10,47
YLR080W,27,24,NA,0
YLR081W,31,31,0,0
YLR086W,331,316,NA,12
YLR088W,333,293,5,20
YLR090W,239,216,0,12
YLR091W,79,65,NA,12
YLR092W,25,21,NA,2
YLR096W,428,395,21,NA
YLR099W-A,80,52,3,9
YLR100W,796,702,2,46
YLR104W,198,139,9,27
YLR107W,199,172,NA,20
YLR109W,3793,2939,158,247
YLR112W,51,18,0,27
YLR113W,876,711,62,47
YLR115W,331,304,0,19
YLR116W,183,164,NA,18
YLR119W,63,55,NA,8
YLR120W-A,139,1,20,115
YLR124W,100,7,NA,91
YLR125W,120,37,0,77
YLR128W,127,87,1,31
YLR129W,673,617,14,25
YLR133W,417,321,4,77
YLR134W,3523,3500,3,7
YLR135W,95,89,1,2
YLR137W,97,88,0,3
YLR138W,441,399,32,NA
YLR141W,135,76,NA,53
YLR142W,253,245,NA,4
YLR143W,242,232,0,9
YLR145W,72,63,0,3
YLR146W-A,127,73,2,15
YLR148W,322,296,NA,19
YLR150W,4346,3440,0,470
YLR164W,41,32,NA,8
YLR167W,7385,5604,438,315
YLR173W,421,386,9,11
YLR174W,188,137,39,5
YLR175W,1511,1313,6,99
YLR177W,347,323,0,10
YLR180W,2385,1847,34,335
YLR182W,378,358,0,12
YLR185W,3180,2031,0,536
YLR186W,412,341,18,19
YLR187W,393,368,19,NA
YLR188W,306,269,16,15
YLR190W,590,391,71,108
YLR191W,136,119,2,2
YLR196W,586,554,21,NA
YLR197W,2474,2349,20,NA
YLR200W,164,83,1,41
YLR204W,336,178,12,111
YLR206W,859,802,41,NA
YLR207W,251,240,0,4
YLR208W,530,396,24,79
YLR210W,132,114,1,9
YLR214W,264,247,0,8
YLR217W,1,0,0,1
YLR219W,392,334,28,16
YLR220W,365,274,30,42
YLR224W,299,247,24,16
YLR226W,282,183,0,89
YLR234W,110,94,0,10
YLR237W,589,502,24,46
YLR238W,147,122,7,10
YLR240W,333,308,1,16
YLR241W,453,424,6,7
YLR243W,215,171,12,14
YLR246W,156,148,NA,6
YLR248W,743,657,9,29
YLR249W,19525,18407,108,555
YLR250W,514,400,25,60
YLR253W,381,342,7,16
YLR256W,1318,1151,31,NA
YLR257W,1107,857,139,58
YLR258W,1541,1257,18,205
YLR260W,304,270,13,14
YLR263W,213,160,43,4
YLR264W,3323,819,0,2080
YLR267W,26,23,1,1
YLR268W,335,231,18,46
YLR270W,570,444,24,74
YLR271W,91,60,21,8
YLR274W,532,481,2,26
YLR275W,134,54,10,45
YLR283W,97,90,NA,2
YLR285W,219,190,NA,19
YLR286W-A,16,3,1,11
YLR289W,171,160,0,4
YLR296W,8,6,NA,2
YLR297W,109,42,18,40
YLR299W,415,353,29,9
YLR300W,8148,6240,354,1052
YLR301W,429,360,4,33
YLR303W,864,735,16,41
YLR306W,60,47,0,4
YLR307W,7,6,0,1
YLR312W-A,374,317,0,23
YLR315W,80,62,2,12
YLR317W,61,51,NA,4
YLR318W,194,192,NA,NA
YLR320W,214,211,NA,0
YLR324W,230,211,7,1
YLR326W,122,84,12,17
YLR328W,296,226,28,24
YLR329W,7,5,NA,1
YLR330W,816,751,0,40
YLR332W,633,413,119,72
YLR335W,822,784,1,15
YLR340W,9387,8080,336,576
YLR342W,9620,9022,454,NA
YLR342W-A,377,17,241,NA
YLR343W,42,41,NA,0
YLR344W,2098,1486,0,272
YLR345W,365,318,4,20
YLR349W,21,5,NA,16
YLR350W,322,259,17,14
YLR352W,139,125,11,1
YLR353W,251,182,52,12
YLR356W,233,174,6,33
YLR357W,428,389,NA,31
YLR359W,702,607,42,18
YLR360W,294,243,4,23
YLR362W,196,181,1,9
YLR363W-A,85,32,0,29
YLR364W,34,19,3,2
YLR367W,1053,839,NA,68
YLR368W,153,141,1,2
YLR369W,196,190,0,NA
YLR371W,582,547,28,NA
YLR372W,1067,858,75,30
YLR375W,330,285,3,22
YLR380W,388,316,14,33
YLR381W,205,189,6,NA
YLR383W,311,294,1,9
YLR386W,322,307,0,12
YLR388W,1635,743,151,407
YLR390W,94,66,NA,15
YLR390W-A,3748,2691,153,620
YLR393W,130,115,0,NA
YLR394W,208,191,NA,11
YLR400W,2,2,0,NA
YLR402W,106,26,NA,74
YLR403W,498,479,NA,9
YLR404W,79,70,1,5
YLR405W,140,109,0,29
YLR407W,210,95,54,50
YLR410W,735,693,NA,31
YLR411W,24,18,NA,5
YLR412W,239,210,NA,18
YLR413W,515,474,6,21
YLR417W,161,143,3,14
YLR419W,377,359,5,6
YLR420W,476,415,0,33
YLR422W,553,531,14,2
YLR424W,94,90,NA,2
YLR425W,249,243,NA,2
YLR426W,105,94,0,7
YLR427W,239,211,10,14
YLR429W,1109,1034,6,45
YLR430W,1061,992,47,11
YLR432W,1638,1484,71,18
YLR435W,179,116,12,29
YLR438W,127,113,6,4
YLR439W,314,259,3,37
YLR443W,256,215,16,7
YLR446W,102,96,2,NA
YLR448W,3028,2318,0,390
YLR449W,794,676,15,37
YLR450W,459,426,19,7
YLR451W,340,325,1,NA
YLR454W,1091,1060,12,9
YLR455W,344,177,62,93
YLR456W,61,50,0,3
YLR459W,329,308,0,11
YML130C,706,631,17,22
YML129C,352,137,0,132
YML128C,933,802,14,87
YML126C,1760,1570,NA,164
YML125C,342,295,5,18
YML124C,688,606,0,57
YML123C,5,5,0,0
YML122C,3,1,NA,2
YML120C,1013,757,32,181
YML115C,353,324,8,9
YML114C,255,221,3,10
YML110C,428,325,9,65
YML107C,121,114,0,0
YML105C,342,273,14,22
YML104C,343,331,2,3
YML103C,1000,982,NA,6
YML099C,382,363,NA,13
YML097C,194,175,1,12
YML095C,101,50,1,49
YML094C-A,3,1,1,NA
YML092C,577,459,0,54
YML091C,1134,1115,NA,NA
YML089C,75,5,NA,69
YML087C,18,14,0,2
YML086C,663,547,37,36
YML085C,717,597,26,56
YML083C,3,1,NA,2
YML081C-A,522,206,73,142
YML076C,276,254,0,12
YML075C,1296,1187,24,47
YML074C,658,603,5,NA
YML073C,3760,2807,34,468
YML072C,2095,1979,91,NA
YML071C,229,211,4,6
YML067C,277,257,0,8
YML064C,212,163,3,27
YML062C,151,137,1,3
YML061C,237,210,10,10
YML059C,733,717,NA,9
YML056C,2177,2010,41,47
YML054C,248,218,NA,16
YML053C,166,130,13,3
YML049C,523,521,NA,NA
YML043C,120,97,9,8
YML041C,124,106,NA,11
YML038C,363,278,40,32
YML035C,647,563,29,33
YML032C,222,187,1,29
YML026C,4115,2773,10,879
YML025C,345,261,8,45
YML023C,225,210,2,5
YML021C,140,129,NA,4
YML018C,203,161,14,13
YML015C,135,117,2,9
YML011C,74,60,NA,12
YML009C,237,105,19,80
YML008C,1125,956,1,110
YML007C-A,25,5,0,15
YML006C,215,199,7,0
YML004C,899,756,0,74
YMR001C,476,436,NA,35
YMR001C-A,86,45,NA,41
YMR006C,228,206,4,13
YMR008C,1039,909,NA,102
YMR013C,234,216,NA,12
YMR015C,1182,1026,30,74
YMR016C,302,264,21,11
YMR021C,213,158,0,42
YMR023C,113,109,0,1
YMR026C,134,112,9,4
YMR029C,242,214,3,12
YMR031C,605,580,11,NA
YMR034C,40,31,1,5
YMR036C,147,135,0,7
YMR037C,602,536,NA,61
YMR038C,401,317,3,36
YMR039C,220,182,26,NA
YMR041C,157,132,0,12
YMR047C,704,672,9,NA
YMR049C,664,625,3,10
YMR052C-A,15,11,NA,3
YMR053C,86,81,NA,NA
YMR055C,206,177,0,4
YMR056C,94,63,3,24
YMR060C,120,109,0,8
YMR062C,763,675,0,49
YMR067C,246,231,1,3
YMR071C,171,130,13,5
YMR073C,137,120,0,10
YMR074C,409,334,0,21
YMR076C,537,521,NA,12
YMR077C,84,56,6,13
YMR078C,229,214,0,7
YMR080C,1126,984,10,108
YMR081C,106,78,8,13
YMR086C-A,43,3,14,23
YMR088C,261,218,18,17
YMR089C,674,587,71,NA
YMR091C,300,266,4,9
YMR092C,705,660,6,13
YMR097C,167,149,2,3
YMR098C,220,203,6,4
YMR099C,637,538,5,51
YMR101C,23,16,NA,6
YMR102C,255,246,NA,6
YMR103C,208,149,0,26
YMR105C,1439,1259,35,103
YMR106C,111,98,0,10
YMR110C,532,473,1,26
YMR111C,116,99,5,9
YMR112C,102,81,NA,15
YMR114C,128,112,NA,14
YMR116C,8463,7310,63,538
YMR117C,61,41,NA,14
YMR118C,11,10,NA,0
YMR120C,232,202,3,15
YMR121C,1520,1472,6,17
YMR122C,2,1,1,0
YMR126C,106,77,16,1
YMR127C,116,78,8,20
YMR131C,769,698,12,24
YMR132C,124,70,7,28
YMR135C,339,309,0,16
YMR137C,92,83,0,6
YMR142C,4882,3916,0,485
YMR145C,4125,3372,298,297
YMR146C,1391,1233,20,65
YMR150C,118,86,13,NA
YMR153C-A,44,9,2,29
YMR154C,133,131,NA,NA
YMR156C,47,43,NA,3
YMR157C,157,123,3,17
YMR158C-A,48,18,9,2
YMR162C,488,468,NA,9
YMR163C,162,149,8,2
YMR164C,653,629,16,NA
YMR165C,282,251,14,6
YMR166C,208,128,35,35
YMR168C,218,165,5,41
YMR169C,602,558,NA,14
YMR170C,514,474,1,8
YMR171C,378,285,39,41
YMR174C,43,12,7,19
YMR180C,352,282,0,59
YMR181C,221,117,42,53
YMR182C,96,30,5,59
YMR183C,484,332,20,85
YMR187C,80,66,0,9
YMR188C,324,254,7,34
YMR190C,282,271,5,NA
YMR193C-A,16,16,0,NA
YMR194C-B,27,8,NA,5
YMR197C,396,281,6,75
YMR201C,104,85,0,12
YMR204C,112,98,0,11
YMR205C,4185,3944,35,119
YMR207C,367,337,19,8
YMR209C,97,86,0,5
YMR212C,514,446,29,25
YMR216C,604,519,37,28
YMR218C,287,277,6,NA
YMR221C,389,345,0,16
YMR222C,161,127,0,24
YMR224C,135,122,1,10
YMR225C,154,85,0,39
YMR226C,1309,1087,30,79
YMR227C,144,117,6,13
YMR229C,1964,1907,NA,25
YMR235C,931,724,10,124
YMR239C,270,237,5,7
YMR240C,111,107,1,1
YMR242C,3968,3324,0,220
YMR243C,1001,813,37,109
YMR244C-A,70,37,0,19
YMR247C,786,767,6,NA
YMR252C,59,29,2,21
YMR253C,138,137,0,NA
YMR256C,996,495,14,339
YMR257C,296,211,47,31
YMR258C,236,222,0,0
YMR259C,485,477,NA,1
YMR260C,967,673,10,213
YMR261C,872,786,24,33
YMR265C,87,83,NA,1
YMR268C,115,95,1,10
YMR270C,214,166,21,15
YMR271C,115,87,NA,20
YMR272C,1016,820,14,135
YMR273C,312,251,16,8
YMR274C,31,30,0,0
YMR275C,348,331,4,6
YMR279C,6,5,0,1
YMR280C,88,86,NA,2
YMR282C,196,187,2,NA
YMR283C,136,128,NA,7
YMR285C,259,217,0,28
YMR287C,252,250,0,NA
YMR290C,741,613,5,91
YMR293C,176,159,0,9
YMR295C,798,680,46,NA
YMR296C,771,688,32,20
YMR299C,126,111,0,5
YMR300C,545,480,18,12
YMR301C,289,273,3,5
YMR302C,797,733,11,21
YMR303C,2561,2447,0,1
YMR305C,1837,1576,155,NA
YMR306C-A,29,11,NA,16
YMR308C,1274,1165,65,16
YMR309C,2044,1814,31,128
YMR310C,223,205,5,9
YMR311C,274,207,11,26
YMR313C,253,227,7,12
YMR316C-A,32,4,18,9
YMR316C-B,68,18,35,11
YMR318C,475,394,2,31
YMR319C,466,382,7,57
YML131W,187,147,1,27
YML127W,313,298,6,NA
YML121W,211,164,11,19
YML119W,211,194,0,5
YML118W,57,48,7,NA
YML117W,1386,1313,51,NA
YML116W,139,123,3,11
YML113W,232,199,3,27
YML112W,133,105,1,15
YML111W,585,545,21,NA
YML109W,237,217,5,9
YML108W,159,87,17,38
YML106W,923,552,221,31
YML102W,187,170,0,9
YML100W-A,6,0,NA,5
YML100W,2226,2119,20,41
YML098W,140,80,0,41
YML096W,170,158,0,10
YML094W,160,103,0,38
YML093W,384,370,0,NA
YML090W,5,1,NA,4
YML088W,206,197,4,NA
YML084W,63,28,NA,31
YML082W,215,188,3,11
YML081W,546,511,10,7
YML080W,172,136,19,15
YML079W,222,172,0,12
YML078W,653,451,16,87
YML077W,109,86,NA,11
YML070W,599,553,4,18
YML069W,549,498,6,11
YML068W,141,125,4,8
YML065W,211,192,4,11
YML063W,6218,5601,86,127
YML060W,156,130,8,12
YML058W-A,12,5,1,2
YML058W,1706,795,3,680
YML057W,761,670,32,35
YML055W,174,128,10,11
YML052W,696,606,0,52
YML051W,163,135,6,10
YML050W,128,111,0,12
YML048W,611,503,9,66
YML046W,180,158,12,6
YML042W,153,145,NA,4
YML036W,78,67,3,1
YML034W,365,336,3,22
YML031W,407,380,3,5
YML030W,244,114,8,76
YML029W,335,303,11,9
YML028W,2505,1838,46,342
YML027W,492,403,29,28
YML024W,4527,3586,36,258
YML022W,606,409,2,131
YML020W,154,114,18,17
YML019W,228,177,0,37
YML017W,447,338,19,73
YML014W,102,93,NA,6
YML013W,351,301,6,27
YML012W,621,485,11,71
YML010W,971,949,0,NA
YML007W,666,554,41,50
YML005W,172,160,0,7
YML002W,184,176,NA,4
YML001W,388,291,51,20
YMR002W,1335,872,15,274
YMR003W,116,89,2,14
YMR004W,237,209,2,17
YMR005W,280,226,7,18
YMR007W,9,7,NA,0
YMR009W,182,150,3,14
YMR010W,382,296,49,15
YMR011W,1287,1152,13,58
YMR012W,2157,2004,49,67
YMR013W-A,12,0,NA,9
YMR014W,201,169,3,10
YMR017W,13,12,NA,1
YMR018W,15,15,NA,0
YMR019W,324,315,NA,9
YMR020W,131,122,3,4
YMR022W,259,193,0,22
YMR024W,549,481,NA,51
YMR025W,63,58,0,1
YMR027W,550,508,8,10
YMR028W,163,149,0,11
YMR030W,123,104,11,2
YMR033W,348,291,8,29
YMR035W,67,51,1,7
YMR040W,58,36,17,1
YMR042W,116,55,0,55
YMR043W,490,355,0,97
YMR044W,174,141,2,21
YMR048W,85,73,0,7
YMR052W,74,48,0,21
YMR054W,703,593,51,27
YMR058W,938,852,10,46
YMR059W,72,49,3,11
YMR061W,220,202,0,6
YMR063W,98,79,3,11
YMR064W,351,325,NA,14
YMR065W,133,126,NA,6
YMR066W,194,184,0,3
YMR068W,104,96,0,3
YMR069W,62,39,NA,21
YMR070W,436,382,34,NA
YMR072W,685,462,2,122
YMR075W,180,170,0,4
YMR079W,759,564,13,140
YMR083W,1094,883,23,83
YMR085W,55,51,NA,2
YMR086W,415,378,5,24
YMR087W,84,76,1,2
YMR090W,176,148,8,4
YMR093W,491,459,4,8
YMR094W,148,98,0,45
YMR096W,129,98,2,25
YMR100W,350,316,NA,29
YMR107W,7,6,0,1
YMR108W,3107,2545,246,190
YMR109W,993,962,10,12
YMR113W,147,135,6,3
YMR115W,221,186,15,15
YMR119W,308,273,17,NA
YMR122W-A,3573,1716,217,1134
YMR123W,269,211,4,28
YMR124W,738,693,36,NA
YMR125W,987,941,29,NA
YMR128W,410,389,7,8
YMR129W,822,786,NA,20
YMR130W,171,134,12,10
YMR134W,118,104,2,0
YMR136W,370,326,16,19
YMR138W,42,33,NA,5
YMR139W,287,209,47,19
YMR140W,433,267,5,154
YMR143W,2965,2152,0,311
YMR144W,160,127,11,14
YMR148W,137,65,36,26
YMR151W,15,9,NA,4
YMR152W,306,276,0,11
YMR153W,320,270,10,33
YMR155W,220,200,0,12
YMR158W,219,155,12,28
YMR160W,158,150,0,1
YMR161W,264,151,9,89
YMR167W,194,190,0,NA
YMR172W,186,185,NA,NA
YMR175W,18,9,7,NA
YMR176W,471,447,9,6
YMR177W,111,92,8,3
YMR178W,183,165,2,4
YMR179W,165,159,NA,4
YMR182W-A,261,6,237,8
YMR184W,269,237,9,3
YMR185W,322,319,0,NA
YMR186W,8757,8291,18,214
YMR189W,2406,2209,68,68
YMR192W,292,270,5,7
YMR193W,239,178,2,23
YMR194W,1778,1345,0,139
YMR195W,115,66,9,22
YMR196W,590,560,NA,22
YMR198W,138,99,20,14
YMR199W,788,647,71,45
YMR200W,749,512,41,145
YMR202W,1106,924,21,62
YMR203W,1433,1173,49,120
YMR206W,5,5,0,0
YMR208W,492,449,0,23
YMR210W,108,94,1,5
YMR211W,156,135,0,15
YMR213W,74,66,4,1
YMR214W,267,231,2,17
YMR215W,478,413,12,32
YMR217W,1357,1217,17,59
YMR219W,458,448,NA,4
YMR220W,589,525,0,38
YMR223W,195,127,22,33
YMR228W,148,121,0,18
YMR230W,2112,1305,87,319
YMR231W,266,248,0,11
YMR233W,109,83,0,15
YMR234W,100,77,3,10
YMR236W,234,182,0,26
YMR237W,730,664,12,31
YMR238W,691,560,35,32
YMR241W,548,401,83,15
YMR246W,992,850,48,66
YMR250W,663,597,7,34
YMR251W,10,10,NA,NA
YMR251W-A,4789,1516,152,2392
YMR255W,223,157,NA,48
YMR262W,131,108,NA,17
YMR263W,128,97,3,11
YMR264W,254,200,15,12
YMR266W,331,310,1,13
YMR267W,312,259,18,14
YMR269W,80,71,0,4
YMR276W,775,684,1,52
YMR277W,406,339,23,25
YMR278W,649,585,10,33
YMR281W,106,93,4,6
YMR284W,146,133,0,6
YMR286W,149,79,0,45
YMR288W,165,163,0,1
YMR289W,217,187,NA,28
YMR291W,1185,1026,37,59
YMR292W,159,123,4,14
YMR294W,112,99,0,5
YMR297W,2219,1927,61,104
YMR298W,278,190,1,33
YMR304W,618,608,NA,NA
YMR306W,96,83,11,NA
YMR307W,6511,5779,71,381
YMR312W,155,134,0,10
YMR314W,815,596,26,125
YMR315W,984,878,20,44
YMR316W,251,212,5,16
YMR317W,21,20,NA,1
YMR320W,44,4,38,1
YNL331C,158,113,NA,42
YNL330C,362,291,11,41
YNL329C,534,525,NA,4
YNL328C,44,34,0,1
YNL326C,137,105,8,13
YNL325C,146,142,0,3
YNL322C,785,700,5,24
YNL316C,128,113,2,2
YNL315C,341,278,0,37
YNL313C,491,467,0,13
YNL311C,174,169,0,1
YNL310C,121,96,0,11
YNL308C,422,374,7,21
YNL307C,1019,698,104,167
YNL305C,392,324,6,29
YNL302C,3566,2570,0,413
YNL301C,2278,1985,2,157
YNL297C,865,844,NA,9
YNL294C,605,464,76,43
YNL291C,236,188,36,4
YNL284C,311,283,NA,22
YNL283C,449,331,78,14
YNL280C,387,332,10,25
YNL276C,240,36,4,195
YNL274C,678,562,10,74
YNL272C,277,247,9,12
YNL271C,716,678,NA,32
YNL270C,85,80,2,3
YNL265C,183,152,0,21
YNL264C,133,104,NA,14
YNL263C,430,330,50,33
YNL260C,181,113,NA,65
YNL259C,86,53,4,14
YNL258C,299,279,0,13
YNL257C,570,548,6,1
YNL255C,1234,790,12,303
YNL254C,119,118,0,NA
YNL252C,292,239,0,32
YNL251C,608,464,85,36
YNL249C,130,113,0,11
YNL248C,543,456,8,57
YNL245C,148,53,0,87
YNL244C,862,459,27,184
YNL241C,1158,1017,21,99
YNL240C,229,211,4,NA
YNL231C,470,360,49,33
YNL230C,181,110,7,62
YNL229C,358,343,NA,1
YNL227C,231,209,8,5
YNL225C,131,123,NA,5
YNL224C,208,189,3,11
YNL221C,420,381,6,24
YNL219C,491,422,29,27
YNL213C,146,95,15,16
YNL211C,30,21,3,NA
YNL206C,184,176,NA,2
YNL201C,252,231,14,NA
YNL200C,150,110,17,11
YNL199C,318,279,NA,26
YNL197C,747,508,83,126
YNL195C,25,22,NA,3
YNL185C,207,146,NA,49
YNL183C,592,527,40,14
YNL182C,326,301,10,5
YNL180C,560,511,NA,31
YNL179C,167,146,17,NA
YNL177C,402,299,15,67
YNL176C,591,494,26,42
YNL175C,311,250,4,30
YNL173C,184,149,3,10
YNL169C,422,364,10,16
YNL168C,269,209,5,40
YNL167C,323,269,47,NA
YNL166C,305,288,0,10
YNL164C,140,102,19,6
YNL163C,395,379,3,6
YNL159C,258,142,0,103
YNL156C,539,410,57,48
YNL154C,668,505,101,39
YNL153C,214,119,15,51
YNL151C,176,139,4,25
YNL149C,240,186,0,35
YNL148C,53,37,0,10
YNL146C-A,5,1,NA,4
YNL144C,123,120,NA,1
YNL143C,282,93,NA,187
YNL139C,604,587,3,NA
YNL137C,465,378,24,40
YNL135C,1408,875,26,329
YNL134C,1283,1174,13,42
YNL133C,60,36,1,18
YNL130C,627,575,6,19
YNL130C-A,1,0,0,0
YNL125C,733,662,24,29
YNL122C,173,110,NA,55
YNL121C,1064,922,19,79
YNL118C,967,889,3,72
YNL115C,364,333,0,22
YNL114C,6,3,2,NA
YNL111C,482,228,10,173
YNL110C,366,272,9,47
YNL108C,197,157,7,22
YNL106C,226,219,NA,1
YNL104C,3889,3412,148,213
YNL099C,243,172,5,50
YNL098C,608,536,0,35
YNL097C-B,90,0,NA,88
YNL097C,158,125,11,15
YNL096C,2828,2036,119,348
YNL095C,48,38,2,5
YNL084C,310,283,1,12
YNL081C,313,192,9,82
YNL080C,198,156,19,15
YNL079C,843,496,42,221
YNL074C,590,511,7,48
YNL069C,4934,3672,0,768
YNL068C,408,355,32,14
YNL064C,2403,1773,330,167
YNL062C,417,366,1,28
YNL059C,368,342,0,13
YNL058C,656,548,4,61
YNL055C,3824,3215,81,215
YNL050C,117,98,1,10
YNL049C,460,441,0,10
YNL047C,248,230,2,9
YNL043C,11,5,1,5
YNL041C,296,275,10,NA
YNL037C,1405,1091,107,122
YNL035C,162,133,1,19
YNL031C,3646,2461,0,887
YNL029C,160,142,5,2
YNL025C,245,169,0,71
YNL024C-A,220,68,17,99
YNL024C,14,11,0,2
YNL023C,143,132,4,5
YNL022C,199,179,2,10
YNL020C,193,164,13,9
YNL019C,6,4,NA,1
YNL011C,189,166,3,6
YNL008C,264,254,0,1
YNL007C,1306,1019,178,34
YNL005C,433,365,11,25
YNL003C,237,184,3,31
YNL002C,494,440,0,23
YNR001C,2220,1834,113,139
YNR002C,50,35,NA,14
YNR003C,277,245,0,19
YNR007C,116,94,0,16
YNR011C,196,184,0,9
YNR013C,1211,1129,7,46
YNR016C,7362,7244,NA,64
YNR020C,90,78,NA,7
YNR022C,224,154,7,37
YNR025C,19,12,NA,0
YNR026C,258,249,2,NA
YNR029C,161,150,0,5
YNR031C,423,414,NA,6
YNR032C-A,108,49,4,27
YNR035C,1062,996,0,17
YNR036C,580,322,0,177
YNR037C,210,96,1,35
YNR039C,191,184,0,5
YNR041C,267,255,2,2
YNR049C,125,108,0,9
YNR050C,657,596,12,19
YNR051C,710,376,246,64
YNR052C,402,363,18,6
YNR053C,644,589,2,32
YNR054C,176,152,2,9
YNR055C,883,615,217,27
YNR056C,22,19,NA,1
YNR061C,293,152,18,104
YNR062C,2,1,NA,1
YNR064C,5,4,NA,1
YNR065C,773,754,NA,7
YNR066C,325,314,NA,NA
YNR067C,1559,1498,4,28
YNR068C,54,41,NA,10
YNR069C,105,82,19,NA
YNR071C,2,2,NA,0
YNR073C,44,37,NA,5
YNR074C,0,0,0,0
YNL327W,3146,3053,0,29
YNL323W,249,223,1,16
YNL321W,531,500,0,21
YNL320W,135,111,5,13
YNL317W,177,163,0,8
YNL314W,87,74,NA,8
YNL312W,241,200,3,17
YNL309W,163,143,2,9
YNL306W,431,317,13,39
YNL300W,867,342,88,330
YNL299W,138,119,4,6
YNL298W,401,386,NA,5
YNL295W,224,180,15,15
YNL293W,212,201,2,6
YNL292W,163,140,0,10
YNL290W,199,180,0,12
YNL289W,846,710,33,49
YNL288W,391,300,50,25
YNL287W,2182,1945,110,79
YNL286W,109,90,8,7
YNL281W,763,522,0,139
YNL279W,22,22,0,NA
YNL278W,183,159,11,6
YNL277W-A,20,6,NA,12
YNL277W,39,29,NA,7
YNL275W,117,113,0,2
YNL273W,289,284,NA,2
YNL268W,1366,1257,22,71
YNL267W,501,473,14,10
YNL262W,630,616,NA,5
YNL261W,278,253,4,11
YNL256W,337,305,7,4
YNL253W,131,103,1,19
YNL250W,203,191,NA,11
YNL247W,1024,964,NA,32
YNL246W,173,118,0,44
YNL243W,1054,1004,9,12
YNL242W,214,210,1,NA
YNL239W,763,649,32,51
YNL238W,432,362,45,13
YNL237W,17,14,0,2
YNL236W,414,403,2,2
YNL234W,42,37,0,4
YNL233W,306,279,15,5
YNL232W,222,190,7,3
YNL228W,5,4,1,NA
YNL226W,0,0,0,0
YNL223W,82,78,NA,1
YNL222W,254,182,9,44
YNL220W,485,438,7,32
YNL218W,120,92,6,15
YNL217W,132,116,0,3
YNL216W,401,366,8,18
YNL215W,103,90,4,NA
YNL214W,84,54,0,20
YNL212W,433,398,7,15
YNL209W,12840,12068,38,313
YNL208W,1401,1044,0,183
YNL207W,301,238,43,4
YNL202W,34,30,0,4
YNL193W,183,169,0,3
YNL192W,1740,1628,87,NA
YNL191W,140,118,4,9
YNL190W,5020,2742,533,1548
YNL189W,1192,961,139,50
YNL188W,108,97,6,0
YNL187W,108,75,14,9
YNL186W,671,572,45,30
YNL181W,140,120,1,11
YNL178W,6849,5894,0,298
YNL172W,465,448,8,NA
YNL165W,123,110,3,6
YNL162W-A,46,20,0,19
YNL162W,3334,2404,33,318
YNL161W,585,516,41,13
YNL160W,3291,2585,121,405
YNL158W,182,144,28,NA
YNL157W,334,247,0,37
YNL155W,250,196,16,19
YNL152W,167,153,0,3
YNL147W,155,101,19,7
YNL146W,27,10,3,9
YNL145W,0,0,0,0
YNL142W,354,275,65,NA
YNL141W,435,373,3,26
YNL138W-A,109,50,0,43
YNL138W,1237,1117,12,55
YNL136W,103,100,0,NA
YNL132W,893,820,35,17
YNL131W,992,534,43,306
YNL129W,104,84,NA,14
YNL128W,24,22,1,NA
YNL127W,320,290,NA,23
YNL126W,249,233,3,3
YNL124W,209,198,0,5
YNL123W,703,682,0,7
YNL119W,253,223,0,23
YNL117W,13,12,1,0
YNL116W,293,247,7,26
YNL113W,441,237,11,125
YNL112W,948,858,14,44
YNL109W,17,9,5,NA
YNL107W,125,89,NA,25
YNL103W-A,1,0,1,0
YNL103W,370,320,33,9
YNL102W,713,699,NA,8
YNL101W,688,556,56,51
YNL100W,308,235,13,27
YNL097W-A,6,0,6,NA
YNL094W,419,342,63,4
YNL093W,26,15,4,7
YNL092W,50,44,2,3
YNL091W,679,650,23,NA
YNL090W,197,95,25,68
YNL088W,601,587,4,NA
YNL087W,420,374,NA,41
YNL086W,81,45,13,8
YNL085W,1267,1037,126,83
YNL083W,208,177,0,22
YNL082W,219,208,0,5
YNL078W,174,153,0,14
YNL077W,119,105,7,2
YNL076W,327,272,44,4
YNL075W,208,181,4,10
YNL073W,328,305,0,8
YNL072W,102,85,0,5
YNL071W,1941,1720,17,114
YNL070W,347,117,36,92
YNL067W-A,1,0,NA,1
YNL067W,2299,1904,23,255
YNL066W,854,613,107,104
YNL065W,374,338,7,16
YNL063W,170,155,NA,5
YNL061W,740,720,5,NA
YNL057W,9,4,NA,3
YNL056W,263,184,3,30
YNL054W,324,307,NA,15
YNL053W,347,284,9,36
YNL052W,1101,660,15,316
YNL051W,181,165,NA,4
YNL048W,288,262,1,17
YNL046W,350,266,NA,62
YNL045W,612,588,NA,17
YNL044W,656,429,25,132
YNL042W,76,63,5,3
YNL040W,333,282,4,31
YNL039W,231,215,0,2
YNL038W,145,112,0,12
YNL036W,1842,1392,84,102
YNL033W,6,4,0,1
YNL032W,241,183,25,22
YNL030W,3635,2398,61,930
YNL027W,388,356,21,4
YNL026W,234,201,0,21
YNL021W,260,233,4,15
YNL016W,1251,1146,36,7
YNL015W,784,415,34,144
YNL014W,264,259,NA,5
YNL012W,60,50,NA,9
YNL010W,701,574,12,47
YNL009W,98,46,NA,49
YNL006W,406,297,0,91
YNL004W,442,370,0,33
YNL001W,215,195,6,9
YNR001W-A,1,0,0,1
YNR004W,34,18,0,15
YNR006W,398,373,0,9
YNR008W,309,263,6,26
YNR009W,189,139,2,29
YNR010W,122,90,3,7
YNR012W,227,197,12,8
YNR014W,61,42,0,12
YNR015W,262,237,1,9
YNR017W,593,353,98,90
YNR018W,405,296,6,51
YNR019W,561,539,5,NA
YNR021W,917,774,7,78
YNR023W,208,190,3,8
YNR024W,89,64,0,15
YNR027W,163,123,1,26
YNR028W,151,120,10,11
YNR030W,438,380,4,28
YNR032W,165,139,11,10
YNR033W,492,471,NA,6
YNR034W,213,153,16,33
YNR034W-A,254,121,15,60
YNR038W,297,271,NA,15
YNR040W,137,115,NA,11
YNR043W,767,658,0,65
YNR044W,206,193,2,2
YNR045W,134,129,2,1
YNR046W,293,189,0,56
YNR047W,405,364,1,29
YNR048W,88,69,2,16
YNR058W,127,111,7,2
YNR059W,208,191,12,1
YNR060W,33,33,0,0
YNR063W,78,44,NA,33
YNR070W,3,3,NA,0
YNR072W,4,2,2,0
YNR075W,108,101,0,NA
YOL159C-A,300,69,16,174
YOL159C,156,131,0,7
YOL158C,357,308,13,22
YOL157C,107,95,NA,11
YOL155C,3160,3083,40,NA
YOL150C,12,3,NA,9
YOL148C,292,288,NA,NA
YOL147C,280,197,1,52
YOL145C,706,663,6,17
YOL143C,812,521,77,102
YOL139C,1401,1116,64,109
YOL138C,438,431,NA,5
YOL136C,556,369,64,93
YOL135C,96,70,1,12
YOL128C,96,75,NA,12
YOL126C,728,571,44,70
YOL124C,163,153,2,2
YOL122C,450,401,8,22
YOL121C,2949,2308,0,179
YOL120C,5054,3910,0,535
YOL119C,459,414,6,19
YOL114C,22,19,0,0
YOL111C,249,188,10,19
YOL108C,144,74,NA,57
YOL105C,310,252,41,8
YOL102C,115,89,NA,10
YOL101C,37,30,0,3
YOL097C,645,576,3,35
YOL096C,134,118,5,8
YOL095C,109,104,1,0
YOL094C,157,138,6,1
YOL089C,251,240,NA,8
YOL088C,264,210,0,33
YOL087C,408,404,NA,4
YOL086C,14993,13215,45,714
YOL085C,16,1,NA,14
YOL080C,101,70,3,16
YOL077C,563,490,4,21
YOL075C,188,188,NA,NA
YOL073C,166,146,0,4
YOL070C,469,442,0,15
YOL068C,410,399,NA,NA
YOL067C,125,106,NA,11
YOL066C,201,187,2,1
YOL065C,110,94,1,10
YOL064C,184,161,1,9
YOL063C,333,314,11,2
YOL062C,496,452,0,23
YOL060C,491,399,7,57
YOL055C,175,156,NA,14
YOL052C-A,917,282,46,435
YOL052C,321,273,6,33
YOL048C,165,145,1,5
YOL043C,113,93,7,10
YOL041C,424,359,5,42
YOL040C,4829,3172,280,636
YOL038C-A,19,1,1,12
YOL037C,1,1,0,0
YOL031C,228,207,3,10
YOL029C,74,68,NA,0
YOL028C,88,51,32,NA
YOL027C,566,509,2,39
YOL026C,186,128,0,44
YOL022C,198,174,3,4
YOL021C,702,662,4,16
YOL018C,192,146,11,28
YOL016C,387,320,14,33
YOL013C,208,187,15,3
YOL012C,275,145,36,77
YOL009C,103,87,NA,6
YOL007C,507,368,18,97
YOL006C,352,324,0,17
YOL005C,253,171,15,13
YOL003C,198,178,2,15
YOL002C,231,210,0,8
YOR005C,189,171,NA,14
YOR006C,123,97,5,11
YOR007C,841,744,NA,54
YOR008C,469,337,44,74
YOR008C-A,0,0,0,0
YOR010C,85,77,1,1
YOR016C,196,121,19,32
YOR020C,1512,938,60,254
YOR021C,341,264,7,53
YOR022C,117,117,NA,0
YOR023C,371,333,17,5
YOR028C,269,158,28,71
YOR032C,50,46,0,1
YOR033C,246,222,11,4
YOR034C,236,209,18,6
YOR035C,397,387,0,NA
YOR038C,213,200,3,5
YOR041C,95,8,50,37
YOR046C,704,656,5,15
YOR047C,250,192,18,21
YOR048C,715,670,14,15
YOR049C,6,4,1,1
YOR050C,0,0,0,0
YOR051C,381,334,0,28
YOR052C,723,362,77,205
YOR054C,291,268,11,7
YOR056C,199,167,5,13
YOR058C,286,248,NA,35
YOR059C,282,244,5,11
YOR060C,140,119,0,7
YOR062C,164,142,NA,14
YOR064C,91,72,NA,11
YOR067C,310,291,3,4
YOR068C,1,0,NA,1
YOR070C,237,213,7,2
YOR071C,118,98,0,15
YOR074C,205,175,1,20
YOR076C,180,172,0,6
YOR079C,156,138,0,8
YOR081C,372,330,9,17
YOR086C,1009,924,45,27
YOR089C,298,216,15,39
YOR090C,320,273,11,20
YOR093C,401,392,0,5
YOR095C,179,140,9,16
YOR097C,50,37,0,11
YOR098C,568,537,NA,22
YOR100C,25,20,NA,5
YOR103C,270,197,2,27
YOR108C-A,1,0,1,NA
YOR115C,211,169,4,14
YOR116C,710,658,35,11
YOR119C,369,223,7,129
YOR121C,238,0,220,NA
YOR122C,1172,651,29,393
YOR123C,296,265,10,6
YOR124C,879,840,9,12
YOR125C,213,160,9,17
YOR126C,180,146,2,18
YOR128C,409,387,1,4
YOR129C,124,116,0,5
YOR130C,133,116,NA,15
YOR131C,143,116,13,4
YOR137C,188,174,NA,12
YOR138C,308,280,5,12
YOR141C,389,350,0,32
YOR143C,83,76,2,0
YOR144C,137,132,NA,2
YOR145C,333,282,0,23
YOR148C,90,65,0,15
YOR149C,192,156,4,27
YOR151C,2022,1924,NA,71
YOR152C,87,60,11,9
YOR155C,213,198,NA,7
YOR156C,145,97,6,7
YOR157C,679,597,31,24
YOR159C,69,26,2,30
YOR161C,657,562,28,31
YOR161C-C,3,2,NA,1
YOR162C,246,208,13,15
YOR164C,389,305,3,55
YOR166C,183,143,4,23
YOR167C,2328,1090,0,616
YOR171C,429,414,8,NA
YOR175C,384,319,5,44
YOR177C,66,45,NA,20
YOR178C,606,560,NA,33
YOR179C,130,87,2,28
YOR180C,82,50,18,7
YOR182C,1902,1223,NA,311
YOR185C,226,175,10,16
YOR186C-A,4,2,NA,2
YOR192C,223,132,NA,87
YOR194C,237,211,11,NA
YOR196C,273,235,1,22
YOR198C,1413,1172,9,174
YOR201C,330,295,1,9
YOR205C,300,272,0,12
YOR207C,1101,1052,0,25
YOR209C,788,633,59,40
YOR211C,454,442,NA,7
YOR213C,179,118,13,30
YOR215C,280,204,8,26
YOR216C,170,145,1,10
YOR218C,29,0,28,NA
YOR219C,429,421,NA,8
YOR221C,274,225,3,35
YOR224C,614,449,14,72
YOR226C,266,189,0,48
YOR228C,94,58,20,6
YOR234C,2167,1629,0,127
YOR242C,24,20,NA,2
YOR243C,600,532,0,48
YOR245C,226,182,24,11
YOR246C,375,314,14,19
YOR249C,149,143,0,0
YOR250C,205,184,1,6
YOR251C,293,231,2,31
YOR254C,981,906,0,35
YOR256C,248,242,NA,2
YOR259C,781,706,2,31
YOR261C,732,616,37,35
YOR267C,979,879,38,42
YOR270C,2285,2030,113,101
YOR271C,516,454,13,6
YOR273C,664,585,15,23
YOR275C,360,329,0,23
YOR279C,91,73,5,4
YOR280C,118,106,0,5
YOR281C,246,192,0,34
YOR287C,145,111,3,6
YOR288C,218,178,4,18
YOR290C,703,684,NA,9
YOR292C,114,102,0,3
YOR293C-A,0,0,0,0
YOR297C,175,123,3,28
YOR298C-A,2183,1290,27,679
YOR304C-A,208,59,NA,128
YOR306C,111,99,4,7
YOR307C,359,298,31,17
YOR308C,135,114,0,17
YOR309C,297,204,NA,53
YOR311C,215,159,9,37
YOR312C,4470,3659,47,227
YOR313C,36,20,9,7
YOR316C,382,303,31,31
YOR318C,25,14,NA,6
YOR320C,426,365,31,7
YOR322C,364,333,NA,26
YOR323C,788,697,0,37
YOR324C,252,209,15,15
YOR327C,255,150,14,30
YOR329C,519,500,NA,10
YOR333C,0,0,0,0
YOR335C,2034,1840,80,47
YOR339C,4,2,0,2
YOR340C,436,354,30,28
YOR342C,316,255,30,18
YOR343C,33,11,2,18
YOR344C,193,136,16,27
YOR347C,222,169,6,35
YOR348C,2048,1897,NA,116
YOR350C,247,232,1,9
YOR353C,334,328,NA,NA
YOR354C,804,741,3,37
YOR357C,253,219,0,11
YOR360C,374,293,55,13
YOR361C,1999,1943,NA,41
YOR362C,717,566,0,86
YOR363C,343,332,4,NA
YOR365C,21,14,NA,5
YOR369C,5096,3118,473,526
YOR370C,1084,847,146,54
YOR371C,334,302,13,11
YOR372C,576,497,5,58
YOR375C,10346,9190,236,419
YOR379C,24,18,5,NA
YOR383C,271,199,3,47
YOL164W,222,207,NA,9
YOL154W,26,22,1,1
YOL152W,68,62,0,6
YOL151W,241,215,0,8
YOL149W,151,142,0,NA
YOL146W,131,112,0,6
YOL144W,177,166,1,4
YOL142W,204,162,0,19
YOL141W,87,84,1,NA
YOL140W,399,368,5,10
YOL137W,307,261,4,26
YOL133W,239,134,0,90
YOL132W,8,6,NA,1
YOL130W,700,566,57,54
YOL129W,406,282,0,64
YOL127W,4627,3518,64,265
YOL125W,101,88,6,1
YOL123W,1236,722,470,NA
YOL117W,139,133,1,NA
YOL116W,141,98,15,20
YOL115W,207,182,14,NA
YOL113W,375,350,6,9
YOL112W,348,278,27,26
YOL110W,86,63,0,11
YOL109W,4090,2173,281,1053
YOL107W,251,223,2,16
YOL103W,486,419,24,22
YOL100W,351,337,NA,8
YOL097W-A,19,6,6,2
YOL093W,144,121,3,9
YOL092W,326,282,11,5
YOL091W,46,43,NA,3
YOL090W,374,356,2,8
YOL086W-A,145,74,11,37
YOL085W-A,36,3,9,20
YOL083W,78,70,4,2
YOL082W,391,329,25,13
YOL081W,1736,1706,NA,15
YOL078W,186,179,0,4
YOL077W-A,519,249,20,134
YOL076W,334,312,2,10
YOL072W,183,163,NA,8
YOL071W,174,119,NA,26
YOL069W,183,157,1,12
YOL061W,629,568,10,35
YOL059W,589,502,NA,77
YOL058W,1687,1425,66,156
YOL057W,483,435,1,27
YOL056W,99,76,2,13
YOL054W,117,97,4,8
YOL053W,154,145,NA,8
YOL051W,920,906,NA,NA
YOL049W,548,457,13,42
YOL045W,395,351,19,15
YOL044W,93,80,0,4
YOL042W,176,136,4,20
YOL039W,3995,2074,34,1181
YOL038W,626,553,0,17
YOL036W,627,482,109,20
YOL034W,182,172,0,4
YOL033W,184,164,4,10
YOL032W,113,91,3,8
YOL030W,1258,1099,16,101
YOL025W,82,75,1,4
YOL024W,1,1,NA,0
YOL023W,266,231,0,19
YOL020W,686,615,19,28
YOL019W,632,496,36,83
YOL017W,167,149,4,9
YOL015W,48,29,12,5
YOL014W,21,9,4,5
YOL013W-B,3,1,1,NA
YOL013W-A,1150,1145,NA,1
YOL011W,954,785,139,NA
YOL010W,276,217,15,31
YOL008W,128,102,0,15
YOL004W,1253,1215,NA,25
YOL001W,196,112,80,NA
YOR001W,532,511,3,7
YOR002W,573,536,0,18
YOR003W,129,101,0,24
YOR004W,236,179,4,38
YOR009W,313,297,NA,11
YOR011W,120,116,NA,3
YOR013W,8,7,NA,0
YOR014W,820,712,87,NA
YOR015W,87,67,7,4
YOR017W,239,219,6,12
YOR018W,255,242,3,NA
YOR019W,79,61,NA,15
YOR020W-A,171,75,1,76
YOR025W,406,335,0,37
YOR026W,251,193,NA,46
YOR027W,2061,1912,0,85
YOR029W,2,2,0,NA
YOR030W,316,282,13,6
YOR031W,88,36,2,32
YOR032W-A,59,3,49,3
YOR036W,167,141,0,14
YOR037W,157,142,1,6
YOR039W,416,255,58,91
YOR040W,49,40,NA,7
YOR042W,509,453,9,14
YOR043W,868,655,123,55
YOR044W,116,61,28,18
YOR045W,691,296,59,189
YOR053W,18,1,15,NA
YOR057W,255,217,9,11
YOR061W,510,362,27,80
YOR063W,11332,9909,15,721
YOR065W,2424,1489,285,520
YOR066W,457,406,NA,40
YOR069W,317,271,14,14
YOR073W,166,157,1,3
YOR075W,168,149,0,NA
YOR077W,47,40,3,NA
YOR078W,180,161,0,3
YOR080W,227,220,0,NA
YOR084W,142,124,4,6
YOR085W,412,370,13,10
YOR087W,321,288,7,17
YOR091W,334,270,19,23
YOR092W,267,241,1,15
YOR094W,117,78,8,17
YOR096W,4580,3680,47,318
YOR099W,514,447,9,33
YOR101W,196,132,9,44
YOR102W,47,1,42,NA
YOR104W,198,149,33,NA
YOR106W,80,60,3,14
YOR107W,74,47,11,12
YOR108W,1456,1346,6,59
YOR109W,771,732,24,NA
YOR110W,149,128,8,6
YOR111W,158,90,3,56
YOR112W,263,240,7,7
YOR113W,293,259,NA,29
YOR114W,95,72,10,11
YOR117W,783,673,24,60
YOR118W,161,119,20,9
YOR120W,1177,896,117,82
YOR127W,881,797,NA,61
YOR132W,325,287,19,4
YOR133W,17754,16983,92,338
YOR136W,2390,1915,135,202
YOR140W,348,259,31,49
YOR142W,1084,720,160,148
YOR146W,0,0,0,0
YOR147W,280,257,1,12
YOR150W,346,257,6,41
YOR153W,2946,2808,94,NA
YOR154W,146,129,3,8
YOR158W,397,368,0,13
YOR160W,489,472,7,3
YOR163W,132,96,1,19
YOR165W,593,548,4,28
YOR168W,1405,1318,2,27
YOR172W,274,250,3,15
YOR173W,249,208,0,28
YOR174W,200,146,16,22
YOR176W,379,307,12,39
YOR181W,289,264,8,14
YOR184W,848,699,40,71
YOR186W,51,7,38,5
YOR187W,1578,1299,0,179
YOR188W,390,381,4,NA
YOR189W,169,91,0,61
YOR190W,17,3,14,NA
YOR191W,591,560,12,11
YOR193W,104,94,3,3
YOR195W,319,279,12,16
YOR197W,522,460,0,26
YOR202W,523,486,0,NA
YOR204W,3669,2721,NA,890
YOR206W,822,760,5,25
YOR208W,657,618,NA,24
YOR210W,510,143,22,214
YOR212W,379,320,NA,44
YOR217W,384,336,9,25
YOR220W,430,369,0,37
YOR222W,397,336,4,19
YOR223W,133,117,0,8
YOR227W,833,786,NA,35
YOR229W,160,126,3,28
YOR230W,2001,1654,21,214
YOR231W,310,254,11,29
YOR232W,805,565,91,90
YOR233W,183,173,NA,6
YOR235W,66,64,0,NA
YOR236W,31,27,0,0
YOR237W,4,4,NA,0
YOR238W,174,151,0,10
YOR239W,464,443,6,NA
YOR241W,405,371,NA,31
YOR244W,215,178,10,16
YOR247W,3018,2027,747,NA
YOR252W,164,125,2,17
YOR253W,249,207,1,19
YOR255W,3,2,0,1
YOR257W,88,65,2,5
YOR258W,46,41,0,3
YOR260W,753,656,3,54
YOR262W,149,122,4,9
YOR264W,427,401,1,9
YOR265W,82,50,10,6
YOR266W,135,114,8,6
YOR269W,123,104,6,9
YOR272W,439,386,7,23
YOR274W,118,113,NA,NA
YOR276W,554,423,3,71
YOR278W,113,92,0,10
YOR283W,227,155,16,29
YOR284W,67,49,0,13
YOR285W,609,434,NA,105
YOR286W,356,286,NA,44
YOR289W,86,78,NA,5
YOR291W,578,561,NA,9
YOR293W,2925,1776,53,654
YOR294W,252,184,2,31
YOR295W,77,36,6,31
YOR296W,220,215,1,NA
YOR298W,26,23,3,NA
YOR299W,361,345,5,NA
YOR301W,219,175,0,36
YOR303W,2610,2377,NA,138
YOR304W,369,344,NA,16
YOR305W,226,209,7,NA
YOR314W,0,0,0,0
YOR314W-A,5,0,5,NA
YOR315W,282,199,3,68
YOR317W,2204,1893,25,204
YOR319W,144,122,0,12
YOR321W,213,205,2,1
YOR325W,8,1,6,0
YOR326W,1445,1422,NA,12
YOR328W,300,296,NA,1
YOR332W,898,663,30,84
YOR334W,124,120,NA,4
YOR336W,357,347,0,5
YOR337W,346,303,NA,41
YOR338W,23,15,1,7
YOR341W,3285,3038,94,112
YOR346W,287,264,11,10
YOR349W,215,211,0,4
YOR352W,139,118,2,9
YOR355W,1111,783,226,66
YOR356W,305,271,2,14
YOR358W,157,81,6,55
YOR359W,209,186,10,5
YOR364W,22,14,6,NA
YOR366W,6,2,NA,2
YOR367W,180,155,1,13
YOR368W,137,115,0,14
YOR373W,258,240,NA,16
YOR374W,1731,1506,33,88
YOR376W-A,298,21,105,157
YOR377W,380,324,0,40
YOR378W,9,5,NA,4
YOR380W,277,230,26,6
YOR381W,171,135,24,7
YOR381W-A,27,0,5,22
YOR382W,176,140,0,15
YOR384W,19,5,0,13
YOR385W,165,117,0,32
YOR386W,172,166,0,NA
YOR389W,264,214,2,42
YOR390W,303,244,NA,37
YPL279C,307,248,NA,41
YPL272C,273,122,141,NA
YPL264C,87,69,NA,16
YPL263C,436,416,0,5
YPL261C,1,1,0,0
YPL259C,271,231,0,28
YPL258C,255,145,103,NA
YPL256C,1131,916,83,72
YPL253C,113,105,2,4
YPL252C,178,125,8,19
YPL250C,357,208,27,59
YPL249C-A,3387,1947,66,834
YPL249C,206,188,2,7
YPL248C,44,40,0,4
YPL247C,308,283,NA,20
YPL246C,465,392,4,43
YPL244C,214,182,0,16
YPL242C,783,759,NA,17
YPL241C,104,90,0,6
YPL240C,4912,4660,58,75
YPL236C,164,130,8,18
YPL234C,648,429,16,89
YPL227C,129,113,6,3
YPL224C,227,189,NA,33
YPL223C,22,11,NA,8
YPL222C-A,1,1,0,NA
YPL217C,507,493,7,NA
YPL214C,379,343,17,7
YPL212C,362,344,6,NA
YPL210C,799,759,3,17
YPL209C,54,50,2,1
YPL206C,339,295,3,29
YPL205C,9,0,NA,3
YPL202C,259,187,7,60
YPL199C,211,177,0,15
YPL197C,10,1,9,NA
YPL192C,11,3,7,0
YPL191C,120,68,4,42
YPL190C,1072,888,24,135
YPL189C-A,494,134,81,206
YPL186C,118,94,NA,15
YPL184C,841,544,263,17
YPL183C,447,434,1,9
YPL177C,424,330,38,32
YPL176C,583,521,0,51
YPL174C,204,193,NA,6
YPL172C,265,226,11,10
YPL171C,51,44,NA,6
YPL169C,390,341,3,31
YPL167C,251,246,0,NA
YPL165C,0,0,0,0
YPL164C,158,155,0,NA
YPL163C,1185,896,2,230
YPL162C,154,93,3,56
YPL161C,133,127,2,NA
YPL159C,241,147,13,59
YPL158C,612,567,17,6
YPL156C,22,17,4,NA
YPL155C,296,252,3,34
YPL154C,2703,2054,344,122
YPL153C,108,96,NA,9
YPL151C,200,186,1,3
YPL148C,197,108,35,43
YPL146C,305,263,2,22
YPL145C,1440,818,155,410
YPL141C,518,467,40,NA
YPL140C,208,155,23,24
YPL139C,137,121,1,5
YPL138C,123,103,1,10
YPL137C,510,487,NA,20
YPL135C-A,17,1,0,16
YPL134C,202,173,0,13
YPL133C,153,125,8,12
YPL128C,250,205,3,31
YPL127C,433,307,1,76
YPL123C,200,164,5,25
YPL122C,190,172,0,8
YPL119C-A,19,10,NA,8
YPL119C,66,63,0,NA
YPL117C,648,508,54,26
YPL115C,411,393,NA,14
YPL113C,28,25,0,1
YPL112C,353,306,11,11
YPL110C,510,481,NA,16
YPL109C,128,117,2,5
YPL106C,3671,3534,31,NA
YPL105C,867,795,0,33
YPL103C,180,158,0,9
YPL102C,4,1,NA,2
YPL099C,111,76,0,23
YPL098C,272,145,2,86
YPL096C-A,67,34,4,20
YPL095C,110,104,0,6
YPL094C,459,391,0,31
YPL090C,6497,5575,66,428
YPL089C,831,747,49,16
YPL086C,310,284,2,13
YPL083C,199,176,6,10
YPL082C,739,721,NA,14
YPL078C,1390,985,41,286
YPL077C,75,47,NA,23
YPL071C,78,56,7,4
YPL069C,96,80,0,10
YPL068C,108,94,0,5
YPL067C,267,196,8,22
YPL064C,192,174,0,8
YPL058C,1215,1149,NA,52
YPL057C,989,625,90,230
YPL056C,54,20,7,19
YPL055C,163,144,0,7
YPL053C,551,474,31,18
YPL050C,658,521,70,34
YPL049C,385,325,2,37
YPL046C,66,29,0,29
YPL042C,181,142,31,6
YPL041C,52,38,0,9
YPL040C,303,289,NA,5
YPL037C,1497,1172,53,46
YPL033C,2,2,NA,0
YPL032C,747,652,43,23
YPL031C,392,335,4,22
YPL026C,589,456,8,96
YPL025C,15,13,0,1
YPL023C,436,388,19,17
YPL020C,263,227,18,7
YPL019C,433,399,8,10
YPL017C,67,66,NA,NA
YPL015C,379,298,11,58
YPL013C,139,116,3,0
YPL011C,177,153,2,11
YPL009C,598,573,0,16
YPL007C,195,186,0,5
YPL004C,2029,1546,10,298
YPL002C,164,95,0,48
YPR002C-A,759,515,8,NA
YPR003C,210,182,3,18
YPR004C,408,367,0,16
YPR005C,247,171,NA,67
YPR006C,74,63,NA,10
YPR007C,31,26,NA,5
YPR010C,2326,2211,23,51
YPR010C-A,444,256,11,74
YPR011C,118,94,4,18
YPR013C,88,59,15,7
YPR015C,11,8,NA,3
YPR016C,1143,851,64,128
YPR017C,124,70,0,47
YPR021C,261,256,NA,2
YPR022C,502,491,NA,7
YPR023C,322,270,8,24
YPR025C,146,132,0,5
YPR027C,1,1,NA,0
YPR029C,603,529,8,38
YPR033C,1134,1074,NA,30
YPR037C,94,80,1,7
YPR042C,588,582,NA,NA
YPR044C,1,1,NA,NA
YPR045C,302,260,3,21
YPR049C,218,209,1,2
YPR050C,2,2,NA,NA
YPR052C,434,222,NA,165
YPR053C,400,234,159,NA
YPR060C,233,186,5,25
YPR061C,49,42,2,0
YPR063C,405,222,22,119
YPR068C,38,38,NA,0
YPR069C,637,575,1,12
YPR073C,234,154,7,52
YPR074C,3762,3419,87,117
YPR075C,206,158,7,21
YPR081C,153,144,NA,NA
YPR082C,129,95,0,19
YPR085C,237,207,6,16
YPR088C,785,733,2,21
YPR091C,469,423,3,26
YPR093C,83,77,2,1
YPR095C,207,198,NA,4
YPR098C,111,82,1,11
YPR102C,4689,3980,62,246
YPR104C,289,231,33,24
YPR105C,421,404,6,8
YPR107C,130,89,8,16
YPR110C,771,653,0,85
YPR112C,408,390,9,NA
YPR120C,175,157,9,4
YPR123C,74,10,57,7
YPR126C,5,0,5,NA
YPR128C,137,105,4,20
YPR133C,340,298,10,16
YPR138C,636,488,81,53
YPR139C,180,156,4,5
YPR141C,125,102,8,10
YPR144C,519,476,1,21
YPR145C-A,8,3,5,NA
YPR146C,30,24,NA,NA
YPR148C,763,663,16,53
YPR151C,55,30,20,NA
YPR152C,94,68,0,22
YPR155C,205,188,4,6
YPR156C,936,763,94,50
YPR161C,384,353,8,15
YPR162C,210,203,0,1
YPR163C,1401,1147,63,114
YPR166C,225,130,5,41
YPR167C,65,52,NA,8
YPR170C,6,1,1,2
YPR173C,505,468,2,21
YPR174C,139,124,0,11
YPR176C,233,183,NA,42
YPR179C,178,163,1,8
YPR181C,1754,1561,16,131
YPR186C,74,68,NA,4
YPR188C,180,132,1,18
YPR190C,330,304,1,13
YPR193C,181,46,NA,125
YPR194C,405,375,NA,23
YPR195C,93,16,NA,74
YPR197C,1,1,NA,0
YPR199C,173,128,0,36
YPR200C,19,10,NA,4
YPL274W,1467,1385,16,13
YPL273W,724,583,25,45
YPL271W,759,374,30,240
YPL270W,386,359,3,7
YPL269W,115,104,0,7
YPL268W,168,162,2,0
YPL267W,159,131,0,13
YPL266W,385,332,9,13
YPL265W,824,656,43,89
YPL262W,852,803,NA,20
YPL260W,795,670,19,62
YPL257W,113,55,4,42
YPL255W,113,99,0,12
YPL254W,199,151,35,6
YPL251W,1,0,NA,1
YPL245W,154,138,1,2
YPL243W,724,642,30,20
YPL239W,287,176,27,58
YPL237W,925,750,19,56
YPL235W,515,453,9,15
YPL233W,117,98,1,10
YPL232W,538,400,60,38
YPL231W,13982,13573,NA,293
YPL230W,215,180,12,9
YPL229W,160,113,2,32
YPL228W,305,250,20,20
YPL226W,1659,1519,10,100
YPL225W,623,422,4,111
YPL222W,149,134,7,5
YPL221W,1216,1073,44,58
YPL220W,5940,5360,0,234
YPL219W,173,148,0,11
YPL218W,809,632,50,78
YPL216W,135,135,NA,NA
YPL215W,402,321,5,59
YPL213W,154,123,1,21
YPL211W,450,309,3,91
YPL208W,250,242,NA,2
YPL207W,427,383,16,21
YPL204W,719,623,54,26
YPL203W,320,215,29,61
YPL200W,5,4,1,0
YPL198W,4553,4357,20,78
YPL196W,139,117,5,5
YPL195W,572,547,0,13
YPL194W,86,78,0,6
YPL193W,213,157,2,48
YPL189W,26,25,0,0
YPL188W,309,273,0,22
YPL187W,3438,2169,109,820
YPL185W,6,4,0,0
YPL183W-A,265,133,29,60
YPL181W,241,204,11,15
YPL180W,303,270,1,22
YPL179W,710,515,72,85
YPL178W,387,279,15,54
YPL175W,300,248,5,33
YPL173W,255,189,18,30
YPL170W,206,139,11,26
YPL168W,97,80,10,5
YPL166W,245,73,4,158
YPL160W,2455,2241,36,121
YPL157W,174,94,6,65
YPL152W,175,140,5,14
YPL150W,292,282,NA,4
YPL149W,150,135,5,0
YPL147W,65,65,NA,0
YPL144W,165,124,0,20
YPL143W,3263,2160,32,562
YPL135W,932,382,74,365
YPL132W,154,115,14,10
YPL131W,8363,7011,0,662
YPL129W,322,234,16,41
YPL126W,862,832,11,NA
YPL125W,516,491,19,NA
YPL124W,79,71,0,1
YPL120W,138,120,0,5
YPL118W,593,489,48,28
YPL116W,368,354,NA,7
YPL114W,33,8,0,23
YPL111W,914,777,25,51
YPL108W,51,30,NA,16
YPL107W,107,72,6,12
YPL104W,238,215,0,9
YPL101W,214,192,5,14
YPL100W,152,145,2,2
YPL097W,256,225,2,17
YPL096W,142,134,0,5
YPL093W,1398,1231,6,109
YPL092W,182,150,10,12
YPL091W,600,525,NA,52
YPL088W,274,216,4,28
YPL087W,379,316,2,31
YPL085W,1167,1142,NA,19
YPL084W,500,470,6,8
YPL081W,2099,1637,40,251
YPL079W,4160,3280,17,450
YPL076W,133,70,15,42
YPL075W,465,430,NA,29
YPL074W,183,175,0,5
YPL072W,206,175,20,1
YPL070W,336,267,29,11
YPL066W,559,486,28,26
YPL065W,102,89,NA,6
YPL063W,580,488,35,26
YPL062W,0,0,0,0
YPL061W,3424,2941,77,190
YPL060W,100,84,9,2
YPL059W,354,236,29,43
YPL054W,22,20,1,NA
YPL052W,170,143,2,11
YPL051W,81,60,0,19
YPL048W,1404,1188,9,114
YPL047W,138,63,15,52
YPL045W,192,165,9,11
YPL043W,424,415,4,NA
YPL038W,94,78,0,12
YPL036W,1408,1407,NA,NA
YPL034W,144,66,49,12
YPL030W,203,167,11,16
YPL029W,195,188,0,5
YPL028W,1713,1397,81,78
YPL027W,1,1,0,0
YPL024W,262,223,4,19
YPL022W,597,541,9,36
YPL018W,145,63,0,73
YPL016W,435,412,NA,15
YPL014W,141,114,1,24
YPL012W,1154,1100,34,NA
YPL010W,557,382,22,78
YPL008W,291,244,34,6
YPL006W,639,605,6,3
YPL005W,98,90,0,6
YPL003W,133,125,0,0
YPL001W,169,152,1,1
YPR001W,26,23,0,2
YPR002W,147,123,3,11
YPR008W,356,292,48,15
YPR009W,78,63,8,1
YPR012W,7,0,6,NA
YPR018W,203,170,8,13
YPR019W,520,471,16,12
YPR020W,646,335,77,126
YPR024W,1282,970,56,219
YPR026W,310,307,NA,NA
YPR028W,1263,874,55,183
YPR030W,225,220,NA,1
YPR031W,141,139,1,NA
YPR032W,232,224,NA,6
YPR034W,378,316,8,40
YPR035W,2059,1704,93,201
YPR036W,2022,1820,42,86
YPR036W-A,2891,890,347,1155
YPR040W,165,150,NA,7
YPR041W,1079,873,72,87
YPR043W,2762,1903,89,301
YPR046W,91,75,0,8
YPR047W,184,153,5,12
YPR048W,201,188,1,4
YPR051W,170,133,0,12
YPR054W,6,2,4,0
YPR055W,398,390,1,NA
YPR056W,201,178,1,11
YPR057W,130,122,NA,3
YPR058W,175,155,0,4
YPR062W,266,226,1,23
YPR065W,423,336,23,41
YPR066W,54,54,NA,NA
YPR067W,147,103,0,25
YPR070W,258,218,4,28
YPR071W,93,57,1,26
YPR072W,560,487,35,19
YPR079W,155,139,9,3
YPR080W,39721,36538,243,1180
YPR083W,146,138,1,6
YPR084W,165,135,12,11
YPR086W,187,163,0,23
YPR087W,20,2,13,NA
YPR089W,491,461,2,15
YPR094W,77,50,2,8
YPR097W,556,489,36,15
YPR100W,186,125,1,26
YPR101W,127,81,2,30
YPR103W,676,557,17,45
YPR106W,176,165,0,NA
YPR108W,830,690,31,67
YPR108W-A,156,155,NA,0
YPR109W,169,139,24,NA
YPR111W,181,175,2,0
YPR113W,793,635,5,78
YPR114W,386,319,11,22
YPR115W,570,524,NA,38
YPR116W,58,42,NA,13
YPR117W,409,382,17,NA
YPR118W,361,321,3,10
YPR119W,468,326,105,21
YPR121W,92,87,NA,3
YPR122W,259,247,NA,7
YPR124W,215,163,15,33
YPR125W,323,265,10,28
YPR127W,214,182,14,10
YPR129W,475,426,0,18
YPR132W,4372,3166,64,530
YPR133W-A,476,116,19,249
YPR134W,98,75,0,16
YPR135W,329,321,NA,7
YPR137W,384,335,14,21
YPR140W,217,173,14,18
YPR143W,162,108,4,37
YPR145W,4242,3919,47,127
YPR149W,2674,1695,343,405
YPR150W,7,2,5,NA
YPR153W,62,38,3,16
YPR154W,415,292,0,93
YPR157W,34,31,0,0
YPR158W,290,224,10,39
YPR159W,1287,1064,90,102
YPR160W,3146,2779,161,117
YPR164W,628,510,0,106
YPR165W,1631,975,282,248
YPR169W,422,394,3,9
YPR170W-B,598,312,NA,204
YPR171W,173,157,2,3
YPR172W,131,108,3,5
YPR175W,186,181,0,4
YPR178W,136,120,0,6
YPR180W,198,178,0,7
YPR182W,128,62,19,23
YPR183W,837,692,21,52
YPR184W,769,744,NA,14
YPR185W,311,278,22,4
YPR187W,494,383,0,50
YPR189W,521,501,NA,14
YPR191W,1632,1320,29,197
YPR192W,6,3,0,0
YPR196W,122,104,0,15
YPR198W,323,281,5,12
YPR201W,43,22,NA,21