trx,cds,utr5,utr3,
YAL067C,1,1,NA,0
YAL063C-A,1,0,1,0
YAL063C,5,5,NA,0
YAL054C,6,6,NA,0
YAL049C,214,190,0,0
YAL047C,43,38,0,0
YAL046C,58,45,0,0
YAL044C,451,415,0,0
YAL043C,199,190,0,0
YAL040C,43,34,4,0
YAL039C,224,199,0,1
YAL037C-A,0,0,0,0
YAL036C,322,282,0,0
YAL034C-B,0,0,0,0
YAL034C,35,31,1,0
YAL032C,37,34,0,0
YAL031C,37,32,0,0
YAL029C,63,62,NA,0
YAL026C-A,5,4,NA,0
YAL026C,109,109,0,NA
YAL025C,262,236,0,0
YAL024C,27,26,NA,0
YAL023C,480,450,2,0
YAL022C,114,108,0,0
YAL021C,332,308,0,0
YAL020C,23,22,NA,0
YAL018C,0,0,0,0
YAL015C,60,58,NA,0
YAL014C,69,58,1,0
YAL010C,51,46,0,0
YAL007C,190,147,2,0
YAL005C,9222,8983,11,NA
YAL001C,70,70,0,NA
YAR002C-A,295,260,0,0
YAR007C,374,357,0,0
YAR014C,101,97,1,0
YAR018C,111,96,0,1
YAR019C,32,32,NA,0
YAR023C,8,0,8,NA
YAR047C,0,0,0,0
YAL066W,0,0,0,0
YAL064W-B,2,0,2,0
YAL062W,44,44,NA,0
YAL061W,45,40,2,0
YAL060W,388,350,1,0
YAL059W,121,120,NA,0
YAL058W,36,36,0,0
YAL056W,39,38,0,0
YAL055W,21,18,0,0
YAL053W,449,413,8,0
YAL051W,60,59,NA,0
YAL047W-A,0,0,0,0
YAL044W-A,105,78,NA,0
YAL042W,252,224,0,0
YAL041W,98,96,0,0
YAL038W,9763,9449,2,5
YAL037W,1,1,NA,NA
YAL035W,1412,1363,0,NA
YAL034W-A,42,38,0,0
YAL033W,78,70,NA,0
YAL030W,95,79,0,0
YAL028W,10,7,1,0
YAL027W,34,32,NA,0
YAL019W,193,190,NA,0
YAL017W,216,208,5,NA
YAL016W,573,552,1,0
YAL013W,82,74,0,0
YAL012W,1486,1369,2,0
YAL011W,25,25,NA,0
YAL009W,21,19,NA,0
YAL008W,87,66,0,0
YAL004W,1,0,0,1
YAL003W,2254,1985,0,1
YAL002W,30,29,NA,0
YAR002W,225,215,0,0
YAR003W,29,27,0,0
YAR008W,53,40,7,0
YAR015W,256,231,2,0
YAR019W-A,0,0,0,0
YAR027W,171,142,2,1
YAR028W,63,56,0,0
YAR029W,1,0,1,0
YAR031W,32,32,NA,0
YAR033W,38,30,1,0
YAR035W,8,8,NA,0
YAR042W,128,126,NA,0
YAR050W,1,1,NA,0
YAR053W,2,0,0,NA
YAR071W,24,24,NA,0
YBL113C,83,77,NA,1
YBL107C,66,63,NA,0
YBL106C,9,8,NA,0
YBL105C,116,112,0,0
YBL104C,41,41,NA,0
YBL103C,115,108,2,0
YBL101C,63,62,NA,0
YBL093C,104,84,3,0
YBL091C-A,38,36,NA,0
YBL091C,351,332,0,0
YBL088C,12,11,NA,0
YBL087C,1776,1566,1,1
YBL086C,45,41,0,0
YBL084C,48,45,NA,1
YBL080C,39,37,0,0
YBL078C,145,114,0,0
YBL076C,1292,1240,0,0
YBL075C,36,34,NA,0
YBL074C,29,27,NA,NA
YBL072C,2903,2676,0,0
YBL071C,0,0,0,0
YBL070C,5,1,3,NA
YBL067C,40,34,0,NA
YBL066C,42,40,1,0
YBL064C,304,271,1,0
YBL061C,152,147,0,0
YBL059C-A,116,81,0,0
YBL057C,97,82,0,0
YBL055C,84,80,0,0
YBL052C,10,7,3,0
YBL051C,228,213,0,1
YBL047C,860,838,3,1
YBL045C,1265,1187,11,3
YBL042C,411,385,1,0
YBL040C,224,182,0,0
YBL039C,717,699,NA,0
YBL036C,167,151,0,0
YBL035C,147,142,1,0
YBL034C,64,62,NA,0
YBL033C,178,160,0,0
YBL030C,1997,1736,12,2
YBL029C-A,113,90,2,1
YBL028C,204,167,0,0
YBL023C,168,162,0,0
YBL022C,457,435,2,1
YBL021C,46,40,0,0
YBL018C,57,43,2,0
YBL017C,261,256,NA,0
YBL014C,21,20,0,0
YBL010C,62,58,NA,0
YBL007C,566,558,1,0
YBL006C,113,94,0,0
YBL003C,1399,1117,1,2
YBL001C,273,230,0,0
YBR001C,124,117,0,0
YBR002C,54,48,0,0
YBR004C,41,35,0,1
YBR007C,75,74,NA,1
YBR008C,6,3,1,2
YBR009C,1436,1077,13,0
YBR011C,1587,1443,0,0
YBR012C,0,0,0,0
YBR013C,0,0,0,0
YBR014C,168,144,1,2
YBR015C,208,196,0,0
YBR017C,316,299,1,0
YBR018C,2,1,0,0
YBR019C,0,0,0,0
YBR023C,215,210,NA,0
YBR025C,1302,1166,2,0
YBR026C,267,254,NA,0
YBR028C,74,63,7,0
YBR029C,226,198,0,0
YBR034C,286,254,0,0
YBR035C,421,371,0,0
YBR036C,308,277,0,0
YBR037C,146,130,0,1
YBR042C,54,53,1,0
YBR043C,126,108,6,0
YBR044C,49,46,0,0
YBR045C,11,11,NA,0
YBR046C,113,104,0,0
YBR049C,303,288,0,1
YBR050C,1,1,0,0
YBR052C,279,247,3,0
YBR053C,207,198,0,0
YBR055C,68,68,0,0
YBR057C,125,114,3,1
YBR058C,195,192,0,0
YBR058C-A,141,87,1,0
YBR059C,200,193,4,NA
YBR060C,76,67,2,0
YBR061C,170,156,0,0
YBR062C,80,67,0,0
YBR063C,0,0,0,0
YBR065C,97,82,1,NA
YBR066C,38,36,NA,0
YBR067C,691,600,2,2
YBR068C,950,917,1,0
YBR069C,356,327,6,0
YBR070C,40,35,0,0
YBR072C-A,0,0,0,0
YBR076C-A,5,4,NA,0
YBR077C,134,121,2,NA
YBR079C,1179,1146,0,0
YBR080C,345,338,0,0
YBR081C,104,103,NA,0
YBR082C,1183,1015,12,1
YBR084C-A,2223,1964,0,0
YBR085C-A,700,535,1,2
YBR086C,368,349,15,0
YBR088C,540,468,0,0
YBR089C-A,224,173,NA,0
YBR091C,72,50,0,0
YBR092C,736,669,0,0
YBR093C,167,162,0,0
YBR095C,93,90,0,0
YBR099C,1,0,1,NA
YBR101C,336,310,0,0
YBR102C,109,102,0,0
YBR103C-A,0,0,0,0
YBR105C,45,40,0,0
YBR107C,4,2,0,0
YBR109C,707,580,2,1
YBR111C,330,312,NA,3
YBR112C,477,471,NA,0
YBR115C,776,766,NA,0
YBR120C,133,108,0,0
YBR121C,1103,1064,9,NA
YBR122C,206,168,1,1
YBR123C,100,97,0,0
YBR125C,47,40,3,0
YBR126C,1091,1010,4,1
YBR127C,1163,1079,0,0
YBR128C,6,5,0,NA
YBR129C,63,59,0,0
YBR130C,125,119,0,0
YBR132C,73,62,5,0
YBR133C,47,43,0,0
YBR138C,106,103,0,0
YBR140C,115,113,NA,0
YBR141C,46,46,0,0
YBR143C,800,752,0,0
YBR144C,0,0,0,0
YBR150C,49,48,0,0
YBR154C,404,352,0,1
YBR156C,61,55,0,0
YBR157C,5,4,NA,0
YBR162C,828,750,8,0
YBR164C,248,200,5,0
YBR166C,233,206,1,0
YBR167C,56,47,NA,0
YBR169C,281,263,0,0
YBR170C,183,166,1,0
YBR172C,162,155,0,0
YBR173C,351,293,0,0
YBR174C,0,0,0,0
YBR177C,555,511,0,0
YBR179C,131,124,0,0
YBR181C,3507,3229,1,1
YBR182C,33,32,NA,0
YBR182C-A,1,0,0,0
YBR185C,133,126,0,0
YBR188C,107,81,0,0
YBR193C,93,88,0,0
YBR195C,39,36,0,0
YBR196C,4220,3944,2,3
YBR197C,54,53,0,0
YBR198C,157,146,0,0
YBR201C-A,15,8,0,0
YBR204C,52,50,0,0
YBR208C,90,77,10,0
YBR211C,39,36,0,NA
YBR216C,40,36,0,0
YBR218C,567,531,0,0
YBR221C,734,664,10,0
YBR222C,214,199,0,0
YBR223C,27,23,0,0
YBR229C,127,121,0,0
YBR230C,297,251,0,0
YBR231C,49,46,1,0
YBR234C,476,440,0,0
YBR236C,151,132,1,0
YBR238C,86,83,NA,NA
YBR239C,59,56,1,0
YBR240C,6,6,NA,0
YBR241C,56,53,0,0
YBR243C,56,50,1,0
YBR245C,285,285,NA,NA
YBR247C,283,261,0,0
YBR248C,267,258,0,0
YBR249C,1383,1324,2,0
YBR254C,57,55,0,0
YBR255C-A,51,29,0,0
YBR256C,267,242,0,1
YBR258C,29,23,0,0
YBR260C,130,124,0,0
YBR261C,162,152,0,0
YBR262C,160,126,0,0
YBR264C,52,48,0,0
YBR269C,215,186,0,0
YBR270C,8,5,3,0
YBR272C,82,78,0,0
YBR273C,156,144,0,0
YBR275C,95,93,NA,NA
YBR276C,22,20,1,0
YBR277C,0,0,0,0
YBR280C,41,39,0,0
YBR281C,106,105,0,0
YBR283C,448,414,5,0
YBR288C,161,149,0,0
YBR291C,53,45,0,0
YBR292C,1,0,1,NA
YBR296C,3,3,0,0
YBR298C,1,0,1,0
YBL102W,118,97,0,1
YBL100W-C,0,0,0,0
YBL099W,2197,2054,43,4
YBL098W,42,38,NA,0
YBL097W,37,34,0,0
YBL095W,24,22,0,0
YBL092W,2376,2045,8,2
YBL090W,146,135,0,0
YBL089W,42,39,0,0
YBL085W,113,108,NA,0
YBL081W,92,87,2,0
YBL079W,175,166,0,NA
YBL071W-A,120,86,0,0
YBL068W,219,196,0,0
YBL063W,21,21,0,NA
YBL060W,40,38,0,0
YBL059W,61,57,NA,0
YBL058W,506,476,0,0
YBL056W,287,259,0,1
YBL054W,96,93,0,0
YBL050W,303,276,2,0
YBL048W,0,0,0,0
YBL046W,69,65,NA,0
YBL043W,21,17,3,0
YBL041W,498,449,0,0
YBL039W-B,15,5,1,0
YBL038W,252,223,0,0
YBL037W,121,118,0,0
YBL032W,170,152,1,0
YBL031W,25,24,0,0
YBL029W,21,21,NA,0
YBL027W,2254,1951,3,5
YBL026W,166,117,3,2
YBL025W,46,38,0,0
YBL024W,515,497,0,NA
YBL020W,29,26,0,0
YBL019W,18,17,NA,0
YBL016W,167,161,NA,0
YBL015W,137,128,0,0
YBL011W,96,92,2,0
YBL009W,103,96,1,0
YBL008W,37,35,NA,0
YBL005W,21,19,1,0
YBL004W,272,261,NA,0
YBL002W,1031,795,0,2
YBR003W,117,112,0,0
YBR005W,79,66,2,1
YBR006W,64,59,0,0
YBR010W,2191,1739,2,4
YBR016W,340,288,1,2
YBR020W,2,2,0,0
YBR021W,148,132,0,0
YBR022W,75,61,1,1
YBR024W,60,55,1,NA
YBR030W,27,23,1,0
YBR031W,5094,4802,0,0
YBR033W,28,27,NA,0
YBR038W,280,263,0,0
YBR039W,896,800,1,1
YBR041W,91,84,0,0
YBR047W,4,3,0,0
YBR048W,2014,1831,0,1
YBR051W,0,0,0,0
YBR054W,500,429,14,0
YBR056W,250,234,0,0
YBR056W-A,116,74,1,1
YBR071W,351,300,2,0
YBR072W,227,196,0,0
YBR073W,292,287,NA,0
YBR074W,138,136,NA,0
YBR076W,0,0,0,0
YBR078W,2402,2215,21,3
YBR083W,157,147,4,NA
YBR084W,518,497,0,1
YBR085W,3,3,0,0
YBR087W,139,133,0,1
YBR094W,93,84,0,NA
YBR096W,152,126,2,0
YBR097W,42,42,NA,0
YBR098W,19,18,0,0
YBR103W,85,78,1,0
YBR104W,69,64,0,0
YBR106W,415,355,0,0
YBR108W,124,121,0,0
YBR110W,82,73,0,0
YBR111W-A,120,98,2,0
YBR114W,63,62,1,0
YBR118W,17178,16250,0,7
YBR119W,54,43,1,0
YBR131W,39,38,0,0
YBR135W,135,119,1,0
YBR136W,51,50,NA,0
YBR137W,99,93,NA,0
YBR139W,410,396,NA,0
YBR141W-A,7,3,0,0
YBR142W,203,191,0,0
YBR145W,58,48,1,0
YBR146W,213,191,2,0
YBR147W,9,8,0,0
YBR148W,4,4,NA,0
YBR149W,826,776,2,0
YBR151W,91,84,1,0
YBR152W,36,34,0,NA
YBR153W,71,66,0,0
YBR155W,122,113,0,0
YBR158W,195,180,10,0
YBR159W,261,219,1,0
YBR160W,234,215,0,1
YBR161W,59,54,0,1
YBR162W-A,225,162,0,0
YBR163W,10,8,0,0
YBR165W,69,56,1,0
YBR168W,23,19,1,NA
YBR171W,169,150,0,0
YBR175W,29,29,NA,0
YBR176W,38,32,0,0
YBR178W,2,0,0,0
YBR183W,138,111,0,0
YBR184W,13,13,NA,0
YBR186W,0,0,0,0
YBR187W,132,102,3,0
YBR189W,2478,2068,0,2
YBR192W,66,62,2,0
YBR194W,38,28,0,0
YBR199W,189,171,2,0
YBR200W,118,109,2,0
YBR201W,28,22,1,0
YBR202W,197,194,0,1
YBR203W,73,69,2,1
YBR205W,174,169,0,NA
YBR207W,123,116,0,0
YBR210W,46,32,0,0
YBR212W,235,223,4,0
YBR213W,42,33,1,1
YBR214W,303,282,0,0
YBR215W,99,96,0,0
YBR217W,22,17,0,0
YBR225W,58,56,NA,0
YBR228W,16,15,NA,0
YBR230W-A,118,78,0,1
YBR233W,79,71,0,0
YBR233W-A,19,15,0,0
YBR235W,59,54,1,0
YBR237W,43,43,0,0
YBR242W,140,114,3,0
YBR244W,28,26,0,1
YBR246W,69,59,0,0
YBR250W,0,0,0,0
YBR251W,228,212,0,0
YBR252W,257,206,0,1
YBR253W,66,42,4,0
YBR255W,47,46,0,0
YBR257W,63,59,0,0
YBR259W,16,16,0,0
YBR263W,193,170,0,0
YBR265W,130,114,0,0
YBR267W,152,143,0,0
YBR268W,120,101,0,1
YBR271W,49,42,0,0
YBR274W,45,43,1,0
YBR278W,48,43,0,0
YBR279W,222,201,0,0
YBR282W,218,179,0,0
YBR284W,12,12,0,NA
YBR285W,5,5,NA,0
YBR286W,1038,981,0,1
YBR287W,186,176,0,0
YBR289W,179,178,0,0
YBR290W,124,105,0,1
YBR293W,13,13,NA,0
YBR294W,1,1,NA,0
YBR295W,17,17,NA,0
YBR297W,47,45,0,0
YBR299W,22,21,0,0
YCL064C,41,34,0,0
YCL061C,256,254,0,NA
YCL059C,528,445,0,0
YCL057C-A,640,463,1,0
YCL056C,39,35,NA,0
YCL052C,172,158,0,0
YCL050C,1250,1149,5,1
YCL049C,214,166,0,0
YCL047C,86,75,NA,0
YCL045C,600,572,0,0
YCL044C,152,140,1,0
YCL043C,2494,2411,NA,1
YCL041C,156,139,0,NA
YCL038C,102,97,0,0
YCL037C,1002,947,1,2
YCL035C,927,747,0,0
YCL033C,207,188,NA,0
YCL031C,397,354,0,0
YCL030C,1289,1230,1,0
YCL029C,129,115,0,4
YCL026C-B,61,56,0,0
YCL026C-A,1,1,NA,0
YCL025C,1129,1088,0,2
YCL017C,608,562,4,0
YCL016C,76,62,0,0
YCL012C,160,109,0,0
YCL011C,432,402,0,0
YCL010C,97,93,0,1
YCL009C,962,818,0,0
YCL008C,121,117,NA,1
YCL002C,24,17,0,0
YCR002C,691,603,1,0
YCR004C,824,755,4,1
YCR005C,1151,1077,1,1
YCR007C,30,21,5,0
YCR009C,647,576,0,1
YCR010C,1,1,NA,0
YCR011C,437,409,1,1
YCR014C,6,6,NA,0
YCR015C,107,93,0,0
YCR017C,380,351,0,0
YCR020C,15,14,NA,0
YCR020C-A,160,142,0,0
YCR021C,64,62,0,0
YCR022C,0,0,0,0
YCR023C,110,79,17,0
YCR024C,120,113,0,1
YCR024C-B,5,1,0,2
YCR024C-A,362,126,27,NA
YCR025C,2,1,NA,1
YCR026C,271,240,2,0
YCR027C,106,84,9,0
YCR028C,116,99,3,0
YCR028C-A,722,584,2,0
YCR030C,771,738,4,0
YCR031C,2905,2437,0,3
YCR035C,315,292,0,0
YCR037C,241,228,NA,1
YCR038C,26,26,NA,0
YCR042C,257,252,0,NA
YCR043C,183,147,0,0
YCR044C,77,73,0,0
YCR045C,1,1,0,0
YCR046C,333,305,NA,0
YCR047C,175,154,1,0
YCR054C,189,181,0,1
YCR057C,397,366,0,1
YCR059C,96,81,0,1
YCR064C,0,0,0,0
YCR067C,278,269,1,0
YCR071C,277,234,3,2
YCR072C,309,275,0,0
YCR073C,45,45,0,0
YCR075C,56,51,0,0
YCR076C,121,110,0,0
YCR077C,1355,1314,1,0
YCR084C,848,784,15,1
YCR087C-A,226,191,0,0
YCR090C,158,124,0,0
YCR092C,126,118,1,1
YCR095C,112,104,0,0
YCR098C,17,16,NA,0
YCR102C,4,4,0,0
YCL063W,139,136,0,0
YCL058W-A,107,84,0,0
YCL057W,556,543,0,1
YCL055W,136,128,0,0
YCL054W,501,477,0,0
YCL051W,112,102,4,0
YCL048W,5,5,NA,0
YCL040W,2847,2733,NA,0
YCL039W,181,172,0,0
YCL036W,87,84,NA,0
YCL034W,395,358,0,0
YCL032W,158,147,0,0
YCL028W,1021,964,0,0
YCL027W,10,8,0,0
YCL024W,163,159,0,NA
YCL021W-A,2,1,0,0
YCL018W,207,144,0,0
YCL014W,190,184,0,0
YCL005W-A,381,270,0,1
YCL005W,32,28,0,0
YCL004W,81,71,9,0
YCL001W,355,301,0,2
YCR003W,393,350,0,1
YCR008W,97,80,8,1
YCR012W,13007,12289,4,14
YCR016W,313,286,0,0
YCR019W,89,62,16,0
YCR020W-B,283,152,0,2
YCR032W,69,68,NA,0
YCR033W,83,83,NA,0
YCR034W,776,703,0,0
YCR036W,299,292,NA,0
YCR045W-A,10,0,9,1
YCR048W,56,51,0,0
YCR051W,293,261,0,1
YCR052W,331,298,0,1
YCR053W,2742,2565,2,1
YCR061W,199,190,0,0
YCR063W,108,86,0,1
YCR065W,207,189,1,0
YCR066W,89,78,1,0
YCR068W,91,86,2,0
YCR069W,221,197,3,0
YCR073W-A,362,333,0,0
YCR075W-A,96,59,0,0
YCR079W,18,15,0,0
YCR081W,99,95,0,NA
YCR082W,274,197,0,1
YCR083W,146,124,0,0
YCR085W,0,0,0,0
YCR086W,143,128,1,NA
YCR088W,1763,1697,1,0
YCR089W,18,18,NA,0
YCR091W,82,73,1,0
YCR093W,587,583,0,0
YCR094W,163,146,2,0
YCR095W-A,8,0,6,2
YCR097W,0,0,0,0
YCR105W,17,17,NA,0
YCR106W,42,39,0,NA
YCR107W,11,6,NA,0
YDL243C,8,5,2,0
YDL239C,2,2,NA,0
YDL238C,36,34,0,0
YDL235C,114,93,1,0
YDL234C,160,148,0,0
YDL231C,8,7,NA,0
YDL227C,81,79,NA,0
YDL226C,457,421,0,0
YDL224C,201,187,6,0
YDL222C,40,39,NA,NA
YDL220C,22,21,NA,0
YDL217C,159,130,3,0
YDL216C,29,25,NA,0
YDL215C,236,227,NA,0
YDL214C,5,5,0,0
YDL213C,217,201,0,0
YDL211C,16,15,0,0
YDL209C,46,44,0,0
YDL205C,65,56,2,1
YDL203C,96,86,2,0
YDL200C,35,30,NA,1
YDL199C,20,15,0,0
YDL198C,327,275,1,0
YDL197C,9,9,0,0
YDL190C,243,221,2,0
YDL188C,174,162,2,0
YDL187C,5,0,5,NA
YDL184C,821,383,0,5
YDL183C,29,28,0,0
YDL177C,13,11,1,0
YDL175C,89,83,0,0
YDL174C,273,244,0,NA
YDL171C,447,428,5,NA
YDL169C,13,13,NA,0
YDL167C,110,106,1,0
YDL166C,127,100,0,0
YDL164C,117,115,0,1
YDL160C-A,41,29,0,0
YDL160C,1021,948,16,0
YDL157C,165,121,2,0
YDL153C,225,216,1,0
YDL148C,298,289,0,NA
YDL145C,509,478,8,0
YDL144C,55,54,0,0
YDL142C,34,32,0,0
YDL140C,368,363,NA,0
YDL139C,29,25,NA,0
YDL135C,215,203,0,0
YDL134C,259,238,4,0
YDL133C-A,850,383,0,6
YDL126C,1829,1752,1,0
YDL125C,274,265,NA,0
YDL121C,145,115,0,0
YDL119C,48,42,0,0
YDL115C,70,58,0,0
YDL113C,80,76,0,0
YDL111C,144,134,2,0
YDL110C,254,218,1,0
YDL109C,6,6,NA,0
YDL106C,154,147,0,0
YDL104C,22,22,0,0
YDL103C,351,320,1,0
YDL101C,100,97,0,0
YDL100C,733,662,0,0
YDL098C,20,14,0,0
YDL097C,659,626,1,0
YDL094C,1,0,1,0
YDL091C,67,62,1,0
YDL090C,43,41,0,0
YDL088C,154,152,0,0
YDL087C,45,41,0,0
YDL086C-A,0,0,0,0
YDL085C-A,35,24,0,0
YDL083C,1390,1109,0,1
YDL081C,1388,1025,19,3
YDL080C,37,34,NA,0
YDL079C,5,5,NA,0
YDL078C,414,364,3,0
YDL077C,54,53,NA,0
YDL076C,66,56,6,0
YDL074C,204,195,1,0
YDL072C,472,371,0,1
YDL069C,15,12,0,1
YDL067C,354,204,0,1
YDL065C,168,155,0,0
YDL063C,137,128,0,0
YDL061C,799,445,0,3
YDL059C,23,22,0,NA
YDL055C,2861,2608,32,2
YDL054C,60,56,0,0
YDL053C,147,113,2,1
YDL052C,128,110,0,1
YDL049C,16,16,0,0
YDL048C,41,39,0,0
YDL045C,39,35,1,0
YDL044C,70,61,0,0
YDL043C,107,93,0,0
YDL042C,89,83,0,0
YDL040C,466,437,0,0
YDL039C,13,13,NA,0
YDL036C,64,60,NA,0
YDL035C,37,37,NA,0
YDL033C,27,27,0,0
YDL028C,73,60,4,0
YDL027C,43,29,1,0
YDL025C,71,66,2,0
YDL024C,3,3,NA,0
YDL020C,232,214,3,0
YDL019C,160,159,NA,0
YDL018C,95,83,0,0
YDL015C,435,395,0,NA
YDL012C,214,176,0,0
YDL009C,1,0,1,NA
YDL005C,161,157,0,0
YDL002C,83,73,1,0
YDR001C,532,521,NA,0
YDR005C,108,103,1,0
YDR006C,106,101,2,0
YDR008C,1,1,NA,0
YDR010C,0,0,0,0
YDR016C,38,27,0,0
YDR017C,124,117,NA,0
YDR018C,12,11,NA,0
YDR019C,409,387,NA,0
YDR020C,53,49,NA,0
YDR022C,34,30,0,0
YDR026C,38,36,1,0
YDR027C,70,63,2,0
YDR028C,318,310,NA,2
YDR030C,25,25,0,0
YDR032C,682,580,2,0
YDR034C,66,65,0,0
YDR036C,104,97,0,0
YDR038C,279,263,NA,0
YDR042C,1,1,NA,0
YDR045C,82,54,11,0
YDR046C,419,385,5,0
YDR048C,4,0,4,0
YDR050C,4570,4418,1,4
YDR051C,94,86,0,0
YDR052C,98,92,1,0
YDR054C,250,208,5,1
YDR056C,137,115,0,0
YDR058C,19,16,0,0
YDR059C,110,92,0,0
YDR066C,31,24,2,0
YDR067C,55,47,0,0
YDR069C,60,58,NA,0
YDR070C,13,8,0,0
YDR071C,454,384,6,0
YDR072C,182,175,1,0
YDR078C,9,6,0,0
YDR079C-A,32,22,1,0
YDR081C,89,82,0,0
YDR084C,105,84,0,0
YDR085C,57,56,NA,0
YDR086C,293,221,2,1
YDR087C,280,262,0,0
YDR088C,66,61,1,0
YDR090C,46,41,1,0
YDR091C,581,548,0,0
YDR097C,164,154,0,1
YDR098C,406,397,NA,1
YDR101C,424,400,0,0
YDR104C,28,27,NA,0
YDR105C,111,104,0,0
YDR107C,28,24,0,0
YDR109C,53,48,NA,0
YDR111C,87,78,2,0
YDR113C,117,114,0,0
YDR116C,215,195,0,0
YDR117C,122,109,1,0
YDR120C,234,231,NA,1
YDR123C,68,63,3,0
YDR125C,15,14,NA,1
YDR129C,1176,1118,0,0
YDR130C,80,71,0,0
YDR131C,29,27,0,0
YDR132C,25,20,1,0
YDR133C,808,2,686,2
YDR135C,316,310,NA,0
YDR139C,66,49,0,0
YDR141C,163,161,NA,NA
YDR142C,26,20,0,0
YDR143C,134,126,2,0
YDR144C,92,86,0,0
YDR146C,251,249,NA,0
YDR148C,622,592,0,0
YDR151C,120,113,0,0
YDR153C,292,266,3,0
YDR162C,126,103,0,0
YDR164C,79,70,0,0
YDR166C,161,160,NA,0
YDR169C,137,128,4,0
YDR170C,461,451,NA,0
YDR173C,42,41,0,NA
YDR175C,217,185,1,0
YDR179C,43,39,0,0
YDR181C,58,55,0,0
YDR185C,16,14,0,0
YDR186C,103,95,3,1
YDR190C,516,473,1,0
YDR192C,109,100,0,0
YDR194C,318,299,0,0
YDR196C,82,82,NA,0
YDR198C,41,34,0,0
YDR200C,42,40,0,0
YDR202C,63,60,0,0
YDR207C,56,55,1,NA
YDR215C,2,0,0,2
YDR217C,65,64,0,NA
YDR218C,2,2,NA,0
YDR219C,102,98,NA,0
YDR224C,1397,995,5,3
YDR228C,117,113,0,0
YDR231C,143,123,0,0
YDR233C,862,772,0,2
YDR236C,38,37,0,0
YDR238C,891,861,0,0
YDR239C,63,59,0,0
YDR240C,51,48,0,0
YDR243C,72,69,0,0
YDR248C,68,56,2,0
YDR249C,12,11,0,0
YDR253C,6,5,1,0
YDR255C,35,34,0,0
YDR256C,3,3,NA,0
YDR257C,125,116,0,0
YDR258C,1077,1023,0,0
YDR259C,16,13,1,1
YDR260C,98,75,0,0
YDR261C,84,81,0,0
YDR263C,17,12,2,0
YDR264C,164,157,0,0
YDR266C,192,180,7,0
YDR267C,70,65,1,0
YDR271C,2,1,NA,1
YDR274C,0,0,0,0
YDR276C,579,389,1,2
YDR277C,141,129,0,0
YDR281C,0,0,0,0
YDR282C,27,23,0,2
YDR283C,100,97,NA,0
YDR284C,144,128,3,0
YDR286C,27,25,NA,0
YDR289C,117,113,0,0
YDR292C,181,171,0,0
YDR293C,387,355,16,NA
YDR294C,241,232,0,0
YDR295C,80,71,1,1
YDR298C,563,494,6,0
YDR300C,98,78,0,0
YDR303C,120,115,0,0
YDR304C,415,362,0,1
YDR305C,72,67,NA,0
YDR306C,63,52,1,0
YDR308C,103,85,0,0
YDR309C,459,405,1,0
YDR310C,95,91,1,0
YDR313C,34,33,0,0
YDR314C,16,12,2,0
YDR315C,10,10,0,0
YDR319C,47,34,3,0
YDR320C,199,193,0,0
YDR320C-A,64,37,NA,0
YDR322C-A,267,225,0,0
YDR323C,15,15,0,0
YDR324C,305,303,NA,0
YDR326C,114,110,NA,0
YDR328C,407,328,4,0
YDR329C,94,86,0,0
YDR333C,145,143,0,0
YDR338C,28,27,0,0
YDR339C,232,191,0,0
YDR341C,980,926,0,0
YDR342C,3548,3383,21,2
YDR343C,3463,3300,21,0
YDR345C,1664,1604,2,1
YDR346C,296,255,1,0
YDR348C,165,155,1,0
YDR349C,79,73,0,0
YDR350C,47,44,1,0
YDR357C,61,54,1,1
YDR359C,47,43,3,0
YDR361C,247,216,0,0
YDR362C,53,49,0,0
YDR364C,47,41,0,1
YDR365C,369,350,2,1
YDR366C,0,0,0,0
YDR369C,43,42,NA,0
YDR370C,46,43,0,0
YDR372C,243,206,11,0
YDR375C,96,88,0,0
YDR378C,110,81,0,2
YDR379C-A,35,25,0,0
YDR381C-A,85,67,NA,0
YDR383C,35,25,0,0
YDR384C,251,215,4,0
YDR387C,26,16,10,0
YDR390C,152,145,0,0
YDR391C,138,127,0,0
YDR397C,115,92,6,0
YDR402C,1,1,NA,0
YDR404C,92,72,2,0
YDR407C,55,53,0,0
YDR408C,143,123,0,0
YDR410C,37,33,0,0
YDR411C,173,158,0,1
YDR414C,30,23,3,0
YDR415C,85,76,0,0
YDR422C,101,98,0,0
YDR423C,58,57,NA,0
YDR424C,94,72,0,0
YDR426C,0,0,0,0
YDR428C,52,44,0,0
YDR429C,762,680,0,1
YDR430C,185,178,0,0
YDR435C,50,43,0,0
YDR441C,44,36,2,0
YDR443C,54,53,NA,0
YDR445C,6,6,NA,0
YDR447C,2132,1737,0,3
YDR449C,176,156,0,1
YDR451C,230,217,0,0
YDR453C,19,19,0,0
YDR454C,377,327,0,0
YDR458C,137,125,1,0
YDR459C,11,10,0,0
YDR461C-A,28,18,0,0
YDR465C,182,162,0,0
YDR468C,103,94,0,0
YDR470C,81,73,0,0
YDR473C,57,51,1,0
YDR475C,55,50,0,0
YDR476C,99,93,0,0
YDR479C,65,63,0,0
YDR481C,165,148,1,0
YDR482C,29,26,0,0
YDR485C,109,105,0,0
YDR486C,156,141,0,0
YDR487C,355,314,0,0
YDR488C,24,24,NA,0
YDR490C,84,80,0,0
YDR495C,57,52,NA,0
YDR496C,517,487,0,0
YDR497C,785,736,4,0
YDR498C,65,59,0,0
YDR500C,1069,716,0,0
YDR502C,1424,1286,0,2
YDR503C,57,48,0,0
YDR504C,1,0,NA,1
YDR505C,218,202,6,NA
YDR506C,28,23,0,3
YDR507C,375,371,NA,0
YDR508C,1088,1020,0,0
YDR510C-A,0,0,0,0
YDR512C,50,46,NA,0
YDR514C,51,51,0,0
YDR516C,341,321,0,0
YDR520C,21,19,0,0
YDR522C,0,0,0,0
YDR523C,3,3,NA,0
YDR524C,46,41,3,0
YDR524C-B,2145,1398,22,1
YDR524C-A,3,0,0,3
YDR529C,696,565,1,1
YDR530C,42,39,NA,0
YDR532C,48,43,0,0
YDR533C,224,192,0,1
YDR534C,0,0,0,0
YDR535C,2,1,NA,1
YDR540C,9,6,0,0
YDR541C,8,5,0,0
YDL248W,275,264,0,0
YDL244W,21,21,NA,0
YDL242W,1,1,NA,0
YDL241W,37,33,0,0
YDL240W,48,46,NA,0
YDL237W,90,85,0,0
YDL236W,326,285,0,1
YDL233W,68,59,0,0
YDL232W,53,18,0,0
YDL230W,40,36,0,0
YDL229W,5186,4968,1,1
YDL225W,270,250,0,0
YDL221W,0,0,0,0
YDL219W,125,95,0,0
YDL218W,6,6,0,0
YDL212W,303,250,0,1
YDL210W,2,2,NA,0
YDL208W,483,388,4,0
YDL207W,51,49,0,0
YDL206W,11,10,1,0
YDL204W,257,230,12,0
YDL202W,160,139,0,0
YDL201W,168,143,0,0
YDL195W,757,729,4,0
YDL194W,14,14,NA,0
YDL193W,149,124,3,0
YDL192W,966,871,0,1
YDL191W,2011,1663,0,1
YDL189W,69,64,2,0
YDL185W,2922,2824,4,0
YDL182W,714,677,0,0
YDL181W,224,176,1,1
YDL180W,28,24,3,0
YDL179W,128,111,0,0
YDL178W,243,234,0,0
YDL176W,43,35,7,0
YDL173W,309,296,NA,NA
YDL170W,46,43,NA,0
YDL168W,464,424,0,1
YDL165W,122,109,1,0
YDL161W,227,218,0,0
YDL159W,62,60,1,0
YDL156W,29,27,0,NA
YDL155W,88,81,2,0
YDL154W,4,4,NA,0
YDL150W,160,151,0,NA
YDL149W,46,44,NA,0
YDL147W,667,613,0,1
YDL146W,16,12,2,0
YDL143W,668,620,0,0
YDL141W,90,86,1,0
YDL138W,14,9,4,0
YDL137W,526,439,6,0
YDL136W,1868,1608,2,0
YDL133W,42,35,2,0
YDL132W,249,235,6,NA
YDL131W,925,872,0,0
YDL130W-A,256,174,0,1
YDL130W,1716,1288,0,6
YDL129W,7,4,0,1
YDL128W,310,291,0,0
YDL127W,57,48,0,3
YDL124W,989,874,3,0
YDL123W,53,40,0,0
YDL122W,237,234,2,NA
YDL120W,153,124,3,0
YDL117W,123,113,3,0
YDL116W,162,152,0,0
YDL114W,0,0,0,0
YDL112W,252,249,NA,0
YDL108W,52,47,0,0
YDL107W,53,50,0,0
YDL105W,31,29,0,0
YDL102W,177,173,0,0
YDL099W,192,172,0,0
YDL095W,440,405,1,0
YDL093W,59,49,0,0
YDL092W,234,203,0,0
YDL089W,35,29,0,0
YDL086W,468,429,NA,1
YDL085W,9,8,0,0
YDL084W,1133,1060,6,0
YDL082W,1553,1335,1,4
YDL075W,1785,1425,1,0
YDL073W,35,28,4,0
YDL070W,123,116,0,1
YDL068W,3,2,NA,1
YDL066W,343,329,0,0
YDL064W,175,151,0,0
YDL060W,235,232,0,NA
YDL058W,87,86,0,0
YDL057W,35,30,0,0
YDL056W,75,74,NA,0
YDL051W,390,355,0,0
YDL046W,256,204,0,1
YDL045W-A,144,94,0,1
YDL041W,0,0,0,0
YDL032W,0,0,0,0
YDL031W,238,235,0,0
YDL030W,52,49,0,0
YDL029W,521,466,0,1
YDL025W-A,0,0,0,0
YDL022W,1929,1796,7,3
YDL021W,63,52,0,0
YDL017W,55,51,NA,0
YDL014W,1485,1341,20,1
YDL013W,30,29,0,0
YDL010W,122,110,0,0
YDL008W,83,71,0,0
YDL007W,524,481,0,1
YDL006W,60,54,3,0
YDL004W,540,436,2,0
YDL003W,129,127,NA,0
YDL001W,81,70,0,0
YDR002W,987,855,0,0
YDR003W-A,0,0,0,0
YDR004W,23,23,NA,0
YDR007W,21,19,0,0
YDR009W,12,12,0,0
YDR011W,304,286,3,0
YDR012W,5151,4925,0,0
YDR013W,47,40,0,0
YDR014W,44,44,0,0
YDR014W-A,2,1,NA,0
YDR021W,73,68,1,0
YDR023W,1672,1555,0,0
YDR024W,1,1,NA,NA
YDR025W,2515,2301,NA,0
YDR031W,113,92,0,0
YDR033W,1996,1766,49,3
YDR034W-B,73,52,0,0
YDR035W,583,532,0,0
YDR037W,2222,2105,0,0
YDR041W,145,129,0,1
YDR044W,120,112,0,0
YDR047W,162,144,1,0
YDR049W,101,97,1,0
YDR055W,1623,1527,0,1
YDR057W,70,64,0,0
YDR060W,418,395,0,0
YDR061W,83,78,0,0
YDR062W,278,249,9,1
YDR063W,95,82,3,0
YDR064W,2118,1862,0,3
YDR065W,22,20,1,0
YDR068W,115,109,0,NA
YDR073W,49,35,12,NA
YDR074W,872,806,7,NA
YDR075W,42,39,0,0
YDR076W,37,20,0,15
YDR077W,14924,14044,18,26
YDR079W,78,65,0,1
YDR080W,101,91,0,NA
YDR082W,5,4,0,0
YDR083W,203,190,0,0
YDR089W,111,108,0,0
YDR092W,250,200,0,0
YDR093W,77,73,0,NA
YDR096W,138,129,NA,0
YDR099W,1098,947,17,0
YDR100W,152,127,1,0
YDR103W,109,108,NA,0
YDR106W,12,9,NA,0
YDR108W,44,40,0,0
YDR110W,58,54,0,0
YDR115W,154,128,0,0
YDR118W,29,26,0,NA
YDR119W,219,207,2,0
YDR119W-A,73,45,0,0
YDR121W,97,74,1,0
YDR122W,174,172,NA,0
YDR124W,22,7,15,0
YDR126W,13,10,0,NA
YDR127W,1261,1215,0,0
YDR128W,40,40,NA,0
YDR137W,59,52,0,0
YDR138W,77,74,0,0
YDR140W,66,51,0,0
YDR145W,310,293,1,0
YDR147W,62,54,0,0
YDR150W,508,501,0,0
YDR152W,207,189,0,0
YDR158W,1202,1154,0,1
YDR159W,45,45,0,NA
YDR160W,7,4,3,NA
YDR161W,201,185,0,1
YDR163W,88,78,NA,1
YDR165W,254,233,0,0
YDR167W,92,86,0,0
YDR168W,440,407,0,0
YDR171W,404,362,0,0
YDR172W,1360,1301,0,0
YDR174W,581,525,0,0
YDR176W,103,101,0,0
YDR177W,376,327,4,1
YDR178W,218,176,1,0
YDR179W-A,26,22,0,0
YDR180W,38,38,0,NA
YDR182W,132,125,0,0
YDR183W,61,48,2,0
YDR188W,505,465,0,0
YDR189W,239,230,0,0
YDR191W,35,29,0,0
YDR195W,127,122,1,0
YDR197W,50,45,1,0
YDR201W,28,24,NA,0
YDR204W,84,79,0,0
YDR205W,66,61,0,0
YDR206W,163,142,16,NA
YDR208W,174,162,3,0
YDR210W,351,278,0,0
YDR211W,258,234,2,0
YDR212W,615,569,1,1
YDR213W,103,97,3,0
YDR214W,1055,955,5,1
YDR216W,320,312,NA,0
YDR221W,84,83,0,0
YDR222W,68,66,0,0
YDR223W,2,0,2,NA
YDR225W,1656,1333,11,1
YDR226W,1008,860,0,4
YDR227W,111,102,0,0
YDR229W,95,86,2,0
YDR232W,298,281,0,0
YDR234W,254,242,0,0
YDR235W,68,63,NA,0
YDR237W,122,99,2,0
YDR241W,4,4,NA,0
YDR242W,21,18,1,0
YDR244W,144,138,0,0
YDR245W,138,128,0,0
YDR246W,92,81,0,0
YDR247W,34,29,3,1
YDR251W,142,128,8,NA
YDR252W,45,38,0,1
YDR254W,19,19,0,0
YDR262W,136,124,0,0
YDR265W,37,27,7,0
YDR268W,64,63,0,0
YDR270W,32,31,NA,0
YDR272W,316,278,0,0
YDR273W,4,4,0,NA
YDR275W,15,14,0,0
YDR279W,52,40,2,0
YDR280W,153,125,3,0
YDR285W,16,16,NA,0
YDR287W,55,49,0,0
YDR288W,42,41,NA,1
YDR291W,41,39,NA,0
YDR296W,231,209,0,0
YDR297W,164,143,0,0
YDR299W,268,240,0,0
YDR301W,86,84,0,0
YDR302W,64,63,0,1
YDR307W,104,99,0,0
YDR311W,85,85,0,0
YDR312W,154,144,0,0
YDR316W,141,129,0,0
YDR317W,3,3,0,0
YDR318W,24,24,0,0
YDR320W-B,0,0,0,0
YDR321W,464,424,0,0
YDR322W,256,224,0,0
YDR325W,71,69,NA,0
YDR330W,108,102,0,0
YDR331W,166,146,0,0
YDR332W,9,9,0,0
YDR334W,45,40,1,0
YDR335W,189,188,NA,0
YDR336W,15,13,NA,0
YDR337W,182,164,0,0
YDR347W,140,130,2,0
YDR351W,122,120,NA,NA
YDR352W,95,84,2,0
YDR353W,728,679,0,0
YDR354W,171,148,4,0
YDR356W,116,113,0,0
YDR358W,203,190,0,0
YDR363W,23,20,1,0
YDR363W-A,243,195,0,0
YDR367W,87,77,0,0
YDR368W,272,244,3,0
YDR371W,45,42,1,0
YDR374W-A,40,27,0,0
YDR376W,64,62,0,0
YDR377W,473,332,1,0
YDR379W,105,100,0,1
YDR380W,304,275,6,0
YDR381W,622,588,0,0
YDR382W,1706,1311,20,6
YDR385W,6411,6182,1,0
YDR386W,31,30,0,0
YDR388W,623,603,0,0
YDR389W,69,63,NA,0
YDR392W,41,37,0,0
YDR393W,41,37,0,0
YDR394W,417,369,5,0
YDR395W,472,446,4,0
YDR396W,1,0,NA,1
YDR398W,218,211,0,0
YDR399W,163,142,0,0
YDR401W,2,1,NA,1
YDR403W,14,14,NA,0
YDR405W,222,194,0,0
YDR406W,49,49,NA,NA
YDR409W,34,31,NA,0
YDR412W,165,146,0,0
YDR416W,50,50,0,0
YDR418W,2249,1884,1,1
YDR419W,29,27,0,0
YDR420W,121,119,NA,0
YDR421W,36,35,0,0
YDR425W,51,49,NA,0
YDR427W,504,458,0,0
YDR434W,120,108,0,0
YDR436W,83,79,1,0
YDR438W,1,1,0,0
YDR439W,19,15,0,0
YDR440W,42,40,0,0
YDR442W,0,0,0,0
YDR444W,31,26,2,0
YDR446W,2,2,NA,NA
YDR448W,98,86,0,0
YDR450W,2181,1885,0,1
YDR452W,126,113,3,0
YDR456W,114,105,1,0
YDR457W,278,270,2,0
YDR460W,78,69,2,0
YDR461W,0,0,0,0
YDR462W,224,193,0,0
YDR463W,290,265,0,1
YDR464W,63,58,1,NA
YDR466W,68,63,0,0
YDR469W,81,69,0,0
YDR471W,1362,1165,0,5
YDR472W,94,84,0,0
YDR477W,294,272,0,0
YDR478W,39,33,0,0
YDR483W,260,231,0,0
YDR484W,75,74,0,0
YDR489W,64,59,0,1
YDR492W,115,93,1,0
YDR493W,141,94,1,0
YDR494W,222,206,0,0
YDR499W,25,23,0,NA
YDR501W,25,24,0,0
YDR510W,379,284,0,3
YDR511W,121,107,NA,0
YDR513W,368,339,0,0
YDR515W,123,118,0,0
YDR517W,103,87,0,1
YDR518W,116,109,0,0
YDR519W,131,115,0,0
YDR525W-A,284,197,0,1
YDR527W,66,61,0,0
YDR528W,35,27,2,0
YDR531W,124,106,4,0
YDR536W,19,16,NA,0
YDR538W,29,22,0,1
YDR539W,177,165,0,0
YEL073C,87,73,0,0
YEL068C,20,17,0,0
YEL064C,34,32,0,0
YEL063C,56,21,1,0
YEL061C,69,63,3,NA
YEL060C,1341,1273,0,0
YEL059C-A,25,20,0,0
YEL057C,2,2,NA,0
YEL055C,253,242,1,0
YEL054C,1819,1547,1,4
YEL053C,52,46,0,0
YEL050C,206,191,1,0
YEL048C,43,41,NA,0
YEL047C,340,316,0,NA
YEL046C,1140,1076,NA,2
YEL039C,174,122,1,1
YEL037C,384,357,2,0
YEL036C,158,149,2,0
YEL034C-A,0,0,0,0
YEL029C,50,43,0,0
YEL025C,21,21,NA,0
YEL023C,2,1,1,NA
YEL017C-A,160,50,2,0
YEL016C,15,14,1,0
YEL009C-A,0,0,0,0
YEL009C,323,76,235,0
YEL008C-A,1,0,NA,1
YEL005C,29,21,0,0
YEL002C,368,333,0,0
YEL001C,294,259,0,0
YER003C,731,676,0,1
YER007C-A,305,263,0,0
YER008C,153,146,0,0
YER010C,60,55,0,0
YER017C,235,226,NA,0
YER018C,36,28,3,0
YER019C-A,194,163,2,1
YER023C-A,0,0,0,0
YER026C,893,800,0,0
YER027C,231,216,0,0
YER028C,7,5,0,0
YER029C,88,67,0,0
YER031C,302,263,0,0
YER033C,38,37,NA,0
YER036C,831,772,1,0
YER038C,13,13,0,0
YER039C,1,1,NA,0
YER043C,3992,3710,0,3
YER044C,211,159,0,0
YER044C-A,0,0,0,0
YER045C,51,49,0,0
YER047C,81,77,NA,1
YER048C,287,257,5,0
YER050C,240,187,6,0
YER052C,576,536,0,0
YER053C,263,221,4,0
YER053C-A,303,130,0,5
YER054C,46,46,NA,0
YER055C,637,566,0,1
YER056C,773,709,8,0
YER056C-A,1818,1397,0,2
YER057C,307,223,2,0
YER061C,45,39,0,0
YER062C,595,506,1,1
YER064C,275,254,2,0
YER065C,9,2,7,0
YER071C,72,55,0,0
YER075C,51,50,0,0
YER076C,13,7,4,0
YER077C,176,173,NA,0
YER078C,59,52,1,0
YER082C,239,218,1,0
YER083C,230,206,0,0
YER085C,0,0,0,0
YER087C-B,153,88,0,2
YER088C,168,164,1,0
YER088C-A,14,8,NA,3
YER089C,234,197,8,NA
YER091C,2316,2201,7,0
YER093C,40,40,NA,0
YER093C-A,44,31,0,0
YER094C,352,309,4,1
YER099C,202,193,0,0
YER101C,84,82,0,0
YER105C,160,154,0,0
YER107C,113,97,1,0
YER109C,24,22,NA,NA
YER110C,397,379,1,0
YER111C,80,74,4,NA
YER113C,44,40,0,0
YER114C,147,146,NA,0
YER115C,10,6,3,1
YER116C,55,50,NA,2
YER118C,116,101,2,0
YER119C,73,69,0,0
YER122C,365,339,1,0
YER124C,594,574,0,1
YER126C,339,297,0,0
YER130C,90,84,0,0
YER132C,29,28,NA,0
YER134C,117,106,1,0
YER137C,37,33,0,0
YER139C,71,62,0,0
YER142C,14,12,0,0
YER144C,41,40,0,0
YER145C,95,90,0,0
YER147C,41,41,0,NA
YER149C,45,44,0,0
YER151C,286,273,0,0
YER152C,67,52,0,0
YER155C,174,173,NA,0
YER156C,376,355,0,0
YER158C,17,17,NA,0
YER159C,226,156,23,2
YER161C,93,84,0,2
YER162C,43,43,0,0
YER163C,89,81,0,1
YER168C,148,146,NA,0
YER172C,231,223,0,0
YER174C,67,59,NA,0
YER175C,106,101,0,0
YER180C,0,0,0,0
YER180C-A,28,19,1,0
YER181C,0,0,0,0
YER183C,48,46,NA,0
YER184C,10,10,NA,0
YER186C,2,1,1,0
YER188C-A,1,1,0,NA
YEL072W,10,5,4,0
YEL071W,796,733,0,0
YEL070W,2,2,NA,0
YEL066W,119,116,NA,0
YEL065W,87,79,0,0
YEL062W,32,30,0,0
YEL058W,345,315,0,1
YEL056W,81,72,0,NA
YEL052W,76,72,0,0
YEL051W,402,360,2,0
YEL049W,6,1,5,0
YEL044W,52,45,NA,0
YEL043W,67,63,0,0
YEL042W,225,197,5,0
YEL041W,27,22,1,NA
YEL040W,597,574,0,0
YEL038W,99,93,0,0
YEL034W,2971,2603,13,1
YEL033W,4,1,NA,NA
YEL032W,158,150,0,0
YEL031W,557,523,0,0
YEL030W,10,10,NA,0
YEL028W,2,1,1,0
YEL027W,1175,980,5,3
YEL026W,479,357,7,0
YEL024W,781,670,7,1
YEL022W,138,136,NA,0
YEL021W,1629,1435,5,1
YEL020W-A,363,262,0,0
YEL018W,31,30,NA,0
YEL017W,134,122,0,0
YEL015W,280,274,0,0
YEL013W,308,284,7,1
YEL012W,72,64,2,0
YEL011W,205,198,0,0
YEL008W,1,1,NA,0
YEL007W,162,155,NA,0
YEL006W,58,41,1,1
YEL004W,24,20,0,0
YEL003W,164,136,NA,0
YER001W,368,349,0,0
YER002W,308,245,0,1
YER004W,166,154,0,1
YER005W,39,33,0,0
YER006W,467,439,0,0
YER007W,13,13,0,0
YER009W,719,602,0,0
YER011W,8,8,0,0
YER012W,331,282,1,0
YER013W,95,91,NA,0
YER014W,67,61,0,0
YER015W,24,23,NA,1
YER016W,92,86,NA,0
YER019W,63,61,NA,0
YER020W,119,107,0,0
YER021W,483,459,0,0
YER022W,127,115,0,0
YER023W,421,358,0,0
YER024W,28,27,NA,0
YER025W,1115,1072,1,0
YER030W,201,161,0,0
YER032W,105,98,0,0
YER034W,56,50,0,0
YER035W,324,270,3,0
YER037W,11,11,0,0
YER038W-A,1,1,0,0
YER040W,57,53,0,0
YER041W,17,13,2,0
YER042W,112,102,0,0
YER046W,27,19,3,0
YER048W-A,115,75,2,1
YER049W,359,337,0,0
YER051W,21,20,0,NA
YER058W,54,45,0,0
YER059W,90,86,3,0
YER060W,10,10,0,NA
YER060W-A,101,100,NA,0
YER063W,245,221,0,0
YER066W,6,4,2,0
YER067W,490,398,5,1
YER068W,232,219,0,0
YER069W,789,764,2,0
YER070W,1110,1045,1,0
YER072W,384,290,0,1
YER073W,439,413,0,0
YER074W,2010,1852,0,0
YER074W-A,86,70,0,0
YER076W-A,3,3,NA,0
YER079W,105,90,5,0
YER080W,206,181,0,0
YER081W,229,228,0,0
YER084W,6,5,NA,0
YER086W,377,349,1,0
YER087W,73,68,0,0
YER088W-B,0,0,0,0
YER090W,635,580,1,0
YER092W,151,124,0,0
YER095W,200,192,NA,0
YER096W,3,3,NA,0
YER098W,21,20,NA,0
YER100W,238,216,4,0
YER102W,2864,2647,0,0
YER103W,146,141,0,0
YER104W,59,47,0,0
YER106W,1,1,NA,0
YER112W,194,161,3,0
YER117W,1991,1732,0,5
YER120W,558,523,0,1
YER121W,12,10,NA,0
YER123W,128,115,2,2
YER125W,469,462,NA,0
YER127W,184,172,0,0
YER128W,50,49,NA,0
YER129W,27,27,NA,0
YER131W,1088,888,11,4
YER133W,548,501,2,1
YER136W,326,293,2,1
YER138W-A,42,3,NA,38
YER140W,36,34,NA,1
YER141W,332,296,0,0
YER143W,173,162,0,0
YER146W,129,102,0,0
YER148W,177,144,8,0
YER150W,142,113,0,0
YER154W,98,91,0,0
YER157W,76,72,0,0
YER158W-A,0,0,0,0
YER164W,156,155,NA,0
YER165W,1506,1431,6,0
YER166W,183,181,NA,0
YER167W,111,108,2,0
YER169W,66,63,1,0
YER170W,60,51,0,0
YER171W,100,96,0,0
YER173W,19,18,0,NA
YER175W-A,0,0,0,0
YER176W,104,102,0,0
YER177W,2107,1858,1,3
YER178W,829,747,0,0
YER179W,5,4,NA,0
YER182W,131,110,0,0
YER187W,2,0,1,1
YER188W,4,3,0,0
YFL057C,5,4,0,0
YFL054C,33,32,NA,0
YFL050C,7,0,7,0
YFL048C,260,241,0,0
YFL045C,1034,900,6,1
YFL044C,115,102,0,0
YFL042C,65,65,0,0
YFL039C,3205,2974,18,0
YFL038C,746,628,0,4
YFL034C-B,136,124,0,0
YFL034C-A,196,131,0,0
YFL033C,81,78,NA,0
YFL029C,30,29,NA,0
YFL028C,135,122,0,0
YFL027C,40,38,0,0
YFL025C,66,61,0,0
YFL024C,55,54,NA,0
YFL022C,757,731,0,0
YFL021C-A,0,0,0,0
YFL020C,0,0,0,0
YFL018C,956,877,0,1
YFL017C,121,108,0,0
YFL016C,406,387,2,0
YFL013C,188,179,0,0
YFL010C,825,737,0,3
YFL003C,0,0,0,0
YFL002C,125,122,0,0
YFR003C,162,135,0,0
YFR005C,46,40,0,0
YFR011C,196,171,0,0
YFR014C,105,96,2,0
YFR015C,274,254,5,0
YFR016C,222,221,NA,0
YFR017C,113,89,5,0
YFR018C,53,44,0,0
YFR024C-A,180,164,0,0
YFR025C,72,70,0,0
YFR026C,7,3,1,1
YFR028C,127,114,2,0
YFR031C,53,53,NA,0
YFR031C-A,3395,3056,0,1
YFR032C-A,1237,918,0,0
YFR033C,487,379,15,0
YFR034C,132,122,0,NA
YFR037C,374,343,0,0
YFR039C,73,60,0,0
YFR041C,133,124,NA,0
YFR043C,75,62,0,0
YFR044C,844,786,0,1
YFR046C,39,36,NA,0
YFR047C,131,119,0,0
YFR050C,449,377,1,1
YFR051C,387,360,0,0
YFR053C,2563,2478,23,NA
YFR054C,0,0,0,0
YFL055W,5,5,NA,0
YFL053W,4,4,NA,0
YFL052W,19,19,0,0
YFL049W,92,84,0,0
YFL047W,69,68,0,0
YFL046W,50,40,0,0
YFL041W-A,0,0,0,0
YFL041W,94,86,0,0
YFL037W,475,431,0,2
YFL036W,240,238,NA,0
YFL034W,59,55,0,NA
YFL031W,125,115,NA,0
YFL030W,19,17,NA,0
YFL026W,2,1,1,NA
YFL023W,112,111,0,0
YFL021W,223,219,NA,0
YFL017W-A,75,51,0,0
YFL014W,2414,1782,17,7
YFL012W-A,0,0,0,0
YFL012W,0,0,0,0
YFL011W,2,0,2,NA
YFL010W-A,0,0,0,0
YFL009W,147,132,7,0
YFL008W,233,224,0,NA
YFL007W,166,152,2,0
YFL005W,314,279,2,1
YFL004W,224,212,0,0
YFL001W,54,51,NA,0
YFR001W,206,169,0,0
YFR002W,289,283,0,0
YFR004W,373,314,0,0
YFR006W,271,267,NA,0
YFR007W,73,67,0,0
YFR008W,83,77,0,0
YFR009W,435,417,0,0
YFR010W,465,450,0,0
YFR010W-A,0,0,0,0
YFR013W,94,91,0,0
YFR019W,107,105,NA,0
YFR020W,2,2,0,0
YFR021W,43,39,0,0
YFR022W,26,23,1,0
YFR023W,0,0,0,0
YFR027W,28,23,0,0
YFR029W,37,36,0,0
YFR030W,49,46,0,0
YFR034W-A,39,7,NA,29
YFR038W,78,76,NA,0
YFR040W,85,85,NA,NA
YFR042W,54,44,0,0
YFR045W,65,59,0,NA
YFR048W,75,70,0,0
YFR049W,153,106,19,0
YFR052W,397,372,0,0
YFR055W,193,178,0,0
YGL257C,29,26,1,1
YGL252C,175,155,0,2
YGL251C,12,12,NA,0
YGL246C,96,85,0,0
YGL242C,167,151,0,1
YGL237C,67,64,0,0
YGL236C,64,63,0,0
YGL231C,302,267,0,0
YGL230C,7,6,0,0
YGL229C,10,9,0,0
YGL226C-A,117,84,1,2
YGL224C,72,54,4,0
YGL223C,66,64,NA,0
YGL222C,449,406,6,0
YGL221C,288,262,0,0
YGL219C,136,127,0,1
YGL213C,142,133,0,0
YGL206C,814,791,4,NA
YGL204C,19,11,0,1
YGL203C,132,121,0,0
YGL201C,172,163,0,0
YGL200C,243,210,0,0
YGL199C,1,0,1,0
YGL194C-A,20,11,5,1
YGL194C,81,73,0,NA
YGL193C,0,0,0,0
YGL190C,133,112,11,1
YGL189C,1914,1494,0,3
YGL187C,510,402,2,2
YGL186C,139,123,0,0
YGL185C,58,55,0,0
YGL184C,10,9,NA,0
YGL182C,1,1,0,NA
YGL179C,11,11,0,NA
YGL176C,14,12,0,0
YGL175C,10,9,0,NA
YGL173C,870,858,NA,0
YGL167C,219,206,2,0
YGL165C,0,0,0,0
YGL164C,61,57,0,NA
YGL163C,43,41,0,0
YGL161C,172,153,2,0
YGL154C,17,14,0,0
YGL152C,0,0,0,0
YGL150C,122,118,1,NA
YGL147C,2736,2372,0,6
YGL146C,2,1,1,NA
YGL144C,11,10,0,0
YGL143C,54,46,0,0
YGL142C,73,65,1,0
YGL140C,104,103,NA,0
YGL136C,22,16,1,0
YGL131C,30,30,0,NA
YGL129C,182,160,0,0
YGL128C,32,30,NA,0
YGL127C,57,49,0,0
YGL124C,60,59,NA,0
YGL122C,572,557,0,0
YGL121C,64,58,0,0
YGL120C,340,323,0,0
YGL112C,146,135,0,1
YGL110C,89,87,0,0
YGL108C,62,52,0,1
YGL107C,158,150,0,0
YGL104C,39,37,NA,0
YGL095C,122,102,0,0
YGL094C,47,39,3,0
YGL091C,183,172,0,0
YGL089C,9,5,0,NA
YGL087C,247,207,0,0
YGL084C,127,119,0,1
YGL078C,480,446,2,0
YGL077C,351,309,6,0
YGL076C,4005,3670,0,2
YGL075C,10,10,0,0
YGL072C,0,0,0,0
YGL070C,170,137,0,3
YGL065C,115,99,0,0
YGL064C,81,78,0,NA
YGL063C-A,0,0,0,0
YGL061C,64,60,1,0
YGL057C,50,48,NA,0
YGL056C,292,278,0,0
YGL054C,337,275,3,0
YGL049C,472,443,1,0
YGL048C,545,487,0,1
YGL044C,109,103,2,0
YGL040C,308,283,1,0
YGL038C,112,109,0,0
YGL037C,1286,1130,2,1
YGL035C,118,112,1,NA
YGL032C,1,1,0,0
YGL031C,1938,1725,1,1
YGL028C,464,424,4,0
YGL027C,106,99,0,0
YGL026C,1283,1223,0,0
YGL025C,109,108,NA,0
YGL023C,69,68,NA,0
YGL020C,129,117,1,0
YGL018C,81,67,0,1
YGL015C,1,0,1,0
YGL013C,109,109,NA,0
YGL011C,476,429,0,0
YGL009C,1985,1906,0,1
YGL008C,7957,7644,18,11
YGL007C-A,10,0,8,2
YGL005C,82,72,0,0
YGL004C,39,39,NA,0
YGL003C,37,32,3,0
YGL001C,331,318,0,0
YGR001C,273,247,0,0
YGR002C,126,123,0,0
YGR005C,212,202,0,0
YGR008C,406,252,16,3
YGR009C,292,275,0,0
YGR015C,21,20,NA,0
YGR018C,3,3,0,0
YGR020C,345,264,1,0
YGR024C,44,34,1,NA
YGR027C,1595,1208,0,5
YGR030C,110,94,0,1
YGR033C,111,103,0,0
YGR035C,2,1,0,0
YGR036C,58,48,0,1
YGR037C,422,324,1,3
YGR043C,31,29,NA,0
YGR044C,170,162,NA,0
YGR045C,2,1,1,NA
YGR047C,88,88,NA,0
YGR050C,9,8,NA,0
YGR053C,3,2,0,0
YGR057C,16,10,1,0
YGR061C,549,538,NA,0
YGR062C,19,17,NA,0
YGR063C,167,138,0,0
YGR065C,77,70,4,0
YGR067C,6,6,NA,0
YGR068C,63,59,0,0
YGR071C,45,40,2,NA
YGR073C,0,0,0,0
YGR075C,41,38,0,NA
YGR076C,183,145,0,0
YGR077C,42,40,0,0
YGR078C,224,190,0,0
YGR081C,173,149,NA,1
YGR083C,427,408,1,NA
YGR084C,221,217,NA,0
YGR085C,2491,2153,1,3
YGR086C,1710,1518,13,0
YGR087C,23,23,0,0
YGR095C,104,91,2,0
YGR098C,39,39,NA,0
YGR102C,46,37,0,0
YGR104C,50,43,0,0
YGR106C,323,269,0,1
YGR109C,75,71,0,0
YGR117C,63,61,0,0
YGR119C,316,309,1,0
YGR120C,52,50,0,0
YGR121C,24,22,0,0
YGR122C-A,5,5,0,0
YGR123C,203,191,0,0
YGR128C,223,205,1,0
YGR130C,710,678,0,0
YGR132C,298,254,3,0
YGR138C,174,170,1,0
YGR146C,43,32,3,1
YGR146C-A,0,0,0,0
YGR147C,96,89,0,0
YGR148C,1660,1484,4,1
YGR150C,71,68,0,0
YGR154C,7,2,5,0
YGR158C,171,148,1,0
YGR159C,1045,956,3,1
YGR161C,418,370,2,0
YGR168C,23,16,4,0
YGR169C,42,37,0,0
YGR169C-A,197,138,4,1
YGR171C,30,27,0,0
YGR172C,204,180,0,0
YGR174C,98,89,NA,0
YGR175C,1271,1208,2,0
YGR177C,76,69,2,1
YGR178C,527,481,6,0
YGR179C,63,58,1,0
YGR180C,912,836,0,0
YGR182C,0,0,0,0
YGR183C,338,209,1,1
YGR184C,152,148,NA,0
YGR185C,1033,957,1,0
YGR187C,248,227,1,0
YGR188C,16,15,1,NA
YGR189C,2198,2038,13,3
YGR192C,13267,12044,20,13
YGR193C,295,278,1,0
YGR194C,76,75,NA,0
YGR196C,119,117,0,NA
YGR197C,33,28,0,0
YGR200C,208,197,0,0
YGR201C,13,13,NA,0
YGR202C,130,123,0,0
YGR204C-A,0,0,0,0
YGR207C,359,312,0,0
YGR209C,480,337,2,1
YGR210C,154,138,9,0
YGR213C,3,3,NA,0
YGR216C,66,61,0,0
YGR220C,136,125,0,2
YGR221C,9,9,0,0
YGR223C,34,33,NA,1
YGR229C,329,298,8,NA
YGR231C,345,312,0,0
YGR233C,47,45,NA,0
YGR235C,283,243,0,0
YGR236C,4,2,NA,0
YGR237C,83,78,0,0
YGR238C,29,29,NA,0
YGR239C,97,89,0,1
YGR240C,2368,2268,14,1
YGR241C,99,89,2,0
YGR244C,484,445,1,0
YGR245C,260,235,4,0
YGR246C,100,97,0,0
YGR250C,212,200,5,0
YGR253C,516,491,0,0
YGR255C,69,62,1,0
YGR257C,26,23,1,0
YGR258C,43,41,0,0
YGR259C,1,0,1,0
YGR261C,191,187,0,0
YGR262C,90,83,0,0
YGR263C,21,21,0,0
YGR264C,777,744,0,1
YGR267C,207,171,6,0
YGR268C,98,85,0,5
YGR271C-A,125,120,NA,0
YGR274C,68,63,0,0
YGR276C,94,88,0,NA
YGR277C,92,85,0,0
YGR279C,1740,1622,9,0
YGR280C,201,170,0,0
YGR282C,2277,2039,1,6
YGR283C,51,44,0,0
YGR284C,332,300,0,0
YGR285C,1330,1268,0,0
YGR286C,26,26,0,0
YGR287C,14,12,0,0
YGR289C,3,0,3,0
YGL263W,0,0,0,0
YGL258W,2,0,2,0
YGL256W,20,13,7,0
YGL255W,84,71,1,0
YGL254W,50,48,0,0
YGL253W,1532,1446,4,0
YGL250W,47,40,NA,0
YGL248W,101,88,0,0
YGL247W,13,13,NA,0
YGL245W,1986,1911,0,1
YGL244W,350,333,1,NA
YGL243W,30,30,NA,0
YGL241W,97,97,0,0
YGL240W,11,11,NA,0
YGL238W,343,333,NA,0
YGL234W,573,548,0,0
YGL233W,94,91,1,0
YGL232W,102,92,0,0
YGL228W,256,242,0,0
YGL227W,74,71,0,0
YGL226W,50,43,NA,0
YGL225W,438,376,0,1
YGL220W,79,77,NA,0
YGL218W,0,0,0,0
YGL216W,58,55,0,0
YGL215W,45,40,2,0
YGL212W,52,51,0,0
YGL211W,88,82,0,1
YGL210W,86,74,0,0
YGL209W,73,69,0,0
YGL208W,54,53,0,0
YGL207W,591,570,0,NA
YGL205W,6,6,NA,0
YGL202W,784,724,5,0
YGL198W,151,140,0,0
YGL197W,113,112,NA,0
YGL196W,44,42,0,0
YGL195W,1020,1010,NA,0
YGL192W,0,0,0,0
YGL191W,1110,988,0,0
YGL181W,188,170,0,0
YGL180W,48,46,1,0
YGL178W,90,88,NA,1
YGL174W,58,55,0,0
YGL172W,196,188,0,0
YGL171W,216,206,0,0
YGL169W,110,102,0,0
YGL166W,43,41,0,1
YGL162W,25,22,1,0
YGL160W,66,58,2,1
YGL159W,50,42,0,0
YGL158W,1,1,0,0
YGL157W,415,380,0,0
YGL156W,109,107,NA,1
YGL155W,50,42,2,0
YGL153W,70,64,0,0
YGL151W,133,129,0,0
YGL148W,640,592,0,0
YGL145W,94,85,0,0
YGL141W,105,104,0,0
YGL139W,128,111,2,0
YGL137W,618,583,0,0
YGL135W,3231,2961,7,2
YGL134W,9,8,0,1
YGL133W,81,73,4,NA
YGL130W,123,113,0,0
YGL125W,666,598,22,NA
YGL123W,3505,3125,42,0
YGL119W,66,63,0,0
YGL117W,82,68,3,0
YGL116W,116,113,2,0
YGL115W,211,175,1,0
YGL114W,59,56,2,0
YGL113W,17,13,0,0
YGL111W,213,197,1,0
YGL109W,0,0,0,0
YGL106W,379,314,0,1
YGL105W,1668,1573,0,1
YGL103W,2531,2315,0,4
YGL101W,148,132,0,0
YGL100W,171,153,0,0
YGL099W,150,145,0,0
YGL098W,109,89,0,4
YGL097W,346,314,1,0
YGL096W,25,25,NA,0
YGL093W,77,76,NA,0
YGL092W,300,296,NA,0
YGL090W,15,11,1,1
YGL088W,0,0,0,0
YGL086W,97,93,NA,1
YGL085W,22,16,1,0
YGL083W,52,48,0,0
YGL082W,122,110,2,0
YGL081W,5,4,0,1
YGL080W,173,153,0,0
YGL079W,41,29,3,0
YGL073W,120,116,0,0
YGL071W,30,27,2,0
YGL068W,522,446,0,1
YGL067W,57,52,2,0
YGL066W,126,124,1,0
YGL063W,15,10,3,2
YGL062W,359,344,0,0
YGL060W,74,66,2,0
YGL059W,47,43,1,0
YGL058W,229,210,0,0
YGL055W,1317,1197,6,1
YGL050W,50,45,0,0
YGL047W,48,37,2,0
YGL045W,51,49,NA,0
YGL043W,370,349,0,0
YGL041W-A,114,104,0,0
YGL039W,22,22,0,0
YGL036W,78,77,1,NA
YGL033W,0,0,0,0
YGL030W,1533,1126,16,0
YGL029W,97,75,0,0
YGL022W,318,285,2,1
YGL021W,173,173,NA,0
YGL019W,144,126,4,0
YGL017W,48,44,0,0
YGL016W,83,78,0,0
YGL014W,186,178,NA,0
YGL012W,436,410,0,0
YGL010W,43,28,2,0
YGL007W,0,0,0,0
YGL006W-A,5,1,NA,4
YGL006W,125,122,NA,0
YGL002W,34,31,0,0
YGR003W,74,65,0,0
YGR004W,35,34,0,0
YGR006W,50,49,NA,NA
YGR007W,102,92,0,0
YGR012W,72,67,0,0
YGR013W,98,91,0,0
YGR014W,350,345,NA,0
YGR016W,25,21,NA,0
YGR017W,84,69,6,0
YGR019W,266,244,0,0
YGR021W,117,100,1,0
YGR023W,26,24,0,0
YGR026W,200,179,NA,0
YGR028W,97,86,0,0
YGR029W,122,98,NA,0
YGR031W,81,62,5,1
YGR032W,517,505,NA,0
YGR034W,1436,1243,0,4
YGR038W,169,143,3,0
YGR039W,11,10,NA,0
YGR040W,64,60,0,1
YGR041W,36,30,3,0
YGR042W,38,35,0,0
YGR046W,82,68,4,0
YGR048W,143,127,1,0
YGR049W,214,172,0,0
YGR052W,45,44,NA,0
YGR054W,486,456,5,0
YGR055W,807,780,0,1
YGR056W,73,67,0,0
YGR058W,74,66,0,0
YGR059W,0,0,0,0
YGR060W,815,730,0,0
YGR064W,1,0,1,0
YGR070W,38,36,NA,NA
YGR072W,107,91,0,NA
YGR074W,138,127,0,0
YGR079W,120,120,NA,0
YGR080W,315,287,0,0
YGR082W,429,363,2,0
YGR088W,285,270,0,0
YGR089W,48,46,NA,1
YGR090W,262,245,1,0
YGR091W,26,25,0,0
YGR092W,197,183,0,0
YGR093W,71,59,0,0
YGR094W,1424,1410,NA,1
YGR096W,9,7,0,0
YGR097W,170,168,NA,0
YGR099W,47,42,NA,1
YGR100W,117,110,0,0
YGR101W,87,79,0,0
YGR103W,575,514,0,0
YGR105W,89,61,2,0
YGR107W,1,1,NA,0
YGR108W,141,132,2,0
YGR110W,16,16,0,0
YGR111W,252,237,0,0
YGR112W,70,65,0,0
YGR113W,110,100,0,0
YGR116W,475,466,0,NA
YGR118W,2241,1871,0,5
YGR121W-A,0,0,0,0
YGR122W,23,21,0,0
YGR124W,1322,1252,0,0
YGR125W,147,137,0,0
YGR127W,48,45,0,0
YGR129W,59,54,0,0
YGR131W,3,3,NA,0
YGR133W,22,20,NA,0
YGR134W,15,14,0,0
YGR135W,378,323,3,0
YGR137W,268,214,NA,0
YGR139W,2,0,2,NA
YGR140W,58,58,NA,0
YGR141W,70,59,0,0
YGR142W,122,110,0,0
YGR143W,87,86,NA,0
YGR145W,251,232,0,1
YGR149W,140,127,1,0
YGR153W,22,19,NA,0
YGR155W,1851,1736,4,0
YGR156W,106,97,1,0
YGR157W,599,564,8,1
YGR160W,0,0,0,0
YGR161W-C,98,67,0,1
YGR162W,1001,981,NA,0
YGR163W,93,82,0,0
YGR165W,249,218,0,0
YGR166W,37,31,2,0
YGR167W,539,476,0,1
YGR170W,47,42,1,0
YGR173W,375,343,1,1
YGR174W-A,13,0,12,0
YGR181W,142,112,0,0
YGR186W,246,232,0,0
YGR191W,228,213,3,0
YGR195W,208,184,7,0
YGR198W,75,67,0,0
YGR199W,110,106,0,NA
YGR203W,74,58,0,0
YGR204W,850,820,0,0
YGR205W,101,85,2,0
YGR206W,21,12,0,0
YGR208W,132,118,0,0
YGR211W,580,537,2,0
YGR212W,11,8,NA,3
YGR214W,2250,2029,0,0
YGR215W,196,155,1,2
YGR217W,67,66,0,NA
YGR218W,595,563,8,0
YGR222W,72,70,NA,0
YGR224W,4,2,0,1
YGR225W,11,10,0,0
YGR227W,76,69,0,0
YGR230W,47,36,0,0
YGR232W,129,113,0,0
YGR234W,5542,5181,0,4
YGR243W,74,65,0,0
YGR247W,72,58,1,0
YGR248W,130,115,0,0
YGR249W,0,0,0,0
YGR251W,74,68,0,NA
YGR252W,55,48,0,0
YGR254W,8849,8556,0,1
YGR256W,23,23,NA,0
YGR260W,83,81,NA,0
YGR266W,142,130,0,0
YGR270W,165,163,NA,0
YGR271W,92,92,NA,0
YGR278W,51,49,0,0
YGR281W,90,90,0,0
YGR288W,35,20,7,0
YGR292W,20,19,0,0
YHL047C,3,3,0,0
YHL046C,2,2,0,0
YHL040C,7,6,1,0
YHL038C,51,49,0,0
YHL037C,2,1,1,0
YHL035C,11,10,NA,0
YHL034C,840,758,3,2
YHL033C,2379,2160,0,5
YHL032C,30,28,1,1
YHL031C,176,159,0,0
YHL029C,53,52,0,0
YHL026C,8,8,0,0
YHL023C,55,54,0,0
YHL022C,9,8,NA,0
YHL021C,404,372,2,0
YHL020C,103,95,1,0
YHL019C,27,26,0,0
YHL016C,0,0,0,0
YHL014C,39,34,0,0
YHL013C,129,121,0,0
YHL011C,372,323,2,1
YHL010C,36,34,0,0
YHL009C,70,60,1,0
YHL008C,28,24,0,0
YHL007C,246,236,1,1
YHL006C,18,15,NA,2
YHL003C,225,199,1,1
YHL002C-A,0,0,0,0
YHR003C,120,111,0,0
YHR004C,24,24,0,NA
YHR005C,214,199,1,0
YHR005C-A,251,186,1,0
YHR007C,1134,1062,4,2
YHR007C-A,1,0,NA,0
YHR008C,573,506,1,1
YHR009C,133,108,6,0
YHR013C,215,184,0,0
YHR016C,110,103,1,0
YHR018C,1200,1133,2,1
YHR019C,1365,1308,0,1
YHR021C,1203,912,2,2
YHR022C,12,11,0,0
YHR022C-A,0,0,0,0
YHR024C,135,127,0,0
YHR027C,808,768,1,0
YHR028C,212,196,0,0
YHR029C,66,59,0,0
YHR030C,338,312,2,0
YHR031C,41,40,0,0
YHR032C-A,0,0,0,0
YHR034C,59,51,0,0
YHR039C,327,308,0,1
YHR039C-A,709,533,0,0
YHR041C,26,24,0,0
YHR043C,142,122,4,0
YHR044C,46,45,0,1
YHR046C,75,63,0,0
YHR047C,98,94,0,0
YHR049C-A,1,0,NA,1
YHR056C,108,105,0,NA
YHR057C,71,59,0,0
YHR058C,87,79,0,0
YHR061C,26,23,0,0
YHR062C,105,94,0,0
YHR063C,244,224,0,2
YHR064C,1414,1336,1,1
YHR065C,433,398,0,0
YHR069C,213,196,0,0
YHR071C-A,0,0,0,0
YHR073C-B,0,0,0,0
YHR075C,30,28,0,0
YHR077C,137,126,0,0
YHR079C,12,11,1,0
YHR080C,45,45,0,NA
YHR082C,76,73,NA,0
YHR089C,502,447,0,0
YHR090C,101,90,0,0
YHR091C,37,34,0,0
YHR092C,737,702,5,0
YHR094C,427,381,0,1
YHR096C,31,31,NA,0
YHR097C,153,144,0,NA
YHR098C,258,246,0,0
YHR100C,49,40,0,0
YHR101C,40,37,NA,0
YHR107C,292,273,3,1
YHR112C,85,77,0,0
YHR115C,137,127,2,NA
YHR118C,93,88,0,0
YHR129C,28,23,2,0
YHR130C,0,0,0,0
YHR131C,12,12,0,NA
YHR132C,241,230,0,1
YHR133C,156,131,0,0
YHR135C,248,231,0,0
YHR136C,1,1,NA,0
YHR138C,81,73,0,2
YHR139C,3,1,NA,2
YHR141C,1882,1457,0,1
YHR144C,36,33,0,0
YHR145C,20,17,3,NA
YHR147C,227,199,0,0
YHR149C,79,74,1,0
YHR151C,16,14,0,0
YHR153C,14,12,NA,0
YHR156C,28,25,0,0
YHR158C,143,143,NA,0
YHR161C,97,90,0,0
YHR164C,36,35,NA,0
YHR165C,108,98,5,0
YHR166C,50,49,0,0
YHR173C,1,1,NA,0
YHR180C-B,0,0,0,0
YHR182C-A,0,0,0,0
YHR185C,1,1,NA,0
YHR186C,101,94,0,NA
YHR188C,119,106,0,0
YHR191C,39,33,0,0
YHR193C,1306,1135,0,2
YHR193C-A,0,0,0,0
YHR198C,76,73,NA,0
YHR199C,40,36,0,0
YHR201C,130,123,0,0
YHR203C,3721,3516,5,1
YHR210C,2,1,1,0
YHL048W,177,162,0,0
YHL045W,0,0,0,0
YHL044W,9,9,0,0
YHL043W,0,0,0,0
YHL042W,11,10,NA,0
YHL041W,0,0,0,0
YHL039W,107,98,0,0
YHL036W,9,9,0,0
YHL030W,226,225,NA,0
YHL028W,30,28,0,0
YHL027W,261,249,0,0
YHL025W,124,106,0,0
YHL024W,324,316,NA,0
YHL017W,61,57,0,0
YHL015W,1973,1671,1,3
YHL012W,0,0,0,0
YHL006W-A,0,0,0,0
YHL004W,167,162,0,0
YHL002W,210,193,0,0
YHL001W,1604,1339,0,7
YHR001W,193,179,0,0
YHR001W-A,475,321,3,1
YHR002W,45,39,0,0
YHR006W,204,194,1,0
YHR010W,2075,1741,0,8
YHR011W,57,52,0,0
YHR012W,114,101,0,0
YHR015W,10,10,NA,0
YHR017W,34,33,0,0
YHR020W,933,891,1,0
YHR021W-A,0,0,0,0
YHR023W,137,137,NA,0
YHR025W,488,437,0,0
YHR026W,424,363,8,1
YHR028W-A,0,0,0,0
YHR032W,171,165,0,NA
YHR032W-A,0,0,0,0
YHR033W,179,163,0,1
YHR035W,4,4,0,NA
YHR036W,43,39,0,1
YHR037W,555,513,1,0
YHR038W,145,126,0,0
YHR040W,48,44,0,0
YHR042W,203,192,0,0
YHR045W,55,53,0,0
YHR048W,14,11,1,1
YHR049W,680,577,0,0
YHR050W,107,91,6,0
YHR051W,417,369,NA,2
YHR052W,489,455,0,0
YHR056W-A,1,0,NA,1
YHR059W,202,146,2,0
YHR060W,100,89,NA,0
YHR066W,282,246,0,0
YHR067W,40,36,0,0
YHR068W,481,431,0,0
YHR070W,179,172,0,1
YHR071W,35,18,15,NA
YHR072W,277,248,5,0
YHR072W-A,229,136,0,1
YHR073W,133,130,NA,0
YHR074W,288,266,0,0
YHR076W,125,112,0,0
YHR078W,28,28,0,0
YHR081W,86,76,0,1
YHR083W,46,42,0,0
YHR084W,92,83,2,0
YHR085W,85,72,0,0
YHR086W,82,76,1,0
YHR087W,993,758,18,1
YHR088W,193,174,0,0
YHR099W,329,325,1,NA
YHR102W,74,74,NA,0
YHR103W,136,129,3,0
YHR104W,795,717,6,0
YHR105W,21,15,0,0
YHR106W,43,43,NA,0
YHR108W,497,480,0,0
YHR109W,35,32,0,0
YHR110W,49,32,0,0
YHR111W,106,99,NA,0
YHR113W,161,155,0,0
YHR114W,153,140,4,NA
YHR116W,75,67,NA,0
YHR117W,167,162,0,0
YHR119W,80,76,NA,0
YHR120W,12,11,NA,0
YHR121W,213,188,0,0
YHR122W,141,123,0,1
YHR123W,111,104,0,0
YHR124W,8,8,NA,0
YHR127W,80,79,0,0
YHR128W,314,256,0,1
YHR132W-A,108,87,2,0
YHR134W,27,25,NA,0
YHR137W,418,372,0,0
YHR140W,5,5,0,0
YHR142W,191,168,3,0
YHR143W,378,349,5,0
YHR143W-A,179,124,0,2
YHR146W,606,581,0,NA
YHR148W,181,163,0,1
YHR150W,22,18,4,0
YHR152W,157,136,2,0
YHR154W,106,99,0,NA
YHR155W,38,38,0,0
YHR157W,1,1,0,0
YHR159W,46,43,1,0
YHR162W,943,706,43,1
YHR163W,159,151,0,0
YHR167W,59,50,1,0
YHR168W,20,19,0,0
YHR169W,100,96,0,0
YHR170W,275,253,1,0
YHR171W,28,25,0,0
YHR172W,56,53,0,0
YHR174W,11760,11313,6,6
YHR176W,7,7,NA,0
YHR177W,7,7,NA,0
YHR178W,30,30,0,0
YHR179W,602,532,0,0
YHR180W,2,1,1,NA
YHR181W,78,69,0,0
YHR182W,16,15,1,0
YHR183W,3469,3268,7,2
YHR184W,14,14,NA,0
YHR187W,87,82,0,0
YHR190W,983,849,1,2
YHR192W,86,78,0,0
YHR194W,19,17,0,0
YHR195W,53,42,2,0
YHR196W,180,159,0,0
YHR197W,185,176,0,0
YHR200W,313,299,0,0
YHR202W,30,29,0,0
YHR204W,34,32,0,0
YHR205W,296,281,7,0
YHR206W,109,98,4,0
YHR208W,1573,1451,0,2
YHR209W,306,278,2,0
YHR211W,5,5,NA,0
YHR215W,20,20,NA,0
YHR216W,210,200,1,0
YIL169C,128,128,0,NA
YIL166C,6,6,NA,0
YIL165C,0,0,0,0
YIL163C,3,1,NA,2
YIL160C,10,10,NA,0
YIL157C,146,129,NA,0
YIL155C,135,124,1,0
YIL154C,133,112,0,0
YIL151C,44,42,NA,0
YIL150C,28,27,0,0
YIL149C,90,89,NA,0
YIL147C,48,45,NA,0
YIL146C,18,17,0,0
YIL145C,107,96,0,0
YIL143C,96,94,0,NA
YIL139C,10,10,0,0
YIL138C,285,239,0,0
YIL137C,231,219,0,0
YIL135C,148,144,0,0
YIL134C-A,2,1,1,NA
YIL133C,1410,1225,0,1
YIL132C,8,7,NA,0
YIL131C,141,129,2,2
YIL129C,88,85,NA,0
YIL127C,137,120,0,0
YIL119C,71,69,0,NA
YIL117C,253,216,2,1
YIL115C,359,354,NA,0
YIL114C,17,16,0,0
YIL109C,737,691,6,0
YIL107C,87,83,0,0
YIL105C,260,248,3,0
YIL104C,98,90,0,0
YIL102C-A,22,16,0,1
YIL101C,71,68,NA,0
YIL098C,92,76,0,0
YIL096C,50,46,NA,0
YIL094C,523,483,0,0
YIL093C,191,168,0,0
YIL091C,147,141,0,0
YIL088C,90,85,0,0
YIL087C,65,53,0,0
YIL085C,57,52,0,NA
YIL084C,66,65,0,NA
YIL083C,137,121,0,0
YIL079C,61,57,0,0
YIL077C,54,49,0,0
YIL075C,925,892,0,NA
YIL074C,145,133,0,0
YIL073C,20,19,NA,0
YIL071C,14,14,NA,0
YIL070C,391,368,0,0
YIL069C,1680,1510,0,3
YIL068C,95,92,1,0
YIL067C,29,28,1,0
YIL066C,41,40,NA,0
YIL065C,158,120,0,1
YIL063C,153,139,2,0
YIL062C,480,392,0,0
YIL061C,74,68,0,0
YIL059C,10,2,3,3
YIL057C,0,0,0,0
YIL055C,38,37,NA,0
YIL052C,1450,1104,2,1
YIL051C,817,656,0,1
YIL047C,65,63,0,NA
YIL044C,127,119,0,0
YIL043C,250,225,0,0
YIL042C,38,36,0,0
YIL038C,326,300,2,0
YIL037C,1,1,NA,0
YIL035C,122,105,2,1
YIL034C,293,274,0,0
YIL033C,374,344,3,0
YIL030C,237,230,NA,0
YIL029C,10,2,8,0
YIL027C,147,116,0,0
YIL026C,146,144,0,0
YIL023C,73,68,0,0
YIL020C,78,74,0,NA
YIL017C,50,48,1,NA
YIL014C-A,2,2,0,0
YIL013C,7,7,NA,0
YIL009C-A,57,45,0,0
YIL007C,52,47,0,0
YIL004C,61,45,0,0
YIL002C,51,42,2,0
YIR001C,88,82,0,0
YIR002C,28,23,1,0
YIR006C,688,679,NA,0
YIR008C,110,101,0,0
YIR011C,180,162,0,0
YIR013C,0,0,0,0
YIR017C,20,19,NA,0
YIR018C-A,4,0,4,NA
YIR019C,3,3,NA,0
YIR020C,0,0,0,0
YIR024C,45,37,0,0
YIR026C,137,112,0,0
YIR027C,0,0,0,0
YIR030C,5,3,0,0
YIR031C,13,6,7,0
YIR032C,30,26,2,0
YIR034C,513,469,1,1
YIR035C,131,117,0,0
YIR036C,139,118,0,0
YIR038C,129,116,0,0
YIR039C,25,24,NA,0
YIR042C,16,12,0,1
YIL162W,164,157,NA,0
YIL161W,66,60,0,0
YIL159W,24,24,NA,0
YIL158W,51,44,0,0
YIL156W-B,116,96,NA,0
YIL156W,35,33,NA,1
YIL153W,50,46,0,0
YIL152W,35,32,0,0
YIL148W,2200,1762,0,7
YIL144W,111,106,0,0
YIL142W,531,500,0,0
YIL140W,268,259,NA,0
YIL136W,321,302,0,0
YIL134W,31,26,0,1
YIL130W,150,145,0,NA
YIL128W,138,135,NA,NA
YIL126W,196,187,0,1
YIL125W,521,512,NA,0
YIL124W,468,428,0,0
YIL123W,970,925,1,1
YIL122W,33,31,NA,0
YIL121W,53,50,NA,0
YIL120W,6,6,NA,0
YIL118W,194,170,3,0
YIL116W,236,224,0,NA
YIL113W,20,16,0,0
YIL112W,84,82,0,NA
YIL111W,122,100,0,0
YIL110W,113,107,0,0
YIL108W,186,174,0,0
YIL106W,177,170,0,0
YIL103W,94,83,1,0
YIL100W,1,0,1,NA
YIL099W,0,0,0,0
YIL097W,56,52,0,0
YIL095W,58,51,1,0
YIL092W,12,11,1,0
YIL090W,67,52,4,0
YIL089W,6,5,0,0
YIL078W,1683,1640,0,0
YIL076W,470,428,0,0
YIL066W-A,1,1,NA,0
YIL064W,77,76,NA,0
YIL056W,32,31,NA,0
YIL054W,0,0,0,0
YIL053W,1846,1609,1,3
YIL050W,171,142,0,0
YIL049W,27,24,NA,0
YIL048W,111,100,3,0
YIL046W-A,1,1,0,0
YIL046W,38,35,0,0
YIL045W,34,34,0,0
YIL041W,652,601,0,0
YIL040W,74,64,0,1
YIL039W,120,116,0,0
YIL036W,236,219,3,0
YIL031W,24,22,0,NA
YIL028W,6,0,4,1
YIL022W,302,274,2,0
YIL021W,264,239,0,1
YIL019W,101,93,0,0
YIL018W,4056,3711,0,5
YIL016W,62,48,0,0
YIL015W,1,1,NA,0
YIL014W,47,41,3,0
YIL011W,4,4,0,0
YIL010W,99,90,0,0
YIL009W,128,123,0,0
YIL008W,80,58,0,0
YIL006W,19,19,NA,0
YIL005W,156,140,1,1
YIL003W,43,35,0,0
YIL002W-A,108,68,0,0
YIL001W,39,37,1,0
YIR003W,229,221,0,0
YIR004W,205,198,0,0
YIR005W,65,52,0,0
YIR007W,41,40,0,0
YIR009W,77,51,0,0
YIR010W,43,43,0,0
YIR012W,331,293,0,0
YIR014W,9,9,0,0
YIR016W,2,2,0,0
YIR018W,32,29,0,0
YIR021W,48,42,0,1
YIR022W,138,120,NA,0
YIR023W,52,50,NA,0
YIR025W,37,36,0,0
YIR028W,2,2,NA,0
YIR029W,3,3,NA,0
YIR033W,108,106,NA,0
YIR037W,371,290,1,0
YIR041W,2,1,1,0
YJL216C,1,1,NA,0
YJL215C,2,0,2,NA
YJL212C,226,218,0,0
YJL208C,117,105,1,0
YJL207C,107,104,0,NA
YJL206C,17,16,NA,1
YJL205C,30,18,0,1
YJL204C,89,88,0,0
YJL202C,0,0,0,0
YJL200C,400,377,0,0
YJL199C,11,10,NA,0
YJL196C,127,113,0,1
YJL192C,154,135,0,0
YJL190C,1677,1399,0,2
YJL187C,34,33,0,0
YJL185C,15,15,NA,0
YJL180C,132,125,0,2
YJL178C,148,133,0,0
YJL176C,206,196,0,0
YJL173C,102,78,0,1
YJL171C,380,348,0,0
YJL170C,0,0,0,0
YJL168C,78,77,0,0
YJL165C,145,138,1,NA
YJL164C,50,41,3,0
YJL163C,21,19,0,0
YJL162C,43,40,0,0
YJL160C,0,0,0,0
YJL158C,3179,2865,2,4
YJL157C,170,168,NA,0
YJL156C,109,108,NA,0
YJL155C,134,123,0,0
YJL154C,168,167,NA,0
YJL153C,76,74,NA,0
YJL151C,536,433,0,1
YJL147C,20,19,0,0
YJL139C,18,18,0,0
YJL138C,2361,2235,0,6
YJL137C,33,24,1,1
YJL136C,1611,1174,1,5
YJL133C-A,335,230,0,1
YJL131C,29,28,0,0
YJL130C,2346,2308,NA,0
YJL129C,24,21,3,NA
YJL128C,144,137,0,0
YJL127C-B,62,33,1,0
YJL127C,50,41,5,0
YJL125C,118,107,0,0
YJL124C,223,186,2,1
YJL123C,288,284,0,NA
YJL121C,207,182,0,0
YJL119C,1,0,0,1
YJL116C,91,85,NA,0
YJL110C,9,5,0,0
YJL109C,398,392,0,0
YJL108C,0,0,0,0
YJL107C,122,116,0,NA
YJL103C,11,10,0,0
YJL101C,48,40,2,0
YJL094C,62,56,0,0
YJL093C,16,16,NA,0
YJL091C,130,121,0,0
YJL090C,21,18,NA,0
YJL087C,103,103,NA,0
YJL084C,116,111,1,0
YJL081C,127,119,0,0
YJL080C,1147,1122,NA,1
YJL079C,425,360,5,1
YJL078C,343,326,2,0
YJL077C,2,2,NA,0
YJL074C,179,174,NA,0
YJL072C,87,81,0,0
YJL070C,37,37,NA,0
YJL069C,204,200,0,0
YJL068C,225,200,0,0
YJL066C,162,144,0,0
YJL065C,119,99,6,0
YJL063C,219,183,0,0
YJL058C,19,19,0,0
YJL057C,50,46,0,0
YJL056C,23,21,NA,0
YJL048C,265,245,1,0
YJL047C-A,1,0,0,1
YJL047C,64,63,0,0
YJL044C,58,45,0,0
YJL039C,229,210,1,0
YJL038C,0,0,0,0
YJL035C,16,15,0,0
YJL031C,59,53,NA,0
YJL029C,100,95,0,0
YJL027C,1,0,0,0
YJL024C,156,119,0,0
YJL023C,31,27,NA,0
YJL020C,814,799,0,0
YJL015C,0,0,0,0
YJL013C,22,22,NA,0
YJL012C,280,271,0,0
YJL011C,95,79,0,0
YJL010C,205,194,0,0
YJL008C,595,540,0,0
YJL006C,54,46,0,0
YJL004C,58,45,0,1
YJL002C,231,214,0,0
YJR003C,67,65,0,0
YJR004C,75,70,NA,0
YJR009C,8920,8089,4,3
YJR010C-A,62,41,0,0
YJR011C,21,20,0,0
YJR012C,19,19,NA,0
YJR016C,1337,1288,0,0
YJR017C,117,89,0,0
YJR019C,66,61,0,0
YJR021C,25,24,0,0
YJR025C,122,97,0,0
YJR030C,53,51,0,NA
YJR031C,96,90,1,0
YJR033C,70,67,0,NA
YJR036C,4,4,NA,0
YJR041C,136,129,0,0
YJR043C,64,59,0,0
YJR044C,107,82,2,0
YJR045C,3193,3044,25,4
YJR047C,318,316,0,0
YJR049C,134,124,0,0
YJR056C,74,65,2,0
YJR058C,23,20,0,0
YJR062C,77,73,0,0
YJR065C,583,542,0,0
YJR067C,52,44,NA,0
YJR069C,271,240,0,0
YJR070C,621,573,0,0
YJR072C,293,252,1,1
YJR073C,672,579,0,0
YJR076C,198,183,0,0
YJR077C,808,736,0,0
YJR080C,177,161,0,0
YJR082C,34,29,3,0
YJR083C,93,90,0,0
YJR085C,200,123,3,0
YJR088C,174,152,1,1
YJR090C,80,70,3,0
YJR091C,153,149,0,0
YJR093C,124,113,2,0
YJR094C,5,5,NA,0
YJR098C,22,21,NA,0
YJR100C,65,57,1,0
YJR102C,38,33,0,0
YJR104C,1681,1441,5,2
YJR109C,1287,1198,2,0
YJR111C,64,60,NA,0
YJR113C,194,164,2,0
YJR118C,87,72,0,0
YJR119C,23,23,NA,0
YJR124C,33,32,0,0
YJR125C,346,322,0,0
YJR126C,52,51,NA,0
YJR127C,28,28,NA,0
YJR129C,16,15,0,0
YJR130C,135,128,1,0
YJR134C,100,94,3,0
YJR135C,28,26,0,NA
YJR136C,35,35,NA,0
YJR137C,56,56,NA,0
YJR139C,877,803,0,0
YJR140C,65,60,NA,0
YJR143C,412,362,2,0
YJR145C,3869,3639,0,2
YJR150C,1,1,0,0
YJR151C,1,0,1,NA
YJR156C,24,24,NA,0
YJR161C,334,288,NA,0
YJL218W,18,15,0,0
YJL217W,144,129,0,0
YJL214W,11,6,NA,4
YJL213W,0,0,0,0
YJL210W,53,45,1,0
YJL209W,22,21,0,0
YJL203W,58,49,0,0
YJL201W,74,69,0,0
YJL198W,157,151,0,0
YJL197W,73,72,0,0
YJL194W,67,61,0,0
YJL193W,17,17,NA,0
YJL191W,949,873,0,0
YJL189W,1422,882,1,6
YJL186W,404,365,0,1
YJL184W,100,75,0,0
YJL183W,106,91,4,0
YJL181W,44,36,0,0
YJL179W,169,112,4,0
YJL177W,1287,1130,0,1
YJL175W,0,0,0,0
YJL174W,360,321,3,1
YJL172W,458,430,0,0
YJL167W,1758,1540,7,1
YJL166W,604,410,7,2
YJL161W,68,56,0,2
YJL159W,10885,10379,24,9
YJL152W,0,0,0,0
YJL150W,4,2,0,NA
YJL149W,67,64,NA,0
YJL148W,187,165,0,0
YJL146W,81,73,0,0
YJL145W,172,150,0,0
YJL144W,56,31,0,1
YJL143W,273,222,1,0
YJL140W,185,169,3,1
YJL136W-A,0,0,0,0
YJL134W,86,78,NA,0
YJL133W,59,48,3,0
YJL132W,19,17,0,0
YJL126W,31,28,0,0
YJL122W,147,120,0,1
YJL118W,4,4,NA,0
YJL117W,180,149,0,0
YJL115W,104,86,1,0
YJL112W,81,63,5,0
YJL111W,417,389,0,1
YJL106W,24,15,8,NA
YJL104W,243,205,0,0
YJL102W,44,42,0,0
YJL100W,28,28,0,0
YJL099W,47,42,0,NA
YJL098W,128,120,0,NA
YJL097W,205,174,0,0
YJL096W,169,144,0,1
YJL095W,36,36,NA,0
YJL092W,18,17,NA,0
YJL088W,629,564,0,0
YJL085W,109,101,1,0
YJL083W,19,19,0,0
YJL082W,157,152,2,0
YJL077W-B,0,0,0,0
YJL077W-A,3,2,0,1
YJL076W,229,224,NA,0
YJL073W,49,48,0,0
YJL071W,41,38,0,0
YJL062W-A,180,121,0,0
YJL062W,78,70,0,0
YJL061W,138,130,0,0
YJL060W,190,171,0,0
YJL059W,25,23,0,0
YJL055W,238,211,0,0
YJL054W,79,78,0,0
YJL053W,134,109,2,0
YJL052W,3632,3305,1,0
YJL051W,42,36,0,NA
YJL050W,422,409,0,0
YJL049W,81,70,0,0
YJL046W,24,23,0,0
YJL045W,2,2,NA,0
YJL043W,1,0,NA,1
YJL042W,160,154,2,NA
YJL041W,471,451,0,0
YJL037W,2,1,NA,0
YJL036W,138,128,1,0
YJL034W,1642,1552,3,1
YJL033W,237,223,0,NA
YJL030W,47,40,0,0
YJL028W,2,0,NA,2
YJL026W,598,545,1,0
YJL025W,15,13,2,0
YJL022W,1,1,NA,0
YJL019W,51,49,1,0
YJL016W,71,65,1,0
YJL014W,576,529,0,0
YJL005W,167,160,1,NA
YJL003W,65,57,0,0
YJL001W,336,280,0,1
YJR001W,199,185,0,0
YJR002W,232,222,0,1
YJR005W,112,97,0,0
YJR006W,85,80,0,0
YJR007W,676,586,0,0
YJR008W,157,141,3,0
YJR010W,31,31,NA,0
YJR013W,65,62,0,0
YJR014W,448,389,2,1
YJR015W,257,254,0,0
YJR018W,0,0,0,0
YJR020W,0,0,0,0
YJR032W,110,104,0,0
YJR034W,85,63,2,0
YJR035W,46,45,NA,0
YJR039W,15,15,NA,NA
YJR040W,73,64,1,1
YJR042W,195,191,0,0
YJR046W,49,43,0,0
YJR048W,756,589,0,1
YJR050W,69,56,0,0
YJR051W,101,96,0,0
YJR052W,92,89,NA,0
YJR053W,23,23,0,NA
YJR054W,15,13,0,0
YJR055W,42,39,0,0
YJR057W,60,54,0,0
YJR059W,212,206,1,NA
YJR060W,234,207,0,2
YJR061W,10,10,NA,0
YJR063W,142,124,0,0
YJR064W,425,385,0,0
YJR066W,114,111,0,NA
YJR068W,106,95,1,0
YJR074W,86,83,NA,0
YJR075W,184,168,1,0
YJR078W,12,12,0,NA
YJR079W,0,0,0,0
YJR084W,50,47,0,0
YJR089W,40,35,1,NA
YJR092W,277,276,NA,0
YJR094W-A,1401,923,0,1
YJR095W,2,2,0,0
YJR096W,117,106,NA,0
YJR097W,50,45,1,0
YJR099W,72,58,0,0
YJR101W,222,196,0,0
YJR103W,134,129,0,1
YJR105W,1079,961,0,1
YJR106W,30,30,NA,NA
YJR107W,0,0,0,0
YJR108W,11,11,NA,0
YJR110W,16,13,0,0
YJR112W,51,41,0,0
YJR112W-A,14,7,0,0
YJR115W,1,1,NA,0
YJR116W,19,13,2,0
YJR117W,274,249,0,0
YJR120W,30,11,NA,4
YJR121W,1959,1894,0,1
YJR122W,25,24,0,0
YJR123W,3601,3201,0,6
YJR131W,71,69,0,0
YJR132W,114,109,1,0
YJR133W,189,154,1,0
YJR135W-A,198,157,0,1
YJR138W,62,61,NA,0
YJR141W,12,12,0,0
YJR142W,88,77,0,0
YJR144W,215,192,0,0
YJR147W,1,1,NA,0
YJR148W,291,269,0,1
YJR149W,16,16,NA,0
YJR152W,11,3,8,0
YJR153W,3,3,0,0
YJR154W,7,4,2,NA
YJR155W,0,0,0,0
YKL222C,7,7,0,0
YKL220C,0,0,0,0
YKL218C,84,78,0,0
YKL215C,121,109,2,NA
YKL214C,78,63,0,0
YKL213C,188,181,1,0
YKL211C,388,363,0,NA
YKL209C,3,3,NA,NA
YKL206C,139,126,0,0
YKL203C,127,126,NA,NA
YKL201C,42,42,NA,NA
YKL198C,21,16,1,0
YKL197C,44,43,NA,1
YKL196C,193,167,0,0
YKL194C,72,62,0,0
YKL193C,121,104,1,0
YKL192C,473,339,0,0
YKL188C,9,9,NA,0
YKL187C,0,0,0,0
YKL186C,198,166,0,0
YKL179C,159,154,0,0
YKL178C,119,103,0,0
YKL176C,19,13,6,0
YKL174C,82,70,0,0
YKL169C,0,0,0,0
YKL168C,35,32,NA,0
YKL167C,138,116,0,0
YKL166C,70,67,NA,0
YKL165C-A,2,0,2,NA
YKL165C,159,145,0,0
YKL164C,5492,5290,16,8
YKL162C,29,26,0,0
YKL161C,178,149,3,17
YKL159C,93,84,NA,0
YKL155C,85,78,0,0
YKL152C,5648,5049,0,1
YKL151C,174,163,1,NA
YKL149C,32,29,0,0
YKL148C,602,560,5,0
YKL144C,73,65,0,0
YKL138C-A,85,52,0,1
YKL138C,137,111,2,0
YKL135C,170,158,0,0
YKL134C,78,75,1,0
YKL133C,21,19,0,0
YKL132C,1,1,0,0
YKL130C,130,102,1,0
YKL129C,120,113,NA,0
YKL128C,50,46,0,0
YKL122C,335,280,0,2
YKL119C,99,84,0,0
YKL116C,52,51,NA,0
YKL113C,146,133,0,0
YKL110C,133,117,0,1
YKL106C-A,1,1,NA,0
YKL105C,49,46,1,NA
YKL104C,828,759,6,1
YKL103C,237,223,0,0
YKL102C,2,1,NA,0
YKL100C,208,190,0,0
YKL099C,156,132,1,0
YKL092C,56,53,0,NA
YKL091C,132,127,NA,0
YKL087C,205,191,1,0
YKL082C,197,188,1,NA
YKL075C,71,65,1,NA
YKL074C,103,96,0,0
YKL065C,348,312,0,0
YKL063C,146,107,4,0
YKL060C,8715,7994,0,1
YKL059C,90,85,0,0
YKL057C,183,175,0,0
YKL056C,1541,1262,3,1
YKL055C,9,9,0,0
YKL054C,2130,2054,5,1
YKL053C-A,140,91,2,1
YKL052C,82,77,0,0
YKL050C,1,1,NA,0
YKL049C,85,79,0,0
YKL048C,14,14,NA,0
YKL046C,172,153,2,1
YKL040C,215,186,0,1
YKL036C,1,0,NA,1
YKL032C,280,276,NA,0
YKL029C,380,361,0,0
YKL026C,13,10,NA,0
YKL025C,132,126,0,0
YKL024C,146,133,NA,1
YKL022C,120,119,NA,0
YKL021C,163,157,NA,0
YKL020C,126,125,NA,0
YKL018C-A,35,24,1,0
YKL017C,54,54,0,0
YKL016C,775,665,2,0
YKL014C,210,207,NA,0
YKL013C,298,248,0,0
YKL011C,24,23,NA,0
YKL010C,215,212,NA,0
YKL008C,178,163,0,0
YKL006C-A,59,42,0,1
YKL005C,70,66,1,0
YKL003C,134,109,0,0
YKL001C,37,27,2,0
YKR001C,735,692,0,0
YKR004C,22,19,2,NA
YKR005C,2,2,NA,0
YKR006C,214,201,0,0
YKR009C,12,11,NA,0
YKR010C,60,57,0,NA
YKR011C,102,97,NA,0
YKR012C,2,0,2,NA
YKR014C,342,295,2,1
YKR015C,1,1,0,0
YKR017C,19,18,1,0
YKR018C,215,203,0,0
YKR019C,24,24,0,0
YKR022C,37,29,1,0
YKR024C,129,121,0,1
YKR026C,164,151,1,0
YKR029C,112,111,NA,0
YKR031C,70,68,NA,0
YKR036C,28,26,0,0
YKR037C,36,33,0,0
YKR038C,113,105,0,0
YKR040C,1,1,NA,NA
YKR043C,410,374,0,0
YKR045C,71,66,0,0
YKR046C,1181,1105,0,0
YKR048C,714,650,0,0
YKR049C,39,35,0,0
YKR052C,47,42,1,0
YKR053C,2,1,NA,0
YKR054C,76,74,0,1
YKR063C,57,53,NA,0
YKR065C,329,290,0,0
YKR066C,313,281,0,0
YKR068C,157,129,0,0
YKR071C,405,376,0,0
YKR072C,127,124,NA,0
YKR075C,61,56,0,0
YKR079C,94,87,3,0
YKR081C,277,236,0,0
YKR083C,44,32,0,0
YKR084C,148,140,0,0
YKR085C,174,159,0,0
YKR087C,55,45,0,0
YKR088C,78,69,0,1
YKR089C,76,72,1,0
YKR092C,391,363,0,2
YKR094C,2110,1740,0,6
YKR098C,23,22,0,0
YKR100C,85,75,3,1
YKL221W,0,0,0,0
YKL219W,60,55,NA,0
YKL217W,8,8,NA,0
YKL216W,1138,1016,3,0
YKL212W,518,488,8,NA
YKL210W,831,810,1,0
YKL208W,44,37,0,0
YKL207W,269,224,0,0
YKL205W,162,158,0,NA
YKL204W,380,362,0,0
YKL195W,454,410,0,1
YKL191W,82,74,0,0
YKL190W,141,122,0,0
YKL189W,64,59,0,0
YKL185W,423,389,10,0
YKL184W,371,343,2,0
YKL183W,77,51,6,0
YKL182W,4445,4398,NA,0
YKL181W,404,367,4,0
YKL180W,1840,1693,0,5
YKL175W,148,132,1,0
YKL173W,100,93,0,0
YKL172W,556,522,0,1
YKL171W,26,24,0,0
YKL170W,151,126,0,0
YKL163W,1809,1695,41,NA
YKL160W,132,81,0,0
YKL157W,628,619,0,0
YKL156W,788,662,NA,2
YKL154W,91,79,1,0
YKL153W,0,0,0,0
YKL150W,1079,969,0,0
YKL146W,166,162,0,0
YKL145W,617,579,NA,0
YKL143W,204,185,0,0
YKL142W,604,529,1,1
YKL141W,385,330,0,2
YKL140W,88,75,4,1
YKL139W,95,86,1,0
YKL137W,158,124,1,0
YKL127W,232,216,0,1
YKL126W,314,299,0,0
YKL125W,130,117,1,0
YKL124W,52,49,0,NA
YKL121W,35,34,NA,0
YKL120W,446,370,0,1
YKL118W,0,0,0,0
YKL117W,712,624,0,0
YKL112W,175,168,0,0
YKL109W,318,280,20,0
YKL108W,44,39,1,0
YKL107W,2,1,NA,0
YKL106W,77,70,2,0
YKL101W,158,154,NA,0
YKL098W,23,18,0,0
YKL096W-A,3625,2759,18,15
YKL096W,2882,2567,8,8
YKL094W,223,191,0,2
YKL093W,19,18,NA,0
YKL090W,40,37,NA,0
YKL089W,58,54,0,0
YKL088W,151,148,0,0
YKL086W,9,6,0,0
YKL085W,842,783,3,0
YKL084W,25,16,3,NA
YKL081W,2113,1930,0,1
YKL080W,324,296,0,0
YKL079W,86,80,0,0
YKL078W,74,71,0,0
YKL077W,321,290,0,0
YKL073W,205,199,0,0
YKL072W,17,16,0,0
YKL071W,0,0,0,0
YKL070W,0,0,0,0
YKL069W,119,93,0,0
YKL068W-A,48,24,1,0
YKL068W,246,239,3,0
YKL065W-A,4,3,0,0
YKL064W,138,129,6,NA
YKL062W,411,403,NA,0
YKL061W,38,23,0,0
YKL058W,92,62,0,0
YKL053W,6,0,NA,6
YKL051W,125,120,NA,0
YKL047W,107,101,0,0
YKL045W,145,138,0,1
YKL044W,0,0,0,0
YKL043W,13,12,NA,0
YKL042W,94,79,1,0
YKL041W,100,88,3,0
YKL039W,400,363,5,0
YKL038W,39,38,0,0
YKL035W,1441,1279,13,1
YKL034W,85,79,0,0
YKL033W-A,253,221,0,2
YKL033W,67,66,NA,0
YKL031W,0,0,0,0
YKL028W,100,93,0,0
YKL027W,120,103,1,0
YKL023W,97,89,0,0
YKL019W,65,59,0,0
YKL018W,78,68,0,0
YKL015W,47,43,2,0
YKL012W,89,84,0,NA
YKL009W,429,364,1,0
YKL007W,418,382,0,0
YKL006W,1898,1500,0,2
YKL004W,98,85,10,0
YKL002W,121,110,0,0
YKR002W,110,98,2,0
YKR003W,129,114,1,0
YKR007W,85,70,0,0
YKR008W,170,146,0,0
YKR013W,776,710,0,0
YKR016W,363,329,0,0
YKR020W,48,42,0,0
YKR021W,89,84,0,0
YKR023W,91,89,0,0
YKR025W,108,101,1,0
YKR027W,37,35,0,0
YKR028W,140,135,NA,0
YKR030W,89,70,0,0
YKR035W-A,280,234,0,0
YKR039W,1831,1690,21,0
YKR041W,11,9,NA,2
YKR042W,1971,1744,39,5
YKR044W,12,8,0,0
YKR047W,0,0,0,0
YKR050W,3,0,3,0
YKR051W,14,12,0,0
YKR055W,56,50,0,1
YKR056W,207,205,NA,0
YKR057W,862,578,0,2
YKR058W,28,25,2,0
YKR059W,2250,2159,0,1
YKR060W,80,69,0,0
YKR061W,22,21,0,0
YKR062W,154,148,0,0
YKR064W,40,35,NA,0
YKR067W,142,126,1,1
YKR069W,17,13,4,0
YKR070W,97,91,NA,0
YKR074W,165,151,NA,0
YKR075W-A,0,0,0,0
YKR076W,46,45,0,0
YKR077W,211,194,0,0
YKR078W,35,32,0,0
YKR080W,182,162,0,0
YKR082W,229,222,NA,0
YKR086W,50,48,0,0
YKR090W,68,64,0,0
YKR091W,302,268,0,0
YKR093W,1035,977,3,0
YKR095W,206,204,NA,0
YKR095W-A,119,90,0,0
YKR096W,71,69,0,0
YKR097W,7,7,NA,0
YKR099W,65,57,3,0
YKR101W,23,22,0,0
YKR102W,0,0,0,0
YKR103W,2,2,0,NA
YKR104W,0,0,0,0
YLL063C,14,13,NA,0
YLL062C,16,13,0,0
YLL060C,4,4,0,0
YLL059C,2,2,NA,0
YLL057C,8,8,NA,0
YLL056C,1,1,NA,0
YLL054C,14,13,0,0
YLL053C,0,0,0,0
YLL051C,16,16,0,0
YLL050C,914,821,0,8
YLL048C,396,393,NA,NA
YLL045C,3286,3001,0,1
YLL042C,4,4,NA,0
YLL041C,473,420,1,1
YLL040C,400,398,NA,0
YLL039C,2324,2177,8,1
YLL038C,51,42,NA,5
YLL036C,88,84,0,0
YLL034C,158,155,0,0
YLL032C,60,58,NA,0
YLL031C,121,114,0,0
YLL024C,9325,9078,1,7
YLL023C,237,207,0,0
YLL022C,72,72,NA,0
YLL019C,145,143,2,NA
YLL018C-A,70,41,2,1
YLL018C,1458,1380,0,0
YLL013C,245,228,5,0
YLL010C,81,76,1,1
YLL009C,355,237,0,0
YLL007C,50,49,1,0
YLR001C,38,37,0,0
YLR002C,238,224,1,0
YLR003C,144,127,0,0
YLR004C,2,2,0,0
YLR006C,74,63,5,NA
YLR008C,241,213,0,0
YLR010C,26,17,0,0
YLR014C,25,24,NA,NA
YLR016C,50,39,2,0
YLR018C,69,62,0,0
YLR020C,48,45,0,0
YLR022C,132,121,NA,0
YLR023C,111,99,5,0
YLR024C,30,30,0,NA
YLR026C,147,126,0,0
YLR027C,997,926,0,0
YLR028C,404,371,5,0
YLR029C,2753,2281,1,1
YLR034C,106,92,5,0
YLR035C,15,14,0,0
YLR036C,47,33,0,0
YLR037C,3,3,0,0
YLR038C,471,355,5,3
YLR039C,58,57,NA,0
YLR040C,299,259,3,1
YLR042C,21,15,1,0
YLR043C,370,283,0,1
YLR044C,16685,15866,3,23
YLR045C,142,134,0,NA
YLR046C,0,0,0,0
YLR047C,14,13,0,0
YLR049C,173,162,0,0
YLR050C,47,34,0,0
YLR051C,163,148,0,0
YLR053C,2,2,NA,0
YLR054C,6,6,NA,0
YLR055C,49,44,NA,0
YLR058C,890,830,1,0
YLR059C,98,95,NA,0
YLR065C,66,47,0,0
YLR067C,41,41,NA,0
YLR069C,368,348,0,0
YLR070C,3,3,NA,0
YLR071C,92,83,0,1
YLR073C,36,32,1,0
YLR074C,217,151,0,0
YLR078C,140,120,1,0
YLR082C,45,42,0,0
YLR083C,223,196,1,NA
YLR084C,70,69,NA,0
YLR085C,43,36,0,0
YLR087C,22,22,NA,0
YLR089C,275,253,1,0
YLR093C,178,149,1,0
YLR094C,116,116,0,0
YLR095C,90,81,0,0
YLR097C,56,42,6,0
YLR098C,31,28,0,0
YLR099C,36,29,0,0
YLR103C,52,47,0,0
YLR105C,25,23,0,0
YLR106C,351,346,NA,0
YLR108C,31,28,0,0
YLR110C,7163,6027,45,22
YLR114C,95,90,0,0
YLR117C,77,72,0,0
YLR118C,161,148,1,0
YLR120C,325,298,2,1
YLR121C,126,120,0,0
YLR126C,29,24,1,0
YLR127C,33,32,0,NA
YLR130C,40,35,3,0
YLR131C,91,87,NA,0
YLR132C,33,30,0,2
YLR136C,11,8,NA,0
YLR139C,56,49,2,0
YLR144C,105,98,0,0
YLR146C,107,88,0,0
YLR147C,99,79,0,0
YLR149C,61,55,0,0
YLR151C,58,52,NA,0
YLR152C,42,32,7,0
YLR153C,2154,2013,2,0
YLR154C,44,39,1,0
YLR163C,281,262,0,0
YLR165C,8,8,NA,0
YLR166C,158,143,0,0
YLR168C,326,264,0,1
YLR170C,135,111,0,0
YLR172C,270,240,0,0
YLR176C,41,41,NA,0
YLR178C,378,337,0,0
YLR179C,273,240,0,1
YLR181C,95,91,0,0
YLR183C,156,141,0,0
YLR189C,54,53,NA,0
YLR192C,604,547,0,0
YLR193C,110,97,0,1
YLR194C,795,700,0,2
YLR195C,245,230,0,0
YLR199C,159,131,0,0
YLR201C,139,132,NA,1
YLR203C,221,206,0,0
YLR205C,146,132,0,0
YLR209C,177,168,NA,0
YLR211C,35,31,0,1
YLR212C,75,70,0,0
YLR213C,2,2,0,0
YLR215C,70,63,0,0
YLR216C,1229,1171,0,4
YLR218C,21,18,NA,0
YLR221C,188,167,0,0
YLR222C,292,285,0,0
YLR223C,210,196,4,NA
YLR225C,195,178,0,0
YLR227C,12,3,9,NA
YLR228C,45,40,1,0
YLR229C,335,279,10,0
YLR231C,58,53,0,0
YLR233C,24,13,1,0
YLR239C,76,71,0,0
YLR242C,21,12,6,0
YLR244C,514,478,0,0
YLR245C,54,46,0,0
YLR247C,72,65,NA,0
YLR254C,60,56,0,0
YLR255C,1,0,0,1
YLR259C,3385,3217,0,0
YLR262C-A,329,212,0,0
YLR265C,19,16,NA,0
YLR266C,13,13,NA,0
YLR269C,0,0,0,0
YLR272C,102,100,0,0
YLR273C,15,11,1,0
YLR276C,419,391,1,2
YLR277C,82,72,1,0
YLR284C,17,15,0,0
YLR285C-A,1,0,NA,0
YLR286C,1684,1544,33,NA
YLR287C,138,127,0,0
YLR287C-A,1083,742,0,6
YLR288C,24,20,0,0
YLR290C,53,48,0,0
YLR291C,261,236,0,0
YLR292C,222,186,0,0
YLR293C,1406,1267,2,0
YLR294C,29,4,NA,NA
YLR298C,90,86,NA,1
YLR304C,3264,3109,1,1
YLR305C,156,156,NA,0
YLR309C,188,183,0,NA
YLR310C,179,172,NA,0
YLR311C,0,0,0,0
YLR312C,23,22,0,NA
YLR313C,29,22,5,0
YLR314C,509,475,3,0
YLR316C,49,45,0,0
YLR319C,121,112,0,0
YLR321C,201,194,0,0
YLR323C,33,30,0,0
YLR325C,1361,1076,0,6
YLR327C,617,410,17,1
YLR333C,1077,801,15,4
YLR336C,146,141,0,NA
YLR337C,287,282,1,0
YLR339C,0,0,0,0
YLR346C,1,1,0,0
YLR347C,440,418,0,0
YLR348C,121,107,0,0
YLR351C,179,171,NA,0
YLR354C,1243,1116,1,1
YLR355C,6355,5860,14,5
YLR361C,44,41,0,0
YLR361C-A,69,61,NA,0
YLR363C,131,96,3,0
YLR364C-A,0,0,0,0
YLR370C,334,305,1,1
YLR373C,93,83,0,0
YLR376C,14,12,0,0
YLR378C,336,313,3,1
YLR382C,92,87,0,0
YLR384C,378,374,NA,0
YLR387C,280,266,0,0
YLR389C,147,145,NA,1
YLR392C,29,27,1,0
YLR395C,418,298,0,0
YLR396C,65,65,0,0
YLR397C,140,134,0,0
YLR398C,222,221,NA,0
YLR399C,173,162,0,NA
YLR401C,203,195,0,1
YLR406C,701,558,0,1
YLR406C-A,1,0,0,NA
YLR408C,33,30,NA,0
YLR409C,233,228,0,0
YLR412C-A,0,0,0,0
YLR414C,474,424,10,0
YLR418C,278,266,NA,0
YLR421C,277,240,0,0
YLR423C,39,32,0,0
YLR428C,0,0,0,0
YLR431C,26,21,2,0
YLR433C,104,98,NA,0
YLR436C,44,43,0,0
YLR437C,93,81,2,0
YLR438C-A,200,131,3,0
YLR440C,81,76,0,0
YLR441C,2660,2390,0,3
YLR442C,73,69,0,0
YLR447C,538,489,1,0
YLR452C,32,28,0,0
YLR453C,21,16,1,NA
YLR457C,18,17,0,0
YLR460C,7,7,0,0
YLL061W,18,17,0,0
YLL058W,48,45,0,0
YLL055W,1,1,0,0
YLL049W,14,14,0,NA
YLL047W,0,0,0,0
YLL043W,146,141,0,1
YLL037W,0,0,0,0
YLL035W,26,26,0,0
YLL033W,19,15,NA,0
YLL029W,268,238,2,0
YLL028W,269,250,3,1
YLL027W,218,175,16,2
YLL026W,2392,2309,5,0
YLL025W,2,2,0,0
YLL021W,266,257,2,NA
YLL015W,144,139,NA,0
YLL014W,112,86,0,0
YLL012W,46,43,0,0
YLL011W,153,145,0,0
YLL008W,334,316,0,0
YLL006W,69,66,0,0
YLL004W,42,41,0,0
YLL003W,24,22,0,0
YLL002W,27,25,0,0
YLL001W,244,241,0,0
YLR005W,65,58,0,0
YLR007W,43,40,0,0
YLR009W,361,306,4,0
YLR011W,49,37,1,0
YLR015W,46,41,1,0
YLR017W,184,180,NA,0
YLR019W,114,101,6,0
YLR021W,66,50,1,0
YLR025W,229,196,1,0
YLR031W,0,0,0,0
YLR032W,87,87,NA,0
YLR033W,115,105,1,0
YLR041W,13,0,0,13
YLR048W,2289,2061,1,1
YLR052W,84,83,NA,0
YLR056W,493,461,1,1
YLR057W,71,64,0,0
YLR060W,955,910,0,0
YLR061W,1603,1225,0,3
YLR064W,177,143,1,0
YLR066W,140,119,0,0
YLR068W,89,69,0,0
YLR072W,38,37,0,0
YLR075W,3266,3049,0,0
YLR077W,68,60,0,0
YLR079W,178,158,0,0
YLR080W,18,18,NA,0
YLR081W,3,3,0,0
YLR086W,80,76,NA,0
YLR088W,121,111,0,0
YLR090W,126,122,0,0
YLR091W,21,19,NA,0
YLR092W,4,4,NA,0
YLR096W,80,77,2,NA
YLR099W-A,49,47,0,0
YLR100W,453,420,0,0
YLR104W,66,61,0,0
YLR107W,69,65,NA,0
YLR109W,2422,2047,3,2
YLR112W,10,1,0,9
YLR113W,342,307,1,0
YLR115W,71,66,0,0
YLR116W,87,84,NA,0
YLR119W,37,37,NA,0
YLR120W-A,0,0,0,0
YLR124W,2,1,NA,0
YLR125W,0,0,0,0
YLR128W,34,28,0,0
YLR129W,214,200,0,0
YLR133W,250,237,0,0
YLR134W,781,774,0,0
YLR135W,26,25,0,1
YLR137W,20,18,0,0
YLR138W,69,63,5,NA
YLR141W,19,19,NA,0
YLR142W,183,178,NA,0
YLR143W,114,108,0,0
YLR145W,54,51,0,0
YLR146W-A,55,43,0,0
YLR148W,144,141,NA,0
YLR150W,2527,2300,0,1
YLR164W,6,6,NA,0
YLR167W,3126,2774,2,1
YLR173W,53,48,0,0
YLR174W,6,5,0,0
YLR175W,926,842,1,1
YLR177W,121,117,0,0
YLR180W,1301,1211,3,1
YLR182W,149,145,0,0
YLR185W,1666,1187,0,3
YLR186W,279,245,0,1
YLR187W,122,116,1,NA
YLR188W,51,44,2,0
YLR190W,138,121,4,0
YLR191W,88,76,1,0
YLR196W,401,370,2,NA
YLR197W,1408,1329,0,NA
YLR200W,140,99,0,0
YLR204W,209,173,0,1
YLR206W,280,263,7,NA
YLR207W,77,73,0,0
YLR208W,359,321,4,1
YLR210W,32,28,0,0
YLR214W,25,24,0,0
YLR217W,0,0,0,0
YLR219W,152,147,1,0
YLR220W,181,153,4,0
YLR224W,31,27,3,0
YLR226W,110,103,0,1
YLR234W,14,12,0,0
YLR237W,140,133,0,0
YLR238W,43,39,0,0
YLR240W,67,62,0,0
YLR241W,103,91,1,0
YLR243W,157,133,2,0
YLR246W,14,14,NA,0
YLR248W,303,282,1,0
YLR249W,8264,8189,0,2
YLR250W,281,236,2,1
YLR253W,103,94,3,0
YLR256W,113,107,0,NA
YLR257W,626,566,12,0
YLR258W,430,413,3,2
YLR260W,107,88,3,0
YLR263W,6,1,4,0
YLR264W,817,524,0,2
YLR267W,8,7,0,0
YLR268W,166,134,0,0
YLR270W,411,363,4,3
YLR271W,36,33,3,0
YLR274W,181,173,0,0
YLR275W,67,40,0,1
YLR283W,22,20,NA,0
YLR285W,160,146,NA,0
YLR286W-A,2,1,0,0
YLR289W,73,68,0,0
YLR296W,0,0,0,0
YLR297W,36,29,0,0
YLR299W,168,161,1,0
YLR300W,2143,1957,13,11
YLR301W,369,328,0,0
YLR303W,494,446,0,0
YLR306W,36,29,1,0
YLR307W,1,1,0,0
YLR312W-A,219,190,0,0
YLR315W,41,35,0,0
YLR317W,0,0,0,0
YLR318W,5,5,NA,NA
YLR320W,11,11,NA,0
YLR324W,82,77,0,0
YLR326W,76,69,2,1
YLR328W,88,75,3,0
YLR329W,2,1,NA,1
YLR330W,367,347,0,0
YLR332W,171,154,3,1
YLR335W,435,413,0,0
YLR340W,3960,3581,7,4
YLR342W,1684,1634,11,NA
YLR342W-A,2,0,2,NA
YLR343W,0,0,0,0
YLR344W,1131,982,0,10
YLR345W,124,117,1,0
YLR349W,5,1,NA,4
YLR350W,229,206,0,0
YLR352W,32,30,1,0
YLR353W,31,25,3,0
YLR356W,125,103,0,0
YLR357W,174,168,NA,3
YLR359W,288,264,5,0
YLR360W,40,35,1,0
YLR362W,100,95,2,0
YLR363W-A,73,43,0,0
YLR364W,37,28,0,0
YLR367W,729,653,NA,1
YLR368W,33,32,0,1
YLR369W,125,120,0,NA
YLR371W,75,71,2,NA
YLR372W,336,281,4,1
YLR375W,42,41,0,0
YLR380W,215,197,6,0
YLR381W,14,13,0,NA
YLR383W,49,45,1,0
YLR386W,146,128,0,0
YLR388W,685,460,18,1
YLR390W,80,76,NA,0
YLR390W-A,1697,1507,1,1
YLR393W,97,81,0,NA
YLR394W,0,0,0,0
YLR400W,0,0,0,0
YLR402W,1,0,NA,1
YLR403W,129,123,NA,0
YLR404W,21,19,0,0
YLR405W,65,62,0,0
YLR407W,102,87,2,0
YLR410W,342,336,NA,0
YLR411W,0,0,0,0
YLR412W,47,45,NA,0
YLR413W,254,240,0,0
YLR417W,31,31,0,0
YLR419W,129,120,1,0
YLR420W,368,340,0,0
YLR422W,47,47,0,0
YLR424W,36,36,NA,0
YLR425W,26,26,NA,0
YLR426W,28,24,0,0
YLR427W,90,83,3,0
YLR429W,521,507,0,0
YLR430W,179,176,2,0
YLR432W,837,769,5,1
YLR435W,172,141,0,0
YLR438W,71,65,0,0
YLR439W,180,154,0,0
YLR443W,22,21,0,0
YLR446W,35,34,0,NA
YLR448W,1574,1348,0,2
YLR449W,610,558,1,0
YLR450W,92,87,0,0
YLR451W,87,87,0,NA
YLR454W,101,98,1,0
YLR455W,97,85,2,1
YLR456W,22,19,0,0
YLR459W,97,92,0,0
YML130C,284,257,0,0
YML129C,212,155,0,0
YML128C,525,489,0,0
YML126C,957,943,NA,1
YML125C,123,115,0,0
YML124C,247,229,0,0
YML123C,1,1,0,0
YML122C,0,0,0,0
YML120C,434,406,1,0
YML115C,141,128,0,0
YML114C,77,75,0,0
YML110C,195,175,0,0
YML107C,41,41,0,0
YML105C,298,280,0,0
YML104C,24,23,0,0
YML103C,217,217,NA,0
YML099C,49,48,NA,0
YML097C,116,105,0,0
YML095C,43,42,0,0
YML094C-A,1,0,1,NA
YML092C,438,382,0,1
YML091C,197,194,NA,NA
YML089C,2,0,NA,2
YML087C,9,7,0,0
YML086C,467,434,2,0
YML085C,334,298,1,2
YML083C,0,0,0,0
YML081C-A,359,223,4,1
YML076C,34,32,0,0
YML075C,324,296,3,0
YML074C,523,491,0,NA
YML073C,1816,1582,0,4
YML072C,595,587,2,NA
YML071C,111,103,2,0
YML067C,110,95,0,0
YML064C,80,68,1,0
YML062C,91,89,0,0
YML061C,60,58,2,0
YML059C,134,133,NA,0
YML056C,553,506,2,0
YML054C,89,86,NA,0
YML053C,74,64,0,0
YML049C,92,92,NA,NA
YML043C,15,12,1,0
YML041C,78,71,NA,0
YML038C,44,42,1,0
YML035C,228,216,1,1
YML032C,47,45,0,0
YML026C,2168,1852,1,3
YML025C,227,198,4,0
YML023C,22,16,6,0
YML021C,80,77,NA,0
YML018C,28,27,0,0
YML015C,80,73,0,0
YML011C,20,15,NA,0
YML009C,143,86,1,0
YML008C,849,767,1,0
YML007C-A,3,2,0,1
YML006C,29,27,0,0
YML004C,573,528,0,1
YMR001C,139,136,NA,0
YMR001C-A,6,3,NA,3
YMR006C,45,41,0,0
YMR008C,363,354,NA,0
YMR013C,34,32,NA,1
YMR015C,691,662,0,1
YMR016C,68,67,0,0
YMR021C,53,47,0,0
YMR023C,17,17,0,0
YMR026C,16,16,0,0
YMR029C,74,69,0,0
YMR031C,470,449,4,NA
YMR034C,4,3,0,0
YMR036C,17,17,0,0
YMR037C,187,179,NA,1
YMR038C,313,281,0,0
YMR039C,205,171,1,NA
YMR041C,51,47,0,0
YMR047C,323,314,0,NA
YMR049C,585,568,0,0
YMR052C-A,0,0,0,0
YMR053C,9,9,NA,NA
YMR055C,66,59,0,0
YMR056C,12,12,0,0
YMR060C,62,55,0,0
YMR062C,498,459,0,0
YMR067C,133,122,0,2
YMR071C,104,86,0,0
YMR073C,90,82,0,0
YMR074C,298,265,0,0
YMR076C,190,185,NA,0
YMR077C,36,28,0,0
YMR078C,60,57,0,0
YMR080C,280,261,0,0
YMR081C,23,18,2,1
YMR086C-A,0,0,0,0
YMR088C,64,58,5,0
YMR089C,149,127,15,NA
YMR091C,208,197,0,0
YMR092C,440,402,0,0
YMR097C,67,54,3,0
YMR098C,59,57,0,0
YMR099C,454,405,0,1
YMR101C,7,7,NA,0
YMR102C,59,57,NA,0
YMR103C,2,2,0,0
YMR105C,854,813,1,0
YMR106C,28,25,0,1
YMR110C,280,267,0,0
YMR111C,30,28,0,0
YMR112C,72,66,NA,0
YMR114C,33,31,NA,0
YMR116C,3452,3125,0,5
YMR117C,34,33,NA,0
YMR118C,2,2,NA,0
YMR120C,94,87,0,0
YMR121C,862,804,0,0
YMR122C,0,0,0,0
YMR126C,12,12,0,0
YMR127C,22,20,0,0
YMR131C,397,383,0,0
YMR132C,71,57,0,1
YMR135C,139,128,0,0
YMR137C,13,13,0,0
YMR142C,1953,1682,0,3
YMR145C,1356,1239,18,0
YMR146C,902,793,0,0
YMR150C,31,29,0,NA
YMR153C-A,0,0,0,0
YMR154C,26,25,NA,NA
YMR156C,30,29,NA,0
YMR157C,52,37,0,0
YMR158C-A,5,5,0,0
YMR162C,39,37,NA,0
YMR163C,24,23,1,0
YMR164C,113,111,0,NA
YMR165C,75,70,1,0
YMR166C,35,20,7,0
YMR168C,50,49,0,0
YMR169C,379,370,NA,0
YMR170C,313,287,0,0
YMR171C,56,50,0,0
YMR174C,45,26,0,0
YMR180C,40,35,0,1
YMR181C,57,47,0,0
YMR182C,4,2,2,0
YMR183C,308,272,0,0
YMR187C,25,22,0,0
YMR188C,276,253,1,0
YMR190C,20,20,0,NA
YMR193C-A,0,0,0,0
YMR194C-B,12,10,NA,0
YMR197C,245,208,3,0
YMR201C,45,43,0,0
YMR204C,37,36,0,0
YMR205C,2154,2072,0,2
YMR207C,35,28,6,0
YMR209C,29,27,0,0
YMR212C,114,109,1,0
YMR216C,124,114,4,0
YMR218C,61,55,0,NA
YMR221C,101,95,0,0
YMR222C,137,113,0,0
YMR224C,45,41,0,0
YMR225C,145,100,0,0
YMR226C,932,830,1,1
YMR227C,83,76,0,0
YMR229C,802,794,NA,0
YMR235C,451,409,0,1
YMR239C,113,96,0,1
YMR240C,67,62,0,0
YMR242C,1936,1691,0,1
YMR243C,234,209,2,1
YMR244C-A,71,44,0,1
YMR247C,244,242,0,NA
YMR252C,7,7,0,0
YMR253C,39,38,0,NA
YMR256C,491,324,0,4
YMR257C,26,18,6,0
YMR258C,68,66,1,0
YMR259C,88,85,NA,0
YMR260C,734,583,0,0
YMR261C,316,293,0,0
YMR265C,12,11,NA,0
YMR268C,47,44,0,0
YMR270C,25,24,1,0
YMR271C,22,22,NA,0
YMR272C,477,441,0,3
YMR273C,41,39,0,0
YMR274C,21,19,0,0
YMR275C,77,73,0,0
YMR279C,2,2,0,0
YMR280C,15,14,NA,0
YMR282C,41,41,0,NA
YMR283C,31,30,NA,0
YMR285C,120,113,0,0
YMR287C,53,50,0,NA
YMR290C,523,492,0,1
YMR293C,54,49,0,0
YMR295C,490,442,1,NA
YMR296C,193,183,0,0
YMR299C,42,39,0,0
YMR300C,257,228,0,0
YMR301C,81,78,0,0
YMR302C,191,176,0,1
YMR303C,1852,1784,0,0
YMR305C,718,665,7,NA
YMR306C-A,2,2,NA,0
YMR308C,386,371,3,0
YMR309C,892,846,1,0
YMR310C,102,90,0,1
YMR311C,243,210,0,0
YMR313C,75,73,0,0
YMR316C-A,0,0,0,0
YMR316C-B,0,0,0,0
YMR318C,379,357,0,0
YMR319C,82,78,0,0
YML131W,98,87,0,0
YML127W,150,141,0,NA
YML121W,60,52,1,0
YML119W,100,93,0,0
YML118W,10,8,1,NA
YML117W,332,324,1,NA
YML116W,18,11,2,0
YML113W,95,86,0,0
YML112W,70,66,0,0
YML111W,152,149,0,NA
YML109W,65,61,1,0
YML108W,78,58,0,0
YML106W,343,293,16,0
YML102W,51,50,0,0
YML100W-A,0,0,0,0
YML100W,876,843,0,0
YML098W,59,38,0,1
YML096W,55,48,0,0
YML094W,165,134,0,1
YML093W,316,307,0,NA
YML090W,0,0,0,0
YML088W,58,56,0,NA
YML084W,3,1,NA,1
YML082W,46,44,0,0
YML081W,47,47,0,0
YML080W,105,90,1,0
YML079W,148,142,0,0
YML078W,469,415,0,0
YML077W,40,38,NA,0
YML070W,468,449,0,1
YML069W,380,355,1,0
YML068W,32,25,4,0
YML065W,61,58,0,0
YML063W,2849,2582,0,2
YML060W,85,74,0,0
YML058W-A,8,4,0,0
YML058W,847,649,0,2
YML057W,260,246,0,0
YML055W,79,67,0,0
YML052W,297,276,0,0
YML051W,11,9,0,0
YML050W,44,40,0,0
YML048W,226,208,0,0
YML046W,63,59,1,0
YML042W,15,15,NA,0
YML036W,54,44,0,0
YML034W,211,209,0,1
YML031W,100,83,0,0
YML030W,117,79,0,1
YML029W,97,91,0,0
YML028W,1623,1361,0,3
YML027W,179,172,0,0
YML024W,2323,1902,0,0
YML022W,389,324,0,0
YML020W,33,28,2,0
YML019W,54,49,0,1
YML017W,206,187,0,0
YML014W,69,64,NA,0
YML013W,132,128,0,0
YML012W,328,268,0,1
YML010W,713,702,0,NA
YML007W,202,201,0,0
YML005W,55,54,0,0
YML002W,0,0,0,0
YML001W,295,269,1,0
YMR002W,944,799,0,2
YMR003W,73,62,1,0
YMR004W,127,122,0,0
YMR005W,148,133,0,0
YMR007W,0,0,0,0
YMR009W,142,120,0,0
YMR010W,63,49,12,0
YMR011W,875,820,0,1
YMR012W,778,746,3,0
YMR013W-A,0,0,0,0
YMR014W,165,155,0,1
YMR017W,1,1,NA,0
YMR018W,0,0,0,0
YMR019W,38,38,NA,0
YMR020W,31,29,0,0
YMR022W,305,267,0,0
YMR024W,278,268,NA,0
YMR025W,26,26,0,0
YMR027W,338,306,2,0
YMR028W,97,93,0,0
YMR030W,31,29,0,0
YMR033W,154,134,1,0
YMR035W,16,14,0,0
YMR040W,17,12,3,0
YMR042W,16,12,0,1
YMR043W,224,210,0,0
YMR044W,88,82,0,0
YMR048W,46,43,0,0
YMR052W,40,37,0,0
YMR054W,102,89,3,0
YMR058W,139,127,0,0
YMR059W,29,27,0,0
YMR061W,136,127,0,0
YMR063W,11,9,0,0
YMR064W,45,43,NA,1
YMR065W,3,3,NA,0
YMR066W,24,24,0,0
YMR068W,34,30,0,0
YMR069W,12,9,NA,1
YMR070W,119,108,2,NA
YMR072W,495,455,0,3
YMR075W,68,67,0,1
YMR079W,552,487,0,0
YMR083W,679,624,1,0
YMR085W,0,0,0,0
YMR086W,164,163,1,0
YMR087W,28,24,0,0
YMR090W,68,67,0,0
YMR093W,184,175,0,0
YMR094W,18,16,0,2
YMR096W,25,21,0,0
YMR100W,51,48,NA,1
YMR107W,7,6,0,0
YMR108W,1813,1726,7,0
YMR109W,230,226,0,0
YMR113W,57,51,0,0
YMR115W,96,92,0,0
YMR119W,55,46,6,NA
YMR122W-A,1303,1020,8,7
YMR123W,199,159,0,0
YMR124W,196,191,1,NA
YMR125W,518,495,3,NA
YMR128W,208,201,0,0
YMR129W,234,228,NA,0
YMR130W,100,89,0,0
YMR134W,93,76,0,0
YMR136W,118,113,0,0
YMR138W,18,17,NA,0
YMR139W,82,69,5,0
YMR140W,110,102,0,0
YMR143W,1499,1201,0,3
YMR144W,100,87,0,0
YMR148W,47,29,14,2
YMR151W,5,4,NA,1
YMR152W,198,183,0,0
YMR153W,203,196,0,0
YMR155W,43,40,0,0
YMR158W,147,132,0,0
YMR160W,42,38,0,0
YMR161W,159,140,0,0
YMR167W,54,52,0,NA
YMR172W,49,49,NA,NA
YMR175W,12,9,1,NA
YMR176W,23,23,0,0
YMR177W,28,26,0,0
YMR178W,147,130,0,0
YMR179W,54,54,NA,0
YMR182W-A,6,0,6,0
YMR184W,112,91,0,0
YMR185W,53,51,0,NA
YMR186W,5277,5131,0,1
YMR189W,592,544,6,0
YMR192W,188,174,2,0
YMR193W,268,254,0,0
YMR194W,1240,964,0,1
YMR195W,54,42,4,1
YMR196W,183,177,NA,0
YMR198W,26,25,1,0
YMR199W,122,108,0,0
YMR200W,246,205,1,2
YMR202W,491,409,0,0
YMR203W,802,739,1,0
YMR206W,4,4,0,0
YMR208W,278,254,0,0
YMR210W,41,39,0,0
YMR211W,37,32,0,1
YMR213W,46,45,0,0
YMR214W,114,110,0,0
YMR215W,235,228,0,0
YMR217W,749,697,1,0
YMR219W,189,184,NA,0
YMR220W,206,198,0,0
YMR223W,64,60,1,0
YMR228W,97,92,0,0
YMR230W,1260,986,0,2
YMR231W,81,78,0,0
YMR233W,81,75,0,0
YMR234W,23,21,0,0
YMR236W,208,192,0,1
YMR237W,276,258,2,0
YMR238W,268,244,2,0
YMR241W,254,220,6,0
YMR246W,532,506,0,0
YMR250W,314,284,2,0
YMR251W,1,1,NA,NA
YMR251W-A,1682,1081,4,5
YMR255W,121,111,NA,0
YMR262W,36,30,NA,0
YMR263W,112,103,0,0
YMR264W,98,83,0,0
YMR266W,87,86,0,0
YMR267W,197,177,3,0
YMR269W,62,53,0,0
YMR276W,695,638,0,0
YMR277W,73,66,1,0
YMR278W,231,221,0,0
YMR281W,53,49,0,0
YMR284W,42,39,0,0
YMR286W,119,89,0,0
YMR288W,65,65,0,0
YMR289W,57,52,NA,2
YMR291W,420,389,0,0
YMR292W,92,62,0,0
YMR294W,29,28,0,0
YMR297W,1033,959,0,0
YMR298W,236,193,0,0
YMR304W,142,138,NA,NA
YMR306W,6,6,0,NA
YMR307W,2635,2498,0,3
YMR312W,80,73,0,0
YMR314W,407,341,0,1
YMR315W,537,486,0,0
YMR316W,63,57,0,0
YMR317W,5,5,NA,0
YMR320W,1,0,1,0
YNL331C,8,7,NA,1
YNL330C,191,175,0,0
YNL329C,68,65,NA,0
YNL328C,16,11,0,0
YNL326C,22,20,0,0
YNL325C,60,55,0,0
YNL322C,325,296,1,0
YNL316C,79,68,0,1
YNL315C,198,187,0,0
YNL313C,185,175,0,0
YNL311C,34,33,0,0
YNL310C,104,98,0,0
YNL308C,362,329,0,1
YNL307C,291,265,4,0
YNL305C,182,154,0,0
YNL302C,2039,1776,0,4
YNL301C,1164,998,0,2
YNL297C,159,155,NA,0
YNL294C,28,19,3,0
YNL291C,24,19,0,0
YNL284C,193,188,NA,0
YNL283C,41,33,7,0
YNL280C,181,166,1,0
YNL276C,2,2,0,0
YNL274C,505,462,1,0
YNL272C,90,84,2,0
YNL271C,78,78,NA,0
YNL270C,24,23,1,0
YNL265C,125,111,0,0
YNL264C,75,73,NA,0
YNL263C,256,223,4,0
YNL260C,109,97,NA,0
YNL259C,39,20,0,0
YNL258C,103,100,0,0
YNL257C,70,64,0,1
YNL255C,751,636,0,2
YNL254C,22,20,0,NA
YNL252C,216,204,0,0
YNL251C,333,307,13,0
YNL249C,13,12,0,0
YNL248C,366,351,0,0
YNL245C,58,53,0,1
YNL244C,521,403,0,0
YNL241C,368,345,0,0
YNL240C,84,82,0,NA
YNL231C,295,265,6,0
YNL230C,30,25,1,0
YNL229C,235,225,NA,0
YNL227C,73,69,0,0
YNL225C,51,49,NA,0
YNL224C,114,106,0,0
YNL221C,71,69,0,0
YNL219C,139,124,4,0
YNL213C,11,11,0,0
YNL211C,15,12,1,NA
YNL206C,61,58,NA,0
YNL201C,64,64,0,NA
YNL200C,94,80,0,0
YNL199C,70,67,NA,0
YNL197C,188,178,2,1
YNL195C,11,11,NA,0
YNL185C,111,98,NA,0
YNL183C,257,229,1,0
YNL182C,105,93,0,0
YNL180C,135,129,NA,0
YNL179C,10,7,3,NA
YNL177C,246,221,0,0
YNL176C,89,75,3,0
YNL175C,266,248,0,0
YNL173C,146,134,1,0
YNL169C,143,129,1,0
YNL168C,186,168,0,0
YNL167C,94,90,2,NA
YNL166C,258,240,0,0
YNL164C,57,41,1,0
YNL163C,140,135,0,0
YNL159C,78,71,0,0
YNL156C,204,153,24,0
YNL154C,340,326,3,0
YNL153C,116,83,1,0
YNL151C,104,91,1,0
YNL149C,146,120,0,0
YNL148C,19,16,0,0
YNL146C-A,0,0,0,0
YNL144C,12,12,NA,0
YNL143C,51,23,NA,0
YNL139C,146,144,1,NA
YNL137C,281,261,2,0
YNL135C,1051,855,0,3
YNL134C,864,793,1,1
YNL133C,43,40,0,0
YNL130C,220,186,1,0
YNL130C-A,0,0,0,0
YNL125C,96,88,4,0
YNL122C,153,139,NA,0
YNL121C,758,707,0,0
YNL118C,807,789,0,0
YNL115C,155,143,0,0
YNL114C,2,1,1,NA
YNL111C,415,328,0,1
YNL110C,379,325,0,0
YNL108C,134,125,0,0
YNL106C,33,31,NA,0
YNL104C,1611,1528,4,0
YNL099C,108,92,0,0
YNL098C,410,371,0,1
YNL097C-B,4,0,NA,4
YNL097C,72,63,1,0
YNL096C,1651,1441,0,1
YNL095C,16,15,1,0
YNL084C,218,195,0,0
YNL081C,182,138,1,0
YNL080C,16,16,0,0
YNL079C,832,701,1,3
YNL074C,268,248,0,0
YNL069C,2593,2319,0,3
YNL068C,95,92,0,0
YNL064C,2019,1809,34,3
YNL062C,222,207,1,0
YNL059C,125,116,0,0
YNL058C,314,280,0,1
YNL055C,2306,2067,6,0
YNL050C,98,91,0,0
YNL049C,97,95,0,0
YNL047C,61,58,0,0
YNL043C,0,0,0,0
YNL041C,104,99,0,NA
YNL037C,895,813,4,0
YNL035C,79,74,0,0
YNL031C,1838,1657,0,7
YNL029C,28,25,1,0
YNL025C,35,34,0,0
YNL024C-A,83,58,2,0
YNL024C,4,3,0,0
YNL023C,36,34,0,0
YNL022C,103,103,0,0
YNL020C,55,51,1,0
YNL019C,1,0,NA,0
YNL011C,52,46,0,0
YNL008C,47,44,0,0
YNL007C,1175,1055,8,1
YNL005C,190,167,0,0
YNL003C,53,46,0,0
YNL002C,421,375,0,0
YNR001C,1277,1178,4,2
YNR002C,7,7,NA,0
YNR003C,172,162,0,0
YNR007C,80,68,0,0
YNR011C,73,68,0,0
YNR013C,346,340,0,0
YNR016C,1867,1849,NA,0
YNR020C,79,72,NA,0
YNR022C,121,106,0,0
YNR025C,0,0,0,0
YNR026C,168,158,0,NA
YNR029C,95,92,0,0
YNR031C,58,57,NA,0
YNR032C-A,39,28,0,0
YNR035C,513,483,0,0
YNR036C,287,253,0,1
YNR037C,144,117,0,0
YNR039C,60,56,0,0
YNR041C,136,126,0,0
YNR049C,79,70,0,0
YNR050C,436,409,0,0
YNR051C,143,127,8,1
YNR052C,183,167,2,0
YNR053C,305,293,0,0
YNR054C,155,150,0,0
YNR055C,162,127,28,0
YNR056C,0,0,0,0
YNR061C,106,78,0,0
YNR062C,0,0,0,0
YNR064C,7,6,NA,0
YNR065C,62,60,NA,0
YNR066C,56,53,NA,NA
YNR067C,441,427,0,0
YNR068C,0,0,0,0
YNR069C,3,0,2,NA
YNR071C,0,0,0,0
YNR073C,1,1,NA,0
YNR074C,0,0,0,0
YNL327W,1361,1336,1,0
YNL323W,147,135,0,0
YNL321W,137,136,0,0
YNL320W,42,34,0,0
YNL317W,74,73,0,0
YNL314W,21,19,NA,0
YNL312W,180,153,0,0
YNL309W,101,95,0,0
YNL306W,237,203,0,1
YNL300W,401,301,6,3
YNL299W,41,39,0,0
YNL298W,109,108,NA,0
YNL295W,74,66,0,0
YNL293W,67,63,0,0
YNL292W,105,94,0,0
YNL290W,120,115,0,0
YNL289W,307,262,5,0
YNL288W,143,127,4,0
YNL287W,688,666,2,0
YNL286W,34,31,2,0
YNL281W,358,262,0,0
YNL279W,2,2,0,NA
YNL278W,44,44,0,0
YNL277W-A,3,1,NA,0
YNL277W,15,11,NA,2
YNL275W,22,21,0,0
YNL273W,42,41,NA,0
YNL268W,525,512,0,0
YNL267W,138,133,2,0
YNL262W,127,124,NA,0
YNL261W,61,56,0,0
YNL256W,104,98,1,0
YNL253W,71,65,0,0
YNL250W,39,36,NA,0
YNL247W,546,526,NA,0
YNL246W,74,64,0,0
YNL243W,432,419,0,0
YNL242W,48,44,0,NA
YNL239W,399,365,12,1
YNL238W,93,85,1,0
YNL237W,5,5,0,0
YNL236W,87,85,0,0
YNL234W,9,8,0,0
YNL233W,116,115,1,0
YNL232W,146,137,0,0
YNL228W,1,0,1,NA
YNL226W,0,0,0,0
YNL223W,42,38,NA,0
YNL222W,187,170,0,0
YNL220W,289,254,0,0
YNL218W,41,38,0,1
YNL217W,18,17,0,0
YNL216W,266,257,1,0
YNL215W,79,71,0,NA
YNL214W,42,38,0,0
YNL212W,174,163,1,0
YNL209W,4723,4557,0,1
YNL208W,1372,1255,0,1
YNL207W,132,125,4,0
YNL202W,21,21,0,0
YNL193W,66,57,0,0
YNL192W,411,393,1,NA
YNL191W,34,26,3,0
YNL190W,1018,913,29,2
YNL189W,753,683,9,1
YNL188W,9,8,0,0
YNL187W,8,4,4,0
YNL186W,197,178,4,0
YNL181W,108,104,0,0
YNL178W,3464,3051,0,0
YNL172W,49,47,0,NA
YNL165W,29,23,3,0
YNL162W-A,35,25,0,0
YNL162W,1908,1539,0,0
YNL161W,194,187,1,0
YNL160W,1678,1556,1,2
YNL158W,57,48,0,NA
YNL157W,232,195,0,0
YNL155W,126,108,1,0
YNL152W,54,50,0,0
YNL147W,141,119,2,1
YNL146W,12,8,0,0
YNL145W,0,0,0,0
YNL142W,94,71,11,NA
YNL141W,330,308,0,0
YNL138W-A,69,58,0,0
YNL138W,870,848,0,0
YNL136W,33,28,0,NA
YNL132W,414,393,0,0
YNL131W,578,503,2,0
YNL129W,43,38,NA,0
YNL128W,4,4,0,NA
YNL127W,61,60,NA,0
YNL126W,43,41,0,0
YNL124W,105,98,0,0
YNL123W,339,330,0,0
YNL119W,92,83,0,0
YNL117W,1,1,0,0
YNL116W,179,167,0,1
YNL113W,327,262,4,0
YNL112W,700,661,0,0
YNL109W,1,0,1,NA
YNL107W,85,74,NA,1
YNL103W-A,0,0,0,0
YNL103W,112,110,0,0
YNL102W,257,255,NA,0
YNL101W,102,96,0,1
YNL100W,218,193,0,0
YNL097W-A,0,0,0,0
YNL094W,31,23,8,0
YNL093W,5,5,0,0
YNL092W,17,16,0,0
YNL091W,207,201,0,NA
YNL090W,52,41,2,0
YNL088W,206,202,0,NA
YNL087W,85,81,NA,0
YNL086W,40,32,2,0
YNL085W,378,353,11,3
YNL083W,52,44,1,5
YNL082W,55,51,0,0
YNL078W,69,66,0,0
YNL077W,46,43,0,0
YNL076W,82,72,2,0
YNL075W,192,169,0,0
YNL073W,50,47,0,0
YNL072W,59,49,0,0
YNL071W,1258,1204,0,0
YNL070W,267,171,1,1
YNL067W-A,2,0,NA,0
YNL067W,1299,1160,1,0
YNL066W,269,228,8,1
YNL065W,120,117,1,0
YNL063W,21,21,NA,0
YNL061W,420,385,0,NA
YNL057W,0,0,0,0
YNL056W,94,67,0,0
YNL054W,81,81,NA,0
YNL053W,86,84,0,0
YNL052W,620,548,0,1
YNL051W,88,84,NA,1
YNL048W,91,84,0,0
YNL046W,46,41,NA,0
YNL045W,258,257,NA,0
YNL044W,360,302,0,0
YNL042W,20,18,1,0
YNL040W,112,105,0,0
YNL039W,115,110,0,0
YNL038W,25,22,0,0
YNL036W,685,609,0,1
YNL033W,1,0,0,0
YNL032W,65,51,0,0
YNL030W,1635,1215,7,4
YNL027W,169,165,0,0
YNL026W,83,76,0,0
YNL021W,66,61,1,0
YNL016W,1010,940,1,0
YNL015W,510,361,0,0
YNL014W,48,48,NA,0
YNL012W,12,12,NA,0
YNL010W,525,444,1,0
YNL009W,20,20,NA,0
YNL006W,118,112,0,1
YNL004W,255,243,0,0
YNL001W,164,153,1,0
YNR001W-A,1,1,0,0
YNR004W,3,3,0,0
YNR006W,200,194,0,0
YNR008W,164,154,0,0
YNR009W,74,66,0,0
YNR010W,112,92,0,0
YNR012W,114,105,0,0
YNR014W,39,38,0,0
YNR015W,127,119,0,0
YNR017W,265,225,6,0
YNR018W,270,224,0,0
YNR019W,304,284,0,NA
YNR021W,359,321,0,0
YNR023W,85,80,0,0
YNR024W,62,51,0,0
YNR027W,30,27,0,0
YNR028W,72,56,1,0
YNR030W,123,112,1,0
YNR032W,60,54,0,1
YNR033W,118,116,NA,0
YNR034W,163,142,0,0
YNR034W-A,290,218,1,0
YNR038W,137,130,NA,0
YNR040W,91,85,NA,1
YNR043W,540,484,0,0
YNR044W,51,49,1,0
YNR045W,40,39,0,0
YNR046W,252,217,0,0
YNR047W,76,74,0,0
YNR048W,39,35,0,0
YNR058W,4,4,0,0
YNR059W,19,13,5,0
YNR060W,0,0,0,0
YNR063W,9,9,NA,0
YNR070W,0,0,0,0
YNR072W,1,1,0,0
YNR075W,35,34,0,NA
YOL159C-A,40,32,0,0
YOL159C,31,25,0,0
YOL158C,4,2,2,0
YOL157C,16,15,NA,0
YOL155C,1381,1361,0,NA
YOL150C,0,0,0,0
YOL148C,56,52,NA,NA
YOL147C,189,160,0,0
YOL145C,233,220,0,0
YOL143C,599,496,3,0
YOL139C,1025,917,3,0
YOL138C,46,46,NA,0
YOL136C,87,73,10,0
YOL135C,78,66,0,0
YOL128C,25,24,NA,0
YOL126C,329,292,0,0
YOL124C,99,87,0,0
YOL122C,153,147,0,0
YOL121C,1739,1538,0,1
YOL120C,2139,1800,0,1
YOL119C,138,132,0,0
YOL114C,10,9,0,0
YOL111C,239,206,1,0
YOL108C,64,57,NA,0
YOL105C,21,15,2,0
YOL102C,63,54,NA,0
YOL101C,13,11,0,0
YOL097C,469,427,0,0
YOL096C,58,54,2,0
YOL095C,20,19,0,0
YOL094C,121,108,0,0
YOL089C,91,91,NA,0
YOL088C,111,90,0,0
YOL087C,60,58,NA,0
YOL086C,8739,8071,11,1
YOL085C,1,1,NA,0
YOL080C,77,68,0,0
YOL077C,445,395,0,0
YOL075C,38,37,NA,NA
YOL073C,58,53,0,0
YOL070C,258,253,0,0
YOL068C,36,36,NA,NA
YOL067C,92,90,NA,0
YOL066C,87,81,0,0
YOL065C,69,67,0,0
YOL064C,123,102,0,0
YOL063C,23,21,0,0
YOL062C,66,62,0,0
YOL060C,82,79,0,0
YOL055C,38,35,NA,0
YOL052C-A,297,184,0,2
YOL052C,137,123,0,0
YOL048C,51,48,0,0
YOL043C,17,12,4,0
YOL041C,381,354,1,0
YOL040C,2452,1955,5,7
YOL038C-A,1,0,0,0
YOL037C,0,0,0,0
YOL031C,97,89,0,0
YOL029C,0,0,0,0
YOL028C,63,47,6,NA
YOL027C,267,254,0,0
YOL026C,90,75,0,0
YOL022C,139,123,0,0
YOL021C,314,305,0,0
YOL018C,123,109,1,0
YOL016C,169,152,0,0
YOL013C,36,33,0,0
YOL012C,194,153,4,0
YOL009C,25,22,NA,0
YOL007C,150,135,0,0
YOL006C,177,168,0,0
YOL005C,209,181,1,0
YOL003C,47,44,0,0
YOL002C,52,50,0,0
YOR005C,22,22,NA,0
YOR006C,107,95,0,0
YOR007C,589,548,NA,1
YOR008C,199,172,5,1
YOR008C-A,0,0,0,0
YOR010C,0,0,0,0
YOR016C,74,50,4,1
YOR020C,961,701,2,2
YOR021C,253,231,0,0
YOR022C,21,21,NA,0
YOR023C,68,63,2,0
YOR028C,187,172,4,0
YOR032C,8,8,0,0
YOR033C,39,36,1,0
YOR034C,20,17,2,0
YOR035C,105,102,0,NA
YOR038C,73,70,0,0
YOR041C,14,0,14,0
YOR046C,539,515,0,0
YOR047C,61,55,1,0
YOR048C,173,170,0,0
YOR049C,0,0,0,0
YOR050C,0,0,0,0
YOR051C,292,267,0,0
YOR052C,414,349,0,0
YOR054C,108,104,0,0
YOR056C,164,142,1,0
YOR058C,78,72,NA,1
YOR059C,39,36,0,0
YOR060C,37,32,0,0
YOR062C,64,60,NA,0
YOR064C,16,14,NA,0
YOR067C,109,97,0,0
YOR068C,0,0,0,0
YOR070C,59,53,1,0
YOR071C,16,10,0,6
YOR074C,170,155,0,0
YOR076C,75,74,0,0
YOR079C,64,56,0,0
YOR081C,93,90,0,1
YOR086C,225,213,0,0
YOR089C,210,166,1,0
YOR090C,64,63,0,0
YOR093C,59,59,0,0
YOR095C,95,79,1,0
YOR097C,30,19,0,0
YOR098C,232,226,NA,0
YOR100C,3,3,NA,0
YOR103C,151,96,2,0
YOR108C-A,0,0,0,0
YOR115C,86,65,0,0
YOR116C,168,156,2,0
YOR119C,131,121,0,0
YOR121C,0,0,0,0
YOR122C,606,461,0,1
YOR123C,209,201,0,0
YOR124C,269,260,0,0
YOR125C,127,116,0,0
YOR126C,63,57,0,0
YOR128C,30,28,0,0
YOR129C,13,13,0,0
YOR130C,60,52,NA,0
YOR131C,129,113,0,0
YOR137C,10,10,NA,0
YOR138C,99,91,0,0
YOR141C,172,163,0,0
YOR143C,52,46,0,0
YOR144C,37,37,NA,0
YOR145C,287,251,0,0
YOR148C,20,14,0,0
YOR149C,26,23,0,0
YOR151C,361,348,NA,1
YOR152C,41,33,1,0
YOR155C,97,96,NA,0
YOR156C,28,28,0,0
YOR157C,518,466,1,0
YOR159C,51,36,0,0
YOR161C,225,195,3,0
YOR161C-C,1,1,NA,0
YOR162C,34,30,0,0
YOR164C,259,229,0,0
YOR166C,43,36,0,0
YOR167C,1036,610,0,5
YOR171C,198,189,0,NA
YOR175C,106,102,0,0
YOR177C,13,12,NA,1
YOR178C,96,90,NA,0
YOR179C,65,56,0,0
YOR180C,7,4,3,0
YOR182C,1118,847,NA,1
YOR185C,154,132,0,0
YOR186C-A,0,0,0,0
YOR192C,19,15,NA,0
YOR194C,150,141,0,NA
YOR196C,125,114,0,1
YOR198C,982,911,0,0
YOR201C,83,68,0,0
YOR205C,35,35,0,0
YOR207C,276,259,0,1
YOR209C,331,291,3,0
YOR211C,191,188,NA,0
YOR213C,40,30,1,0
YOR215C,191,171,0,2
YOR216C,136,110,0,0
YOR218C,0,0,0,0
YOR219C,76,75,NA,0
YOR221C,110,101,0,0
YOR224C,340,270,1,3
YOR226C,164,125,0,1
YOR228C,25,21,1,0
YOR234C,1146,903,0,0
YOR242C,0,0,0,0
YOR243C,243,233,0,0
YOR245C,89,74,0,0
YOR246C,62,43,6,0
YOR249C,28,26,0,0
YOR250C,84,76,0,0
YOR251C,172,157,0,0
YOR254C,482,440,0,1
YOR256C,70,70,NA,0
YOR259C,547,509,0,0
YOR261C,519,457,2,0
YOR267C,237,221,7,0
YOR270C,597,564,11,0
YOR271C,307,264,3,0
YOR273C,240,222,2,1
YOR275C,59,59,0,0
YOR279C,48,45,0,0
YOR280C,93,80,0,0
YOR281C,173,155,0,0
YOR287C,160,150,0,0
YOR288C,93,83,0,0
YOR290C,161,156,NA,0
YOR292C,25,23,0,0
YOR293C-A,0,0,0,0
YOR297C,113,96,0,1
YOR298C-A,1466,1212,0,5
YOR304C-A,82,57,NA,1
YOR306C,17,15,0,0
YOR307C,104,86,5,0
YOR308C,79,76,0,0
YOR309C,156,143,NA,0
YOR311C,73,62,1,0
YOR312C,2148,1826,0,4
YOR313C,3,2,0,1
YOR316C,83,77,2,0
YOR318C,0,0,0,0
YOR320C,85,76,1,0
YOR322C,67,65,NA,0
YOR323C,631,576,0,0
YOR324C,39,38,0,0
YOR327C,194,136,4,4
YOR329C,149,143,NA,0
YOR333C,1,1,0,0
YOR335C,1223,1188,2,0
YOR339C,1,1,0,0
YOR340C,402,367,0,1
YOR342C,59,51,4,0
YOR343C,2,0,1,1
YOR344C,107,99,0,0
YOR347C,81,77,0,0
YOR348C,757,738,NA,1
YOR350C,64,61,1,0
YOR353C,81,79,NA,NA
YOR354C,237,224,1,0
YOR357C,122,108,0,0
YOR360C,112,101,0,0
YOR361C,1143,1119,NA,1
YOR362C,397,352,0,0
YOR363C,29,24,2,NA
YOR365C,3,3,NA,0
YOR369C,1834,1511,6,1
YOR370C,280,246,9,0
YOR371C,40,38,0,0
YOR372C,137,126,1,1
YOR375C,4480,4110,3,5
YOR379C,3,2,1,NA
YOR383C,9,7,0,0
YOL164W,2,2,NA,0
YOL154W,2,2,0,0
YOL152W,11,11,0,0
YOL151W,94,87,0,0
YOL149W,112,107,0,NA
YOL146W,56,54,0,0
YOL144W,94,87,0,0
YOL142W,102,88,0,0
YOL141W,31,29,1,NA
YOL140W,199,179,0,0
YOL137W,93,83,0,0
YOL133W,129,101,2,0
YOL132W,0,0,0,0
YOL130W,134,118,8,1
YOL129W,154,127,0,0
YOL127W,2404,1980,0,1
YOL125W,44,41,0,0
YOL123W,794,707,57,NA
YOL117W,22,21,0,NA
YOL116W,39,37,0,0
YOL115W,92,92,0,NA
YOL113W,85,75,0,0
YOL112W,46,35,2,0
YOL110W,16,16,0,0
YOL109W,2318,1839,12,5
YOL107W,63,58,0,0
YOL103W,48,37,9,0
YOL100W,52,51,NA,0
YOL097W-A,3,0,2,0
YOL093W,156,134,0,0
YOL092W,158,145,0,0
YOL091W,9,9,NA,0
YOL090W,189,183,0,0
YOL086W-A,51,34,1,0
YOL085W-A,1,1,0,0
YOL083W,17,17,0,0
YOL082W,116,114,0,0
YOL081W,114,109,NA,0
YOL078W,58,57,0,0
YOL077W-A,302,196,1,3
YOL076W,123,118,0,0
YOL072W,31,30,NA,0
YOL071W,129,113,NA,0
YOL069W,40,36,0,1
YOL061W,331,313,0,0
YOL059W,324,321,NA,0
YOL058W,1033,940,2,1
YOL057W,157,151,0,0
YOL056W,62,53,0,0
YOL054W,63,53,0,0
YOL053W,46,44,NA,0
YOL051W,283,280,NA,NA
YOL049W,207,187,0,0
YOL045W,79,73,0,0
YOL044W,56,49,0,0
YOL042W,76,72,0,0
YOL039W,1860,1414,2,7
YOL038W,401,354,2,0
YOL036W,61,49,10,0
YOL034W,33,31,0,0
YOL033W,67,58,4,1
YOL032W,112,99,2,0
YOL030W,585,542,0,0
YOL025W,22,21,0,0
YOL024W,0,0,0,0
YOL023W,72,66,0,0
YOL020W,168,152,1,0
YOL019W,188,163,2,1
YOL017W,67,65,0,0
YOL015W,0,0,0,0
YOL014W,9,0,7,0
YOL013W-B,0,0,0,0
YOL013W-A,7,7,NA,0
YOL011W,194,172,11,NA
YOL010W,180,160,0,0
YOL008W,96,84,0,0
YOL004W,359,356,NA,0
YOL001W,16,8,5,NA
YOR001W,242,228,0,0
YOR002W,99,88,1,0
YOR003W,23,23,0,0
YOR004W,167,132,1,0
YOR009W,1,0,NA,0
YOR011W,2,2,NA,0
YOR013W,3,2,NA,0
YOR014W,222,206,1,NA
YOR015W,0,0,0,0
YOR017W,50,49,0,0
YOR018W,60,57,0,NA
YOR019W,8,8,NA,0
YOR020W-A,88,60,0,0
YOR025W,109,100,0,0
YOR026W,39,37,NA,0
YOR027W,2090,1962,0,3
YOR029W,0,0,0,0
YOR030W,22,18,1,0
YOR031W,40,25,0,0
YOR032W-A,0,0,0,0
YOR036W,123,116,0,1
YOR037W,44,36,0,0
YOR039W,162,142,4,1
YOR040W,19,19,NA,0
YOR042W,377,341,0,0
YOR043W,200,185,5,0
YOR044W,20,14,0,2
YOR045W,331,212,3,0
YOR053W,1,0,1,NA
YOR057W,128,116,1,0
YOR061W,197,181,3,0
YOR063W,5618,5156,0,1
YOR065W,914,816,17,1
YOR066W,134,130,NA,0
YOR069W,173,166,0,0
YOR073W,33,29,1,0
YOR075W,68,62,0,NA
YOR077W,44,42,0,NA
YOR078W,102,88,0,0
YOR080W,25,24,0,NA
YOR084W,10,8,0,0
YOR085W,135,116,2,0
YOR087W,99,91,1,0
YOR091W,301,261,2,0
YOR092W,37,35,0,0
YOR094W,103,86,4,0
YOR096W,2190,1904,1,0
YOR099W,207,191,1,0
YOR101W,90,73,2,0
YOR102W,0,0,0,0
YOR104W,110,99,1,NA
YOR106W,42,37,4,0
YOR107W,8,5,2,0
YOR108W,415,385,0,0
YOR109W,186,171,2,NA
YOR110W,47,40,0,0
YOR111W,69,61,0,0
YOR112W,119,114,0,0
YOR113W,106,104,NA,0
YOR114W,45,36,2,0
YOR117W,454,418,4,0
YOR118W,55,50,0,0
YOR120W,651,589,2,0
YOR127W,117,112,NA,0
YOR132W,141,128,2,0
YOR133W,6293,6092,1,0
YOR136W,1199,1117,19,0
YOR140W,60,57,2,0
YOR142W,594,549,6,0
YOR146W,0,0,0,0
YOR147W,53,47,0,0
YOR150W,159,136,0,0
YOR153W,761,738,11,NA
YOR154W,23,22,0,0
YOR158W,261,246,0,0
YOR160W,146,140,2,0
YOR163W,96,85,0,0
YOR165W,204,194,0,0
YOR168W,1091,1067,0,1
YOR172W,23,22,1,0
YOR173W,139,118,0,0
YOR174W,60,40,0,0
YOR176W,272,239,0,0
YOR181W,159,154,0,0
YOR184W,689,632,3,0
YOR186W,4,2,2,0
YOR187W,876,819,0,1
YOR188W,81,77,2,NA
YOR189W,148,128,0,0
YOR190W,1,1,0,NA
YOR191W,88,87,0,0
YOR193W,18,15,1,0
YOR195W,187,180,1,0
YOR197W,366,352,0,0
YOR202W,265,244,0,NA
YOR204W,2048,1990,NA,2
YOR206W,548,529,0,0
YOR208W,50,50,NA,0
YOR210W,258,159,0,0
YOR212W,112,108,NA,0
YOR217W,190,181,1,0
YOR220W,222,204,0,0
YOR222W,219,196,0,0
YOR223W,100,88,0,1
YOR227W,84,82,NA,0
YOR229W,29,27,0,0
YOR230W,966,866,4,0
YOR231W,31,27,1,0
YOR232W,611,542,8,0
YOR233W,43,42,NA,0
YOR235W,0,0,0,0
YOR236W,33,30,0,0
YOR237W,0,0,0,0
YOR238W,47,45,0,0
YOR239W,394,382,0,NA
YOR241W,210,202,NA,0
YOR244W,81,74,0,0
YOR247W,870,730,28,NA
YOR252W,151,132,0,0
YOR253W,131,112,0,0
YOR255W,0,0,0,0
YOR257W,97,81,0,0
YOR258W,20,17,0,0
YOR260W,206,197,0,0
YOR262W,64,61,0,0
YOR264W,196,189,0,0
YOR265W,138,104,0,0
YOR266W,55,50,0,0
YOR269W,18,16,0,0
YOR272W,284,253,0,0
YOR274W,65,62,NA,NA
YOR276W,512,422,0,0
YOR278W,50,44,0,0
YOR283W,161,135,0,0
YOR284W,37,32,1,0
YOR285W,427,375,NA,0
YOR286W,286,260,NA,1
YOR289W,36,34,NA,0
YOR291W,63,60,NA,0
YOR293W,1538,1176,0,0
YOR294W,291,267,0,0
YOR295W,41,35,0,0
YOR296W,32,30,0,NA
YOR298W,1,1,0,NA
YOR299W,57,54,0,NA
YOR301W,97,93,0,1
YOR303W,1082,1036,NA,1
YOR304W,73,72,NA,0
YOR305W,57,26,12,NA
YOR314W,0,0,0,0
YOR314W-A,0,0,0,0
YOR315W,51,49,0,0
YOR317W,1209,1141,0,0
YOR319W,45,38,0,0
YOR321W,71,66,0,0
YOR325W,0,0,0,0
YOR326W,327,317,NA,0
YOR328W,3,3,NA,0
YOR332W,900,776,0,1
YOR334W,26,25,NA,0
YOR336W,37,34,0,0
YOR337W,60,60,NA,0
YOR338W,10,10,0,0
YOR341W,797,769,4,1
YOR346W,50,41,7,0
YOR349W,18,17,0,0
YOR352W,57,47,0,0
YOR355W,147,140,5,1
YOR356W,104,95,0,0
YOR358W,31,26,0,0
YOR359W,66,62,0,0
YOR364W,6,6,0,NA
YOR366W,0,0,0,0
YOR367W,109,91,0,0
YOR368W,40,35,0,0
YOR373W,74,73,NA,0
YOR374W,834,788,3,0
YOR376W-A,5,0,4,1
YOR377W,10,8,0,1
YOR378W,2,2,NA,0
YOR380W,31,21,8,0
YOR381W,2,0,2,0
YOR381W-A,4,0,0,4
YOR382W,19,16,0,0
YOR384W,1,0,0,1
YOR385W,54,53,0,0
YOR386W,70,62,0,NA
YOR389W,32,28,0,0
YOR390W,40,37,NA,0
YPL279C,38,36,NA,0
YPL272C,3,1,2,NA
YPL264C,17,16,NA,0
YPL263C,188,160,0,0
YPL261C,0,0,0,0
YPL259C,77,70,0,0
YPL258C,12,5,6,NA
YPL256C,250,224,2,0
YPL253C,49,47,0,0
YPL252C,80,73,1,0
YPL250C,229,182,2,4
YPL249C-A,1871,1530,0,1
YPL249C,144,138,0,0
YPL248C,4,4,0,0
YPL247C,82,78,NA,0
YPL246C,159,140,0,0
YPL244C,36,32,0,0
YPL242C,149,142,NA,3
YPL241C,31,28,0,0
YPL240C,2916,2807,2,0
YPL236C,30,28,0,0
YPL234C,319,261,0,1
YPL227C,47,42,0,0
YPL224C,36,36,NA,0
YPL223C,23,22,NA,1
YPL222C-A,0,0,0,0
YPL217C,291,283,0,NA
YPL214C,75,57,8,0
YPL212C,304,287,0,NA
YPL210C,464,449,2,1
YPL209C,34,33,0,0
YPL206C,200,189,0,0
YPL205C,1,0,NA,0
YPL202C,110,103,0,0
YPL199C,153,134,0,0
YPL197C,1,0,1,NA
YPL192C,3,3,0,0
YPL191C,31,30,0,0
YPL190C,529,501,3,0
YPL189C-A,147,124,1,0
YPL186C,43,42,NA,0
YPL184C,155,128,14,0
YPL183C,152,149,0,0
YPL177C,185,170,4,0
YPL176C,165,160,0,0
YPL174C,14,13,NA,0
YPL172C,73,71,0,0
YPL171C,7,7,NA,0
YPL169C,161,155,0,0
YPL167C,6,2,2,NA
YPL165C,1,0,1,0
YPL164C,11,10,1,NA
YPL163C,477,413,0,0
YPL162C,36,30,0,0
YPL161C,45,43,0,NA
YPL159C,102,89,1,0
YPL158C,212,192,1,0
YPL156C,7,4,0,NA
YPL155C,106,96,0,0
YPL154C,1139,1039,13,0
YPL153C,44,41,NA,0
YPL151C,35,34,0,0
YPL148C,21,12,6,0
YPL146C,226,206,2,0
YPL145C,595,563,3,1
YPL141C,97,90,2,NA
YPL140C,60,55,1,0
YPL139C,87,77,1,0
YPL138C,50,46,0,0
YPL137C,81,80,NA,0
YPL135C-A,3,0,0,3
YPL134C,77,68,0,0
YPL133C,41,40,0,0
YPL128C,75,71,0,0
YPL127C,430,361,0,0
YPL123C,86,79,1,0
YPL122C,57,53,0,0
YPL119C-A,1,0,NA,1
YPL119C,27,26,1,NA
YPL117C,532,467,0,0
YPL115C,120,119,NA,0
YPL113C,26,25,0,0
YPL112C,160,148,1,0
YPL110C,195,192,NA,0
YPL109C,38,37,0,0
YPL106C,2519,2441,6,NA
YPL105C,308,297,0,2
YPL103C,48,46,0,0
YPL102C,0,0,0,0
YPL099C,70,55,0,0
YPL098C,211,156,2,0
YPL096C-A,21,13,2,0
YPL095C,11,11,0,0
YPL094C,204,179,0,0
YPL090C,3544,3259,0,2
YPL089C,119,114,1,0
YPL086C,217,196,0,0
YPL083C,51,41,2,0
YPL082C,112,106,NA,0
YPL078C,598,542,1,2
YPL077C,15,14,NA,0
YPL071C,23,18,2,0
YPL069C,39,33,0,0
YPL068C,34,28,0,0
YPL067C,129,105,3,0
YPL064C,66,59,0,0
YPL058C,145,145,NA,0
YPL057C,138,118,6,0
YPL056C,0,0,0,0
YPL055C,106,100,0,0
YPL053C,243,223,1,0
YPL050C,198,179,1,0
YPL049C,183,161,2,1
YPL046C,46,37,0,0
YPL042C,30,24,2,0
YPL041C,14,11,0,0
YPL040C,77,76,NA,0
YPL037C,1158,975,2,0
YPL033C,1,1,NA,0
YPL032C,152,145,1,1
YPL031C,190,170,0,0
YPL026C,116,107,1,0
YPL025C,1,0,1,0
YPL023C,116,108,1,0
YPL020C,98,95,1,0
YPL019C,111,105,0,0
YPL017C,12,12,NA,NA
YPL015C,49,48,0,0
YPL013C,113,95,0,0
YPL011C,57,50,0,0
YPL009C,216,211,0,1
YPL007C,36,32,0,0
YPL004C,1379,1276,0,1
YPL002C,29,25,0,0
YPR002C-A,12,12,0,NA
YPR003C,45,43,0,1
YPR004C,227,212,0,0
YPR005C,91,85,NA,0
YPR006C,33,32,NA,0
YPR007C,1,1,NA,0
YPR010C,813,765,1,0
YPR010C-A,359,227,6,1
YPR011C,31,28,1,0
YPR013C,24,21,3,0
YPR015C,3,3,NA,0
YPR016C,625,556,9,0
YPR017C,51,49,0,0
YPR021C,44,41,NA,0
YPR022C,112,110,NA,0
YPR023C,95,91,0,0
YPR025C,56,49,0,0
YPR027C,0,0,0,0
YPR029C,180,177,0,0
YPR033C,695,689,NA,1
YPR037C,56,38,0,0
YPR042C,82,79,NA,NA
YPR044C,0,0,0,0
YPR045C,158,148,0,0
YPR049C,46,43,0,0
YPR050C,0,0,0,0
YPR052C,220,199,NA,1
YPR053C,161,152,2,NA
YPR060C,187,166,0,0
YPR061C,14,13,0,0
YPR063C,271,218,1,0
YPR068C,7,6,NA,0
YPR069C,430,379,0,1
YPR073C,134,95,1,0
YPR074C,1435,1339,2,1
YPR075C,84,76,3,0
YPR081C,29,28,NA,NA
YPR082C,39,31,0,0
YPR085C,19,16,3,0
YPR088C,418,380,0,0
YPR091C,85,74,0,0
YPR093C,34,30,0,0
YPR095C,24,24,NA,0
YPR098C,94,87,1,0
YPR102C,2455,2132,1,2
YPR104C,81,78,0,0
YPR105C,95,87,0,0
YPR107C,88,72,0,0
YPR110C,474,438,0,1
YPR112C,317,308,0,NA
YPR120C,89,83,1,0
YPR123C,0,0,0,0
YPR126C,3,0,3,NA
YPR128C,47,47,0,0
YPR133C,295,273,0,0
YPR138C,43,37,2,0
YPR139C,92,64,0,0
YPR141C,73,67,1,0
YPR144C,204,186,0,0
YPR145C-A,1,1,0,NA
YPR146C,0,0,0,0
YPR148C,331,312,2,0
YPR151C,25,20,3,NA
YPR152C,39,33,0,3
YPR155C,75,67,3,0
YPR156C,251,235,4,0
YPR161C,161,151,2,0
YPR162C,69,63,0,0
YPR163C,1062,973,2,0
YPR166C,213,148,0,1
YPR167C,18,17,NA,0
YPR170C,1,0,1,0
YPR173C,235,214,1,0
YPR174C,49,45,0,0
YPR176C,80,75,NA,0
YPR179C,49,46,0,0
YPR181C,561,536,1,0
YPR186C,34,34,NA,0
YPR188C,105,90,0,0
YPR190C,122,116,0,0
YPR193C,10,9,NA,0
YPR194C,10,10,NA,0
YPR195C,9,1,NA,8
YPR197C,1,1,NA,0
YPR199C,38,34,0,1
YPR200C,1,1,NA,0
YPL274W,528,490,0,0
YPL273W,201,180,1,1
YPL271W,435,268,0,1
YPL270W,69,66,0,0
YPL269W,12,8,0,0
YPL268W,13,12,0,0
YPL267W,121,102,0,0
YPL266W,260,225,2,0
YPL265W,399,374,4,0
YPL262W,483,467,NA,0
YPL260W,640,611,3,0
YPL257W,24,20,0,0
YPL255W,28,27,0,0
YPL254W,69,63,0,0
YPL251W,0,0,0,0
YPL245W,55,52,0,0
YPL243W,355,332,1,0
YPL239W,219,175,4,0
YPL237W,612,549,0,0
YPL235W,375,337,1,0
YPL233W,55,49,0,0
YPL232W,301,278,0,0
YPL231W,3749,3720,NA,0
YPL230W,86,80,0,0
YPL229W,103,92,0,0
YPL228W,192,184,2,0
YPL226W,834,799,0,0
YPL225W,548,457,0,1
YPL222W,37,35,0,0
YPL221W,148,131,3,0
YPL220W,3097,2890,0,1
YPL219W,82,75,0,0
YPL218W,521,487,0,2
YPL216W,13,12,NA,NA
YPL215W,230,208,0,1
YPL213W,123,104,1,1
YPL211W,269,235,0,0
YPL208W,80,77,NA,0
YPL207W,156,148,0,0
YPL204W,184,161,4,0
YPL203W,83,75,2,2
YPL200W,0,0,0,0
YPL198W,3051,2962,0,0
YPL196W,76,68,0,0
YPL195W,191,181,0,0
YPL194W,17,17,0,0
YPL193W,68,58,0,0
YPL189W,4,4,0,0
YPL188W,172,156,0,0
YPL187W,2001,1676,13,7
YPL185W,4,2,0,0
YPL183W-A,160,114,1,1
YPL181W,131,121,0,0
YPL180W,126,117,0,0
YPL179W,144,112,3,0
YPL178W,195,170,1,0
YPL175W,61,54,1,0
YPL173W,246,225,0,0
YPL170W,169,144,3,1
YPL168W,31,31,0,0
YPL166W,41,39,0,0
YPL160W,1233,1187,3,2
YPL157W,29,24,0,2
YPL152W,94,84,0,0
YPL150W,60,58,NA,0
YPL149W,33,28,1,0
YPL147W,10,10,NA,0
YPL144W,64,53,0,0
YPL143W,1633,1264,1,3
YPL135W,422,354,2,3
YPL132W,29,26,0,0
YPL131W,4087,3786,0,4
YPL129W,283,233,1,1
YPL126W,336,323,0,NA
YPL125W,132,129,0,NA
YPL124W,49,47,0,0
YPL120W,61,59,0,0
YPL118W,333,304,3,0
YPL116W,125,123,NA,0
YPL114W,6,5,0,1
YPL111W,676,598,1,1
YPL108W,37,35,NA,0
YPL107W,54,36,0,0
YPL104W,100,92,0,0
YPL101W,117,108,0,0
YPL100W,88,85,0,0
YPL097W,89,83,0,0
YPL096W,74,71,0,0
YPL093W,403,372,1,0
YPL092W,55,51,0,0
YPL091W,407,390,NA,0
YPL088W,69,60,0,0
YPL087W,167,143,1,0
YPL085W,363,350,NA,0
YPL084W,208,199,0,0
YPL081W,1260,1113,0,3
YPL079W,1968,1694,0,0
YPL076W,21,10,2,0
YPL075W,27,25,NA,0
YPL074W,63,62,0,0
YPL072W,26,24,1,0
YPL070W,138,125,1,0
YPL066W,36,35,0,0
YPL065W,55,48,NA,0
YPL063W,323,290,3,1
YPL062W,0,0,0,0
YPL061W,2313,2136,2,2
YPL060W,40,34,1,0
YPL059W,235,190,1,0
YPL054W,3,3,0,NA
YPL052W,71,46,1,0
YPL051W,39,31,0,0
YPL048W,726,681,0,0
YPL047W,29,25,0,0
YPL045W,54,50,1,0
YPL043W,331,318,1,NA
YPL038W,29,22,0,0
YPL036W,383,383,NA,NA
YPL034W,16,6,10,0
YPL030W,95,89,0,0
YPL029W,35,30,2,0
YPL028W,1073,994,0,0
YPL027W,0,0,0,0
YPL024W,72,60,1,0
YPL022W,69,66,2,0
YPL018W,30,29,0,0
YPL016W,91,91,NA,0
YPL014W,71,68,0,0
YPL012W,416,408,0,NA
YPL010W,315,289,1,1
YPL008W,34,29,5,0
YPL006W,115,109,0,0
YPL005W,21,21,0,0
YPL003W,25,25,0,0
YPL001W,95,92,0,0
YPR001W,7,7,0,0
YPR002W,71,68,1,0
YPR008W,114,105,0,0
YPR009W,10,10,0,0
YPR012W,0,0,0,0
YPR018W,110,98,2,0
YPR019W,161,155,0,0
YPR020W,444,354,1,1
YPR024W,396,374,2,0
YPR026W,51,50,NA,NA
YPR028W,618,543,0,0
YPR030W,37,36,NA,0
YPR031W,21,19,0,NA
YPR032W,83,80,NA,0
YPR034W,193,180,0,0
YPR035W,1233,1128,3,0
YPR036W,1144,1065,1,0
YPR036W-A,1012,662,31,5
YPR040W,90,86,NA,0
YPR041W,791,726,2,1
YPR043W,1250,876,2,1
YPR046W,51,45,0,1
YPR047W,76,73,2,0
YPR048W,78,75,0,0
YPR051W,135,118,0,0
YPR054W,0,0,0,0
YPR055W,120,113,0,NA
YPR056W,82,70,0,0
YPR057W,43,41,NA,0
YPR058W,84,80,0,0
YPR062W,261,206,0,0
YPR065W,238,214,0,0
YPR066W,15,14,NA,NA
YPR067W,43,39,0,0
YPR070W,61,56,0,0
YPR071W,14,13,0,0
YPR072W,360,332,8,0
YPR079W,69,53,0,0
YPR080W,17085,16216,1,2
YPR083W,22,18,0,0
YPR084W,21,18,0,0
YPR086W,75,71,0,0
YPR087W,0,0,0,0
YPR089W,149,148,0,0
YPR094W,77,45,0,1
YPR097W,153,146,3,0
YPR100W,153,108,0,0
YPR101W,63,48,0,1
YPR103W,408,363,1,0
YPR106W,101,94,0,NA
YPR108W,497,470,4,0
YPR108W-A,0,0,0,0
YPR109W,39,28,10,NA
YPR111W,62,58,0,0
YPR113W,259,224,0,0
YPR114W,87,81,0,0
YPR115W,48,45,NA,0
YPR116W,8,7,NA,0
YPR117W,9,7,1,NA
YPR118W,219,210,0,0
YPR119W,135,113,8,0
YPR121W,2,2,NA,0
YPR122W,31,30,NA,0
YPR124W,89,81,0,2
YPR125W,237,215,1,0
YPR127W,72,58,0,0
YPR129W,392,365,0,0
YPR132W,2416,1955,0,7
YPR133W-A,197,120,0,2
YPR134W,20,18,0,0
YPR135W,115,110,NA,2
YPR137W,194,185,0,0
YPR140W,62,61,0,0
YPR143W,134,111,0,0
YPR145W,1659,1601,0,2
YPR149W,1147,898,28,4
YPR150W,2,0,2,NA
YPR153W,17,13,0,0
YPR154W,239,224,0,0
YPR157W,6,6,0,0
YPR158W,104,95,0,0
YPR159W,389,363,4,0
YPR160W,1129,1059,2,0
YPR164W,51,48,0,1
YPR165W,719,660,11,1
YPR169W,130,112,0,0
YPR170W-B,285,227,NA,1
YPR171W,74,68,0,0
YPR172W,106,90,0,0
YPR175W,62,60,0,0
YPR178W,70,66,0,0
YPR180W,109,102,0,0
YPR182W,65,44,5,0
YPR183W,715,633,0,0
YPR184W,179,166,NA,0
YPR185W,54,51,1,0
YPR187W,310,274,0,0
YPR189W,245,240,NA,0
YPR191W,749,709,0,1
YPR192W,0,0,0,0
YPR196W,9,7,0,0
YPR198W,83,79,0,0
YPR201W,7,6,NA,1