trx,cds,utr5,utr3,
YAL067C,7,5,NA,2
YAL063C-A,24,6,15,0
YAL063C,408,385,NA,21
YAL054C,87,61,NA,24
YAL049C,305,219,19,38
YAL047C,93,80,3,5
YAL046C,85,56,0,16
YAL044C,402,319,0,18
YAL043C,483,458,0,13
YAL040C,876,683,148,23
YAL039C,190,167,5,10
YAL037C-A,1,0,1,0
YAL036C,370,347,3,0
YAL034C-B,0,0,0,0
YAL034C,215,155,52,6
YAL032C,97,79,0,5
YAL031C,165,148,2,5
YAL029C,569,557,NA,5
YAL026C-A,26,25,NA,0
YAL026C,447,446,0,NA
YAL025C,328,256,1,55
YAL024C,111,106,NA,3
YAL023C,1463,1311,63,43
YAL022C,332,307,0,9
YAL021C,662,606,5,30
YAL020C,110,91,NA,14
YAL018C,0,0,0,0
YAL015C,112,109,NA,0
YAL014C,189,157,5,19
YAL010C,105,94,0,3
YAL007C,319,256,16,27
YAL005C,14620,14240,103,NA
YAL001C,198,194,0,NA
YAR002C-A,422,368,0,30
YAR007C,418,395,12,2
YAR014C,385,339,18,17
YAR018C,249,229,0,7
YAR019C,169,167,NA,0
YAR023C,66,28,36,NA
YAR047C,0,0,0,0
YAL066W,2,0,2,NA
YAL064W-B,56,20,26,8
YAL062W,41,41,NA,0
YAL061W,79,56,4,17
YAL060W,594,550,5,13
YAL059W,135,103,NA,30
YAL058W,169,157,2,8
YAL056W,258,247,1,0
YAL055W,25,22,0,2
YAL053W,1458,1292,67,39
YAL051W,215,192,NA,18
YAL047W-A,1,1,NA,0
YAL044W-A,159,105,NA,33
YAL042W,527,468,0,17
YAL041W,301,285,7,1
YAL038W,22714,20284,226,846
YAL037W,17,16,NA,NA
YAL035W,1707,1670,10,NA
YAL034W-A,38,30,0,2
YAL033W,103,89,NA,9
YAL030W,147,71,4,31
YAL028W,90,85,0,1
YAL027W,57,52,NA,3
YAL019W,578,558,NA,6
YAL017W,686,628,48,NA
YAL016W,792,741,31,11
YAL013W,160,134,2,11
YAL012W,1583,1355,57,78
YAL011W,104,101,NA,1
YAL009W,93,81,NA,7
YAL008W,52,38,1,7
YAL004W,168,0,156,12
YAL003W,3590,2741,0,420
YAL002W,379,370,NA,3
YAR002W,284,252,11,11
YAR003W,138,89,4,29
YAR008W,73,65,3,4
YAR015W,339,259,19,32
YAR019W-A,76,2,NA,72
YAR027W,365,247,40,44
YAR028W,119,86,3,16
YAR029W,27,7,8,10
YAR031W,54,48,NA,4
YAR033W,78,62,5,7
YAR035W,42,39,NA,2
YAR042W,476,455,NA,16
YAR050W,585,570,NA,12
YAR053W,5,4,0,NA
YAR071W,164,160,NA,0
YBL113C,4890,4792,NA,54
YBL107C,112,88,NA,12
YBL106C,112,111,NA,0
YBL105C,506,449,32,13
YBL104C,269,258,NA,5
YBL103C,225,162,32,27
YBL101C,283,269,NA,11
YBL093C,163,131,6,15
YBL091C-A,56,41,NA,9
YBL091C,522,460,1,22
YBL088C,460,456,NA,1
YBL087C,2568,2038,27,191
YBL086C,88,80,3,2
YBL084C,148,142,NA,3
YBL080C,99,89,0,5
YBL078C,113,55,3,36
YBL076C,3593,3414,0,70
YBL075C,201,193,NA,6
YBL074C,91,88,NA,NA
YBL072C,6430,5497,0,350
YBL071C,3,2,NA,0
YBL070C,24,1,23,NA
YBL067C,206,179,24,NA
YBL066C,286,261,3,18
YBL064C,329,286,4,14
YBL061C,244,224,8,3
YBL059C-A,119,56,1,33
YBL057C,149,110,0,24
YBL055C,126,118,0,6
YBL052C,169,148,16,2
YBL051C,583,507,12,41
YBL047C,1597,1459,58,51
YBL045C,1459,1151,106,129
YBL042C,1216,1138,19,25
YBL040C,293,241,13,14
YBL039C,917,864,NA,39
YBL036C,180,139,0,17
YBL035C,276,267,2,3
YBL034C,208,198,NA,7
YBL033C,181,150,3,9
YBL030C,2489,1712,297,349
YBL029C-A,121,70,7,13
YBL028C,173,75,11,62
YBL023C,329,295,9,15
YBL022C,814,772,17,6
YBL021C,63,42,1,6
YBL018C,96,68,5,15
YBL017C,898,879,NA,14
YBL014C,183,175,1,2
YBL010C,93,84,NA,6
YBL007C,1337,1282,20,10
YBL006C,221,140,0,51
YBL003C,1767,1235,19,308
YBL001C,287,215,0,25
YBR001C,304,285,3,5
YBR002C,123,102,0,11
YBR004C,173,159,0,7
YBR007C,192,183,NA,6
YBR008C,259,207,24,13
YBR009C,2090,1546,44,347
YBR011C,1773,1413,36,195
YBR012C,0,0,0,0
YBR013C,0,0,0,0
YBR014C,174,144,4,16
YBR015C,611,515,28,41
YBR017C,736,678,9,16
YBR018C,6,6,0,0
YBR019C,13,11,NA,2
YBR023C,934,900,NA,24
YBR025C,1825,1519,24,193
YBR026C,329,286,NA,27
YBR028C,213,189,12,6
YBR029C,492,428,17,24
YBR034C,462,361,0,60
YBR035C,527,461,6,25
YBR036C,692,554,5,81
YBR037C,179,154,2,13
YBR042C,82,75,2,4
YBR043C,839,735,43,40
YBR044C,114,108,1,3
YBR045C,33,28,NA,5
YBR046C,96,80,1,13
YBR049C,369,311,25,23
YBR050C,14,11,3,0
YBR052C,337,244,40,9
YBR053C,293,263,0,11
YBR055C,215,202,0,8
YBR057C,154,120,16,7
YBR058C,391,371,0,2
YBR058C-A,176,94,7,28
YBR059C,729,699,21,NA
YBR060C,206,187,4,8
YBR061C,205,176,0,25
YBR062C,93,72,0,9
YBR063C,170,141,6,13
YBR065C,195,174,3,NA
YBR066C,53,44,NA,5
YBR067C,1021,805,36,116
YBR068C,2598,2184,28,301
YBR069C,1115,949,54,60
YBR070C,90,80,0,2
YBR072C-A,1,1,NA,0
YBR076C-A,55,31,NA,16
YBR077C,165,136,12,NA
YBR079C,2029,1925,21,40
YBR080C,528,496,1,17
YBR081C,269,258,NA,8
YBR082C,1446,993,136,136
YBR084C-A,3298,2678,5,98
YBR085C-A,1018,330,30,472
YBR086C,1380,1199,116,33
YBR088C,525,463,18,6
YBR089C-A,262,149,NA,83
YBR091C,113,72,3,23
YBR092C,1748,1643,13,15
YBR093C,465,457,2,1
YBR095C,151,136,0,6
YBR099C,17,8,8,NA
YBR101C,314,283,5,6
YBR102C,273,259,3,8
YBR103C-A,0,0,0,0
YBR105C,174,141,1,21
YBR107C,60,34,1,24
YBR109C,975,575,27,256
YBR111C,410,354,NA,29
YBR112C,1154,1138,NA,8
YBR115C,1455,1416,NA,18
YBR120C,134,90,12,13
YBR121C,2068,1948,46,NA
YBR122C,236,150,5,57
YBR123C,162,151,7,1
YBR125C,155,110,24,15
YBR126C,1279,1026,80,108
YBR127C,2187,1912,27,173
YBR128C,18,15,0,NA
YBR129C,168,144,7,7
YBR130C,247,203,7,22
YBR132C,218,178,13,15
YBR133C,463,420,17,10
YBR138C,148,136,1,6
YBR140C,1165,1148,NA,8
YBR141C,66,54,0,5
YBR143C,1154,1011,15,75
YBR144C,1,1,NA,0
YBR150C,209,204,0,3
YBR154C,412,308,26,29
YBR156C,130,123,0,5
YBR157C,42,35,NA,2
YBR162C,2139,1752,169,141
YBR164C,240,165,28,20
YBR166C,295,262,9,9
YBR167C,50,48,NA,2
YBR169C,434,383,0,29
YBR170C,245,220,10,10
YBR172C,504,429,34,16
YBR173C,346,229,7,69
YBR174C,19,0,3,15
YBR177C,644,570,0,33
YBR179C,221,203,8,2
YBR181C,5787,5143,60,226
YBR182C,100,92,NA,6
YBR182C-A,7,1,0,5
YBR185C,165,128,0,19
YBR188C,122,77,8,14
YBR193C,137,97,1,30
YBR195C,95,81,0,9
YBR196C,7373,6537,102,390
YBR197C,166,90,0,69
YBR198C,448,408,13,11
YBR201C-A,25,8,1,10
YBR204C,153,124,5,14
YBR208C,632,507,108,11
YBR211C,72,69,0,NA
YBR216C,219,184,1,23
YBR218C,1884,1818,11,30
YBR221C,1516,1049,240,134
YBR222C,419,359,7,21
YBR223C,145,120,0,22
YBR229C,414,398,0,9
YBR230C,315,220,9,44
YBR231C,42,35,2,1
YBR234C,554,487,12,17
YBR236C,249,210,10,11
YBR238C,262,257,NA,NA
YBR239C,170,142,12,6
YBR240C,26,23,NA,2
YBR241C,130,122,0,5
YBR243C,159,139,2,6
YBR245C,481,478,NA,NA
YBR247C,412,348,0,32
YBR248C,420,374,8,18
YBR249C,1747,1531,53,91
YBR254C,85,62,0,12
YBR255C-A,58,30,0,14
YBR256C,358,319,0,20
YBR258C,31,23,0,4
YBR260C,241,232,0,6
YBR261C,211,148,2,25
YBR262C,164,76,15,48
YBR264C,74,66,0,0
YBR269C,181,128,0,25
YBR270C,106,76,21,0
YBR272C,213,184,0,22
YBR273C,170,143,0,12
YBR275C,312,309,NA,NA
YBR276C,339,318,7,6
YBR277C,3,3,NA,0
YBR280C,117,109,0,5
YBR281C,254,236,3,9
YBR283C,967,808,78,53
YBR288C,262,232,4,9
YBR291C,173,156,2,2
YBR292C,43,4,33,NA
YBR296C,13,12,0,1
YBR298C,236,163,62,3
YBL102W,302,228,17,30
YBL100W-C,5,0,0,4
YBL099W,2931,2288,452,111
YBL098W,100,92,NA,5
YBL097W,89,77,3,5
YBL095W,83,66,0,11
YBL092W,4094,3135,182,336
YBL090W,163,123,5,17
YBL089W,143,130,2,1
YBL085W,356,344,NA,2
YBL081W,319,266,44,2
YBL079W,903,876,12,NA
YBL071W-A,235,74,15,103
YBL068W,258,219,5,13
YBL063W,71,68,0,NA
YBL060W,148,141,0,2
YBL059W,41,37,NA,3
YBL058W,646,544,6,54
YBL056W,602,505,11,66
YBL054W,223,197,14,6
YBL050W,336,260,25,17
YBL048W,11,10,NA,0
YBL046W,117,92,NA,16
YBL043W,70,47,8,10
YBL041W,427,351,5,27
YBL039W-B,41,15,14,7
YBL038W,233,193,15,6
YBL037W,369,345,9,9
YBL032W,357,291,19,28
YBL031W,66,61,1,2
YBL029W,61,48,NA,11
YBL027W,4176,3205,57,326
YBL026W,174,75,32,50
YBL025W,76,39,4,27
YBL024W,677,654,2,NA
YBL020W,156,138,9,6
YBL019W,100,93,NA,5
YBL016W,254,222,NA,20
YBL015W,167,147,3,12
YBL011W,459,412,8,30
YBL009W,197,191,1,3
YBL008W,135,134,NA,1
YBL005W,153,136,1,15
YBL004W,1199,1179,NA,6
YBL002W,1406,928,10,257
YBR003W,261,232,0,10
YBR005W,148,103,3,33
YBR006W,98,82,1,7
YBR010W,2989,2214,61,319
YBR016W,229,130,6,56
YBR020W,46,44,0,2
YBR021W,426,370,19,19
YBR022W,102,70,4,13
YBR024W,97,80,10,NA
YBR030W,230,215,2,1
YBR031W,8455,7611,0,315
YBR033W,66,65,NA,1
YBR038W,615,557,4,35
YBR039W,751,580,27,90
YBR041W,314,288,5,10
YBR047W,12,9,0,0
YBR048W,4100,3247,0,555
YBR051W,2,2,NA,0
YBR054W,1160,721,197,197
YBR056W,316,296,0,4
YBR056W-A,201,47,4,118
YBR071W,575,358,36,136
YBR072W,201,139,15,32
YBR073W,692,673,NA,11
YBR074W,457,453,NA,2
YBR076W,7,5,NA,2
YBR078W,5497,4135,474,621
YBR083W,361,331,18,NA
YBR084W,1054,997,0,31
YBR085W,14,7,0,6
YBR087W,231,203,0,8
YBR094W,202,194,3,NA
YBR096W,314,251,18,22
YBR097W,227,221,NA,2
YBR098W,84,75,0,4
YBR103W,160,140,15,2
YBR104W,102,88,4,2
YBR106W,671,474,36,95
YBR108W,383,357,1,20
YBR110W,200,171,0,18
YBR111W-A,106,50,6,27
YBR114W,192,182,5,2
YBR118W,35862,33375,40,721
YBR119W,83,65,1,9
YBR131W,86,81,0,3
YBR135W,253,184,23,16
YBR136W,270,257,NA,12
YBR137W,123,96,NA,24
YBR139W,667,597,NA,40
YBR141W-A,29,0,0,28
YBR142W,359,320,13,19
YBR145W,114,104,1,3
YBR146W,321,215,17,62
YBR147W,35,28,2,0
YBR148W,23,23,NA,0
YBR149W,952,804,6,78
YBR151W,314,238,24,28
YBR152W,35,27,5,NA
YBR153W,121,82,0,23
YBR155W,111,98,5,2
YBR158W,860,645,136,50
YBR159W,469,406,24,18
YBR160W,318,257,25,18
YBR161W,153,129,7,7
YBR162W-A,227,76,0,51
YBR163W,147,135,6,2
YBR165W,97,79,3,9
YBR168W,82,70,10,NA
YBR171W,178,133,6,24
YBR175W,128,103,NA,21
YBR176W,64,58,2,3
YBR178W,3,3,0,0
YBR183W,310,265,14,7
YBR184W,37,29,NA,5
YBR186W,3,3,0,NA
YBR187W,309,230,21,35
YBR189W,4022,3101,79,228
YBR192W,164,114,24,18
YBR194W,84,43,5,26
YBR199W,520,434,31,35
YBR200W,251,208,9,26
YBR201W,75,44,16,6
YBR202W,454,410,2,17
YBR203W,326,288,16,15
YBR205W,378,338,14,NA
YBR207W,263,236,4,15
YBR210W,83,70,1,0
YBR212W,516,380,82,33
YBR213W,49,36,0,11
YBR214W,510,456,14,18
YBR215W,190,171,2,10
YBR217W,74,38,7,17
YBR225W,221,204,NA,13
YBR228W,49,43,NA,4
YBR230W-A,121,45,7,47
YBR233W,121,103,6,4
YBR233W-A,40,20,1,13
YBR235W,311,295,4,5
YBR237W,177,171,3,2
YBR242W,185,120,38,16
YBR244W,52,33,4,5
YBR246W,267,229,10,16
YBR250W,12,8,2,NA
YBR251W,200,171,1,12
YBR252W,190,147,0,16
YBR253W,141,98,19,8
YBR255W,110,106,0,2
YBR257W,61,56,1,0
YBR259W,136,125,1,4
YBR263W,309,295,0,2
YBR265W,261,217,1,27
YBR267W,211,185,0,14
YBR268W,105,73,0,24
YBR271W,114,97,0,5
YBR274W,161,146,0,3
YBR278W,87,68,1,8
YBR279W,295,262,2,13
YBR282W,188,134,5,25
YBR284W,72,58,12,NA
YBR285W,3,1,NA,2
YBR286W,1599,1476,5,30
YBR287W,486,440,10,23
YBR289W,409,400,0,1
YBR290W,156,132,0,11
YBR293W,212,185,NA,27
YBR294W,15,15,NA,0
YBR295W,254,245,NA,5
YBR297W,115,98,3,11
YBR299W,68,64,1,0
YCL064C,64,55,0,6
YCL061C,443,420,6,NA
YCL059C,581,466,16,43
YCL057C-A,550,387,6,9
YCL056C,76,73,NA,0
YCL052C,570,484,11,47
YCL050C,1295,1123,31,53
YCL049C,627,529,11,45
YCL047C,120,110,NA,3
YCL045C,1260,1145,37,19
YCL044C,378,318,4,37
YCL043C,4517,4370,NA,44
YCL041C,393,362,0,NA
YCL038C,233,218,2,4
YCL037C,2220,1651,94,400
YCL035C,879,536,8,135
YCL033C,277,249,NA,12
YCL031C,534,465,11,23
YCL030C,1824,1716,21,32
YCL029C,258,189,5,55
YCL026C-B,47,35,3,1
YCL026C-A,3,2,NA,1
YCL025C,2541,2346,14,66
YCL017C,882,760,40,38
YCL016C,270,234,1,16
YCL012C,233,159,5,19
YCL011C,973,873,13,51
YCL010C,392,347,0,12
YCL009C,2300,1893,0,224
YCL008C,377,318,NA,36
YCL002C,207,165,0,28
YCR002C,913,733,69,24
YCR004C,1132,752,131,136
YCR005C,2195,1829,44,183
YCR007C,127,76,41,7
YCR009C,769,632,19,68
YCR010C,3,3,NA,0
YCR011C,1206,1129,30,11
YCR014C,146,135,NA,3
YCR015C,179,163,0,9
YCR017C,1650,1538,16,75
YCR020C,96,86,NA,1
YCR020C-A,214,112,0,59
YCR021C,97,77,5,10
YCR022C,22,8,4,10
YCR023C,565,455,15,65
YCR024C,267,238,0,16
YCR024C-B,2574,1326,0,785
YCR024C-A,1482,427,758,NA
YCR025C,23,9,NA,11
YCR026C,719,621,16,54
YCR027C,268,131,41,68
YCR028C,415,339,9,48
YCR028C-A,704,396,45,137
YCR030C,1431,1311,22,56
YCR031C,6567,4480,0,989
YCR035C,468,408,0,30
YCR037C,559,528,NA,20
YCR038C,221,190,NA,11
YCR042C,882,858,1,NA
YCR043C,372,205,7,86
YCR044C,239,220,0,8
YCR045C,2,2,0,0
YCR046C,437,363,NA,53
YCR047C,282,196,11,52
YCR054C,331,302,4,15
YCR057C,1193,1094,18,41
YCR059C,307,280,0,16
YCR064C,6,6,NA,NA
YCR067C,1149,1076,30,19
YCR071C,261,210,12,22
YCR072C,423,379,8,9
YCR073C,415,403,1,3
YCR075C,195,168,0,14
YCR076C,188,162,0,19
YCR077C,2152,2032,32,60
YCR084C,2363,1962,212,107
YCR087C-A,200,131,9,25
YCR090C,258,199,11,11
YCR092C,280,260,3,13
YCR095C,186,161,5,7
YCR098C,117,105,NA,10
YCR102C,17,14,0,2
YCL063W,257,220,4,17
YCL058W-A,94,56,5,14
YCL057W,1082,1015,0,35
YCL055W,195,172,2,6
YCL054W,723,681,0,20
YCL051W,481,363,82,10
YCL048W,15,13,NA,1
YCL040W,4278,3783,NA,352
YCL039W,518,497,0,3
YCL036W,279,262,NA,14
YCL034W,457,405,4,11
YCL032W,253,223,0,16
YCL028W,852,751,2,38
YCL027W,46,39,1,5
YCL024W,678,644,18,NA
YCL021W-A,33,19,4,5
YCL018W,737,658,2,16
YCL014W,929,869,33,7
YCL005W-A,474,305,18,70
YCL005W,221,175,3,18
YCL004W,284,257,6,6
YCL001W,421,324,3,38
YCR003W,315,251,0,33
YCR008W,840,614,147,65
YCR012W,29511,26005,263,1528
YCR016W,211,160,1,30
YCR019W,214,163,33,11
YCR020W-B,335,76,3,198
YCR032W,582,570,NA,3
YCR033W,512,482,NA,23
YCR034W,1344,1113,2,107
YCR036W,665,603,NA,23
YCR045W-A,298,65,111,102
YCR048W,346,287,4,36
YCR051W,499,343,1,108
YCR052W,682,525,11,92
YCR053W,4124,3827,57,52
YCR061W,532,452,1,61
YCR063W,356,159,0,163
YCR065W,851,666,57,100
YCR066W,167,146,5,8
YCR068W,319,285,26,1
YCR069W,565,425,69,34
YCR073W-A,503,446,0,12
YCR075W-A,102,66,0,16
YCR079W,204,185,2,13
YCR081W,428,423,0,NA
YCR082W,451,343,19,45
YCR083W,188,140,1,18
YCR085W,5,3,2,NA
YCR086W,122,107,1,NA
YCR088W,1817,1595,34,101
YCR089W,830,826,NA,2
YCR091W,263,245,8,4
YCR093W,2567,2501,5,16
YCR094W,512,409,9,63
YCR095W-A,266,16,13,230
YCR097W,0,0,0,0
YCR105W,16,14,NA,0
YCR106W,374,367,2,NA
YCR107W,251,164,NA,79
YDL243C,133,86,38,5
YDL239C,38,37,NA,0
YDL238C,108,100,1,3
YDL235C,254,121,40,39
YDL234C,296,268,14,2
YDL231C,602,590,NA,1
YDL227C,116,112,NA,1
YDL226C,539,420,4,71
YDL224C,620,476,94,27
YDL222C,68,67,NA,NA
YDL220C,215,193,NA,21
YDL217C,155,112,20,4
YDL216C,65,52,NA,12
YDL215C,761,721,NA,28
YDL214C,20,18,1,1
YDL213C,198,169,0,8
YDL211C,62,52,1,1
YDL209C,81,64,0,12
YDL205C,199,149,19,19
YDL203C,315,266,28,12
YDL200C,55,41,NA,8
YDL199C,75,67,4,1
YDL198C,399,340,4,26
YDL197C,282,259,0,13
YDL190C,581,519,34,18
YDL188C,372,295,41,19
YDL187C,72,15,57,NA
YDL184C,3068,347,35,1991
YDL183C,44,35,3,1
YDL177C,47,41,2,0
YDL175C,107,90,1,10
YDL174C,1105,1060,12,NA
YDL171C,2087,1979,82,NA
YDL169C,20,14,NA,6
YDL167C,335,303,3,17
YDL166C,120,94,3,9
YDL164C,254,222,1,23
YDL160C-A,57,17,1,36
YDL160C,1771,1193,214,309
YDL157C,141,83,3,18
YDL153C,233,213,0,13
YDL148C,324,312,0,NA
YDL145C,1715,1545,108,31
YDL144C,171,156,0,11
YDL142C,94,74,6,8
YDL140C,1826,1780,NA,27
YDL139C,36,25,NA,9
YDL135C,253,169,1,67
YDL134C,566,400,121,21
YDL133C-A,3643,347,0,2526
YDL126C,2679,2525,32,43
YDL125C,750,575,NA,113
YDL121C,203,128,0,54
YDL119C,121,94,2,19
YDL115C,97,79,0,11
YDL113C,189,176,8,3
YDL111C,304,263,18,5
YDL110C,301,168,14,81
YDL109C,199,160,NA,30
YDL106C,236,213,4,10
YDL104C,50,44,0,3
YDL103C,335,297,7,10
YDL101C,169,156,0,6
YDL100C,938,827,0,44
YDL098C,23,16,0,6
YDL097C,748,672,11,31
YDL094C,19,12,4,0
YDL091C,94,75,6,7
YDL090C,133,120,0,7
YDL088C,376,326,14,24
YDL087C,97,76,0,13
YDL086C-A,8,4,1,1
YDL085C-A,84,29,12,26
YDL083C,3055,2067,0,541
YDL081C,2456,1224,305,439
YDL080C,243,216,NA,19
YDL079C,31,27,NA,3
YDL078C,497,417,14,31
YDL077C,230,222,NA,1
YDL076C,156,122,12,18
YDL074C,299,262,10,13
YDL072C,773,567,44,98
YDL069C,35,25,7,0
YDL067C,392,121,25,167
YDL065C,92,77,0,1
YDL063C,265,245,7,7
YDL061C,1684,677,0,543
YDL059C,25,22,1,NA
YDL055C,5082,3888,593,393
YDL054C,152,127,7,9
YDL053C,272,137,68,36
YDL052C,311,262,9,15
YDL049C,48,34,7,6
YDL048C,87,78,0,3
YDL045C,133,117,4,8
YDL044C,88,83,2,3
YDL043C,109,74,11,21
YDL042C,131,115,5,6
YDL040C,855,815,2,15
YDL039C,42,38,NA,3
YDL036C,108,92,NA,13
YDL035C,192,177,NA,9
YDL033C,101,83,1,11
YDL028C,179,155,10,9
YDL027C,162,132,8,13
YDL025C,283,241,24,6
YDL024C,25,21,NA,4
YDL020C,506,416,40,30
YDL019C,492,479,NA,6
YDL018C,133,109,5,9
YDL015C,632,582,19,NA
YDL012C,225,129,0,54
YDL009C,26,1,23,NA
YDL005C,253,203,0,41
YDL002C,114,71,3,35
YDR001C,1033,961,NA,49
YDR005C,248,200,18,21
YDR006C,414,366,19,11
YDR008C,46,10,NA,36
YDR010C,9,1,4,1
YDR016C,78,38,0,21
YDR017C,367,345,NA,16
YDR018C,35,32,NA,3
YDR019C,400,347,NA,36
YDR020C,104,56,NA,46
YDR022C,68,54,0,9
YDR026C,180,149,11,7
YDR027C,197,178,11,5
YDR028C,737,686,NA,42
YDR030C,53,51,0,2
YDR032C,785,536,60,107
YDR034C,323,291,23,3
YDR036C,212,192,0,12
YDR038C,1191,1178,NA,6
YDR042C,6,4,NA,2
YDR045C,160,60,42,38
YDR046C,944,831,39,22
YDR048C,10,2,5,3
YDR050C,8532,7357,145,392
YDR051C,142,122,7,7
YDR052C,282,234,11,26
YDR054C,442,264,53,104
YDR056C,167,132,8,12
YDR058C,51,37,0,10
YDR059C,128,91,3,19
YDR066C,44,33,4,5
YDR067C,123,90,8,10
YDR069C,234,217,NA,16
YDR070C,15,6,1,3
YDR071C,430,338,21,24
YDR072C,468,408,29,16
YDR078C,52,41,0,3
YDR079C-A,59,18,2,27
YDR081C,198,188,7,0
YDR084C,139,101,0,19
YDR085C,216,204,NA,5
YDR086C,643,255,97,213
YDR087C,213,179,2,11
YDR088C,53,35,10,4
YDR090C,152,98,9,36
YDR091C,1087,896,34,119
YDR097C,282,273,3,1
YDR098C,353,336,NA,10
YDR101C,662,617,0,12
YDR104C,116,115,NA,1
YDR105C,195,180,6,4
YDR107C,78,77,0,0
YDR109C,149,148,NA,1
YDR111C,228,190,24,8
YDR113C,123,109,4,5
YDR116C,227,194,2,11
YDR117C,167,157,1,3
YDR120C,386,360,NA,21
YDR123C,178,121,3,49
YDR125C,90,49,NA,41
YDR129C,1197,1049,15,94
YDR130C,140,103,0,27
YDR131C,115,106,3,4
YDR132C,56,48,1,6
YDR133C,2862,1186,1011,331
YDR135C,1225,1207,NA,11
YDR139C,165,74,12,44
YDR141C,695,690,NA,NA
YDR142C,113,88,11,4
YDR143C,313,269,18,20
YDR144C,306,266,20,10
YDR146C,346,337,NA,8
YDR148C,539,449,0,48
YDR151C,212,167,14,17
YDR153C,369,290,38,22
YDR162C,119,78,10,23
YDR164C,280,255,4,11
YDR166C,257,255,NA,0
YDR169C,314,238,41,27
YDR170C,1515,1476,NA,35
YDR173C,83,77,4,NA
YDR175C,206,176,2,18
YDR179C,23,18,0,3
YDR181C,106,98,0,8
YDR185C,28,20,1,3
YDR186C,478,436,9,15
YDR190C,635,542,13,30
YDR192C,98,84,4,3
YDR194C,679,591,5,55
YDR196C,132,118,NA,4
YDR198C,89,87,0,0
YDR200C,156,145,3,7
YDR202C,111,104,4,1
YDR207C,190,174,11,NA
YDR215C,25,2,1,22
YDR217C,140,135,0,NA
YDR218C,4,4,NA,0
YDR219C,196,166,NA,26
YDR224C,2090,1516,75,156
YDR228C,275,246,14,1
YDR231C,175,148,0,20
YDR233C,1663,1335,42,170
YDR236C,117,85,0,15
YDR238C,1538,1424,11,44
YDR239C,135,132,0,0
YDR240C,85,80,0,1
YDR243C,166,107,0,56
YDR248C,110,87,10,4
YDR249C,70,61,3,2
YDR253C,7,3,2,0
YDR255C,125,85,0,34
YDR256C,11,10,NA,1
YDR257C,269,229,0,32
YDR258C,1294,1202,2,31
YDR259C,41,29,6,4
YDR260C,116,66,5,34
YDR261C,329,300,4,16
YDR263C,57,51,1,3
YDR264C,591,498,21,55
YDR266C,537,444,53,18
YDR267C,156,116,6,21
YDR271C,16,3,NA,12
YDR274C,0,0,0,0
YDR276C,985,325,53,439
YDR277C,278,205,25,28
YDR281C,3,3,0,0
YDR282C,112,49,0,60
YDR283C,410,397,NA,11
YDR284C,358,252,74,10
YDR286C,48,29,NA,10
YDR289C,140,122,6,3
YDR292C,308,263,27,9
YDR293C,1603,1310,263,NA
YDR294C,502,479,2,4
YDR295C,157,139,10,2
YDR298C,617,390,75,107
YDR300C,172,150,1,15
YDR303C,306,265,35,3
YDR304C,494,382,16,32
YDR305C,85,66,NA,3
YDR306C,172,145,5,7
YDR308C,137,96,10,13
YDR309C,593,544,20,1
YDR310C,434,373,41,13
YDR313C,112,84,0,14
YDR314C,92,83,2,4
YDR315C,51,47,0,4
YDR319C,124,97,6,7
YDR320C,326,303,0,11
YDR320C-A,106,53,NA,28
YDR322C-A,315,174,0,112
YDR323C,54,48,1,2
YDR324C,545,515,NA,26
YDR326C,483,469,NA,9
YDR328C,550,349,38,124
YDR329C,185,165,3,11
YDR333C,293,258,1,27
YDR338C,111,102,1,5
YDR339C,239,195,0,19
YDR341C,1250,1140,0,48
YDR342C,7846,7150,176,208
YDR343C,7419,6908,143,68
YDR345C,3265,3048,39,104
YDR346C,561,458,16,67
YDR348C,292,231,34,19
YDR349C,706,619,36,28
YDR350C,271,253,1,9
YDR357C,120,73,8,10
YDR359C,384,306,54,11
YDR361C,272,216,10,37
YDR362C,131,118,5,1
YDR364C,232,175,0,48
YDR365C,337,313,12,5
YDR366C,599,583,0,NA
YDR369C,95,91,NA,1
YDR370C,153,143,0,5
YDR372C,448,288,92,45
YDR375C,222,203,0,4
YDR378C,237,106,0,77
YDR379C-A,61,33,0,17
YDR381C-A,86,67,NA,10
YDR383C,47,39,0,4
YDR384C,521,422,10,44
YDR387C,170,142,12,8
YDR390C,293,273,1,8
YDR391C,278,245,0,11
YDR397C,219,141,9,30
YDR402C,11,10,NA,1
YDR404C,298,152,61,59
YDR407C,440,423,6,5
YDR408C,257,193,12,26
YDR410C,77,67,0,1
YDR411C,378,331,14,16
YDR414C,94,71,15,5
YDR415C,122,104,2,7
YDR422C,304,266,1,25
YDR423C,171,163,NA,4
YDR424C,79,45,1,4
YDR426C,11,1,NA,1
YDR428C,83,67,2,7
YDR429C,829,703,0,81
YDR430C,528,502,7,8
YDR435C,137,104,0,19
YDR441C,178,103,26,30
YDR443C,339,300,NA,32
YDR445C,1341,1341,NA,0
YDR447C,4015,3007,33,403
YDR449C,224,209,3,5
YDR451C,292,245,1,28
YDR453C,58,42,0,13
YDR454C,531,429,0,70
YDR458C,211,192,1,14
YDR459C,146,120,8,8
YDR461C-A,37,18,1,6
YDR465C,266,229,1,14
YDR468C,127,84,16,12
YDR470C,147,108,6,23
YDR473C,68,58,3,4
YDR475C,187,180,2,4
YDR476C,222,159,0,44
YDR479C,200,171,3,12
YDR481C,329,300,4,4
YDR482C,31,21,0,7
YDR485C,162,150,0,8
YDR486C,137,118,0,15
YDR487C,431,327,7,71
YDR488C,58,58,NA,0
YDR490C,266,244,7,5
YDR495C,125,120,NA,2
YDR496C,590,553,2,16
YDR497C,3706,3326,140,85
YDR498C,126,112,1,5
YDR500C,2197,1558,0,208
YDR502C,2107,1664,38,234
YDR503C,119,99,5,6
YDR504C,67,31,NA,27
YDR505C,543,478,51,NA
YDR506C,108,55,4,48
YDR507C,571,527,NA,34
YDR508C,1989,1894,18,1
YDR510C-A,1,0,1,NA
YDR512C,51,41,NA,10
YDR514C,108,101,3,0
YDR516C,465,420,15,18
YDR520C,85,75,4,2
YDR522C,2,2,NA,0
YDR523C,12,11,NA,1
YDR524C,235,191,8,24
YDR524C-B,6479,1928,422,2871
YDR524C-A,312,1,2,309
YDR529C,816,557,8,155
YDR530C,141,114,NA,22
YDR532C,63,57,0,1
YDR533C,222,191,2,13
YDR534C,83,76,0,4
YDR535C,101,11,NA,89
YDR540C,15,7,1,6
YDR541C,107,70,16,15
YDL248W,917,700,0,194
YDL244W,65,59,NA,5
YDL242W,15,6,NA,9
YDL241W,46,21,7,15
YDL240W,196,172,NA,22
YDL237W,280,246,1,19
YDL236W,338,285,0,24
YDL233W,144,121,0,13
YDL232W,237,47,0,134
YDL230W,82,69,0,1
YDL229W,12214,11582,19,228
YDL225W,221,205,0,5
YDL221W,10,5,NA,5
YDL219W,110,57,5,18
YDL218W,13,6,3,4
YDL212W,469,350,3,54
YDL210W,9,8,NA,1
YDL208W,557,440,4,71
YDL207W,171,157,1,5
YDL206W,174,153,11,0
YDL204W,444,363,26,23
YDL202W,222,183,4,24
YDL201W,148,112,0,9
YDL195W,1812,1692,71,27
YDL194W,87,83,NA,4
YDL193W,207,157,11,34
YDL192W,1494,1267,32,48
YDL191W,3115,2268,0,304
YDL189W,206,186,12,4
YDL185W,4617,4279,145,92
YDL182W,998,913,14,32
YDL181W,195,86,24,42
YDL180W,127,109,8,2
YDL179W,255,201,14,27
YDL178W,336,319,3,9
YDL176W,205,180,13,3
YDL173W,348,323,NA,NA
YDL170W,186,171,NA,11
YDL168W,348,301,6,22
YDL165W,134,118,6,4
YDL161W,273,247,0,18
YDL159W,112,95,2,9
YDL156W,82,74,7,NA
YDL155W,202,164,9,20
YDL154W,130,118,NA,11
YDL150W,206,187,9,NA
YDL149W,86,83,NA,2
YDL147W,682,584,5,55
YDL146W,55,47,2,5
YDL143W,998,878,12,32
YDL141W,355,275,35,29
YDL138W,175,164,5,3
YDL137W,910,634,106,97
YDL136W,2688,2229,36,94
YDL133W,180,156,8,6
YDL132W,482,404,69,NA
YDL131W,1159,1052,11,40
YDL130W-A,244,129,0,75
YDL130W,2810,1755,0,484
YDL129W,24,12,3,7
YDL128W,510,425,8,40
YDL127W,85,70,3,6
YDL124W,1539,1324,35,53
YDL123W,189,85,0,89
YDL122W,544,490,45,NA
YDL120W,252,154,20,52
YDL117W,347,275,39,16
YDL116W,318,295,1,6
YDL114W,2,2,NA,0
YDL112W,568,553,NA,6
YDL108W,126,116,2,4
YDL107W,84,71,1,8
YDL105W,77,65,1,7
YDL102W,216,194,13,2
YDL099W,130,105,8,9
YDL095W,1242,1181,12,17
YDL093W,198,162,1,29
YDL092W,191,128,2,33
YDL089W,108,95,6,4
YDL086W,799,687,NA,27
YDL085W,11,10,1,0
YDL084W,1616,1371,136,37
YDL082W,3057,2467,76,269
YDL075W,2749,1982,70,165
YDL073W,274,248,20,2
YDL070W,269,247,0,5
YDL068W,1,0,NA,1
YDL066W,584,510,0,37
YDL064W,167,109,5,29
YDL060W,454,442,0,NA
YDL058W,233,220,0,6
YDL057W,50,44,1,2
YDL056W,220,214,NA,4
YDL051W,485,417,2,28
YDL046W,608,284,37,205
YDL045W-A,149,84,2,24
YDL041W,4,2,0,2
YDL032W,1,1,0,NA
YDL031W,402,383,10,5
YDL030W,79,73,2,4
YDL029W,812,738,0,31
YDL025W-A,9,0,1,7
YDL022W,1872,1558,59,155
YDL021W,84,75,0,4
YDL017W,69,61,NA,5
YDL014W,1896,1359,221,196
YDL013W,145,128,9,4
YDL010W,169,124,1,29
YDL008W,107,76,0,19
YDL007W,470,420,4,17
YDL006W,105,63,33,5
YDL004W,575,353,22,147
YDL003W,220,205,NA,4
YDL001W,127,107,4,10
YDR002W,1112,756,14,205
YDR003W-A,58,15,NA,36
YDR004W,163,142,NA,17
YDR007W,100,91,0,0
YDR009W,51,45,0,5
YDR011W,1163,1022,77,43
YDR012W,8344,7815,16,138
YDR013W,95,77,0,12
YDR014W,85,70,1,9
YDR014W-A,9,8,NA,0
YDR021W,79,66,6,2
YDR023W,1955,1839,3,34
YDR024W,12,4,NA,NA
YDR025W,4456,3894,NA,225
YDR031W,109,69,0,20
YDR033W,5321,3466,646,1018
YDR034W-B,87,18,1,43
YDR035W,774,668,6,72
YDR037W,2518,2379,0,22
YDR041W,221,194,0,18
YDR044W,183,162,1,10
YDR047W,383,309,29,21
YDR049W,171,153,3,7
YDR055W,2457,2110,76,116
YDR057W,111,101,2,4
YDR060W,937,899,8,7
YDR061W,181,153,4,10
YDR062W,727,512,120,65
YDR063W,125,90,8,9
YDR064W,3921,3161,0,182
YDR065W,76,41,0,33
YDR068W,69,58,6,NA
YDR073W,161,110,39,NA
YDR074W,1763,1617,99,NA
YDR075W,96,63,15,12
YDR076W,876,60,0,811
YDR077W,38601,30466,335,6187
YDR079W,73,35,1,26
YDR080W,172,167,2,NA
YDR082W,176,142,7,19
YDR083W,201,175,1,10
YDR089W,265,256,2,5
YDR092W,206,165,1,23
YDR093W,541,495,32,NA
YDR096W,389,365,NA,17
YDR099W,1558,1165,132,156
YDR100W,215,151,0,37
YDR103W,291,284,NA,2
YDR106W,17,14,NA,0
YDR108W,160,147,2,6
YDR110W,98,85,0,5
YDR115W,192,119,4,36
YDR118W,95,94,0,NA
YDR119W,477,448,13,13
YDR119W-A,138,26,16,65
YDR121W,119,69,13,21
YDR122W,553,520,NA,18
YDR124W,88,39,26,22
YDR126W,57,54,0,NA
YDR127W,2799,2718,2,17
YDR128W,334,317,NA,10
YDR137W,172,153,4,9
YDR138W,181,174,0,3
YDR140W,112,92,0,11
YDR145W,574,517,25,19
YDR147W,202,181,3,3
YDR150W,1897,1876,8,3
YDR152W,241,212,1,3
YDR158W,1737,1613,0,89
YDR159W,205,189,3,NA
YDR160W,196,175,16,NA
YDR161W,210,188,0,7
YDR163W,64,47,NA,4
YDR165W,440,383,11,21
YDR167W,168,141,1,17
YDR168W,292,266,7,9
YDR171W,509,425,28,21
YDR172W,1470,1337,30,47
YDR174W,1072,854,11,134
YDR176W,174,168,0,5
YDR177W,383,309,23,24
YDR178W,331,166,69,62
YDR179W-A,81,75,2,0
YDR180W,149,138,7,NA
YDR182W,311,294,7,4
YDR183W,61,48,0,9
YDR188W,912,836,2,40
YDR189W,384,355,5,19
YDR191W,69,64,0,4
YDR195W,236,175,49,1
YDR197W,109,92,1,6
YDR201W,46,37,NA,7
YDR204W,179,157,0,8
YDR205W,194,182,0,3
YDR206W,685,574,88,NA
YDR208W,490,439,26,18
YDR210W,465,230,0,144
YDR211W,612,560,8,31
YDR212W,770,692,16,34
YDR213W,228,205,16,2
YDR214W,1373,1098,134,66
YDR216W,1076,977,NA,73
YDR221W,224,190,0,29
YDR222W,136,111,5,10
YDR223W,27,22,4,NA
YDR225W,2360,1598,140,367
YDR226W,1043,880,10,53
YDR227W,308,283,4,10
YDR229W,124,114,4,2
YDR232W,738,605,89,22
YDR234W,529,483,1,23
YDR235W,143,129,NA,3
YDR237W,232,183,15,22
YDR241W,67,11,NA,50
YDR242W,193,161,12,10
YDR244W,185,152,0,22
YDR245W,320,250,15,28
YDR246W,112,72,0,26
YDR247W,179,132,12,29
YDR251W,532,469,59,NA
YDR252W,82,43,0,32
YDR254W,64,61,0,0
YDR262W,251,203,0,29
YDR265W,148,107,13,17
YDR268W,97,88,2,3
YDR270W,102,100,NA,1
YDR272W,239,211,13,2
YDR273W,12,12,0,NA
YDR275W,111,56,19,32
YDR279W,79,67,6,1
YDR280W,218,157,34,13
YDR285W,38,35,NA,3
YDR287W,88,72,2,8
YDR288W,78,75,NA,0
YDR291W,255,243,NA,10
YDR296W,239,186,7,22
YDR297W,384,315,1,54
YDR299W,293,270,6,10
YDR301W,296,284,3,3
YDR302W,101,86,4,6
YDR307W,239,212,2,16
YDR311W,127,118,1,3
YDR312W,170,148,3,11
YDR316W,132,113,0,9
YDR317W,14,14,0,0
YDR318W,57,52,0,3
YDR320W-B,21,2,5,NA
YDR321W,688,604,8,35
YDR322W,270,236,1,14
YDR325W,189,179,NA,4
YDR330W,164,140,3,14
YDR331W,316,275,0,15
YDR332W,142,133,1,3
YDR334W,193,172,10,3
YDR335W,668,649,NA,12
YDR336W,70,66,NA,3
YDR337W,191,172,6,2
YDR347W,282,221,8,23
YDR351W,358,350,NA,NA
YDR352W,185,111,25,39
YDR353W,1000,838,19,34
YDR354W,319,278,15,13
YDR356W,112,87,0,15
YDR358W,207,177,7,12
YDR363W,141,91,11,36
YDR363W-A,170,104,2,22
YDR367W,187,164,8,10
YDR368W,350,278,10,39
YDR371W,127,114,2,8
YDR374W-A,98,48,0,17
YDR376W,175,160,7,1
YDR377W,552,214,31,196
YDR379W,285,273,5,3
YDR380W,431,374,13,24
YDR381W,1079,826,0,166
YDR382W,2877,1626,295,555
YDR385W,16621,15641,42,513
YDR386W,104,99,0,2
YDR388W,937,793,18,85
YDR389W,272,247,NA,18
YDR392W,78,63,3,10
YDR393W,114,100,1,11
YDR394W,534,455,30,33
YDR395W,931,855,37,18
YDR396W,2,0,NA,1
YDR398W,495,433,5,21
YDR399W,444,310,31,45
YDR401W,31,9,NA,20
YDR403W,21,16,NA,5
YDR405W,186,138,7,22
YDR406W,426,426,NA,NA
YDR409W,167,152,NA,12
YDR412W,126,94,1,17
YDR416W,115,110,4,0
YDR418W,4065,3058,122,315
YDR419W,131,121,0,9
YDR420W,1212,1194,NA,14
YDR421W,213,206,1,2
YDR425W,110,97,NA,7
YDR427W,529,459,10,28
YDR434W,323,290,13,8
YDR436W,176,155,15,4
YDR438W,76,69,0,2
YDR439W,84,71,4,6
YDR440W,135,124,3,4
YDR442W,0,0,0,0
YDR444W,176,159,7,1
YDR446W,3,3,NA,NA
YDR448W,265,231,0,18
YDR450W,3654,2762,0,387
YDR452W,395,358,20,12
YDR456W,363,324,4,11
YDR457W,1713,1668,18,16
YDR460W,89,61,16,9
YDR461W,2,0,0,1
YDR462W,181,128,11,20
YDR463W,346,302,12,17
YDR464W,202,196,4,NA
YDR466W,309,277,9,14
YDR469W,107,95,0,4
YDR471W,2265,1621,14,353
YDR472W,142,123,3,9
YDR477W,489,373,66,28
YDR478W,60,52,0,5
YDR483W,595,529,9,31
YDR484W,121,111,2,1
YDR489W,110,88,0,17
YDR492W,225,186,18,4
YDR493W,116,68,15,12
YDR494W,275,244,2,10
YDR499W,104,101,1,NA
YDR501W,59,41,2,10
YDR510W,428,223,55,70
YDR511W,143,116,NA,13
YDR513W,421,314,2,47
YDR515W,129,94,21,2
YDR517W,263,232,9,8
YDR518W,219,208,2,4
YDR519W,267,150,0,87
YDR525W-A,478,207,6,180
YDR527W,161,147,0,7
YDR528W,177,109,46,12
YDR531W,199,166,6,12
YDR536W,15,13,NA,2
YDR538W,179,120,7,45
YDR539W,281,252,3,5
YEL073C,186,117,0,33
YEL068C,35,23,0,11
YEL064C,88,73,1,10
YEL063C,615,474,66,51
YEL061C,135,126,4,NA
YEL060C,1955,1681,40,166
YEL059C-A,58,24,10,3
YEL057C,12,9,NA,2
YEL055C,555,519,10,13
YEL054C,3601,2592,49,625
YEL053C,250,232,6,4
YEL050C,381,321,4,33
YEL048C,138,55,NA,79
YEL047C,386,363,0,NA
YEL046C,2413,1658,NA,641
YEL039C,142,101,21,9
YEL037C,458,366,46,34
YEL036C,536,461,33,20
YEL034C-A,2,2,NA,NA
YEL029C,105,79,6,11
YEL025C,405,373,NA,23
YEL023C,93,74,19,NA
YEL017C-A,750,239,12,418
YEL016C,130,100,18,7
YEL009C-A,5,0,NA,3
YEL009C,4484,2608,1487,168
YEL008C-A,32,1,NA,31
YEL005C,68,62,0,2
YEL002C,607,521,36,18
YEL001C,418,356,12,21
YER003C,841,747,7,20
YER007C-A,369,277,7,39
YER008C,389,363,8,9
YER010C,151,124,0,12
YER017C,696,642,NA,43
YER018C,114,93,4,2
YER019C-A,355,256,3,14
YER023C-A,0,0,0,0
YER026C,1129,921,2,102
YER027C,243,196,10,27
YER028C,35,33,1,0
YER029C,98,72,4,11
YER031C,460,343,5,77
YER033C,239,232,NA,3
YER036C,1463,1305,19,70
YER038C,93,69,0,23
YER039C,27,21,NA,1
YER043C,6845,5723,27,738
YER044C,432,282,17,62
YER044C-A,18,18,NA,NA
YER045C,139,116,13,5
YER047C,220,202,NA,16
YER048C,356,306,18,25
YER050C,242,172,12,24
YER052C,835,707,41,35
YER053C,510,379,30,62
YER053C-A,1110,157,41,703
YER054C,177,159,NA,11
YER055C,1028,864,0,62
YER056C,1824,1570,107,82
YER056C-A,2753,1997,0,148
YER057C,286,179,17,22
YER061C,97,95,1,0
YER062C,524,390,15,75
YER064C,722,562,39,98
YER065C,69,49,14,2
YER071C,98,59,0,26
YER075C,207,188,9,8
YER076C,61,43,9,6
YER077C,293,287,NA,4
YER078C,172,143,15,9
YER082C,339,310,4,4
YER083C,321,285,0,16
YER085C,0,0,0,0
YER087C-B,307,105,22,128
YER088C,759,695,26,15
YER088C-A,199,73,NA,107
YER089C,673,508,136,NA
YER091C,3643,3212,102,204
YER093C,206,199,NA,1
YER093C-A,47,31,0,8
YER094C,566,368,28,109
YER099C,203,179,0,7
YER101C,108,92,1,11
YER105C,821,795,0,10
YER107C,249,199,29,15
YER109C,248,246,NA,NA
YER110C,1162,1083,39,25
YER111C,218,198,20,NA
YER113C,261,226,19,10
YER114C,403,366,NA,27
YER115C,102,58,24,7
YER116C,146,91,NA,49
YER118C,312,234,30,33
YER119C,232,213,0,13
YER122C,563,495,23,20
YER124C,1079,916,8,112
YER126C,361,268,3,54
YER130C,288,232,15,24
YER132C,330,321,NA,5
YER134C,185,113,7,38
YER137C,36,25,0,6
YER139C,120,62,7,40
YER142C,22,20,0,0
YER144C,359,345,0,8
YER145C,287,261,0,10
YER147C,98,93,0,NA
YER149C,134,118,3,1
YER151C,485,457,13,1
YER152C,261,243,4,3
YER155C,1135,1109,NA,18
YER156C,421,361,0,27
YER158C,79,75,NA,4
YER159C,260,154,54,36
YER161C,156,109,3,31
YER162C,70,66,0,0
YER163C,158,135,0,6
YER168C,254,247,NA,6
YER172C,704,683,1,10
YER174C,115,101,NA,6
YER175C,165,130,0,26
YER180C,71,63,0,5
YER180C-A,52,30,5,4
YER181C,10,5,5,0
YER183C,100,85,NA,4
YER184C,134,122,NA,11
YER186C,139,104,18,12
YER188C-A,19,15,4,NA
YEL072W,86,52,10,14
YEL071W,1417,1280,6,38
YEL070W,34,29,NA,4
YEL066W,184,156,NA,21
YEL065W,282,260,1,7
YEL062W,124,117,0,5
YEL058W,739,680,0,12
YEL056W,197,183,2,NA
YEL052W,231,205,0,6
YEL051W,456,363,15,37
YEL049W,55,29,12,4
YEL044W,89,78,NA,10
YEL043W,490,460,3,7
YEL042W,559,449,39,30
YEL041W,87,78,4,NA
YEL040W,1310,1224,0,42
YEL038W,148,132,0,10
YEL034W,4716,3525,356,108
YEL033W,1225,865,NA,NA
YEL032W,449,419,2,12
YEL031W,1668,1582,3,26
YEL030W,144,138,NA,6
YEL028W,70,26,28,12
YEL027W,2089,1130,75,607
YEL026W,766,485,115,66
YEL024W,897,531,63,267
YEL022W,490,485,NA,2
YEL021W,1644,1306,42,105
YEL020W-A,424,264,0,91
YEL018W,64,61,NA,2
YEL017W,248,218,0,16
YEL015W,333,304,3,6
YEL013W,701,534,61,78
YEL012W,79,61,4,5
YEL011W,321,296,1,12
YEL008W,6,2,NA,4
YEL007W,550,525,NA,12
YEL006W,257,187,5,55
YEL004W,74,61,0,7
YEL003W,121,79,NA,25
YER001W,710,650,7,37
YER002W,170,123,6,16
YER004W,252,181,0,62
YER005W,216,197,7,5
YER006W,570,522,10,12
YER007W,51,41,0,5
YER009W,1017,688,18,163
YER011W,43,42,0,1
YER012W,417,291,15,54
YER013W,159,152,NA,5
YER014W,132,111,3,8
YER015W,130,112,NA,13
YER016W,103,94,NA,3
YER019W,209,199,NA,4
YER020W,202,177,6,8
YER021W,805,705,5,74
YER022W,200,182,0,8
YER023W,538,444,4,30
YER024W,160,150,NA,10
YER025W,1423,1205,33,123
YER030W,108,77,0,18
YER032W,290,261,1,19
YER034W,88,57,0,27
YER035W,259,174,23,32
YER037W,15,14,0,0
YER038W-A,9,7,0,2
YER040W,229,180,12,24
YER041W,165,143,8,11
YER042W,61,49,2,5
YER046W,92,38,42,6
YER048W-A,244,86,20,102
YER049W,658,625,2,12
YER051W,82,74,0,NA
YER058W,44,20,5,13
YER059W,169,139,18,5
YER060W,54,52,1,NA
YER060W-A,248,243,NA,3
YER063W,296,224,22,31
YER066W,101,43,39,12
YER067W,615,418,70,67
YER068W,366,328,11,14
YER069W,1305,1200,14,51
YER070W,2827,2636,11,126
YER072W,362,190,0,95
YER073W,720,579,31,68
YER074W,3233,2325,61,260
YER074W-A,109,62,0,30
YER076W-A,0,0,0,0
YER079W,92,67,8,9
YER080W,323,304,2,7
YER081W,419,390,0,26
YER084W,16,15,NA,1
YER086W,1065,963,12,55
YER087W,106,93,0,10
YER088W-B,19,1,17,NA
YER090W,929,817,22,48
YER092W,185,97,0,58
YER095W,289,214,NA,61
YER096W,14,9,NA,5
YER098W,129,117,NA,10
YER100W,200,143,33,4
YER102W,5853,5319,0,204
YER103W,215,194,3,10
YER104W,69,41,0,25
YER106W,2,2,NA,0
YER112W,143,114,8,9
YER117W,3137,2433,0,191
YER120W,727,596,18,49
YER121W,25,18,NA,3
YER123W,252,188,17,39
YER125W,963,856,NA,90
YER127W,213,186,0,8
YER128W,59,47,NA,3
YER129W,278,264,NA,12
YER131W,1835,1402,75,200
YER133W,709,549,13,92
YER136W,551,451,18,57
YER138W-A,703,324,NA,169
YER140W,119,91,NA,25
YER141W,592,499,6,65
YER143W,175,140,4,18
YER146W,184,118,13,27
YER148W,300,211,73,0
YER150W,149,91,4,37
YER154W,395,354,0,14
YER157W,205,195,1,4
YER158W-A,1,0,NA,0
YER164W,485,465,NA,17
YER165W,1934,1677,73,118
YER166W,846,817,NA,14
YER167W,404,350,38,0
YER169W,227,187,11,20
YER170W,96,50,3,35
YER171W,314,285,8,10
YER173W,177,171,0,NA
YER175W-A,18,0,NA,17
YER176W,264,240,6,9
YER177W,3273,2897,40,46
YER178W,1592,1390,25,104
YER179W,8,6,NA,1
YER182W,120,94,2,3
YER187W,4,1,0,3
YER188W,8,5,0,3
YFL057C,106,84,0,5
YFL054C,155,146,NA,3
YFL050C,294,210,58,16
YFL048C,412,364,0,22
YFL045C,1465,1020,110,226
YFL044C,248,173,0,62
YFL042C,172,163,0,2
YFL039C,6355,5281,458,238
YFL038C,997,769,3,111
YFL034C-B,157,123,11,12
YFL034C-A,569,371,39,61
YFL033C,438,426,NA,9
YFL029C,81,77,NA,1
YFL028C,242,204,0,15
YFL027C,87,82,0,2
YFL025C,217,202,6,2
YFL024C,263,239,NA,20
YFL022C,1129,1009,22,52
YFL021C-A,9,4,3,NA
YFL020C,39,31,2,1
YFL018C,979,870,39,27
YFL017C,155,129,0,14
YFL016C,539,456,41,15
YFL013C,290,264,1,20
YFL010C,759,557,8,123
YFL003C,2,2,NA,0
YFL002C,306,283,0,14
YFR003C,188,139,18,21
YFR005C,211,175,1,32
YFR011C,147,104,2,31
YFR014C,213,178,2,24
YFR015C,635,557,27,32
YFR016C,259,254,NA,2
YFR017C,177,120,16,24
YFR018C,198,172,0,19
YFR024C-A,349,294,2,40
YFR025C,215,184,0,18
YFR026C,69,23,37,1
YFR028C,308,285,5,2
YFR031C,196,193,NA,0
YFR031C-A,5898,5288,0,222
YFR032C-A,2228,1323,0,418
YFR033C,605,308,127,128
YFR034C,189,177,2,NA
YFR037C,465,444,1,0
YFR039C,178,160,12,1
YFR041C,157,141,NA,9
YFR043C,64,53,0,6
YFR044C,1186,1086,0,28
YFR046C,68,63,NA,1
YFR047C,182,144,3,16
YFR050C,568,407,30,58
YFR051C,842,774,4,16
YFR053C,3735,3386,181,NA
YFR054C,6,4,NA,2
YFL055W,46,38,NA,6
YFL053W,5,5,NA,0
YFL052W,51,45,0,4
YFL049W,312,278,1,28
YFL047W,204,199,0,2
YFL046W,101,73,0,12
YFL041W-A,42,7,28,3
YFL041W,170,153,1,11
YFL037W,952,843,21,46
YFL036W,507,495,NA,5
YFL034W,174,166,7,NA
YFL031W,2380,1472,NA,792
YFL030W,56,52,NA,3
YFL026W,51,36,15,NA
YFL023W,149,139,0,9
YFL021W,711,707,NA,0
YFL017W-A,72,41,0,16
YFL014W,3181,1850,184,676
YFL012W-A,3,0,NA,3
YFL012W,0,0,0,0
YFL011W,23,6,17,NA
YFL010W-A,1,0,1,NA
YFL009W,381,327,34,5
YFL008W,297,293,2,NA
YFL007W,826,785,21,9
YFL005W,342,242,29,24
YFL004W,392,357,10,15
YFL001W,110,107,NA,1
YFR001W,151,114,1,9
YFR002W,526,510,0,0
YFR004W,426,364,12,20
YFR006W,349,338,NA,6
YFR007W,87,82,0,0
YFR008W,135,98,1,22
YFR009W,762,712,8,18
YFR010W,511,442,16,24
YFR010W-A,0,0,0,0
YFR013W,259,232,9,9
YFR019W,544,536,NA,3
YFR020W,82,66,8,3
YFR021W,117,105,4,4
YFR022W,208,177,18,3
YFR023W,3,3,NA,0
YFR027W,31,24,0,2
YFR029W,164,149,5,5
YFR030W,474,452,12,3
YFR034W-A,101,21,NA,70
YFR038W,244,234,NA,1
YFR040W,398,393,NA,NA
YFR042W,85,72,1,6
YFR045W,93,85,0,NA
YFR048W,204,183,7,3
YFR049W,143,76,32,15
YFR052W,461,406,6,7
YFR055W,425,287,1,104
YGL257C,177,154,3,8
YGL252C,358,332,0,9
YGL251C,162,150,NA,11
YGL246C,192,150,1,30
YGL242C,162,120,6,22
YGL237C,122,96,6,13
YGL236C,177,168,0,3
YGL231C,356,293,0,33
YGL230C,1,1,0,0
YGL229C,82,71,6,2
YGL226C-A,184,100,9,34
YGL224C,175,133,18,3
YGL223C,211,198,NA,8
YGL222C,520,361,29,66
YGL221C,468,386,0,37
YGL219C,315,295,0,10
YGL213C,235,210,0,15
YGL206C,1727,1680,16,NA
YGL204C,42,9,1,28
YGL203C,266,250,6,3
YGL201C,442,380,7,30
YGL200C,507,360,17,64
YGL199C,9,7,1,0
YGL194C-A,76,29,27,16
YGL194C,166,158,5,NA
YGL193C,5,0,NA,5
YGL190C,428,251,120,40
YGL189C,3728,3050,0,250
YGL187C,503,340,46,48
YGL186C,183,180,0,1
YGL185C,95,84,0,7
YGL184C,30,27,NA,2
YGL182C,3,2,0,NA
YGL179C,52,43,7,NA
YGL176C,109,101,1,1
YGL175C,45,42,0,NA
YGL173C,1686,1641,NA,19
YGL167C,1004,804,136,40
YGL165C,15,11,NA,0
YGL164C,95,85,5,NA
YGL163C,172,155,7,3
YGL161C,308,244,16,28
YGL154C,49,48,0,0
YGL152C,2,2,NA,NA
YGL150C,561,543,16,NA
YGL147C,3716,2878,0,281
YGL146C,22,19,1,NA
YGL144C,69,62,1,3
YGL143C,111,93,0,11
YGL142C,221,197,6,11
YGL140C,633,598,NA,31
YGL136C,103,85,0,6
YGL131C,263,256,2,NA
YGL129C,274,228,13,16
YGL128C,100,83,NA,13
YGL127C,94,67,4,13
YGL124C,117,107,NA,7
YGL122C,478,440,0,21
YGL121C,143,92,0,28
YGL120C,612,578,5,0
YGL112C,384,334,5,23
YGL110C,118,109,0,4
YGL108C,98,60,2,23
YGL107C,255,240,0,4
YGL104C,119,111,NA,6
YGL095C,315,290,3,5
YGL094C,411,363,18,17
YGL091C,186,137,0,28
YGL089C,13,6,4,NA
YGL087C,269,186,8,46
YGL084C,305,283,8,6
YGL078C,527,457,8,40
YGL077C,761,678,51,11
YGL076C,5834,4813,0,618
YGL075C,54,35,5,11
YGL072C,42,12,NA,30
YGL070C,231,119,3,66
YGL065C,209,190,3,3
YGL064C,147,143,0,NA
YGL063C-A,10,0,NA,10
YGL061C,79,62,2,6
YGL057C,66,56,NA,8
YGL056C,588,528,27,13
YGL054C,487,292,22,121
YGL049C,617,552,27,17
YGL048C,687,597,5,27
YGL044C,129,80,27,16
YGL040C,428,307,30,68
YGL038C,211,175,1,22
YGL037C,1433,1071,85,157
YGL035C,334,315,9,NA
YGL032C,1,0,0,0
YGL031C,3474,2768,77,372
YGL028C,1480,1103,155,145
YGL027C,377,354,0,14
YGL026C,1870,1730,0,55
YGL025C,152,142,NA,7
YGL023C,277,260,NA,13
YGL020C,189,163,9,5
YGL018C,101,72,5,9
YGL015C,2,2,0,0
YGL013C,349,339,NA,5
YGL011C,602,471,2,69
YGL009C,2281,2041,41,101
YGL008C,25965,20625,1210,3200
YGL007C-A,335,2,29,300
YGL005C,133,110,0,18
YGL004C,89,79,NA,4
YGL003C,144,115,10,8
YGL001C,481,413,1,31
YGR001C,289,237,0,10
YGR002C,215,185,0,25
YGR005C,175,149,1,13
YGR008C,408,157,62,124
YGR009C,264,243,3,5
YGR015C,110,87,NA,19
YGR018C,2,1,0,1
YGR020C,461,249,64,83
YGR024C,180,160,7,NA
YGR027C,3130,2280,46,118
YGR030C,79,55,0,11
YGR033C,275,175,15,65
YGR035C,1,1,0,0
YGR036C,148,90,10,44
YGR037C,484,210,21,163
YGR043C,41,34,NA,5
YGR044C,366,304,NA,51
YGR045C,15,11,0,NA
YGR047C,171,164,NA,4
YGR050C,23,21,NA,1
YGR053C,21,17,2,0
YGR057C,136,80,11,33
YGR061C,1479,1435,NA,16
YGR062C,81,72,NA,1
YGR063C,162,98,3,25
YGR065C,249,210,14,13
YGR067C,29,29,NA,0
YGR068C,248,188,1,47
YGR071C,170,164,1,NA
YGR073C,14,14,NA,0
YGR075C,45,39,0,NA
YGR076C,107,84,0,9
YGR077C,200,191,0,5
YGR078C,192,142,5,17
YGR081C,177,145,NA,23
YGR083C,522,491,4,NA
YGR084C,269,259,NA,7
YGR085C,4557,3736,37,273
YGR086C,2152,1853,105,19
YGR087C,60,47,0,2
YGR095C,126,104,3,9
YGR098C,287,271,NA,14
YGR102C,139,98,0,26
YGR104C,133,117,1,5
YGR106C,532,433,24,34
YGR109C,123,102,8,9
YGR117C,247,213,0,18
YGR119C,436,387,28,11
YGR120C,118,102,2,8
YGR121C,113,101,0,6
YGR122C-A,147,107,1,30
YGR123C,248,212,5,18
YGR128C,442,401,2,11
YGR130C,713,598,34,53
YGR132C,454,326,18,69
YGR138C,436,406,14,8
YGR146C,178,81,51,28
YGR146C-A,17,2,1,14
YGR147C,206,163,4,19
YGR148C,2852,2324,59,223
YGR150C,167,159,0,1
YGR154C,132,94,21,11
YGR158C,194,136,6,37
YGR159C,1299,1154,6,90
YGR161C,561,458,31,29
YGR168C,159,131,1,8
YGR169C,83,77,0,4
YGR169C-A,210,63,20,110
YGR171C,142,127,1,5
YGR172C,310,246,8,29
YGR174C,76,58,NA,16
YGR175C,1970,1731,15,130
YGR177C,198,181,5,10
YGR178C,993,805,119,37
YGR179C,83,75,0,7
YGR180C,934,835,3,47
YGR182C,254,149,31,NA
YGR183C,461,154,30,171
YGR184C,827,815,NA,6
YGR185C,1424,1238,43,41
YGR187C,240,206,1,18
YGR188C,53,51,1,NA
YGR189C,3801,3499,41,75
YGR192C,36831,32422,398,1680
YGR193C,340,305,13,14
YGR194C,203,194,NA,8
YGR196C,135,129,2,NA
YGR197C,93,86,4,1
YGR200C,391,358,7,3
YGR201C,31,26,NA,2
YGR202C,237,200,0,21
YGR204C-A,4,1,2,NA
YGR207C,309,252,6,29
YGR209C,529,270,65,73
YGR210C,358,296,14,30
YGR213C,24,21,NA,2
YGR216C,183,164,3,8
YGR220C,282,244,0,19
YGR221C,98,91,4,1
YGR223C,137,132,NA,4
YGR229C,484,399,71,NA
YGR231C,476,376,24,60
YGR233C,246,245,NA,0
YGR235C,288,219,4,31
YGR236C,4,2,NA,2
YGR237C,200,181,8,7
YGR238C,130,125,NA,4
YGR239C,124,106,0,9
YGR240C,5372,4685,322,214
YGR241C,357,311,27,8
YGR244C,551,484,28,10
YGR245C,516,466,22,6
YGR246C,177,159,0,10
YGR250C,325,282,26,7
YGR253C,670,533,23,44
YGR255C,265,240,11,2
YGR257C,178,139,18,8
YGR258C,148,140,1,1
YGR259C,62,23,28,9
YGR261C,436,398,7,13
YGR262C,165,141,2,13
YGR263C,55,49,0,1
YGR264C,1545,1439,0,68
YGR267C,396,260,73,16
YGR268C,186,103,0,68
YGR271C-A,61,48,NA,5
YGR274C,185,180,0,2
YGR276C,123,120,0,NA
YGR277C,142,126,0,6
YGR279C,3212,2479,205,392
YGR280C,170,120,2,35
YGR282C,4342,3421,52,503
YGR283C,141,130,2,2
YGR284C,491,388,4,85
YGR285C,1493,1328,0,36
YGR286C,65,54,2,5
YGR287C,58,54,1,2
YGR289C,146,111,26,8
YGL263W,0,0,0,0
YGL258W,11,1,10,0
YGL256W,373,242,86,23
YGL255W,204,175,4,10
YGL254W,192,112,0,71
YGL253W,2180,1911,40,157
YGL250W,49,34,NA,13
YGL248W,304,270,8,13
YGL247W,77,61,NA,5
YGL245W,2667,2545,0,47
YGL244W,262,255,2,NA
YGL243W,145,135,NA,7
YGL241W,269,254,0,6
YGL240W,42,34,NA,4
YGL238W,905,876,NA,12
YGL234W,886,834,0,23
YGL233W,345,325,1,3
YGL232W,164,152,0,7
YGL228W,472,416,2,26
YGL227W,192,179,1,7
YGL226W,55,47,NA,2
YGL225W,852,718,37,43
YGL220W,171,104,NA,59
YGL218W,2,1,NA,1
YGL216W,208,177,22,5
YGL215W,731,503,139,59
YGL212W,75,73,0,1
YGL211W,270,240,1,12
YGL210W,130,110,0,8
YGL209W,111,100,1,7
YGL208W,108,98,0,4
YGL207W,986,932,36,NA
YGL205W,17,13,NA,4
YGL202W,1196,1024,83,35
YGL198W,288,240,0,14
YGL197W,731,659,NA,48
YGL196W,104,91,2,5
YGL195W,3417,3367,NA,36
YGL192W,0,0,0,0
YGL191W,976,628,35,144
YGL181W,218,192,1,18
YGL180W,124,96,13,13
YGL178W,468,373,NA,89
YGL174W,52,43,0,6
YGL172W,287,265,0,9
YGL171W,203,193,2,3
YGL169W,178,156,8,2
YGL166W,92,68,0,15
YGL162W,119,88,8,10
YGL160W,230,194,20,7
YGL159W,98,86,0,6
YGL158W,5,2,0,2
YGL157W,420,360,8,14
YGL156W,251,236,NA,11
YGL155W,176,148,13,8
YGL153W,69,59,0,0
YGL151W,475,454,5,6
YGL148W,1038,934,14,30
YGL145W,205,188,3,5
YGL141W,248,232,1,7
YGL139W,369,288,46,31
YGL137W,1199,1118,3,44
YGL135W,6142,4926,361,516
YGL134W,90,68,9,6
YGL133W,194,182,9,NA
YGL130W,210,191,4,8
YGL125W,1597,1441,115,NA
YGL123W,6282,4784,702,362
YGL119W,98,91,3,3
YGL117W,158,123,15,19
YGL116W,286,250,19,10
YGL115W,420,332,36,17
YGL114W,291,262,12,0
YGL113W,105,87,1,10
YGL111W,426,358,13,31
YGL109W,0,0,0,0
YGL106W,411,272,1,80
YGL105W,1894,1673,12,69
YGL103W,5735,3935,0,774
YGL101W,182,133,1,34
YGL100W,318,282,2,21
YGL099W,191,176,0,3
YGL098W,138,76,3,49
YGL097W,474,428,2,19
YGL096W,62,56,NA,2
YGL093W,142,142,NA,0
YGL092W,638,622,NA,0
YGL090W,144,85,1,47
YGL088W,89,84,NA,4
YGL086W,112,104,NA,4
YGL085W,89,63,2,16
YGL083W,166,158,1,3
YGL082W,203,172,14,6
YGL081W,102,87,0,15
YGL080W,181,103,0,62
YGL079W,112,90,1,10
YGL073W,371,349,11,0
YGL071W,248,179,44,16
YGL068W,456,321,28,61
YGL067W,153,136,1,5
YGL066W,277,236,16,19
YGL063W,132,87,12,29
YGL062W,1130,1100,4,11
YGL060W,172,152,11,4
YGL059W,124,110,2,2
YGL058W,335,212,20,66
YGL055W,2368,2025,39,131
YGL050W,70,59,0,6
YGL047W,74,63,5,0
YGL045W,146,127,NA,17
YGL043W,371,307,4,45
YGL041W-A,137,98,0,26
YGL039W,103,86,5,6
YGL036W,455,435,7,NA
YGL033W,4,1,NA,3
YGL030W,3441,1776,365,615
YGL029W,45,24,7,10
YGL022W,1215,1097,51,19
YGL021W,569,555,NA,12
YGL019W,269,181,18,35
YGL017W,102,93,0,1
YGL016W,332,301,13,13
YGL014W,504,483,NA,14
YGL012W,734,682,11,13
YGL010W,89,71,4,9
YGL007W,7,1,NA,5
YGL006W-A,38,7,NA,30
YGL006W,487,469,NA,13
YGL002W,116,83,0,23
YGR003W,199,178,0,16
YGR004W,102,80,1,15
YGR006W,52,51,NA,NA
YGR007W,256,211,3,25
YGR012W,121,103,5,5
YGR013W,135,110,0,18
YGR014W,1546,1490,NA,35
YGR016W,44,33,NA,5
YGR017W,194,151,13,19
YGR019W,460,400,4,32
YGR021W,123,109,2,6
YGR023W,263,220,17,17
YGR026W,295,237,NA,38
YGR028W,162,138,5,12
YGR029W,212,173,NA,20
YGR031W,276,135,7,125
YGR032W,2537,2491,NA,30
YGR034W,2850,2058,49,305
YGR038W,273,173,47,29
YGR039W,25,18,NA,6
YGR040W,184,120,3,52
YGR041W,192,150,27,7
YGR042W,114,100,0,8
YGR046W,222,177,2,27
YGR048W,176,162,4,4
YGR049W,308,218,6,44
YGR052W,108,92,NA,12
YGR054W,1049,880,77,53
YGR055W,1072,969,3,56
YGR056W,320,306,0,9
YGR058W,123,90,0,28
YGR059W,4,2,NA,2
YGR060W,1275,1096,53,1
YGR064W,10,7,2,1
YGR070W,555,549,NA,NA
YGR072W,101,94,4,NA
YGR074W,189,105,0,78
YGR079W,237,224,NA,10
YGR080W,270,233,0,15
YGR082W,439,296,25,68
YGR088W,493,451,0,12
YGR089W,267,257,NA,5
YGR090W,895,813,50,13
YGR091W,71,60,3,4
YGR092W,429,365,9,39
YGR093W,149,133,3,5
YGR094W,3213,3166,NA,20
YGR096W,43,30,4,1
YGR097W,736,685,NA,32
YGR099W,163,156,NA,2
YGR100W,293,271,1,8
YGR101W,137,121,4,7
YGR103W,671,601,7,26
YGR105W,118,62,16,29
YGR107W,6,5,NA,1
YGR108W,516,390,53,43
YGR110W,54,52,1,1
YGR111W,341,287,5,28
YGR112W,117,93,1,13
YGR113W,217,160,12,32
YGR116W,840,822,6,NA
YGR118W,3459,2559,43,529
YGR121W-A,6,3,NA,0
YGR122W,67,58,1,4
YGR124W,2516,2361,10,79
YGR125W,433,394,9,15
YGR127W,117,85,8,15
YGR129W,43,34,3,3
YGR131W,30,25,NA,4
YGR133W,78,52,NA,23
YGR134W,142,124,5,8
YGR135W,627,538,19,20
YGR137W,304,187,NA,66
YGR139W,51,3,47,NA
YGR140W,203,199,NA,3
YGR141W,116,108,0,3
YGR142W,207,156,24,14
YGR143W,421,362,NA,48
YGR145W,356,335,3,3
YGR149W,434,362,11,29
YGR153W,50,41,NA,7
YGR155W,2789,2357,43,218
YGR156W,204,180,11,5
YGR157W,2132,1927,117,30
YGR160W,48,48,NA,NA
YGR161W-C,132,53,7,56
YGR162W,1545,1387,NA,124
YGR163W,156,128,14,2
YGR165W,318,264,8,29
YGR166W,215,196,1,10
YGR167W,494,386,27,42
YGR170W,331,291,11,22
YGR173W,372,316,16,6
YGR174W-A,49,1,41,3
YGR181W,188,108,10,40
YGR186W,410,391,0,5
YGR191W,673,529,60,56
YGR195W,300,234,36,13
YGR198W,285,276,0,3
YGR199W,293,290,2,NA
YGR203W,95,49,0,29
YGR204W,1509,1447,12,22
YGR205W,124,89,13,16
YGR206W,44,34,0,3
YGR208W,154,136,5,7
YGR211W,743,629,19,66
YGR212W,93,45,NA,48
YGR214W,3877,3421,0,120
YGR215W,194,139,5,21
YGR217W,390,386,1,NA
YGR218W,1382,1167,128,62
YGR222W,118,94,NA,15
YGR224W,9,7,0,2
YGR225W,11,10,0,0
YGR227W,210,187,10,4
YGR230W,73,59,4,6
YGR232W,187,156,0,13
YGR234W,8767,6944,0,1283
YGR243W,131,96,17,8
YGR247W,111,87,14,5
YGR248W,119,104,0,11
YGR249W,13,10,1,2
YGR251W,49,39,1,NA
YGR252W,158,131,4,15
YGR254W,19337,17461,189,477
YGR256W,62,51,NA,10
YGR260W,307,274,NA,21
YGR266W,241,208,5,15
YGR270W,710,690,NA,9
YGR271W,410,400,NA,5
YGR278W,207,194,0,5
YGR281W,535,496,21,15
YGR288W,140,99,3,33
YGR292W,67,64,0,1
YHL047C,177,156,0,12
YHL046C,36,30,4,0
YHL040C,243,206,9,19
YHL038C,159,147,1,5
YHL037C,12,7,4,0
YHL035C,503,490,NA,9
YHL034C,778,570,76,81
YHL033C,4388,3409,0,730
YHL032C,321,305,0,4
YHL031C,184,149,3,10
YHL029C,208,201,0,4
YHL026C,116,87,10,8
YHL023C,315,300,2,3
YHL022C,16,13,NA,3
YHL021C,508,455,13,23
YHL020C,291,244,11,16
YHL019C,168,161,0,7
YHL016C,178,164,NA,7
YHL014C,76,73,0,1
YHL013C,105,80,0,13
YHL011C,689,510,61,70
YHL010C,74,67,1,5
YHL009C,91,70,1,14
YHL008C,74,57,0,14
YHL007C,515,449,36,15
YHL006C,76,32,NA,38
YHL003C,488,379,31,48
YHL002C-A,16,4,11,NA
YHR003C,247,227,0,2
YHR004C,91,81,6,NA
YHR005C,345,299,8,15
YHR005C-A,562,299,29,157
YHR007C,3210,2602,119,350
YHR007C-A,12,3,NA,6
YHR008C,685,562,23,39
YHR009C,502,403,66,18
YHR013C,292,235,5,24
YHR016C,195,162,4,16
YHR018C,1527,1265,40,127
YHR019C,2157,1931,47,89
YHR021C,2017,1313,56,236
YHR022C,149,105,3,32
YHR022C-A,15,0,NA,15
YHR024C,303,249,0,33
YHR027C,1274,1192,13,27
YHR028C,647,616,0,22
YHR029C,82,61,0,17
YHR030C,881,791,22,40
YHR031C,173,158,3,7
YHR032C-A,1,0,1,NA
YHR034C,71,65,0,1
YHR039C,925,831,27,20
YHR039C-A,772,508,23,84
YHR041C,124,100,0,10
YHR043C,180,142,14,15
YHR044C,86,81,2,1
YHR046C,134,106,3,8
YHR047C,213,195,0,11
YHR049C-A,78,2,NA,76
YHR056C,325,321,1,NA
YHR057C,115,101,0,4
YHR058C,92,81,0,5
YHR061C,105,72,8,19
YHR062C,198,165,2,10
YHR063C,343,306,2,12
YHR064C,1908,1719,23,72
YHR065C,359,318,7,22
YHR069C,277,222,0,37
YHR071C-A,3,3,0,0
YHR073C-B,2,0,2,0
YHR075C,65,55,3,2
YHR077C,437,414,5,5
YHR079C,217,186,15,11
YHR080C,299,285,9,NA
YHR082C,579,527,NA,40
YHR089C,446,315,10,89
YHR090C,133,93,6,27
YHR091C,184,175,0,1
YHR092C,1568,1473,36,11
YHR094C,962,869,13,28
YHR096C,99,91,NA,7
YHR097C,197,179,8,NA
YHR098C,784,721,10,24
YHR100C,85,60,4,6
YHR101C,84,67,NA,11
YHR107C,384,324,11,29
YHR112C,238,207,2,17
YHR115C,343,285,46,NA
YHR118C,117,104,0,7
YHR129C,100,77,9,4
YHR130C,17,14,NA,2
YHR131C,182,179,2,NA
YHR132C,487,424,20,29
YHR133C,254,203,0,39
YHR135C,646,566,42,19
YHR136C,1,1,NA,0
YHR138C,110,67,5,22
YHR139C,23,9,NA,13
YHR141C,3295,2458,23,231
YHR144C,83,76,0,3
YHR145C,556,393,4,NA
YHR147C,243,179,11,23
YHR149C,255,228,10,8
YHR151C,133,108,13,1
YHR153C,26,20,NA,4
YHR156C,36,36,0,0
YHR158C,412,402,NA,1
YHR161C,385,359,8,11
YHR164C,172,170,NA,2
YHR165C,725,702,12,3
YHR166C,89,84,1,1
YHR173C,5,3,NA,2
YHR180C-B,9,0,0,9
YHR182C-A,0,0,0,0
YHR185C,2,1,NA,1
YHR186C,429,424,1,NA
YHR188C,355,323,0,8
YHR191C,48,32,2,7
YHR193C,1342,1081,43,52
YHR193C-A,0,0,0,0
YHR198C,181,153,NA,24
YHR199C,270,217,0,24
YHR201C,183,162,1,3
YHR203C,8075,7118,136,417
YHR210C,35,29,3,2
YHL048W,466,432,0,15
YHL045W,2,0,2,0
YHL044W,30,22,1,7
YHL043W,1,1,NA,NA
YHL042W,33,12,NA,18
YHL041W,5,0,5,NA
YHL039W,232,214,7,6
YHL036W,59,57,0,1
YHL030W,465,452,NA,7
YHL028W,101,94,2,2
YHL027W,402,363,7,25
YHL025W,216,186,3,11
YHL024W,640,619,NA,2
YHL017W,210,194,2,5
YHL015W,3479,2746,79,250
YHL012W,6,5,NA,NA
YHL006W-A,0,0,0,0
YHL004W,301,248,19,17
YHL002W,288,262,1,8
YHL001W,2813,2282,0,248
YHR001W,238,208,1,16
YHR001W-A,487,123,68,181
YHR002W,71,54,10,6
YHR006W,444,406,3,15
YHR010W,3215,2464,68,291
YHR011W,62,58,0,1
YHR012W,192,153,0,24
YHR015W,14,10,NA,3
YHR017W,119,113,0,4
YHR020W,1659,1557,19,30
YHR021W-A,1,1,NA,0
YHR023W,374,367,NA,2
YHR025W,924,817,9,52
YHR026W,925,598,145,136
YHR028W-A,14,7,NA,6
YHR032W,373,349,15,NA
YHR032W-A,59,21,10,13
YHR033W,535,441,0,59
YHR035W,40,34,1,NA
YHR036W,127,82,8,30
YHR037W,742,642,21,40
YHR038W,111,89,0,10
YHR040W,96,81,0,8
YHR042W,761,706,9,11
YHR045W,217,196,10,2
YHR048W,84,65,7,7
YHR049W,719,563,12,69
YHR050W,314,268,18,11
YHR051W,466,343,NA,97
YHR052W,491,417,18,26
YHR056W-A,10,1,NA,9
YHR059W,152,89,10,16
YHR060W,88,70,NA,8
YHR066W,327,290,0,19
YHR067W,154,120,4,17
YHR068W,614,523,23,19
YHR070W,310,229,0,72
YHR071W,453,265,169,NA
YHR072W,854,776,23,20
YHR072W-A,397,167,31,123
YHR073W,501,472,NA,25
YHR074W,649,571,16,26
YHR076W,199,162,6,14
YHR078W,235,225,2,5
YHR081W,111,88,0,17
YHR083W,204,178,0,9
YHR084W,300,233,37,21
YHR085W,85,76,0,1
YHR086W,287,212,28,33
YHR087W,1003,447,101,313
YHR088W,148,120,1,14
YHR099W,1752,1706,17,NA
YHR102W,340,325,NA,6
YHR103W,470,410,33,15
YHR104W,1352,1060,49,157
YHR105W,39,27,5,0
YHR106W,128,108,NA,17
YHR108W,740,680,9,23
YHR109W,105,96,0,7
YHR110W,180,151,2,18
YHR111W,134,124,NA,1
YHR113W,249,228,0,14
YHR114W,209,202,3,NA
YHR116W,78,59,NA,19
YHR117W,338,314,5,5
YHR119W,354,341,NA,6
YHR120W,116,113,NA,1
YHR121W,249,189,10,30
YHR122W,151,114,0,29
YHR123W,279,241,0,23
YHR124W,8,8,NA,0
YHR127W,161,110,3,30
YHR128W,437,276,21,90
YHR132W-A,137,91,10,21
YHR134W,125,100,NA,15
YHR137W,616,573,6,13
YHR140W,6,4,0,1
YHR142W,449,383,30,8
YHR143W,1303,917,232,120
YHR143W-A,427,179,16,142
YHR146W,490,473,6,NA
YHR148W,212,128,2,63
YHR150W,145,126,2,7
YHR152W,198,151,2,20
YHR154W,250,242,0,NA
YHR155W,324,301,5,11
YHR157W,7,6,0,1
YHR159W,114,94,4,8
YHR162W,1683,825,455,189
YHR163W,357,283,3,48
YHR167W,56,38,3,11
YHR168W,105,91,2,7
YHR169W,178,151,10,6
YHR170W,565,490,12,22
YHR171W,72,67,0,3
YHR172W,131,106,2,21
YHR174W,27878,24878,143,1202
YHR176W,52,45,NA,6
YHR177W,50,36,NA,13
YHR178W,105,92,0,10
YHR179W,781,707,8,25
YHR180W,15,13,1,NA
YHR181W,205,172,3,17
YHR182W,87,75,0,5
YHR183W,3884,3402,144,139
YHR184W,18,17,NA,1
YHR187W,128,105,4,10
YHR190W,1287,1112,19,63
YHR192W,154,137,2,7
YHR194W,159,142,3,8
YHR195W,218,154,22,29
YHR196W,275,236,14,0
YHR197W,291,271,0,4
YHR200W,409,350,0,28
YHR202W,64,62,1,0
YHR204W,385,354,7,16
YHR205W,976,796,117,42
YHR206W,437,361,52,9
YHR208W,2551,2239,0,196
YHR209W,389,351,5,12
YHR211W,954,927,NA,21
YHR215W,162,154,NA,4
YHR216W,328,296,7,9
YIL169C,326,323,0,NA
YIL166C,44,20,NA,22
YIL165C,71,48,NA,15
YIL163C,67,4,NA,63
YIL160C,11,10,NA,1
YIL157C,225,153,NA,49
YIL155C,371,337,7,22
YIL154C,174,142,4,14
YIL151C,260,257,NA,2
YIL150C,63,57,1,2
YIL149C,193,187,NA,5
YIL147C,317,299,NA,10
YIL146C,111,72,28,8
YIL145C,287,225,0,43
YIL143C,256,245,1,NA
YIL139C,42,37,0,5
YIL138C,353,190,0,149
YIL137C,457,432,0,14
YIL135C,309,262,10,20
YIL134C-A,12,7,5,NA
YIL133C,2263,1994,0,63
YIL132C,63,24,NA,33
YIL131C,263,231,5,24
YIL129C,653,645,NA,4
YIL127C,110,84,0,9
YIL119C,165,134,26,NA
YIL117C,385,329,22,10
YIL115C,746,735,NA,4
YIL114C,50,43,0,3
YIL109C,1577,1437,41,26
YIL107C,218,199,10,0
YIL105C,369,351,9,0
YIL104C,122,104,1,7
YIL102C-A,141,55,11,58
YIL101C,190,177,NA,3
YIL098C,93,64,0,16
YIL096C,68,56,NA,10
YIL094C,968,869,1,31
YIL093C,167,121,11,25
YIL091C,238,219,0,8
YIL088C,280,253,0,12
YIL087C,101,78,0,9
YIL085C,295,288,3,NA
YIL084C,114,105,5,NA
YIL083C,186,158,6,8
YIL079C,117,104,2,4
YIL077C,120,100,0,15
YIL075C,1457,1411,6,NA
YIL074C,227,206,5,2
YIL073C,77,69,NA,8
YIL071C,89,76,NA,10
YIL070C,319,260,5,36
YIL069C,2673,2013,31,358
YIL068C,241,228,1,3
YIL067C,110,101,5,3
YIL066C,168,151,NA,12
YIL065C,150,110,2,20
YIL063C,188,170,5,4
YIL062C,513,417,0,37
YIL061C,80,71,0,3
YIL059C,360,37,42,275
YIL057C,2,1,0,0
YIL055C,89,85,NA,1
YIL052C,2617,1923,50,132
YIL051C,871,605,12,122
YIL047C,503,491,0,NA
YIL044C,163,132,4,10
YIL043C,554,493,0,30
YIL042C,102,96,0,2
YIL038C,404,346,41,11
YIL037C,3,3,NA,0
YIL035C,297,241,11,32
YIL034C,462,412,0,20
YIL033C,502,405,20,52
YIL030C,613,594,NA,9
YIL029C,59,31,9,15
YIL027C,205,135,12,29
YIL026C,332,302,2,19
YIL023C,365,319,0,25
YIL020C,58,56,0,NA
YIL017C,220,210,3,NA
YIL014C-A,9,2,0,4
YIL013C,128,115,NA,11
YIL009C-A,95,78,0,2
YIL007C,81,53,1,16
YIL004C,74,49,0,14
YIL002C,226,213,7,2
YIR001C,135,96,3,24
YIR002C,222,201,6,5
YIR006C,1447,1425,NA,2
YIR008C,177,157,1,6
YIR011C,181,163,0,11
YIR013C,2,2,NA,0
YIR017C,36,25,NA,8
YIR018C-A,114,22,91,NA
YIR019C,630,626,NA,4
YIR020C,19,0,0,19
YIR024C,32,20,0,4
YIR026C,170,143,1,12
YIR027C,7,6,NA,1
YIR030C,5,5,0,0
YIR031C,266,233,21,3
YIR032C,103,81,7,13
YIR034C,501,446,7,18
YIR035C,190,171,0,5
YIR036C,186,170,2,2
YIR038C,220,181,0,24
YIR039C,231,212,NA,12
YIR042C,80,57,3,12
YIL162W,332,295,NA,32
YIL161W,66,57,0,2
YIL159W,122,121,NA,0
YIL158W,142,113,0,15
YIL156W-B,106,71,NA,25
YIL156W,234,224,NA,8
YIL153W,153,134,0,6
YIL152W,72,70,0,0
YIL148W,4241,3405,0,315
YIL144W,131,119,6,4
YIL142W,767,721,1,8
YIL140W,567,528,NA,20
YIL136W,246,212,5,10
YIL134W,75,72,1,0
YIL130W,494,469,21,NA
YIL128W,339,334,NA,NA
YIL126W,511,483,6,14
YIL125W,1266,1199,NA,47
YIL124W,700,583,0,56
YIL123W,1693,1312,11,307
YIL122W,109,87,NA,14
YIL121W,151,136,NA,11
YIL120W,67,59,NA,6
YIL118W,263,189,30,30
YIL116W,306,290,10,NA
YIL113W,25,16,1,6
YIL112W,218,213,0,NA
YIL111W,182,137,4,7
YIL110W,216,188,3,16
YIL108W,452,410,1,12
YIL106W,294,264,0,16
YIL103W,159,141,3,3
YIL100W,19,14,4,NA
YIL099W,34,31,NA,1
YIL097W,114,100,0,6
YIL095W,197,181,9,3
YIL092W,74,65,1,6
YIL090W,329,228,14,65
YIL089W,24,19,1,3
YIL078W,2497,2351,33,27
YIL076W,624,543,0,38
YIL066W-A,0,0,0,0
YIL064W,92,85,NA,7
YIL056W,193,183,NA,4
YIL054W,6,1,4,1
YIL053W,2861,2279,71,229
YIL050W,255,194,30,12
YIL049W,73,63,NA,4
YIL048W,368,322,28,8
YIL046W-A,3,0,0,2
YIL046W,244,232,1,8
YIL045W,56,52,3,0
YIL041W,823,732,1,28
YIL040W,139,102,0,13
YIL039W,288,261,5,10
YIL036W,376,316,14,33
YIL031W,228,203,20,NA
YIL028W,106,22,26,52
YIL022W,545,402,34,76
YIL021W,328,278,16,13
YIL019W,97,77,0,11
YIL018W,7278,6301,51,432
YIL016W,71,55,2,5
YIL015W,13,13,NA,0
YIL014W,184,165,7,3
YIL011W,24,20,2,1
YIL010W,150,118,5,20
YIL009W,452,393,0,42
YIL008W,70,46,4,10
YIL006W,75,56,NA,16
YIL005W,328,290,14,18
YIL003W,117,92,2,9
YIL002W-A,156,70,8,22
YIL001W,76,68,1,4
YIR003W,364,348,0,3
YIR004W,201,173,0,11
YIR005W,46,38,0,5
YIR007W,131,126,0,4
YIR009W,98,29,9,50
YIR010W,160,154,0,4
YIR012W,401,356,1,14
YIR014W,37,33,0,0
YIR016W,141,135,0,1
YIR018W,89,72,0,3
YIR021W,127,115,3,3
YIR022W,173,126,NA,37
YIR023W,494,480,NA,8
YIR025W,75,69,0,6
YIR028W,22,20,NA,1
YIR029W,43,43,NA,0
YIR033W,301,294,NA,1
YIR037W,405,266,34,59
YIR041W,82,14,61,2
YJL216C,55,50,NA,4
YJL215C,109,21,83,NA
YJL212C,546,508,6,16
YJL208C,207,169,11,11
YJL207C,498,493,0,NA
YJL206C,74,68,NA,4
YJL205C,31,15,0,10
YJL204C,201,194,1,2
YJL202C,0,0,0,0
YJL200C,774,704,7,31
YJL199C,27,17,NA,10
YJL196C,237,201,0,25
YJL192C,318,259,13,20
YJL190C,3105,1998,0,572
YJL187C,258,237,3,9
YJL185C,65,54,NA,7
YJL180C,156,125,0,20
YJL178C,312,241,6,36
YJL176C,333,291,10,23
YJL173C,142,96,0,14
YJL171C,638,521,3,73
YJL170C,1,0,0,1
YJL168C,200,173,10,8
YJL165C,292,272,10,NA
YJL164C,129,87,21,7
YJL163C,45,40,2,1
YJL162C,89,83,0,2
YJL160C,11,10,1,NA
YJL158C,4218,3348,127,367
YJL157C,414,381,NA,19
YJL156C,249,209,NA,33
YJL155C,202,172,8,16
YJL154C,526,514,NA,5
YJL153C,210,192,NA,13
YJL151C,656,470,6,75
YJL147C,72,58,2,10
YJL139C,91,69,0,17
YJL138C,4464,3975,57,252
YJL137C,46,41,0,3
YJL136C,3040,1928,50,551
YJL133C-A,673,370,0,195
YJL131C,57,53,0,1
YJL130C,8089,7984,NA,45
YJL129C,289,258,28,NA
YJL128C,437,371,50,3
YJL127C-B,234,58,43,94
YJL127C,166,112,9,40
YJL125C,130,117,0,4
YJL124C,390,210,58,62
YJL123C,302,291,0,NA
YJL121C,261,215,0,19
YJL119C,26,8,7,10
YJL116C,103,78,NA,18
YJL110C,348,303,23,6
YJL109C,1522,1502,2,1
YJL108C,184,150,NA,29
YJL107C,159,139,13,NA
YJL103C,63,53,7,1
YJL101C,261,223,17,11
YJL094C,233,223,0,9
YJL093C,302,283,NA,15
YJL091C,302,271,0,20
YJL090C,162,153,NA,6
YJL087C,155,142,NA,9
YJL084C,329,301,5,11
YJL081C,349,316,0,24
YJL080C,1421,1347,NA,43
YJL079C,666,432,84,98
YJL078C,919,802,14,69
YJL077C,8,3,NA,5
YJL074C,249,238,NA,5
YJL072C,109,64,3,29
YJL070C,116,112,NA,2
YJL069C,327,307,0,10
YJL068C,235,205,0,12
YJL066C,235,180,4,40
YJL065C,232,182,0,30
YJL063C,240,195,1,22
YJL058C,82,75,2,1
YJL057C,131,123,1,4
YJL056C,141,138,NA,3
YJL048C,453,383,19,32
YJL047C-A,30,3,2,20
YJL047C,176,162,5,5
YJL044C,363,284,2,61
YJL039C,869,800,20,33
YJL038C,3,2,NA,1
YJL035C,35,30,2,1
YJL031C,64,53,NA,5
YJL029C,309,287,4,10
YJL027C,4,1,0,0
YJL024C,165,116,2,26
YJL023C,92,80,NA,5
YJL020C,1062,991,21,33
YJL015C,6,0,NA,5
YJL013C,150,116,NA,22
YJL012C,497,474,0,6
YJL011C,84,61,5,11
YJL010C,251,236,1,6
YJL008C,854,757,14,39
YJL006C,87,76,2,0
YJL004C,150,113,0,29
YJL002C,709,632,8,37
YJR003C,159,147,0,4
YJR004C,414,374,NA,29
YJR009C,23928,21595,220,524
YJR010C-A,69,39,0,22
YJR011C,36,31,0,3
YJR012C,36,29,NA,6
YJR016C,2925,2714,0,83
YJR017C,285,168,1,81
YJR019C,77,71,0,3
YJR021C,124,103,4,13
YJR025C,87,66,2,9
YJR030C,150,143,4,NA
YJR031C,344,326,5,4
YJR033C,308,299,1,NA
YJR036C,62,61,NA,0
YJR041C,419,390,4,18
YJR043C,91,81,0,8
YJR044C,179,112,13,35
YJR045C,4898,4130,305,314
YJR047C,526,520,0,0
YJR049C,277,259,0,6
YJR056C,106,71,17,9
YJR058C,80,59,0,8
YJR062C,243,185,0,45
YJR065C,1063,924,11,75
YJR067C,63,45,NA,9
YJR069C,213,162,4,20
YJR070C,626,554,1,29
YJR072C,341,310,4,3
YJR073C,1320,1067,20,110
YJR076C,366,319,5,23
YJR077C,963,781,0,122
YJR080C,281,250,0,18
YJR082C,130,64,17,35
YJR083C,134,108,0,8
YJR085C,226,142,11,36
YJR088C,198,169,5,14
YJR090C,364,315,24,18
YJR091C,597,542,4,37
YJR093C,191,161,7,12
YJR094C,13,11,NA,2
YJR098C,59,52,NA,4
YJR100C,120,107,0,8
YJR102C,90,55,0,22
YJR104C,2174,1700,79,193
YJR109C,2030,1915,23,33
YJR111C,101,85,NA,13
YJR113C,260,216,8,17
YJR118C,118,95,4,8
YJR119C,67,64,NA,1
YJR124C,123,110,0,4
YJR125C,375,349,6,6
YJR126C,254,243,NA,7
YJR127C,509,503,NA,4
YJR129C,74,61,5,0
YJR130C,291,266,1,11
YJR134C,150,137,2,4
YJR135C,40,39,0,NA
YJR136C,103,92,NA,6
YJR137C,336,324,NA,8
YJR139C,1164,1037,35,38
YJR140C,357,299,NA,55
YJR143C,1072,924,36,63
YJR145C,8415,7610,0,273
YJR150C,4,4,0,0
YJR151C,371,323,48,NA
YJR156C,96,80,NA,14
YJR161C,973,727,NA,194
YJL218W,6,1,1,2
YJL217W,167,117,0,18
YJL214W,62,44,NA,18
YJL213W,18,18,NA,0
YJL210W,142,110,3,7
YJL209W,117,106,6,1
YJL203W,76,63,1,6
YJL201W,269,243,1,7
YJL198W,448,429,2,6
YJL197W,327,311,3,4
YJL194W,169,148,2,10
YJL193W,100,93,NA,4
YJL191W,1527,1383,10,62
YJL189W,2236,919,7,747
YJL186W,651,584,7,34
YJL184W,150,96,17,12
YJL183W,329,281,7,10
YJL181W,135,121,1,8
YJL179W,165,80,13,30
YJL177W,2274,1860,0,103
YJL175W,1,0,1,0
YJL174W,592,435,66,50
YJL172W,686,637,7,15
YJL167W,2066,1751,72,122
YJL166W,522,201,50,175
YJL161W,141,111,0,23
YJL159W,24379,19704,410,3302
YJL152W,9,0,1,7
YJL150W,14,5,8,NA
YJL149W,192,181,NA,5
YJL148W,236,176,9,27
YJL146W,159,122,10,19
YJL145W,169,143,1,11
YJL144W,43,17,2,17
YJL143W,415,191,9,175
YJL140W,272,194,16,33
YJL136W-A,0,0,0,0
YJL134W,177,169,NA,0
YJL133W,174,143,13,12
YJL132W,150,143,0,5
YJL126W,74,68,0,3
YJL122W,202,135,0,18
YJL118W,73,52,NA,18
YJL117W,240,221,9,0
YJL115W,153,123,12,5
YJL112W,218,195,0,9
YJL111W,762,662,15,51
YJL106W,168,103,64,NA
YJL104W,238,140,0,64
YJL102W,114,110,0,3
YJL100W,137,130,2,1
YJL099W,126,116,5,NA
YJL098W,350,325,17,NA
YJL097W,276,217,14,2
YJL096W,161,126,9,12
YJL095W,227,222,NA,3
YJL092W,238,225,NA,6
YJL088W,856,721,0,43
YJL085W,168,157,2,4
YJL083W,110,91,0,16
YJL082W,371,328,12,22
YJL077W-B,266,1,225,33
YJL077W-A,38,2,15,18
YJL076W,802,776,NA,17
YJL073W,193,169,7,6
YJL071W,180,162,3,12
YJL062W-A,206,99,2,47
YJL062W,302,284,1,5
YJL061W,363,331,1,11
YJL060W,182,165,0,6
YJL059W,99,92,0,1
YJL055W,251,212,0,19
YJL054W,293,269,0,9
YJL053W,192,149,3,21
YJL052W,9765,9112,44,62
YJL051W,229,217,6,NA
YJL050W,696,665,7,8
YJL049W,109,96,1,4
YJL046W,113,100,0,6
YJL045W,6,6,NA,0
YJL043W,21,6,NA,14
YJL042W,529,511,10,NA
YJL041W,748,679,16,27
YJL037W,18,15,NA,2
YJL036W,157,122,14,11
YJL034W,4352,3785,67,281
YJL033W,313,306,1,NA
YJL030W,50,43,0,0
YJL028W,21,1,NA,20
YJL026W,772,622,20,63
YJL025W,150,126,8,8
YJL022W,12,3,NA,9
YJL019W,201,169,4,24
YJL016W,315,244,40,18
YJL014W,699,633,2,33
YJL005W,922,879,27,NA
YJL003W,112,44,10,34
YJL001W,373,276,8,50
YJR001W,555,488,11,20
YJR002W,472,410,5,43
YJR005W,392,360,7,15
YJR006W,274,260,0,5
YJR007W,936,703,67,86
YJR008W,318,269,15,15
YJR010W,139,123,NA,11
YJR013W,123,111,1,9
YJR014W,372,273,15,43
YJR015W,455,427,0,18
YJR018W,0,0,0,0
YJR020W,16,3,8,4
YJR032W,153,131,0,8
YJR034W,71,38,16,8
YJR035W,126,121,NA,2
YJR039W,132,130,NA,NA
YJR040W,198,176,4,7
YJR042W,385,349,0,20
YJR046W,269,262,0,2
YJR048W,819,421,49,221
YJR050W,90,53,2,28
YJR051W,193,175,0,9
YJR052W,138,131,NA,3
YJR053W,45,40,0,NA
YJR054W,75,72,0,0
YJR055W,52,26,0,23
YJR057W,93,73,0,10
YJR059W,654,624,18,NA
YJR060W,251,159,8,74
YJR061W,130,117,NA,12
YJR063W,230,157,9,33
YJR064W,678,622,7,4
YJR066W,544,539,2,NA
YJR068W,185,160,3,11
YJR074W,201,171,NA,26
YJR075W,391,326,10,26
YJR078W,21,21,0,NA
YJR079W,3,3,NA,0
YJR084W,107,99,0,0
YJR089W,135,129,4,NA
YJR092W,657,644,NA,9
YJR094W-A,2588,1459,0,713
YJR095W,5,3,0,2
YJR096W,143,123,NA,9
YJR097W,38,28,3,2
YJR099W,79,66,3,3
YJR101W,315,242,20,35
YJR103W,335,312,6,10
YJR105W,1528,1369,20,20
YJR106W,233,231,NA,NA
YJR107W,61,50,NA,8
YJR108W,46,12,NA,33
YJR110W,139,132,1,5
YJR112W,46,45,0,1
YJR112W-A,58,25,2,21
YJR115W,294,286,NA,7
YJR116W,77,61,4,7
YJR117W,664,581,6,36
YJR120W,372,56,NA,251
YJR121W,3539,3093,0,318
YJR122W,118,108,2,2
YJR123W,7345,5822,250,505
YJR131W,203,190,0,5
YJR132W,364,347,4,7
YJR133W,237,194,8,14
YJR135W-A,255,151,0,50
YJR138W,236,228,NA,7
YJR141W,58,52,1,4
YJR142W,144,129,0,11
YJR144W,198,171,0,15
YJR147W,170,129,NA,31
YJR148W,399,360,8,12
YJR149W,65,61,NA,1
YJR152W,166,96,57,5
YJR153W,16,10,3,0
YJR154W,73,53,18,NA
YJR155W,90,81,NA,0
YKL222C,228,185,10,28
YKL220C,84,75,NA,6
YKL218C,153,123,4,15
YKL215C,339,335,1,NA
YKL214C,99,76,4,6
YKL213C,398,378,2,14
YKL211C,656,627,0,NA
YKL209C,71,71,NA,NA
YKL206C,160,134,1,9
YKL203C,620,614,NA,NA
YKL201C,296,295,NA,NA
YKL198C,182,151,11,11
YKL197C,211,185,NA,24
YKL196C,333,218,7,54
YKL194C,131,110,1,12
YKL193C,204,179,5,2
YKL192C,545,291,4,135
YKL188C,101,100,NA,1
YKL187C,96,86,NA,8
YKL186C,271,224,4,27
YKL179C,206,177,0,16
YKL178C,345,278,7,36
YKL176C,503,437,36,16
YKL174C,175,161,3,8
YKL169C,9,2,6,1
YKL168C,166,158,NA,7
YKL167C,178,125,0,27
YKL166C,133,121,NA,8
YKL165C-A,47,4,43,NA
YKL165C,417,381,0,22
YKL164C,8892,7364,205,1004
YKL162C,43,40,0,1
YKL161C,846,648,32,117
YKL159C,73,63,NA,5
YKL155C,159,141,1,2
YKL152C,11675,9360,79,1065
YKL151C,210,193,6,NA
YKL149C,83,66,0,12
YKL148C,928,768,41,75
YKL144C,74,60,0,8
YKL138C-A,62,19,1,19
YKL138C,168,108,24,14
YKL135C,365,325,9,13
YKL134C,128,119,2,5
YKL133C,44,42,0,1
YKL132C,28,20,4,4
YKL130C,184,133,9,20
YKL129C,365,358,NA,5
YKL128C,145,108,0,19
YKL122C,269,188,11,17
YKL119C,136,112,8,10
YKL116C,209,191,NA,11
YKL113C,216,196,2,8
YKL110C,228,199,0,12
YKL106C-A,12,2,NA,9
YKL105C,195,186,5,NA
YKL104C,2072,1723,128,170
YKL103C,295,254,3,21
YKL102C,10,2,NA,8
YKL100C,524,427,2,66
YKL099C,186,126,9,24
YKL092C,127,119,4,NA
YKL091C,154,131,NA,15
YKL087C,252,160,24,37
YKL082C,145,132,3,NA
YKL075C,115,102,8,NA
YKL074C,146,136,1,4
YKL065C,663,551,17,48
YKL063C,161,72,47,30
YKL060C,19611,17820,110,268
YKL059C,158,141,7,6
YKL057C,500,476,10,4
YKL056C,3082,2178,86,471
YKL055C,26,18,0,8
YKL054C,1627,1418,66,84
YKL053C-A,164,82,23,27
YKL052C,121,110,1,2
YKL050C,91,86,NA,5
YKL049C,86,76,2,5
YKL048C,132,116,NA,10
YKL046C,467,339,63,45
YKL040C,227,143,0,65
YKL036C,13,1,NA,10
YKL032C,514,473,NA,31
YKL029C,942,847,8,31
YKL026C,103,76,NA,21
YKL025C,296,281,0,2
YKL024C,277,228,NA,19
YKL022C,255,253,NA,2
YKL021C,236,222,NA,13
YKL020C,366,357,NA,3
YKL018C-A,38,26,0,9
YKL017C,148,144,0,2
YKL016C,772,514,37,93
YKL014C,672,662,NA,8
YKL013C,417,268,7,93
YKL011C,61,51,NA,7
YKL010C,554,545,NA,4
YKL008C,353,316,4,19
YKL006C-A,88,51,5,15
YKL005C,220,186,9,18
YKL003C,171,106,8,26
YKL001C,59,46,5,1
YKR001C,964,874,3,57
YKR004C,91,86,2,NA
YKR005C,33,25,NA,8
YKR006C,260,219,0,22
YKR009C,77,66,NA,10
YKR010C,156,149,4,NA
YKR011C,94,83,NA,8
YKR012C,15,5,8,NA
YKR014C,309,218,40,23
YKR015C,5,2,3,0
YKR017C,60,56,0,3
YKR018C,421,388,0,26
YKR019C,93,84,4,2
YKR022C,115,98,4,6
YKR024C,254,236,2,4
YKR026C,303,217,13,57
YKR029C,167,156,NA,4
YKR031C,397,379,NA,14
YKR036C,168,159,0,6
YKR037C,85,66,0,15
YKR038C,385,337,0,20
YKR040C,27,17,NA,NA
YKR043C,417,335,0,34
YKR045C,237,99,3,118
YKR046C,1622,1321,0,198
YKR048C,837,751,0,41
YKR049C,84,65,0,6
YKR052C,162,118,9,30
YKR053C,23,22,NA,0
YKR054C,661,639,2,16
YKR063C,88,74,NA,9
YKR065C,383,299,13,24
YKR066C,427,381,0,17
YKR068C,135,94,1,12
YKR071C,428,327,11,62
YKR072C,386,360,NA,19
YKR075C,128,115,0,10
YKR079C,330,281,22,12
YKR081C,251,217,0,17
YKR083C,48,29,2,9
YKR084C,228,208,5,2
YKR085C,200,163,0,17
YKR087C,121,108,0,9
YKR088C,182,160,0,2
YKR089C,269,251,6,6
YKR092C,638,554,3,46
YKR094C,4474,3326,12,617
YKR098C,93,84,7,0
YKR100C,256,173,58,11
YKL221W,6,6,NA,0
YKL219W,182,169,NA,7
YKL217W,104,94,NA,10
YKL216W,1358,1021,35,210
YKL212W,904,811,62,NA
YKL210W,1324,1267,15,13
YKL208W,76,66,0,5
YKL207W,418,343,11,22
YKL205W,418,404,1,NA
YKL204W,443,384,6,33
YKL195W,500,436,7,15
YKL191W,311,276,0,21
YKL190W,233,166,0,47
YKL189W,143,114,8,12
YKL185W,959,765,101,51
YKL184W,825,622,64,93
YKL183W,169,129,9,22
YKL182W,14564,14273,NA,131
YKL181W,991,753,163,37
YKL180W,3716,2866,0,347
YKL175W,353,316,6,18
YKL173W,248,233,0,11
YKL172W,421,375,0,27
YKL171W,162,152,1,6
YKL170W,173,91,24,43
YKL163W,2452,2014,392,NA
YKL160W,175,135,0,17
YKL157W,964,911,1,33
YKL156W,1693,890,NA,620
YKL154W,135,111,6,12
YKL153W,3,2,1,NA
YKL150W,1145,956,16,72
YKL146W,366,348,0,11
YKL145W,735,684,NA,20
YKL143W,261,230,4,12
YKL142W,571,472,24,30
YKL141W,494,381,18,61
YKL140W,272,235,21,13
YKL139W,184,153,17,6
YKL137W,133,78,22,11
YKL127W,229,206,1,13
YKL126W,538,466,50,9
YKL125W,211,161,11,20
YKL124W,127,108,8,NA
YKL121W,169,163,NA,4
YKL120W,503,371,30,68
YKL118W,3,0,NA,3
YKL117W,637,441,0,128
YKL112W,291,247,29,4
YKL109W,731,587,89,13
YKL108W,94,83,2,2
YKL107W,2,2,NA,0
YKL106W,206,176,10,8
YKL101W,733,722,NA,0
YKL098W,160,141,1,9
YKL096W-A,8282,4161,614,1805
YKL096W,4750,3844,169,339
YKL094W,375,307,1,36
YKL093W,29,24,NA,4
YKL090W,102,83,NA,14
YKL089W,64,59,0,2
YKL088W,188,172,2,10
YKL086W,14,13,0,0
YKL085W,818,732,21,0
YKL084W,163,34,121,NA
YKL081W,4111,3391,19,439
YKL080W,670,620,16,7
YKL079W,211,197,8,2
YKL078W,163,154,3,5
YKL077W,621,504,19,66
YKL073W,352,329,0,12
YKL072W,80,70,4,3
YKL071W,16,15,NA,1
YKL070W,2,1,NA,1
YKL069W,179,166,0,3
YKL068W-A,183,59,17,76
YKL068W,577,530,19,11
YKL065W-A,6,2,3,1
YKL064W,468,435,25,NA
YKL062W,670,567,NA,87
YKL061W,84,39,0,36
YKL058W,132,64,5,49
YKL053W,50,5,NA,45
YKL051W,388,310,NA,55
YKL047W,154,139,0,3
YKL045W,241,226,7,5
YKL044W,7,5,1,NA
YKL043W,59,52,NA,5
YKL042W,137,107,6,10
YKL041W,90,64,12,8
YKL039W,835,691,30,89
YKL038W,367,325,22,12
YKL035W,1839,1491,82,151
YKL034W,231,195,7,17
YKL033W-A,450,341,26,27
YKL033W,285,258,NA,26
YKL031W,5,4,1,NA
YKL028W,364,315,6,34
YKL027W,211,188,3,11
YKL023W,140,101,0,30
YKL019W,307,276,0,11
YKL018W,161,124,7,14
YKL015W,253,228,12,4
YKL012W,204,187,8,NA
YKL009W,392,319,9,28
YKL007W,378,327,1,39
YKL006W,3586,2666,0,304
YKL004W,486,344,91,19
YKL002W,122,85,11,14
YKR002W,241,210,21,1
YKR003W,188,172,7,4
YKR007W,133,115,0,6
YKR008W,242,207,4,14
YKR013W,959,808,21,81
YKR016W,456,382,8,41
YKR020W,80,41,0,30
YKR021W,444,404,8,22
YKR023W,88,79,1,3
YKR025W,136,112,0,13
YKR027W,234,222,0,8
YKR028W,429,411,NA,14
YKR030W,133,107,6,6
YKR035W-A,186,140,0,17
YKR039W,3810,3499,23,156
YKR041W,195,31,NA,160
YKR042W,3841,2577,551,477
YKR044W,112,93,2,10
YKR047W,77,9,64,NA
YKR050W,291,218,66,3
YKR051W,73,66,4,1
YKR055W,74,53,4,15
YKR056W,258,247,NA,9
YKR057W,2037,1120,24,595
YKR058W,161,146,9,3
YKR059W,4050,3807,9,76
YKR060W,104,91,1,6
YKR061W,159,141,3,6
YKR062W,212,170,9,17
YKR064W,147,134,NA,4
YKR067W,286,258,12,6
YKR069W,127,111,10,0
YKR070W,132,118,NA,10
YKR074W,181,141,NA,28
YKR075W-A,4,0,NA,4
YKR076W,74,62,5,1
YKR077W,291,253,1,14
YKR078W,102,100,0,0
YKR080W,219,182,7,14
YKR082W,544,534,NA,4
YKR086W,222,215,0,3
YKR090W,150,136,4,4
YKR091W,415,343,2,40
YKR093W,2523,2177,53,181
YKR095W,427,413,NA,11
YKR095W-A,102,76,0,18
YKR096W,294,275,3,8
YKR097W,63,63,NA,0
YKR099W,161,147,8,2
YKR101W,77,74,0,2
YKR102W,102,102,NA,NA
YKR103W,215,118,95,NA
YKR104W,30,21,NA,8
YLL063C,109,101,NA,8
YLL062C,26,22,0,1
YLL060C,101,62,20,12
YLL059C,49,29,NA,16
YLL057C,23,15,NA,8
YLL056C,50,43,NA,5
YLL054C,79,66,0,10
YLL053C,27,22,NA,3
YLL051C,343,306,0,23
YLL050C,1245,904,35,164
YLL048C,1734,1721,NA,NA
YLL045C,5524,4816,13,199
YLL042C,8,7,NA,1
YLL041C,632,447,11,152
YLL040C,1366,1356,NA,6
YLL039C,3625,3220,171,118
YLL038C,266,78,NA,176
YLL036C,201,175,2,7
YLL034C,324,314,2,4
YLL032C,176,153,NA,19
YLL031C,362,346,0,4
YLL024C,15978,15147,29,323
YLL023C,422,344,18,35
YLL022C,124,111,NA,5
YLL019C,692,526,152,NA
YLL018C-A,238,52,10,159
YLL018C,1836,1629,0,100
YLL013C,635,550,42,37
YLL010C,291,222,39,24
YLL009C,249,91,24,53
YLL007C,114,107,0,7
YLR001C,137,135,1,0
YLR002C,341,324,3,5
YLR003C,203,168,0,20
YLR004C,31,26,1,1
YLR006C,265,246,16,NA
YLR008C,341,178,43,78
YLR010C,51,37,0,7
YLR014C,176,175,NA,NA
YLR016C,134,108,4,6
YLR018C,179,142,6,20
YLR020C,149,137,2,4
YLR022C,179,149,NA,13
YLR023C,489,383,33,56
YLR024C,173,167,1,NA
YLR026C,159,115,20,12
YLR027C,1218,1102,9,44
YLR028C,833,739,45,20
YLR029C,4809,3954,1,457
YLR034C,360,284,31,36
YLR035C,109,92,0,14
YLR036C,68,47,0,13
YLR037C,120,31,77,6
YLR038C,464,183,29,162
YLR039C,267,261,NA,6
YLR040C,478,356,28,60
YLR042C,30,26,1,2
YLR043C,382,232,8,57
YLR044C,36563,34358,280,589
YLR045C,229,222,3,NA
YLR046C,74,70,NA,1
YLR047C,248,186,21,33
YLR049C,308,255,19,15
YLR050C,106,83,0,9
YLR051C,141,125,0,11
YLR053C,2,2,NA,0
YLR054C,13,9,NA,4
YLR055C,138,135,NA,0
YLR058C,712,633,5,46
YLR059C,186,149,NA,30
YLR065C,160,125,3,13
YLR067C,128,127,NA,0
YLR069C,622,595,0,11
YLR070C,5,5,NA,0
YLR071C,381,357,3,11
YLR073C,168,114,28,15
YLR074C,157,125,0,8
YLR078C,214,170,9,15
YLR082C,73,59,0,11
YLR083C,621,570,33,NA
YLR084C,405,388,NA,7
YLR085C,148,138,1,2
YLR087C,420,412,NA,6
YLR089C,585,469,81,10
YLR093C,235,179,14,35
YLR094C,268,240,0,17
YLR095C,308,300,3,3
YLR097C,179,140,18,10
YLR098C,190,165,0,11
YLR099C,176,151,8,5
YLR103C,120,109,1,2
YLR105C,108,99,0,4
YLR106C,2137,2118,NA,8
YLR108C,61,49,1,9
YLR110C,16865,12432,880,1082
YLR114C,338,297,6,23
YLR117C,192,178,0,5
YLR118C,213,173,5,18
YLR120C,701,533,30,113
YLR121C,283,256,0,20
YLR126C,25,17,0,5
YLR127C,112,109,0,NA
YLR130C,452,395,37,7
YLR131C,339,327,NA,8
YLR132C,163,116,1,40
YLR136C,20,12,NA,5
YLR139C,245,188,41,8
YLR144C,227,218,0,2
YLR146C,156,132,3,8
YLR147C,78,60,1,10
YLR149C,184,174,3,5
YLR151C,72,63,NA,6
YLR152C,238,212,6,9
YLR153C,3422,3068,3,253
YLR154C,83,47,9,8
YLR163C,356,299,0,29
YLR165C,60,50,NA,4
YLR166C,354,337,4,6
YLR168C,408,298,2,67
YLR170C,125,81,1,29
YLR172C,503,425,4,22
YLR176C,145,142,NA,1
YLR178C,461,382,19,15
YLR179C,351,254,33,30
YLR181C,126,107,3,11
YLR183C,224,195,2,11
YLR189C,364,354,NA,5
YLR192C,605,417,9,138
YLR193C,123,80,5,20
YLR194C,1059,928,0,67
YLR195C,298,282,0,12
YLR199C,211,178,5,20
YLR201C,190,176,NA,10
YLR203C,508,468,7,0
YLR205C,238,214,5,3
YLR209C,203,177,NA,11
YLR211C,42,25,1,16
YLR212C,158,144,0,7
YLR213C,18,16,0,2
YLR215C,75,66,2,4
YLR216C,1261,1153,0,52
YLR218C,40,20,NA,10
YLR221C,185,126,5,35
YLR222C,492,453,0,14
YLR223C,336,301,30,NA
YLR225C,262,239,0,15
YLR227C,86,67,16,NA
YLR228C,206,165,18,15
YLR229C,495,323,114,38
YLR231C,122,114,0,4
YLR233C,147,125,5,15
YLR239C,107,89,0,9
YLR242C,40,36,3,0
YLR244C,607,550,0,24
YLR245C,46,40,0,5
YLR247C,450,445,NA,4
YLR254C,112,77,17,8
YLR255C,6,4,0,2
YLR259C,3164,2932,49,83
YLR262C-A,308,132,2,78
YLR265C,68,61,NA,6
YLR266C,178,175,NA,2
YLR269C,3,0,NA,3
YLR272C,288,268,3,8
YLR273C,71,61,8,0
YLR276C,485,441,27,9
YLR277C,274,251,6,2
YLR284C,34,29,0,3
YLR285C-A,67,16,NA,20
YLR286C,3292,2794,370,NA
YLR287C,233,185,10,25
YLR287C-A,1877,900,0,527
YLR288C,139,125,0,8
YLR290C,71,61,0,6
YLR291C,484,409,10,23
YLR292C,199,145,0,35
YLR293C,1953,1540,20,223
YLR294C,197,180,NA,NA
YLR298C,111,91,NA,7
YLR304C,5827,5095,54,385
YLR305C,858,846,NA,5
YLR309C,163,156,0,NA
YLR310C,840,803,NA,31
YLR311C,22,21,NA,NA
YLR312C,42,36,5,NA
YLR313C,136,109,1,26
YLR314C,564,505,10,16
YLR316C,101,91,2,5
YLR319C,218,195,2,14
YLR321C,227,182,0,30
YLR323C,56,41,2,10
YLR325C,3536,1621,0,1294
YLR327C,797,336,81,177
YLR333C,1673,994,107,196
YLR336C,183,175,5,NA
YLR337C,451,425,4,7
YLR339C,0,0,0,0
YLR346C,3,0,0,2
YLR347C,915,787,25,79
YLR348C,261,230,4,7
YLR351C,301,260,NA,22
YLR354C,1851,1536,48,151
YLR355C,10199,8024,442,1092
YLR361C,209,180,0,19
YLR361C-A,58,37,NA,18
YLR363C,296,157,27,98
YLR364C-A,1,0,NA,1
YLR370C,480,367,16,47
YLR373C,274,259,0,5
YLR376C,55,45,0,4
YLR378C,1172,913,139,84
YLR382C,294,277,6,5
YLR384C,1093,1074,NA,17
YLR387C,240,209,5,9
YLR389C,476,467,NA,7
YLR392C,82,71,7,1
YLR395C,698,247,54,300
YLR396C,154,142,4,4
YLR397C,277,259,1,13
YLR398C,539,517,NA,14
YLR399C,449,418,10,NA
YLR401C,352,330,3,6
YLR406C,1268,748,11,262
YLR406C-A,9,2,7,NA
YLR408C,27,26,NA,0
YLR409C,491,479,0,3
YLR412C-A,28,5,0,23
YLR414C,697,538,66,37
YLR418C,188,155,NA,25
YLR421C,316,205,5,82
YLR423C,50,39,0,8
YLR428C,2,1,0,0
YLR431C,85,72,7,4
YLR433C,135,118,NA,13
YLR436C,446,424,10,5
YLR437C,189,127,8,30
YLR438C-A,160,98,26,11
YLR440C,190,179,3,6
YLR441C,5360,4399,56,545
YLR442C,153,144,0,6
YLR447C,1014,821,47,85
YLR452C,233,195,19,15
YLR453C,70,57,6,NA
YLR457C,51,40,0,9
YLR460C,19,19,0,0
YLL061W,42,40,0,0
YLL058W,115,104,2,2
YLL055W,103,86,13,3
YLL049W,54,49,0,NA
YLL047W,3,3,NA,0
YLL043W,497,451,3,27
YLL037W,8,8,NA,0
YLL035W,153,132,6,8
YLL033W,63,42,NA,17
YLL029W,528,493,10,4
YLL028W,590,458,29,88
YLL027W,332,240,41,28
YLL026W,2584,2441,51,9
YLL025W,40,27,0,4
YLL021W,465,442,20,NA
YLL015W,468,461,NA,2
YLL014W,152,106,0,25
YLL012W,158,145,2,4
YLL011W,240,220,0,4
YLL008W,458,439,3,8
YLL006W,181,163,2,4
YLL004W,140,131,0,4
YLL003W,183,175,0,3
YLL002W,93,82,0,6
YLL001W,335,299,12,11
YLR005W,188,160,3,21
YLR007W,116,103,0,6
YLR009W,433,269,72,60
YLR011W,108,80,6,20
YLR015W,134,111,3,16
YLR017W,280,256,NA,11
YLR019W,423,297,64,49
YLR021W,79,71,2,1
YLR025W,166,116,12,23
YLR031W,13,9,NA,0
YLR032W,191,184,NA,3
YLR033W,214,187,0,19
YLR041W,65,0,0,65
YLR048W,5276,4019,132,745
YLR052W,186,144,NA,30
YLR056W,1098,962,17,59
YLR057W,342,320,5,4
YLR060W,1803,1676,35,35
YLR061W,2565,1891,0,184
YLR064W,331,284,3,10
YLR066W,213,149,9,17
YLR068W,51,32,0,11
YLR072W,150,148,0,1
YLR075W,6150,5040,0,349
YLR077W,164,142,0,12
YLR079W,312,246,13,27
YLR080W,20,18,NA,1
YLR081W,18,17,0,1
YLR086W,210,200,NA,6
YLR088W,274,255,5,9
YLR090W,147,137,0,7
YLR091W,80,70,NA,7
YLR092W,24,22,NA,2
YLR096W,389,370,15,NA
YLR099W-A,59,35,4,9
YLR100W,864,787,5,35
YLR104W,181,133,4,20
YLR107W,124,110,NA,12
YLR109W,2530,1968,112,130
YLR112W,38,16,0,22
YLR113W,787,657,49,34
YLR115W,248,233,0,9
YLR116W,161,140,NA,19
YLR119W,56,49,NA,3
YLR120W-A,134,1,13,119
YLR124W,81,8,NA,71
YLR125W,96,20,0,68
YLR128W,87,69,0,15
YLR129W,504,472,3,12
YLR133W,381,314,3,50
YLR134W,3056,3041,1,6
YLR135W,79,74,3,2
YLR137W,76,71,0,3
YLR138W,318,284,23,NA
YLR141W,114,60,NA,50
YLR142W,308,290,NA,10
YLR143W,202,187,0,10
YLR145W,65,60,0,0
YLR146W-A,65,30,1,9
YLR148W,229,222,NA,4
YLR150W,3714,3036,34,307
YLR164W,24,19,NA,3
YLR167W,6170,4916,308,212
YLR173W,276,247,10,6
YLR174W,131,85,38,2
YLR175W,1279,1121,8,59
YLR177W,272,255,4,3
YLR180W,1677,1297,31,236
YLR182W,241,230,0,2
YLR185W,3104,1958,0,494
YLR186W,358,306,14,20
YLR187W,301,291,8,NA
YLR188W,252,228,5,14
YLR190W,495,325,53,95
YLR191W,100,85,1,3
YLR196W,508,466,22,NA
YLR197W,1764,1676,10,NA
YLR200W,129,77,1,25
YLR204W,222,107,14,72
YLR206W,697,638,35,NA
YLR207W,207,196,0,7
YLR208W,508,389,25,51
YLR210W,96,86,4,2
YLR214W,165,152,3,5
YLR217W,0,0,0,0
YLR219W,302,261,23,9
YLR220W,305,219,39,23
YLR224W,250,214,17,10
YLR226W,190,124,0,56
YLR234W,103,77,1,21
YLR237W,569,489,14,44
YLR238W,113,86,5,10
YLR240W,269,249,1,9
YLR241W,328,307,5,5
YLR243W,198,165,13,13
YLR246W,120,113,NA,4
YLR248W,574,505,4,33
YLR249W,17371,16627,96,251
YLR250W,378,301,20,35
YLR253W,313,280,8,10
YLR256W,1175,1024,27,NA
YLR257W,883,683,126,42
YLR258W,1225,984,17,171
YLR260W,225,199,4,14
YLR263W,121,94,24,1
YLR264W,2821,835,14,1561
YLR267W,22,21,0,1
YLR268W,259,157,18,38
YLR270W,432,325,19,56
YLR271W,66,40,21,1
YLR274W,359,331,2,9
YLR275W,88,35,4,22
YLR283W,72,66,NA,1
YLR285W,211,185,NA,15
YLR286W-A,13,1,1,8
YLR289W,119,113,0,0
YLR296W,6,6,NA,0
YLR297W,61,27,10,20
YLR299W,341,291,29,15
YLR300W,6106,4754,303,732
YLR301W,371,293,5,35
YLR303W,482,416,9,19
YLR306W,50,36,2,1
YLR307W,3,3,0,0
YLR312W-A,276,222,0,21
YLR315W,66,44,2,10
YLR317W,47,37,NA,4
YLR318W,122,119,NA,NA
YLR320W,178,175,NA,1
YLR324W,182,165,8,4
YLR326W,83,61,7,9
YLR328W,193,137,22,16
YLR329W,11,9,NA,0
YLR330W,666,622,0,23
YLR332W,515,356,89,47
YLR335W,698,666,2,13
YLR340W,8421,7302,336,405
YLR342W,7271,6803,384,NA
YLR342W-A,238,10,177,NA
YLR343W,37,35,NA,2
YLR344W,1952,1414,0,238
YLR345W,231,207,4,8
YLR349W,12,2,NA,10
YLR350W,346,273,27,15
YLR352W,124,116,5,2
YLR353W,221,157,49,11
YLR356W,183,147,5,18
YLR357W,358,336,NA,20
YLR359W,539,440,41,27
YLR360W,251,209,1,23
YLR362W,128,118,1,7
YLR363W-A,84,43,0,27
YLR364W,19,14,1,2
YLR367W,986,790,NA,56
YLR368W,107,99,1,1
YLR369W,182,173,1,NA
YLR371W,412,379,22,NA
YLR372W,944,730,109,28
YLR375W,286,255,0,16
YLR380W,381,333,16,18
YLR381W,145,139,2,NA
YLR383W,197,185,2,4
YLR386W,305,287,0,13
YLR388W,1305,541,107,297
YLR390W,97,69,NA,16
YLR390W-A,2970,2264,134,364
YLR393W,83,78,0,NA
YLR394W,130,117,NA,5
YLR400W,0,0,0,0
YLR402W,94,21,NA,69
YLR403W,375,358,NA,6
YLR404W,64,60,0,2
YLR405W,135,118,0,11
YLR407W,202,116,37,32
YLR410W,574,550,NA,14
YLR411W,15,8,NA,6
YLR412W,219,194,NA,16
YLR413W,550,525,4,11
YLR417W,129,117,1,7
YLR419W,344,331,4,2
YLR420W,387,360,0,12
YLR422W,444,428,4,3
YLR424W,90,85,NA,2
YLR425W,207,199,NA,1
YLR426W,103,91,0,4
YLR427W,191,160,10,16
YLR429W,843,786,4,32
YLR430W,810,756,38,5
YLR432W,1385,1234,66,26
YLR435W,218,151,11,29
YLR438W,92,84,1,3
YLR439W,288,239,7,23
YLR443W,198,169,11,9
YLR446W,86,76,3,NA
YLR448W,2724,2108,0,314
YLR449W,670,588,8,18
YLR450W,400,368,17,6
YLR451W,277,267,7,NA
YLR454W,856,830,13,5
YLR455W,260,122,58,63
YLR456W,39,29,0,6
YLR459W,258,240,0,9
YML130C,539,474,9,17
YML129C,258,112,0,86
YML128C,709,591,20,74
YML126C,1567,1398,NA,145
YML125C,299,252,0,21
YML124C,610,550,0,37
YML123C,4,3,0,0
YML122C,0,0,0,0
YML120C,603,456,27,88
YML115C,318,287,8,10
YML114C,221,192,3,9
YML110C,345,277,9,35
YML107C,93,89,0,2
YML105C,252,217,3,10
YML104C,242,235,1,5
YML103C,769,750,NA,8
YML099C,334,315,NA,16
YML097C,161,142,5,7
YML095C,74,34,0,36
YML094C-A,1,0,1,NA
YML092C,466,373,0,44
YML091C,582,574,NA,NA
YML089C,29,0,NA,29
YML087C,14,14,0,0
YML086C,536,456,31,15
YML085C,648,546,22,54
YML083C,0,0,0,0
YML081C-A,360,172,45,80
YML076C,252,241,0,6
YML075C,1370,1246,32,42
YML074C,597,556,4,NA
YML073C,3444,2803,44,180
YML072C,1831,1752,56,NA
YML071C,136,120,3,7
YML067C,200,181,0,9
YML064C,174,128,3,27
YML062C,103,85,2,6
YML061C,174,165,6,3
YML059C,677,657,NA,16
YML056C,1987,1815,43,43
YML054C,273,258,NA,7
YML053C,117,88,12,2
YML049C,436,434,NA,NA
YML043C,82,59,8,3
YML041C,92,84,NA,1
YML038C,299,221,24,44
YML035C,470,426,13,24
YML032C,201,161,1,27
YML026C,3615,2532,6,632
YML025C,311,247,12,34
YML023C,177,170,1,0
YML021C,119,99,NA,17
YML018C,188,152,22,8
YML015C,116,100,1,4
YML011C,79,49,NA,19
YML009C,185,82,12,58
YML008C,1058,913,12,56
YML007C-A,23,1,0,19
YML006C,156,141,8,0
YML004C,775,666,0,60
YMR001C,403,370,NA,24
YMR001C-A,82,27,NA,50
YMR006C,150,131,4,10
YMR008C,709,622,NA,75
YMR013C,179,163,NA,9
YMR015C,996,877,28,62
YMR016C,378,327,16,16
YMR021C,138,105,0,17
YMR023C,59,58,0,1
YMR026C,101,84,10,4
YMR029C,211,183,6,10
YMR031C,521,490,19,NA
YMR034C,27,18,5,3
YMR036C,123,107,0,6
YMR037C,445,399,NA,40
YMR038C,351,288,0,34
YMR039C,167,133,22,NA
YMR041C,93,76,0,6
YMR047C,614,584,11,NA
YMR049C,707,665,7,11
YMR052C-A,7,4,NA,3
YMR053C,64,64,NA,NA
YMR055C,147,130,2,2
YMR056C,53,41,2,8
YMR060C,83,73,0,7
YMR062C,613,550,0,29
YMR067C,173,158,3,2
YMR071C,138,113,5,6
YMR073C,128,112,0,5
YMR074C,344,296,0,7
YMR076C,353,343,NA,8
YMR077C,67,51,4,8
YMR078C,178,166,0,5
YMR080C,958,826,9,97
YMR081C,98,73,15,9
YMR086C-A,39,3,18,18
YMR088C,236,209,14,4
YMR089C,566,496,55,NA
YMR091C,250,226,6,8
YMR092C,617,557,14,15
YMR097C,113,99,4,3
YMR098C,200,178,2,2
YMR099C,572,492,4,36
YMR101C,16,12,NA,3
YMR102C,213,206,NA,4
YMR103C,107,81,0,8
YMR105C,1251,1098,15,98
YMR106C,94,84,0,7
YMR110C,386,339,2,13
YMR111C,104,92,2,9
YMR112C,72,54,NA,13
YMR114C,85,76,NA,8
YMR116C,7783,6758,56,456
YMR117C,72,53,NA,12
YMR118C,2,2,NA,0
YMR120C,130,114,2,10
YMR121C,1472,1447,4,5
YMR122C,4,2,2,0
YMR126C,96,69,14,3
YMR127C,98,74,3,12
YMR131C,651,602,12,11
YMR132C,80,51,3,14
YMR135C,201,184,4,6
YMR137C,63,59,2,2
YMR142C,4329,3540,0,361
YMR145C,2194,1827,162,103
YMR146C,1358,1212,20,42
YMR150C,73,47,10,NA
YMR153C-A,26,10,2,13
YMR154C,102,102,NA,NA
YMR156C,26,20,NA,3
YMR157C,133,105,4,9
YMR158C-A,43,17,10,3
YMR162C,359,353,NA,3
YMR163C,138,115,14,2
YMR164C,367,353,11,NA
YMR165C,212,192,10,4
YMR166C,188,132,21,25
YMR168C,167,134,0,31
YMR169C,512,481,NA,10
YMR170C,405,372,0,8
YMR171C,304,231,24,38
YMR174C,54,23,5,21
YMR180C,234,176,0,48
YMR181C,147,71,18,47
YMR182C,69,26,8,30
YMR183C,392,282,18,55
YMR187C,83,72,1,8
YMR188C,182,142,4,20
YMR190C,231,221,8,NA
YMR193C-A,9,9,0,NA
YMR194C-B,27,11,NA,3
YMR197C,291,202,7,47
YMR201C,115,103,0,7
YMR204C,84,72,0,9
YMR205C,3871,3611,59,103
YMR207C,270,250,14,5
YMR209C,80,71,0,5
YMR212C,378,325,26,14
YMR216C,454,406,18,23
YMR218C,210,200,1,NA
YMR221C,359,329,0,11
YMR222C,148,125,0,12
YMR224C,136,123,0,7
YMR225C,137,67,0,48
YMR226C,1024,867,18,53
YMR227C,90,77,4,3
YMR229C,1559,1531,NA,13
YMR235C,761,626,8,72
YMR239C,178,157,2,3
YMR240C,92,87,0,3
YMR242C,3713,3040,0,209
YMR243C,758,626,34,75
YMR244C-A,68,40,2,12
YMR247C,577,568,4,NA
YMR252C,62,46,3,10
YMR253C,88,83,1,NA
YMR256C,540,270,3,148
YMR257C,181,133,28,18
YMR258C,216,201,7,0
YMR259C,386,374,NA,7
YMR260C,755,525,5,132
YMR261C,740,678,20,20
YMR265C,74,70,NA,2
YMR268C,99,70,2,19
YMR270C,204,159,23,8
YMR271C,90,77,NA,7
YMR272C,854,713,19,82
YMR273C,240,199,15,9
YMR274C,26,19,0,4
YMR275C,313,292,2,7
YMR279C,5,4,0,0
YMR280C,39,38,NA,1
YMR282C,132,122,2,NA
YMR283C,93,86,NA,3
YMR285C,197,157,0,27
YMR287C,157,156,1,NA
YMR290C,671,552,1,82
YMR293C,141,128,0,5
YMR295C,593,519,42,NA
YMR296C,681,628,23,9
YMR299C,95,84,0,4
YMR300C,376,320,21,20
YMR301C,236,226,4,1
YMR302C,597,543,12,18
YMR303C,3305,3151,9,1
YMR305C,1300,1130,101,NA
YMR306C-A,34,6,NA,27
YMR308C,1175,1088,38,12
YMR309C,1769,1586,40,79
YMR310C,223,195,1,16
YMR311C,227,183,3,19
YMR313C,210,193,1,10
YMR316C-A,19,7,10,2
YMR316C-B,46,16,26,2
YMR318C,373,310,2,26
YMR319C,443,364,7,56
YML131W,82,64,0,10
YML127W,335,320,3,NA
YML121W,149,117,10,16
YML119W,184,165,0,3
YML118W,45,42,1,NA
YML117W,961,902,39,NA
YML116W,98,82,2,11
YML113W,196,159,4,30
YML112W,115,102,1,6
YML111W,511,481,23,NA
YML109W,208,195,0,8
YML108W,114,52,8,37
YML106W,723,456,168,24
YML102W,154,144,0,2
YML100W-A,11,0,NA,9
YML100W,1788,1714,13,27
YML098W,132,95,1,20
YML096W,145,133,1,3
YML094W,149,108,0,24
YML093W,300,291,1,NA
YML090W,2,1,NA,1
YML088W,143,136,1,NA
YML084W,27,8,NA,16
YML082W,181,155,0,12
YML081W,540,512,15,2
YML080W,134,96,19,12
YML079W,167,138,0,8
YML078W,486,329,16,72
YML077W,71,57,NA,9
YML070W,485,448,1,15
YML069W,409,376,9,2
YML068W,112,95,3,4
YML065W,168,158,6,2
YML063W,5673,5019,108,125
YML060W,115,98,3,11
YML058W-A,4,1,1,2
YML058W,1404,616,6,547
YML057W,604,532,25,22
YML055W,131,92,9,5
YML052W,758,658,8,42
YML051W,152,123,4,12
YML050W,74,60,0,6
YML048W,516,422,6,58
YML046W,153,130,13,7
YML042W,112,110,NA,0
YML036W,80,65,1,2
YML034W,338,309,9,14
YML031W,352,331,1,3
YML030W,146,72,4,41
YML029W,249,234,4,1
YML028W,2234,1676,53,266
YML027W,397,319,27,28
YML024W,4239,3329,47,163
YML022W,503,349,4,88
YML020W,166,120,16,18
YML019W,185,150,0,27
YML017W,325,247,20,37
YML014W,81,68,NA,9
YML013W,318,268,4,33
YML012W,556,377,16,103
YML010W,926,913,0,NA
YML007W,516,429,27,39
YML005W,115,113,0,1
YML002W,130,118,NA,10
YML001W,337,251,46,16
YMR002W,947,676,10,185
YMR003W,72,51,3,9
YMR004W,203,175,3,11
YMR005W,255,236,3,6
YMR007W,5,5,NA,0
YMR009W,139,109,4,13
YMR010W,278,185,67,12
YMR011W,1253,1132,10,49
YMR012W,1678,1572,48,29
YMR013W-A,13,0,NA,13
YMR014W,157,137,3,10
YMR017W,7,6,NA,0
YMR018W,8,8,NA,0
YMR019W,260,251,NA,8
YMR020W,107,94,7,4
YMR022W,308,242,2,30
YMR024W,394,347,NA,26
YMR025W,41,38,0,0
YMR027W,423,381,9,11
YMR028W,116,106,0,6
YMR030W,97,78,12,2
YMR033W,327,266,14,22
YMR035W,49,36,1,9
YMR040W,36,19,14,2
YMR042W,98,39,0,55
YMR043W,439,322,0,95
YMR044W,159,132,1,14
YMR048W,62,50,0,8
YMR052W,62,41,0,18
YMR054W,552,476,38,13
YMR058W,518,468,7,15
YMR059W,54,39,0,9
YMR061W,186,170,2,2
YMR063W,88,76,2,4
YMR064W,240,219,NA,12
YMR065W,83,81,NA,2
YMR066W,121,112,0,4
YMR068W,69,64,0,0
YMR069W,64,36,NA,27
YMR070W,355,316,20,NA
YMR072W,462,321,2,74
YMR075W,162,140,3,5
YMR079W,713,534,12,118
YMR083W,1019,851,27,51
YMR085W,32,30,NA,0
YMR086W,354,319,9,20
YMR087W,57,50,1,1
YMR090W,92,79,3,0
YMR093W,393,353,0,17
YMR094W,108,65,0,39
YMR096W,95,77,0,9
YMR100W,237,220,NA,15
YMR107W,5,2,1,1
YMR108W,2531,2129,213,148
YMR109W,833,810,5,7
YMR113W,109,98,3,4
YMR115W,184,154,9,9
YMR119W,238,201,26,NA
YMR122W-A,2763,1367,183,779
YMR123W,242,181,2,25
YMR124W,588,540,31,NA
YMR125W,798,762,20,NA
YMR128W,355,334,3,7
YMR129W,664,645,NA,9
YMR130W,131,111,5,5
YMR134W,113,100,6,0
YMR136W,234,213,4,7
YMR138W,42,32,NA,7
YMR139W,271,197,41,17
YMR140W,330,196,8,116
YMR143W,2431,1696,0,244
YMR144W,109,90,6,7
YMR148W,141,55,33,42
YMR151W,10,6,NA,4
YMR152W,220,201,0,5
YMR153W,266,234,5,18
YMR155W,122,110,0,8
YMR158W,175,134,12,11
YMR160W,123,118,2,1
YMR161W,269,174,10,74
YMR167W,163,157,0,NA
YMR172W,167,167,NA,NA
YMR175W,9,3,1,NA
YMR176W,317,291,12,5
YMR177W,74,65,5,1
YMR178W,153,136,1,5
YMR179W,134,123,NA,8
YMR182W-A,194,0,181,6
YMR184W,215,180,5,6
YMR185W,229,226,0,NA
YMR186W,7386,7059,23,149
YMR189W,1879,1762,63,15
YMR192W,266,239,10,8
YMR193W,159,107,6,21
YMR194W,1572,1199,0,90
YMR195W,128,78,8,19
YMR196W,467,439,NA,11
YMR198W,94,65,13,11
YMR199W,562,453,58,32
YMR200W,597,404,34,127
YMR202W,1069,896,21,49
YMR203W,1206,965,41,115
YMR206W,6,5,1,0
YMR208W,435,398,0,11
YMR210W,71,66,0,1
YMR211W,145,128,0,13
YMR213W,60,55,2,2
YMR214W,237,198,1,24
YMR215W,375,331,11,15
YMR217W,1237,1126,20,34
YMR219W,334,329,NA,3
YMR220W,454,385,0,40
YMR223W,141,101,20,12
YMR228W,132,114,2,4
YMR230W,1727,1253,0,199
YMR231W,228,209,2,10
YMR233W,94,63,2,19
YMR234W,93,69,6,8
YMR236W,251,212,0,13
YMR237W,592,528,13,32
YMR238W,474,382,42,20
YMR241W,483,367,64,12
YMR246W,885,754,49,39
YMR250W,537,469,15,31
YMR251W,5,5,NA,NA
YMR251W-A,3736,1107,157,1868
YMR255W,138,92,NA,30
YMR262W,147,120,NA,22
YMR263W,73,59,1,4
YMR264W,211,163,11,17
YMR266W,209,198,0,7
YMR267W,266,219,16,21
YMR269W,53,45,0,1
YMR276W,759,672,3,50
YMR277W,372,322,25,12
YMR278W,555,504,13,22
YMR281W,89,79,3,4
YMR284W,85,82,0,0
YMR286W,113,53,0,33
YMR288W,137,132,0,3
YMR289W,162,132,NA,26
YMR291W,1076,931,41,45
YMR292W,128,86,6,11
YMR294W,54,49,0,0
YMR297W,2133,1845,58,101
YMR298W,269,162,1,46
YMR304W,426,419,NA,NA
YMR306W,66,62,3,NA
YMR307W,5182,4573,68,314
YMR312W,151,126,0,15
YMR314W,676,470,19,106
YMR315W,743,648,12,39
YMR316W,146,117,7,7
YMR317W,16,15,NA,1
YMR320W,52,9,41,1
YNL331C,102,79,NA,20
YNL330C,346,278,18,41
YNL329C,375,367,NA,1
YNL328C,50,44,0,0
YNL326C,79,59,3,8
YNL325C,108,106,0,0
YNL322C,761,695,3,20
YNL316C,114,96,8,2
YNL315C,264,224,0,22
YNL313C,413,392,0,14
YNL311C,155,150,0,3
YNL310C,143,107,0,20
YNL308C,309,271,8,11
YNL307C,859,597,99,118
YNL305C,352,303,1,19
YNL302C,3024,2312,0,206
YNL301C,1935,1666,5,145
YNL297C,578,558,NA,10
YNL294C,381,304,43,23
YNL291C,217,172,20,7
YNL284C,239,216,NA,13
YNL283C,335,261,48,12
YNL280C,369,296,26,24
YNL276C,185,24,3,153
YNL274C,358,310,12,17
YNL272C,267,252,6,6
YNL271C,558,541,NA,12
YNL270C,77,75,2,0
YNL265C,122,108,0,9
YNL264C,128,108,NA,12
YNL263C,345,257,42,27
YNL260C,117,79,NA,36
YNL259C,57,31,1,12
YNL258C,194,188,0,1
YNL257C,398,385,0,0
YNL255C,1106,695,15,265
YNL254C,95,91,0,NA
YNL252C,220,196,0,16
YNL251C,557,421,85,26
YNL249C,78,75,0,2
YNL248C,480,415,5,42
YNL245C,122,47,0,63
YNL244C,702,343,22,172
YNL241C,807,696,15,66
YNL240C,186,181,2,NA
YNL231C,390,297,55,14
YNL230C,135,74,1,56
YNL229C,277,254,NA,1
YNL227C,131,115,7,4
YNL225C,95,92,NA,2
YNL224C,159,151,2,1
YNL221C,326,303,4,17
YNL219C,381,340,23,11
YNL213C,107,76,13,11
YNL211C,21,15,2,NA
YNL206C,134,123,NA,3
YNL201C,175,150,18,NA
YNL200C,136,103,7,10
YNL199C,239,215,NA,16
YNL197C,566,419,42,94
YNL195C,23,17,NA,5
YNL185C,151,99,NA,42
YNL183C,523,443,52,14
YNL182C,296,268,5,12
YNL180C,418,379,NA,19
YNL179C,102,82,17,NA
YNL177C,256,192,12,28
YNL176C,487,405,33,31
YNL175C,278,243,4,18
YNL173C,161,130,9,11
YNL169C,368,318,23,9
YNL168C,218,171,3,36
YNL167C,256,216,34,NA
YNL166C,256,234,0,12
YNL164C,102,76,15,4
YNL163C,339,328,4,1
YNL159C,222,139,0,71
YNL156C,498,379,47,38
YNL154C,581,467,60,34
YNL153C,201,112,10,49
YNL151C,137,116,3,10
YNL149C,216,155,0,37
YNL148C,42,35,0,5
YNL146C-A,3,0,NA,3
YNL144C,96,92,NA,0
YNL143C,198,67,NA,127
YNL139C,463,438,10,NA
YNL137C,357,300,18,23
YNL135C,1294,792,23,333
YNL134C,618,550,28,4
YNL133C,43,24,0,10
YNL130C,580,530,11,15
YNL130C-A,1,1,0,0
YNL125C,579,509,22,25
YNL122C,110,74,NA,28
YNL121C,869,736,20,66
YNL118C,2619,2357,15,150
YNL115C,241,230,0,6
YNL114C,2,1,1,NA
YNL111C,585,294,14,209
YNL110C,315,242,7,29
YNL108C,165,136,4,18
YNL106C,171,167,NA,1
YNL104C,2889,2571,108,123
YNL099C,207,160,2,32
YNL098C,576,510,0,42
YNL097C-B,56,0,NA,54
YNL097C,144,113,15,5
YNL096C,2667,1953,101,268
YNL095C,54,44,5,4
YNL084C,204,174,5,4
YNL081C,252,159,3,64
YNL080C,178,148,16,6
YNL079C,720,407,44,185
YNL074C,562,495,7,34
YNL069C,4190,3388,0,418
YNL068C,344,304,12,24
YNL064C,2120,1629,298,75
YNL062C,371,334,0,19
YNL059C,302,286,0,8
YNL058C,674,584,5,56
YNL055C,2450,2014,82,130
YNL050C,107,95,0,4
YNL049C,390,378,0,6
YNL047C,178,164,3,2
YNL043C,5,1,0,3
YNL041C,248,232,8,NA
YNL037C,1111,894,83,75
YNL035C,107,89,1,10
YNL031C,2743,1863,0,589
YNL029C,101,91,4,2
YNL025C,182,116,0,56
YNL024C-A,184,65,14,78
YNL024C,16,16,0,0
YNL023C,150,146,1,0
YNL022C,175,158,0,10
YNL020C,151,127,11,10
YNL019C,3,2,NA,1
YNL011C,139,123,0,6
YNL008C,210,202,2,1
YNL007C,1087,864,129,25
YNL005C,288,259,6,11
YNL003C,173,130,5,24
YNL002C,383,339,0,15
YNR001C,1286,1077,45,100
YNR002C,30,28,NA,2
YNR003C,230,194,2,19
YNR007C,79,57,0,16
YNR011C,152,142,0,6
YNR013C,1107,1051,9,20
YNR016C,6295,6244,NA,25
YNR020C,57,51,NA,5
YNR022C,163,103,9,23
YNR025C,19,12,NA,0
YNR026C,214,200,2,NA
YNR029C,135,123,0,5
YNR031C,298,289,NA,3
YNR032C-A,55,24,1,13
YNR035C,924,854,0,26
YNR036C,425,255,0,103
YNR037C,144,85,0,10
YNR039C,172,160,0,4
YNR041C,193,179,1,5
YNR049C,133,103,0,15
YNR050C,562,506,10,17
YNR051C,506,292,156,50
YNR052C,319,298,9,2
YNR053C,594,549,0,26
YNR054C,135,126,2,3
YNR055C,707,522,156,13
YNR056C,10,9,NA,1
YNR061C,220,130,12,58
YNR062C,2,2,NA,0
YNR064C,6,6,NA,0
YNR065C,492,483,NA,2
YNR066C,174,164,NA,NA
YNR067C,1400,1346,20,15
YNR068C,33,25,NA,8
YNR069C,66,47,18,NA
YNR071C,1,1,NA,0
YNR073C,35,32,NA,3
YNR074C,0,0,0,0
YNL327W,2995,2906,17,23
YNL323W,221,200,2,11
YNL321W,516,496,0,12
YNL320W,115,94,5,6
YNL317W,164,142,0,6
YNL314W,82,73,NA,9
YNL312W,199,170,5,12
YNL309W,174,137,7,13
YNL306W,269,212,8,14
YNL300W,692,264,89,232
YNL299W,120,111,2,3
YNL298W,412,401,NA,7
YNL295W,158,130,9,12
YNL293W,127,115,5,3
YNL292W,117,104,0,8
YNL290W,189,172,0,6
YNL289W,652,540,20,36
YNL288W,271,198,39,21
YNL287W,1701,1522,107,39
YNL286W,78,65,4,6
YNL281W,692,465,0,141
YNL279W,20,20,0,NA
YNL278W,153,133,6,7
YNL277W-A,14,6,NA,8
YNL277W,25,18,NA,6
YNL275W,101,94,0,2
YNL273W,227,221,NA,4
YNL268W,1204,1101,16,67
YNL267W,422,388,17,9
YNL262W,482,474,NA,1
YNL261W,196,163,4,12
YNL256W,301,285,5,2
YNL253W,89,77,0,5
YNL250W,111,100,NA,7
YNL247W,905,860,NA,23
YNL246W,120,85,0,24
YNL243W,728,703,6,2
YNL242W,153,146,3,NA
YNL239W,588,502,18,42
YNL238W,346,280,50,11
YNL237W,21,17,0,2
YNL236W,339,322,2,4
YNL234W,25,23,0,2
YNL233W,239,210,18,6
YNL232W,183,148,4,16
YNL228W,5,5,0,NA
YNL226W,0,0,0,0
YNL223W,77,69,NA,1
YNL222W,201,137,3,41
YNL220W,357,305,12,26
YNL218W,107,76,9,17
YNL217W,50,41,0,3
YNL216W,313,280,9,15
YNL215W,75,67,1,NA
YNL214W,69,51,0,12
YNL212W,311,275,9,21
YNL209W,11602,10929,43,263
YNL208W,1004,763,0,126
YNL207W,235,200,13,4
YNL202W,31,28,0,0
YNL193W,123,116,0,2
YNL192W,1043,960,69,NA
YNL191W,119,104,2,5
YNL190W,4273,2540,428,1142
YNL189W,904,741,93,29
YNL188W,80,72,7,0
YNL187W,125,97,12,11
YNL186W,617,520,49,36
YNL181W,119,100,3,11
YNL178W,6380,5499,0,275
YNL172W,418,411,4,NA
YNL165W,106,90,7,6
YNL162W-A,48,15,0,26
YNL162W,3212,2401,29,223
YNL161W,464,415,20,13
YNL160W,2909,2364,114,301
YNL158W,156,118,23,NA
YNL157W,286,214,0,16
YNL155W,188,134,17,16
YNL152W,137,124,0,1
YNL147W,106,65,15,8
YNL146W,28,9,8,10
YNL145W,0,0,0,0
YNL142W,319,248,48,NA
YNL141W,371,340,2,8
YNL138W-A,87,46,2,29
YNL138W,1118,1034,9,37
YNL136W,73,72,0,NA
YNL132W,851,795,23,14
YNL131W,832,484,45,217
YNL129W,93,77,NA,9
YNL128W,11,6,4,NA
YNL127W,272,243,NA,19
YNL126W,173,162,1,2
YNL124W,207,193,2,4
YNL123W,497,474,0,3
YNL119W,715,492,0,184
YNL117W,10,9,0,0
YNL116W,279,227,8,35
YNL113W,396,206,17,113
YNL112W,849,787,7,40
YNL109W,2,2,0,NA
YNL107W,82,68,NA,8
YNL103W-A,0,0,0,0
YNL103W,318,270,25,5
YNL102W,530,517,NA,8
YNL101W,541,442,46,28
YNL100W,273,223,4,26
YNL097W-A,2,0,2,NA
YNL094W,356,286,55,4
YNL093W,15,10,2,3
YNL092W,30,27,1,1
YNL091W,500,468,26,NA
YNL090W,165,92,25,42
YNL088W,398,383,4,NA
YNL087W,349,304,NA,40
YNL086W,55,36,6,11
YNL085W,1003,843,83,57
YNL083W,155,132,0,14
YNL082W,146,138,0,4
YNL078W,194,175,0,15
YNL077W,116,96,12,3
YNL076W,261,220,32,7
YNL075W,182,156,7,5
YNL073W,232,207,0,8
YNL072W,71,60,0,7
YNL071W,1564,1409,17,71
YNL070W,282,94,25,97
YNL067W-A,1,0,NA,1
YNL067W,1526,1195,26,197
YNL066W,832,611,111,78
YNL065W,497,451,7,21
YNL063W,139,127,NA,2
YNL061W,682,649,9,NA
YNL057W,3,1,NA,0
YNL056W,223,160,2,21
YNL054W,269,250,NA,14
YNL053W,247,209,11,17
YNL052W,636,398,0,174
YNL051W,135,124,NA,4
YNL048W,241,229,2,5
YNL046W,281,220,NA,43
YNL045W,505,477,NA,22
YNL044W,521,332,31,98
YNL042W,69,54,4,7
YNL040W,284,253,1,12
YNL039W,169,166,0,1
YNL038W,92,80,0,5
YNL036W,158,117,6,6
YNL033W,3,2,0,1
YNL032W,215,169,15,21
YNL030W,2606,1907,48,393
YNL027W,277,256,8,5
YNL026W,184,154,0,16
YNL021W,213,195,5,8
YNL016W,1086,1007,24,2
YNL015W,675,373,35,111
YNL014W,203,200,NA,3
YNL012W,45,36,NA,7
YNL010W,569,453,9,54
YNL009W,75,25,NA,48
YNL006W,331,235,0,78
YNL004W,361,312,0,27
YNL001W,184,167,5,8
YNR001W-A,3,1,0,2
YNR004W,19,7,0,10
YNR006W,311,283,1,9
YNR008W,278,234,6,31
YNR009W,152,118,8,11
YNR010W,94,63,0,20
YNR012W,232,195,8,12
YNR014W,60,49,0,8
YNR015W,226,212,0,8
YNR017W,467,306,65,62
YNR018W,345,232,11,40
YNR019W,552,521,7,NA
YNR021W,774,638,7,63
YNR023W,202,181,4,5
YNR024W,47,35,0,7
YNR027W,172,122,0,32
YNR028W,167,145,12,5
YNR030W,341,300,6,18
YNR032W,125,103,6,9
YNR033W,354,337,NA,4
YNR034W,189,142,9,26
YNR034W-A,271,158,13,43
YNR038W,263,242,NA,9
YNR040W,110,95,NA,2
YNR043W,821,713,0,62
YNR044W,236,225,4,1
YNR045W,75,66,0,5
YNR046W,331,230,0,65
YNR047W,349,308,5,21
YNR048W,93,76,1,13
YNR058W,75,64,6,3
YNR059W,152,133,9,2
YNR060W,13,11,0,1
YNR063W,89,54,NA,35
YNR070W,0,0,0,0
YNR072W,2,2,0,0
YNR075W,105,103,0,NA
YOL159C-A,198,44,18,109
YOL159C,81,71,0,5
YOL158C,238,214,9,3
YOL157C,84,78,NA,5
YOL155C,2123,2067,30,NA
YOL150C,8,0,NA,8
YOL148C,245,240,NA,NA
YOL147C,214,168,0,27
YOL145C,491,455,5,10
YOL143C,711,502,75,68
YOL139C,1231,997,52,78
YOL138C,364,355,NA,4
YOL136C,422,276,44,84
YOL135C,87,63,0,10
YOL128C,82,67,NA,9
YOL126C,665,493,34,97
YOL124C,147,134,1,6
YOL122C,320,284,4,15
YOL121C,2529,2026,0,136
YOL120C,3991,3108,0,413
YOL119C,295,255,0,17
YOL114C,22,21,0,1
YOL111C,208,164,10,9
YOL108C,111,73,NA,31
YOL105C,232,176,32,21
YOL102C,101,77,NA,5
YOL101C,31,27,0,1
YOL097C,653,574,1,40
YOL096C,100,84,0,8
YOL095C,60,51,0,3
YOL094C,108,92,2,3
YOL089C,206,195,NA,8
YOL088C,215,166,0,38
YOL087C,290,286,NA,2
YOL086C,18427,15902,394,608
YOL085C,12,1,NA,11
YOL080C,99,76,6,11
YOL077C,504,430,2,27
YOL075C,162,162,NA,NA
YOL073C,160,143,2,4
YOL070C,370,351,0,17
YOL068C,281,273,NA,NA
YOL067C,95,69,NA,19
YOL066C,150,143,2,2
YOL065C,80,69,0,5
YOL064C,149,129,1,6
YOL063C,257,239,7,2
YOL062C,358,333,0,12
YOL060C,390,339,6,32
YOL055C,120,115,NA,1
YOL052C-A,437,156,18,194
YOL052C,289,234,9,23
YOL048C,128,110,5,4
YOL043C,104,88,3,2
YOL041C,363,308,9,22
YOL040C,4015,2849,218,495
YOL038C-A,8,0,1,1
YOL037C,2,2,0,0
YOL031C,209,186,9,4
YOL029C,52,46,NA,0
YOL028C,71,39,27,NA
YOL027C,439,392,1,31
YOL026C,185,125,0,38
YOL022C,193,165,2,7
YOL021C,666,623,7,15
YOL018C,135,100,10,16
YOL016C,265,227,3,16
YOL013C,183,165,13,1
YOL012C,241,110,40,61
YOL009C,77,72,NA,2
YOL007C,349,240,9,80
YOL006C,240,220,0,10
YOL005C,269,200,10,10
YOL003C,163,141,1,17
YOL002C,149,135,0,5
YOR005C,149,138,NA,9
YOR006C,102,85,3,5
YOR007C,660,584,NA,37
YOR008C,406,303,41,48
YOR008C-A,0,0,0,0
YOR010C,75,71,1,2
YOR016C,162,99,21,27
YOR020C,1257,768,99,147
YOR021C,286,223,7,33
YOR022C,73,71,NA,0
YOR023C,328,287,16,5
YOR028C,289,199,27,54
YOR032C,61,50,3,5
YOR033C,223,189,20,2
YOR034C,189,160,21,5
YOR035C,292,283,1,NA
YOR038C,195,185,6,2
YOR041C,66,2,40,24
YOR046C,604,539,12,16
YOR047C,220,165,22,19
YOR048C,590,557,5,9
YOR049C,3,1,2,0
YOR050C,0,0,0,0
YOR051C,362,312,0,30
YOR052C,487,267,61,104
YOR054C,248,227,11,3
YOR056C,187,166,3,9
YOR058C,228,203,NA,22
YOR059C,234,201,3,11
YOR060C,118,102,5,4
YOR062C,150,132,NA,13
YOR064C,68,59,NA,4
YOR067C,230,201,5,8
YOR068C,0,0,0,0
YOR070C,217,196,11,2
YOR071C,99,84,0,14
YOR074C,158,137,3,7
YOR076C,148,143,0,2
YOR079C,128,102,2,10
YOR081C,361,340,4,9
YOR086C,866,810,38,6
YOR089C,213,145,15,32
YOR090C,279,238,18,12
YOR093C,297,282,0,6
YOR095C,130,91,13,17
YOR097C,53,40,3,7
YOR098C,491,475,NA,4
YOR100C,20,14,NA,6
YOR103C,219,168,0,11
YOR108C-A,3,1,2,NA
YOR115C,167,122,9,15
YOR116C,621,585,22,7
YOR119C,311,189,2,110
YOR121C,188,0,176,NA
YOR122C,1052,593,26,281
YOR123C,272,249,6,12
YOR124C,651,617,14,7
YOR125C,177,124,10,29
YOR126C,117,92,1,12
YOR128C,237,223,7,1
YOR129C,109,101,1,7
YOR130C,110,98,NA,7
YOR131C,111,87,10,4
YOR137C,104,98,NA,5
YOR138C,263,244,1,9
YOR141C,313,289,0,15
YOR143C,70,62,2,0
YOR144C,120,114,NA,3
YOR145C,299,258,0,16
YOR148C,60,49,0,8
YOR149C,148,115,7,22
YOR151C,1468,1397,NA,49
YOR152C,78,51,12,7
YOR155C,187,181,NA,0
YOR156C,94,79,7,5
YOR157C,560,481,26,21
YOR159C,74,27,2,25
YOR161C,462,391,28,15
YOR161C-C,1,0,NA,1
YOR162C,219,187,14,13
YOR164C,306,221,6,53
YOR166C,134,119,1,9
YOR167C,2166,1102,0,470
YOR171C,350,337,6,NA
YOR175C,321,267,10,22
YOR177C,29,24,NA,4
YOR178C,495,457,NA,25
YOR179C,107,62,0,31
YOR180C,72,27,34,9
YOR182C,1660,1111,NA,234
YOR185C,214,168,14,11
YOR186C-A,1,1,NA,0
YOR192C,184,130,NA,52
YOR194C,175,162,5,NA
YOR196C,206,178,0,15
YOR198C,1008,824,12,89
YOR201C,252,213,3,7
YOR205C,232,211,0,10
YOR207C,899,862,6,13
YOR209C,623,493,49,41
YOR211C,410,397,NA,5
YOR213C,131,80,7,35
YOR215C,149,99,2,23
YOR216C,147,132,3,6
YOR218C,33,0,31,NA
YOR219C,350,337,NA,12
YOR221C,204,147,9,37
YOR224C,516,362,15,57
YOR226C,201,126,0,32
YOR228C,66,46,13,3
YOR234C,1878,1446,0,70
YOR242C,14,13,NA,1
YOR243C,526,459,0,46
YOR245C,192,162,18,9
YOR246C,345,278,18,24
YOR249C,120,112,0,1
YOR250C,167,146,3,6
YOR251C,252,220,1,18
YOR254C,776,723,0,21
YOR256C,183,175,NA,2
YOR259C,662,610,2,23
YOR261C,522,441,31,10
YOR267C,783,705,36,20
YOR270C,1807,1617,113,50
YOR271C,434,387,12,7
YOR273C,511,438,30,22
YOR275C,230,202,0,16
YOR279C,75,67,3,3
YOR280C,112,103,0,4
YOR281C,218,182,2,18
YOR287C,93,76,2,4
YOR288C,136,116,1,15
YOR290C,611,595,NA,7
YOR292C,84,77,0,5
YOR293C-A,0,0,0,0
YOR297C,146,105,0,20
YOR298C-A,1767,1109,16,475
YOR304C-A,184,61,NA,105
YOR306C,105,94,2,5
YOR307C,290,235,31,18
YOR308C,99,84,0,14
YOR309C,215,158,NA,26
YOR311C,191,139,5,36
YOR312C,3979,3337,59,146
YOR313C,11,6,3,2
YOR316C,262,212,23,21
YOR318C,15,12,NA,3
YOR320C,346,305,20,5
YOR322C,332,316,NA,11
YOR323C,691,603,0,34
YOR324C,191,165,11,8
YOR327C,208,108,24,24
YOR329C,418,406,NA,4
YOR333C,0,0,0,0
YOR335C,1769,1603,65,45
YOR339C,3,2,0,1
YOR340C,441,370,21,23
YOR342C,318,245,31,20
YOR343C,25,6,6,10
YOR344C,208,163,15,17
YOR347C,173,136,7,23
YOR348C,1776,1634,NA,106
YOR350C,210,194,1,9
YOR353C,253,245,NA,NA
YOR354C,522,485,5,15
YOR357C,187,148,0,13
YOR360C,270,210,40,5
YOR361C,1626,1585,NA,33
YOR362C,586,451,12,63
YOR363C,241,231,3,NA
YOR365C,5,2,NA,2
YOR369C,4010,2337,379,308
YOR370C,939,751,112,47
YOR371C,301,272,15,6
YOR372C,458,400,6,40
YOR375C,7628,6785,187,254
YOR379C,28,20,4,NA
YOR383C,186,138,4,28
YOL164W,150,145,NA,4
YOL154W,37,32,1,2
YOL152W,56,51,0,5
YOL151W,63,58,0,2
YOL149W,101,92,0,NA
YOL146W,119,102,0,8
YOL144W,189,180,0,3
YOL142W,195,158,0,13
YOL141W,85,82,0,NA
YOL140W,373,328,5,18
YOL137W,233,193,5,21
YOL133W,180,75,3,85
YOL132W,4,3,NA,0
YOL130W,540,432,29,57
YOL129W,309,217,0,33
YOL127W,4030,3210,0,186
YOL125W,73,62,8,0
YOL123W,962,630,298,NA
YOL117W,115,113,0,NA
YOL116W,109,80,12,13
YOL115W,169,152,9,NA
YOL113W,239,217,6,6
YOL112W,248,204,21,10
YOL110W,52,40,0,4
YOL109W,3081,1706,210,662
YOL107W,180,157,2,13
YOL103W,363,318,18,19
YOL100W,219,215,NA,1
YOL097W-A,16,4,7,2
YOL093W,141,104,4,14
YOL092W,284,260,8,1
YOL091W,36,33,NA,1
YOL090W,324,308,3,5
YOL086W-A,114,74,6,11
YOL085W-A,22,4,8,9
YOL083W,54,52,1,0
YOL082W,300,265,15,7
YOL081W,1456,1430,NA,17
YOL078W,142,135,0,2
YOL077W-A,313,169,13,59
YOL076W,229,202,2,11
YOL072W,161,153,NA,4
YOL071W,128,87,NA,12
YOL069W,132,119,1,3
YOL061W,623,574,9,23
YOL059W,878,725,NA,113
YOL058W,1792,1534,72,123
YOL057W,400,360,2,25
YOL056W,95,72,2,10
YOL054W,109,84,5,4
YOL053W,96,85,NA,10
YOL051W,778,767,NA,NA
YOL049W,481,420,12,30
YOL045W,316,282,18,8
YOL044W,65,58,1,4
YOL042W,121,92,3,17
YOL039W,3410,1767,36,986
YOL038W,527,443,1,26
YOL036W,502,373,92,18
YOL034W,109,101,0,3
YOL033W,118,107,5,3
YOL032W,128,114,3,2
YOL030W,1140,967,37,73
YOL025W,64,56,3,3
YOL024W,1,1,NA,0
YOL023W,175,156,0,10
YOL020W,589,524,13,24
YOL019W,534,445,33,45
YOL017W,120,109,3,4
YOL015W,59,32,17,8
YOL014W,22,10,5,5
YOL013W-B,5,2,2,NA
YOL013W-A,1130,1126,NA,2
YOL011W,681,553,112,NA
YOL010W,292,227,16,21
YOL008W,87,72,0,7
YOL004W,992,971,NA,9
YOL001W,145,80,62,NA
YOR001W,463,437,2,14
YOR002W,451,404,7,24
YOR003W,107,81,0,25
YOR004W,189,157,5,18
YOR009W,181,173,NA,5
YOR011W,95,93,NA,2
YOR013W,14,11,NA,2
YOR014W,654,582,56,NA
YOR015W,70,59,1,0
YOR017W,181,165,6,5
YOR018W,220,202,6,NA
YOR019W,48,43,NA,4
YOR020W-A,153,87,3,42
YOR025W,381,320,0,37
YOR026W,197,167,NA,25
YOR027W,1684,1538,0,61
YOR029W,2,1,1,NA
YOR030W,245,216,12,9
YOR031W,68,30,0,20
YOR032W-A,53,5,44,3
YOR036W,92,77,0,5
YOR037W,144,132,1,4
YOR039W,372,278,35,52
YOR040W,48,44,NA,3
YOR042W,439,400,6,9
YOR043W,773,560,139,45
YOR044W,106,62,21,11
YOR045W,511,237,26,117
YOR053W,6,1,5,NA
YOR057W,211,192,1,9
YOR061W,385,280,26,51
YOR063W,10202,8969,24,496
YOR065W,1406,934,167,232
YOR066W,439,408,NA,25
YOR069W,237,215,9,6
YOR073W,128,120,3,2
YOR075W,81,75,0,NA
YOR077W,51,48,2,NA
YOR078W,160,142,0,0
YOR080W,142,140,0,NA
YOR084W,84,71,6,1
YOR085W,344,289,16,12
YOR087W,275,256,4,7
YOR091W,291,245,8,13
YOR092W,301,258,9,22
YOR094W,110,75,8,18
YOR096W,3763,3166,0,185
YOR099W,403,358,11,19
YOR101W,197,146,13,36
YOR102W,36,0,36,NA
YOR104W,146,118,22,NA
YOR106W,83,63,3,14
YOR107W,67,39,12,12
YOR108W,1104,1005,6,39
YOR109W,625,589,18,NA
YOR110W,111,95,8,1
YOR111W,121,73,3,39
YOR112W,232,215,7,3
YOR113W,244,219,NA,15
YOR114W,87,61,9,13
YOR117W,628,532,21,49
YOR118W,118,90,9,10
YOR120W,979,761,84,58
YOR127W,711,664,NA,24
YOR132W,263,237,15,1
YOR133W,16169,15536,69,278
YOR136W,1753,1446,113,129
YOR140W,287,212,31,42
YOR142W,815,563,123,94
YOR146W,0,0,0,0
YOR147W,153,136,0,12
YOR150W,214,160,3,26
YOR153W,2240,2141,67,NA
YOR154W,119,106,0,6
YOR158W,273,252,2,9
YOR160W,383,362,4,5
YOR163W,144,109,2,11
YOR165W,453,395,7,30
YOR168W,1218,1148,5,19
YOR172W,217,200,4,8
YOR173W,239,208,4,14
YOR174W,160,127,5,15
YOR176W,287,221,15,30
YOR181W,252,236,9,0
YOR184W,691,600,17,40
YOR186W,32,7,24,0
YOR187W,1005,868,0,70
YOR188W,348,340,4,NA
YOR189W,125,68,0,32
YOR190W,13,6,6,NA
YOR191W,422,390,13,9
YOR193W,74,52,4,9
YOR195W,142,124,6,3
YOR197W,371,334,0,14
YOR202W,454,415,0,NA
YOR204W,2969,2291,NA,645
YOR206W,643,606,2,11
YOR208W,474,452,NA,15
YOR210W,477,113,25,232
YOR212W,311,264,NA,33
YOR217W,365,325,7,24
YOR220W,293,251,2,25
YOR222W,352,294,3,16
YOR223W,150,128,0,12
YOR227W,624,604,NA,16
YOR229W,157,127,0,29
YOR230W,1409,1233,25,76
YOR231W,267,218,14,22
YOR232W,661,473,65,66
YOR233W,185,175,NA,6
YOR235W,33,29,2,NA
YOR236W,27,22,0,2
YOR237W,1,1,NA,0
YOR238W,130,116,0,5
YOR239W,386,367,9,NA
YOR241W,320,300,NA,15
YOR244W,147,130,5,4
YOR247W,2276,1590,519,NA
YOR252W,116,94,3,11
YOR253W,149,115,1,22
YOR255W,2,1,0,0
YOR257W,48,38,0,1
YOR258W,39,29,0,1
YOR260W,617,559,10,23
YOR262W,122,100,3,7
YOR264W,373,350,2,12
YOR265W,104,58,7,8
YOR266W,93,77,6,4
YOR269W,104,93,2,8
YOR272W,421,393,5,9
YOR274W,81,77,NA,NA
YOR276W,532,416,0,68
YOR278W,89,71,0,9
YOR283W,148,100,14,20
YOR284W,87,50,0,30
YOR285W,457,368,NA,35
YOR286W,308,250,NA,30
YOR289W,52,42,NA,4
YOR291W,475,466,NA,4
YOR293W,2516,1599,67,389
YOR294W,296,189,13,52
YOR295W,64,39,5,16
YOR296W,189,186,1,NA
YOR298W,18,11,5,NA
YOR299W,302,292,3,NA
YOR301W,180,141,0,30
YOR303W,2343,2178,NA,76
YOR304W,248,241,NA,5
YOR305W,189,169,6,NA
YOR314W,1,1,NA,0
YOR314W-A,2,0,2,NA
YOR315W,206,156,2,38
YOR317W,1829,1587,22,159
YOR319W,94,78,0,10
YOR321W,161,152,4,1
YOR325W,5,0,4,0
YOR326W,1028,1000,NA,15
YOR328W,270,263,NA,4
YOR332W,932,681,29,93
YOR334W,119,111,NA,4
YOR336W,239,231,0,5
YOR337W,301,275,NA,22
YOR338W,13,10,1,1
YOR341W,2723,2524,74,82
YOR346W,218,200,9,5
YOR349W,179,171,0,4
YOR352W,101,86,2,7
YOR355W,876,605,176,64
YOR356W,265,241,1,11
YOR358W,87,52,2,24
YOR359W,203,174,4,15
YOR364W,11,8,2,NA
YOR366W,5,3,NA,1
YOR367W,163,132,2,21
YOR368W,114,100,1,10
YOR373W,206,195,NA,8
YOR374W,1056,896,17,57
YOR376W-A,244,16,77,135
YOR377W,256,220,0,26
YOR378W,8,5,NA,3
YOR380W,196,168,7,7
YOR381W,111,98,8,3
YOR381W-A,13,0,0,13
YOR382W,59,49,0,2
YOR384W,9,0,0,9
YOR385W,111,83,0,22
YOR386W,130,121,0,NA
YOR389W,152,138,0,12
YOR390W,235,180,NA,38
YPL279C,243,185,NA,45
YPL272C,121,46,74,NA
YPL264C,67,45,NA,19
YPL263C,288,260,1,5
YPL261C,1,0,1,0
YPL259C,214,190,1,16
YPL258C,230,124,100,NA
YPL256C,1019,800,93,62
YPL253C,82,70,1,5
YPL252C,127,102,6,11
YPL250C,349,190,27,86
YPL249C-A,3094,1701,57,778
YPL249C,154,149,0,2
YPL248C,25,24,0,1
YPL247C,297,260,NA,21
YPL246C,377,324,7,30
YPL244C,167,134,0,16
YPL242C,584,563,NA,16
YPL241C,75,65,0,4
YPL240C,4070,3895,65,36
YPL236C,113,93,2,8
YPL234C,582,370,25,82
YPL227C,97,83,9,0
YPL224C,173,149,NA,17
YPL223C,13,11,NA,1
YPL222C-A,3,2,0,NA
YPL217C,494,474,6,NA
YPL214C,276,238,20,5
YPL212C,312,301,3,NA
YPL210C,609,581,1,17
YPL209C,35,30,0,2
YPL206C,271,232,3,18
YPL205C,5,0,NA,2
YPL202C,182,140,7,30
YPL199C,181,162,0,9
YPL197C,4,1,3,NA
YPL192C,12,2,9,0
YPL191C,75,50,1,19
YPL190C,871,737,18,91
YPL189C-A,305,92,44,121
YPL186C,73,62,NA,8
YPL184C,626,400,201,16
YPL183C,391,384,1,4
YPL177C,302,264,17,11
YPL176C,425,393,0,21
YPL174C,109,105,NA,0
YPL172C,165,140,10,7
YPL171C,32,28,NA,4
YPL169C,392,355,3,20
YPL167C,175,174,0,NA
YPL165C,0,0,0,0
YPL164C,122,119,3,NA
YPL163C,881,714,5,128
YPL162C,152,92,5,47
YPL161C,108,103,0,NA
YPL159C,153,100,15,31
YPL158C,505,480,15,4
YPL156C,15,12,1,NA
YPL155C,261,216,1,35
YPL154C,2062,1567,283,96
YPL153C,84,80,NA,4
YPL151C,160,150,0,7
YPL148C,135,90,21,18
YPL146C,206,178,2,14
YPL145C,1187,741,136,276
YPL141C,440,395,37,NA
YPL140C,189,147,17,16
YPL139C,125,111,4,5
YPL138C,108,96,1,8
YPL137C,458,437,NA,15
YPL135C-A,17,0,0,17
YPL134C,143,124,0,10
YPL133C,157,130,9,10
YPL128C,205,177,2,21
YPL127C,381,287,1,60
YPL123C,132,109,5,9
YPL122C,151,134,0,5
YPL119C-A,15,4,NA,7
YPL119C,31,29,2,NA
YPL117C,608,491,46,11
YPL115C,353,328,NA,13
YPL113C,30,26,0,3
YPL112C,363,309,18,4
YPL110C,346,335,NA,3
YPL109C,83,73,5,2
YPL106C,3320,3196,38,NA
YPL105C,797,751,1,21
YPL103C,153,135,0,8
YPL102C,2,0,NA,2
YPL099C,89,63,0,17
YPL098C,217,104,4,75
YPL096C-A,65,34,1,16
YPL095C,110,101,0,7
YPL094C,391,334,0,20
YPL090C,5816,5119,82,263
YPL089C,654,585,34,24
YPL086C,286,259,1,12
YPL083C,181,157,7,9
YPL082C,575,563,NA,8
YPL078C,802,562,43,156
YPL077C,67,41,NA,20
YPL071C,61,42,5,6
YPL069C,94,81,0,9
YPL068C,143,119,0,11
YPL067C,205,161,6,19
YPL064C,137,117,0,7
YPL058C,1185,1148,NA,25
YPL057C,693,452,77,137
YPL056C,47,20,11,8
YPL055C,149,133,0,7
YPL053C,388,334,17,10
YPL050C,510,401,62,20
YPL049C,428,370,1,38
YPL046C,51,26,0,20
YPL042C,132,107,15,6
YPL041C,37,21,0,11
YPL040C,237,226,NA,6
YPL037C,1402,1114,42,39
YPL033C,1,1,NA,0
YPL032C,564,486,31,28
YPL031C,317,285,8,8
YPL026C,387,336,3,25
YPL025C,12,10,1,1
YPL023C,381,341,23,7
YPL020C,137,123,6,0
YPL019C,296,267,13,4
YPL017C,76,73,NA,NA
YPL015C,282,209,5,62
YPL013C,79,61,1,0
YPL011C,158,123,1,15
YPL009C,594,563,0,19
YPL007C,156,146,2,5
YPL004C,1552,1193,11,221
YPL002C,125,89,0,24
YPR002C-A,540,365,6,NA
YPR003C,138,122,0,12
YPR004C,321,284,0,14
YPR005C,132,104,NA,26
YPR006C,74,62,NA,8
YPR007C,24,23,NA,1
YPR010C,2129,2022,9,53
YPR010C-A,232,131,15,29
YPR011C,90,64,7,12
YPR013C,57,37,13,6
YPR015C,7,5,NA,1
YPR016C,844,569,71,109
YPR017C,106,62,0,38
YPR021C,171,164,NA,2
YPR022C,372,365,NA,5
YPR023C,253,225,4,12
YPR025C,121,111,0,4
YPR027C,4,4,NA,0
YPR029C,470,414,11,25
YPR033C,1039,977,NA,32
YPR037C,118,101,7,3
YPR042C,379,373,NA,NA
YPR044C,1,1,NA,NA
YPR045C,193,164,5,10
YPR049C,153,140,1,2
YPR050C,0,0,0,0
YPR052C,351,182,NA,130
YPR053C,354,210,138,NA
YPR060C,202,136,17,30
YPR061C,22,17,0,2
YPR063C,435,287,20,85
YPR068C,34,32,NA,0
YPR069C,548,486,2,20
YPR073C,153,88,12,36
YPR074C,3045,2820,68,57
YPR075C,173,125,13,14
YPR081C,121,121,NA,NA
YPR082C,110,81,0,17
YPR085C,191,170,5,7
YPR088C,584,553,0,16
YPR091C,320,301,1,7
YPR093C,73,66,1,3
YPR095C,169,163,NA,2
YPR098C,93,80,2,1
YPR102C,4258,3645,79,176
YPR104C,191,156,15,20
YPR105C,315,305,2,3
YPR107C,112,77,8,13
YPR110C,695,578,0,74
YPR112C,390,378,4,NA
YPR120C,134,120,3,4
YPR123C,66,5,55,3
YPR126C,4,0,4,NA
YPR128C,110,95,1,10
YPR133C,264,232,9,11
YPR138C,515,368,74,47
YPR139C,165,143,8,8
YPR141C,85,68,7,2
YPR144C,479,447,1,17
YPR145C-A,6,2,4,NA
YPR146C,30,27,NA,NA
YPR148C,512,462,5,31
YPR151C,44,19,23,NA
YPR152C,61,40,0,18
YPR155C,143,137,4,2
YPR156C,670,532,72,39
YPR161C,341,309,9,17
YPR162C,160,150,0,3
YPR163C,1261,1075,40,75
YPR166C,173,95,5,18
YPR167C,43,34,NA,2
YPR170C,3,1,2,0
YPR173C,456,423,5,7
YPR174C,107,89,0,14
YPR176C,175,137,NA,25
YPR179C,127,118,2,2
YPR181C,1488,1323,13,96
YPR186C,60,58,NA,2
YPR188C,132,102,0,13
YPR190C,286,272,1,6
YPR193C,119,25,NA,87
YPR194C,368,338,NA,20
YPR195C,51,10,NA,41
YPR197C,2,2,NA,0
YPR199C,130,108,0,14
YPR200C,5,1,NA,1
YPL274W,998,946,8,13
YPL273W,594,508,27,17
YPL271W,543,288,14,148
YPL270W,334,307,1,13
YPL269W,118,104,0,11
YPL268W,109,106,0,0
YPL267W,146,123,0,7
YPL266W,355,298,7,25
YPL265W,894,735,43,75
YPL262W,633,608,NA,9
YPL260W,532,446,19,30
YPL257W,77,27,5,36
YPL255W,92,70,2,13
YPL254W,161,121,29,4
YPL251W,0,0,0,0
YPL245W,130,121,1,1
YPL243W,579,513,27,10
YPL239W,218,161,9,29
YPL237W,834,679,24,56
YPL235W,442,393,17,5
YPL233W,83,64,3,7
YPL232W,447,326,57,31
YPL231W,12122,11842,NA,188
YPL230W,179,160,4,7
YPL229W,108,74,2,20
YPL228W,273,231,18,12
YPL226W,1323,1221,5,70
YPL225W,495,330,3,76
YPL222W,129,120,2,2
YPL221W,809,732,22,32
YPL220W,5253,4844,0,167
YPL219W,113,105,2,1
YPL218W,691,562,32,54
YPL216W,69,65,NA,NA
YPL215W,217,171,3,25
YPL213W,135,104,2,13
YPL211W,332,213,2,71
YPL208W,229,211,NA,7
YPL207W,388,359,12,11
YPL204W,580,510,36,26
YPL203W,200,137,26,30
YPL200W,1,1,0,0
YPL198W,4064,3872,13,72
YPL196W,101,85,7,1
YPL195W,416,401,0,6
YPL194W,72,61,0,3
YPL193W,152,124,3,21
YPL189W,17,15,0,1
YPL188W,249,228,0,13
YPL187W,3208,2044,124,736
YPL185W,6,6,0,0
YPL183W-A,180,94,29,28
YPL181W,183,157,14,6
YPL180W,240,203,3,21
YPL179W,515,396,60,46
YPL178W,272,219,10,26
YPL175W,241,214,5,12
YPL173W,198,133,11,24
YPL170W,165,99,12,30
YPL168W,70,57,5,0
YPL166W,160,56,3,96
YPL160W,2129,1982,25,71
YPL157W,119,69,3,38
YPL152W,154,139,2,7
YPL150W,245,240,NA,2
YPL149W,122,113,0,0
YPL147W,33,32,NA,1
YPL144W,122,97,0,13
YPL143W,2753,1826,22,434
YPL135W,568,239,56,200
YPL132W,115,87,7,2
YPL131W,7844,6685,0,516
YPL129W,279,224,13,24
YPL126W,762,736,7,NA
YPL125W,361,343,15,NA
YPL124W,57,51,0,1
YPL120W,102,92,0,3
YPL118W,385,313,22,21
YPL116W,291,275,NA,8
YPL114W,36,9,1,23
YPL111W,902,748,32,55
YPL108W,45,33,NA,12
YPL107W,90,77,1,5
YPL104W,205,188,2,9
YPL101W,226,201,6,10
YPL100W,121,109,3,2
YPL097W,157,143,0,9
YPL096W,93,92,0,1
YPL093W,1195,1052,6,86
YPL092W,169,134,15,6
YPL091W,510,452,NA,37
YPL088W,216,187,3,16
YPL087W,294,226,4,37
YPL085W,981,958,NA,17
YPL084W,353,318,6,8
YPL081W,1899,1457,35,220
YPL079W,3696,2913,17,348
YPL076W,114,54,11,41
YPL075W,457,418,NA,32
YPL074W,162,155,0,4
YPL072W,135,110,18,2
YPL070W,241,213,19,4
YPL066W,505,446,23,12
YPL065W,70,64,NA,1
YPL063W,565,467,47,28
YPL062W,0,0,0,0
YPL061W,2710,2357,60,139
YPL060W,65,57,6,1
YPL059W,256,162,17,33
YPL054W,10,10,0,NA
YPL052W,86,74,2,7
YPL051W,56,46,0,2
YPL048W,1160,1020,1,68
YPL047W,138,40,18,64
YPL045W,187,162,6,13
YPL043W,340,324,5,NA
YPL038W,77,56,1,13
YPL036W,1317,1317,NA,NA
YPL034W,109,53,38,9
YPL030W,178,153,7,10
YPL029W,123,111,1,7
YPL028W,1614,1339,56,81
YPL027W,1,1,0,0
YPL024W,184,147,7,8
YPL022W,441,404,6,24
YPL018W,128,61,0,64
YPL016W,284,280,NA,3
YPL014W,125,91,5,17
YPL012W,921,889,24,NA
YPL010W,431,325,23,43
YPL008W,239,205,27,2
YPL006W,470,450,1,4
YPL005W,65,64,0,0
YPL003W,116,111,0,1
YPL001W,117,107,1,1
YPR001W,11,8,0,3
YPR002W,97,81,1,13
YPR008W,337,289,31,14
YPR009W,59,50,2,0
YPR012W,9,1,8,NA
YPR018W,128,117,6,3
YPR019W,417,383,9,7
YPR020W,382,199,54,81
YPR024W,1088,875,32,160
YPR026W,245,245,NA,NA
YPR028W,1118,800,39,162
YPR030W,149,140,NA,1
YPR031W,110,108,0,NA
YPR032W,194,186,NA,5
YPR034W,348,290,6,38
YPR035W,1940,1592,98,161
YPR036W,2034,1887,45,49
YPR036W-A,2225,640,243,950
YPR040W,111,103,NA,8
YPR041W,988,778,86,68
YPR043W,2499,1689,107,214
YPR046W,30,25,0,0
YPR047W,112,100,2,5
YPR048W,169,156,2,2
YPR051W,149,114,1,17
YPR054W,3,1,2,0
YPR055W,280,264,4,NA
YPR056W,140,123,1,13
YPR057W,88,80,NA,1
YPR058W,184,150,0,11
YPR062W,286,220,2,51
YPR065W,297,233,17,30
YPR066W,59,57,NA,NA
YPR067W,100,63,3,12
YPR070W,166,139,2,22
YPR071W,80,50,0,26
YPR072W,476,408,32,23
YPR079W,105,97,3,2
YPR080W,36040,33078,235,1154
YPR083W,83,76,0,3
YPR084W,145,123,8,7
YPR086W,126,111,0,9
YPR087W,10,0,4,NA
YPR089W,411,384,3,15
YPR094W,57,36,4,2
YPR097W,404,350,31,11
YPR100W,134,86,1,16
YPR101W,69,51,0,9
YPR103W,499,422,14,26
YPR106W,173,157,0,NA
YPR108W,659,541,34,54
YPR108W-A,151,148,NA,1
YPR109W,130,112,13,NA
YPR111W,143,134,1,0
YPR113W,642,525,3,46
YPR114W,368,315,11,20
YPR115W,491,453,NA,29
YPR116W,34,23,NA,10
YPR117W,325,316,6,NA
YPR118W,383,355,1,11
YPR119W,416,268,111,11
YPR121W,55,53,NA,1
YPR122W,198,191,NA,5
YPR124W,126,100,8,14
YPR125W,259,205,12,29
YPR127W,125,111,1,6
YPR129W,385,353,0,5
YPR132W,3712,2714,81,386
YPR133W-A,323,82,14,155
YPR134W,59,46,0,9
YPR135W,255,249,NA,3
YPR137W,262,218,14,14
YPR140W,174,148,7,8
YPR143W,117,91,2,15
YPR145W,3940,3691,32,73
YPR149W,2251,1414,282,318
YPR150W,7,3,4,NA
YPR153W,51,34,0,14
YPR154W,294,212,0,51
YPR157W,24,22,0,1
YPR158W,157,111,12,25
YPR159W,965,777,80,85
YPR160W,3027,2696,142,107
YPR164W,501,416,0,80
YPR165W,1159,734,154,153
YPR169W,313,290,8,3
YPR170W-B,536,269,NA,190
YPR171W,181,167,1,2
YPR172W,85,68,1,5
YPR175W,159,152,0,1
YPR178W,118,111,0,3
YPR180W,149,134,0,5
YPR182W,117,66,11,15
YPR183W,762,635,20,40
YPR184W,749,725,NA,18
YPR185W,234,194,33,3
YPR187W,395,329,0,35
YPR189W,374,366,NA,4
YPR191W,941,760,11,114
YPR192W,4,4,0,0
YPR196W,100,84,1,14
YPR198W,267,237,6,13
YPR201W,38,14,NA,24