gene_id	WT_small_hl	WT_large_hl	WT_hl_fc
YMR056C	8.139036664937036	22.37300270633164	1.4588289425891507
YJR155W	2.959769190041901	5.949994851540911	1.007403744681426
YNL331C	4.353551783851909	15.169852762691237	1.8009422941092674
YCR107W	5.229858749888777	8.358280730338532	0.6764342332889705
YDL243C	7.270487091963824	14.066090620580674	0.9520974900129027
YNL141W	5.714634585906353	10.66935610806976	0.9007399572042789
YHR047C	11.131109924546339	17.31296045011115	0.6372549847769259
YKL106W	3.104471484505748	4.13902083065151	0.41494182913374994
YLR027C	9.613963748915605	14.812545354269112	0.6236163027081038
YBR236C	6.296415653460783	11.175350122783506	0.8277173440290503
YKL112W	4.656557929472373	7.862999289544016	0.7558157976905208
YMR072W	12.604072524557829	20.473134035146337	0.6998420067303293
YCR088W	11.471654496517939	19.154672863197028	0.739622907931175
YOR239W	8.12370429695468	12.458187320856666	0.6168845384449738
YNR033W	8.326599449235307	12.825334609630644	0.6231971359100612
YMR289W	7.642276645009199	16.006850952927472	1.0666151243420356
YER045C	6.20008939239264	6.56304138515222	0.08207551414875677
YGR037C	15.60806408523832	26.98265458764515	0.7897406827876894
YNR016C	12.333329743599663	23.51461215688321	0.9309951868929321
YLR131C	5.869864337492807	10.006934169130513	0.7696009767513661
YLR144C	4.665624328291082	7.835967732931652	0.7480413093232188
YJR083C	5.262256884160207	7.563222650606133	0.5233194131245228
YBL015W	11.938889360686693	16.85587978234909	0.49758329665095674
YDL203C	4.775700423213819	7.470387093725382	0.6454706611535032
YPL267W	15.599133609959754	4.917166304140644	-1.6655668480418626
YDR511W	13.952937741033399	15.907577138846527	0.1891452092010567
YLR304C	10.3614231145037	20.246361868915606	0.9664405219305343
YJL200C	6.439818383008655	14.036769368009242	1.1241190235739356
YKL192C	15.69277775207048	19.73256588022128	0.3304778219723358
YAL054C	11.788735622696139	16.317901393770555	0.4690465344458312
YLR153C	9.651776160637892	19.921382092274175	1.0454513784432231
YFL039C	18.8922916575603	35.2711436189139	0.9006906409752734
YDR448W	3.935045660633233	5.99753777286676	0.6079899624675085
YMR184W	7.142232401865845	11.243813907780545	0.654684497705651
YKL206C	6.7470236961667105	10.817519991506636	0.6810466531241514
YAR015W	10.754766492707958	22.142895565237342	1.0418676903648316
YNL220W	10.789226525903894	18.533161877089917	0.7805175929852155
YLR359W	11.604299600930968	23.84084693640978	1.0387760390964556
YLR028C	10.149896244970739	17.532108960152293	0.7885345703354203
YMR120C	9.84715232692264	27.397799518441126	1.4762815456837928
YOR128C	5.60273814438967	15.712733265410929	1.4877301906147684
YGR204W	7.331920677714649	16.334876976090097	1.1556925064505017
YMR300C	4.527825410122316	12.911117851167369	1.5117236803127139
YGL234W	9.092858817245403	23.24567839697837	1.3541566720476659
YGR061C	10.745811674056561	21.853323625786373	1.024078253453755
YDR408C	10.42696042056117	16.252510560485707	0.6403439347097658
YCL058W-A	3.0067291375579517	7.4968876799148925	1.318096879536622
YOL086C	21.414066590937985	33.71431343310927	0.6548024250042551
YMR303C	19.400854557600567	28.60844681289997	0.56032097332527
YMR083W	13.862833997494892	26.930117200088464	0.9579982887919335
YGL256W	4.146374758027617	6.3817859172487665	0.6221096967884131
YBR145W	12.821334098479682	13.734420928209534	0.09924969813131372
YMR318C	14.018098202495217	24.225826050415762	0.789255223301026
YMR009W	9.910517635582433	18.817479245085526	0.9250410624348007
YDR226W	14.232753232071516	24.90795085727291	0.8073915692473658
YER170W	9.325087605656751	11.492987593546811	0.30156469011940656
YJR105W	14.183422021481775	25.64183633531875	0.8542939316821461
YCR011C	6.454640890652523	9.833493019050636	0.6073671444812453
YDR216W	5.90285024579228	13.721899626612684	1.2169965720916733
YCR010C	12.426149364471918	16.482003280784845	0.40751230247850967
YDL239C	5.404690441377925	8.733874430133735	0.6924098005135585
YLR227C	4.844940045851703	9.746924409723078	1.0084682429151917
YMR064W	5.20994936194162	7.502653579659022	0.5261315958489574
YMR282C	5.970709663083481	10.131193693905205	0.7628298459152886
YPL005W	3.9898971003255475	5.9174963369125795	0.5686353681538443
YEL052W	11.651657273691873	14.694952499957086	0.33478552439092757
YLR397C	5.03475634885355	12.644541133803086	1.3285208155329384
YER017C	9.927424830942751	14.579363961984512	0.5544363451332732
YOR129C	4.424536811512803	6.298963244328175	0.5095879601802329
YDR085C	7.011461571282201	6.684288789788063	-0.06894114664976986
YGL071W	3.7223505944303654	7.453821524443411	1.0017663314428131
YPL202C	3.843725180491661	6.0561798992007985	0.6559028716344654
YNR044W	8.625262931745816	19.165016885621675	1.151834927698721
YPR021C	7.828645606495874	13.90572745197406	0.8288445775297644
YDR524C	4.942159230430927	10.886372170000675	1.1393098646868771
YIL044C	5.446902851506961	11.737887495211622	1.1076647441491636
YCL025C	2.963740231584206	2.368415103274842	-0.32349704372448557
YBR132C	7.31579808724174	14.178619745118507	0.9546299334745796
YFL055W	8.237942450942093	13.71688977540574	0.735597443024351
YFL030W	12.362074999312156	19.55812929172281	0.6618474622335806
YDR214W	11.472687945332769	17.310860537631847	0.5934740029437032
YOR023C	4.8023940740089905	7.796028432038042	0.6989855592579255
YCR082W	6.716356628952282	15.227080039965347	1.180888573240135
YLR109W	17.010953387742305	23.67733296615357	0.477042583925607
Q0070	21.645051755622042	33.942527224291716	0.6490567359680124
YAL046C	13.653006488278203	15.317976910058878	0.1660070911497033
YER087W	11.20083610629137	16.049886461935007	0.5189566628194762
YER093C-A	10.785159350472302	12.084845105365778	0.16415148938000976
YFR011C	12.387714489867538	16.672946585619208	0.42859905475906024
YGL160W	7.490188690728745	14.537398115469848	0.9566951124650321
YHL021C	10.681811332529248	11.036304940770531	0.04710091705100516
YHR198C	8.528172531512505	12.359285321005267	0.5352867910866639
YIL087C	12.613786799318879	12.856374777443719	0.02748243706825618
YAL049C	12.038523843336641	19.914862168555917	0.7261869942636496
YIR003W	7.101902013913909	11.692768527253085	0.7193392004643683
YJL046W	7.2932228926254705	8.70817526608554	0.2558139585419624
YJL131C	7.586500528064131	8.72289876915074	0.20137308880385332
YJR080C	12.54008609394305	18.27432461032441	0.5432708344776297
YJR100C	10.007161139717667	14.738906202541482	0.5585966994013492
YKL207W	10.115835534070841	14.570967396220333	0.5264811774591217
YKR074W	11.991984975971114	16.050564329163382	0.42055354168226355
YBR108W	6.474521938779652	7.725448783936702	0.25484507193761297
YML030W	14.222642742300842	17.42817976066465	0.2932323385463059
YML050W	12.038982346134805	15.364216709859761	0.3518607717146781
YML087C	5.813530061118723	12.664148184099965	1.1232636812581767
YMR003W	6.075652862954591	14.191185307738207	1.223883746585214
YMR157C	13.79433007265429	13.875026785737312	0.008415163276911336
YNL100W	10.0179119800553	14.929366464858933	0.5755711044095888
YNR018W	7.716266277702342	16.610098206913886	1.1060857684606755
YOL053W	5.516292425267798	10.407701579702191	0.9158806583453742
YBR194W	6.599029481450671	12.598930370840527	0.9329754882271155
YOR215C	13.839539015410875	26.034381094118366	0.9116222217777699
YPL099C	10.388097049748463	9.857650359864298	-0.07561568121933697
YPL158C	3.5700983887738467	6.821867800381625	0.934202963312544
YPR004C	12.347408271244475	19.933276441405507	0.6909706150947446
YHR199C	7.061724369919638	17.19811284155673	1.284157849207999
YBR262C	13.546097159712929	16.199670166755997	0.2580871907563568
YDL237W	10.141345465681155	18.20258125642213	0.8438939801295702
YDR063W	10.671420675051797	14.566428069487948	0.44889489451679127
YER080W	12.301688898685022	16.91662120486659	0.4595850477343463
YMR092C	7.356931114118256	15.291408424430225	1.0555453051145283
YIL079C	2.557795788289466	5.440980694447149	1.0889656239009233
YDL175C	5.133326857744157	11.919975486837389	1.2154152386638615
YBR059C	6.25050553181862	10.017729995733916	0.6805108501050751
YDR264C	5.389096698499578	10.332290542112432	0.939044738590183
YOR034C	6.988140299927682	7.75584351256761	0.15037512155934998
YOR335C	10.168896933388845	16.995855153444122	0.7410197615260873
YJL122W	4.417000758641203	10.367337400052957	1.2309064351027554
YMR170C	11.812663191052607	25.925092445088396	1.1340148732924589
YMR169C	14.090524666693732	14.427527821060224	0.03409878099381975
YOR374W	8.427341925204253	14.537402334906687	0.7866199330185341
YER073W	3.1226879203072526	5.352688459383302	0.777475292008335
YPL061W	3.8833454169868373	10.867460554009119	1.4846429156833718
YOR175C	8.943060802189756	14.305669003498219	0.6777463769513911
YNL148C	6.714051166055372	9.864734640769246	0.5550967118010228
YNL048W	6.364007511126525	13.985667206201214	1.1359416377555172
YNR030W	7.00754294147996	15.069372946833681	1.104638800979141
YGL047W	8.251893085619427	13.685114719154623	0.7298104941304924
YBR070C	6.743905955498104	9.716777665093055	0.5268935402561795
YGL065C	4.901709336891862	9.589297611423065	0.9681402084798847
YBL082C	15.887962308669362	4.123715006508336	-1.9459175700802167
YPL227C	4.084770070705503	9.105010992659647	1.1564058867926124
YOR002W	6.96745126448805	12.49697963615502	0.8428765444497927
YBR243C	6.256187369802401	9.850959641598065	0.6549805517554657
YOR067C	6.353140073684325	11.638439124980508	0.8733558528765659
YNL219C	6.911234857584882	13.38991141435951	0.9541310052709625
YGL021W	5.063654425824459	6.531615203514528	0.3672608500784993
YBL009W	4.568514141887571	6.895462710895252	0.5939223439781987
YML086C	11.0521433695274	16.965108894199147	0.6182445081557569
YNL270C	5.456420745469867	9.757641107265812	0.8385775258313529
YOL130W	4.586049617838107	11.896445646681201	1.3752067285146068
YFL050C	4.296662519142929	4.89518461379422	0.18814680446525092
YLR089C	9.340219021221285	17.0344046990162	0.8669232449069962
YKR021W	4.29812896794048	8.113821727501	0.9166728324317696
YJL084C	4.454648851699334	9.671061400004522	1.1183625219656281
YML035C	6.7563378344342375	13.473173056835034	0.9957762852843246
YDR242W	4.2480826765291715	5.115412503361756	0.2680387383387984
YBR211C	3.562373681576458	12.440498509686847	1.804133534036504
YBR158W	3.2968147783443023	5.445439104487445	0.7239755526067877
YGL156W	12.530331890585341	23.12139216943877	0.8838036392270728
YEL036C	4.4223076105597645	6.00356655956184	0.4410204414088988
YPR128C	8.399995716717426	13.90792189113414	0.7274463724679583
YPR180W	6.827198572145161	14.907651192777386	1.126687349553267
YCL050C	11.54335173802275	20.34176548849505	0.817382710978466
YDR530C	9.681726536364366	15.523797415045868	0.681145260766276
YNL172W	5.759588523883877	10.295915718065032	0.8380344973337341
YDL008W	5.913727294614606	11.634474319394386	0.9762664051839134
YLR127C	5.0403054946985115	8.183780116412265	0.6992562043273136
YDR118W	4.9008046622786345	9.148840040447494	0.9005701946087971
YOR249C	4.764398115546683	8.964167007461938	0.9118755567413969
YLR102C	5.158579623245416	6.994689388685328	0.43928610852200617
YBR151W	11.50496903179921	16.48535572243145	0.5189279177121108
YKL157W	14.075281474886413	24.30880782605821	0.7883153678383231
YBR286W	15.102655165360016	22.06485781513865	0.5469482417232782
YHR113W	10.47850861473312	16.562669886834577	0.660501857095618
YNL077W	9.422351892542562	14.413389544508538	0.6132505309298338
YJR005W	5.344782276420981	9.151713239977529	0.7759106674654801
YKL135C	5.542131525034446	11.628932590861176	1.0692058250628507
YBL037W	4.8597733208348926	6.947033231379474	0.5155079761672285
YPR029C	5.822540252462565	10.805788464799296	0.8920837317695787
YPL195W	6.320727300755291	13.472134892308405	1.0918160106451102
YGR261C	5.088362720112137	10.076645509288262	0.9857420282679678
YPL259C	4.1304052136016365	6.444768490556427	0.641845210667233
YHL019C	3.922991373031234	8.354996845930447	1.0906851208413035
YBR288C	5.577175262905831	10.416507511808998	0.90126513260046
YOL062C	6.221946351517673	9.209088558588359	0.5656924217010705
YKL114C	6.780455586089465	13.529798524789157	0.9966862380251656
YBL019W	4.855659949347127	9.256153914572593	0.9307454636969369
YNL094W	5.228807736208825	9.550447889850325	0.8690863700643213
YIL040W	7.478257506177672	15.129266880984801	1.0165680256645708
YLR170C	6.431887283054164	11.914881548482496	0.8894505800384739
YJR058C	7.237109229319486	14.761331984012841	1.0283374569848558
YJL024C	6.339207636665034	13.789315153573487	1.1211763787447242
YML022W	12.066459034241307	17.592925996303798	0.5439930751885633
YDR441C	5.9647068779852574	13.438815497729244	1.1718828372410275
YLL052C	8.114411764872928	14.586070459831475	0.8460328494305288
YBR149W	13.591918914010936	18.10484473796288	0.4136266538191398
YMR041C	5.881581678983677	14.357869225009509	1.2875655794588639
YER036C	6.617223952513855	11.841846904479834	0.8395960954427223
YGL105W	13.84148795785109	26.423914748299367	0.9328451793554773
YIL062C	6.493188018916243	11.67699007496639	0.8466695549074114
YLR370C	8.987233501850028	16.5700987722749	0.8826332112001465
YKL013C	12.754669178782684	18.460222542617046	0.5333944652754073
YNR035C	8.641568403234723	15.487339965048472	0.8417242911785066
YBR234C	11.877773492620218	19.136580774282784	0.6880686535077757
YHR013C	7.482880131687354	14.602812397174905	0.9645806787352644
YCR048W	4.545619889418832	10.151952686662586	1.1592082963066577
YNR019W	6.241435183467357	13.010618180697588	1.0597397991669937
YDL192W	14.107805938329001	25.922478651864914	0.8777100363835755
YDL137W	15.138701385136958	24.29167872966085	0.6822207393943833
YOR094W	5.126245327321026	6.597530623700046	0.36402361860537824
YOL058W	12.62181111955269	17.266935641259607	0.4520931315558403
YJL071W	8.07403490008551	15.33296103435435	0.9252746028501431
YJL088W	6.566902009953413	15.640372034141127	1.2519899972319772
YHR018C	9.12037799251769	14.311863094846803	0.6500459689695365
YER069W	13.297328171340093	22.945515575958815	0.7870758293478909
YMR062C	11.688921503632915	16.74874241539	0.5189109508970838
YOL140W	8.708403431735011	15.448877154778607	0.827021835408507
YMR042W	4.819623206711264	9.915740094688955	1.0408000944623106
YML099C	5.363973712438393	10.240095112710616	0.932855043466605
YDR173C	8.305755041318426	14.359515993153444	0.7898238933883714
YDR376W	8.20923402506278	11.201248110204318	0.44833997440541107
YGL157W	5.6090517269195175	13.72613522465702	1.291096679956042
YNL020C	5.050775007944258	7.271315998047179	0.5257117168829257
YBR164C	9.191449197476713	14.747139455377118	0.6820708865349963
YPL051W	3.6090685281887174	7.11483496256242	0.9792037549687063
YHL040C	7.444707540414626	13.41176182290927	0.8492116880345454
YHL047C	6.983253068247214	8.63441395839661	0.30619900542955164
YDR127W	11.375937618255717	21.36841562480072	0.9094944835462855
YDR380W	3.143727847118586	5.50061244374043	0.8071159299755349
YGL148W	13.457356252317439	21.225631227400193	0.6574124436339016
YDR035W	10.936189494467454	16.073646557824603	0.5555871177920886
YBR249C	16.016798893337253	31.74931334520224	0.9871395499983856
YPR060C	3.5903947567705967	9.49224987283611	1.4026076041386493
YGL202W	14.270933977278267	28.68346371683485	1.0071394927728894
YDR421W	4.399909823121934	7.615843620976956	0.791529899762281
YHR137W	2.497641523053116	3.409470796988967	0.4489814005727942
YHR129C	4.31916195217681	9.844777431871245	1.1886071772805313
YDL029W	10.786278079251549	15.3228061255099	0.5064833945298678
YJR065C	10.181371469108047	17.359213563649902	0.769769678897705
YJL081C	7.038490717085759	11.489999515337416	0.7070407310540853
YNL059C	5.217722808587716	8.766793363474692	0.748628940468744
YLR085C	4.197011381201244	7.2846082561866305	0.7954890152343148
YPR034W	4.047661097579114	8.169928183998795	1.013234895554364
YOR141C	3.790513750508141	6.878715469956626	0.8597457829268857
YMR033W	4.072347023118036	6.380970229750384	0.6479152979545811
YPR199C	5.061951018636702	8.205262347468933	0.6968559144230404
YPR200C	4.702837970228192	5.464576185131146	0.21657798247919818
YLR392C	5.366761349968421	7.935452427921163	0.5642607429642006
YGR068C	3.737516289284918	5.0416358133923564	0.4318120406782231
YLR242C	6.068327343174422	13.282130028920676	1.130115711437585
YDR101C	4.917128997430059	11.29335924517424	1.1995865752578858
YPR085C	4.659028905258412	7.169799339050463	0.6219034616779524
YMR116C	19.481531975086213	41.24356759369651	1.0820620005779402
YOR058C	4.777525939912282	6.430699259400598	0.42871191497519956
YJL115W	3.5795897256257403	5.7032170281218235	0.6719816909438358
YDL197C	11.168129131441376	14.859689358199539	0.4120164287410862
YIL130W	3.344125566971557	6.300800807174415	0.9139061816689773
YKL185W	3.3702418213379106	3.9544936271980644	0.23064085819668897
YMR119W	6.016895939990276	9.296938792310135	0.6277363513914258
YNL159C	7.6192708533049895	8.869593519755806	0.219215047751656
YNL008C	6.785453734634253	13.34024726170347	0.9752682119876082
YKL052C	4.016869130064074	6.1214408670350995	0.6077998159640332
YGR097W	5.3306696955267325	6.539146590487922	0.29478557398605393
YDL088C	4.999264714182701	9.491667767793235	0.9249456828207216
YPR145W	3.04975802978358	9.872833706134415	1.6947694445890638
YGR124W	13.64719638000826	21.182553287257335	0.634271897679432
YDR321W	11.574495276034172	23.670264276574535	1.0321265298512812
YLR155C	10.941913852763907	15.2531590676262	0.47924296651748444
YLR157C	10.941913756949482	15.253159005963727	0.479242973318405
YLR158C	10.941913807006904	15.253159022596947	0.47924296829154267
YLR160C	10.941913764680336	15.253158916666287	0.47924296385303716
YPR093C	5.040991246997326	7.28450536729059	0.5311235643883951
YBL069W	5.55924093144245	12.538410914261949	1.1733947029066574
YER101C	9.924726395533485	16.838848830163485	0.7626942777202788
YGL017W	4.115416785500743	6.151309683755274	0.579855063512511
YOR377W	5.311427042826455	9.851723930270188	0.891276672624601
YGR177C	5.782243611772668	10.115639277374378	0.806886199269099
YGL180W	5.471847757972082	10.989510612509235	1.0060271451751241
YLL042C	11.28896918041104	24.91935041874782	1.1423527050280882
YPR049C	4.986974656153544	11.98433156076171	1.2649126669865096
YBR217W	5.39257375109556	10.18405206293257	0.917265792184932
YPR185W	6.518053907763232	10.508135652721435	0.6889935408020801
YBR128C	7.346488235110924	7.55201361338211	0.03980658701362954
YCR068W	6.196729300907682	8.274072743866558	0.41709069476948035
YLR423C	9.177659321718986	12.904643291585668	0.4916921037446173
YFR021W	4.034362399034545	7.5619664959358435	0.9064207730321132
YOL082W	5.876032195862182	13.618430505204586	1.212646239612659
YNL242W	4.921232171034465	6.875003349056211	0.4823408356096545
YDL113C	5.491001081199078	8.227498484131301	0.5833846601871191
YPL100W	5.5785487135146195	9.687493197216519	0.7962335454205243
YCL038C	7.270514621390255	10.272981743857745	0.4987255965283586
YLR431C	5.871266921792487	11.717041330051714	0.9968645691954686
YLR189C	5.163896257250077	10.113281631345693	0.9697192871282467
YJL178C	9.586352168446897	17.136929614015664	0.8380548025843955
YPL166W	7.032618975352118	8.911393266623612	0.34158895519190574
YNR007C	6.663413741202598	11.179217641932407	0.7464858466490837
YIL146C	5.901452294586703	12.03658561119183	1.0282842667410874
YLR356W	13.099554166581338	17.08970483995448	0.38360976856264806
YOL083W	10.645122494557647	16.532539295903465	0.635115779564002
YNL223W	6.134596467877591	9.477339699648194	0.6275137028491435
YPL149W	4.354813548887075	6.142632216933512	0.4962460549408055
YHR171W	5.174211745755144	5.4820962542861125	0.08338856407612626
YBL078C	6.825150477186335	13.437832235791277	0.9773676649620131
YDL149W	5.472994530822367	8.602640721802077	0.6524491718708564
YPR026W	7.333665000036852	6.649066513721149	-0.14138255590704507
YMR301C	7.480085385377183	14.610166445244863	0.9658459703095064
YNR002C	4.902227546337894	8.19039142994277	0.7404949506422301
YDR384C	7.826498467511177	16.83640171070527	1.1051449342820232
YBL099W	14.06794345958585	23.754167491435027	0.7557692039712326
YLR393W	4.70898695669102	6.998513716599466	0.571631841020106
YNL315C	14.89923296149436	18.575539662806857	0.3181660648911879
YJL180C	11.106145866942283	14.599492742680887	0.3945599943696656
YPL271W	15.895347664245671	27.855571113117108	0.8093613238179971
YDL004W	14.53831872764584	24.74276004402202	0.7671460017109842
YDR377W	12.960819725416371	24.263422146073868	0.9046260780797819
YML081C-A	14.519525246346365	26.985488360014564	0.894189514756097
YOL077W-A	16.69430279476916	29.72030771526002	0.8320932098965637
YJR121W	14.665032690809117	26.450529478471076	0.8509163149420561
YPR020W	11.30488389027461	15.031397297467771	0.4110329517878311
YDR350C	4.406671086294558	7.621838309270361	0.7904497849935439
YNR020C	5.000404874059964	10.193649982006573	1.027553904349965
YMR098C	8.704445751500293	14.800452790160161	0.7658169694089508
YBR039W	14.009767691439077	23.28472955046299	0.7329510921707586
YPL078C	13.463439496455464	24.99279270451875	0.892465096311931
YDR298C	13.896924447331205	26.48195082079041	0.9302437707988862
YKL016C	11.505154832364035	21.506248223883816	0.9024754688360627
YML116W	3.9741329269398404	10.946875471583692	1.4618071113551971
YAL020C	6.106563516758859	9.376224238287522	0.6186463448168448
YNL259C	17.00881584631149	26.512350895261807	0.6403818980263744
YOR079C	3.684837854224843	5.115169180647346	0.4731808198094889
YKL004W	7.584267332032148	13.730613367887194	0.8563143516613598
YOR011W	7.325285836654691	9.380717414095237	0.35681320533103283
YLR114C	5.35793422851199	11.100279483503815	1.0508472247412515
YOL078W	4.1908329189495905	6.733519384849313	0.6841237453642031
YMR068W	5.4139231786786794	7.077391632077147	0.38654333752277736
YJR001W	7.537665836404475	11.840916908925754	0.6515910580498834
YEL064C	5.2336406925761985	6.84059317629934	0.38630655081387505
YKL146W	5.654593448864543	10.24306398764478	0.8571521235448682
YNL101W	5.781733385195935	10.573355368719142	0.8708592889376263
YBL089W	4.690311397455978	5.873715769782368	0.3245897462586317
YER119C	8.43469215656401	13.423536818774856	0.6703575212106275
YIL088C	10.252410152444074	16.305068478169378	0.6693573995585699
YPR122W	5.486866673649386	11.719682635776792	1.094879077653579
YIL140W	4.757429389990567	6.6092061755038465	0.47429475751638034
YIL124W	11.892605219125965	21.440818972838514	0.8502952238112869
YLL063C	6.953700412258556	7.300905474359983	0.07029448883237302
YOR113W	5.470620094759995	11.155622811114227	1.0279947836748644
YBR068C	4.7757589005882455	5.043161095120794	0.07859830502206432
YDR046C	3.5618188816177203	5.267287776876398	0.5644461256021
YKR099W	2.868888492993748	5.622992459127357	0.9708462171091157
YHR208W	11.157628015857378	22.049966917879992	0.9827461319800488
YJR148W	13.815023826715919	22.237226028616714	0.6867387806679153
YJL020C	8.217855579036662	14.210034603258716	0.7900761858791334
YPL255W	3.9077256794437494	6.545878731313605	0.7442576809912974
YHR040W	4.082849015720047	8.448333959847531	1.049090647579468
YMR237W	9.550771359475492	16.61640999292726	0.7989195578229893
YKR027W	4.9888273697303624	8.693560558992797	0.801246424200325
YJL095W	4.927055731323667	7.944619947676344	0.6892524155410998
YER167W	4.740776079282663	8.628442027054602	0.8639768343477886
YDR361C	8.055715541916072	14.967411701976541	0.8937401134341914
YDR375C	14.20454412257924	18.169136301565082	0.35513730968435026
YIL033C	12.044469067640524	17.9408513038769	0.5748775490802871
YLR399C	4.857302752975499	9.59421489761389	0.9820093428028963
YDL070W	5.016695505681627	5.9112330473096	0.23672172455381799
YAL060W	12.04245741575753	18.485274368853243	0.6182466346653054
YNL039W	4.802089842643385	10.291564886771607	1.0997280678903736
YOL164W	5.216921287597572	7.94672126869192	0.6071610764897296
YBR200W	5.90511752477182	12.670500335081087	1.1014358172026646
YER155C	6.895770746144841	15.69137960797128	1.1861884845293271
YPL115C	4.447394161564397	7.562040679344471	0.7658153373439066
YPL161C	4.975736857598689	9.280637288622733	0.8993136862454235
YLR412W	6.637949383471712	9.79393050751741	0.5611503310539928
YIL004C	8.583185425335067	15.073888362060838	0.8124665423186268
YPR176C	7.614864439262354	13.096217697357188	0.7822599499036473
YKR068C	6.37709146453286	14.063032362865126	1.1409372327184846
YJL031C	5.709571892211915	12.06884975840092	1.079833703769303
YML077W	4.48058957153429	11.380528894126451	1.3448071217227837
YOR198C	13.252270048087603	22.28641498580412	0.7499250546022139
YDR299W	2.7564215300616164	7.544416248138926	1.4526127447311128
YGR282C	16.271018485518482	31.974078452623857	0.9745982193469123
YHR101C	7.695949681373071	13.891452597638015	0.8520261951090031
YCL029C	3.992653038705831	7.469233759472676	0.9036125426500758
YER016W	7.205935331602136	9.829810591559637	0.4479779132527036
YGR286C	7.594233966522978	13.83099974634414	0.8649290906609012
YNR058W	4.082572261265437	8.081668208767775	0.9851747015658595
YNR057C	10.65821596244677	20.041591863199287	0.9110311322782212
YNR056C	3.620879662159447	6.080416583238559	0.7478299389140236
YJR089W	4.1430697104775405	8.301285256198083	1.0026346256749434
YBR270C	3.463153065076797	6.278493980777409	0.8583323886287861
YJL058C	3.1081589970173114	5.458691964088367	0.8124949812908863
YKL061W	6.684949938531377	13.747081191305035	1.0401366735718616
YFL007W	9.357303317523224	14.915873337254126	0.6726837268393886
YLR408C	7.131909607561237	9.518805050241118	0.4164920573503079
YER177W	12.253953105285024	16.75379343138946	0.45124055541450764
YDR099W	14.363266419364848	23.574235221064008	0.7148270920732793
YPL217C	6.437424209870827	14.154794818636127	1.1367353897306123
YJR025C	18.640221872519966	35.56448622343379	0.9320182896968426
YJR078W	6.960816493319653	15.059404599622653	1.1133362845461323
YJL060W	5.4756279071709635	8.88587509060734	0.6984894489230573
YBL098W	10.468613085279948	17.470143882111323	0.7388211680140779
YLR231C	12.068527624748919	21.34967894636005	0.8229646986972976
YFR047C	16.76108098204395	31.08661698367255	0.8911784266269279
YDR428C	9.111415067482344	14.651646935928932	0.6853158042983765
YNL271C	5.411955263197147	12.199672938964085	1.1726206523569573
YNL233W	4.269501405057784	11.113880171605164	1.3802230845361396
YNL166C	4.425539584788566	10.908941738082962	1.3015858826133961
YIL159W	4.962500696420436	5.447038391087809	0.1344047307059976
YGR230W	7.186888173505331	9.31304131319834	0.37388514021613767
YBL085W	4.350954157165451	6.7740724692904415	0.6386916045904315
YER114C	4.883480816788897	8.955290280736385	0.874830367572054
YNL042W	5.639763457697984	7.9779314448539775	0.5003800717129878
YNL275W	3.3881434985862118	4.144825841772479	0.2908165048497097
YLR078C	6.280934787477781	14.073231702848487	1.163902463930923
YCR032W	6.017412872091083	8.201135820359966	0.44668038269026383
YDL141W	5.762541132157672	9.537683718861942	0.7269337986910797
YLL015W	7.126322417018217	11.734801627575944	0.7195637917713882
YDL074C	3.6572070592406813	5.685095800613963	0.6364423507257725
YLR015W	5.7175945291264485	9.483695626178172	0.7300410481398569
YDL231C	5.070159766836875	8.706045017316947	0.779986271046971
YNR051C	4.562654261212952	9.5266362157538	1.0620935626298023
YGR246C	5.290332147985653	8.494310860787552	0.6831386037403826
YHR036W	4.532890945146578	6.829358667786791	0.591318651633189
YPL084W	5.797262880023865	11.709771191638598	1.0142690739273414
YPR057W	4.793841032613521	8.01677109620471	0.7418392124594875
YER172C	6.3564140161793645	13.066573166232889	1.0395958293753789
YGL247W	4.953188456878726	9.826883953100694	0.9883765059143778
YOL077C	6.5425025264368255	13.926105576678182	1.0898773844326073
YDR275W	5.64297643713923	13.434906135364894	1.2514580112410623
YNR069C	7.563791303926788	17.17684580752138	1.183283675129695
YOL137W	4.638312701330847	10.197735234693496	1.1365767960507382
YBR290W	4.946316969343418	8.388685103707306	0.7620899977987456
YPR171W	4.141860879473341	5.439258060255536	0.3931307788347773
YFL025C	5.033900412575375	9.441032487741495	0.9072679684180555
YGR142W	17.10857768433515	13.8936177128396	-0.30029752006887195
YPL069C	3.882758182057711	8.239361285987592	1.0854506451614192
YDR252W	6.936686320391525	11.20325213874951	0.6915990342091822
YMR055C	4.066538625230335	6.718580752466566	0.7243551900451739
YOR026W	5.278588364274032	8.505247153503525	0.6882009937741702
YGL174W	5.697948851748462	11.817428509532586	1.0524015607002168
YAR014C	5.73870926392947	12.710575819346417	1.1472311981881218
YEL029C	4.675845893511726	8.203804443074144	0.8110657198841379
YNR027W	3.174063225710401	6.767752551786388	1.0923459541986797
YKL092C	4.137405594432068	6.9582936323826425	0.7500071669043612
YLR074C	5.331357977584436	12.155589216796187	1.1890448655173917
YOR078W	3.74616750624833	10.547315766985104	1.4933885729598295
YMR014W	3.8833505874128056	9.738372652501049	1.326378749329318
YCR047C	4.512516137979514	11.542836969665814	1.3549938529618875
YFL023W	3.8477015949942466	10.536850871964237	1.4533749342918583
YCL014W	4.817409838175217	14.555380873425507	1.5952230205798998
YCR063W	4.894398611014456	9.196258546735569	0.9099154244593873
YGR262C	7.018147982068073	9.171819632482563	0.38611761582625076
YCR038C	4.611957495599484	8.189288509191355	0.828358898024678
YLR319C	4.727523268032675	8.880999890609548	0.9096375564336727
YOR299W	4.750161961518927	8.689440008179584	0.8712865009995772
YLR353W	4.264902724675672	6.203969953770629	0.54067886287618006
YDL099W	7.682870488373099	16.341802590775536	1.0888497902789889
YMR275C	4.815260171175826	6.553385997090724	0.44462675976590543
YML111W	4.063040014028451	7.165401147614842	0.8184879018171416
YLR226W	3.4317508000580483	5.321235453924434	0.6328164473466814
YER159C	6.42600550575062	10.170410808111576	0.6623838323902618
YNL305C	8.348260264365859	11.148805020855907	0.4173416002788686
YKL005C	6.049964049449606	11.007478030316879	0.8634854901866935
YHR114W	7.353025269462365	15.620094379075892	1.0869933224736192
YDR531W	5.237591058900646	12.492773304286274	1.254118453918143
YIL083C	9.876307783120673	17.93187829124319	0.8604829104227273
YKL088W	5.460563214600875	8.54547436796668	0.6461108180063646
YGR277C	6.50590022225102	12.876674056840148	0.9849394030730599
YDR196C	7.959261580005534	14.563574676080712	0.8716580169766763
YML102W	6.331518481764719	9.402442487752566	0.5704840354456499
YDR423C	4.447642741231528	8.072116936580539	0.8599061665408557
YGR134W	4.140812313239247	7.296026552794736	0.8171971674953717
YFL028C	6.217881482102446	12.301828877077966	0.9843777896717137
YOR276W	12.558533762516483	17.888589751412493	0.5103716207566481
YKR036C	5.327419182740512	13.512460236538917	1.342781664991943
YNL288W	4.854569851078418	7.190600718172378	0.5667688331175323
YER048C	11.578899272358452	19.331909973893485	0.7394860688715158
YFL029C	5.678876760998072	10.538926181060994	0.8920503683459223
YPL048W	19.701238768273086	44.135627847616135	1.163657374948057
YEL063C	2.982196948064674	3.815791645167222	0.355606859401663
YKL007W	7.361072070000024	13.76768229787426	0.9032979098579258
YIL034C	9.490814012329599	15.51600014442681	0.709152959039504
YPL111W	4.110270582424616	6.892556704783282	0.7458058604673282
YLR438W	6.970076573838704	11.844488426179815	0.7649694778017885
YML042W	15.311510073892858	20.475955932875515	0.41931423315209354
YOR125C	10.59170580350231	16.707186221930346	0.657533823808104
YMR280C	4.729239864194481	9.93760997188106	1.0712906042943018
YGR036C	3.850700804499861	5.075432802283891	0.39840982030561917
YPL178W	6.682808536521081	13.129469669092488	0.9742821970197663
YJR060W	6.0058867898519726	11.6229556576572	0.9525277996435179
YGR140W	3.659254638128648	5.814330935400974	0.6680633753529621
YLR175W	7.821470933333185	15.941333759435276	1.0272604835052328
YNL161W	5.566210824955986	9.583351969482706	0.7838348027427152
YJL209W	3.499086275675945	6.136584684563992	0.8104577101901647
YHL038C	6.252021500793916	13.171654994649574	1.0750419841004288
YPL215W	9.45466944925843	14.648685158377928	0.6316722513648433
YGR174C	15.40845689705014	17.244899156885268	0.16244730413047204
YBR120C	8.948415717021355	14.90333868921983	0.7359313772016938
YIL043C	16.61541165091971	29.70471418004641	0.8381698703361802
YDL069C	4.577781426652451	10.359894612814752	1.1782888412073955
YDR197W	6.5847795719747655	9.927002230511032	0.5922229700131533
YKL208W	5.129382643855427	6.831271409222959	0.4133689140973844
YER168C	4.541072214997086	9.642789871161996	1.0864176306581967
YLR220W	8.045035445033514	15.146519813792793	0.9128156642194127
YDR270W	4.073415451369552	7.998519666610969	0.9734940529599465
YKL011C	5.664597086923392	12.797313115911223	1.1757956898686577
YGR217W	4.5094790073409055	7.360076187619287	0.706759935840858
YPR025C	5.124930841194077	7.317739006257048	0.5138654253973364
YGR150C	7.956149429339378	13.039238673431987	0.7127173592081214
YKR066C	11.955778929576827	21.089232464352875	0.8187984637076725
YAL021C	5.943215853261332	10.283420655167607	0.7910045547305513
YMR038C	11.399856478114522	17.437317524679454	0.6131624584649673
YIL142W	6.836528699287949	12.765724633226885	0.9009395566794717
YJL014W	6.506227625798369	11.908410192938202	0.8720876198504086
YDL143W	8.861825344124778	15.645903853209681	0.8201092060564577
YJR064W	7.280070017247356	13.436174814157795	0.8840982403366777
YDR188W	5.871273921418636	11.611443961897393	0.9838019206823452
YJL111W	6.679941801249502	13.311769097166607	0.9947948757193771
YJL008C	7.137139329837641	13.257537182692252	0.8933949528504335
YLR110C	14.090671858496389	24.325956953684297	0.7877561574485604
YLR390W-A	15.30756177700431	29.87004842815911	0.9644550712707617
YLR307W	6.539347891529754	11.417764260680237	0.80406149941779
YDR182W	6.562770692768687	13.571531617705277	1.0482066151146507
YCR002C	8.561115048950297	15.29406485097466	0.8371012777328601
YJR076C	6.074456735928672	12.75142986693767	1.0698317377568491
YHR107C	6.347198740465908	14.317784071926578	1.1736163061100338
YLR215C	4.045155985237058	9.122206919238494	1.1731875597698624
YFR028C	4.798556863799961	9.540054827972785	0.9913969681330315
YAR019C	5.29612247693713	7.255751226240106	0.45418850588922105
YKL022C	4.588093819957992	9.421698582650436	1.0380922855881638
YAL038W	21.50568744224927	42.27614695597684	0.9751256469875359
YGL116W	3.841686958398336	7.59986884645758	0.9842345565540257
YOR074C	4.622414221535602	14.423837707373595	1.6417366164116445
YHR166C	4.495407301136579	8.09119420300131	0.8479008145846164
YAL041W	4.069288802199068	5.789082262393309	0.5085579834886261
YLR310C	6.475581402415655	15.057977242292568	1.2174463495256622
YFR036W	6.0374709290702615	15.113892582668246	1.3238590320522314
YBL084C	4.983569487804846	8.21004985083664	0.7202115373320574
YBR160W	5.975552794884308	11.56353755823459	0.9524387324712503
YLR314C	8.20892965150745	15.863404674433514	0.9504364130927156
YOR257W	6.438840810328364	9.990711086562792	0.6337863829874305
YOL139C	12.377546412695	20.275033277768895	0.7119789233104291
YDR054C	4.823942685341974	7.397542535562424	0.6168333206167802
YDL165W	11.185994197901096	14.607628396661067	0.385028483074024
YDR168W	9.143130937876855	17.54258487140776	0.9401011563880732
YCR093W	5.202284326517301	9.20249888616806	0.8228804192599202
YFL009W	5.907609433503875	13.306785780241505	1.1715157797934108
YDR364C	3.727535464051588	9.939833526966154	1.4149996111487841
YLR229C	10.24041881420165	16.59241648656416	0.6962492927290573
YGL155W	6.496101573399354	13.131380984395504	1.0153725518583774
YLR103C	3.590538044517534	8.003607538858201	1.1564503766005643
YDL126C	10.833061179626664	17.93103863534602	0.7270180833702302
YMR001C	4.952768840421047	6.621364885260579	0.4188933475670516
YCR094W	7.311237499109927	11.921903403674902	0.7054270668069167
YDL132W	6.898851690721477	12.156167321602382	0.8172602864966835
YGL190C	4.730181561376066	8.104939028180825	0.7769057722298076
YPL160W	8.953967087106182	15.853994909861388	0.8242474979895229
YDL017W	4.285430653491608	9.409347845700122	1.134654542786301
YLR418C	5.44573773369623	8.230974684083387	0.5959357758382545
YJR057W	6.126218013874877	11.579051187426	0.9184484264210847
YDL164C	4.634587631802111	11.334930795286063	1.290262698732359
YLR245C	5.876291397311588	9.807430415932634	0.7389692554098318
YGL003C	4.232581122562568	7.487530383833794	0.8229522328708296
YBR029C	6.90818826708912	13.203745812677342	0.9345679644839094
YMR213W	3.985293276041036	7.925610699387768	0.9918362094079214
YGL130W	4.914344909268013	6.6068948929696365	0.4269732778902762
YER061C	5.882227652254471	14.012600915772218	1.2522902378713503
YMR168C	4.619182358295014	6.559750598844598	0.5060034620267658
YPL228W	4.388928048046387	8.736812372972253	0.9932383893762355
YOR112W	6.536043527803518	14.163986405263103	1.1157378676475336
YIL003W	6.554842656358078	11.738078719201301	0.8405632331616094
YDR301W	4.22285965885032	6.963913107603343	0.7216778999621912
YLR115W	5.022087618734698	7.85264021002634	0.644890598574072
YML036W	6.847123833240659	13.695142732773748	1.0000942925478071
YGL029W	3.416287452554264	10.09693913568935	1.5634167333819766
YCL064C	5.420889492792539	10.181206615121475	0.9093070486840832
YLR098C	4.83850304548105	9.085483820139352	0.909002572854396
YGL206C	8.546816798608218	13.855881034207957	0.6970393447386881
YER164W	5.617243387648136	15.518438633881232	1.4660491906406137
YBR274W	5.883703417374294	12.103589099632671	1.0406384850408823
YPL008W	4.708542195302877	10.70790945855512	1.1853244819064028
YDR254W	6.478219036441725	7.409854944814698	0.19384805240907985
YER026C	10.883761167275644	14.619943740768194	0.425760556025965
YGR157W	9.865644566738121	15.683946389953107	0.6688033987624965
YNL192W	5.564411167665876	8.558943784717446	0.6212037440170622
YBR038W	4.630741718078405	8.289694071616825	0.8400755682737782
YBR023C	6.666068283137421	7.754413430288325	0.21818155950900595
YLR330W	8.031849764328635	12.61296416673399	0.6511031735331102
YJL099W	5.318339424627722	6.478531833319829	0.2846910510429024
YHR142W	7.124039679950251	8.296176069588553	0.21975096068499586
YER030W	18.601023952554765	18.885853194551167	0.021923919736429244
YDR267C	5.188305920364676	10.82271725259152	1.060727307677308
YHR052W	4.230611417233323	11.070719815001263	1.3878109438087356
YMR198W	3.8424211149685696	5.14241283117856	0.4204297922515241
YOR349W	4.842854577185134	9.170662052080244	0.9211682073205584
YPL241C	6.623558176062391	8.596247020529209	0.37610049925517475
YMR138W	7.3651693601801576	14.92130396000718	1.0185830118319883
YOR028C	7.479379050150527	8.982070700261048	0.2641295777314811
YGR207C	10.117822003083052	17.608879936079514	0.7994043812897137
YOR356W	9.926104521004984	16.261407790366412	0.7121526092249668
YDR022C	4.028770077213811	11.37958103798142	1.498036064892878
YJL158C	8.618878290647352	22.09825977192496	1.3583607363128007
YNR001C	9.109352942658802	16.418193163031987	0.8498748809779151
YCR005C	6.827647632219317	11.583778305262056	0.7626453875420998
YPR001W	6.763002642662371	13.429296015587024	0.9896478558373004
YIL035C	6.431261994048768	12.231866594829217	0.9274708096512723
YOR061W	6.091871937766761	14.053876545353642	1.2060106113613687
YGL019W	9.791889729896809	15.851784502375544	0.6949860432743992
YOR039W	6.335963750639411	13.942237873762798	1.1378261607112377
YLR133W	6.0598751129882995	10.55499998718328	0.8005666100908562
YBR135W	6.812040261333815	14.251745931797167	1.0649798027101287
YNL298W	4.201935487792582	7.053996908360466	0.7473869309359545
YPR119W	3.2512103236015157	4.076667586614006	0.326413435358054
YDL155W	3.5961207056430204	4.974323255014696	0.4680588172706877
YLR210W	3.576042854183177	5.257471600000951	0.5560051263435669
YPR120C	5.435652311191056	6.227231823051522	0.19613781007910946
YGR167W	12.116753661407117	18.659635220088816	0.6229175614225543
YGR110W	6.075824722384969	10.830987907600163	0.8340126827614004
YLR117C	4.38949779413568	8.334859183188474	0.9251019358566868
YGL215W	10.922071045110348	26.217105846760646	1.2632619863664742
YMR199W	7.483342983016968	6.87411508364899	-0.12250889454416951
YPL256C	5.172689164936529	7.551571272805915	0.5458623602257299
YAL040C	4.007755491980337	9.373682289778774	1.225821402905379
YOR250C	4.738989964598662	7.9057059856564695	0.7383146962316162
YMR012W	10.862466760003155	16.815607018369498	0.6304490966599419
YKL137W	15.988927522698422	16.99878730904846	0.08835865689474562
YBL059C-A	14.061580609626992	18.996324178302448	0.43396151009453
YMR194C-B	9.66127154150091	15.557200689533438	0.6872975069913371
YBR109C	18.19020031921476	30.053866272402857	0.7243891673052048
YFR014C	7.3296298581822015	10.049418570505225	0.45529978367549884
YOL016C	7.992615691630616	12.189293984919068	0.608874939145947
YML057W	6.530768342216799	8.35673795655352	0.3556871635357539
YLR003C	6.622512299330019	14.349622946275304	1.1155623057559652
YLR433C	6.7627655393709	12.808862591637102	0.9214571296932955
YKL190W	8.162584605785273	16.63587345624577	1.0271996705315294
YAL058W	7.258724553498212	14.049463159893737	0.9527270286080635
YDR357C	14.887017852567233	23.792435864592136	0.676448198011997
YNL225C	3.7231565279555108	7.008389548951253	0.9125566959575255
YFR046C	5.262235895833362	11.040450179251149	1.0690511715575906
YBR155W	4.750195341904222	11.606830146260261	1.2889152748370822
YIL157C	13.469376426696677	18.221036880125123	0.43592199712253243
YPL189C-A	7.943795011145989	12.226739978141108	0.622139488775608
YJL062W-A	16.71969757910838	21.356405912859508	0.3531201224982098
YLR218C	7.541979454202307	4.0648184122014035	-0.8917523161416222
YLL050C	19.49386257588807	45.00667727967248	1.2071190793109563
YGL223C	5.649169457128195	9.251206797376192	0.7116027963681799
YGR120C	5.817378314239187	8.966514811675715	0.6241782057913762
YER157W	4.393386591890062	8.473065625966793	0.9475505895338119
YPR105C	4.11588315950141	8.740442053101981	1.086504218734155
YNL051W	6.417066937375146	9.80478217259104	0.6115715469495414
YNL041C	4.892238403945902	10.983918215309977	1.166826173791439
YGL005C	7.8556549879096345	11.93135891400366	0.6029548926505549
YML071C	4.417135511814026	7.89472339643776	0.8377776269577792
YDL145C	9.585632975241811	16.758774495939473	0.8059710475040799
YBR003W	10.408835803007173	11.939303198781154	0.19790992398196672
YOL008W	6.16454802275525	11.51888757234454	0.9019343693965848
YNR041C	6.947893843210779	12.240417392789691	0.817005137720081
YOL096C	7.530110303605861	12.68868983803467	0.7528002091321178
YDR204W	10.737395751853676	13.272313850677993	0.3057757827783053
YML110C	17.12679799036112	28.452514977828205	0.732300729267968
YGR255C	8.56609961618021	15.687621597488894	0.8729162819779253
YGL119W	8.298986437253136	12.420335818722311	0.5816971267290729
YLR201C	9.03524999122765	16.032009444008334	0.8273188396285069
YBL045C	9.889755496848046	16.453243842293915	0.7343652878331541
YNL336W	8.482754277968095	15.93947585911901	0.9099995129461507
YNR075W	5.2059786380213815	7.217232475452978	0.47127633453324247
YBR203W	3.1509986950764874	4.775449367287026	0.5998273394925796
YBR302C	7.790433558198938	16.27396636635689	1.0627903887526764
YML132W	7.7904335664141575	16.07428711346423	1.0449792292299016
YFL062W	11.4590393074849	16.905667929015678	0.56102091924015
YJR161C	9.382628611144705	13.724665342269391	0.5487069055449622
YGR295C	9.804117104805488	16.43569524116969	0.7453728630758263
YDL248W	6.796076217082968	12.49794248927222	0.8789166691427263
YHL048W	9.281185681113492	12.638378322649782	0.4454303297920869
YKL219W	4.912352325940035	7.395650852919365	0.5902630789875457
YOR316C	8.334378423935664	16.054404957515196	0.9458226813587451
YPL172C	10.688896939748563	14.645702381789427	0.45436440477092804
YPL132W	7.442948148082831	13.012800089132963	0.8059853435598126
YLR038C	13.668585933821447	26.92031564325246	0.9778313273008155
YGL191W	13.52206078498319	29.166061643470194	1.10897555160331
YML129C	12.415094046247386	14.536059022559417	0.2275409924567489
YER141W	11.833099673877568	15.862613283536344	0.42280243082507757
YJL003W	9.87558578820914	17.814980574031054	0.8511526784256047
YLL009C	20.150290754442914	19.677253581142892	-0.03427178292557146
YGR062C	5.780297837799253	9.315415700955366	0.688476319463509
YLL018C-A	3.1422484617542015	5.599753958162324	0.8335661785140904
YDR231C	5.475982512577429	9.483835440770152	0.7923527906540745
YHR116W	15.304978238548486	10.442583545574905	-0.5515223077789219
YGL187C	11.172761923658035	19.524631432296324	0.8053094484719556
YNL052W	8.83347508483845	15.66492838107676	0.8264851636392728
YIL111W	7.074693732874114	16.96334819540084	1.2616813551807429
YHR051W	11.190256879211063	19.172301143310868	0.7767803513136561
YMR256C	31.182534309785616	17.41715641455638	-0.840229081735397
YLR395C	12.68643511885676	23.585717454897313	0.8946267573038258
YDL067C	12.730085837676722	21.50223683449309	0.7562446010695466
YKL179C	4.4391664904624015	7.164579792609614	0.6905932741406621
YOR303W	10.734637422129303	17.265901337740647	0.6856521867462348
YJR109C	8.531873113184892	13.434721611895565	0.6550320117445655
YGR247W	8.098978664461537	10.476405810966938	0.3713319586352709
YDR155C	20.048606866151943	36.32910492378198	0.8576238306418883
YHR057C	11.361189673985905	18.508064450995825	0.7040401150355371
YML078W	19.504620943546808	31.15963161118931	0.6758622160205031
YCR069W	7.648603492375122	15.448390476049475	1.0141882707851753
YDR304C	13.677960320557903	21.51025516353603	0.6531715294491275
YLR216C	14.84375913714469	26.058498063711067	0.8118974371534491
YJR032W	5.0502376825475315	11.484506494645203	1.185265670369022
YNR028W	7.191339213250819	14.110951403600598	0.972482894231087
YJL172W	10.982129458519543	12.7066441886704	0.21042524326905562
YNL130C	10.324830412586588	17.03112704618551	0.7220558241980916
YOR100C	10.881126464445936	19.120240108496063	0.8132727217634553
YDL142C	5.267648438925221	9.20240768414593	0.8048523081602091
YDR223W	7.092153669873202	4.6707571634006735	-0.6025673561414974
YHR209W	10.46487276788833	11.545750963917012	0.14180724119435503
YGR189C	6.169357501844944	9.08105427918081	0.5577395492102902
YGR218W	8.376262219036867	17.789207716019632	1.0866237465552382
YLR429W	7.755606122446973	8.262940638539538	0.09141576704767299
YHR146W	9.78663404637137	15.30521568656065	0.6451387172289167
YOL063C	4.475647785931064	9.574401050841894	1.0970857317427847
YNL027W	4.926418216466286	10.43758239874379	1.083176574598057
YGL238W	5.387575162923467	11.113488128263807	1.044603701689089
YNR010W	3.759695385281418	12.54892611111792	1.7388762261725388
YKL049C	3.666509690335559	8.200643705247028	1.1613298054413879
YLR087C	7.03858686834114	10.865599253864216	0.6264100292014484
YBR036C	7.997828329550579	14.374403535466602	0.8458218731293905
YBR161W	4.652214246726929	6.643313810555949	0.5139855264361648
YMR025W	5.230060313586193	5.090016336749543	-0.039157297138638775
YNL232W	4.069162180426396	7.038305921625408	0.7904964409552301
YCR086W	6.306332706174743	11.442531983445518	0.8595331343888636
YIL132C	4.053148380033329	5.474776776306973	0.4337571513670132
YMR048W	4.8583513479271545	11.79024704480662	1.279055215707316
YPL200W	4.727917016444997	6.382349878301831	0.4328829850363689
YDR179C	7.086028039240672	15.598090847146342	1.1383203796758954
YLR380W	7.029417098056593	15.521107315809115	1.1427545203368967
YPR030W	6.838491931834163	11.849955641035265	0.7931315456463944
YBR042C	3.339213285756047	5.858151992988322	0.8109373795376446
YIL036W	7.764960372609736	10.366166751444979	0.41683203924195306
YLR394W	5.084563993141735	8.08421509025004	0.6689836401346813
YDR256C	7.1276121604012666	9.062800412771944	0.3465380764627577
YMR078C	5.565654054659697	10.13418746524553	0.8646072789074205
YLR381W	5.978192542297764	6.637947679509725	0.15102789481502368
YPR135W	4.891460574148724	9.23818035929833	0.9173433990247746
YHR191C	4.016397961186589	7.746786118232459	0.9476956842016662
YDR151C	6.561060573316956	11.954112671229709	0.865506100194699
YPL181W	5.361656291517219	11.886747862166278	1.1486034134117014
YKL139W	3.8760938415450914	7.24218147015374	0.9018208281254264
YJL006C	4.077140631945666	6.180704900662203	0.6002136645859888
YML112W	4.912638883233384	7.600499105273617	0.6295959659507235
YMR180C	7.0917221584980705	15.373990122700816	1.1162837265501315
YHR109W	6.472624479313427	9.684201190829278	0.5812822460557833
YBR291C	3.950149709417114	5.566808286105498	0.49494306744283073
YPR124W	10.349668306619703	15.064405998807711	0.541559255501678
YHR175W	6.347565871322258	11.714130750533837	0.8839745361849893
YLR411W	7.725689363124834	6.401916500936251	-0.27115981022347224
YCR054C	3.7243057829117863	8.422458540949663	1.177269892018567
YOL145C	6.687847376411889	11.729044386171138	0.8104716466982999
YLR286C	10.954632732363502	10.107147936993233	-0.11616516601467988
YGR088W	6.832886519912741	12.09551702190759	0.8239053665711865
YMR264W	10.741142621689136	17.00509783611529	0.6628198338289413
YKL090W	5.746134040192604	11.596748754729827	1.0130568382950762
YGL110C	4.849889745352703	10.192522201920491	1.0714872440156678
YML101C	9.109585362217386	14.76505690868367	0.6967296230419321
YOR042W	10.118554963065646	16.899458128504534	0.7399737154605754
YGR003W	4.991775387738422	11.881829881789535	1.2511321134058488
YHR053C	17.415217035524208	31.53576601665776	0.8566405247978492
YHR055C	17.579749392939974	31.501021321904382	0.8414840998611582
YGL166W	5.505270251690254	8.4743609121423	0.6222911856417279
YPL177C	5.542998180948775	9.363495016911422	0.7563805963197701
YPR158W	13.310431204204928	10.829467791532842	-0.2975949652949936
YMR240C	3.399074405176516	4.7906097908658145	0.49506736395765655
YNL286W	4.855906964528085	13.010003182630893	1.4218086289466025
YDR163W	4.661970521378098	16.1015263826737	1.7881856714034183
YDL209C	2.9704262319749324	6.415938306708336	1.1109903085673065
YDR482C	5.418337212516564	12.01377158171834	1.1487670510388728
YGR278W	4.631935653444188	9.057087793022891	0.9674320304704407
YGL128C	7.060035835421131	9.699435796417436	0.4582253236785044
YLR323C	3.445594238407391	8.912030305357286	1.3710013222962438
YNL245C	4.813075942220584	7.3166697264451255	0.6042279504747657
YPL064C	4.740226233886163	6.396643942450474	0.43235926511029105
YGL027C	9.587462976442907	12.928826310640318	0.43137030552826566
YCR017C	10.4661527140704	16.572051602377645	0.6630210028107261
YKL096W	11.642814282378701	8.88974960764811	-0.38922513713238593
YKL096W-A	15.713963719972721	40.78311167858514	1.3759247199430449
YML054C	6.695166314873232	11.694707631589523	0.8046639955283217
YNL111C	5.774865329149738	11.895788267803983	1.042591666178639
YJR048W	13.154508615966561	20.646510055216716	0.6503405810288402
YOR037W	7.484876160930996	14.009527528867281	0.9043579498590069
YAL039C	12.21331488592411	12.79358387314065	0.0669656401108622
YEL039C	14.751265725807347	17.701855068616965	0.2630618060855655
YBR112C	5.064974906035055	6.5630996577633844	0.3738222186124107
YDL117W	4.1582953813951455	7.533999493198966	0.8574236936403528
YDR430C	9.210707262476392	10.482532160034427	0.18660341043716502
YJL005W	5.829257826120859	12.06979032913486	1.0500164963870573
YAL012W	8.569897534973162	19.65543871120292	1.1975787050768936
YGR155W	7.077317068078914	12.723551829660492	0.8462270013859846
YOR065W	9.51662183340771	15.387447347210655	0.6932324718243396
YKL087C	9.45206869011919	14.865974830237477	0.6533120516636582
YDR016C	5.218710100294903	10.779800365513864	1.046565293130091
YKR083C	8.444683254986677	9.68667602873214	0.19795838036387395
YBR233W-A	4.220026758739862	4.948290973858219	0.22967819052360475
YDR320C-A	10.556339850673586	17.776442531686193	0.751856934506159
YML070W	12.954240925267445	25.176415914981185	0.9586484363600869
YIR029W	4.53888033121518	8.637288395917494	0.9282420097498286
YIR032C	8.606348096108938	5.850681695827623	-0.5567964623367792
YJR152W	4.2884159609440164	6.357622045859142	0.568042403458145
YIR031C	4.388103576854418	7.283863432338471	0.731106293446954
YKR034W	6.866733577382172	12.845622230345445	0.9035808801350408
YIR023W	3.720491166065491	7.103320015963484	0.9330003891159222
YNL314W	6.297101182065264	7.910077527993671	0.32900398604574393
YGR113W	6.794577873113596	8.320943464935198	0.2923631932786991
YJR151C	6.2765527073738205	6.665654582549296	0.0867741579501505
YPL170W	7.14362460070325	12.35295013697094	0.7901274544503165
YHR028C	8.820679828823147	14.64210869784904	0.7311615829463288
YJL149W	4.696222700014818	7.893023722223079	0.7490772609576556
YML113W	3.556679439937997	5.479993588467968	0.62364325369263085
YGR092W	4.9779315844239544	6.98667080016026	0.4890587621993031
YPR111W	4.5034543251517185	7.381814275424098	0.7129434107578253
YDR052C	3.647966260708249	5.560537406298469	0.6081319346927474
YDL031W	5.338177171148672	12.43135624390067	1.2195646073874993
YNL112W	5.524552423323437	13.11851891802139	1.2476753556581863
YGL078C	7.761998167753589	17.372108091791624	1.1622728369085407
YOR046C	9.901062241772784	17.28802982928703	0.80411824751639
YNR038W	4.304097624596544	6.272571713662194	0.5433462587540403
YKR024C	2.568683962906495	5.765404562187403	1.1663924465786375
YHR169W	2.64257934886951	5.999013856396618	1.1827785716802148
YLR276C	6.135628235013535	12.788686015852619	1.0595850649367127
YKL149C	4.370613689095566	6.078968283501743	0.475990625200093
YCL016C	4.57314143855091	10.271431983881715	1.1673798831539555
YHR144C	4.776008836458455	8.67797227093514	0.861552470416632
YIR030C	3.9001838591455367	5.226894480971806	0.42241189900438036
YOR180C	6.360991867617942	6.688845972272377	0.07250558184694775
YLR128W	9.471324475454171	13.538098057226001	0.5153869793294087
YOL149W	5.885568972257413	12.24600461708634	1.0570573361866624
YNL118C	4.800285606161403	8.154538527929013	0.7644829904563182
YLR361C	7.317508838194792	13.313118394602236	0.8634240518509482
YLR270W	10.52861309982943	18.624133272733722	0.8228578798753398
YOR173W	10.866513199515216	11.477851502595461	0.07896352565341423
YKL046C	9.705872929834761	16.195983751726224	0.7387062233302591
YPL194W	5.343650496296635	10.558790162579182	0.9825469826963127
YER143W	5.5704538011162255	10.232080387100003	0.8772327360573059
YOR163W	8.144471780949733	13.34826538631959	0.7127592359026447
YOL052C-A	15.624359797720643	15.703509096434614	0.007289901786176645
YMR173W	19.096809331378402	35.79953266451538	0.9066091394400462
YOR204W	2.8505960217553454	4.642717832439052	0.7037060026112266
YHR019C	14.91307174187625	28.745504213958796	0.9467588872768071
YKL054C	8.784491548277149	13.077664247708661	0.5740741998290879
YFL001W	5.1853634994224755	9.160075338264456	0.8209143369895745
YAL013W	4.566198652466099	5.417384839686759	0.24660295511345723
YBR201W	4.472441942638121	8.782592724803735	0.973584148621812
YDR051C	5.8932186233649935	12.376527424783397	1.070478890952448
YIL049W	4.0337879938680885	7.028412926695632	0.8010636923117741
YOR030W	4.376689242221519	9.274524340169648	1.0834333405178345
YMR238W	9.486619935069973	12.176308057087049	0.3601107098169715
YDR411C	7.552089569834079	12.628522104428612	0.7417380320615197
YOR236W	5.258613652007426	9.37696943289487	0.834439223161568
YOR245C	6.245281134422219	11.175794133358055	0.8395389285238728
YOR311C	4.814959839103836	9.411011079393628	0.9668259635549763
YDL160C	5.061620508371817	7.489423260218738	0.5652552786017307
YMR316W	5.52655318795694	4.5446121150396595	-0.28222281300959473
YOR080W	4.678881307946629	5.1506753720096885	0.13859798376990579
YHR011W	6.961455095176255	9.018136811629986	0.373440504700514
YPR082C	7.412693765702128	13.155529406038786	0.8275994898387966
YLR348C	8.076745396436067	16.59143790102499	1.0385929561216434
YKR035W-A	6.873465529726781	9.395576773619768	0.4509440539232548
YKL002W	7.957202543234667	13.090495040284502	0.7181864293427868
YGR227W	5.792643065717576	9.74435686057445	0.7503451980268767
YLR437C	3.095271128889486	8.561571095816348	1.4678097762666533
YPL049C	5.242082600537227	9.00281315836662	0.7802357920381195
YDR480W	4.980204032160939	9.74473644271332	0.9684183179606611
YPL266W	8.40165704835691	15.720798980093853	0.903928739712892
YDR263C	7.232253602969675	7.634165383139365	0.07802517325212939
YLR129W	3.4588198798382477	8.697905770777204	1.330388192933604
YPL265W	4.315394343898085	11.054345174942078	1.3570492618430054
YOL021C	5.507921369952927	11.243858274098669	1.0295573050606313
YDR403W	6.596729296541573	22.788895830910057	1.788508215949678
YIR004W	7.537440370516089	12.688030985213693	0.7513216104803774
YDL174C	7.387595824521746	12.350493846448106	0.7413918867959127
YDL178W	11.405230762011186	15.980064183121755	0.4865775657981575
YEL071W	7.994491774964297	15.782284690718486	0.9812278424494149
YJL065C	7.288814456080733	12.327482816507375	0.7581221610563744
YHR115C	5.234534495994564	9.524800374692528	0.8636276113743804
YNL116W	5.736969094317996	8.61292610091117	0.5862147069109395
YMR211W	4.389312866928872	10.488103996422149	1.2566868828139692
YHR164C	4.446588422644073	6.74252199644308	0.6005894483906783
YER166W	7.54565591055078	13.908586391591676	0.8822575796379046
YDR093W	6.281813885400867	10.28946398952025	0.7119147244237355
YMR162C	6.61899948041654	15.130157608795816	1.1927419533218986
YOR005C	4.685971928494123	6.039549744162468	0.36609268717189464
YLL001W	6.937566630706599	11.28706416488355	0.7021686533586086
YKL213C	6.930775268416404	13.424718024485045	0.9538031411863752
YDR069C	5.285256709836098	10.432040337504986	0.980975901689377
YHR044C	3.7769375997278543	12.137899928525787	1.6842299776581942
YHR043C	10.146423143385412	20.2110207610437	0.9941709545590433
YNL001W	4.849423180704507	10.144423143603877	1.0648017695881793
YDR273W	12.284199920956357	18.210091408023874	0.5679342671735372
YDR141C	6.110599538240788	11.675385080637916	0.9340842927072025
YDR068W	8.094913002897133	17.226670850802726	1.0895564388337446
YDR440W	4.033326565386553	5.91460860938265	0.5523124826618897
YIL010W	12.150771969395013	19.00891339124243	0.6456280905748499
YER088C	4.82836628347138	8.399649725746094	0.7987940430733554
YJL090C	4.440860769935088	6.061797399085512	0.4489062937613806
YPR175W	3.8083604948453624	7.092837223624698	0.8971927900884261
YBR278W	5.746182814507182	11.090874310788156	0.9486973018847864
YDR121W	5.793595842145891	10.670338124894782	0.8810749417728436
YIL103W	5.278627996123907	11.114750708130403	1.0742406878323456
YKL191W	9.314766655053873	16.423909441147977	0.8182060441214508
YLR172C	13.155204085566778	21.90133645847138	0.7353852781477415
YDR294C	6.505177419992874	12.886234799222358	0.9861704771959511
YPR183W	15.711452737009079	26.510449782996517	0.7547445640083122
YDR284C	7.660031139894402	9.044990995510235	0.23976880954294064
YLL018C	16.878742475767687	34.26730036629077	1.0216251161520284
YKR071C	6.503135617641498	14.796386979367634	1.18603752234914
YLL008W	5.276846199026136	12.89941086738314	1.289557337506679
YAL026C	5.389073386728786	10.712167648567107	0.991141306404915
YGL196W	4.900937626266737	6.679255137919478	0.4466294383125073
YHR143W	6.125532781644692	8.422447687039655	0.45940423146405795
YOR264W	3.667844157966626	5.94925810613471	0.6977774284234395
YEL070W	8.391348182117422	12.23869058327211	0.5444746898171223
YBR007C	5.705735455657114	4.732662337850265	-0.26976086492728885
YMR276W	11.083675152749308	16.11726852155278	0.5401709303019645
YNL258C	5.512851955135729	10.017251899534187	0.8616160143112299
YIR010W	4.266699771734075	8.07526620240616	0.92038922103772
YMR287C	5.264517583646342	9.602653885423505	0.8671318432429714
YPR017C	6.104453197462496	6.686800016860406	0.13145389856166487
YGL043W	7.4917006978990175	16.03167981605592	1.0975604319862806
YDL219W	11.602918907654441	20.24914486239456	0.803373198120004
YFR044C	16.913358895697193	25.77052893603603	0.6075589494591558
YBR281C	6.445791368687322	13.606552561201017	1.0778721846929125
YNL191W	3.343057206993775	8.411813972486966	1.3312489023567613
YDL101C	5.936445482456113	11.132727960692414	0.9071358898227102
YGL061C	4.202697252355144	10.199064194339142	1.2790493464968782
YBR208C	5.6711748957956924	7.57115682943052	0.4168661037188002
YHL016C	6.728119014939047	9.091988564153308	0.434392643626421
YML080W	4.423069988634162	8.871755303649195	1.004171503387018
YLR401C	5.727965653817394	11.338798737262291	0.9851730583816385
YLR405W	3.7577220524707036	6.4598087622632026	0.7816330968183846
YBR252W	9.818623076173878	13.162246049065683	0.42281307017560343
YKR054C	8.734550095477804	14.860913876279051	0.7667175386070467
YDR424C	17.479246198101755	34.7207764220341	0.990156240344668
YMR299C	5.293896699356969	9.20918357088183	0.7987432180165229
YHR068W	8.572592621689365	17.14484946167462	0.9999717451088328
YDR359C	4.598039028788745	8.009987700638616	0.8007813154705682
YPR023C	9.675533150134248	16.30598877684443	0.7529888618755656
YEL018W	3.6812536708151304	6.843539893765535	0.894545599980072
YJR082C	11.654491111037675	17.551859438742113	0.5907378662008284
YNL136W	4.955098720356403	7.812043023115548	0.6567860940840322
YKL204W	5.371411935284492	9.447287778448029	0.814598839025893
YMR171C	4.280250719137804	8.222355151388403	0.9418563820093949
YKL172W	5.058963412851808	13.554124585472493	1.42181822693014
YDR206W	7.098597225428097	14.557183576315854	1.0361253971213806
YLR284C	5.749849880403193	7.722107726802641	0.4254703906158985
YGR146C	7.364568477038857	12.88170006750749	0.8066501073675221
YAL059W	5.55154964042272	13.392965352451249	1.2705129831517605
YEL030W	5.469935649315625	14.320147671461184	1.3884506042185192
YBL043W	5.325113872126591	10.467284275783822	0.9750029039951081
YHR132C	7.065699516675104	12.90960090410531	0.869540098822849
YBL001C	19.693621038726114	36.70886322856435	0.898400036913438
YMR128W	5.533202454493795	14.53076409536337	1.3929239519341428
YDR125C	5.429366065217761	10.756575407323371	0.9863631738850263
YLR390W	13.721714623394574	17.509385765088524	0.35166770692627175
YBR065C	4.287797953475246	7.8317171693024	0.8690917393573289
YBL101C	5.484931528480886	6.924094556015881	0.33615181564519186
YLR228C	7.127364285426756	13.0846313041568	0.8764327043280299
YJL201W	5.360667636982775	10.239433511177133	0.9336513060902081
YJR106W	5.951937904046773	10.73040957551833	0.8502737640996039
YHL030W	5.131927125332954	8.180010020852459	0.6726019265920408
YOR092W	4.153234535621326	7.5611432879557245	0.8643690507432608
YLR436C	5.97891240291332	10.572909076055815	0.8224174014793866
YBR176W	6.839983950139336	12.560999436137054	0.8768864141714969
YER176W	3.7324986001077303	7.076970433419928	0.9229901726656615
YBR078W	10.19542439486209	17.62490652530986	0.7896937758707735
YLR299W	7.551192923684501	10.655545385800714	0.4968279549937097
YKR076W	11.859110724946143	16.737865315842086	0.4971197126774892
YMR176W	6.199717238334493	11.673617768993932	0.9129774132048474
YLR443W	5.065936586855028	6.691483365334066	0.40149704422775595
YKR004C	4.307180462136228	7.933900793496639	0.8812865871081133
YFR027W	6.230850086048174	6.103382209220161	-0.02982006769825318
YGR007W	5.617201295819518	11.98076518703577	1.0927966442505268
YGL222C	7.116261671361858	9.741528816820878	0.45302864308585694
YER035W	8.345231689856588	11.985606817782962	0.5222789438577092
YEL015W	5.563590491121008	12.056515389792652	1.1157248563151563
YBL047C	7.090312658232058	8.53561825193552	0.2676464076084143
YPL095C	4.736812201453197	13.50580415885608	1.5115911627555647
YAL003W	13.128377227968981	21.354677590575363	0.701863517922047
YGR271C-A	3.676652767961826	10.158025367185513	1.4661551453945614
YHL039W	5.120897539349161	12.501132709732389	1.2875902227838956
YMR212C	5.510188270406788	10.894744657612911	0.9834588657988729
YOR133W	18.904040596771463	37.3304054472308	0.981656545260908
YDR385W	14.61992864202702	25.3926782532898	0.7964762993284433
YPL037C	16.736451771467433	31.909380914848704	0.9309869183817633
YHR193C	19.567437634920076	38.80191295749762	0.9876729331482454
YDR036C	10.349879356463589	15.675657438038368	0.5989119999905504
YBR177C	9.410952055901367	14.688046726679714	0.6422299682541489
YMR031C	9.267794454840248	12.962896616647171	0.4840901778864463
YDR147W	4.171391572795327	8.904301887574546	1.0939737601699937
YNL230C	3.8034212836686248	7.1268120510179696	0.9059591309075502
YPL046C	6.291974995208008	12.03394007034029	0.9355242347037779
YKL160W	17.396724999896115	31.131852919942407	0.8395757075810082
YOR144C	3.59060261064558	5.169567573247668	0.5258176144602589
YKL048C	3.862412034378119	6.187186985278984	0.6797815585188
YJL196C	5.419812645079549	7.858075594284898	0.535933065911996
YGR200C	6.451155265337357	13.014604521576766	1.0125020279064854
YPL086C	8.808776588202477	15.431309046531506	0.8088468830485142
YPL101W	5.8229234806266525	10.084921551285538	0.7923842960690294
YMR312W	8.775266177264644	17.23764161919587	0.9740476125415047
YCL045C	8.12510619500175	15.659900248870459	0.9466164486508297
YJR088C	5.897836783623637	12.141204993798592	1.0416538107011484
YGL231C	10.582942053771095	15.094062004088958	0.5122403538319478
YLL014W	7.540589196703515	15.21920661993476	1.0131439924110364
YLR186W	4.298525768874424	10.781323433818716	1.3266204231707874
YDR512C	11.534990167454332	15.485962293984187	0.42494426026886895
YDR516C	11.944871424957912	16.144384089130085	0.43464107829755166
YOL071W	12.939683778955885	15.436499399271561	0.25454326253396703
YGL200C	14.247068945295009	24.397403477711144	0.7760624718198228
YLR080W	6.0910723950283066	10.23437515687984	0.7486548669618152
YFL048C	6.950933364253753	9.883088952880822	0.5077553112019849
YLR083C	7.370718408137352	14.04795280502502	0.9304827554879112
YNL313C	3.5459432865888196	7.677412706752813	1.1144507415299953
YDR040C	5.334885777332583	12.083786139930549	1.1795432687966478
YDR039C	5.615036767159247	10.867744952204678	0.9526852389199365
YDR038C	5.6111240037886425	10.771651353279532	0.9408777386005099
YOL158C	5.6081268799005475	9.13905091866338	0.704525360947243
YNL084C	6.574264304581078	11.428934010470362	0.7977894847971142
YGR254W	17.50968739355217	25.652848704437645	0.5509657164425343
YHR174W	18.88595474447319	34.006466291709515	0.8484953809056194
YBR247C	4.394442791401399	10.370150577901525	1.2386846921344001
YGR145W	6.150521398598317	14.230522612694447	1.2102080230428578
YDL161W	5.270250920011995	9.359621515450364	0.8285785401293082
YLR206W	7.199689829310298	10.729546221657777	0.5755824022473743
YJR125C	8.593122260829107	13.557121029676129	0.6577965158428173
YLL038C	4.622460641982271	4.568686069867077	-0.01688172241697595
YDR153C	4.8399366176768375	11.979325619782022	1.307486633758584
YLR065C	7.478928753953663	17.40878200767533	1.218911724173554
YGR071C	4.230695166476983	7.404695747769216	0.8075457185105299
YPL236C	5.554111460338486	10.578087664489637	0.9294508020084192
YOR246C	4.740668407899269	9.14252740262975	0.9475025602728813
YNL080C	5.141556859199725	10.302993312468013	1.0027863646730026
YFL024C	3.5384032930048708	6.4096210277542784	0.8571405692656688
YIL005W	7.891521420977039	13.922166691750089	0.8190083817236601
YHR123W	4.566186375559106	8.844833210341267	0.9538451913739966
YMR049C	5.913179491116773	13.070031360742245	1.1442566277492687
YHR032W	4.705222982876233	8.207144695300292	0.8026172942069351
YDR414C	5.557511045496257	8.436726805955033	0.6022444749782341
YBL040C	8.346068296930847	15.392028619630837	0.8830147552234949
YLR246W	4.638807803382185	6.979679147720771	0.5894066447980302
YGR175C	6.936139870159121	14.728068900778942	1.0863633845109062
YPL028W	7.432850390192625	15.207630408301977	1.0328079010606281
YHR007C	7.512042703893211	15.643318634432463	1.0582694345974566
YMR208W	7.0766762378519275	14.863728095870194	1.070652193900217
YML126C	10.231123288348725	18.482478991455856	0.853193724318816
YMR202W	12.307718683849387	21.739517307525702	0.8207565342594909
YJL167W	13.064312756406743	23.554239457928368	0.850355515437556
YNL280C	10.164140123596361	15.633431909180443	0.6211463491490261
YGR060W	9.494214674262404	20.41771998297631	1.104701195444588
YGL001C	12.238115969732316	19.96336832870964	0.7059736851253632
YLR100W	8.041285407317925	14.218881535197344	0.8223099450985115
YER044C	11.905181484239243	17.190355177164008	0.5300097398340516
YLR056W	6.1965127818771375	16.202051251035893	1.3866480342635228
YGL012W	12.890525582494448	17.871040429043664	0.4713125411000818
YMR015C	4.8740577498287845	12.430953924460567	1.3507417600130736
YML008C	7.748141774832266	16.649745804445125	1.1035778938976042
YHR072W	7.066260331219253	13.37873168114967	0.9209225470593241
YMR220W	6.263098250785568	12.862092896820943	1.0381769983816478
YHR190W	10.263530661765934	18.425162327314766	0.8441502252126563
YPL096C-A	12.870654985908365	11.261670926591904	-0.1926645738607042
YFR041C	5.652784425312117	12.501569005514922	1.1450755867300784
YML130C	4.312005180821079	9.533568849180323	1.1446574702590337
YAR002C-A	14.367648309759733	22.99551921459888	0.6785288311791653
YAL007C	11.348137518958964	18.697160047818617	0.7203636139829362
YDL018C	9.564274732016532	12.393123090803858	0.37381231830983036
YOR016C	7.763270200410891	16.230347160737573	1.0639574523891238
YHR110W	7.583647641279815	15.003999471191424	0.9843832782415142
YGL002W	6.185662141591491	11.738868819656213	0.9242934529699176
YOR393W	10.517390805873532	11.784854708116013	0.16415713237870602
YPL281C	10.623482464325777	11.761364495930719	0.14679867340766212
YCR075C	5.063276215144181	13.08808913565416	1.3701113844673558
YBR239C	3.901024766779506	5.652559806892246	0.5350511937315349
YGR029W	12.964365473042003	20.376746530820128	0.6523721241002661
YGL054C	9.77596947865161	18.09053447701077	0.8879233463208275
YBR210W	7.228513860058863	13.762528221224184	0.9289745490014133
YPR037C	9.667469809518598	20.17244478407362	1.0611756818286437
YML012W	11.83323959175259	20.219801459395136	0.7729237362433667
YGR284C	12.959257281987503	22.219091639218796	0.7778168005009031
YML067C	7.673731783786011	14.64267596320146	0.9321789865145177
YAL042W	10.227392350377961	15.563241223579144	0.6057041973636965
YOR244W	4.783883549880484	11.312901461283149	1.2417148133234526
YNL125C	4.512050066869064	7.575154648950698	0.7474922655774122
YMR219W	5.91722946497158	13.846862599020664	1.2265653819279536
YDR363W	5.659812054490262	9.17474888634182	0.6969145255651146
YDR365C	5.860002073456888	12.793991142859465	1.1264933093823233
YNR054C	4.193781618468275	12.419358309868187	1.5662669900581652
YGR098C	5.01410889319169	13.358738286704918	1.4137185206619556
YJR017C	11.657096567644476	17.64253479208952	0.5978493537596399
YLR233C	6.0918859102960665	8.497408166366576	0.4801339422012617
YLR318W	4.201737031140283	4.677814397447131	0.1548487480473559
YIL009C-A	5.219900260124563	10.905274491262976	1.0629319380968025
YHL010C	5.131537876993649	6.259507081805241	0.28665779983105383
YBR026C	14.737742150929437	29.371112275633706	0.9948823833052908
YOR051C	8.269490237746767	16.63477200259517	1.0083317885308787
YDR518W	9.691686578222276	16.02379549215311	0.7253962586158398
YLR300W	3.194563169235092	5.350452540451004	0.7440422518580838
YDR261C	6.989577132955223	14.398678980231786	1.0426593755903328
YOR033C	4.648274730893751	10.842804907172203	1.2219707681593612
YBR163W	4.927061941066302	7.696854309078482	0.6435413305661393
YJL085W	4.475770849534488	8.581005094239917	0.9390104655587811
YBR102C	4.440309042095869	8.617160518660452	0.9565524678156203
YOR317W	8.526078016275257	16.2665702541523	0.9319559346049947
YER015W	5.278982323771722	12.533494395456488	1.2474569603194214
YIL009W	3.4719338382020304	4.911281475503255	0.5003600528946077
YMR246W	5.304492681413704	12.974943507822548	1.290441572845346
YFR019W	5.336644774531627	8.34850253434734	0.6455844617211883
YDL045C	5.728854123177467	12.670923773308612	1.1452032007019999
YIL019W	5.90533429315256	14.762204095652816	1.3218175053822732
YDR021W	2.8127147126326806	8.50727737294073	1.5967342620385387
YNL023C	3.9774939076777085	8.319357956655544	1.0646124724273736
YDL166C	5.717379938541093	13.057277996207427	1.191428104420957
YJL157C	2.402380376467113	2.968532807483096	0.30528546191163414
YLR238W	3.9175121968762867	5.615233223245275	0.5194081783781554
YNL127W	5.071233432235919	11.797906025386599	1.2181222334795465
YMR052W	4.971413634432775	10.739654411112667	1.1112195205815447
YFR008W	5.850462062745718	11.634156702705921	0.9917441646490536
YMR029C	6.003521466342789	10.242729351866545	0.7707193064144795
YKL182W	10.143428133427378	16.309391267824015	0.6851576192971864
YPL231W	12.087924173280292	23.87489573416383	0.9819279169444601
YBR041W	6.417557526482011	12.594821301429846	0.9727344247119444
YER183C	6.153261866873874	8.86544755587953	0.5268420735722912
YLR377C	11.895334881588047	21.463354158529107	0.8514796614704677
YJL155C	6.921562347130445	5.101760576412212	-0.44010252683588114
YDR339C	4.793440755087667	10.670633657008699	1.1545123442013063
YLR051C	3.309897789216418	11.399610304999232	1.7841259348754446
YKR016W	8.058724570846561	13.576612819830661	0.752500160594534
YMR277W	5.587291642660726	9.027801853749267	0.6922256266252486
YPR062W	16.005252572586215	26.273279373026824	0.7150508420718075
YER056C	3.3086968290666245	4.959184137092576	0.5838396886437567
YER060W	6.904640629119356	12.31496449636969	0.8347742360553004
YDR539W	7.365673346098917	14.705880317319487	0.9975038258936458
YOR388C	7.700612152671421	20.088645367146796	1.3833352413214555
YCR034W	10.929067830992281	17.931615020769705	0.7143350761866727
YCR028C	5.54128762467034	10.413976897153333	0.9102279530424918
YBR101C	7.031714158856817	14.880962527760929	1.0815195147771903
YMR058W	6.437522332441807	17.660614187405635	1.4559580796441816
YMR319C	6.281586082897604	13.143762287874665	1.0651775070231961
YFL041W	9.798382406487214	16.175637376778816	0.7232070579462262
YPR104C	3.7494876078923305	7.421066268868245	0.98493303479401
YGR131W	3.812078386392284	16.45091690858117	2.1095183059934706
YCR089W	4.773346123549479	7.250126466650441	0.6030052083272726
YNL325C	5.574374132443671	10.10407981315214	0.8580562008418567
YDR130C	4.965188707002413	8.578792245755904	0.7889260041778035
YJR093C	5.291391139871829	9.676185005517258	0.8707912876730102
YER032W	3.9342675884510543	6.29561537205719	0.6782523171195479
YIL065C	9.390772441006241	14.848529197546865	0.661004296536771
YDR534C	5.866676166754444	6.030970530956253	0.0398468265645467
YOR382W	16.81702885850732	18.680763412424028	0.15163057319591813
YOR383C	8.110513218817742	10.492693430283477	0.3715199455916213
YIL131C	4.654675123425971	8.760693973605543	0.9123646793502901
YNL068C	3.796778250473383	7.410004285374551	0.964698635564505
YLR342W	10.167084530212957	15.802677268379018	0.6362629611430927
YPL221W	3.4201596003499493	4.6153281961472175	0.43236959215645504
YAL053W	5.989258783052803	6.408889589603714	0.09769694633274881
YGL139W	6.1479093920915435	9.888113767036405	0.6855994394285804
YLR404W	3.8579629435736624	6.185696112317085	0.6810966730826392
YKR102W	8.97200675571495	11.147297442320331	0.3131913728071142
YHR211W	6.009342789445112	9.045383524136577	0.5899744548799875
YBR008C	7.17263500384848	14.651601065067677	1.030483202009941
YIL134W	4.963454973428384	10.565678499301288	1.0899688062577724
YIL098C	13.743752988172199	11.225294277392491	-0.2920227462288505
YDR236C	6.210489875555224	14.74796364250162	1.2477367889372561
YHR176W	6.452250835286245	9.546368934133099	0.5651495673840672
YDR070C	7.148684916516187	18.647569897595105	1.3832378635649212
YBR269C	9.255055639499322	15.822400498808038	0.7736549267748014
YLR077W	9.069192925753633	15.673796720548722	0.7893086163185992
YPL103C	7.404099931025582	12.283748566428152	0.7303546153987083
YFL046W	5.502132608371268	12.988726174579163	1.2391971343178547
YGL080W	5.280385875741926	12.299065484162398	1.2198334332643794
YGR243W	5.673045373262179	8.421883747535844	0.570019558441259
YDL222C	5.2715829837655575	4.918966819589349	-0.0998809248361045
YKR049C	15.688555209150593	19.765498973293653	0.33327187824974686
YER004W	15.632184568254736	31.101438584444395	0.9924619068416971
YMR020W	6.680997907633785	12.964080575744582	0.9563843804553734
YDR110W	3.2527929654968437	6.797277755997499	1.0632780762991907
YNL256W	5.411404077978862	10.902661465469954	1.0106054777582307
YGR267C	10.041378602144007	19.179491100143665	0.9336070875069893
YMR113W	4.283279622908685	7.974573541305169	0.896691506555301
YKR009C	5.022320682928527	9.741119419918387	0.9557334221197602
YNR047W	7.022784141041975	11.180313220440514	0.6708456094392606
YDR519W	14.631534048442745	24.098116881792443	0.7198393759140626
YML074C	19.178115996830066	37.73886114840933	0.9765898860689743
YLR449W	10.150309599301792	17.0954798356722	0.7520911844901544
YLL043W	3.7286404643327673	6.7784554144192635	0.8623068770085126
YLL029W	7.835934240730554	12.984443759575083	0.7286070160931168
YGL220W	12.14873111395076	17.072853808945062	0.4908985938685429
YLR214W	5.983304930492097	10.313901233751146	0.7855756405742474
YKL220C	7.916236757167454	11.905762122357562	0.5887733086898367
YOR381W	8.724064855505794	5.733884571412636	-0.6054876331090044
YLL051C	4.1635594785616625	7.127377013804974	0.7755538062666614
YOL152W	10.347680107247665	10.443320562446601	0.01327314503856965
YPL141C	5.310691882218643	7.104482562155852	0.4198297490639007
YDR373W	5.548254494421158	14.358420181345075	1.3717911523375932
YLR060W	8.857827705341819	16.34152815543903	0.8835180608502378
YFL022C	10.264809803769115	18.54035044117876	0.852961617321255
YOR324C	3.9809760974171593	5.886156354939546	0.5642036561095279
YAL028W	10.245283950018278	9.046441871897338	-0.17953759848006748
YHR049W	12.095256337578878	19.456286123166972	0.6857950052378172
YMR222C	8.235148255160816	15.401943646313047	0.903245895376144
YOR280C	11.520028865187426	18.003880651022946	0.6441635744650547
YBR207W	6.374248946658247	11.459797347814701	0.8462542621964452
YER145C	5.428031513979242	11.805842487012463	1.1209999967883784
YBL042C	2.4306830462101408	3.448074793811066	0.5044292864245259
YPL262W	11.83880464635849	23.53494848409526	0.9912812744225846
YAL035W	9.177038642399017	16.391635260169227	0.836859199970962
YAL008W	13.036738555046359	20.051011340924667	0.6210920149315458
YAL034C	6.037721534769768	7.96940500653068	0.4004677970692522
YAL022C	6.1036117051732495	9.23338410229319	0.5971963181561186
YAL019W	5.2484238905689224	12.23330006252881	1.220857489184219
YHR128W	10.47597181194665	14.786707841524255	0.4972167991944757
YBR021W	3.1047989486739427	4.953310921854854	0.6738933327983296
YMR232W	7.735378836159834	11.170481150307	0.5301474751446883
YBL016W	5.850855977410831	11.719918475472866	1.0022429234740124
YIL097W	7.996140157752521	12.432277439154705	0.6367149392229233
YHR059W	10.628513836037586	13.991940851711863	0.39665621387259425
YNL133C	4.356626649938572	11.641198368566954	1.4179561908932439
YLR068W	5.642297830700744	14.913777712036683	1.402291017392931
YGR196C	4.754098597800167	11.191854476737195	1.2352053794141815
YGL254W	4.063106873273144	7.116453074753399	0.8085750511149669
YBR179C	7.582960912908419	11.481952054917109	0.5985347449453786
YLR088W	6.856330661164308	13.26301687220137	0.9519003821287219
YLR459W	5.114797249468738	8.297454984120046	0.6979918446424392
YOR178C	6.924644188141052	7.090101614876626	0.034066361754966266
YMR250W	11.84885046961027	13.326259176328922	0.16952475617968282
YBR020W	6.954123812189547	9.07469787578243	0.3839808589762735
YOL051W	6.3768414458320235	11.568333952525599	0.8592671899563369
YDR009W	7.013764743954884	12.29019760375699	0.809247166211732
YPL248C	4.6363441935241925	8.190196638659724	0.8209104166850862
YML051W	7.275473329256066	16.251206983778452	1.1594338563294033
YER027C	6.758180219595541	9.32158227549063	0.46394004018973173
YKR039W	4.006787110333832	6.3658613653594145	0.6679098803971509
YHR089C	11.071274893723936	18.355455887623833	0.7293875837967282
YMR307W	8.918245730426557	11.939332225464083	0.42089029113747123
YLR343W	14.62814375271125	20.164358156847953	0.46306077524191913
YMR215W	7.896796714647206	16.61088597000053	1.0727895669589573
YOL030W	14.21063833960762	26.303712300629826	0.8882950629360803
YFL021W	4.531938341072104	5.323065071606292	0.2321289697228688
YMR136W	4.615221806922227	6.435032034810437	0.4795473452119776
YCL011C	8.96395399183224	16.166026074620515	0.8507579304974414
YOR260W	6.5821351363615666	13.028062801898649	0.9849950278562095
YNL062C	4.786757357682134	11.836163010514538	1.306080888594431
YER025W	9.239943383135179	15.010753906824677	0.7000405205340199
YJL125C	4.179389374869907	10.778280480096445	1.3667629557386929
YGR083C	5.377427521045465	13.032533232593364	1.2771294590550832
YDR211W	6.441711907117025	12.097235704026296	0.9091613745055976
YLR291C	6.463585960556562	13.656435452149623	1.07917427520069
YGL195W	10.294684916424481	20.7173320314966	1.0089385504836845
YDR283C	6.745344868212568	14.387567920087253	1.0928586283538797
YFR009W	7.319332934006512	12.894645234759327	0.8169880054418056
YKR026C	5.156498401650666	12.836845527397852	1.3158271048574415
YEL009C	9.260455691561726	20.900996589651108	1.1744166407668326
YGR252W	5.9120721168758665	6.415571448717934	0.11791390704987069
YPL075W	4.067433862896212	8.557369015946925	1.0730484170331287
YNL199C	4.432455077769177	6.746282245794825	0.6059866682778529
YDL226C	7.33572425176664	12.398193964455153	0.7571186651399988
YDR019C	7.194327792752016	15.675132836487993	1.1235458698597418
YMR189W	4.952440058440304	10.69379642801536	1.1105626995493625
YAL044C	13.948153826000947	24.0266962527758	0.7845641069924372
YOR120W	6.467805265236326	8.821355636398168	0.4477241390250401
YEL042W	10.751619549267591	17.720352985893854	0.7208533486351412
YPR184W	9.932072254751201	13.967062200039472	0.49186193736121275
YPL110C	6.544586875165381	13.257482738588708	1.0184328395520383
YOR375C	7.527339124306012	15.675125676677755	1.058265135161217
YDL215C	10.613201227109268	17.18225848810765	0.6950598036041653
YAL062W	16.080603014013583	27.219233158110008	0.7593049148382949
YER136W	8.509301022480429	16.377062768765477	0.9445640974507434
YOR355W	7.116832880924445	17.65902693245025	1.3110985843852863
YBR187W	5.890424767211969	13.726383005241651	1.220507937877408
YJR031C	5.322368385829149	9.426450860638214	0.82464631667289
YEL022W	5.997993518539164	12.001149985550722	1.0006207874102142
YJR040W	4.155503490297403	6.523600470768207	0.6506451410033941
YAL048C	5.312831861065151	7.095898143406705	0.41750424537529746
YOR205C	6.762674664564931	11.813873272527335	0.8048161852823615
YHR100C	9.821556611027706	14.722525930917444	0.5840016151469561
YLR091W	4.333493129492431	6.899158865610506	0.6708900642310416
YGL057C	6.124211427342919	8.336975068940234	0.4449999308623823
YGL020C	8.478199204777663	15.338945374606345	0.8553695244718222
YER083C	8.477708691841922	14.171991885714661	0.7412962455843114
YDL100C	12.032686537977842	21.251233839868167	0.820587817090148
YOR164C	13.155828511985984	22.920677016757224	0.8009475504740352
YKL104C	10.232586420150696	15.093133028504694	0.5607214599686711
YMR255W	5.678856096679528	8.10025843298868	0.5123675828391221
YCL036W	2.812819810380153	4.106528985663935	0.5459023449074425
YDR358W	7.562977412787845	7.951541925676519	0.07228033793129668
YHR108W	9.027792548103845	17.675240560597853	0.9692846783204491
YDL198C	9.865564429675722	12.54594189188964	0.3467472877148023
YDR309C	4.212268756746331	8.244692363886324	0.9688681750144605
YCL039W	8.080569889116013	9.617519644630462	0.25120782748730297
YMR135C	7.3581321051075355	11.65585284045575	0.6636430848057377
YNL153C	4.331995831487088	8.355142619420883	0.9476326001095488
YEL003W	11.060117189385135	17.03638300737232	0.623252397668154
YML094W	13.08771386790421	18.34994957164743	0.4875629857347359
YDR507C	3.7840608509276423	6.12758186553509	0.6953825652405616
YBR045C	5.40022937803098	10.714463731276709	0.9884670505727361
YER054C	14.591551632582949	8.330851204094323	-0.8085974888475224
YPL137C	2.528364402350613	5.2240790678763815	1.0469723246685578
YAL031C	4.498188348977593	8.071727104804234	0.8435333283434294
YDR152W	7.296763310655754	13.247448696024342	0.8603859781080837
YDR096W	6.747447115559389	8.863308396214007	0.3935035479812571
YNL255C	13.423747783747146	26.33872684172932	0.9723980958358215
YLR094C	3.436914830679667	5.01688624451925	0.5456781249665368
YML006C	3.257234507144184	4.155008029976631	0.35120367372347
YCR098C	5.996601807832835	11.418566820981667	0.9291645031631718
YEL011W	14.008949787193584	12.145099358514596	-0.20597451225947186
YER133W	9.072782726051145	16.315522703785476	0.8466281933105373
YMR311C	6.668819748625939	12.725652988197854	0.9322363266894135
YDL207W	4.295231216822659	10.151867872832497	1.2409374972905043
YER107C	4.962422338039183	7.827457998566201	0.6574993377732316
YKR058W	7.768543880192007	10.611707076006965	0.44994064397929195
YJL137C	5.974799586093573	9.602277598151993	0.6844863230635851
YCL040W	13.162979087754433	16.294570548613837	0.30790528823467744
YPR035W	4.437451516167563	13.193337899226531	1.5720063492056948
YER040W	4.077359357153871	5.798671507513738	0.5080872984376479
YOR168W	9.191740806900079	14.9291190094319	0.6997190104366536
YML004C	11.906130128922353	16.567986486101844	0.47669371431209834
YDR272W	10.218923636006696	17.118637444829467	0.7443246306946935
YER122C	6.945436514909439	14.092167489996253	1.020756252595034
YOR040W	10.037144794115036	16.9659850385585	0.7572962618845771
YPL091W	12.053318005372692	19.958828179710252	0.7275966774390386
YDL171C	10.324500362839187	18.74781183939959	0.8606502540452016
YEL046C	3.8639095184768903	10.281713331850622	1.4119474775020588
YKR030W	6.809778146603486	11.41568102739777	0.7453372262002471
YFL017C	10.346594886040844	18.3911767212902	0.8298577425673169
YHR183W	10.385750708131546	20.407335563957126	0.9744823309913684
YGR256W	7.763957583942512	18.984495700062027	1.2899575345811716
YDR508C	5.25729811377217	11.314995557281176	1.105842568142528
YOR320C	7.704726554133325	10.830590075097309	0.49129618582820506
YJL184W	12.256892517206223	16.997442008228074	0.47172438779915
YNL274C	11.54992100100154	16.99585357785552	0.5572998358079005
YHL031C	6.805947653720588	13.29192526766964	0.9656821264547584
YMR292W	6.740964897075829	14.258009998960304	1.0807456201385506
YHR005C	3.417546163555624	5.7111553782679625	0.7408218096248435
YER020W	7.840993830318381	10.476799880804064	0.41808968586402107
YOR371C	6.46763469132165	14.531764199153171	1.1678997619574019
YAL056W	5.135350584001533	8.503863526595325	0.7276556732046549
YDL022W	5.524783511813662	7.0492569243634815	0.3515532545610023
YOL059W	4.448835714539634	10.546147979829556	1.2452164162216939
YGL121C	15.553660689126303	24.298540321574936	0.6436154787493855
YPR160W	9.598452983925975	13.240319413559636	0.46406412108435224
YGR216C	5.390000419746349	8.4376804166919	0.6465610601360612
YGL142C	6.109778906915407	8.075796253203357	0.4024843383891303
YDR302W	3.512557263245427	6.125826788938222	0.8023828295608348
YMR281W	7.791817949707434	14.40735422634734	0.8867735472241043
YLL031C	6.099407067588645	8.755008996824401	0.5214396582359421
YJR013W	6.557194228785656	9.947111443728138	0.6011990109917984
YNL038W	4.339640224304267	7.929039891577851	0.8695707423040394
YHR188C	9.31758512916836	17.42202280840396	0.902884139630437
YDR434W	6.527962553022506	12.60887942324172	0.9497353795448391
YBR004C	4.148239610916737	6.77635938905351	0.7080111614463127
YPL076W	6.191766726354086	8.2733012663541885	0.41811199857595305
YDR331W	3.9002676691862304	6.118824662563712	0.6496814214997225
YDL021W	5.857269485851992	9.942017224622838	0.7633103301428896
YOL056W	4.182972481501429	5.45950144188663	0.3842407042263417
YDL035C	5.665079050692935	11.791997342527262	1.0576401117051584
YKR067W	7.813848828973668	11.591630249381826	0.5689782318251241
YKL026C	11.05838414273343	15.485890092103208	0.4858137145051256
YBR244W	6.976241198423903	17.296881690238163	1.309990143699497
YLL035W	2.9850855540504666	6.047329981079473	1.0185260233779077
YPL223C	15.320265379461516	15.69519456358661	0.03488162521133038
YOL151W	9.893765724857813	14.485318162496531	0.5499997296632494
YHR104W	13.806691022477146	17.917998190795526	0.37604186982930077
YDR517W	8.349832192005522	16.72502804749301	1.0021895213320338
YJR090C	5.291488878837454	9.060771273257508	0.7759601469481305
YBR121C	14.287863024500437	24.415397333867908	0.7730011017018966
YPR081C	5.9639041921243425	12.503366088221139	1.0679875551231275
YCL035C	15.94150567555481	30.199762674804024	0.9217493138171643
YDR513W	10.071213218176094	17.30236764849287	0.7807319825709387
YDR098C	12.216835600867864	20.473781741636614	0.7449069619098931
YER174C	8.283870415799482	14.287189933865804	0.786345298016482
YPL059W	12.39819481025749	15.576950562794721	0.32928275237149
YDL010W	6.712407577726516	10.857355131996528	0.6937704791986851
YBR014C	9.434418517558312	18.38416716278603	0.9624583148490516
YLR364W	7.064899835576272	19.395550374773272	1.4569847032192011
YGR032W	9.37278048073109	15.19450264960033	0.6970004540015204
YML048W	7.117738063233137	9.605902858277766	0.43250237725560214
YJL101C	5.717592974508792	13.263500069040168	1.2139817087823226
YOL049W	11.107900425401965	19.556895331381767	0.816091210212308
YJL103C	4.768609678219569	10.60196310750532	1.152690820734507
YLR293C	12.510656435344949	24.56888272958621	0.9736747627699481
YOR185C	16.28755549202945	28.949398154877642	0.8297632614446893
YFR015C	13.18323317897293	12.35058127685155	-0.09412529024831838
YLR258W	9.877403548294733	14.018114387216826	0.5050885431280379
YDR221W	7.461566665235329	13.709567135425008	0.8776325379615617
YGR102C	7.743923265818834	16.176920396907366	1.0628004256091546
YGR154C	4.377850963260754	6.287697949475617	0.5223090734232804
YML121W	4.80723945670144	10.340614656375275	1.1050413699731227
YGR163W	5.1470248942461945	10.194782536114955	0.9860203362457207
YGL181W	6.149515956030385	9.285732810597494	0.5945429123847079
YIR038C	19.76393139192241	35.43941545839026	0.8424848553519084
YLL060C	6.40315357688578	8.427902304157785	0.39639097780127175
YEL017W	5.465761489517266	6.231791994125568	0.18922457359417827
YMR217W	12.486223000121083	26.975544881047902	1.1113149638836117
YDL238C	8.408091152259583	10.395503454883036	0.30610941492032245
YLR289W	9.138764904395671	10.974400532391666	0.26407103120902875
YDR454C	19.15642285361307	44.73431309473426	1.2235536769580966
YGL084C	6.960178299582256	9.842170707380362	0.49985227527702925
YPL189W	5.964227158678288	14.254676915981554	1.257028229281689
YGL245W	19.428945848102437	39.5114529460999	1.0240632721333953
YHL032C	6.281345585174407	7.167649940790119	0.19042653438248283
YIL155C	11.35198956399618	21.08174203299034	0.8930489168941469
YIL041W	14.162958393697986	28.128228938576854	0.9898960672873219
YJL091C	5.919566950599533	9.510451171774104	0.6840221450401719
YMR192W	4.815964537056067	8.452672698480168	0.8115828187752531
YOR070C	5.151681130250927	7.2457077561766425	0.49208331940804645
YPL249C	5.7888788125732695	9.89203400653432	0.7729832446417146
YJL044C	6.270445385609949	13.064331709900632	1.058993501765277
YDL234C	6.4463952917929515	9.359793484576269	0.5379840414827245
YFL027C	4.593384630514972	9.013340995116737	0.9725043783778611
YJL110C	2.894904637278393	4.647349253147104	0.6828922446122485
YPR008W	3.6113169774447442	4.995775763298445	0.46818366661164895
YFL031W	10.023033176688084	14.91781311872511	0.5737168948829201
YPR005C	4.327344003782557	5.786307699497149	0.4191612308694488
YJL165C	4.9229587505661	9.833279695553815	0.9981470278731548
YOL089C	4.2162043019343365	5.165661418829055	0.29300830927035904
YJR069C	5.830911187301032	12.90295907563739	1.145908707486859
YLR256W	5.751521966254106	10.553682509573147	0.8757308108770798
YGL237C	5.833937748520124	6.990351804714614	0.2608950722749603
YBL021C	6.370092790626014	4.598395869399021	-0.4701837168247315
YKL109W	5.29077076678945	10.936542092920483	1.0476068435027241
YOR358W	7.483062014915774	11.366616782522541	0.6031022706252149
YMR290C	9.736404080805727	14.953333222106952	0.6190061597520561
YPL001W	3.6723866937590093	7.287121831373306	0.9886311317403401
YEL056W	5.393639442221003	6.3724624744305025	0.240591890152432
YCL026C-B	12.555432051975759	26.703344689906476	1.08870878112278
YKR084C	7.099251085417318	13.1332406395337	0.8874842016291201
YDL223C	7.527499431121051	13.847194139467039	0.8793510731855135
YJL033W	6.019875256384434	13.466102651838334	1.1615268706814503
YNL281W	11.351977338324803	21.73989507989138	0.9374013632146975
YCR065W	3.52724472418075	5.577145171122769	0.6609851492797535
YLR192C	11.355242350900674	21.00828147614193	0.8875996538938598
YKL017C	4.208432444907834	6.136069674749755	0.5440319057363844
YNL021W	4.755995424669163	6.851098834165728	0.5265880704376293
YDR295C	5.049954269663756	10.726694019444196	1.086863275602467
YPR179C	4.616946559287445	7.697820634380601	0.7375110221192047
YNL014W	5.25626902502706	5.262953359080298	0.0018334923506855042
YDR458C	4.835862352977237	6.263952342879184	0.37330005583593073
YBL032W	8.167013080579423	12.692105171445474	0.6360509376282227
YDR232W	5.5156096840796565	11.30361529820635	1.035191999364568
YDR047W	9.507212068510709	16.52762888007992	0.7977855178939991
YDR044W	9.498877914943304	19.33995480254976	1.025755417544644
YER014W	8.374731351468672	15.910168433699937	0.9258342920350136
YOR176W	9.989372027002965	15.838195939635142	0.6649421213876464
YGL040C	11.572871014506921	13.772724312542923	0.2510671451575875
YDL205C	5.676622931088366	9.961599584731019	0.8113445078059829
YOR278W	9.660381388096003	18.195144021961354	0.9134014184059385
YOR227W	9.429975841238276	13.80610987079439	0.5499808906327812
YMR293C	7.308665933347639	11.46049613198535	0.6489895035449305
YMR207C	6.965566132710023	13.765667583683516	0.9827620579207295
YMR110C	9.336537200443157	16.31344823337518	0.8051022845000096
YPL254W	3.6901724716848285	5.067585313073362	0.45761022504563814
YGR187C	3.750015045643326	11.394803242627189	1.6034077243349916
YBR009C	5.752084667023093	7.933468051584466	0.46386675483168
YNL030W	5.4840208729382605	9.111108503750064	0.7323925280907421
YPL127C	6.732813495761103	8.648381588374933	0.3612206782223543
YBR010W	4.8674675879028335	8.93938137632314	0.8770036252019595
YNL031C	6.449985877601698	13.457481744344568	1.0610405614438148
YLL022C	8.095005311642394	12.422298278559598	0.6178281823645758
YGR191W	5.4219926211537	10.901736371266535	1.0076628832756271
YBL008W	4.842898205692658	6.8716478239926975	0.5047854205733687
YOR038C	4.8147522651649926	7.004866481363707	0.540895983364486
YJR140C	6.23952777755292	11.385306274914704	0.8676643500763702
YER055C	6.161897306231397	13.193876698576801	1.098421983765412
YFR025C	7.8373799942655005	15.064196746726681	0.9426803948896576
YOR202W	12.841520065640184	20.172757962951994	0.6515923526039088
YCL030C	11.675027376062987	21.416336973469406	0.8752858114011457
YIL116W	10.842434079518515	21.46541516457109	0.9853254045094207
YIL020C	5.73346540465549	16.603367284503065	1.5339965630602586
YBR248C	5.422644793834781	13.634812550751029	1.330226290511248
YJR055W	3.2762805453272428	7.251127146773698	1.1461463722471403
YDR420W	4.851283058633216	5.47868522675801	0.17546335803719879
YMR161W	4.381116266981346	8.905371081969488	1.0233772271849864
YDR528W	2.957209306675173	2.822069799774903	-0.06748268745186448
YER057C	20.877223047895576	42.212056676081616	1.0157252959079082
YML075C	6.478046309071528	12.232893051884421	0.9171349518155822
YLR450W	8.89872347175012	13.23421533941637	0.572602359150524
YOL095C	4.06277104155966	5.331161957229018	0.39198594745603627
YCL066W	7.696391143691529	11.622070112270759	0.5946130368236305
YCL067C	6.011053991821754	10.952991891632342	0.8656351229516869
YDR174W	7.609443054512098	7.187879931226613	-0.0822245549963659
YBR034C	4.07879736636693	5.230260630945023	0.35873900352227944
YLR205C	7.458011524396782	9.888810161913144	0.4070059175404338
YGL077C	5.4643673776600075	10.924524452661878	0.9994440936445331
YDL125C	13.020110174677702	21.61067834321471	0.7310027015637764
YDR305C	7.156868366300884	13.351216233959434	0.899570820693571
YOR258W	5.226761161717685	12.296373243969207	1.234243720782582
YJR075W	8.049753667074583	15.118175311666064	0.9092674833006525
YLR113W	8.756910118055703	14.687746883953315	0.7461192931480009
YNR055C	6.4534956971444615	11.54323839383673	0.838895271968466
YDR158W	19.225200622974064	33.31542986293981	0.7931918551690316
YER052C	4.564822492042075	11.57834787299084	1.3427987426056063
YJR139C	17.648057478936824	34.12024342265397	0.9511185444099607
YER062C	5.008513298771737	9.442765793024538	0.9148270631002106
YMR251W-A	14.752851039528569	24.131580570824745	0.7099286250932648
YPR068C	5.019648976724793	4.849200797788388	-0.049839485555982735
YGL194C	4.6703062804148505	11.901667427247215	1.3495746390848122
YPL116W	4.396762024579952	5.000010922405571	0.18548979785102282
YIL112W	4.962825441508164	10.71290872781764	1.1101166318635656
YMR172W	3.9490667339314616	7.4288652789064	0.9116301157036094
YKL084W	12.106856945257602	10.276081735137245	-0.23653410586365883
YPR193C	7.3467971535314955	9.867347851729843	0.4255469267556608
YEL066W	13.658421426016094	22.784910041876337	0.7382879210237149
YBR215W	4.951385899024431	10.391662671733751	1.0695222057576808
YIL110W	4.919260545480295	11.069335922019985	1.170055300108038
YDR138W	4.023928487455542	7.027899404208696	0.8044888750271665
YDR399W	5.8340740545798475	12.131186507129154	1.0561450578467682
YNL004W	5.809700914537254	12.287432318750417	1.0806476697781955
YOL013C	5.911613516112965	10.000982602078624	0.7585178940249446
YLR207W	4.742071611358211	8.003490757748535	0.7551119255310067
YLR301W	7.326292872719499	19.069091419412768	1.3800808256656731
YOR267C	4.989789875781858	7.887964044039325	0.6606739116986604
YOL123W	11.539578175871982	17.30519940517404	0.584615077679934
YDR291W	5.3453686261799795	9.909962520912657	0.890590158999791
YPL204W	3.8334117546420963	6.551442724483069	0.7731836750964264
YOL133W	6.8996564631036525	14.233836287838987	1.0447281114691018
YLR097C	6.339905801293096	13.190474785395235	1.0569631847180496
YMR186W	13.628948825858515	20.20515114439898	0.5680488494353977
YHL002W	4.9597877181576475	8.250431040078606	0.7341911205503167
YGL073W	5.292573730262582	7.844395764730649	0.5676928616843891
YMR288W	4.052168290811144	7.038864466064865	0.7966486150595162
YOR319W	4.7061657183474495	10.42744893130169	1.1477622183776484
YKL138C-A	7.047175291264027	14.554587093819121	1.046356906330867
YKL101W	6.445350390623809	10.207506032414008	0.6632997246459615
YBR133C	5.146456708370579	7.8237818586443115	0.6042866550538102
YBR272C	5.716800374904508	9.117669632266544	0.6734572221925539
YOR020C	19.996152499183378	28.654618875424994	0.5190452728403413
YLL026W	13.045904462937651	16.07783291679303	0.3014759944474454
YFL014W	23.446446855992512	40.43997595365218	0.7864128303633767
YJL159W	6.453373643454852	13.164096908867132	1.028483088645408
YBR072W	18.89693239122056	25.4525162026312	0.4296562308628511
YCR021C	14.111810329026936	19.625974638226836	0.47586122545072457
YDR533C	17.836570153905846	27.633554817590387	0.6315829424248172
YPL280W	16.775567971341086	11.30916832841869	-0.5688687746293851
YOR391C	4.682015736417983	9.984844390690368	1.0926101606846534
YDR171W	17.952822593484967	15.171639468560997	-0.24283369282016493
YLR259C	18.556751082461723	26.039010743451424	0.4887304942414544
YDR258C	12.218559838912952	15.692370660008564	0.3609890684562595
YPL240C	12.96759959821841	14.919407995276579	0.20227883991033738
YOL068C	3.8362151540303593	5.873876154541348	0.6146292119003999
YPL015C	6.42160547354519	8.817570093051705	0.4574471066187989
YOR025W	4.5957312024190635	3.159942990540356	-0.5403958887813868
YGR223C	7.209825853014723	7.098744059696875	-0.022400613472139255
YDR225W	5.1172138090943715	8.911137163701802	0.8002510342315602
YBL003C	6.061246043683893	7.417522076216505	0.2913229085559997
YDR224C	4.895550531079262	11.403868598880262	1.219980308116719
YBL002W	3.372272882869601	3.4670300567067107	0.039979060478911664
YHR067W	7.483713746926467	13.08800699354477	0.8064191428288775
YCR020W-B	4.5062317776108785	11.998980768815759	1.4129184385025237
YPR033C	12.146848855916595	20.202797690469744	0.7339729943185592
YOL012C	6.755366134097222	11.775145025940493	0.8016389591654187
YGR268C	6.116114793070695	6.830845613887942	0.15944870092700913
YOR284W	6.450844608068124	7.179567528697928	0.15440887917274773
YNR032C-A	11.094923033003031	13.544459616310423	0.28780317604611627
YJR036C	9.968871922126043	10.202659675722469	0.033443125975418556
YGL141W	4.968705764251445	9.167628931175432	0.8836785395585411
YPL244C	7.7329156059082935	15.126684843536754	0.9680114686712227
YER039C	3.282497311774301	6.69537703006648	1.0283714692664316
YFR053C	15.455015735297547	20.142047354032336	0.3821352115992684
YGL253W	9.456040241291724	16.16979585599765	0.7739933846726226
YMR011W	5.41850920330608	9.27269558328554	0.7750928160462989
YDR345C	5.411833703847785	12.37574964795129	1.1933265039445689
YHR092C	4.414114347497606	6.9399247406215006	0.6527960146414135
YHR096C	8.001117860493286	14.386982741013679	0.8464905771912193
YDR343C	12.42439399134516	16.324052356721822	0.39382375789712215
YDR342C	11.128124756531005	14.845958277938404	0.4158597204850825
YKL189W	5.76301488608968	7.7016686004896915	0.418347299652736
YEL034W	10.489310332038805	18.742130683095006	0.8373651494610094
YIR037W	20.771138358370948	42.25617750279981	1.0245819818839956
YOR126C	9.24366418283681	14.939359738857092	0.6925815658233968
YJR122W	10.52646376221276	14.354253112325445	0.4474574036110929
YNL164C	3.0365944289365614	7.342404857200831	1.2737984328911551
YIL090W	4.935522813626282	11.609912701720877	1.2340823034729076
YER065C	13.505300183575836	19.746331841136286	0.5480589701628953
YPR006C	3.648516972879303	8.825899169110993	1.2744331002516842
YER078C	10.171454137907103	14.623032325988813	0.5237165634037995
YBR157C	4.486742161576618	10.395934632147917	1.2122792829973335
YLR099C	5.060044666497705	14.396735511746463	1.508519689616488
YPL250C	18.407443510810907	13.31167203383244	-0.46759747949442015
YNL037C	6.1748918080669215	16.924868476705495	1.4546588584633844
YOR136W	7.748999996408607	18.908092868637357	1.2869218071196715
YPL117C	6.13253526146387	13.132875719525789	1.0986273299931575
YDL066W	11.78529839432286	21.37552714158727	0.8589717117859589
YLR174W	9.910598784209288	17.847831598152286	0.8487046755909216
YNL009W	6.020140458897362	10.161687207601908	0.7552709088269264
YJL146W	4.652403205270253	7.172878940327007	0.6245761471424821
YFL013C	4.5306898171567145	7.72004917933408	0.7688793144134108
YNL215W	6.037583074805247	12.27977534644145	1.0242411273003702
YLR052W	4.823032775138181	8.544330462647327	0.8250268321035149
YOR189W	7.859661514456098	11.277934681618007	0.5209638048554953
YER092W	9.083141763544928	16.811031875341204	0.8881449790869078
YEL044W	7.140863196961712	14.019124466081543	0.9732258669940925
YBR159W	9.88920650573953	14.131043018062181	0.5149412843358554
YLR223C	2.397448207655972	7.724602595039252	1.6879610642165155
YOL023W	8.092847438965281	8.375619246973894	0.049548460310957984
YFR017C	12.678988801248641	12.803173356218743	0.014061747105578993
YNL157W	6.479855682525815	12.570095024314686	0.9559619686379205
YHR132W-A	9.854867161836772	14.23538230895851	0.5305729091957665
YHR187W	5.3395400374871365	9.569065005822893	0.8416624961518068
YLR384C	9.086653969776162	17.4123617604728	0.938290853556832
YJL057C	6.760551186483578	9.229494576655124	0.44911077155651
YJR118C	8.18924265495625	12.842980106350371	0.6491780646234411
YBL076C	10.831064436031905	17.151106920039425	0.6631266573740467
YER086W	11.568549350152537	20.93221971409495	0.8555173397322561
YMR108W	9.096965323346211	18.01999268567291	0.986141166689474
YJR016C	12.958738137182447	24.262839842445587	0.9048231784859676
YLR355C	4.717591403605372	10.715068224451315	1.1835186603913366
YCL009C	19.454710479587348	39.447195359736014	1.0198032196677982
YGR287C	8.94339113395274	19.575802367556236	1.1301775635502966
YOL157C	10.669201156510113	17.68685937562097	0.7292257337943878
YIL172C	12.02957106063323	17.222642073371915	0.517721278050417
YJL221C	12.021020971068667	17.40583997435109	0.5340120051605757
YHR216W	17.650151646710675	31.2847688419218	0.8257798653289656
YLR432W	12.786178558189292	23.62442315457939	0.8856939567560045
YML056C	6.672106624580156	13.533719080870268	1.0203440987000054
YJR094C	4.422375525738886	3.4711431637441854	-0.3494106678413466
YJL106W	6.286288980546679	7.151726948708049	0.18608306149155956
YCR046C	17.460337311510422	18.1704189596868	0.05751025424951191
YCR071C	13.437517008913073	11.031045194669153	-0.28469708766378443
YLR309C	7.306140951174681	13.707248640959072	0.9077575264359601
YJR138W	5.592386985359497	8.944298002217181	0.6775040594184436
YJL082W	5.472206061565041	7.605383996676236	0.4748985342034397
YBR107C	5.375399628438741	6.830440964929151	0.345606705815829
YGR031W	4.45945604924075	7.594886254433639	0.7681606128590763
YMR150C	12.075695099911968	17.350639477020756	0.5228826001919419
YMR035W	8.682149716627773	15.670374788547832	0.8519154791548691
YIL154C	8.925010498530675	16.183351772267123	0.8585846673932004
YHR148W	4.654381402108803	6.445552128723166	0.4697145088798413
YNL075W	3.8752773472266666	7.221654119645362	0.898029758822629
YDL181W	11.355746907182317	18.82685141309809	0.7293691447486577
YHR046C	3.40071971451755	9.254792400217351	1.444360523704248
YDR287W	10.249441794533848	16.749004482918398	0.7085300083322248
YNL152W	4.169238137162348	7.000791262929198	0.7477342136934175
YJL153C	16.872080229631774	28.93773252807641	0.7783140206193271
YDR123C	3.5177314889622524	8.468743716700091	1.2675026059245653
YOL108C	8.654617366503494	13.045004013652717	0.5919554456175053
YGL150C	5.887420168337417	11.35084892169512	0.9470927022029535
YMR204C	4.795286085591465	11.91672119129166	1.3132985484400002
YMR163C	6.856596610702719	8.136588071102032	0.24693130596194196
YIL002C	5.278867191150447	11.15649912084618	1.0795841089866758
YNL106C	4.409996014115705	5.052702860253343	0.19627798849407974
YOR109W	6.257443079919831	12.005961716073841	0.9401058049175005
YOL065C	4.760643307313099	7.912159796247007	0.7329150249068528
YLR095C	4.016160702924213	6.699906572251655	0.7383239793156496
YFR013W	5.776653426177566	9.245983464536815	0.6785928405574364
YMR044W	4.361478769058592	6.140424416686908	0.4935210090022975
YHR085W	2.9305223494799204	4.811344138215681	0.7152821539013474
YNL182C	3.5695672795980053	7.65762657697036	1.1011481147867348
YDR315C	6.201155516756497	9.82041553435657	0.6632470002277058
YDR072C	3.5940148736047157	4.565914250779714	0.345307386214414
YPL242C	4.679221337601268	8.573615638832651	0.8736352685758336
YBR140C	7.780857116417474	14.754872422705267	0.923190454494808
YOL081W	9.247331801096959	14.532716311734251	0.6521953228285123
YPL017C	12.623710924533832	10.678329257121185	-0.2414501349198428
YJL037W	8.188876238701043	13.946311320383831	0.7681462028526905
YLL033W	4.857509319651187	10.093856276426768	1.0551887808766909
YLR247C	5.449503467852124	10.263048641187307	0.9132626578716959
YMR073C	7.304821798647557	14.211548263753887	0.9601427522158446
YEL001C	14.356639880534118	24.27326553594512	0.7576500793618425
YOR044W	7.87265286086411	13.038467040430035	0.7278524887876553
YIR036C	14.463758283209032	18.847242544601862	0.38191099180096894
YLR021W	4.9270385176237355	8.494832471485518	0.7858647458653957
YDR332W	4.647381825063132	9.303119366020734	1.0012963572988032
YFR038W	5.255926713161126	11.739310559046643	1.1593306180637297
YFR043C	7.550795617634336	16.107542929009824	1.09303586727955
YFR055W	3.916390109023581	4.992830766197214	0.3503335288307315
YJL051W	4.370333830907368	10.885195708741431	1.3165519561934274
YHR079C	4.721058269938386	8.151174182542096	0.787897605978753
YIL026C	7.483234182566303	11.74430812715661	0.6502278957011961
YKR019C	4.525243038198903	10.350605981265337	1.1936480509591716
YLL027W	5.947797041095745	8.924696725893089	0.5854477265024413
YPR067W	7.601999368371256	10.551778926790433	0.47303543327684394
YER019W	4.588224502435109	7.512348364284488	0.7113279811762815
YER180C	4.456792834209998	8.994401770969768	1.0130214277044132
YER048W-A	8.735674042466327	13.031673649572296	0.5770314496680998
YMR081C	12.127840567146835	13.63184846688072	0.16865851056333683
YPL040C	12.311496398732166	14.68702613826744	0.2545361807600013
YOR155C	7.077562723045247	12.168795122423713	0.7818617937245859
YPR106W	4.286303676434797	12.519900224879226	1.5464170940762876
YNL265C	7.687323742313625	14.262868673187194	0.891710846233365
YBR086C	8.102167598821241	10.251418890644196	0.3394437722421302
YIR005W	4.673593946096322	9.108627491692596	0.96270128740015
YPL135W	4.372553397270261	8.007837041108345	0.8729366134049625
YOR226C	3.612921412669956	5.320075245414939	0.5582807768973784
YBR245C	5.106174491675585	8.987242741520564	0.8156357298673564
YOR304W	4.801266893187895	8.719189932930316	0.8607789710033279
YJR050W	4.385070022767203	6.660846823264072	0.60310572477724
YGL133W	4.357259991031915	5.6147718453428705	0.3658062010887467
YDR497C	6.35882492213528	12.351889233002275	0.957899627549925
YOL103W	6.7078995135615695	14.278415792048962	1.089902937288557
YML068W	5.052345345985042	7.708831708742139	0.6095589770461829
YDR229W	4.45473286166672	7.384385306295859	0.7291389128349967
YDL115C	5.576407154748801	8.886036481707848	0.6722041626405126
YKL032C	4.868818528540611	8.19641552650262	0.7514213960245218
YDR492W	5.253866559188569	14.033047323767155	1.4173768654667043
YOL002C	4.633873605062341	11.95904124374298	1.3678111348543365
YLR023C	4.036405445491597	4.951497293208305	0.2947937542638507
YOL101C	5.114367450076422	14.469182414925008	1.5003556821025863
YGL018C	9.769954649783502	14.69633846205504	0.5890329871255178
YJL073W	4.232946818902388	7.895185339051639	0.8993107703608323
YKL217W	7.0039939635420865	14.150911067059084	1.0146451944713868
YER051W	4.95502575201129	10.244148981443933	1.0478356789789756
YJR119C	3.4188354256558684	7.927562184434639	1.2133723123439666
YPR061C	6.216047127240341	9.375123314915664	0.5928402253472852
YDR475C	6.896829788715433	9.391883184345906	0.4454811023884683
YPR169W	5.879886083430976	13.788992577172916	1.2296569477482417
YNL227C	4.367724602246872	9.138590277629437	1.0650897387651328
YJL162C	3.6348916823647137	7.713107879409092	1.0853999159715237
YJR097W	2.3863296918079504	5.108584301648902	1.0981301673575201
YMR294W	5.387732612468885	9.23205776828518	0.7769739983383496
YJR091C	6.386248562515276	10.718709514108825	0.7470906110576764
YKR038C	5.9180230766008455	10.900975591953795	0.8812700287161696
YBR017C	6.505825232119648	14.096621194434519	1.1155454333991301
YGL241W	5.351349014172034	9.14867523823319	0.7736602266215006
YPL125W	5.649928645681083	11.395547670457818	1.012165709638365
YGL016W	5.733525072291509	11.414500220103243	0.9933733818269735
YER110C	9.714798651936855	16.756046886901657	0.7864258262208058
YLR347C	5.143510352881481	10.671571464404337	1.0529474248850017
YNL188W	3.8445462721965953	4.20186167827175	0.12821532704701263
YJL034W	7.5970907378606825	14.977390095614497	0.9792672893483452
YPR141C	3.723020078061225	6.835646810317167	0.8766044600224016
YCL055W	3.9275162663518985	8.150245128709116	1.0532262001821808
YMR065W	4.786915837333294	9.368246525961313	0.9686825998600285
YCL024W	4.505174773536824	6.289704934389258	0.4814092633328399
YDR017C	3.7811112803392195	7.943893182571799	1.0710359145042254
YKL161C	6.113500505312903	7.864038375673157	0.36327167815922323
YFR042W	6.118127598974169	11.66048554911595	0.9304657634082446
YDR367W	10.122205903195951	16.795665860675218	0.7305652653775329
YHR158C	5.439493751969277	10.134823465868699	0.897776666631347
YGR238C	7.671841044814888	12.58969925705051	0.7145990861996326
YPL263C	7.463335844499156	14.324927074739172	0.9406352816481772
YPL145C	7.82876400005302	16.07499068947071	1.0379614430605704
YGL203C	6.01899892701205	11.208585679109017	0.89700878292634
YNL238W	4.4281918329036305	7.786813702635923	0.8143153883946735
YIL125W	9.829051885911078	17.547778523230143	0.8361642373394172
YDR148C	11.287230524440847	19.68470768290164	0.8023837440172884
YJL094C	5.0906357461474325	10.534724361631284	1.049234822671343
YHR102W	4.428922212672475	10.254183467768966	1.2111850519673657
YDR122W	6.106678608995573	9.325117529756918	0.6107339896243258
YLR096W	5.160171548958079	11.409299179451397	1.1447192425648443
YDL108W	5.336545959427896	11.236407231434182	1.0742026416704256
YAR018C	3.893574816052145	5.66394089637782	0.5407108625807493
YOR233W	2.9013410167826272	5.167885245033416	0.8328541582890973
YCR091W	7.997126174598556	6.717138671294201	-0.2516348373927371
YPL155C	4.042340798823828	8.360489152347556	1.0483963968696264
YGL216W	3.9304794492346753	9.322061212525766	1.2459436796510506
YKL168C	5.846619152209643	7.420770686350087	0.34396640868542405
YDL049C	6.913028398695225	11.201296653296847	0.696275989838037
YLL019C	4.410841547427983	9.46779817906926	1.101975018296415
YHR186C	6.125301303624054	12.95483739134021	1.0806381898197903
YNL322C	7.637960872309092	16.583832734057278	1.1185180360246336
YDR483W	12.271456007590736	21.863694160777236	0.8332307492003848
YIL027C	7.0078259594399945	15.637150554071189	1.1579387936944796
YDR532C	4.382489315809308	8.895230592678706	1.0212814314194847
YER038C	4.0655683649401695	7.7239554992303034	0.9258827977465419
YNL132W	5.417729234169121	13.111888824114214	1.27511532914558
YOR336W	6.6491093941329735	13.0607519372718	0.9740049396665543
YPR159W	6.743442932741772	10.951638946980083	0.699589522693576
YJL174W	6.8098791557534835	12.292242070690506	0.8520469809353381
YNL308C	6.779758159697584	14.594648103570805	1.1061337088448864
YCL059C	10.359710423759942	20.176702850676186	0.9617067604434959
YDR037W	10.317218499787717	17.175238315122236	0.7352760416458178
YNL024C-A	6.392392793375794	16.03030704069428	1.3263740934073105
YHR082C	7.994973773447504	15.78352024355078	0.9812538033922193
YBL071W-A	4.369772998215545	10.476521305542594	1.2615295128511055
YKL110C	5.758473749983642	10.706703784415676	0.8947560041391445
YOR099W	10.448403569121414	16.76595075269485	0.6822517697642815
YKR061W	6.205580570443483	6.016392566689206	-0.044667484477202736
YBR205W	12.265911345182127	19.688082093314044	0.6826681498164727
YBR199W	7.086860753178886	13.253270585922241	0.9031298182726001
YNL029C	6.595445058864958	15.301963526615236	1.21417486886268
YPL053C	9.027815229761455	12.805648417271545	0.5043315093823736
YIL085C	5.5601913313466875	11.482504907078827	1.046230966706945
YGL079W	6.161162162113849	12.045672706174127	0.9672405519222871
YJL207C	5.049665269834621	12.707987775753054	1.331475944024891
YKL008C	7.286232804980761	18.05708836776585	1.3093202858650554
YHL003C	8.322997939869875	13.813476804928568	0.7309013015615439
YOL025W	4.8775820829297185	8.489397937451706	0.7994960908259522
YNL045W	9.073509709642233	15.421604632387103	0.7652202764692541
YNL239W	15.943950520753281	29.960176987008815	0.910037008264815
YKL103C	9.953544194305588	15.678159418067281	0.6554739722585948
YKR063C	3.6988620549261224	6.599948064284221	0.8353731740816415
YOR181W	5.6978229915408605	8.475129148979242	0.572824549426456
YJL062W	5.700083193769164	8.967649409210793	0.6537469011648809
YNL071W	17.408274556464487	34.32782442210234	0.9796052117082347
YMR296C	5.9804887028509395	13.202977150248076	1.1425279948468523
YDR062W	9.299379487994242	16.264546542989166	0.8065242414472943
YJL134W	3.1735744375432935	8.326353313072445	1.3915760957698295
YOR171C	6.884311773443891	14.932336217958927	1.1170555579250618
YLR260W	6.108494755352324	12.643388172516683	1.0494943058920094
YDR499W	3.950481929412967	6.585965554466275	0.7373663043628327
YER127W	2.68912639443778	7.309050095916379	1.4425463553578461
YCL005W	4.322253601551534	9.819778443077858	1.183906751785868
YDL146W	7.98634946749123	13.304696202996809	0.7363274604401504
YLL049W	10.939257555449542	19.30177642873771	0.8192188051575116
YOR322C	3.992887965386478	5.804687652390104	0.5397858457937063
YBL006C	5.713612297128593	7.827460944559698	0.4541412609132875
YBR204C	7.746639706601423	13.457888493994917	0.7968095256622365
YPL213W	4.251354615487116	7.289235563603197	0.7778449216505686
YPL054W	7.596258010332203	10.613254820165722	0.482506349423239
YNL323W	6.198501704869193	12.80709939328232	1.0469523288575948
YOR123C	5.602556467810343	12.182972126293619	1.1207089425709862
YGL009C	7.698619377169286	16.201668343012813	1.0734707300612527
YCL018W	8.450602487815265	18.095057152662275	1.0984695569464642
YLR451W	4.826272874876181	9.179666600941164	0.9275322698551431
YNL104C	12.88548762771146	21.396245809158778	0.7316105487995375
YHR002W	5.480576839843682	8.866596524488909	0.6940526797819573
YOR108W	7.634406433472163	13.350028290593782	0.8062549006149223
YPL055C	4.37307265347283	8.19013332523786	0.9052396200436799
YDL051W	11.206909809221248	20.765533427881735	0.8898024078131215
YKL073W	6.396539524615055	13.625340345094168	1.090928732086537
YJR070C	9.478670124545708	13.091655361671585	0.46589096341810937
YGL090W	4.286751740608523	6.74353858719445	0.6536209576780074
YHR156C	5.168251933450019	7.858291898932476	0.6045393603188037
YMR298W	12.968630132020692	20.634331183605973	0.6700205806236402
YLR239C	10.896575005362859	14.654614891972754	0.4274803154263457
YOR196C	7.6148072428313665	13.246086249370533	0.798686734533907
YFR001W	6.315647699592008	9.016878616896165	0.5136974037120979
YKL205W	5.301789075489691	11.131826074125643	1.0701390922149094
YKL183W	4.600379615469773	11.795833530068212	1.3584525475461366
YLR011W	6.033602010148248	10.249971945403853	0.7645285196686358
YFL018C	13.366189614446693	22.00742974473077	0.7194024165209981
YDR503C	5.922430557792188	11.80336397517247	0.9949368056247689
YOR084W	4.139808169247224	8.891520867188271	1.1028662911353242
YCL051W	6.33052927957939	9.654596254063463	0.6088898035290181
YDL240W	3.9984466311036098	7.859057974485182	0.9749167625073983
YNR008W	4.284689140499342	6.494115055944514	0.5999424061900375
YHR081W	8.964962281727013	16.880100578506987	0.9129540818644538
YDR439W	3.9528370333491676	8.102943496350754	1.035557603079623
YGR136W	9.715456105979266	14.969230290873169	0.6236464088676746
YFR024C-A	10.211957111069864	17.52801842243455	0.7794035220207289
YCL034W	8.099558254637035	8.265290277654529	0.02922226160760832
YJL100W	6.150514684231798	10.460086325970607	0.7661157105549855
YOR142W	12.279953879546897	16.441587472813268	0.4210444589306796
YGR244C	12.705342960143028	22.194891936083835	0.8047923652622896
YGL099W	4.681893321249765	12.67545608174103	1.4368736909009094
YJL124C	10.107946075718726	16.19836010411651	0.6803578915129446
YHR121W	11.719729795296669	17.37172278682963	0.5678015279279482
YBL026W	9.72740044980273	13.449604531074332	0.46743753690067447
YLR438C-A	6.576721913659707	16.86378173713506	1.3584875252554205
YER112W	7.478063423457393	11.750519620492947	0.6519879434688319
YER146W	7.901271898731506	11.735301070587603	0.5706980414777021
YDR378C	7.5161882984499195	18.84751384155651	1.326301116174658
YNL147W	7.215703876246122	13.705083389485026	0.9254990679012498
YJR022W	4.7318357435346	4.878379108613061	0.04400188301498561
YPL004C	9.994446263900402	11.14809047537227	0.15759807351506822
YKL176C	6.504969167815505	12.782914858234127	0.9746027241794024
YGR057C	4.3631542419036915	10.639510950279654	1.285988457808376
YNL006W	7.635315310426655	11.74748019003521	0.6215916935397494
YPR073C	14.013099515847912	26.52761284330817	0.9207187602226273
YKL143W	6.1721552734694445	14.628090124558456	1.2448951588640578
YDL087C	5.13002180017572	5.512926291815763	0.1038533560115626
YNL268W	4.521503194263483	10.043527726191982	1.1513917078842004
YIR034C	7.577703011364218	13.848527755096054	0.8699001073567542
YIL094C	11.261207405811675	20.09476419793402	0.8354581293842767
YDR034C	4.867586818175303	9.803915776687505	1.0101513793248147
YBR115C	8.311856513344496	15.80503580445277	0.9271416490167994
YDL182W	8.57569643133562	16.042284565160422	0.9035538668762041
YDL131W	9.303688440916979	19.099307940059127	1.0376456732154897
YDR234W	8.233415870547887	14.858903934099764	0.8517646958211463
YGL154C	7.097465115920356	11.352351113175622	0.6776153576211199
YNR050C	12.483296561265263	21.196178621101474	0.763805221977893
YMR021C	4.539728251174049	6.70468870427619	0.5625644098381066
YGL086W	5.13852341041153	10.594477379985065	1.0438866662051982
YJL030W	7.818593403151988	13.18251817632822	0.7536449966707166
YJL013C	5.75865673889543	9.364905539769486	0.7015321139690616
YKL029C	4.672743731692582	10.298217898579253	1.140052878912374
YDR005C	6.133569284672192	12.901323159469193	1.0727202705702437
YER142C	6.603942518846566	9.85507436131902	0.5775391941515435
YLR427W	4.867241863407029	9.761974888451995	1.004068573645277
YEL053C	6.892457124458004	12.323100270007867	0.8382749648973484
YKL021C	8.315305948844243	15.396319786245247	0.8887442904490644
YAL025C	3.6427420793789893	7.124287548705448	0.9677208971573039
YDR060W	5.726064028313001	13.285216403158866	1.214206020487278
YPR051W	3.6240199211755764	5.437437312132282	0.5853359773296317
YCR020C-A	13.668442628969013	25.645987948569854	0.9078842758316644
YCR019W	5.576639572607625	10.990091859439996	0.9787355095911453
YBR142W	7.272712259319573	12.965038257965968	0.8340610602419527
YGR289C	6.1946677444522615	11.222693095852009	0.8573201096988011
YGR292W	10.083098318497324	20.654040855725654	1.0344850490334223
YGR288W	6.976404379779316	9.92094037497678	0.507993208848609
YBR298C	8.39850163099781	11.141023299411287	0.4076778837823307
YBR299W	9.996714478652054	19.665878632247225	0.9761687228782754
YBR297W	6.601682408719531	11.14639343932827	0.7556713421852995
YOL060C	5.8076243161041035	11.758140811848087	1.0176399240458758
YIL070C	14.844970634899969	16.611993473006656	0.16225097052160956
YLR244C	6.08773950088962	14.078508609440993	1.2095159806042441
YBL091C	12.253277539614572	15.73042498946698	0.3603899518298265
YLR163C	10.500333881127396	14.269626519844895	0.4425123732558884
YHR024C	11.152413133329357	15.08372080956415	0.43563644150185793
YCR040W	7.696391107146269	11.622070134944407	0.5946130464886431
YCR039C	6.011053995053722	10.956019483276531	0.8660338523061625
YBR185C	11.198040617423807	16.052856997559637	0.5195837648778013
YOR298C-A	10.783393532909924	12.337946465367374	0.1942910259720751
YDL056W	4.069167160965472	8.412766155722025	1.0478466957743724
YKL093W	9.085597720264337	16.070248209783152	0.8227388778078325
YOR197W	11.282606815018994	16.959459936024253	0.5879897919229478
YDL003W	2.12814171541796	5.712165827699343	1.424443637533201
YKL165C	5.401185648469722	9.662349513243248	0.8390979027180427
YDL054C	6.288102420751911	12.392040540731351	0.9787171474951356
YOL119C	9.61043614890097	15.552395747397561	0.6944630242489029
YOR306C	4.569163894082278	5.846631907825476	0.35567557263183375
YNL307C	9.276453733585981	15.415512558015866	0.732737566630197
YMR043W	4.163628356837842	8.249704997727225	0.986501230537969
YPR046W	8.058545659623803	10.409293631619672	0.3692807699823511
YBL023C	4.623361735783933	6.774173554311162	0.5511027044631055
YDR318W	3.690207630192892	5.7407635072282925	0.6375406324396037
YJR135C	3.6633620066182484	11.63584952943557	1.6673363676216002
YEL032W	4.007942846873709	6.201339109675768	0.6297178470662969
YPR019W	4.360893347551153	7.224844652216534	0.7283428597895777
YLR274W	4.346033591836716	8.2255798850662	0.9204180636229596
YGL201C	5.124852322408119	8.039132885615523	0.6495294657242787
YBR202W	3.718628855560249	4.8041443978313625	0.36950875031669256
YKL150W	12.401883340497271	19.196995131441028	0.630321282538925
YOR221C	4.6069817670745286	11.4509887735365	1.3135783846291236
YBR227C	5.521889194507896	10.723585605359922	0.9575535316681232
YJR024C	9.852139153019255	14.92685828928083	0.5994016381719803
YNL173C	7.599731710543886	9.174221550097677	0.2716372590422426
YKL085W	9.848106938618043	18.491700764348575	0.9089595889979469
YOL126C	11.5764772085374	18.520795115616068	0.6779497368625397
YDL078C	13.306436054687632	17.868158884704812	0.4252667713137496
YFL016C	8.779323114789918	13.55499165269297	0.6266426072767408
YLR188W	6.825272943606094	15.209424466682737	1.1560069158177795
YPL270W	6.7693838278867435	12.65336141616816	0.9024242676268346
YML104C	5.97591052282551	10.38685678264413	0.7975286873478714
YAL010C	4.101856523452803	7.440058460815379	0.8590369279852896
YOL009C	6.727385673727151	10.354124058269022	0.6220876353165018
YOL076W	3.1840159551691833	6.222609255297064	0.9666720906982409
YLR368W	5.216696929034025	10.918531656553917	1.0655703275017245
YHR194W	6.050882726130366	9.41292491797965	0.6374974636893216
YOR147W	5.419073281997383	9.86564134465035	0.8643666837897912
YGL219C	8.095333931073458	15.072989516144798	0.8968030858700635
YKL053C-A	14.236494218062534	21.359264177333966	0.5852680255043976
YPR083W	4.200354075926947	8.059994373079478	0.9402678841376946
YOL027C	8.821827647062008	13.695550134808997	0.6345577389012539
YLR106C	14.053107868191777	25.067403717272725	0.8349233608667946
YGR100W	6.151729427498987	11.118659810650303	0.8539189475542027
YGL197W	6.33607753097304	11.388496405822046	0.8459153901907696
YJL112W	6.73231550076564	12.956969409381927	0.9445536229710596
YOL111C	6.508653494165852	9.928492459231059	0.6092155653045777
YBR136W	8.207110995207476	10.770616100376108	0.3921544072866903
YLR288C	4.193709988521651	9.310100281795716	1.1505696106864192
YPR070W	4.306182693475139	7.870006664211414	0.8699553290155289
YMR112C	6.222860996131574	9.368574231990461	0.5902514860478438
YDL005C	4.737116875233127	7.097384770377296	0.5832782543968361
YOR174W	4.873961068282898	10.415410476920172	1.0955530654741286
YHR058C	3.7325447432393606	4.530338955712442	0.2794594408772277
YOL135C	3.946318756084813	8.353623852023187	1.0818946915141099
YBR193C	4.788869575272392	11.42527131456545	1.2544713757355765
YLR069C	13.804434733340315	16.80466813831005	0.2837302389388278
YJL102W	5.887906808091072	12.690513341436175	1.1079236863582786
YKR007W	7.489923721276094	12.104782608619649	0.6925542388128881
YGR121C	4.367414408223553	5.34124566165055	0.2903968103490941
YNL142W	5.439633763684094	6.151935932248572	0.1775309569411834
YPR138C	2.6798832219814095	1.8965150735710516	-0.4988192972113592
YGR264C	6.102961347387827	12.929229584654733	1.0830549533296516
YKR069W	4.524620974938921	6.209955598938077	0.4567860097698334
YFR030W	5.2315765874237155	10.311974181526743	0.9790028691377309
YPL023C	6.051503774715527	9.613893160594301	0.6678270799226614
YGL125W	7.089705081735014	8.286437158494275	0.22502631766825662
YKL001C	5.1794581045183286	7.1300197974492985	0.4611049171884301
YPR167C	4.508570397937447	8.006966844296937	0.8285857838306928
YLR303W	9.504610956024825	14.994458245208254	0.657729917480452
YIL128W	5.194253428138962	10.864052935692797	1.0645741042429642
YNL277W	3.408564553125209	2.712652640483917	-0.3294599857569088
YOL064C	5.559888968467737	14.601261301108318	1.392965021262422
YIR017C	9.18126488316518	6.31461521099267	-0.5399981000747889
YJR010W	5.612365356847812	8.970936463988004	0.6766496646295211
YIL046W	4.267605591143711	6.245704450087722	0.5494374523632981
YNL103W	4.303920241831796	8.268838391606707	0.9420333306711196
YJR137C	5.1761774328362495	6.998570651077353	0.43517323223173493
YER091C	6.6526366706513524	7.868143877242549	0.2420970950090803
YOR241W	5.343064807573542	9.823858076248687	0.8786222023366211
YBR213W	6.204521844645617	9.921170445630562	0.6771902995081733
YLR017W	9.553097091872392	17.05171733344502	0.8358766125640462
YPL169C	4.706564520030151	8.504883321269498	0.8536170713669544
YPL187W	8.137059837813776	17.532951692383563	1.1074893908447179
YGL089C	14.254929339223914	32.35562559988138	1.1825556842237126
YDR461W	32.9631785441773	22.82109071309453	-0.5304876185876995
YDR219C	4.720673893941281	7.694045800815517	0.7047495932506831
YPL060W	4.89241819151829	10.541697211657135	1.10748752719104
YML062C	3.9098607352611072	7.543170429654009	0.9480538010921158
YIR033W	5.222905341804567	10.267679480121181	0.9751857038632643
YOR232W	13.66520455827166	19.20705545424952	0.4911293068538921
YOR211C	6.154651162912166	12.245511765262304	0.9925040741847672
YJR144W	11.096521793456546	17.06423761822913	0.6208684259104933
YCL044C	5.246424930182673	11.21678974645733	1.0962532671996554
YPL098C	13.835806077751329	18.713306146426007	0.4356577689726124
YMR115W	6.313763609417567	12.579888095659417	0.9945469372622332
YNL218W	4.234435454746673	7.350943766551624	0.7957598465519742
YDL200C	7.707882752538386	14.628490083457834	0.9243743342052779
YJL042W	6.6377194489345115	8.792476975168967	0.4055819983826077
YDR296W	12.217358068336898	15.13759030394727	0.30920322181978754
YLL062C	5.617020059263002	6.882370958565419	0.29310070015878986
YKL195W	13.572549627346737	17.27472038811112	0.3479706000490651
YDR031W	11.384272211375457	15.437560145955985	0.4394026936328696
YMR002W	11.875484987554639	15.627544548864762	0.39610468172898455
YNL291C	5.647964350627499	11.85027715351495	1.0691179135692033
YLR332W	4.869088738036536	6.757107617767719	0.4727540388971895
YKL089W	4.3995198219197675	5.91825894268209	0.42782674856182623
YGL035C	2.978123258319222	4.538297540681712	0.6077477330446697
YMR036C	3.775411092390803	7.310859731825662	0.9534073286810602
YOL026C	12.007647749821306	20.82813561735454	0.7945801450980328
YOR330C	3.4971896938283784	7.871831499085316	1.1705032868017469
YHR015W	5.177076642919287	9.950702062996818	0.9426606408960134
YJR077C	12.409381881519522	18.483689477777155	0.574821502052988
YBR084W	11.344769081997264	21.65782351246233	0.9328610237624466
YEL007W	8.186235352890264	14.523225091077673	0.8270898103706024
YDR144C	5.9403201324042945	13.928145708320027	1.229390613687066
YOR231W	5.449830912001022	10.36990251469533	0.9281189575065502
YPL140C	5.896984044237485	11.586970152030613	0.9744541732188783
YNL076W	3.7561155522479104	6.035443081086009	0.6842182413004778
YNL085W	10.050385367352439	18.68562789935221	0.8946782233935486
YGL106W	10.525883441856156	18.62283894270671	0.8231316956905512
YPR188C	14.4036960916258	21.248763252669825	0.5609398090772766
YNL074C	9.803061257971008	22.303133376565352	1.1859421658914626
YMR167W	4.8440415327801505	8.974700193649578	0.8896525107264283
YLR035C	4.562569266052785	5.6532711615906495	0.3092394370094577
YPL164C	6.75059120291927	10.470253712298579	0.6332106406013261
YKR095W	5.882700790797897	12.275369240385526	1.0612158570679597
YIL149C	5.429348100584421	8.810713215125485	0.6984798233781389
YNL117W	12.874783213736844	23.387057939618927	0.8611622436854888
YIL051C	11.458891069607965	23.389835228596908	1.0294142640407369
YLL006W	5.533530502123643	10.25265424026666	0.8897253002758251
YLL061W	4.685300226837894	8.361307282601894	0.8355870274391023
YLR190W	5.926997369702159	15.342229878833578	1.3721348606829615
YPR164W	6.906718237417687	10.698899655058575	0.6313901534557562
YGL087C	12.172820175419936	21.07953292183222	0.7921794526670982
YLR320W	5.435104593161129	6.243362147892716	0.20001535338829732
YBR098W	4.694936017272319	4.768418185948188	0.022405267472311412
YMR177W	4.8719677112088124	10.443906457624738	1.1000849641332289
YPL224C	5.608048637076233	9.536264805475119	0.7659254359830859
YIR025W	3.1258854415300306	5.985579522973081	0.9372260285158335
YOR350C	5.668292462965325	12.623266336212648	1.1550991604893994
YHR204W	4.3754193478437156	7.164294564532336	0.7114033618807856
YLR057W	5.135784578991133	12.112794043015484	1.2378750932248903
YER001W	3.9829379738810817	7.078621765763392	0.8296354766589473
YDR245W	5.207926533452252	11.091521801143347	1.090676320484848
YJL183W	6.9025299357448375	11.123888345250524	0.6884640241867286
YBR015C	8.743020612623468	15.258475728241873	0.8034071434295419
YKL201C	5.641644595784111	10.625341684154689	0.913321546354818
YJL186W	6.998668832384098	11.817203513824346	0.7557362204648943
YPL050C	6.342306308171839	13.10252294294456	1.0467651745140776
YGL068W	16.376100977216836	19.593461757812726	0.25878041102907695
YKL064W	7.394748041091064	12.798303741231148	0.7913797145142203
YJR131W	7.562908954120318	11.797319837165134	0.6414459832290798
YGL257C	7.113093989061358	10.705768893572243	0.5898392826398858
YIL014W	7.3611325554108795	11.970982683956986	0.7015419303333363
YNR059W	5.47250029033694	6.951775855120432	0.34518144039444876
YIL106W	4.718068888438722	5.769610468144304	0.29027743595647987
YFL034C-B	4.738978947604265	6.970608246500127	0.556708297369648
YOR274W	3.70714330648941	7.661885754122201	1.0473916277072581
YJR074W	11.832680725027165	21.385925640409212	0.8538846952152815
YBL049W	10.361488730585911	11.419340683805967	0.14024805329887988
YGL124C	6.731320848019246	6.649235428267275	-0.017701164465446537
YNL297C	5.418763296651942	12.080672027217874	1.1566651780036104
YCL057C-A	13.85703519641955	21.86472287148575	0.6579864464032527
YGR235C	8.28991363825256	14.985933861420861	0.8541800120784119
YER068W	4.683209560670954	9.053718886499555	0.9510129162195851
YMR070W	3.6322389954243635	5.259740667067216	0.5341325360612253
YNL249C	5.500846419311827	8.247385477871646	0.5842832155804417
YOR177C	4.708745958005614	12.637347796078224	1.4242789215732266
YOR288C	6.412529557716805	13.111334597315702	1.0318490686026742
YOL088C	7.199045922630961	14.681955870432578	1.0281665445433132
YKL059C	5.100915769466534	7.722780449195081	0.5983640796467432
YIR002C	6.135414464560624	11.124588679242235	0.8585192844167948
YJL066C	17.38007228710427	28.361121716538214	0.706480511418797
YJR002W	6.65579490937135	14.123311464448506	1.085395509781642
YNR024W	5.689576287291247	13.158882169712209	1.2096438175522588
YDL028C	4.335465456793662	7.801978109817456	0.8476530606583422
YGL075C	3.4143242409810894	7.253639679303073	1.0871050117079333
YJL019W	3.389505189814227	6.043287305279159	0.8342588513954808
YGL178W	3.4550375504591697	6.995709554236333	1.0177690027520674
YCL061C	5.400042458954819	8.444880569041633	0.6451062691770755
YPR112C	5.096345059235898	13.714489992441159	1.4281661061155213
YMR224C	4.785296102688806	7.937391720238404	0.7300568080536608
YGL143C	13.364847954301595	16.239478037640755	0.2810618379815263
YDR033W	8.660014065453515	16.213419727571736	0.9047471423048419
YGL064C	4.268388177013722	6.914168481528195	0.6958643748845826
YPR118W	8.943519031523753	15.220789958015047	0.7671287270686363
YDL079C	12.81047903718227	19.61916968599659	0.6149395606679643
YPR079W	5.092389832903573	7.935295785039626	0.6399411352188008
YOR201C	7.454205638184806	13.146266493459063	0.8185266117665031
YGL136C	5.673854329916099	9.928322806380358	0.807220912115643
YPL184C	6.9858216790994865	14.507424440677227	1.0542896929787924
YDR347W	14.31314570486882	17.61013904765715	0.29906552200173975
YDL045W-A	11.085801992898686	15.721796318292132	0.504052919855908
YGR084C	10.17595918313096	12.390028759555731	0.28401474730407406
YKL003C	11.132946542368055	14.92580464748864	0.42297322959688316
YPR166C	13.766497688813887	16.839816662936386	0.2907148591297135
YDR405W	6.219945903235496	9.888701601401968	0.6688790729462657
YBL090W	13.022751022940703	15.176342716273883	0.22078991721277016
YHL004W	13.867095925577406	18.147159148115744	0.3880780315466454
YKL167C	9.73148329386504	9.543588733535397	-0.028127846864475285
YPL118W	13.611844150911995	17.43892938621918	0.3574489343052957
YNL005C	12.168864837314505	15.36203697184558	0.33617493319656294
YKL142W	11.907562887341978	18.893041760124397	0.6659768248121738
YDR116C	12.090597727502114	14.98077921027286	0.3092270966739902
YNL284C	12.70052576423511	16.175369721991537	0.3489104668698381
YDL202W	12.736626431123561	16.881971280708512	0.40650017562059837
YKR006C	13.636713926002066	18.13214653617397	0.4110536893106132
YLR312W-A	10.451590939825074	13.597080370553726	0.37957433654778466
YBL038W	8.42343748751189	13.978505038781021	0.7307290745286523
YNL252C	11.32275812543326	13.917865848274761	0.29771257777368587
YNL185C	12.878853362308927	14.35462731435143	0.1565117224039381
YKR085C	12.570907665346901	16.360944152463347	0.3801671839361867
YNL177C	12.286960909454201	15.248658703286761	0.3115542267707957
YOR150W	13.784786952488329	17.649140854142196	0.35652098569292706
YMR193W	12.264270529457097	13.973460515992745	0.1882279213151669
YGR076C	12.20271837908253	14.254132351517118	0.22417765481476612
YBR282W	11.34792138262001	15.323533060099235	0.4333209087299493
YDR462W	10.135232687725118	15.070711220149175	0.5723682914954002
YMR024W	10.885000864466006	13.713984533674582	0.33330627817587966
YKL138C	14.185447162338235	17.080344946892097	0.2679254824224861
YCR003W	10.449374001311782	11.72236786005297	0.16584750017219135
YMR286W	11.391877924443843	14.46739424163654	0.34479950631992545
YDR322W	11.070349840645438	14.358827192600383	0.375237102517386
YBR122C	11.943341690635265	15.193867633849697	0.3472826055726356
YBR268W	14.768788916119902	15.921663048260672	0.10843951027701801
YKL170W	10.089593792691856	13.062503699400107	0.37256335310212163
YML009C	13.925825609379025	18.378045104570596	0.40022045151160723
YLR439W	9.359686376072059	14.520778658665876	0.6335867241581723
YPL173W	11.654521716161167	14.379695824669195	0.30314335893654365
YMR225C	12.986437505109379	18.429758583802556	0.5050314540481562
YJL096W	12.933183710943936	16.30776054964748	0.33448121726452373
YNR022C	13.044746180816102	18.33389866151436	0.491044731218474
YPR100W	14.011393529508595	16.98009656911446	0.27724421494727386
YHR147C	13.843274333429838	15.784762838930696	0.18934736247491837
YDR237W	12.550790846268852	14.667687023307634	0.2248631138397012
YJL063C	12.731187416921763	15.010767659789225	0.2376307758377463
YGR220C	12.064398562403989	14.93800213946037	0.3082312142285896
YNR036C	13.257835400234045	15.529040485823737	0.2281234440750561
YPL013C	13.582147044803712	17.256532146742778	0.34543101466279774
YMR188C	9.975639147447232	11.16158136908321	0.16206025812198993
YNL306W	14.190414293858487	17.99946007079021	0.34303692075426157
YDR337W	11.998220100890082	14.885042395401117	0.3110429283212521
YGR165W	10.824560511826295	14.43469016120564	0.41523168938601407
YBR251W	8.402758109017002	11.955198837725181	0.5087032661682
YMR158W	12.926587662234748	15.656633572836128	0.27643255809709316
YBR146W	14.266445041216697	18.71806004525162	0.39180503640499903
YIR021W	7.072365656746724	12.617280561668862	0.8351362234098905
YOR334W	4.355906149441253	7.272402615990908	0.7394592017944313
YJL133W	3.952743616676764	6.072815604616892	0.6195111818273276
YKR052C	5.267953099318259	11.515105301281816	1.1282131976672645
YOR370C	5.447322426455534	11.224595158237761	1.0430442438817613
YKL009W	3.863431528360273	9.833403277536723	1.3478079811707782
YOR066W	4.09342457339086	4.16682467590147	0.025640086142034734
YKR077W	3.5226855564408233	6.1162008860034085	0.7959600905708972
YOR188W	4.887066287908803	9.596236737477884	0.9735000757475126
YGR014W	3.86181475562939	3.4023226233656683	-0.18275901218947707
YNL293W	6.115099834901365	5.913577140761839	-0.04834496726748779
YOL112W	5.489589906190839	7.570535954393639	0.46369706079715844
YML128C	13.684736810501466	16.822886002837283	0.2978575357406942
YDR205W	5.47599090729834	9.502378415688536	0.7951686096623896
YLR219W	5.9996120223517515	8.447376899010514	0.49363421279728575
YOR354C	12.162887442828733	15.952214504177723	0.39127095234148257
YHR039C	7.7103166505529295	14.071037452582381	0.8678666862065482
YPL104W	12.921033359304975	16.241618862840273	0.3299739843515446
YOL033W	9.372463177554703	13.946818435085593	0.5734358926772545
YPR047W	12.270114743956565	14.82705667692772	0.2730834960036189
YNL053W	3.9623780994678657	5.492638075658951	0.4711326798639315
YHR120W	4.6841920123141465	7.859161312661106	0.7465751486942941
YOL090W	4.349017096158696	7.511026665313162	0.7883207398484133
YCR092C	5.7317467072771615	8.153643220707824	0.5084699735487707
YDL154W	5.025141100215844	9.176303989669485	0.868749079198869
YDR097C	6.138617470150994	11.694296873984335	0.9298194457015148
YBR195C	3.580422206704479	6.104503799795554	0.769744310091807
YNL073W	9.876165295793747	10.52546117225645	0.09186055829588607
YIR009W	4.978316522470135	8.136750551215766	0.7087948024931986
YLR116W	3.800498114851658	5.746410714709679	0.5964725919255137
YGR171C	7.1170566930934465	12.677909901144444	0.8329642869014643
YOL116W	5.201098879499487	11.811577752417648	1.1833133173786345
YMR037C	3.7223163198151994	3.6198180439354894	-0.04028348010430569
YKL062W	3.4612125944744436	7.962126081178841	1.2018761594640819
YDR335W	6.00409759332163	14.344142117062606	1.2564423546592995
YNR049C	5.726704650503825	11.069669052577169	0.9508349860010684
YGR028W	7.792840861462997	12.393693696834827	0.669384958160163
YHR091C	6.013679076561549	7.011940868051144	0.2215659501331708
YMR023C	6.137852602046428	7.852017526401285	0.3553293925266594
YMR164C	4.41653136432822	6.867423330996962	0.6368551419790585
YDR194C	10.900862775754412	12.253261058585906	0.16872343113562147
YPR134W	6.562674468393425	11.807591384379435	0.8473589239433381
YDL107W	7.049764371088987	10.715606210669954	0.6040665261780063
YDR208W	4.306555087275739	7.340208885177505	0.7692868337693757
YLR203C	11.995798042876483	11.69120705845567	-0.037105250224990095
YKL194C	11.985516513126075	14.02603774528679	0.22681543260300183
YDR268W	10.82059803216211	9.834570528006186	-0.13784627910851602
YPL097W	8.75681158421581	12.725957572732316	0.5392966416017043
YJL123C	6.053240671894698	11.78848265435975	0.9615984171899475
YKL098W	5.885730818232059	11.609549468325412	0.9800185188728394
YGL226W	9.28966743603514	11.054041296296436	0.2508750522599422
YBR255W	3.5340970793723443	9.034756485316086	1.354144046173823
YDR128W	5.5036000176501965	11.026618197680712	1.002542863295478
YHR151C	2.9634716017079255	4.780349221240311	0.6898277834329337
YKR080W	6.835994380583045	18.66091887996444	1.4487969113207868
YMR228W	7.847332807066424	10.862899766903077	0.46913497919632885
YDL044C	5.378025193829416	6.195723810409773	0.20419632023200232
YMR097C	7.038847259752137	12.269778267335239	0.8016980920826086
YHR168W	4.645628127127655	9.544937810647646	1.0388621238543083
YDR277C	1.822127602231261	2.8359211821402703	0.6381934432371515
YGR023W	7.819701919858027	11.36123554128514	0.5389342179082222
YGR257C	6.290673790309696	8.013709001839288	0.3492555712084305
YGL236C	13.083408170384162	11.157470636430759	-0.22972839572195072
YNL063W	6.402301171321434	10.980884813025387	0.7783318583276594
YDR140W	5.804773083002469	9.81766654660124	0.7581404957828434
YOR160W	4.486053454873238	8.644910716359316	0.9464042525780312
YKL186C	3.9714584051647734	8.64708756501497	1.1225454054776494
YGR158C	5.136645510957402	12.313175530684099	1.261304457208354
YJL050W	6.484219358706673	10.733610203557724	0.7271305993550609
YMR100W	3.9908111480092083	6.79950001234462	0.7687466548900065
YBR119W	6.296416866148865	12.547222973957535	0.9947651281908255
YKL074C	3.946697945661903	7.7354583968045585	0.9708406780573662
YPL070W	5.3188660301984	6.753055906214131	0.3444218018360773
YBR057C	4.454444557917279	10.369611793519777	1.219044432284285
YGR055W	3.7446756579321177	3.741042298063403	-0.001400488425240626
YHL036W	8.062547684020469	12.68179966662577	0.6534517989602769
YDR386W	4.254134293691787	7.228767790144699	0.7648841707784546
YGR206W	6.919714160386079	15.581988431463632	1.171094999404439
YNR043W	8.66690336228621	15.10001498352577	0.8009614576299792
YMR004W	5.533099678546391	8.424486799694545	0.6065008892145455
YER042W	11.677374994939633	16.453094854477232	0.49464298149726077
YCL033C	14.31922288575103	24.407149552736755	0.769350617713397
YHR023W	5.028301845814764	9.837984705097629	0.9682915556972947
YOR326W	7.08925862425372	17.558959679898507	1.3085007044203483
YKL129C	5.842800725199236	6.7311859361576225	0.20420062341335266
YAL029C	6.973998870262983	15.97393029241356	1.1956612876071449
YMR109W	5.561756254976903	7.702937009677558	0.4698681081218385
YDR493W	6.92748601116011	11.816287980503413	0.7703730947132528
YGL122C	6.449808342846207	9.43181468241993	0.5482790810835172
YPL190C	5.392441905873552	11.238355533818664	1.0594203128106747
YML117W	5.391135753424866	6.714533536900959	0.31669793982673333
YNL124W	3.3689952626531423	7.0433939964840455	1.0639523872960324
YLR382C	8.526086125202331	13.353399491239117	0.6472515344231449
YMR080C	5.343426546111704	9.151744196462793	0.776281540613742
YHR086W	5.770807567029574	11.153600830498622	0.950664416361613
YNL137C	12.837901531380172	16.284481651690317	0.34308839784741674
YPL126W	4.665802230963045	11.077962577465438	1.2474955077293217
YKR048C	11.487626640830346	18.08643835200987	0.6548275690855453
YNL240C	8.113676803399024	12.574355156454793	0.6320566758864373
YIL007C	6.50685664755523	11.846268746219067	0.8644000456066802
YGR232W	10.732913555022476	14.763363182003598	0.45997965032692656
YDL040C	7.831859006048389	15.137273727201892	0.9506786965932149
YGR147C	7.2786910694947125	9.888841115452964	0.4421224266084973
YPR131C	5.373438698228153	11.760474029279067	1.1300286795771242
YOR253W	11.652036594158659	19.509906999359153	0.7436247633663614
YOL070C	6.571046507114906	11.149605413800396	0.7627975957920609
YLR457C	4.426404837279031	6.413897338059838	0.5350658564350402
YDR162C	5.550380270024309	12.398894470492877	1.159552968027721
YGL091C	5.371014132468314	8.338677386043535	0.6346240555423136
YPR155C	6.713587722769557	11.666548760505819	0.7972219911704859
YJL116C	3.3570108699971923	9.829559310889858	1.5499495291110155
YDR397C	8.28389099311517	12.87570201329395	0.6362706190199501
YJL205C	16.12534542553905	15.505051544601654	-0.05659174322383628
YPR149W	10.382645639671274	16.86092443151741	0.6995095279775537
YNL036W	6.102781542781098	14.801306422020772	1.2781856662098874
YBL024W	5.806801438794058	12.124991704938655	1.0621681526818552
YHR042W	9.703442101377679	16.66566878532045	0.7803107029517793
YPL006W	8.951687668382096	14.216819928034637	0.6673671880606385
YNL119W	4.213087001041685	7.655886177666243	0.8616916728750561
YGL211W	4.554112952097718	8.084401501562052	0.8279708991652392
YML031W	5.404980357405027	9.834665831000088	0.8635866574816792
YOR372C	3.9450428836898177	6.786614333667716	0.7826510478885669
YMR145C	7.573656295853745	15.407914922236072	1.0246097860926027
YDL085W	12.90555744193702	13.10786922455075	0.022440726022768233
YML120C	7.6718351336209345	12.425101040704014	0.6956139612653248
YLR254C	6.4008184242081425	7.369735011275555	0.20335636281145628
YLR265C	7.606982635309333	9.959490580771595	0.38874763982243543
YHR004C	5.193646373233658	9.13235664264165	0.8142394150655232
YIL048W	4.656356650424292	8.82692680315462	0.922709669588079
YJL076W	6.981404897278737	16.238462472046194	1.2178257480611687
YPL226W	4.628153438535998	11.910195667284174	1.3636885143439477
YCL017C	11.46090578909801	15.652738967545378	0.4496940577186014
YKL040C	8.001737067680105	16.07039463940372	1.0060202291212519
YDR176W	4.2802966081998335	8.309895678662	0.9571195923611783
YOL042W	4.776654094394958	6.4052174844005325	0.42324715047451567
YMR285C	4.0500273431332605	6.985349923057903	0.7864007394285684
YBR212W	7.237351477163937	14.116388318295975	0.96383727996276225
YLR138W	6.405037164297454	9.478115843467673	0.5653933523721707
YDL002C	4.896594519607654	7.4320108962384595	0.601973883528721
YDL208W	6.092858679333471	14.276898914901675	1.2284914623172551
YPR052C	7.235959693053429	12.726753646295263	0.8146081852442055
YBR089C-A	10.473271255398839	13.953775725409304	0.4139434222740765
YDR456W	8.226132364749684	15.62330136566203	0.9254131509211487
YFR002W	5.456107632004659	11.59865318007847	1.088013281647562
YGL221C	11.23345066246316	15.839632445614049	0.4957376992908222
YMR309C	4.6937539058928355	11.966370441103763	1.350171521812768
YPL174C	4.522639303168576	7.1452305940284795	0.6598156309489133
YPL211W	9.250518250651332	13.76341835949258	0.5732327318530798
YNL078W	3.782846561064786	6.229047577730678	0.7195393325164887
YIL164C	3.973144300542528	6.720261150816722	0.7582361059501559
YJL126W	8.126518388443777	16.835623389344292	1.0508078405069505
YLR351C	14.624596845434233	25.803888603515045	0.8191916391613284
YDR383C	4.190775448446854	5.500712126605244	0.3924011826217773
YLR315W	5.44060484412657	9.028145628578862	0.7306626421177366
YLR328W	4.6245065341542375	6.570032278127595	0.506601029818461
YNL123W	4.062185215907481	9.779082866854473	1.2674431470757277
YGR010W	6.5702806185666605	11.434293364672532	0.7993403155614547
YHR077C	5.441320139800627	12.424628962774767	1.1911741522685617
YHR170W	6.029872238625847	11.590177230644443	0.9427032877819762
YLR363C	4.716857192808352	8.802945796976573	0.9001604619960876
YJR132W	4.965749170528135	9.244697365801116	0.896614702296955
YLR195C	7.158431685658719	14.483421196289015	1.0166869758864525
YJR112W	3.5576223517680474	11.982762826347667	1.7519753048642914
YGR089W	4.716459653074228	11.01587087608012	1.2238073226140684
YKL171W	7.025327774772935	14.699970837279768	1.065175850337807
YLR285W	7.443529990475374	11.431330586092027	0.618934473638177
YOR056C	4.8540894163897015	11.917461417056309	1.2958043651737168
YOR206W	5.211665125915973	11.033059569550048	1.0820166270704463
YLR002C	4.78761121543538	10.811344207483764	1.1751680027981177
YPR144C	4.0998648232498365	9.72262061097046	1.2457688832997345
YPL093W	4.342767269731753	10.316964153732243	1.2483319635730978
YNR053C	2.2564258523460086	4.572153400028936	1.0188344367233817
YDL014W	8.248710771779649	14.238064127030299	0.787512447382398
YHR072W-A	10.025009809599954	19.406337019729598	0.9529241841432542
YOL041C	5.060329739765625	13.538827150950002	1.4197994641586953
YNL175C	8.679335319538357	15.148966065186638	0.8035628638121035
YDL148C	5.540261434578298	11.910709909503812	1.1042334430925185
YNL110C	4.019241283405678	11.667243341934345	1.5374686379024884
YER002W	6.100247472595136	13.177646864401211	1.1111530952445028
YGR251W	4.268732269028157	7.574938857579411	0.8274265627581373
YNL061W	8.357037271852446	17.30249673778254	1.0499167574199149
YPL043W	4.2936441265151135	11.141463198730156	1.37566418777673
YPL146C	4.1280963758718325	10.094672406870174	1.290045535080704
YLR197W	9.870380235687975	18.639194515283403	0.9171619482339127
YOR310C	10.27914341288856	16.105953334797107	0.6478740123642901
YDL213C	9.588160131985244	17.819063694665765	0.8940956234580943
YGR103W	9.58910640760304	16.921910330912862	0.8194241605569724
YOL144W	3.568401174086997	10.535313551354054	1.5618835290972055
YJL010C	4.075571468104419	11.164750359161022	1.4538767229244702
YIL038C	5.071484030254359	11.608000687539763	1.1946396308405898
YPR072W	5.214904749859102	8.505991764867119	0.7058385560226204
YJR072C	10.258010602311153	17.74217776759346	0.7904321368882774
YDL046W	12.428560021563415	16.156467828290396	0.3784526717895714
YDR432W	12.862316737429015	24.709989426647038	0.9419438716255338
YBR170C	4.936824878735622	8.628963667908646	0.8056038331494937
YMR091C	4.729216996242937	8.151919465537853	0.7855384587047525
YCR026C	5.30474931280553	10.725467844415366	1.015684099143314
YEL016C	5.822793805245622	12.316992107662704	1.0808665466362326
YNL183C	5.240013989458806	7.442852216001649	0.506284926946267
YEL062W	4.719460023468724	6.917533651847695	0.5516359539310035
YHL023C	4.386624710099316	6.805125252641119	0.6335104312698189
YOR209C	9.334910170442445	16.84990684948717	0.8520325712287368
YGL067W	6.392999525741502	9.639331992017603	0.5924401839956472
YGR043C	8.716596643141244	16.086027181538054	0.8839712068513402
YNL251C	10.917248611879614	17.77425838654246	0.7031800550617564
YDR043C	7.543260701376347	4.830347363243587	-0.6430613466648115
YBR066C	5.4319246366848155	13.468345090440511	1.3100372232938375
YNL129W	10.104328421667471	13.634746114350833	0.4323143998008732
YDL167C	3.4597451921542675	7.894212295852851	1.1901295292854845
YOR071C	9.599607379065922	17.188532999752155	0.8403991131154219
YGL111W	7.376947532688421	14.242750523531345	0.9491319029082309
YER126C	3.735576934729166	11.631275566748435	1.6386063416016436
YLR007W	6.0668371899175515	10.462160889477946	0.7861643606556932
YDR288W	5.4399144281117735	12.837465621514138	1.2387045504048397
YML023C	3.5677936386242464	6.269441469216338	0.8133047501038214
YHR133C	8.24984074419915	15.429776567007302	0.9032789961149976
YNL156C	7.446096341012902	12.773621579523883	0.7786114285241519
YPL233W	4.176758546932032	9.222143688740474	1.1427183987681315
YJL041W	7.404613760076571	15.422589174880224	1.0585485994518018
YGR159C	5.1187450568323065	12.203064388649114	1.253381418898683
YNL091W	6.2596954983265665	16.5152207042279	1.3996318651191866
YJR062C	4.891997858976238	7.936259796750618	0.6980354812594558
YBR188C	8.879637799881102	16.636604494243816	0.9057882762454533
YML059C	5.138581985595216	7.441482176165154	0.5342197061444576
YER009W	20.85145188769566	44.38009649837443	1.0897649623796306
YAL015C	7.914984079877335	9.929101997961578	0.3270767957296844
YOL043C	5.4095381402130815	11.448626619116194	1.0815972136719665
YDR001C	8.474038811187746	12.600437863480892	0.5723522266621334
YBR001C	6.49265673227619	10.772250727936267	0.7304388735857394
YPR031W	4.483827632420313	9.678475600587523	1.1100490159979899
YKR022C	6.12252794600045	12.604144388467951	1.0416988275166124
YJL208C	5.8749600639890325	12.684752055517823	1.1104443699482012
YER006W	8.49429084796083	15.435866229101567	0.861721033200135
YDR150W	6.093259467304779	11.348586721587962	0.8972265643487168
YOR098C	4.787789368219063	10.086192951812595	1.0749501403139174
YKL068W	4.5786966094202795	7.118304044100572	0.6365965827233371
YMR047C	4.4792538039071115	7.070083414920285	0.6584688218408974
YKL057C	4.450455505615314	8.107269784297657	0.8652631482393103
YKR082W	5.452938014480832	12.06747023462539	1.1460176072383348
YGL092W	6.071784807694984	11.449894294360261	0.9151417136966838
YER105C	6.892777128734421	14.676393665530362	1.09034023465104
YIL115C	6.494981902544012	14.541070076186735	1.1627360300752672
YBL079W	6.008152414262977	9.537722917807766	0.6667234598618444
YML103C	7.000276631910928	14.042769454653559	1.0043436461347612
YJL039C	6.73259054880924	13.02821947753937	0.9524062959049623
YLR335W	6.611701533358323	15.162827341195939	1.197445286351948
YDR192C	4.756631867068282	10.583322222054633	1.1537802971494904
YGL172W	4.458003133019381	6.147229436885022	0.4635387021806241
YMR153W	4.700325548484965	9.36658445839803	0.9947623799612366
YGR119C	5.062340371950837	8.99773372224335	0.8297571607430115
YAR002W	4.452838409730287	9.351221358430934	1.0704295486215314
YJL061W	5.129509766612449	8.980343314682065	0.8079496473058834
YDL116W	5.059725503653011	11.403714927233821	1.1723728558365416
YJR042W	6.534965090697638	12.98523127380983	0.9906202750206159
YDL089W	6.992717410054627	10.287803467710612	0.5570098783890396
YDL193W	7.13948384909496	13.576027036108819	0.9271696599538701
YGL151W	5.249017240372944	10.741467848745184	1.033071913526318
YPR168W	5.979336373340558	8.814325356208808	0.5598647772738092
YHR195W	6.546570953035207	11.855403143936899	0.8567333863399008
YLR093C	6.781561034143957	11.45449317848005	0.7562243179878069
YKL120W	2.866610988841612	6.573443770126324	1.197303245925866
YAL051W	5.150622577512951	11.48672113706819	1.1571483095704653
YKR064W	4.741313742084196	9.109849209091344	0.9421403117946661
YPL052W	4.417632594864317	6.752893223598722	0.6122323080786215
YNL099C	5.47417309272642	13.692154409003095	1.3226365087069714
YNL056W	8.406479960784019	5.67854750541916	-0.5659798729711815
YGL038C	4.983985832544262	10.565742767093184	1.0840223191860838
YKL134C	4.788418585740397	8.519613245663514	0.8312386668688727
YPL134C	10.799818190771484	16.407734014141155	0.6033689839983595
YOR222W	13.10406933527457	20.24308111465246	0.6274139977269317
YML060W	4.723820910112582	14.772535404943262	1.644891281273856
YGR179C	3.857119668823194	4.578582350673698	0.2473770642884129
YBR025C	15.605363923891133	27.601799159040695	0.822720306860248
YGL055W	6.0627691957843375	16.28649779555542	1.4256275974907777
YBR230C	13.133927098284609	20.45468340279143	0.6391328548993019
YIL136W	11.951157613492226	18.6922859043833	0.6452926416005182
YKR087C	5.608548198548888	10.570364376861857	0.9143258342481957
YDR316W	10.962935551212471	12.306534698328173	0.16679042043292275
YHL020C	4.508076159338734	6.669215537122648	0.5650051865898446
YOL032W	13.37436850644241	15.383721830346998	0.20193380728084076
YJR073C	15.632489646025132	24.200238921144134	0.6304737291332541
YPR194C	5.166422906815759	5.9023590081805155	0.19212593199830155
YBR129C	5.689146996702203	6.529560077101869	0.1987734368389859
YPR075C	8.71708276680605	13.10391527194249	0.5880806210407097
YML065W	5.14847988947934	10.346548985377297	1.0069312092830958
YBR060C	4.301991052787339	6.6507706433472364	0.6285169951287742
YLL004W	2.8515983787550616	4.2408416551320265	0.5725798106405329
YPR162C	4.67762523408857	8.589079888791627	0.8767273106568111
YNL261W	4.842723512923488	9.002371836075257	0.8944865183011109
YHR118C	4.15127068174328	9.325639865342126	1.1676497119137055
YGR038W	7.456199284382787	13.971544944367203	0.9059792347610404
YLR350W	7.476322845214199	9.84188222601665	0.3966053830048187
YOR130C	5.137998163378835	7.5370660515374635	0.5527966613409087
YDL019C	6.6119130851959405	8.471977335833756	0.35763096958384394
YHR073W	7.238768414176983	8.433057090602277	0.22031145962681356
YKR003W	4.492076897491671	7.679731801363887	0.773673304022768
YHR001W	7.278992380657623	12.551053157489848	0.7859977662600987
YJR051W	9.472583657995909	15.278042443502148	0.6896298233040101
YJL002C	8.212209038391258	16.29802871002099	0.9888552209676631
YOR103C	7.606756821640936	4.8018912413959285	-0.6636787564900918
YOR085W	7.2046051786339085	14.68230690322686	1.027087387931088
YDL232W	10.154561580340696	18.060951898923683	0.8307459786586955
YGL226C-A	14.426104845703527	31.52474940067747	1.1278030880519565
YML019W	9.361183392557564	15.62495236337049	0.7390889668383029
YMR148W	7.044210077331503	11.077477317658786	0.6531195327735687
YFL044C	7.23523164158682	9.70433220377908	0.4235897318915806
YHL013C	3.8818024304969434	8.299386954674306	1.0962780817598834
YER154W	11.253682730530294	15.407429602681859	0.4532290034766073
YKL215C	7.5997562620696755	14.61362389201366	0.9432889280015035
YPL196W	8.440967512222699	10.655980136572754	0.3361830215629019
YHR179W	14.504401849087998	23.59101069486436	0.701746427304033
YPL171C	15.434488830283671	24.83588464338557	0.6862684322532268
YDR071C	8.29700053291204	15.499375062561539	0.9015482630276594
YER165W	14.25381501514029	24.06614831864666	0.7556571568603161
YOR269W	4.021768212865219	4.058481056369987	0.013109942519749642
YGR078C	5.1796562472027565	8.833518129046046	0.7701317798304763
YER007W	3.8027125144291904	6.205242266948705	0.7064586624376212
YDR538W	4.098212150502302	6.422153688637437	0.6480625209322503
YBR279W	4.712186534984512	6.253433713002814	0.4082519299175861
YMR165C	5.409063075670835	11.16140927168708	1.0450685713744319
YMR174C	12.223407089920862	23.89836988110161	0.9672657440225363
YDR251W	7.496446047086963	8.504909354869293	0.1820890622087376
YJL104W	13.624156604027661	16.61527556051501	0.28634329658769886
YKR065C	16.010271344918795	21.32602289496779	0.41361718243566903
YLR008C	8.93874254657656	13.454474180416083	0.5899422092038309
YIR006C	7.563285617438808	12.268124898356252	0.6978297529463826
YGL094C	6.049567591090585	12.308052930227397	1.0246986223168106
YKL025C	5.494332677414038	9.79130161997007	0.8335563921210666
YHR063C	8.382998264454246	15.610475886443147	0.8969762827790747
YIL145C	6.757485644968098	14.318321605601732	1.0833039425895403
YKR002W	5.064174221421287	11.76308673464825	1.2158677420000916
YOL115W	4.4809014675663414	7.2906893897889224	0.7022662359140701
YDL173W	7.910794813791675	18.058510610833743	1.1907843527481947
YCR077C	5.787142696819585	8.911122599370598	0.6227559721687899
YJL223C	6.018162819027728	16.726087946616854	1.474705010006012
YLL025W	14.501366470698418	11.286649910702833	-0.3615715217754015
YEL049W	6.517036423216838	4.362649668284521	-0.5790114317549423
YLR037C	4.462470368807818	2.6120606952133336	-0.7726541690596862
YFL020C	4.536895158189104	11.543086969957981	1.3472518694335616
YLR199C	5.731038736948246	11.504863166102385	1.0053752720783717
YNL015W	16.44105955059218	24.659841910683532	0.5848602738721741
YCL052C	7.831015628620951	14.916946842768786	0.929680946847184
YGR178C	9.268561008793622	17.76053239534938	0.9382575534089644
YBR233W	4.477635391131652	6.997229495216442	0.6440467540366634
YDL053C	7.8254769883359865	17.005260846401832	1.1197305391398495
YJL128C	4.398618633976791	6.130351238723885	0.4789192124433985
YBR094W	7.400069537932016	14.115918423150575	0.931712265000366
YBR295W	4.452264406571652	3.838444092676095	-0.21401763728340653
YKR095W-A	6.452053145061813	15.43335215092125	1.2582212247932028
YLR151C	7.426674013310933	4.611863590927678	-0.6873664122098537
YDR228C	4.8702604838700925	10.236642042128796	1.0716716997201412
YIL071C	4.0430479179300125	9.038333295412789	1.1606134560316472
YKR097W	17.427278530117185	34.18122372528111	0.9718567543653905
YGL134W	5.933325848212698	7.9304670364112875	0.41856481543764557
YDL127W	4.078257023615143	5.2109641251563446	0.35359762152455454
YHR071W	10.60456004082788	21.91761836904336	1.0474062714940338
YER059W	6.107282039957578	9.775808389372889	0.6786855361884431
YIL050W	6.265946440948717	13.037087828777842	1.0570172990167312
YPL219W	7.827515907413947	8.726345102498815	0.15682299411551823
YDL179W	3.350198397549984	4.136538654642462	0.304177529759035
YEL058W	11.1114173629658	16.64759174088246	0.5832706331031486
YGR101W	7.109418585959686	10.635867436379346	0.5811342159112097
YBR222C	8.164156764003202	13.587037897062828	0.7348551795539974
YGR202C	6.63064042945725	13.131256607906005	0.9857848560407055
YER178W	18.294029221320933	37.23513649540912	1.0252917855254355
YBR221C	20.476353887649623	39.848872170445574	0.9605800472779771
YLR044C	17.889792716193682	27.338212679665816	0.6117822539697032
YDR081C	3.919095948744239	9.06965120908656	1.210526176241333
YLR134W	5.397466134259656	14.129113320839563	1.3883167401304246
YGL248W	6.713365795560291	9.321546676198938	0.47353310006884025
YOR360C	2.512445023687567	4.260665739566635	0.7619868445714517
YPR002W	5.206666659007501	13.465695871434491	1.3708568357814084
YCL043C	10.216267050123285	18.29291734769612	0.8404170316498076
YGL013C	5.194802916610131	9.410270237375032	0.8571671374455485
YOR328W	5.7415455156641135	6.686529646848762	0.2198185013826343
YIL013C	6.55342985219667	9.57698315638829	0.5473211004384169
YPL058C	3.9228401878328754	8.5519559415070745	1.1243558576993555
YNL231C	4.470828103029627	12.083089558495848	1.4343754060151852
YNL264C	7.489337912995399	14.507846101565013	0.9539232569690299
YBL005W	4.249782247757839	10.457502088551196	1.2990774593106813
YOR153W	7.069670875880871	9.147430660953953	0.37172352190739893
YLR266C	4.917093862940675	8.22252207050267	0.7417750802950233
YMR076C	7.81762731444	10.50778669049329	0.4266561044236671
YGR193C	8.558495300498752	15.70660473978271	0.8759422716162385
YBR035C	13.39228286996806	19.267782408256537	0.5247886309936014
YER149C	3.6089943535140914	10.88139004943472	1.5921940751017132
YGR058W	5.345960743419184	10.34089312566476	0.9518396454932858
YBL017C	7.17767168623552	13.07883498509214	0.8656461970627919
YOR036W	5.348799005116751	6.826498385765007	0.35193075415401387
YLR148W	5.208498588156697	10.868597133036818	1.0612262726579273
YPL154C	15.614065181341221	24.39308867279599	0.6436262475547617
YMR231W	4.315945591713218	5.23132225424477	0.27749896625660525
YDR323C	4.343409322727215	7.946210421186056	0.8714390787776082
YJL053W	6.384992147241533	10.163522118715658	0.6706436969425605
YCR044C	5.771666198350597	12.35876107188051	1.098474354958477
YLR064W	5.7131988420223205	11.373529072694335	0.993309327619194
YFR023W	7.465934845402763	11.616410737685547	0.6377695472070212
YKR046C	13.516861216042745	26.72534552264699	0.9834484214582033
YDR079W	11.820182795089679	16.587039951403355	0.4888041059167578
YMR257C	5.414617298756384	8.273234391358992	0.6115920833428776
YBL080C	6.5934840751270025	11.6028878973896	0.8153710202185228
YER058W	7.607640423316245	12.102454049414698	0.6697786529403216
YOR158W	11.377018088467569	14.125977310573562	0.3122282068889437
YOR017W	4.9849432404744025	6.7438385452089165	0.4359929191004025
YJL023C	4.439500777663713	10.0949598880034	1.18516581858123
YCR020C	12.641080681682116	16.866421180329258	0.41603408200827813
YJR034W	12.779221691063796	16.80692869851262	0.3952561375831787
YPL159C	3.65121401210311	10.297777044517352	1.495884801602641
YLR067C	5.419697088226274	8.770614091934096	0.6944656390587474
YNR045W	5.074481112798802	10.087384222684099	0.9912199018870593
YGR222W	7.353243086431442	12.682740798668984	0.7864139681967075
YNL003C	6.715124450056502	10.484224201387658	0.6427340684353412
YBL030C	13.59262332213746	20.12767811189123	0.5663568381138852
YKL197C	5.187062284814091	7.564208951470043	0.5442715231293516
YDR265W	4.479280527537834	5.894589546832514	0.3961243368336027
YOL147C	9.924978869138869	14.94821251649697	0.5908370437669762
YMR026C	6.224221206185554	10.56478901163777	0.7632987165211811
YLR191W	6.583265941472756	12.155175515185462	0.8846953413734375
YGL153W	6.361919151557966	10.66940241815513	0.7459454315434051
YOL044W	5.21868034602778	7.610847508207595	0.5443720775293585
YNL214W	6.36347951292581	10.243426133154951	0.6868105928148794
YHR160C	8.829565491776853	11.020171093544983	0.31973227378553726
YDL065C	6.4140043508064775	14.040773025550788	1.1303251289986918
YJL210W	5.547051812631132	7.090527796358189	0.3541718199747565
YGR239C	3.5348114096236607	5.992757318086175	0.7615867059364645
YAL055W	6.67128945453269	14.799438546542545	1.1495049011090508
YPL112C	5.043312299241445	9.178362498994275	0.863865222348343
YOR193W	5.944189390564109	10.506033952851533	0.8216661639446479
YHR150W	4.190048036354268	7.861297748723828	0.9078007096445
YDR479C	8.593582393634938	11.590814925708422	0.4316504267944136
YDR329C	6.58152028987012	9.69213920894885	0.5583942505252796
YLR324W	6.615652609716423	11.472413319335729	0.7942135212242608
YGR004W	5.054607427139063	9.52363682241314	0.9139135578015468
YBR168W	4.339423613875609	6.555761407164186	0.595259920708643
YCL056C	5.164589192033123	9.297077841975359	0.8481237379305565
YGR133W	6.730935936641959	15.792453270469053	1.2303562726787765
YDR244W	6.059393448059039	9.410763726818624	0.6351384234846721
YNL329C	6.233708622955151	12.350775698390432	0.9864390270825236
YDR142C	4.623250682247782	11.61559546424552	1.329083618927293
YGR077C	5.557702907578938	11.387904107072298	1.0349416288494027
YNL326C	5.267783043448601	11.56195943851034	1.1341180824962986
YOL003C	7.6163360918525305	14.033324457403827	0.8816877720174606
YDR459C	4.870720398972997	8.39840959236387	0.7859809820175326
YJL179W	8.898583797176833	15.133466367484607	0.7660948235419558
YGR240C	10.504435170275652	18.44700565600134	0.8123880654678264
YMR205C	9.177486904136869	16.634540912633554	0.858010994861127
YIL107C	8.867122274026393	15.128360348859335	0.7707177580180642
YOL136C	2.477207674738426	4.02167065745774	0.6990801204906596
YNL317W	4.397818531331771	8.504817276788456	0.9514921653821823
YOR122C	15.921539069777477	34.65128209030706	1.1219289307440652
YNL158W	5.415225521042333	11.579291557823236	1.0964536630218245
YNL149C	10.592173810346605	16.944951388394777	0.6778567969369151
YML125C	6.358608614162591	14.229063642963624	1.1620577113322275
YPL206C	8.080691894855722	14.878245646545874	0.8806536909592175
YGL025C	5.113476858030207	10.444793179537836	1.0304074493058852
YBR196C	16.355177875269977	26.99014505024794	0.7226852802113645
YCR012W	19.97842010047494	35.56228177721609	0.8319053956780382
YKL127W	9.056137480356377	13.039161769835136	0.5258833631887317
YMR105C	12.128802421222062	14.088797081887314	0.21611132983873296
YMR278W	8.065192808177873	15.146759151272043	0.9092282148270773
YCL004W	4.61899707679593	7.899725544467611	0.7742228982973018
YNL316C	4.303256049726441	9.378260199655816	1.1238916219574455
YGR132C	14.178674889951626	20.31298850496241	0.5186798011293259
YGR231C	14.412280400045557	21.44583329544663	0.5733987484655779
YKL043W	5.8015765439780616	10.404066504184204	0.8426306238811937
YOL084W	4.02835847912636	6.341171728098311	0.6545573747606759
YER037W	4.276090224331029	9.618081265409671	1.1694568220824104
YHR215W	4.7672410480955065	14.13673179384065	1.5682221486627972
YDL236W	7.849252901740392	12.91767463671361	0.7187191392201454
YDL106C	6.563053285792421	11.039924865613713	0.7502913020217629
YNL097C	6.174189840076149	8.588931472980468	0.4762288178155755
YBR092C	9.202237318072216	15.659923256478045	0.7670205745859712
YFR034C	3.2657359821244007	6.448168920314848	0.9814813769371318
YDR481C	6.517531719008712	13.715291020898249	1.0733876305659547
YOL001W	5.115406827060233	8.164635082098613	0.6745394243360762
YGR233C	4.69922991414225	10.597387462962423	1.1732123862763675
YPL031C	7.858161616949029	13.546604314912393	0.7856675162450742
YJL117W	8.197105176986963	14.977768177251907	0.8696362508831716
YCR037C	6.310619813271867	12.634255703587613	1.0014870610312843
YBR106W	12.911027946595759	21.40553228766742	0.7293798419224303
YBR296C	6.585754913255651	14.628673555272108	1.1513782314301502
YJL198W	6.494399848984248	13.079992390297988	1.0100935847889
YNR013C	5.731414184781714	9.668233228177735	0.7543611184436362
YOR386W	6.530576065797862	8.675419692863512	0.4097232946557707
YJL097W	10.35688137186502	17.41736266740042	0.7499365388615703
YDR313C	5.683905341803209	9.62714310869907	0.7602252078101908
YGL023C	5.704754050676932	11.562581453625999	1.0192269348674754
YER053C	7.837816382163141	13.25581351893163	0.7581015319773634
YML061C	4.923471842792979	10.38483362629808	1.076730190651186
YLR273C	5.262208258707389	10.95042507621577	1.0572466225229735
YIL045W	8.969372278644734	9.390569751034265	0.06620567101788578
YHR034C	5.300718048772968	8.84163684753204	0.7381256756488452
YNL267W	5.172413607364315	8.508512563620444	0.7180693021392172
YGR086C	11.0966483103881	13.908279411505406	0.3258199723816789
YBL022C	10.58759585980284	15.37682533411754	0.5383826466275135
YOR104W	5.171974855399958	7.167418736065843	0.4707383811224026
YPR154W	10.123508232699843	16.87794319385363	0.7374297700087907
YBL051C	6.4950245136372	18.660502054038723	1.522580926057189
YOR363C	4.350277113447486	7.612459495282922	0.8072553428563072
YKL164C	5.1171239700812885	8.690970943760112	0.7641841767776524
YKL163W	14.014619944716184	20.562903718845444	0.5531113828791415
YPR113W	11.893403331161302	18.45765414510128	0.6340576014757409
YBL105C	5.121736437370835	7.698733954476187	0.587988201924664
YDR490C	6.454374601213095	8.294126931334652	0.36181281418686984
YOL100W	6.2114190120520645	12.413217448798271	0.9988823058481558
YDR466W	4.486726813432829	6.639878832889466	0.5654935706717175
YIL042C	4.944949419463171	7.361303445147222	0.574005478698717
YGL059W	6.682910550690928	11.230405954983016	0.7488616097304572
YMR123W	8.039673292286807	14.782930971488046	0.8787235560653648
YMR008C	9.678012592923464	16.863211196148704	0.8010965677354919
YMR006C	6.5553005174127525	11.010577035069932	0.7481562535407853
YOL011W	3.5841973748680513	4.771027174470499	0.4126498175142654
YPL268W	3.713149943924961	8.860666825717503	1.254771700437309
YDR183W	3.765946269294497	5.974468504582044	0.6657979586113947
YOR281C	6.643060878954932	15.109719284338592	1.1855568167969555
YGL008C	9.700263668961322	20.604296393395053	1.0868493307869804
YGL006W	6.614688143878878	10.64075967449033	0.6858561067593509
YER132C	4.944420027220127	7.463498559221269	0.594050755867525
YER003C	11.481574112281479	23.59733771377548	1.0393036541845428
YLR016C	4.781052886154653	7.149741304554819	0.5805626782286385
YML107C	3.498580905637595	5.7099914582217774	0.7067187326564672
YCR024C-A	11.720452312005646	25.76046746895613	1.1361305270598077
YEL017C-A	9.202410141188563	19.3595708314529	1.0729633085867678
YDR276C	18.466639829212813	16.6079259896261	-0.15304945919528926
YGL167C	6.963769502534952	12.857363917820951	0.8846545279340132
YNL082W	7.107459608053528	5.65810622150274	-0.3290147338583269
YDL095W	9.343872543192969	15.46973278118784	0.7273557762686588
YAL023C	8.74361294916399	15.757820814374858	0.8497665907454445
YOR321W	6.609865780711832	12.400653166142234	0.9077232302045815
YJR143C	8.897785401667303	15.615218114503978	0.811434512292114
YDL093W	6.856300839798736	13.276157969296605	0.9533353825355527
YGR199W	7.31340918051729	11.258024666081564	0.6223377269827929
YKL128C	3.7982772349180163	9.681513849386404	1.3498874409366068
YGL037C	13.54277291951743	18.102906397288233	0.4186981737689549
YPL096W	5.6708519766442755	10.846274946561056	0.9355622434090053
YOR145C	3.89756020776567	12.08316278546949	1.632354917308358
YLR209C	11.875655254815634	19.74552907993815	0.7335189069930924
YOR161C	8.549639809998762	7.369752559132852	-0.21424746023530647
YOR266W	8.656526969778627	11.57590764149037	0.41926508484174185
YBR022W	5.119085295215607	10.674890956790371	1.0602633827860861
YML069W	6.324501172433827	13.072569150522094	1.0475191008708484
YPL144W	7.3490885625256075	8.993302527136223	0.29128566325185024
YCL047C	6.113993429614014	10.67075092606478	0.8034747986582613
YIL122W	4.054990741382751	4.039063612484446	-0.005677752713312472
YNL102W	5.083629285349344	13.106577743292998	1.3663602995144095
YBL035C	4.211981262239476	7.449331510194939	0.8226119481997182
YNL262W	6.935339502993945	14.160862050686394	1.0298706799082946
YDL102W	5.213704180503161	12.325831061733696	1.2413042892530164
YBR088C	5.557173785338762	7.361070704940304	0.4055642715145196
YJR006W	5.852732527988302	10.846642743551287	0.8900663147189625
YJR043C	3.275201107465545	5.824407364869514	0.8305277672956731
YCR014C	5.2705432381463595	8.416900753658929	0.6753374371678262
YEL055C	7.5455511776342385	25.087368801978577	1.7332629729957396
YMR129W	6.185865336197027	10.960367233961765	0.8252488055179773
YLL023C	9.571201926255814	13.471775759655849	0.49316801874279165
YLR018C	4.453500114995096	11.056883465168681	1.311933263000568
YNL221C	3.7409450824441506	7.925729604965111	1.083140961912778
YNR052C	5.287972974026505	6.578162972741492	0.3149699476286814
YNL282W	3.1336269897998914	4.372455301219969	0.4806101764973035
YBR257W	3.3793514593541945	4.56236655438285	0.4330359603140473
YAL033W	8.70625414447839	15.051754615223413	0.7898076352347929
YGR030C	2.8456584709276043	5.290505139114796	0.8946429544259112
YBR167C	4.657205386086012	8.20137411016486	0.8164011408038794
YBL018C	6.462594190472788	13.604587575645446	1.0739079142509105
YNL055C	15.622422640617481	23.62284147309879	0.5965643135668587
YIL114C	4.495940883303398	8.88496331188556	0.9827427532128247
YPL188W	6.983729076272342	12.146141904886337	0.7984286316987799
YIL160C	8.262364350773979	12.383127484933702	0.5837491417377272
YGL205W	5.314368745397295	11.200849132204329	1.0756378666427886
YMR267W	9.749044908379997	13.318917516693213	0.4501440400372182
YHR075C	9.82894035396582	12.339670524257492	0.3281960794047725
YNR032W	4.7209574114458155	7.580210945637074	0.6831585287388796
YDL134C	5.635555221943595	11.826058370646745	1.0693396444058993
YDL188C	7.301786190280335	13.662790272494096	0.9039308172252489
YDR075W	2.7266496982734827	6.261531794732119	1.1993862708224985
YDR435C	7.308005697681781	13.389492585919678	0.8735516248197717
YOL141W	4.683989944019635	12.714649391582716	1.4406817963813079
YDR452W	7.259495896910366	14.506133487353782	0.9987217546172195
YPL179W	6.281306791726232	16.241220407695373	1.3705234041526375
YLR014C	4.504984042104906	6.780688405518127	0.5899097539629403
YBR276C	6.9482184357760435	14.261635905044672	1.0374244632062877
YGR123C	6.779750648651147	13.460033183574419	0.9893778478849372
YPL148C	5.260556168972418	8.049941517590138	0.6137629665588153
YHR201C	4.542746122541581	10.719019465519159	1.2385363538505998
YML016C	6.5468914549346735	9.354053944049078	0.514781688914133
YDR436W	6.290216280064843	11.785154208921842	0.9057891083283448
YEL060C	10.561711483854813	17.133585128962793	0.6979834240349985
YMR297W	15.905323949988578	25.6418119536744	0.6889884560851344
YCL057W	9.308733250159557	17.31081393963919	0.8950167989713722
YER012W	7.952476263478156	14.207264312301751	0.8371527166424123
YOR362C	7.325023202663283	13.806249084484818	0.9144161833932881
YPR103W	8.426798190009006	15.965835969262091	0.9219316140353306
YJL001W	7.7442800280397	15.86145764993316	1.0343223336030667
YFR050C	7.742316893555357	14.419236734319735	0.89715753564322
YMR314W	8.812045491937695	16.075467177690697	0.8673118170460431
YOL038W	7.830020387010677	16.187834166791497	1.0478220058024685
YBL041W	6.690222929646831	13.94081969552851	1.0591892017742481
YML092C	7.719448418030666	14.651976759339378	0.9245256471770582
YGR135W	9.920595406817599	17.19207046578748	0.7932446862122298
YIR008C	4.438884655816635	7.847012002137305	0.8219461860334323
YKL045W	5.172103744441891	5.88071053751374	0.18523926570341578
YIL095W	4.597064334798331	5.768578744627394	0.3275030567497538
YJL108C	2.98265551690957	3.4924796830024025	0.22765436038237616
YPL156C	6.945666171941848	13.938090878179263	1.0048479890142104
YIL117C	10.632783415074336	13.293183493812979	0.32216733691044114
YDL039C	3.4380789183171787	4.4091020600076325	0.3588822111352597
YGL053W	7.507133992430469	10.513769610176329	0.4859458878330697
YDR300C	6.373633467186011	13.984796548541055	1.1336713049907146
YOR323C	11.832991027073128	18.49152917682	0.6440497448524607
YER023W	16.690596436892406	26.490980360069898	0.6664657247729695
YDL043C	4.700245973094498	8.465045587970977	0.8487815798571389
YKR086W	4.6492489682197	10.361333455969362	1.156140093541888
YGR006W	4.193661628009525	8.779545464592552	1.0659357902795876
YLL036C	5.171116986164398	6.438558243929909	0.3162617253123227
YNR011C	4.976364404078306	7.965155004487248	0.6786103038142257
YJL203W	3.916008354296449	7.188017590376745	0.8762100966395605
YER013W	3.865456578910985	6.067137466980314	0.6503771677360726
YMR268C	3.8835695583010494	9.648085141877647	1.3128593325229294
YDR243C	4.759754647183595	5.783681355172095	0.28110086264522516
YDR473C	4.804174334337127	9.337019834451464	0.9586736431306024
YGR091W	4.916766839151565	10.210685545294588	1.0542978849777633
YML046W	5.081910136362598	8.236343686362586	0.6966331676644215
YPR178W	4.46688459167886	7.571888606728329	0.7613842060548743
YKL012W	5.221116651810642	8.091828712642005	0.6321073891481426
YDR235W	4.519629656471249	8.961745196641296	0.9875751464500376
YGL120C	4.79717931330252	12.652706585386952	1.3991877579320784
YAL032C	3.491368468337547	5.533749116948032	0.6644646155613642
YPL151C	4.254015838922819	7.162248101426094	0.7515870898356706
YBR237W	4.52431061799933	7.933418593942752	0.8102446910357727
YBR055C	4.655508906560833	8.96948389311205	0.9460860930208996
YHR165C	6.264003629559013	7.878224180769932	0.3307854219323596
YDL030W	3.738255542685547	3.885178065002635	0.055615528205225105
YKL116C	3.2791781643976505	4.901460682201883	0.5798774618285919
YKL181W	8.039262500957829	16.92402532277913	1.073937685604999
YER099C	6.883218750301646	12.815756468166942	0.8967633732802338
YHL011C	9.718377973920752	17.280444343321843	0.8303528659769537
YBL068W	5.875778277554201	12.414379173659375	1.0791602541393643
YOL061W	6.667196436115636	14.226442919337998	1.0934228464497726
YOR361C	9.70702980063388	16.183227969587712	0.7373975758825586
YBL064C	14.658874560479799	26.436341277628905	0.8507481809617845
YJL079C	11.750015630171283	16.696685538645344	0.5068990656277701
YKR013W	7.351982410704046	16.047082222378986	1.126105781489124
YDL055C	10.40219894423233	10.517584950080622	0.0159149355842013
YNL169C	7.5152417100289455	12.137241200888887	0.6915491228916585
YGR170W	5.518326830444327	8.821879723904562	0.6768551862850006
YMR308C	5.5093850686827315	12.846245570359393	1.2213835744041701
YDR013W	4.985818620427951	9.44904112486379	0.9223375342954591
YJL072C	5.679971830330758	9.735253283517853	0.7773347395031072
YOL146W	8.21478982319786	11.334872334503101	0.4644725728294548
YOL054W	3.5453339398801846	8.732064934910674	1.3004013354949044
YAL017W	7.332667893379973	14.761835467908085	1.0094620110969197
YOL045W	4.370181176625269	11.583717296548603	1.4063333020834685
YMR137C	5.896918509186223	10.564535141754252	0.8411961250438837
YDR505C	5.517136228339918	10.888936912064501	0.9808716016339925
YML017W	5.558823847005868	10.047763111011836	0.8540227858355098
YLL010C	3.7713995324966243	5.025708100223174	0.41422688598737634
YLR019W	4.384489721224802	5.5705031071371405	0.34539868461579903
YDR055W	8.445531485815582	10.182281740259466	0.2698007688955098
YDR032C	21.53108101564724	45.08839595427442	1.0663354311532012
YNL201C	2.8855107534663027	6.372553140894568	1.1430447914435116
YLR376C	5.141236193082011	6.519653001141879	0.34267988885921646
YBL046W	4.969200358631358	8.585112420074978	0.7888233134491479
YAL043C	5.0310142492114185	6.950676725035037	0.46630417121040446
YDL006W	4.541288029121532	7.4691541718436785	0.7178433354561035
YER089C	6.57546124734443	13.232451105587376	1.0089163197100384
YBL056W	9.516732080761347	14.24949628385761	0.5823727598763588
YBR125C	5.284764096630129	9.538561741662807	0.8519326744701805
YOR090C	6.08950905648114	12.749634012017768	1.0660580078862578
YCR079W	6.7755249363551915	11.314097952779633	0.7397169371524822
YHR076W	10.080523787027825	17.523734138152626	0.7977396283985173
YBL057C	9.69872057859244	14.857225778743466	0.6152984035682402
YGR156W	7.0806092099087286	11.468127068996793	0.6956843960314908
YKL198C	4.4839686221002255	7.303707199218169	0.703852747300825
YJR059W	6.980937027397513	8.281608309657479	0.2464902725516919
YKL039W	9.421358128755799	14.504360242173401	0.6224797120410407
YDL230W	6.236637901273976	7.2605825463369715	0.21931680762553019
YOR208W	4.442202207392167	4.433679828315762	-0.0027704734603469883
YER075C	2.928677458520336	6.849445063154544	1.2257377918580814
YKR093W	3.1650034615061085	3.141494170598147	-0.010756174502733104
YFR029W	4.342955773172514	6.758713593105362	0.6380714189504157
YNL016W	10.070756891446038	17.63081744945709	0.8079272499244834
YPR042C	5.958346746635194	8.448932480719781	0.5038569851363993
YLL013C	5.6035657036982105	9.630027519169516	0.7811947746833415
YGL014W	4.800817721822336	11.703225451332443	1.2855541309060234
YDR496C	4.127049961007499	10.269417325631455	1.3151715187403403
YER185W	4.1929616789544015	8.978391695464868	1.0984873923921281
YLR414C	7.169744423986472	9.731899191086995	0.44079968317215723
YOR157C	6.563597051746454	13.803450304369136	1.0724703498493606
YGR253C	9.087735846164689	15.22533696124134	0.7444813520010697
YER094C	8.087118505260392	14.669187829966589	0.8590913400099628
YPL212C	3.8380595751865125	11.52958359389592	1.586891398455567
YGL063W	5.021611265075288	10.276198538300406	1.0330844132150079
YNL292W	6.220614734721716	12.981706834011131	1.0613510184772605
YLR165C	7.147412755149544	8.141321437613989	0.18784187611075637
YGR169C	6.282866258319014	12.001851305936441	0.9337621858950169
YOR243C	6.061035052112864	12.967021316436787	1.09721102187094
YDL036C	5.491149105379948	12.190238666607149	1.1505463805110026
YLR142W	8.887916210218474	11.510580053692198	0.3730434160960719
YHR037W	8.25055497509706	14.011029166359613	0.7639998605232864
YKL015W	4.983687583243574	12.691218625833915	1.3485450682848998
YOR348C	8.67394599011456	13.847720110182781	0.6748881052497729
YLR196W	5.046258054201516	12.120706851446068	1.2641879464167451
YCR057C	3.2763571105618983	7.540081679634634	1.2024875380330535
YPL147W	4.8428057806261595	3.48369615848288	-0.4752243449795573
YKL188C	5.146180198979884	6.624305558001858	0.3642672458148716
YKR090W	5.97836698160008	10.224775210901823	0.7742457616582546
YGR280C	4.969566002031187	15.706460509865149	1.6601663321573394
YGL062W	9.04862375917785	16.275722444373073	0.8469512941242842
YBR218C	10.917571683639522	16.472358877843682	0.5933951632109119
YOR347C	7.149226308997822	9.33708682915068	0.3851853777917883
YPR186C	2.7225230880210836	4.273582234367064	0.6505016001048283
YHR001W-A	8.80076472082511	17.98898962294642	1.0314133641069119
YPR191W	11.226011191292603	17.529787406691344	0.6429630972061801
YFR033C	9.249269084262597	21.011413570638332	1.1837619570134523
YDR529C	11.676651132298138	20.450597331602076	0.808516414674548
YJL166W	11.203894939724485	19.6118492859138	0.807725219623429
YGR183C	9.534376967765738	16.614248477146024	0.8012104636081196
YIL120W	5.12646246983556	12.841500507182856	1.3247782503238965
YIL121W	9.115962390075136	6.108860256194713	-0.5774917341670738
YBR043C	4.228140308337775	5.4528117937495075	0.3669771085511623
YHR074W	9.199607763813338	15.75455371571083	0.7761246306701564
YDL103C	7.578637449970884	15.351035842096724	1.0183256104429534
YLR204W	12.790295012052008	15.923457910312553	0.3161041222352074
YDL104C	5.320878179135352	9.487615303415637	0.8343811402024974
YPL022W	5.437166880803284	9.897572953434949	0.864219687288714
YML095C	4.026441053059413	6.709237449037346	0.7366435909830913
YMR201C	5.027088300145934	11.718794788049198	1.2210292692236024
YBR114W	3.3334484731203897	6.277428087994207	0.9131581697995538
YOR368W	3.5643887036705157	6.272500673540109	0.8153860463510312
YCR066W	3.942174788433363	7.647548266884012	0.9560055631481065
YGR258C	3.781847125193314	8.772189936454504	1.2138460038000354
YEL037C	7.925275900617079	12.947301974030974	0.7081184275378043
YER173W	4.304844470326174	8.3343751689057175	0.9531129284494587
YJR035W	4.676973341848224	7.042022356756446	0.5904146018215699
YKL113C	3.335840983938165	8.470394557007994	1.3443786542314573
YDR030C	4.578924549580128	8.261727564520559	0.8514346944093878
YER171W	5.807367806356514	11.001549977790134	0.9217504810412442
YDR419W	4.138633027438859	6.760859362615815	0.7080523064688913
YML011C	6.691637880102158	10.314678983424203	0.6242676411828371
YER162C	4.7909271129176565	8.502999631573285	0.8276670102873979
YLR032W	5.566571753619705	12.389359714916438	1.1542406271188
YNL250W	5.197019608158551	12.240821879918048	1.2359440201348855
YER095W	4.554584692204875	9.10225867099106	0.9989050773584172
YML032C	4.0010257003156315	5.247511858708645	0.39126362606175946
YGL163C	4.192853482962294	6.216155738444097	0.568090232366329
YDR076W	3.8725618833845594	7.736135960951121	0.9983248566890605
YDR004W	5.0272525805097725	7.352312578419669	0.5484279279925738
YDL059C	4.477264477232341	5.155783105186286	0.20357403087235837
YGL058W	5.189476584827519	12.956451772790942	1.3200097392757484
YDR014W	5.229066134186532	7.177021691095323	0.4568319643023701
YJR052W	3.787566008209323	5.969521881576563	0.6563443544531186
YDR217C	3.841381891630647	8.548009925560624	1.153963186420242
YGL246C	5.102476230510205	10.690194436055254	1.0670186317088333
YDL090C	6.9422003098262595	8.015166806641142	0.2073395519573389
YKL019W	12.07712653126735	16.922873513504747	0.4866973196177409
YNL216W	4.757978750912122	9.680385344334008	1.0247156488771925
YOR101W	6.986638428825352	11.688058906514923	0.7423649690578249
YNL098C	8.442775289214733	13.902758506928047	0.7195819414389564
YOR048C	7.186453350017705	14.68754652323177	1.0312415672072524
YJR033C	6.047501210823671	7.539095102301475	0.3180522179450738
YDR202C	6.522382085369088	9.882218667961377	0.5994360216793579
YOR301W	3.7150068612969935	6.863336273809495	0.8855451669343768
YLR084C	3.133219986582451	7.041243541000796	1.1681841767069874
YDR527W	2.348415196751433	8.31459996436617	1.8239593560091667
YPL246C	9.842214175213787	14.883372583431509	0.5966466630416754
YAL036C	7.428064308389206	15.145488379742812	1.027829889310752
YGR173W	6.99539066331081	13.805275937700301	0.9807431913409143
YCR036W	7.4941771048340495	12.62730097570854	0.7527043255931251
YOR265W	11.094305118772466	17.458129467822282	0.6540796827304936
YDL189W	4.218119216388871	7.374160021400833	0.8058788531800228
YLR248W	9.617733164029023	17.121897859737857	0.8320738191863335
YOL010W	3.818257018468376	8.289580969176875	1.11838495844197
YKL159C	7.17708735928757	11.27088750126961	0.6511307354646799
YOR220W	10.375455616440135	13.616446500770577	0.39217555994874403
YMR075W	3.729178808093225	6.2502506439008885	0.7450560713845186
YBR005W	6.174541634875069	10.237715403770505	0.7294898590250557
YDR003W	7.295056090275205	10.730508099883352	0.5567274148086071
YJL204C	5.204015836994453	11.096234074239149	1.092372869019031
YBR073W	5.240784759289896	7.343341148123475	0.48665376627842793
YDL135C	9.493420818901017	17.92833893678955	0.9172418878518748
YOR285W	15.409368610308082	24.360251308804926	0.6607212671690846
YOR286W	13.212671866052279	15.986444893743602	0.2749269064671614
YOR380W	5.22494475796071	6.166353498013934	0.23900181305080276
YPL133C	4.544982877908852	11.033423515384815	1.279533743727122
YPR094W	5.093759876944697	12.285423915015851	1.2701447827373995
YBR049C	4.8819298733216225	6.971534117019089	0.5140245908582636
YHR157W	15.743502202530994	8.49297824009682	-0.890414050854078
YJR021C	6.861427471616332	5.608546446575298	-0.29088183066595835
YLR263W	3.9117863493072713	7.335863033514244	0.907139126378926
YJL217W	15.772230534435192	28.894178512106187	0.8733921505279953
YDR195W	4.087455644508795	6.058976073590047	0.5678709333633903
YDR028C	7.849845984796788	14.95145347965136	0.9295494868475029
YBR050C	12.294149036329468	21.317890989073003	0.7940928377535166
YLR387C	4.912821747980223	10.136987002937657	1.0450051067808
YBR267W	2.924963475550401	7.153586789016762	1.2902481770159386
YCL001W	9.399225243067583	15.516086608265898	0.7231509851867806
YBR002C	2.5772064333537097	4.818873644778769	0.9028878716010988
YOR207C	7.129762121888717	13.193229128864719	0.8878718684685722
YFR051C	6.6792960908061545	13.5670464352662	1.0223387033318498
YPL010W	11.541616737566759	22.041968722310674	0.9334077574960381
YOR346W	7.081347274265719	14.290067652437083	1.0129169724619111
YPL167C	5.653499237498508	7.335803702540399	0.37581093348725575
YIL139C	6.1060216833323135	14.157946155968101	1.213307375968131
YLR059C	10.308976634069591	14.806398003319554	0.52231959023523
YLR107W	4.51453088419273	9.264299939064275	1.0371058809118114
YOL080C	3.18187266147285	7.6727949395455095	1.26987609827256
YAR007C	5.223447858472668	10.140967501255824	0.9571209887346427
YNL312W	5.472041392048118	11.377907679415557	1.0560842318090042
YJL173C	12.44136081258796	20.828206448926316	0.7433943185247214
YOR217W	6.509560645857256	13.131714346257876	1.0124231934625938
YJR068W	5.857525720129628	13.126535649962921	1.1641229219449696
YNL290W	5.0426350983901	9.759477503807663	0.9526260809123105
YOL094C	4.097976534318173	9.924997512475286	1.2761550174039291
YBR087W	5.62324128931874	9.5221942547135	0.7598921072349838
YOR279C	3.6211231426581882	4.65919087906976	0.36364219737244236
YBR052C	12.646875698618999	14.133270211902179	0.16031429718653506
YBL020W	4.697408533709627	10.085631899669828	1.1023645012294025
YLR073C	2.400228971470647	6.92631417854413	1.528915790590154
YLR176C	5.6211999665782155	10.020078238660705	0.8339437305509305
YOR127W	5.4103773108065605	6.24735335175499	0.20751592263984442
YDR379W	4.875764160420909	7.185852816112773	0.5595310408884251
YPR115W	6.695308447073763	10.405909318064339	0.6361806142592281
YBR260C	4.5123263510726375	6.848434988369931	0.6019029260440922
YFL047W	5.423796452570243	6.670764615043206	0.2985490980088244
YER067W	19.236277179665024	24.800917325964186	0.3665638638203154
YIL057C	17.174225398425286	12.08904695571734	-0.506544517570104
YMR182C	3.9176493355679574	6.749579538726759	0.7848093637269266
YDR137W	4.99915223114119	7.417256795072966	0.569202258095598
YLR071C	5.626052981150388	11.867977439652016	1.0768790456077575
YOR107W	2.805727473628695	3.3766619440630916	0.26722286687483354
YKL038W	6.168678974983585	11.058775157220111	0.8421581312046093
YDL138W	3.6936578858279683	5.164553619640223	0.4835934129808237
YCR027C	4.578730343551059	9.243361188411027	1.0134699556741809
YPR165W	12.678948574122586	19.395494986884437	0.6132864827340732
YNL090W	7.451416884713025	13.763961466237152	0.8853090733986231
YIL118W	4.597810077531944	8.715567444000385	0.9226477232258435
YKR055W	7.317276606110902	10.629062011078576	0.5386355867056782
YNL180C	5.011318346791022	10.817463425415053	1.1101001491194773
YIL053W	5.672002218731421	11.100190201880107	0.9686543953495923
YNL163C	5.572728954366219	11.299768329545241	1.0198373038477644
YBL033C	3.703921632761645	6.049447819286503	0.7077498877559573
YOL066C	3.6881635886527318	7.367135772750699	0.9982011830554611
YDR487C	13.153126898504546	17.356367978199174	0.40005926585167717
YOL143C	13.03677066023461	22.649242641451636	0.7968762657114349
YBR256C	11.367820183191055	17.205327828652095	0.5978997420647357
YBR153W	4.889911974014465	7.738145092152571	0.6621792852598615
YLR039C	4.8356696299425614	8.330430890002916	0.7846754367646742
YBR275C	7.108769550752565	12.065215482795992	0.7631819100446712
YCR028C-A	15.486028405000887	24.88371653387821	0.6842347833010513
YHL027W	3.7029832442046295	5.177347594217407	0.48352515899213644
YMR139W	9.421610759757426	13.054941888249427	0.4705504002773579
YFL033C	5.429755944472825	8.030416747056854	0.5645875063519882
YBR192W	6.791588482699735	10.304014810044148	0.6013856215812394
YOR275C	5.992703065783845	9.192762269970615	0.6172915410217957
YNL294C	6.203240334535572	9.787215120213899	0.657876389118006
YHL024W	4.647020699561891	5.813514756518364	0.3231045862094147
YGL045W	5.857080196026272	10.798674556282176	0.8826006916481448
YMR063W	4.290576271612721	7.797062866504054	0.86175933624358
YOR119C	4.497394655362567	10.069237995120332	1.1627931152914905
YNL207W	4.640335371548382	12.998229995385529	1.4860141985737547
YEL024W	9.977380083874735	14.78603338649776	0.5675021365317122
YMR283C	5.237027826150713	7.963288128960239	0.6046159880378834
YHR197W	4.774244485399549	8.660190927089115	0.8591263840921657
YLL034C	3.5987687594131366	9.41060204235699	1.386783617992859
YOR095C	9.115080455074521	15.356544962550561	0.7525263680692004
YPL208W	5.379915606768308	9.752134513095285	0.8581344836639975
YDR198C	4.690085650694853	8.019670739939155	0.7739287362204157
YBR030W	3.52259013282136	8.330325365095591	1.2417362239726748
YDR257C	5.980178490565287	12.623374470509669	1.0778371716371256
YLR137W	5.978975519881079	12.801343564310972	1.0983250270505074
YMR247C	7.140112645935808	13.370683417594355	0.9050544677729404
YPR018W	2.7684742687713757	6.05458272548671	1.1289364215628432
YDR091C	7.775528185959704	14.178959205949358	0.866739051794555
YPL089C	4.038333487791958	4.467395674901774	0.14567398491063252
YLR009W	4.951661958339568	13.043637328700811	1.3973615007445728
YNL002C	5.799057972888157	13.733326097224062	1.2437906105253287
YKL132C	4.770359140578115	9.547325133632736	1.0009987062033812
YDL001W	4.578946855009891	8.509748129268356	0.8941006111458593
YDR255C	5.519754107538916	9.67189502968846	0.809194587258517
YEL072W	6.992454167441877	8.780944291268856	0.3285772011607347
YFR048W	3.453385317258439	5.34709968039268	0.630745257352528
YGL107C	7.185983417557698	10.957659394641661	0.6086821537734092
YGR044C	7.142150403083638	13.812790862414085	0.9515744239577731
YPL024W	5.708927106174473	12.113172603024172	1.085285229117401
YEL050C	14.46242784444614	15.463935367734939	0.09659775136511435
YLR145W	4.4262388538046356	10.529439378027458	1.2502754138555197
YGL250W	4.9490389680709965	5.163978640152759	0.06133463137747177
YDR465C	9.808916288022978	15.91705076652429	0.6984073889758811
YMR235C	10.01967861335034	15.629339156498464	0.6414205452002877
YMR061W	7.169167903887756	13.645118725487038	0.9285073614626261
YGL044C	5.167296415724197	10.594581917096868	1.0358451075586996
YMR234W	4.710529458337403	11.390515140867798	1.2738718636126796
YDR279W	4.920961560966397	11.584094229234271	1.235133090665031
YLR154C	4.5925253439862495	16.206154668589285	1.819182226538891
YGR276C	7.335671688436156	12.76680093727569	0.7993960876067641
YCL028W	12.955866151932433	18.096084120490083	0.4820720721637607
YER070W	3.3073004431056594	4.579271511236317	0.4694639975382807
YJL026W	18.499845359488344	31.647027613431497	0.7745567923625117
YIL066C	8.919750208889269	16.0568809642146	0.8481164635575601
YMR239C	4.97468065781389	12.817981537734532	1.3654932749076418
YPL123C	11.77831532502371	11.965859987277229	0.02279088471368449
YOR018W	7.3967719839404715	10.057852262991798	0.4433545588880294
YGL144C	3.5699151084611307	4.8538152805849	0.44322943775683465
YFR022W	6.147339256526465	6.911525933780407	0.16904215941367695
YGL171W	6.511689082498835	14.885309927016205	1.192785539099018
YGR070W	8.174901691987566	7.755628430187268	-0.07595769543935406
YLR371W	5.1820497641459955	9.004580027727133	0.7971361205768308
YMR200W	8.151494318826453	15.626976190913178	0.93890218361508615
YBR229C	6.612060893914151	13.052794869650779	0.9811868339758327
YPR065W	4.69731807244575	10.457392343217478	1.1546139536683377
YMR258C	7.12190160660508	11.62106482948251	0.7064078586238955
YJR063W	3.3336866925862516	9.512923950216704	1.5127703218256403
YPR010C	6.142347615513006	13.518531929187919	1.1380764213400574
YDR156W	4.625172515416294	12.211779764645746	1.4006943931978317
YOR341W	10.334351236507299	18.047094329384258	0.804318751847467
YJL148W	5.119376087107357	10.729283611819488	1.0675138506684954
YOR340C	5.988282272091598	13.825213614355079	1.2070876388020724
YNL248C	5.070347056913275	13.004860325134711	1.3588944987009064
YOR210W	7.980147260475917	15.417311129642053	0.9500638982665331
YOL005C	10.441558387075899	18.78932321152532	0.8475760539758891
YOR151C	6.927309725292054	13.720288084253696	0.9859436896481554
YIL021W	5.98967669542351	7.648500470078853	0.352698794541855
YJL140W	7.933495999027944	14.719442646995859	0.8916943910110765
YBR154C	6.080877609139861	13.855984323465172	1.1881577453643086
YDR404C	5.729363734955193	9.989193446560957	0.8019932640149691
YOR224C	7.6968083148543505	13.443914169083818	0.8046210138208256
YGL070C	4.4911696014260505	4.746204377468772	0.07968302202883915
YHR143W-A	7.285772938945778	12.972919745838901	0.8323492764958823
YDR045C	7.773790343760156	13.912912182903408	0.8397343250118318
YJL011C	3.851630954441731	4.842408053547707	0.33025517814846067
YNL113W	5.378151511961012	12.497308494931413	1.216435115611993
YKL144C	4.603773549584881	11.820425343403233	1.3603931730044856
YNL151C	7.152761429377385	15.305555074458917	1.0974831385824892
YNR003C	8.0684748520686	15.510788537714	0.9429041338349363
YKR025W	4.584722777778882	13.49503213262339	1.5575220051425214
YPR110C	6.985828638014195	13.22107005841308	0.9203357882555783
YDL150W	5.668357734619173	14.129927822579946	1.3177513803387817
YPR190C	2.9471553460009923	7.281436338687773	1.3048999573985867
YNL330C	6.115146564098587	9.716299181265455	0.6680198368743802
YJL121C	16.837523885021838	31.966230586741126	0.9248686413267049
YHR088W	4.90167026038486	13.691820758841196	1.4819689698683347
YKR081C	6.536982067128788	14.726782657385842	1.1717456363808367
YBR079C	8.490459280593349	13.497812381697237	0.6688111039053103
YER169W	2.938723223884189	4.595536087083769	0.6450436784433721
YIL119C	4.968263872097374	6.095473830617417	0.29499657352256253
YLR075W	16.104588527676967	33.65497719160939	1.0633480786158893
YPR102C	18.617345567693828	34.61312091167142	0.8946716384503893
YGR085C	12.711787650138177	23.001185547600976	0.8555412939172011
YEL054C	13.353178189536864	22.580801219663662	0.7579135186291179
YDR418W	16.076235219119155	29.376863530794953	0.8697507809770211
YDL082W	13.013964007560189	22.74511033390978	0.8054959641750596
YMR142C	19.526727613690635	39.975657368995456	1.0336715624552197
YKL006W	18.61024193206194	27.360222831859716	0.5559831696476423
YHL001W	13.465633667717114	22.364631027000243	0.7319368348842712
YLR029C	15.180232520724147	27.6330162404221	0.8641991567903131
YMR121C	6.4226202661573915	17.884613638518225	1.477485046576083
YIL133C	12.490389483436953	17.990568090516618	0.5264222787772364
YNL069C	17.33309071452379	37.34251823078573	1.1072902918115775
YKL180W	16.583515459123454	26.177456563681282	0.6585750607449848
YJL177W	16.00438475143212	35.213076735053946	1.1376440707345041
YOL120C	16.969167047015425	30.087930746475898	0.8262691407256909
YNL301C	7.706861906522265	15.25282877991226	0.9848613830591976
YBR084C-A	17.826652738221753	40.83475168587373	1.195761617278981
YBL027W	16.6899149611734	24.985688920110512	0.582125393591098
YPL220W	21.993419302175056	35.64027561424571	0.6964365771249892
YGL135W	15.608429237132917	37.34785239508432	1.258699928229147
YMR242C	16.168683009621976	23.054534693031055	0.5118483767765456
YOR312C	16.60211783809371	32.96169896792439	0.9894233165355599
YBR191W	17.872772876506758	31.62433603176745	0.8232717109620467
YPL079W	15.602542816156088	31.368531656474595	1.0075368282996597
YLR061W	17.28278757383417	32.30365948199976	0.9023616768754739
YFL034C-A	5.928586461457858	14.835143247032741	1.323258784848383
YBL087C	15.550046007296226	33.292416308745224	1.0982747339021512
YER117W	16.625717944191187	28.730982130318665	0.7891906688242324
YGL031C	18.770991301938743	37.05200687020922	0.9810468448512752
YGR148C	17.340665649688113	40.185082603071024	1.2125007676376056
YOL127W	18.629868210008212	47.042967969396926	1.3363616150387851
YLR344W	14.599213965839642	26.258273163693907	0.8468813473933676
YGR034W	17.23286369096304	40.10930986114515	1.2187746797111312
YHR010W	17.998703087166255	38.64121300651533	1.1022474276749472
YDR471W	11.843389422244059	17.90602230487881	0.5963628681039216
YGL103W	19.51865625490896	37.20201976351234	0.9305272147063699
YFR032C-A	19.74189828936165	45.909840092321744	1.2175426877087354
YFR031C-A	16.1350984414499	28.627686818257388	0.8272087221867369
YIL018W	17.222360894848432	38.616032962768315	1.1649170379657159
YOR063W	15.531272213856173	22.962767226795005	0.5641205005319451
YGL030W	17.5197730180883	35.00292858336245	0.9984915489441318
YDL075W	20.166675183284696	45.09933944961401	1.1611330521765177
YLR406C	12.338200682228765	20.11949543000884	0.7054621075684496
YBL092W	20.6557148102897	46.408488703172566	1.1678477299061765
YPL143W	18.5353389560861	40.78205717720657	1.1376560533461582
YOR234C	14.324145384353455	22.76981159661011	0.6686732876632503
YER056C-A	16.324136074613534	26.520856570618797	0.7001207306015684
YDL191W	19.920889652846917	43.87434441180291	1.1390954896603207
YDL136W	15.00157699067109	26.31755033563983	0.8109110406102793
YMR194W	11.743232200043934	18.154739132104815	0.6285166504023842
YPL249C-A	20.782913813087674	45.95661930949795	1.1448747357841227
YLR185W	16.80194116365609	35.40167492285781	1.0751896984322313
YDR500C	18.303023691480004	40.24951072898229	1.1368892420672163
YLR325C	16.53196321718395	33.39965298257144	1.0145750544880303
YJL189W	20.45575744783364	44.649642952719354	1.1261416794979442
YIL148W	20.362206977574093	38.10910425389834	0.9042417605283639
YKR094C	15.653931036892693	23.787459583644527	0.6036762110373542
YNL162W	14.20067200693609	30.867226327731274	1.1201166480123954
YHR141C	16.740389828104753	27.991861377453134	0.7416743012717301
YPR043W	18.94906330117228	42.589316164462986	1.1683650312421299
YJR094W-A	14.974902332830885	27.576835080584765	0.8809102984059386
YBR031W	15.43607754256062	24.736716024078476	0.6803477886096524
YDR012W	14.845357727782257	21.24263382057216	0.5169507950625696
YPL131W	14.915508661728886	24.54081519412724	0.7183699945227285
YML073C	17.31181598613822	36.44793862352412	1.074080153329808
YLR448W	13.007029824573623	22.67387371428158	0.8017393311213893
YGL076C	17.099299797107207	30.562814610733604	0.8378401620158737
YPL198W	8.755524404835796	17.850129781063714	1.0276690681676632
YHL033C	13.079738690652217	23.060567602917374	0.8180943045979141
YLL045C	16.597967861717436	32.42808839877402	0.9662373620017426
YGL147C	18.259776950784534	33.73573822575829	0.8856085896721585
YNL067W	10.814997489265158	19.39035517893666	0.8423058995895487
YML091C	3.994651332406504	9.400996964625843	1.2347441759931501
YHR027C	8.175116626613907	15.955784435524395	0.9647683202658685
YHR200W	8.185463494435037	13.864536030209809	0.7602633226932687
YFR004W	6.259090694475646	11.114254581448535	0.8283862056807577
YFR052W	7.532671309565362	12.655190711231874	0.7484957653687746
YLR421C	10.968706176463716	15.519492410911788	0.5006880113216132
YGL004C	7.119443028399136	13.691981805764712	0.943494995248796
YIL075C	7.999700467326968	14.83532288041933	0.8910184390940773
YER021W	6.331695712484916	13.083934491736212	1.0471326118377051
YDL020C	9.177070506118817	10.746675975128886	0.2277848959743573
YDL147W	6.530563124357113	13.326222942385687	1.0289886301384714
YDL097C	7.647256146910344	13.426955089655099	0.8121180698711757
YPR108W	6.827158087770025	13.629119287487281	0.9973352743041848
YOR261C	8.461817253637646	13.232710848306912	0.6450692080164209
YDR427W	6.411927821856516	14.022524683556707	1.1289160320805853
YDL140C	6.401883355917919	12.484498005666943	0.9635695165783434
YPR187W	7.57843780546913	15.154988376833156	0.9998203539519017
YOR116C	5.375879768069434	10.70293067457683	0.9934331116072321
YFL036W	6.743198444919857	10.883531449017159	0.6906417927003909
YLR340W	17.39733444521721	36.65964095164993	1.0753263773955726
YHR062C	5.270183683607822	11.90036948908464	1.175081217181009
YDL130W	18.682296066469046	41.83633349286119	1.1630846462229156
YOL039W	17.46680151589117	37.25314236162775	1.0927466751759383
YIR015W	5.083924752341558	4.688186679534986	-0.11691265926155163
YGR214W	18.398795930798524	31.370679394631388	0.7698054186275073
YLR048W	13.557614886558786	21.717574863683417	0.6797596149855908
YOR293W	18.217673860322787	39.21866715608639	1.106201747346824
YMR230W	17.8244392013747	41.934499385070595	1.234280946427036
YDR025W	15.513906030672366	22.90094228244473	0.561844992459019
YBR048W	19.87341298613562	44.61557993258239	1.1667079358488657
YOR369C	17.581988868701533	32.47437184287896	0.8852033427623374
YDR064W	18.761935080849195	33.735850657723645	0.8464739070427909
YCR031C	19.277679543375953	34.25660854713561	0.8294509249933844
YJL191W	10.08957710227143	19.551897397048187	0.9544429132895788
YOL040C	19.097705167107506	42.20683519358451	1.1440773648998035
YMR143W	16.881087435131498	35.70058068765631	1.0805396989476048
YDL083C	15.105501055423414	22.85146409232954	0.5972125620316416
YML024W	21.232009071473527	46.71024094113898	1.1374979946594481
YDR447C	16.70489547177814	35.92080547968757	1.1045487458290437
YDR450W	20.334115634113946	36.45940517941019	0.8423887777174861
YML026C	15.932916139909196	29.267532678081057	0.8772907863700461
YOL121C	14.305633460047483	28.49835794926322	0.9942954125543484
YNL302C	18.532606145587252	40.73775490549276	1.1363006998124177
YLR441C	15.426785627267375	30.754964921222975	0.9953818415961639
YML063W	17.53584260878324	35.14264342735757	1.002915960152357
YGL123W	18.478873214527827	35.06276445288852	0.9240629586787906
YHL015W	19.503383844954755	43.403684939698934	1.1540930777139338
YKR057W	15.978276615308973	27.514374472697728	0.7840737195181702
YJL136C	18.20338423206615	45.77745842876794	1.3304306764398839
YJL190C	16.65327478139323	33.951133156162626	1.027653822994547
YLR367W	14.872813935728123	29.870858257041576	1.0060610590701178
YGR118W	14.848497646285022	23.94693914399087	0.6895242967762378
YPR132W	21.47318310602666	41.28547904223317	0.9430983782652526
YER074W	19.576134480222706	38.58722650567037	0.979027435197775
YIL069C	11.580983015056916	18.982580685094653	0.7129184232072855
YLR333C	14.982490592313509	33.69722943955713	1.1693525109768448
YGL189C	19.62187308764406	43.380956037567074	1.1445990811453393
YER131W	14.821826956037054	22.401315684657902	0.5958601809054296
YKL156W	8.119913009576898	12.497017344869093	0.6220476321740098
YHR021C	18.491682445664967	41.884345701126634	1.179534643786106
YOR167C	19.41811144882403	49.00123310593743	1.3354151597104718
YLR264W	17.07241605765601	39.46742569995759	1.2089951807312722
YLR388W	17.986061110644762	31.767485339122892	0.8206716176301377
YDL061C	8.697277132296621	19.60984915583206	1.1729427276044444
YNL178W	15.426518031233375	27.389003025485884	0.8281842887824493
YLR287C-A	21.722543241151637	48.07587604755639	1.146120125368014
YOR182C	17.347890286740657	27.423435963623927	0.6606491176759083
YJR145C	17.400693633260573	36.17385626480625	1.05580258624221
YHR203C	15.89749994994241	35.17957613773632	1.1459381962677189
YJR123W	18.05145320347377	35.85334895727503	0.9899928995253015
YPL090C	15.864683880122165	24.931686395296737	0.6521616965664293
YBR181C	15.991893673745116	33.873362420995505	1.0828104171883206
YOR096W	18.3240166190648	39.764271290865324	1.1177369563056296
YNL096C	11.756921086725686	17.38897035920911	0.5646622145567723
YBL072C	20.824776283149085	44.59990471394664	1.0987396308250577
YER102W	16.604056343341668	32.662317674064816	0.9760914335997763
YPL081W	5.40232058962982	10.045497764850852	0.8948978916038383
YBR189W	16.671932752198735	34.12851022870794	1.0335560760641014
YKL145W	7.2740273473727	14.33430332698961	0.9786455338390885
YDL007W	6.833496303186922	14.442606717908	1.0796353391501532
YDR394W	5.827763949848021	12.949896140905	1.1519261792564466
YOR259C	5.923183219026953	12.908772080415353	1.1239071557240778
YOR117W	6.7548730391662275	13.766595629316868	1.0271712776310298
YGL048C	8.941900212680789	14.120506926571608	0.6591385310308051
YMR131C	8.176151136118861	15.591919349646115	0.9313047634348066
YIL153W	5.653858968761126	10.258836027245748	0.8595592495240254
YPL152W	8.412317226742376	10.735177599033392	0.3517708988979334
YHR038W	7.560472040357025	13.018346262390573	0.7839979752266762
YDR065W	4.164341875635532	8.814143427286687	1.0817318599895662
YOR305W	4.276407954342544	7.866944780146277	0.8794039693608581
YNL213C	4.416767611747241	8.905701466617403	1.01173832417477
YDL216C	5.089979441932571	7.200476256793819	0.500432503656566
YOL117W	5.636967827168463	7.481154893982073	0.4083416681956605
YHR031C	4.502401588400044	7.013738867271954	0.639488975089442
YBL025W	4.485263203298313	8.560519634430541	0.9325057251444149
YML043C	1.5848547549063898	2.5205224978093788	0.669372202033283
YKL125W	3.9051593388120187	9.893712706518224	1.341130592551501
YLR141W	7.226407440313823	13.065567172529905	0.8544192485863783
YBL014C	2.8057924092524944	4.594644820612231	0.7115450683522336
YJL025W	2.786483656831921	4.445152456385385	0.6737872085313595
YMR270C	5.1640147783897365	6.57273440777813	0.34800056018998476
YDR087C	5.71555518751529	12.268199874314316	1.101958028066492
YPL012W	6.383651531110405	13.389481607594842	1.0686463003878452
YKL082C	3.4000164374172863	9.476547094828796	1.4788197687576459
YPR143W	5.097972156214578	13.752133211134103	1.4316600259040186
YDR412W	5.0429482476239675	10.488581941721375	1.056480313377089
YHR065C	4.904975186966851	12.349473088468107	1.3321317447101901
YOR287C	2.58488570478029	5.753703835396356	1.1543904714132376
YHR069C	3.8959313108914455	10.834345429978839	1.475571847285185
YOL142W	4.847562691181345	11.35314639885243	1.2277607186492783
YDL111C	4.794793589447767	8.039209182897771	0.7455848802988585
YCR035C	3.3597083417308244	4.042381008759236	0.2668693100253471
YDR280W	3.1963226793922206	4.383811589287072	0.4557727339361875
YGR095C	4.184998542097926	10.809053207646395	1.3689411339876665
YMR229C	8.966414319651014	14.25812438914038	0.6691811422987606
YOR001W	6.0025493587506755	13.125552315725646	1.1287308649899876
YCL031C	4.017383697011583	9.520098858211593	1.2447202962040804
YDR083W	5.635320181011098	9.897178507710542	0.8125197175463871
YPR137W	2.5100427223997688	4.499664884916451	0.8421056400141513
YOR294W	5.571148743009023	12.908754317956426	1.2123030488615614
YBR246W	5.308611761391823	11.445027502087946	1.108314388899682
YOL048C	7.627954309016973	14.331295930865892	0.9098009664231865
YPL193W	6.599149739087711	12.685256328608226	0.9428006130220103
YLR221C	6.784308391259989	11.55667250159254	0.7684524077868146
YCR072C	2.77891769468331	4.229864251600635	0.6060882581163756
YGR056W	3.410749258773053	5.441971925166126	0.6740408146966963
YLR357W	3.9257721926789944	5.835467103384477	0.5718716843596732
YDR303C	4.428810035539248	8.790533996439306	0.9890316898859205
YHR056C	6.222026976965635	5.07580359144812	-0.2937484049272016
YKR008W	3.976187607194519	5.4005429706588	0.44171863441878634
YLR033W	4.472202504934101	5.823255375552708	0.3808403726761555
YCR052W	4.896342494271408	9.68812107798558	0.9845124186906651
YFR037C	6.36596929989749	8.36568196061419	0.39410295232581444
YML127W	4.431044506821392	5.914163239969958	0.4165272468173008
YML049C	4.462426615147128	8.187885206773107	0.8756624319444368
YMR030W	5.753936162382191	8.735835465673105	0.6023964691582591
YJR127C	6.399405481086629	10.911103207224942	0.7697871911324963
YDR041W	12.350618195440921	15.419376136759116	0.3201611394395613
YER050C	12.083092849508144	15.75588261710341	0.3829007924369532
YNR037C	14.311096478446789	16.79348811937044	0.23076770698555385
YKL155C	8.505654328782505	12.140839999726946	0.5133741122474159
YGL129C	9.900474146498164	13.703460163546957	0.46897069938997604
YDR175C	8.74784535144086	12.08353741409936	0.4660432394389924
YIL093C	11.52109024848104	13.31426752800478	0.2086958157735919
YJR101W	12.461851010627376	14.177633291417031	0.18609834612330578
YGR215W	14.071222355501765	18.319015762523748	0.38059433316917063
YDR494W	12.194325369230903	15.006953442550033	0.2994211799256968
YJR113C	11.752651884927072	15.803373281082381	0.42724621392680195
YMR266W	9.747568543151846	14.80457174659005	0.602928458583585
YER125W	7.92768351398459	16.677323692905738	1.0729165156411502
YOL138C	5.048285377978319	8.904043793214093	0.8186672206573538
YBR147W	8.695203502502928	12.978725129746769	0.5778569798204782
YHR087W	12.581290804677375	9.476583996330351	-0.408840933428864
YNL254C	3.8150742961219377	4.854556311738077	0.3476282918544277
YOR118W	6.741480100767627	14.144569806137557	1.069111022303243
YPL183W-A	12.515449543250527	14.360631906121906	0.19840912077455583
YGL244W	7.105663151797399	14.151942978455871	0.993958936607934
YOL067C	4.105093190908497	5.8322913316529545	0.506647812821912
YGL252C	6.364417497006738	12.930225094180344	1.0226470076500531
YBL103C	4.553535125690734	7.797490462901094	0.7760228700250479
YDL025C	6.993276299516921	12.594166663820731	0.8487152530595246
YDR233C	12.09173495704139	22.208158775390636	0.8770685260055928
YDL204W	10.795485711102796	10.147965031767782	-0.08923770140616312
YER139C	4.68268532934257	11.190862884364837	1.2569132821790483
YDR066C	8.123518280040233	7.526749044827766	-0.11007782092787124
YOR014W	6.673962843673794	14.555444360484014	1.1249433242460485
YOR077W	3.7725725869018993	6.183420415745099	0.7128564394654914
YPL183C	3.48077256206766	7.660731642340931	1.1380746344201678
YJL047C	4.630509296684744	7.42917305843878	0.682030753076387
YGR275W	5.923598034600632	15.61026473292307	1.3979493538426748
YDR289C	4.952789388276081	13.208706002165442	1.415175960701354
YER104W	4.1951857359385745	5.2626682619319824	0.3270597704624113
YNL206C	4.6041845734713664	8.87896242886153	0.9474454273724287
YHR154W	6.406546693322013	9.055650008187147	0.4992712868836966
YLL002W	4.245986241743918	6.693913706240806	0.6567502563293581
YDR139C	13.368609793755585	20.39140424555527	0.6091116824811317
YOR216C	4.074325549936165	11.280776265185148	1.469233182104848
YOR138C	5.1231138545968005	10.381600448739679	1.0189360103590124
YDR190C	6.644992717914692	13.778590187849574	1.0520887568182125
YPL235W	7.1686677140721375	14.182440865558558	0.984328922342128
YCR009C	10.248640790380389	16.075571135989282	0.6494374075199242
YDR388W	11.697714196762258	18.67634692320751	0.6749856466605785
YBR095C	3.7066432575177193	6.548822241826038	0.8211222007637774
YDL076C	6.015941902536014	8.137886277823709	0.4358634851235143
YKL212W	9.5134696425281	16.34888836059389	0.781149038090653
YDR159W	4.2741197906069885	8.001412420614201	0.9046273461164412
YDR129C	9.910953683307879	13.794365552094458	0.4769833111674149
YDR389W	3.8254691199478894	3.60944902571252	-0.0838580475925093
YFR005C	4.92033631719576	7.679503364912819	0.6422560838528628
YBR280C	6.9880587191064585	8.416540110881643	0.2683355580756969
YJR004C	13.342121604143529	17.871669840005204	0.42168634329321136
YER043C	15.232306184593924	20.1892230325751	0.4064510070146544
YER129W	4.8340631438929	11.700064685497956	1.2752082827509381
YNL083W	6.542245041497158	10.240740287855676	0.6464623073173505
YLR180W	11.052800963004724	15.170464204064487	0.45685321278333485
YDR502C	9.78138669347371	14.840809920210592	0.6014589138952928
YPL274W	5.91311846702999	9.718707419439045	0.7168452680399782
YHR083W	8.087683197275481	12.47017690385551	0.6246835399698583
YMR060C	6.111701883238893	10.840048760887676	0.8267251678767139
YPL273W	11.29652128626282	24.264403642527398	1.1029628332754713
YNL026W	7.032521352212374	13.283113906286362	0.9174794584703814
YDR143C	5.490564496531353	12.461785520298356	1.182484403523495
YER047C	4.563657934288879	8.61667877401505	0.9169412423417578
YFR040W	5.75883401363207	11.874630388774786	1.044033963563591
YJL098W	3.8181263410913555	9.858425428748113	1.3684923981166595
YKR028W	5.064760941546707	8.26814617963322	0.7070697206965445
YMR263W	5.028350122718832	7.004937547745856	0.4782870806821492
YGL229C	8.241327923581423	8.820975245298307	0.09806135136957957
YPL218W	13.421423025064211	20.19624063771851	0.5895491288822826
YDL153C	8.658490263356242	15.269512932478538	0.818466647084849
YMR127C	3.5271619597990993	7.381582818667293	1.0654223810095536
YBL052C	4.056027493156679	5.505844670908048	0.4408964782060123
YDR181C	5.15529717208635	7.900003007842431	0.6157976098392589
YOR213C	4.470800873201233	7.298356819167294	0.7070383959652266
YCR008W	5.454009012237748	10.6498334612299	0.9654418809270954
YAL027W	5.8927713762421305	12.895740691121791	1.1298764397285381
YGR263C	7.288225103706965	9.76465744206997	0.42200191440144597
YKL117W	17.061206642497943	23.36761766643972	0.4537909746412392
YDR351W	3.6886437087388684	5.666171741637722	0.6192838866301889
YHR103W	4.828189781260559	9.449388310602131	0.9687385569474718
YER087C-B	12.908080991046788	23.20481570130905	0.8461497042169203
YER019C-A	12.952705368217767	16.894402991653706	0.383291911921567
YHL034C	15.86623107210915	19.26102340743001	0.27972489546412044
YDR180W	5.016796914438713	10.292363306410248	1.0367358457688243
YER147C	4.785896192834647	9.103396859915453	0.927615871082756
YOR329C	5.669291795265561	8.225988576814176	0.5370205426399135
YPR129W	7.762477403039821	15.380420881253709	0.9865059141235022
Q0160	6.337614693682399	8.536349076518785	0.4296792221987501
YHR205W	5.622847299896268	10.743436419874927	0.9340827576993104
YMR214W	5.37654328863139	12.157273702634411	1.1770689053195287
YGL011C	8.770588011561426	15.480189403696574	0.8196776488416535
YDL139C	5.075824024240532	8.295073900261873	0.7086127814340406
YGR049W	9.545597520776559	16.707307023633188	0.8075717973581419
YBR037C	11.033484079236036	15.082131278888227	0.4509518850527511
YBR024W	12.843104664923338	16.64292516335142	0.37391502542599586
YOR367W	10.083904067097581	15.615521457946077	0.6309264485542008
YJL080C	9.052805641646	18.16983696270633	1.005108588342071
YER120W	12.29781984242809	16.486152195054757	0.4228521413049395
YBL091C-A	7.909413244589004	12.77771069123518	0.6919868018302949
YGL126W	5.201368857744285	8.287976858808278	0.6721286238017274
YMR272C	9.372803846676106	16.070716654839693	0.7778816702112683
YBL011W	6.838506382219934	8.501636166481633	0.3140592627875639
YMR305C	11.031246524946049	16.748660960967957	0.6024499342187468
YGR279C	16.550837759629943	25.028377369642488	0.5966605175074916
YGL083W	4.910005474733249	7.4107493085508045	0.5938947891300532
YGR245C	6.615509405990693	16.88799573572005	1.3520739635340204
YDR469W	6.639640274078744	11.602249712503278	0.8052275898463044
YKL148C	9.060794624812697	16.710016906250708	0.8830037088443972
YLL041C	10.223194612465182	17.46756012375908	0.7728320163119662
YKL141W	11.842558838071437	20.132398964486363	0.765538253408615
YDR178W	11.439093487350185	19.6286116418232	0.7789854051040115
YLR022C	3.492154143056325	7.332339081360585	1.0701562636565787
YIL113W	12.368982969202683	7.101857233057494	-0.8004586170121551
YKL193C	8.660848154651667	13.269352061232553	0.6155177062902213
YGL056C	4.468961651143702	9.872960532381992	1.143543095159465
YBR214W	8.415112742010868	12.031962538437751	0.5158174749021782
YGL224C	5.680032627109856	11.638002502930586	1.0348723395142327
YBL104C	3.947531677725226	6.038837265135536	0.6133199523768202
YDR164C	6.465400384151517	11.408392532592588	0.8192839070854862
YLR166C	5.142009078864167	10.763787264345186	1.0657817203799382
YIR022W	13.455535040259903	21.29353469912442	0.6622156963336553
YNR026C	4.017839498525839	9.232740770107153	1.2003390467365846
YLR208W	8.602832122576018	14.733041691544184	0.7761717207998656
YMR079W	6.541603171960732	15.41454096439986	1.2365757773762713
YGL233W	6.483789680123733	10.881636938018307	0.7469864004286252
YPL085W	6.265238380062931	15.488688752625983	1.3057737056372012
YBL050W	7.435849009063215	11.34904609184369	0.6100016608694767
YBR080C	7.240210484752067	14.33478269617633	0.9854164901094258
YNL272C	4.852526029790255	10.412835142332252	1.1015550732645776
YDR498C	3.932874113049033	6.805277436088273	0.7910699704625224
YNL287W	8.139765669638779	14.04450089745399	0.786946188598205
YLR268W	8.685608631432899	15.349737352965255	0.8215151177160098
YPR181C	7.2597793937819795	14.046896086766594	0.9522537621885228
YIL109C	8.473384438038927	8.680716489580755	0.03487579912510358
YDR238C	8.84709978608614	16.836900826863403	0.9283501051292022
YGL137W	9.505799167805359	16.826257007839168	0.823834458817797
YIL076W	10.662849886049042	18.949991509769138	0.829604119742343
YER008C	4.919579250721407	10.55526212249169	1.1013555672809767
YDL195W	8.543667877933448	13.694336435163038	0.6806518906839908
YLR440C	5.826452353293658	12.703763199458034	1.1245663070413499
YFL005W	11.74274847499327	19.80727258332431	0.754260116902802
YDR166C	5.1348768698232226	11.358124593416603	1.1453230552494624
YFL045C	14.112502471744948	19.76274317252335	0.4858093807888268
YMR013C	4.468147188984757	8.241652295616717	0.8832568878796869
YIL068C	5.367809162944255	9.78540254296146	0.8662978187786597
YLR378C	7.808938722887631	15.899333384667177	1.0257678818174893
YPL094C	8.459220886298567	13.609050353212076	0.6859696992804181
YOR254C	7.009387718003992	14.125106776072847	1.010901440374332
YML105C	7.428826459499382	14.301442983726556	0.9449544894282175
YBR171W	7.297653803956537	14.48948068397669	0.9895012712077487
YDR170C	9.698264636824042	18.41924410242268	0.9254153304036621
YLR292C	4.610380387830585	13.197692426931713	1.5173280082959522
YPR055W	4.417354780654296	10.37605315271067	1.2320031626590053
YGR009C	5.1679093939084435	7.4124780679352895	0.5203751547331814
YDR077W	13.948208972217373	29.62761900445345	1.0868628062749817
YCR067C	6.509298434486187	12.23650619337278	0.910617729205804
YLR026C	4.0376325750806235	8.371440624184547	1.0519662833276076
YIL064W	10.96114554337197	18.85687738216976	0.782692210241372
YBL066C	4.235240696736557	6.925928292880116	0.7095634877947138
YGL100W	8.425184508651917	14.299087529656916	0.7631429006930492
YDR363W-A	11.110650679481692	19.94716800611916	0.8442406261532133
YLR430W	7.06267899998789	11.738446045262279	0.7329540023936547
YMR059W	4.328090336607022	8.315972496506772	0.9421543751203876
YLR105C	6.21469701041357	12.808238234240264	1.0433160861002624
YAR008W	4.551632370280174	6.430885754792003	0.49863342245467707
YPL083C	5.871282769086051	9.485632706232982	0.6920682662710442
YAL067C	6.105108058257143	10.687142011268232	0.8077873589006396
YOR184W	12.875926735873168	22.297892092929025	0.792231059973789
YGR208W	3.2910320179472006	10.36539576995461	1.655163234857589
YER081W	12.975985597680598	32.17968093032036	1.3103058980547297
YIL074C	6.375912174344344	12.228404056351359	0.9395324662674293
YDR023W	14.340090527088275	27.24124957713801	0.9257387507916932
YHR119W	5.384752814917877	8.815038561845629	0.7110867607955463
YJL168C	3.725865137330891	7.069480931919349	0.9240288358370168
YKR029C	4.376944210915723	8.524246064327542	0.9616482438183064
YHR207C	4.903295641812317	12.373614469816381	1.335443333125846
YOR165W	11.139732775247623	16.91226759644264	0.6023554841370424
YDL168W	10.450330152902758	17.15703598073271	0.7152518154276452
YNL049C	4.929385785383474	11.064758120090175	1.1664921143453728
YHR098C	6.33633495022361	14.041055274246762	1.1479308613508152
YJR095W	11.43240154781935	17.98299586185373	0.6535048902533738
YOR315W	3.11274095065507	4.100969289197996	0.39777942238258185
YLR321C	4.2066887204799635	7.941199100008776	0.9166717990225749
YJL145W	10.454065594586083	19.892676598457257	0.9281732899604793
YLL003W	4.851003131644317	7.491689607026586	0.6270080167118046
YKL051W	5.687840676111655	11.934070156415146	1.0691332043001218
YOR140W	3.338352961363209	4.4485319391492375	0.41419281281656517
YLR403W	4.0263444253690235	5.096335563475358	0.33998968371095967
YKL006C-A	13.364752972425418	29.18994962722431	1.1270385494432875
YBL102W	10.662325266109724	16.02539230382734	0.5878375757600665
YIL099W	9.080085648328488	12.995248517108031	0.5172064127462754
YLR336C	3.716640864964546	9.622879003377863	1.3724692997877468
YPR198W	7.037717807341465	11.79472790782824	0.7449625651261123
YPL047W	5.901443557189069	11.062047522817963	0.9064786434002574
YCL010C	4.490690616599608	6.192746745617374	0.46364211583789
YGL066W	5.055032924202078	8.452296061147969	0.7416228132242187
YJR134C	5.624396682940145	10.742543953929907	0.9335654251038719
YIR001C	7.36229062905391	14.45969740069808	0.9738107543435609
YOR073W	3.56529577539653	7.566650239464556	1.0856329926030266
YMR190C	5.804670889761464	9.36794278593436	0.6905179924756939
YOR057W	5.962900914495404	12.404435006593264	1.0567697564796927
YOR007C	14.929438991090388	25.72896629704803	0.7852335418033047
YPR161C	4.676413913524078	8.319515716081659	0.8310969209481949
YKR043C	9.808320341379044	16.76751868087224	0.7735912058040032
YER096W	11.7279402933103	19.93550449362432	0.7653904511799648
YGL228W	6.925329158609541	14.66672185273605	1.0825919027044988
YKL130C	5.163250674427082	13.0769481725121	1.3406743443785896
YBR130C	4.583215579425518	6.238354633766224	0.4448054214453406
YOR035C	4.842515271885545	5.221232593730452	0.10863383013903007
YDR393W	4.941358635362564	5.809135538758813	0.233415723288788
YBR258C	12.788950973221771	7.704942723451596	-0.7310417932657254
YBR263W	14.388952271328078	26.18637630868268	0.8638548858750724
YLR058C	7.399633418158729	15.373695934108309	1.054938334041121
YER118C	6.783805120724227	13.179089056027898	0.9580840230108296
YBL058W	7.411419130247097	12.904466581260163	0.8000487877268521
YIL104C	2.7503457958994497	5.330579909064346	0.954679473612145
YDL212W	11.343433819240733	17.10863419466457	0.5928671613689815
YOL110W	7.619511513235507	10.367599838507463	0.4443115256189057
YDL225W	6.551622199952756	11.845559045121806	0.8544222161272487
YHL006C	4.745179541708321	12.099266959257218	1.3503850635327324
YDR078C	6.697424034996651	14.295290674582843	1.0938617378185589
YGR112W	10.372028505146465	12.693808876033302	0.2914269497742245
YOR137C	4.518540523553332	5.550003581731586	0.2966318412567003
YLR079W	4.121385450919568	7.356913481491171	0.8359712277244393
YBR103W	5.166962448281311	8.370496523059135	0.6959968046478343
YOL031C	4.550632890018669	9.28726005382645	1.0291858270963956
YIL123W	8.53857965147007	20.187197940282523	1.2413726629533341
YOL004W	5.535842829930871	9.9392021654346	0.8443270656634474
YNL236W	4.446029041156228	8.25832076714858	0.8933310843377207
YDR422C	5.617066933755506	11.081467244407094	0.9802600149398811
YMR175W	17.837789497489794	22.165521145981096	0.31338043887678985
YGL208W	7.019432636393329	12.751021620473843	0.8611865105810108
YNL257C	6.142800309359793	10.163124821278469	0.7263756609022942
YJL089W	11.871652787863532	18.032862513156424	0.6031076235295411
YMR140W	6.336677594983694	9.06575395604861	0.5167003928634887
YKR101W	5.679373126275847	7.284281016798563	0.35905488265970037
YDL042C	5.272896990088366	11.578868491842023	1.1348265594237517
YLR442C	4.343106439324448	6.29183233819635	0.5347529167160198
YDR227W	5.176019928104944	12.701331916020862	1.2950647151573829
YNL007C	11.220280312542076	14.183892514933405	0.33814478992684077
YKR072C	3.81821444758164	7.893666548696927	1.047797443842348
YEL065W	4.996176262485329	6.060788056156132	0.27868101746843793
YDL047W	5.0753366711586825	11.52557592673637	1.183263411748444
YNL032W	4.301742291643908	7.553633901717193	0.8122497645605079
YDR409W	4.739010861944866	7.552128316183136	0.6722973096803067
YKR100C	5.084438686090138	13.62924165766893	1.4225448748671456
YLR187W	4.42647217066693	9.397347257585649	1.0860962099486946
YHR149C	3.1999711103078767	4.969795045234307	0.6351274757880377
YLR398C	5.210034861350961	9.541606313960523	0.8729391361614879
YPR189W	4.892421243891972	8.672434904060333	0.8258884794260192
YGR195W	5.407719257411902	12.637271420613938	1.2245928363660936
YOR076C	4.3288160385322865	6.145539864233369	0.5055672601726009
YGL213C	5.510258287310419	9.89049344909123	0.8439225555121168
YOL113W	5.599084249803668	4.1329044175569365	-0.43803488992132994
YGR143W	5.726557148246313	4.879889943481884	-0.23081942891655588
YHR206W	4.182860579209603	8.16384101858404	0.9647581761453938
YNL167C	5.050198506397836	10.081856107176023	0.9973492672045028
YDR328C	13.323630709102407	22.763966597781266	0.7727646951575438
YNL311C	3.8490238544682778	8.834887744375916	1.1987191917526556
YPL026C	1.6963695384926292	2.3198469081558697	0.45157911987254984
YBL061C	4.1269712848381035	6.4802820544401065	0.6509732076004238
YMR216C	3.499156400038308	5.523855238471892	0.658668362507515
YBL007C	7.501249061320379	12.703447958003325	0.760017375764992
YNL243W	6.310178704091522	10.612976830736054	0.7500766061369171
YDL052C	6.260144183921675	11.660727851190071	0.8973900520876669
YKL108W	2.9815804689510066	5.188115883293211	0.7991334306765514
YGL113W	2.6382057747773806	4.247775609523375	0.6871504608940353
YDR489W	3.544218147590027	5.000629197643176	0.4966422266316674
YOR060C	4.092769829863362	5.86228274754159	0.5183850188160897
YDR515W	5.654042024248384	9.786377422263415	0.7914923167553456
YOR008C	7.515459930742194	14.047643629273699	0.9023948491896282
YGR271W	4.954541207393826	9.113498593540754	0.87925352912248
YGR212W	3.654616742637602	5.900303039782238	0.691068933660552
YBR156C	5.5113319386869914	4.443160765004283	-0.31081467828059467
YOR195W	4.904287721715072	12.042563328310134	1.2960269848916408
YIL105C	6.5036135798828525	8.749280394246455	0.42792282339956395
YNL047C	4.324172818959318	5.301717802658457	0.29403569849175504
YDL033C	5.379124006301723	8.315913596163144	0.6285035202901167
YBR077C	4.982857532517424	10.464449634237418	1.0704512058166746
YCR024C	6.941250329603266	6.974490191650688	0.006892206026353984
YIL147C	5.563455100607129	13.572676618168128	1.2866522268796587
YER180C-A	3.820908859443687	5.694373668043273	0.5756213213132622
YOR154W	3.6970523107653923	8.642331684803061	1.2250451444900987
YLR139C	5.432894262691836	8.465444585626159	0.639864868191359
YHR030C	4.984466443679314	5.998751076155307	0.26722308545359025
YDR088C	4.272351322117309	6.650778427935735	0.6384929210737295
YBR228W	4.261267516111011	8.779828838358931	1.0429101902461138
YLR135W	4.756448914138524	5.277285383663559	0.1499111201109917
YDL013W	3.4244040118708376	4.988460552549105	0.5427417448607702
YER116C	6.176547050473823	8.214495853892416	0.41137149945299084
YGR081C	3.8446357784799754	6.910088773170772	0.8458573139165275
YDR189W	5.518844476083904	12.29545663455649	1.155687180111959
YOR307C	5.410993472176109	11.86240244739581	1.1324308170661286
YER029C	4.090376713708221	6.581882943293895	0.6862666508388764
YFL008W	4.126850962689525	11.204735213180216	1.440995313095808
YFR031C	4.677705036042464	7.217586842950696	0.6257156693136121
YLR086W	4.478053583107735	9.037676492200292	1.01308012482876
YOL034W	3.481672217145265	7.205721099485962	1.0493624262011887
YLR383W	6.819207686780198	10.557643464295413	0.6306118219856229
YGR074W	4.828644935902322	9.812166712212779	1.0229533640965096
YLR275W	3.9017277848694913	8.49403443796122	1.1223368301799055
YLR147C	4.731311946144194	9.562324011685911	1.0151210069324077
YOR159C	8.108900718727634	10.936254278870791	0.4315404383646214
YOL122C	8.383760446570063	8.925022341388201	0.09025828593569887
YHR050W	6.293668247187073	12.110022285969858	0.9442284818246118
YLR034C	8.281537685742498	14.759075741322206	0.8336318061623711
YGR229C	6.20770900447985	13.412873802498682	1.1114855421516323
YML058W	6.812841144219097	15.361460726320596	1.1729869361362066
YNR015W	6.537627894513276	13.018918282762787	0.9937704127391315
YBR182C	6.771997451655103	5.922658512938133	-0.1933365243327795
YOR149C	6.734650042622926	14.772370879186607	1.1332265038409117
YDR510W	13.639393231940785	26.83270451605849	0.9762130083065591
YFL017W-A	4.704551064116282	9.10601591281534	0.9527629213862646
YPR182W	10.098680797708745	16.075516442321778	0.670698241971387
YKL079W	5.265740532017762	6.2731464909132	0.2525528182317869
YBR172C	3.7521113607553747	7.537464162259518	1.006376590626284
YDR525W-A	11.73650187222366	11.937313029905646	0.02447566741301573
YJL151C	9.93828237536482	17.648177397231255	0.8284507591771586
YDL123W	6.000948267661888	12.342049506255831	1.0403195886330128
YAL030W	11.196343446888616	17.422069758062605	0.6378883803781161
YOR327C	6.392282603153925	10.176048949078073	0.6707744190253941
YDR477W	7.183176434540284	12.94267271177046	0.849441713360566
YDR073W	6.105279377786828	8.270781694662734	0.437966374479433
YNR023W	4.272714108706707	7.334554172406962	0.7795564868161186
YOR290C	5.52115204907871	8.378270822782337	0.601683186647829
YDL194W	6.887381125250094	12.77818632363829	0.8916556629901545
YGL115W	9.5063643625395	15.062815928366046	0.6640258970048835
YBR289W	4.820966548984268	7.154297439048816	0.569487680043346
YHL025W	4.904169669117778	7.269663193451451	0.567879632343173
YLR025W	7.567874853338793	17.9123555817524	1.2429949360495607
YPL002C	7.295427961039367	11.537980252923147	0.6613261829121289
YGR197C	8.531463152568485	15.123980876230846	0.8259728390019374
YIL016W	8.579890135062787	8.258673008795313	-0.05504918403791974
YDR478W	3.912308415967194	5.6575349929707635	0.5321534972438418
YNL086W	6.382611490118095	12.494348269878857	0.969056910877632
YMR095C	14.457170400848389	26.23260775080186	0.8595760197678701
YNL334C	5.854935053967208	9.040917915763583	0.626816087847042
YFL060C	3.294073206081582	5.832850770600539	0.8243285470208318
YIL061C	5.6339138822129575	7.793483976942908	0.4681308993657012
YDR011W	8.64968488197718	14.381422345202534	0.7334868878628019
YCR033W	4.531799990904349	7.311373669522252	0.6900582970708546
YGL131C	4.788766114576785	5.944726987954373	0.311956580170955
YPR101W	3.791236250053527	6.795745531665985	0.8419634709349283
YKL173W	5.02249464459574	10.713398179782196	1.0929401349658643
YEL026W	10.679873733862898	17.637607814793515	0.7237603113106662
YDL098C	4.599084061204013	9.420333051183832	1.0344314992336932
YDR240C	2.8934385154651343	5.488373247354411	0.9235936104121037
YOR308C	3.8941281524365152	8.397133912545367	1.1085966323632497
YGR013W	4.440778904919256	9.093614566216285	1.0340411116230783
YOR357C	7.641972456872464	14.666302758208644	0.9404882634523283
YJL036W	5.220036788819698	7.551346003388765	0.5326738487649073
YDR425W	5.245500346093529	9.078668811336884	0.7914003813342495
YMR096W	13.31278326004047	19.876847824612458	0.5782767625335871
YNL333W	11.75335234464358	19.49721861774541	0.730196022978546
YFL059W	15.885401627546635	18.98673327953314	0.2572901412359073
YJR104C	15.648613821178914	25.542795718847813	0.7068815734136124
YHR008C	12.88217006359866	24.366938374835158	0.9195493497375595
YLL011W	3.2606092288708766	6.766454966584236	1.0532586349605102
YOR353C	4.30161079012898	6.387422720529044	0.5703569358542375
YGL127C	4.17517207829536	7.259264561671992	0.7979877367486092
YDR006C	3.216354333901525	4.977550621620452	0.6300096365417438
YMR016C	6.252252375393313	10.818183217268587	0.7910103166078435
YNR034W	8.562606810602972	13.22408421442088	0.6270458327586768
YCR073W-A	8.595084502220015	13.471312702002718	0.6483067113079528
YHR163W	13.487914596330032	21.68569320804467	0.6850762548694215
YGR248W	14.598649228320774	12.93841473313925	-0.17417402346143257
YEL059C-A	12.046697237096234	17.246910708235344	0.5177003008387936
YJL192C	11.732672502800032	18.74401878079408	0.6758986327026919
YJR159W	6.383755521270913	13.518930402626221	1.0825037054517122
YMR066W	4.62919449103274	6.247090213702524	0.43242318658132317
YLL021W	5.554372433188533	10.583502632643501	0.9301213479953984
YCL054W	4.427915118147474	11.50959442469999	1.378137525201063
YFL002C	5.337979335857411	13.595695744476602	1.3487843558439592
YJR010C-A	9.489062237193625	10.5613659784824	0.1544590169160454
YGL093W	4.755158454008914	8.55203947906772	0.8467750968699023
YDR356W	3.9129757653079738	6.056383628994707	0.630190417673832
YDR201W	6.214156423135541	11.322476430717142	0.8655590735845627
YML055W	8.281213699911119	13.774503891605686	0.7340862283836986
YER018C	5.096030125158604	7.626649476982	0.581675588495207
YLR066W	9.575601659178899	16.835785937361692	0.8140960282534918
YKR037C	6.505139562170319	10.70261102505761	0.7183108874465415
YKL042W	4.839317710068589	5.892018001335382	0.28395818021764274
YAL047C	4.122761000349092	7.037863130950756	0.7715266280061144
YNL126W	4.11076457110833	11.487428961593267	1.4825772855587964
YKL184W	6.63003891451501	13.78836119225847	1.056361753086099
YOL052C	5.185977901133047	11.074123761969334	1.0945045867135268
YPR069C	19.111058466834443	41.39983892183825	1.1152174702511655
YLR146C	7.893428582345476	13.141797201781607	0.7354385952261728
YEL031W	6.023416638428418	10.853973112970296	0.849569281621246
YGR236C	3.4455008345532443	4.39427510759124	0.35091148694435725
YDR504C	5.000186689128832	9.891581373655605	0.9842192230554417
YMR107W	10.385690530072267	16.862341377075914	0.6992077297491812
YMR191W	12.756761844845688	24.41829722482378	0.9367004352784394
YER150W	9.578215880221311	17.342963276425117	0.8565215658209585
YPR133C	5.882937963619552	12.640071984524276	1.1033959515796397
YNL012W	8.2432850288528	19.159430286743884	1.2167633775595903
YHR152W	11.089028116650253	16.087667229202836	0.5368222172283088
YKR031C	4.6093707295527135	7.714855216995768	0.7430692746720436
YOL091W	7.972865148356163	12.599789098507824	0.6602294124537007
YIL073C	5.577150311214198	8.868083555628697	0.6690942094825892
YBR250W	5.821321815773291	12.26101840337608	1.0746601342983793
YAL009W	4.53201948450414	8.2860814033854	0.8705359298350485
YDR104C	4.568986487949419	6.760818228328137	0.5653236832940831
YER046W	7.831061631804401	11.09160559340579	0.502188414176696
YPL138C	4.0732055156479525	9.404702052209458	1.2072176307589089
YOR148C	6.149839982037301	16.197292068083136	1.3971318600671383
YBR152W	4.128839040276938	6.885153276279823	0.7377525945688768
YLR424W	4.456133476264101	6.848294236568471	0.6199522414607733
YDR464W	4.521065000707194	10.531638238484293	1.2199953058305388
YER115C	6.2266689064735274	9.768112111638743	0.6496191905083362
YDR523C	10.393427036290653	14.258913966449978	0.45619266862636726
YNL204C	5.973002598098719	13.895872066375864	1.2181281224908433
YNL202W	10.376504684037412	14.024878555312537	0.4346677232134596
YJL127C	4.4646457676515	7.244613575216686	0.6983630249728862
YPL175W	4.358775518031363	5.942069879601847	0.44704266642975293
YER148W	6.53024666613661	9.52151249198514	0.5440532762744705
YGL207W	7.731117437254807	15.391090026135279	0.993346551648145
YER161C	5.000719280344884	6.970594054307782	0.4791459916041927
YOL148C	4.461158604896168	6.102045129937894	0.45187440964750697
YMR179W	4.760028489030619	4.839411980594444	0.023861553336872877
YKL020C	4.768469700024558	8.563705425544393	0.8447088207299576
YDR392W	4.926034146215924	9.722509262823717	0.9809020758185405
YGR063C	5.789138078609841	14.332609314285293	1.307880810183509
YML010W	8.146096956624547	16.85414592277773	1.0489226303425698
YGR116W	7.4453220184418125	12.394427216689918	0.7352854483091119
YBR081C	4.919040869761761	9.134686230501135	0.8929781325139057
YLR055C	4.2463502040154015	6.57312353111587	0.6303557406371093
YNL224C	4.7134514024311205	8.633982389732463	0.8732422968136335
YIR012W	6.1025986102861	14.544077255291864	1.2529361605415223
YHR041C	7.785112366068522	10.036077423825825	0.3664057380052745
YER022W	4.450229340034515	10.459153958049944	1.232814564991839
YGR104C	4.701815990918374	13.51900212335973	1.5236986817971023
YBR253W	4.952383555321395	11.673120016437894	1.2369952604514767
YDR308C	7.3414837895164435	5.503106699183487	-0.41582537486316234
YCR081W	6.530147653998574	9.9793050356225	0.6118237358707349
YML034W	5.3848023669371905	10.98023746308387	1.027943953942589
YCR018C	5.728342636908157	9.956291395594556	0.7974906659871783
YDL133W	3.9688926693766895	6.094036215949935	0.6186615256571206
YOR247W	9.242681414842552	13.257403625734142	0.5204148999499586
YLR082C	3.9394806705265477	7.253697266182267	0.8807110793153249
YKR091W	8.103386033844115	4.114320836686643	-0.9778705698635858
YGL097W	6.8471876737661415	12.322193735288332	0.8476756629249302
YLR119W	6.642465327681748	7.362228371631719	0.14842370973602867
YPR032W	5.363781138333287	11.626959540246919	1.1161516037755812
YBL106C	5.484301352895157	18.67802070564634	1.7679618299404425
YCL037C	3.4428752621493626	12.616303757953494	1.8736034837929054
YNL189W	8.44447847721178	16.81549756756266	0.993711237137906
YDR292C	7.98061816529777	13.475900670582927	0.7558092950346834
YKL154W	4.178395747733362	6.597357146723226	0.6589390664376592
YDL092W	6.59536835168613	13.36543692288815	1.018981859344764
YKL122C	6.096749266099593	10.96005443861017	0.8461428438953543
YKR092C	4.230957286976585	8.63493538173746	1.029201260352922
YPR088C	9.880240371483776	17.880077404716506	0.8557349361477642
YPL243W	4.679423874319049	8.77021257665221	0.906280894167567
YPL210C	5.399366292978557	10.415927191450834	0.9479292714012344
YJL092W	3.901745449555224	5.841736962217905	0.5822777395514929
YNL138W	11.972664472748413	19.25239196527125	0.6852934464544014
YKL086W	7.755889158566436	11.167325797816435	0.525919659046549
YKL218C	9.631168248543835	15.67704450579247	0.7028708920193746
YAL005C	15.425940132424692	19.832331513009585	0.3624958755570272
YLL024C	10.258635971911072	16.50775989622248	0.6863054423898131
YBL075C	5.359885383544981	19.99728514226899	1.899530095762364
YER103W	9.287397839725223	21.612894415250416	1.2185459505756016
YDL229W	14.378959980073345	21.08280712998946	0.5521076410297788
YNL209W	15.755709645574889	30.83650822212601	0.9687646750803468
YJR045C	13.88911773141972	17.57905024649912	0.3399021683331435
YDR293C	6.776553173312498	13.502600584108333	0.9946137428275338
YPL106C	16.801397778437593	30.970134961592883	0.8822964081783056
YBR169C	10.56286981842715	18.203751289719285	0.7852339278913593
YHR066W	2.44627441811949	7.658024593785738	1.6463860418612637
YDR312W	6.064844741297703	14.458390246434048	1.2533643176623757
YBR283C	9.555069205989096	15.178651346919493	0.6677053825652873
YKL124W	5.783500817846485	12.241522301379192	1.0817680346172858
YLR006C	5.3735545283482855	5.144349968848331	-0.0628879336314011
YNR031C	4.242118536089416	7.223038335616846	0.7678208931983703
YLR005W	7.55891712164598	13.07354790089341	0.7903992368278581
YIL143C	6.196495286743616	14.354317848240985	1.2119604031634452
YIL030C	6.162197529436494	12.405687085591225	1.0094848068477371
YDR443C	5.1685636157368195	8.178266762129827	0.6620317220594523
YPL042C	3.7389068849657985	7.913436495557246	1.081687794461502
YNL025C	5.374994452756148	7.228539292594476	0.4274408781877228
YPL232W	7.843871864938319	13.576472645408948	0.7914708228088752
YMR183C	11.197376231204048	16.306410669326986	0.5422785345544116
YHR184W	9.912339235978326	14.3893053900815	0.5376994833840995
YLR250W	9.71502662060929	13.488984939406444	0.4734919338942026
YOR242C	11.462545231237659	20.22653612438982	0.8193218470143777
YLR369W	5.826930416882603	10.698513455753353	0.8766023622377249
YDR086C	15.260538146507935	29.676588114584767	0.959519398233024
YLR452C	5.1960390066082365	8.840748265947518	0.7667562209248557
YPL092W	5.283750607784048	9.072905080499815	0.7800021923389447
YNL222W	4.961857076282926	11.492069766642235	1.2116865715363556
YDR160W	4.635219728036071	9.7274428792930685	1.0694228735328641
YJL156C	5.350110926026058	10.26419206912813	0.9399793633651485
YHR064C	14.737670283526306	32.65886013599307	1.1479659559997313
YNL309W	3.9973839968674136	8.776845437430055	1.134646333669308
YMR053C	8.380556340953387	11.566556210068866	0.464841459776943
YDR169C	5.632564761984783	11.455961163903648	1.0242346054806113
YMR019W	5.0970558608140895	9.273302967251151	0.8634191254061934
YHR178W	4.647602040728187	6.938524713227057	0.5781424052436245
YKL072W	4.653924341367169	9.268736739508984	0.9939249664428573
YLR362W	4.819548668949631	11.531256670616663	1.258579790350819
YHR084W	4.224089818554549	5.726959930240012	0.43912899777021247
YOR219C	6.104701747835881	11.150657093061419	0.8691360111718468
YDR410C	4.496805338357537	9.843511402602076	1.130272616535131
YJR086W	6.331359966740186	12.043279395872919	0.9276409659481296
YFL026W	3.050552271058493	5.401951607259766	0.8244102642993202
YHL007C	4.2916628893337245	8.293686128321744	0.95047669331707
YLR389C	7.4816873906697605	15.27871456209212	1.0300875790505233
YJR117W	9.190768802564591	16.16470778856091	0.8145899756301065
YKL178C	5.383972668361401	8.116465944371837	0.592180602542886
YOR212W	4.870121906318378	9.247656335418492	0.9251298993664668
YDR103W	3.980338571789428	7.353872462799781	0.8856130031487034
YCL032W	5.416878376887013	9.87715425794646	0.8666337427873838
YKL209C	5.665359967813553	7.750756457734129	0.45216949582965466
YDL159W	4.4970629610737785	6.5076379122664845	0.533150898497371
YDL130W-A	13.05186528489919	23.54762558235798	0.8513255916454421
YGR008C	13.343268912593805	15.089276083274566	0.17741144364762687
YIL126W	4.746930377307834	7.922584318738259	0.7389762189737985
YOR027W	11.14507360205553	18.63541126508322	0.7416405140840047
YDR536W	3.5664581649815283	4.5025447760838215	0.3362485725926993
YLR150W	21.88335044789654	46.55814187643147	1.089199843101443
YDR082W	3.9699099829281206	7.189245398363271	0.8567340547787997
YMR125W	7.083369043148936	13.438446589775511	0.9238587664808027
YDR463W	4.165812650057823	8.513560241187758	1.031164612961949
YHR006W	3.8694361778365804	4.73848600886069	0.2923028139020127
YCL008C	5.990726964632047	9.257131565096445	0.6278341438590049
YLR375W	6.181179193162185	10.23862601916454	0.7280681300066012
YDL048C	2.492105216898778	4.092701615130955	0.7156885082989333
YJR130C	6.076018417730424	10.020060792740534	0.7216931134580122
YGL184C	4.428676990152674	5.3282674962005325	0.266790735468246
YIR011C	3.639204853571097	6.287068423076393	0.788764200409502
YGL022W	7.854497260332739	17.248870245057226	1.1349110307300234
YLR305C	6.54029991588494	13.63573389933013	1.0599636513079063
YBL034C	4.944389793351361	6.774362601425876	0.45429272664762904
YLR045C	4.35889504261687	7.120090229693508	0.7079330583259709
YMR054W	6.572692392979333	9.510901074458811	0.5330975628624065
YGL169W	7.394645643973746	12.172421723792349	0.719063303966346
YPR086W	7.217006557547947	14.336781397995194	0.99024870515427
YMR039C	7.001935032283534	14.90300430975648	1.0897776133281118
YDL084W	13.172135254173506	18.693080625930403	0.5050151142918696
YIL162W	12.907452094187626	14.367300879890728	0.15458481106265576
YPR151C	4.521861594743508	7.226633995549259	0.6764069938291042
YNL244C	11.658136893242034	22.92676232843111	0.9756953873893751
YJR007W	7.360566341218982	15.193620748938777	1.0455770350070306
YPL237W	11.32027811266549	17.005309560421598	0.5870758665096897
YDR310C	5.65670863557329	13.834655645692543	1.2902519666917573
YNL066W	4.8854791294718165	8.466876346799722	0.793329762252388
YDR172W	7.219006898191022	14.524099217723464	1.0085764029821493
YBR143C	9.778803804643907	17.063406189154257	0.8031757625698288
YPL057C	3.5989992217540863	4.10948096701103	0.1913604007884155
YDR297W	8.041129317132881	10.847063774326957	0.43183453128363336
YLR372W	6.559903429673015	14.748432850275696	1.1688151819164159
YML052W	4.87520933193858	10.744172020706667	1.1400182366812142
YBR111W-A	9.719461240212055	16.74608556922214	0.7848756510641705
YGL162W	3.3668883827354392	5.321476557427276	0.6604107133411249
YPR009W	5.404191803915712	12.161732109255945	1.1701979318640938
YPL029W	7.471189873720109	12.71263361722362	0.7668530053731778
YDR346C	6.7446762920041445	12.326365958341304	0.8699264207430655
YPL032C	4.624443796857477	7.426334599531273	0.6833704619631713
YHR181W	7.534446567576938	13.355516388860245	0.8258623089745757
YPL163C	5.967713136705552	10.226013205374745	0.7769937010123823
YDR320C	4.737393260120923	11.516022797455108	1.2814772071264975
YAL011W	3.7125294039138526	5.1478686593441445	0.471572793317637
YGR002C	4.769304935167664	7.471267596048129	0.6475740081261658
YBR231C	4.113046177703337	8.574848851901008	1.0599039719985317
YAR003W	4.4256301057253	6.336524342135162	0.5178088464853643
YKL018W	5.476752039709602	10.872019520976027	0.9892274827647051
YBR175W	2.9209970719688023	4.78699899287715	0.7126605905346952
YJL187C	3.548239348879034	6.825893170371349	0.9439145046172748
YDR126W	5.804918213429079	7.902886757003602	0.44510399464152245
YAR042W	5.0931940879457365	11.166784335460761	1.1325711965454697
YPL016W	7.443411608686496	10.387489138224304	0.4808110464440805
YJL176C	4.14490086986557	6.875876812464293	0.7302060994639047
YER111C	5.121572085827116	7.95767260881289	0.6357598266284136
YDR146C	5.116060330744911	9.52623598535248	0.8968730106141166
YLR182W	5.003225579628069	7.486438715553168	0.5814210942621363
YDR260C	5.7813504558053594	9.894880641076856	0.7752757758195652
YNR004W	4.440704270777868	6.907640091827889	0.6374044181521207
YMR149W	6.625035633031477	13.40729182171079	1.0170177331653796
YFL049W	4.699076714658178	6.455781912684627	0.45821452212893976
YDR334W	4.580066868945405	6.851166064769706	0.5809808930755551
YNL081C	11.709928741780388	14.833580824527772	0.34113460957519753
YOR166C	4.554947165566512	9.665696928354805	1.0854394394194562
YNL187W	3.6009637930993454	4.637254641855452	0.3648878568274971
YDR395W	6.639166831003508	16.637694463700267	1.325381418749156
YOR179C	5.059986347464857	11.198024872488048	1.1460388921596023
YDR416W	4.26527422501145	7.918474661178443	0.8925840512153482
YGR129W	4.675086998652617	9.704912837481508	1.053722043402807
YIL047C	2.9618915265025088	5.170637512906195	0.8038233626522262
YPL105C	4.349376943681796	6.1369383320676025	0.49671033939277315
YLR251W	6.540184121625369	10.130440384022723	0.6312937347384849
YAL014C	5.7678781552023946	7.612012327092993	0.4002372095769185
YCR030C	7.487654864083147	11.178679384924797	0.5781639206671058
YJL004C	5.681497442100227	11.739079810076856	1.0469761960778505
YPR095C	4.210691582728542	7.371492964614022	0.8078996336912898
YGL243W	6.228946182870134	11.068637964351371	0.8294176913066913
YJL035C	5.4241782874836915	9.95910904358534	0.876612083223049
YLR316C	5.449415714957668	9.57142106113691	0.8126315836121413
YBR261C	6.601034750103597	13.896083665437104	1.0739142473115098
YPL009C	6.305422786118813	16.464985116862398	1.3847361945107917
YGR274C	3.739097262381056	6.238070547079756	0.7384098689667764
YDR167W	6.9026697138003525	15.865596493350775	1.20067540332453
YML015C	5.1816614770741944	12.293347559782173	1.2463911535473249
YDR145W	6.291939331608358	11.695008668088327	0.8943162658643137
YML098W	6.3021463023649	16.79167454275287	1.4138309580383395
YPL129W	8.783528598005285	15.506697835748119	0.8200189622368719
YCR042C	4.7033577675450555	9.975248606305483	1.0846617200819952
YPL011C	3.605022497036888	6.541965487271717	0.8597158857829389
YMR005W	5.2061347798145325	12.383008881797405	1.2500773432130137
YBR198C	4.721523975328401	7.159849498478684	0.6006766658657696
YGL112C	5.5721634795797605	9.281097226932975	0.736057788031238
YMR227C	3.915211475991449	7.2684738334066	0.8925622369825158
YML114C	4.00834449643073	6.2499964607604745	0.6408488667858745
YMR236W	7.2720519355062905	13.824665303934403	0.9268101450258722
YCR060W	13.863565796827437	21.67850855792002	0.6449671298075714
YJR046W	5.550223489404727	10.775053950225535	0.9570773224729087
YPR048W	4.423503594322428	11.179465425743853	1.337589803241335
YLR354C	15.375824018376765	26.175830752186656	0.7675715960627378
YGR046W	5.077852126136483	9.231465730204373	0.8623413482417064
YGL232W	9.39192038754939	17.217439600740057	0.874378531698353
YIL129C	6.060685677288082	11.675593509865259	0.9459429611300452
YMR028W	4.4334297256287885	12.101614056056597	1.4487043675366311
YBR069C	3.875516057251059	6.399351065895379	0.7235371842135544
YOL020W	4.181987324426869	7.121621376974177	0.7680170473117355
YJL083W	5.160321249070799	4.9573090473750945	-0.057903679781789875
YPR140W	8.003493988648508	14.088292705363012	0.8157949261733476
YPL128C	3.25867752672281	6.7370396453624535	1.0478281967054253
YEL048C	4.673107446160133	11.668476951292938	1.3201621492165558
YOR086C	7.648027853886067	13.207954092322904	0.788247328218403
YNL087W	9.963597647571525	13.963682174060285	0.48694075673801396
YML072C	9.394162315657319	16.34240988195979	0.7987843153288747
YBR044C	7.4747969208788305	10.690517628727694	0.5162254201393501
YPL180W	5.4777778410145395	8.180291608349588	0.578561516099821
YDR212W	8.399232111452973	14.830042067990238	0.8201933476824925
YMR291W	5.886455854793182	6.155538976662434	0.06448591328812092
YGR205W	9.698582810894191	15.564997565728616	0.6824594947522753
YER071C	8.704250799176648	16.298858475415308	0.9049788945666563
YHR009C	8.590998509980784	16.607106045254966	0.9509029641166311
YNL176C	5.213211020115793	8.027185134688644	0.6227219130728732
YML081W	4.0193532174606075	6.159622307050448	0.6158785252833157
YJL052W	21.72341123412499	32.306033910305864	0.5725529794669026
YJR009C	15.54733110984383	23.570326589673385	0.6003048033578869
YBR223C	6.46186918106196	6.622146700112557	0.03534742715026448
YOR337W	2.8153455860321603	5.130090901899138	0.86567236448176
YBR083W	4.269534211917921	7.4405335528910905	0.8013273926797888
YIL039W	12.022461624059565	19.619146216284275	0.7065299387795152
YPR080W	16.465051882399685	27.192166861687852	0.723784061994021
YBR118W	22.821101461996783	35.53667879411175	0.6389404304236785
YKL081W	12.4621049727047	16.401358682908977	0.39626755775791256
YBL088C	4.880721657492705	8.665895087563957	0.8282542922598156
YGR099W	4.786591150397582	9.27786788984435	0.954794720752437
YML064C	3.9771889932620974	6.780255591283485	0.7695905391684529
YLR010C	4.273355293767663	7.116607770759583	0.7358204545106455
YJR019C	8.520510490030532	10.407207258295207	0.28857120338714615
YNL253W	5.451799611459333	10.276101901693794	0.9144886617785285
YKL028W	4.756078031385686	10.598740105163715	1.1560484885382711
YKR062W	4.577928936933175	8.626044570779683	0.9140041023467903
YDR311W	4.22356032372374	6.453432564721554	0.6116070738766382
YPL122C	4.475776637039693	9.523509450979226	1.0893552697219082
YDR460W	4.120132629698877	8.387424572461903	1.0255371078827744
YPR056W	6.187524257543924	10.144700417557477	0.7132920804578391
YDR079C-A	4.544725921702853	19.869884926524566	2.128318319757789
YBR123C	4.066045119414008	7.088535621085407	0.8018613960255997
YAL001C	6.058179248390545	8.642150910780945	0.5125061587623236
YGR047C	3.9618336838782477	5.423623254060835	0.45308864898920376
YDR362C	4.571628259906509	8.70324063205513	0.9288445890853418
YOR110W	4.074817890624496	6.5339073490629165	0.6812104127741249
YPL007C	5.515866738487901	7.803502035917498	0.5005341160932111
YGR186W	6.734021000169421	13.842027662141057	1.03951516760716
YGR005C	8.909285177422786	16.168935905777907	0.8598431475777978
YLR178C	13.69776325762443	15.59840557690493	0.18745823748498627
YKL140W	6.7542058650568455	13.771689415883198	1.0278474924046297
YDR058C	6.171525376323374	11.687268358164054	0.9212387508092751
YMR313C	4.469331612035071	6.796869324859513	0.604811293455182
YKR089C	5.611881265532619	8.979174654835365	0.6780983566571062
YOR081C	6.832336941425913	12.20674266764878	0.8372272435443064
YPL157W	3.843489419494399	8.299520935524205	1.1106113667388717
YGR024C	6.9977217478576	14.760722761865663	1.076806160400346
YJR156C	13.517005291330072	25.846867320795386	0.9352138781140024
YNL332W	11.060741707579146	23.0279927491072	1.0579405305154974
YBR240C	3.749735259414506	7.981455945889972	1.089863199859667
YOL055C	6.131972416596008	13.637342802504019	1.1531394542553326
YPL258C	4.700248148614687	8.27865982754643	0.8166603135618513
YPR121W	4.042538880611956	7.556480430093169	0.9024527796872021
YDL080C	5.626569637286419	10.685200699290299	0.9252864818095318
YGR144W	11.827772496760298	14.932165489472318	0.33624500378997746
YFL058W	15.596316431541936	18.272810456412742	0.22849321449059304
YPL214C	6.387988313253718	13.405615016220665	1.0694038296218726
YLR237W	7.279301372435423	15.641953785183423	1.1035488260149542
YDR438W	7.638286729639168	9.65245599928862	0.33764699510880913
YOR143C	3.118493512666716	7.486238522710224	1.2633917576692109
YER063W	7.366280460697899	10.190721573870466	0.46824797598326745
YOL072W	4.228495393205634	6.398278906392116	0.597539475256283
YHR167W	2.847644534665241	3.6301868649738678	0.3502747442704764
YPR045C	6.724226164881376	10.912848375325506	0.6985875557418154
YHR025W	13.713279265480995	20.759364886503207	0.5981887014695917
YCR053W	10.595250906754476	20.65049650696784	0.9627587166132482
YIL078W	14.273179529861718	26.612764034416614	0.8988116091839704
YIL144W	4.627671872958012	6.281296794336104	0.4407758658261786
YKR059W	21.459195984662927	40.31686855161041	0.9097875643268726
YMR260C	17.37365783249556	34.481366840473086	0.9889154343592051
YJL138C	14.05919422784068	23.512706707490374	0.7419267151341036
YPR163C	10.78923221934711	15.327474304190316	0.5065277822625581
YMR146C	11.402023244668767	18.743916861793767	0.7171326125591454
YDR429C	10.205069815875383	15.204670587986511	0.5752285081469041
YGR162W	7.788072976298631	12.807071973736804	0.7176023684947325
YGL049C	9.807941614058658	12.10263688260595	0.3032991154730324
YPR041W	9.049886145850568	14.44258676606372	0.6743576146468566
YPR016C	5.893279330783255	10.961607449659827	0.8953168217584632
YHR005C-A	16.187796005799903	22.95979388810155	0.5042031170992218
YDR322C-A	10.533158559665821	16.169215383611245	0.6183115536118046
YBR091C	9.186893335586149	13.662932243134897	0.5726181545102236
YGR181W	16.04494049637369	23.779430211097814	0.5675957071683126
YJL143W	13.22283521628432	17.854607946731747	0.4332649053678168
YOR297C	5.356210645041497	10.545923001132387	0.977400764209656
YGR033C	5.872263021980624	10.705177509870367	0.8663202243675258
YDL217C	7.747679804551506	11.453958696926184	0.5640100695057303
YNR017W	10.368555036012726	15.539370912012002	0.5837132457173686
YIL022W	10.301167250083468	12.655982233108013	0.2970116576985424
YPL063W	13.380592498304214	17.31257106311645	0.37167799248010297
YJL054W	11.29131056521879	14.922865297520554	0.40231162277412547
YJR135W-A	15.356416428042767	24.963299536370315	0.7009670475784836
YEL020W-A	12.726054595668968	14.876266376374081	0.22522727040148102
YBR067C	16.314158089406078	20.325161185391664	0.3171422559642656
YGL145W	5.068852990217002	7.926063589714452	0.6449452192308359
YPR040W	4.684469838688685	7.799082650323591	0.7354186589632663
YIL011W	11.775226707068121	14.81949247978931	0.33174120465469487
YPR074C	9.730221750358012	19.002047823900917	0.9656103148382207
YBR117C	7.958933335469809	15.123564081610155	0.926151173756619
YOL018C	5.313044481252558	7.962693771346471	0.5837177844087896
YLR327C	22.777527283449732	17.985164846047986	-0.3408037545235888
YIL137C	6.776267076877316	14.0798425622443	1.0550685594959015
YOR252W	6.5438546337960855	15.439779698574782	1.2384395622623845
YDL110C	7.9592506480867335	13.574959086643279	0.7702433352922557
YKL056C	18.81249394709089	36.94700966868859	0.9737664859077029
YER007C-A	12.448130335601164	21.932644383978904	0.8171506949812208
YJR014W	13.418318211424939	22.652664564478897	0.7554768978188624
YMR269W	4.299834536685083	19.773106079286997	2.201186466961817
YOR091W	5.999088858377524	13.215856752917531	1.1394546485909094
YDR117C	5.0153084877640115	8.3967254237154485	0.7434883690696269
YLR262C-A	18.51725006622806	44.289969809664186	1.2581101490320092
YER113C	4.859301644852911	10.32621709005457	1.0874909368452357
YDR105C	5.981479238797407	12.223974738390748	1.0311392503477865
YER175C	5.803466705444531	11.633981263339154	1.0033580279228227
YGR260W	7.820386244039607	9.78622004172406	0.3235118588142795
YOR194C	5.517499321217587	9.904090378600475	0.8440099327350791
YKL058W	8.849010727842357	14.675291885812829	0.7298011145409959
YBL054W	2.929461557268386	8.589997045970385	1.5520221173580133
YNL273W	6.518511106124351	7.721483499272151	0.24433557769438238
YKR010C	5.268536462431023	8.252531727531716	0.647434526244401
YJL093C	5.405363902997544	7.584711130077562	0.48870248812943945
YDR457W	8.245150366414627	14.818689658252907	0.8458001736848121
YGR082W	12.847934554212799	16.999655953557934	0.4039690996910276
YNL131W	13.977224153443796	18.784463624953972	0.4264620485486706
YMR203W	13.430265575666061	17.716591273141596	0.3996132181129111
YPR133W-A	15.828071126046595	19.534703035941753	0.3035538705969193
YOR045W	15.428337084446191	18.33687282154377	0.24916505005676437
YNL070W	13.69733562725907	18.805164265836005	0.45723361767275295
YNL121C	12.400186087353614	16.52246392094402	0.4140670744031956
YHR117W	8.52615497455449	15.337691888401006	0.8471142098083533
YOL006C	2.9311243857778595	6.476161392301741	1.1436847476452532
YNL088W	6.211200956241237	19.36565332012038	1.6405560225939269
YJR066W	6.055813589683594	7.036670349083381	0.21657213093400043
YKL203C	6.678277959935945	12.502157382126462	0.9046290220695281
YBR162C	9.816638302914125	15.309897355169388	0.6411636454741405
YGL179C	3.8307340422841665	4.9890623451619485	0.3811478311639003
YGL096W	9.831837168131216	9.412719063474885	-0.06284948622535275
YER049W	5.92976410082772	12.29991460217915	1.052601681608771
YGR096W	6.010802491332857	14.406882224484015	1.261128636941072
YAL016W	6.589211556695523	13.539889942126777	1.0390382595866876
YDR050C	17.03566269009916	25.5776628659919	0.5863263757872258
YJL164C	12.08132299117435	13.172245290187512	0.12472283406739731
YPL203W	9.315019104845284	14.2272616603319	0.611027377971135
YKL166C	4.2803565383382995	9.136709883089912	1.0939437733087243
YNL079C	20.012659887824324	38.35012154330516	0.9383182211186789
YIL138C	10.182548427033574	21.735001574744643	1.093921524492214
YGL186C	5.00787312418198	11.289548427319112	1.1727178638685056
YLL028W	5.912892446395702	10.02868336393915	0.762196270937291
YGR138C	5.032045375861708	20.2193554216708	2.0065201691896624
YPR156C	5.5319220331757455	9.26327427096924	0.7437414068429653
YOR273C	5.753553845466852	5.04653920613884	-0.18915899105464953
YKL174C	4.551470090916901	9.910682637803951	1.1226518318833687
YMR156C	7.0817693203622145	10.45183539180567	0.5615745529873614
YBR126C	12.120792614333944	15.027115024161153	0.3100840165213389
YDR074W	9.672835304419651	9.026205857696326	-0.09981915290523292
YMR261C	7.025835691754814	13.445683734465176	0.9364013776403409
YOL102C	7.140830943829617	15.665046658438314	1.133385198238127
YHR099W	7.014188489229742	15.125270181429949	1.1086128082184232
YPL176C	7.652787336099008	11.85097285545297	0.6309482817607294
YOR256C	7.194000424939075	13.092401468996783	0.8638635975670166
YNL299W	2.0783747875563434	4.1023673128721185	0.9810008370153139
YMR233W	5.5361124086070355	7.480736646095716	0.4343071061189927
YJL129C	5.371588357911459	12.655595527598397	1.236354741421878
YKR050W	6.984593223968434	10.85765850983055	0.6364650126867465
YJL087C	4.009550169568899	6.54912778053607	0.7078623896955882
YDR120C	6.070241394095027	10.193310893504647	0.7477969358892388
YOL093W	5.492391794053589	11.95065248974095	1.1215829421700396
YOL124C	4.778440483250464	7.126529738278645	0.576659878153349
YNR046W	7.156355085197044	13.262878238589	0.8900970171984056
YML005W	4.2591438399690515	14.192204829847189	1.7364633781086838
YOL125W	4.3036489378988545	10.685684970124996	1.3120470874450312
YKR056W	4.480087002904397	7.673461168977804	0.7763507127742122
YDL112W	8.039734176815182	14.67404264429311	0.8680466763996427
YPL030W	3.17281255286274	5.055415449780329	0.6720673659171714
YHR070W	3.8573377950060155	7.807716651368142	1.0172952059576872
YBR061C	5.8266047910202605	9.384957527579656	0.6876947576503845
YDL201W	6.974915824882066	12.653549908115924	0.8592944732959326
YDR165W	5.654759625180409	12.007275399204229	1.0863712186869279
YML014W	7.972635071831439	12.652966483314923	0.6663471240581503
YDR007W	7.919901577746105	15.251783775755035	0.9454235764023702
YER090W	12.719938424238476	22.533463312667923	0.8249773809617044
YKL211C	6.223732693949666	14.038866721187901	1.1735744759070308
YDR354W	4.900239382387169	10.4645834872783	1.0945907570085707
YGL026C	10.377669308519227	20.271027910944614	0.96593677812066
YDR353W	10.259135444569473	20.181467638551155	0.9761219364481799
YHR106W	9.403483571004088	16.183370041793395	0.7832448523163048
YDR407C	4.296713038170511	6.686244107556982	0.6379625991789665
YMR218C	5.028004181622672	10.782407798242968	1.1006216247414542
YBR254C	3.8553529108201787	8.775791889667529	1.1866663864526448
YDR246W	6.186912319113317	9.62128274935014	0.6370096646791322
YDR472W	5.099864866236089	12.101522439158444	1.2466576331523957
YOR115C	4.957401645644476	11.67886258903328	1.2362437212569988
YGR166W	3.3945032951362273	4.77498982179668	0.4922971721629955
YDR108W	3.9151351222709128	8.365623547081702	1.0954109783708705
YLR043C	20.15067146292403	39.774753509672685	0.9810250767792782
YGR209C	14.780494059144289	29.010688017203893	0.9728900164493476
YCR083W	14.73356610358865	20.46728522055966	0.47421309438037224
YKR079C	9.800514977230137	14.274534157795653	0.5425142006400326
YML028W	14.366432189892087	27.503603182185643	0.9369188127583947
YDR453C	15.75433960076073	22.283456953834346	0.5002237832427207
YBR265W	6.627123450607725	8.751411761686928	0.4011329743276545
YER093C	5.37614866798711	8.109232846481046	0.5929924044966005
YDL015C	12.83451082073044	19.9265351457864	0.6346625645714318
YBR058C-A	8.174585496393627	19.762495893312938	1.2735476790480127
YML100W	11.701785915262795	9.871915091551845	-0.24532683831823715
YDL060W	5.06536159892751	12.030059227006053	1.2479065783770336
YLR435W	8.084374378847595	15.023646328584258	0.89402696798098
YOR006C	3.3994209114575127	5.779244357437966	0.7655918657065789
YOL022C	9.443364168697137	16.317076753495066	0.7890098060840837
YKL033W	5.348994748645497	10.236667555396966	0.9364064444077701
YJR136C	3.9810746493515072	6.621258449255283	0.7339475207804755
YML085C	12.642307733522422	23.266439074840264	0.8799905855019359
YFL037W	13.033044433594153	22.029487801070253	0.7572618245347272
YML124C	10.358453719349109	18.129135744602348	0.8075014926405936
YLR212C	6.089935302167198	6.384715384472893	0.06819540801564461
YOR187W	14.471249229050233	18.6190733886383	0.3635918086526529
YKL034W	6.018146750824523	9.398105524463734	0.6430506799839646
YOR251C	14.111234906963512	22.452722457115954	0.67004613943606
YCR084C	8.713055008266656	14.710451921337956	0.755591011972969
YLR425W	7.235824372718505	8.090445741363474	0.16106179839789342
YDR100W	9.888099603768794	16.56763542376354	0.7446025312114753
YMR071C	7.134377067964297	13.742777592232493	0.9458142482348524
YDR084C	6.6660450829994	14.020266454247913	1.0726107882776041
YKR088C	8.152905196235956	14.332884821433694	0.8139428700012321
YGR080W	7.085736386995627	13.872662744979035	0.9692550293357085
YOR344C	6.051470155226248	16.548970258492226	1.4513838686572795
YBR166C	5.445605126816686	12.752127266695855	1.2275736544657934
YGR185C	10.717433952334929	18.62575338364781	0.7973392552196026
YPL207W	8.12988516981718	15.535695277660807	0.9342799283644979
YGL050W	4.65344574946146	7.982245186632385	0.7784952058726059
YOR295W	4.6008182753230775	9.157414646662549	0.9930498755871017
YKL210W	9.636046382237142	17.643926542393984	0.8726584161423927
YDR390C	6.19946455222993	13.832895608257946	1.157887663720979
YPR066W	4.6804238002061975	5.7223027120545975	0.2899566508042672
YHR111W	5.636416575444315	11.199416208144022	0.9905733837002083
YDR177W	9.994630682920121	16.313096605574582	0.7068055019044427
YOR339C	8.384422667845039	14.739248614551704	0.8138796281697901
YLR306W	5.755631664075249	12.88561466929471	1.1627151844407568
YDR092W	9.441746939166688	15.91732351114354	0.7534720469460661
YBR082C	11.173632946362513	21.924925757340677	0.9724736237156953
YDR059C	13.316483841908749	19.883287247312275	0.5783430977758515
YER100W	4.990982202918584	14.027062721599643	1.490817274531945
YMR022W	7.741292510325666	15.367482234865097	0.9892344488312889
YEL012W	10.450200140937172	14.023367895627391	0.4243023001998855
YDL064W	8.274532009982616	13.729015429813611	0.7304785434048501
YLL039C	10.873554180564273	11.88904701213588	0.12880949444053583
YDL122W	5.797125606668741	11.745724503328892	1.0187260548224737
YNL186W	3.6926261474390643	9.4942009813851	1.3623993831376748
YKR098C	6.967743464217241	10.628116457926403	0.6091225279860519
YJL197W	4.1387763160934306	9.425156673931046	1.1873123215138828
YBL067C	5.3468358086683185	9.480067246942227	0.8262119179808932
YBR058C	7.405624449786817	14.616201252766192	0.9808751086397138
YMR304W	5.862094367456951	12.291200481907486	1.0681377329594028
YPL072W	6.269458748009944	8.329607954436439	0.4099076962427797
YOR124C	7.682703611359817	14.734682436913403	0.9395299651567606
YER151C	4.710933402521503	12.437920890215256	1.400660504050262
YER144C	4.287423627332366	5.571649598464642	0.3779935570519922
YFR010W	5.885735462084265	13.888261987194841	1.2385714619963446
YIL156W	4.750582742410676	8.624666867400517	0.8603642367639804
YMR223W	4.707188027657002	10.692475012851666	1.1836584483498664
YER098W	5.025846174079822	7.350497465065516	0.5484753762235063
YGR184C	7.175181940290626	14.891110236736722	1.0533640013440155
YBR165W	4.518633923529745	8.238471201239939	0.8664899618238061
YML013W	6.3766726366360365	11.342302826116619	0.830837856542572
YDL091C	6.479731977353483	10.372302879727211	0.6787301948647235
YMR067C	4.94443830019628	9.864356713692592	0.996418334502327
YDR330W	5.3258462002778035	8.162752862765718	0.6160450116092602
YJL048C	8.987117814025158	19.61515587961633	1.1260383804575058
YBR273C	5.820402806037039	13.95081589140128	1.2611585935933887
YGR048W	4.348394220371887	5.9120291112104075	0.44317063407252805
YDL190C	6.014849599263891	13.418187727358058	1.1575892644764216
YKL010C	5.951362504049154	12.789701658598656	1.1036907095765396
YOR075W	4.695750313951407	8.29021983376656	0.8200546601252953
YML088W	3.4693290548685223	4.959400211075094	0.5155089697288248
YGR019W	11.214402434476703	14.860826464817084	0.4061616039625709
YBR006W	6.9657149374844405	10.326525236233385	0.5680115457306969
YDL170W	4.625135134131673	10.19459549400641	1.1402371094877843
YDR470C	6.358564060188981	10.681172864576814	0.7482971664159609
YKL035W	12.541264558490925	20.79886628222302	0.7298220661379359
YDL169C	6.2016304112930705	11.212203619370662	0.8543503941805592
YAR027W	9.401508219303652	15.367605489833428	0.7089282662693677
YPL186C	6.730859950002452	10.672808977017647	0.6650771853737968
YKR044W	4.343098113716336	10.694225869222237	1.3000356030644686
YPL003W	8.80045760943813	11.660567981922458	0.4059876147864711
YPL020C	5.260335563932474	10.07270133152301	0.937223903092538
YIL031W	3.906160274959947	8.152973568738608	1.0615751917887937
YOR191W	4.946814907384229	8.175563855757435	0.7248183145722531
YPL139C	4.485416870528058	6.545491656058826	0.5452594882658294
YDR207C	4.789034850581345	6.6895467245543445	0.48217352460234525
YBR173C	9.728384477311208	16.904782924664545	0.7971593385736462
YML021C	4.3503281956740985	8.789366819197852	1.0146349939379613
YGR072W	5.03727065312631	9.884746219261066	0.9725616774642186
YLR193C	7.926918201667326	14.478292673021146	0.8690594908682934
YLR168C	5.666415836218235	12.670599827372804	1.1609764389213795
YDR185C	9.249045720025912	13.070810228584554	0.4989721463066621
YKL216W	10.13971234025677	18.605486316455867	0.8757113763866832
YMR271C	6.2273618731635025	10.325569426996251	0.7295283224933865
YJL130C	11.068326267344219	17.85861257187355	0.6901829256105985
YEL021W	3.8248662041626846	6.270812715409548	0.7132431501275887
YLR420W	10.274670014031681	17.636310327763674	0.7794567074881289
YML106W	12.368044942933107	23.832261242276736	0.9462983763456438
YKL024C	14.669686757751165	22.182544736870717	0.596586812632914
YBL039C	5.7624762089897175	14.444087984124248	1.3257183190558754
YJR103W	11.22891984018658	17.060255572288625	0.6034201040555204
YKL014C	6.352227859231435	12.707545068842727	1.000350778400477
YJR041C	4.798645719010272	10.362529922803208	1.1106770588152708
YNL229C	6.264466084278315	11.581491091261263	0.8865575489795806
YDR400W	6.40629140543703	11.429282477355853	0.8351735058326932
YNR012W	5.529899159091864	13.293303933641067	1.2653746408957494
YIL008W	14.941980327995646	11.996503089776411	-0.31675743769589515
YML029W	4.981767198706098	7.999100649694291	0.683180199799337
YLR132C	4.162634260143506	5.744264683965364	0.4646254220151601
YGL098W	5.536562655580315	8.796758355050697	0.667981417147671
YDL058W	5.15161469432684	11.605575569276109	1.1717214749255958
YPL230W	14.282856580348241	12.509766329303707	-0.19122970657962582
YKR042W	11.925952666569657	28.168104035572554	1.2399579448364115
YJL109C	6.9498675447330704	14.077230244557885	1.0183061181031916
YKL099C	4.716158869200994	12.176418979719895	1.3684056835781424
YLR222C	3.626409445580223	9.03866133249037	1.3175672945815147
YML093W	4.99509488103584	11.913487264971334	1.2540117873804861
YMR093W	2.9665130327920766	6.74513980331817	1.185080224531281
YJL069C	3.0268394946163557	6.00882313242662	0.9892702824328025
YBL004W	8.679023551779826	13.681579850260981	0.6566301878039209
YLR409C	4.439700180856614	10.003094804200064	1.1719122590221893
YGR090W	4.593154668167003	10.843486103820961	1.2392713772197421
YOR004W	4.422354869200819	7.790267028646478	0.8168579827072795
YIL091C	3.3515092607628967	8.518015338746832	1.345706407561716
YKR060W	3.8581638295303904	6.755690867471515	0.808188907641791
YDR324C	3.9557174650157845	9.856831272401333	1.3171845442804317
YDR398W	2.6395736520812694	6.787218397828559	1.3625155145179955
YDR449C	2.895586589740952	7.226376142090225	1.319416710955967
YER082C	5.519670923185046	11.998372668936955	1.1201845846014058
YGR128C	4.393230289019538	10.262046613513021	1.2239644525921767
YHR196W	2.7838956968351263	8.63583350010136	1.6332302690053606
YJR049C	7.170580396784315	14.814430591451671	1.0468413733157265
YEL040W	3.6794121492300214	6.420529881433891	0.8032170779825344
YEL038W	9.488892178803951	12.174566044314389	0.3595587805522331
YEL005C	6.322007146323868	8.692424583179562	0.45937597891269105
YLR386W	5.210196050070553	9.858583854309316	0.9200427647001076
YNL054W	4.449144638981501	7.111060923405214	0.6765368160777935
YEL013W	7.272472690403184	13.244345220130738	0.8648586420286433
YOR106W	3.939776214176363	5.466996190389746	0.4726346856755301
YDL077C	5.6965285201031985	10.340901468140192	0.8602070481759155
YML115C	6.436766405035112	14.143559652183704	1.1357372449952123
YGR094W	15.027958694624589	24.978631001043873	0.7330453538554376
YMR088C	6.033364975581389	13.00665056505807	1.1082147283549515
YBR293W	5.156518719262266	11.867330215402268	1.202526105621238
YDL128W	7.152030514181861	14.332796158975897	1.0028952928791013
YER128W	5.443011587651309	11.312704149493358	1.0554668148221182
YIL056W	5.318620638338006	11.356296189503205	1.0943683398295736
YDR247W	11.269430405060469	14.91326123182431	0.4041811819695732
YIL135C	5.4851361789859086	9.686829946034468	0.8204971764018187
YOR054C	7.114081112860243	8.524421428632795	0.2609244948325165
YGR065C	7.359709731834556	11.66008618172886	0.6638576794016104
YLR373C	5.0020164181550655	8.682583194963195	0.7956145364249627
YBR105C	1.66880524516591	2.5795022845804	0.6282771267747997
YNL212W	4.840266237958624	6.5585274842360946	0.43828553351233535
YIL017C	7.372058330488646	9.101599712489783	0.3040526519496902
YGL227W	7.6351500125201275	10.374111209428293	0.44225933250651195
YLR410W	6.612518003410366	14.201936763697162	1.102816037836555
YDL185W	13.287512181439219	27.9045062503108	1.0704271048278824
YHR039C-A	16.191169579251866	26.44931031256568	0.7080228999922789
YPL234C	12.773484939820833	20.218142661308047	0.6624982866428739
YPR036W	11.189899403530854	19.91492210988894	0.8316527704884635
YHR026W	11.21101385273698	17.82600311736904	0.6690665111021391
YBR127C	12.9224854562635	27.068715478393404	1.066742848788648
YGR105W	13.844221081768437	21.318341049034444	0.6228112892503878
YHR060W	13.172926222407323	20.265563619764592	0.6214544395231695
YEL027W	14.855806772602236	24.701522792280386	0.7335730278193641
YOR332W	19.53479605026445	35.45782393443602	0.8600578066027605
YKL080W	12.974953603348926	22.656131614064606	0.8041721717528834
YLR447C	13.607807414070425	22.045639346038207	0.6960586888241004
YGR020C	15.2666455826065	26.340935592638512	0.7869234838214232
YEL051W	13.431409146563432	23.803158305511968	0.8255423372111182
YCL005W-A	15.001308370924281	27.693399837418763	0.8844538460973157
YHL035C	6.1668215934837765	8.415206879506085	0.4484716295502571
YDR049W	3.43977341838185	6.605218013328109	0.9412926440137134
YNL321W	6.128781674906311	11.4670892654375	0.9038270152826898
YGR106C	13.285812016381868	21.487740779920436	0.6936273991565417
YOR270C	8.397080205654596	15.032312100912893	0.8401072525465677
YKL119C	6.007690242612384	10.216244560033019	0.7659826319896795
YKR001C	10.612323550968608	19.9356481597811	0.9096099452974943
YLL040C	7.719005798049219	13.309424827674203	0.7859612793601368
YBR097W	4.304078729539581	8.47273716889795	0.9771236485112438
YPL045W	4.5096665382847565	8.855813157344578	0.9736040248953103
YOR132W	6.5428552432982805	10.89422772085293	0.7355716716898804
YMR077C	3.030761853292754	6.107809712745196	1.0109746214127828
YOR089C	6.258712859158725	11.992614928219073	0.9382083711950918
YKL041W	7.117731150358052	10.813124681188672	0.6032941348044613
YJR102C	6.694461527146061	8.897902771229536	0.41049731783325427
YNR006W	4.931941745316381	7.788549955483653	0.6591989983171581
YPL065W	5.912209816758589	12.429566843765024	1.0720066460833586
YHR012W	5.925415809885548	13.732623469405283	1.2126189608230946
YDR495C	4.858545112975776	11.155265063735438	1.1991285244529306
YPL120W	6.0973460843551575	9.089980523626659	0.5760957678252635
YLR396C	3.9098657581230034	4.803145641638397	0.2968604801447802
YLR240W	5.803402722763863	12.018062194459674	1.0502333408549118
YJL154C	5.238355532677481	10.461023152321392	0.9978380775746332
YLR417W	4.46799790038477	7.093550100963979	0.6668793242834923
YLR360W	3.7255581894716934	6.076232788416602	0.7057205458888712
YPR173C	6.797422751778644	14.66043808967688	1.1088684591860953
YDR080W	5.660784811692546	12.59717488473917	1.1540262354697624
YGL095C	6.586341332102879	13.520368174089459	1.0375852527337937
YOR069W	4.992945786167569	9.497625108691322	0.9276755692550143
YKR020W	6.634310360276654	12.71458096454427	0.9384655061310865
YDR484W	4.850766353363732	7.897120769765227	0.7031140625207017
YJL029C	5.157718085746397	11.786390839247602	1.1923171876375833
YDR027C	5.157306831961935	7.819057738540284	0.6003768805911307
YJR044C	7.5376915389988	16.738206169194015	1.1509502601123613
YDR486C	10.349415430343996	15.843279909492253	0.6143217543555193
YGR141W	6.641075554196457	10.486964413146687	0.65910831466908
YDR200C	6.313363734544902	7.978011429261228	0.33762031811827836
YPR139C	7.324252190093859	14.113677597936704	0.9463405873944144
YOL129W	10.39000769136577	14.792569975744096	0.5096759975032996
YJR126C	5.261379440902508	9.225856012819913	0.8102416782472863
YML041C	4.128407938649573	6.417443225510557	0.6364130932485226
YDR485C	4.2927446971074	8.46344420038274	0.9793445141155626
YGL104C	8.85183513161994	11.599957906221803	0.39007108430337784
YDR372C	7.233373196644589	15.48399814299118	1.0980375470181662
YNL246W	10.285237057139703	18.31072349178004	0.8321137500060212
YAL002W	6.142974504467072	9.377694946211175	0.6102959537408106
YML097C	3.9307719856864267	5.122794777024233	0.3821184184763936
YGL225W	5.405336372581319	11.23006074309424	1.0549094268801393
YLR337C	6.007455766668257	8.493334254497956	0.4995769075051118
YLR181C	5.66687487774759	12.112371516675328	1.0958561083716138
YER072W	9.104461591807578	17.842939406243055	0.9707076926627821
YFL004W	9.890212815221055	15.161086243762602	0.6162996517418189
YPL019C	8.399249297008794	15.30561285060953	0.8657285183915371
YJL012C	6.97973743009471	13.040652171412539	0.9017713514845385
YIL173W	8.230518512108986	9.121571694568186	0.14829910827190007
YJL222W	6.331168121205066	7.561573934287853	0.2562148551173864
YMR197C	6.606852950236002	9.985128214861344	0.5958177180503331
YOR359W	1.9859604505171413	2.8951254806835482	0.5437889863867106
YML076C	4.774023485074113	8.040608017383189	0.7520989361712767
YEL002C	13.133065275740087	21.315059307857993	0.6986693869522143
YOR043W	5.16084127835944	8.726709109391393	0.7578314468482646
YNL197C	4.014142111730857	5.459452475927703	0.44366457868282616
YDL224C	4.4881449405661495	9.048924751434747	1.0116271053090564
YOL097C	8.479312700470832	15.241700442449455	0.8460046307952493
YNL283C	4.218296316271427	7.65869324839761	0.8604378142385026
YOL105C	5.701566619297461	10.348358489888362	0.8599716499929476
YHL028W	5.911358345457148	9.879835109050578	0.7409972847934312
YHR134W	5.0582051885776735	7.510287817790446	0.5702426355779017
YOR230W	14.645761062038886	25.49393473761148	0.7996708919814484
YOR229W	5.416440994298155	7.4451042289642535	0.4589468415542761
YFL010C	16.530300860597123	30.349692187636798	0.8765689017520468
YIL101C	10.697096959345954	10.242396613228905	-0.06266599241215182
YLR090W	6.20658753563681	7.160235411157894	0.20620674707316888
YGR194C	8.220289170435798	13.29963929118571	0.6941260673863165
YJR133W	12.754506936494902	15.214993586975032	0.2544865974268485
YGL173C	7.649013744368027	13.506671882478669	0.8203265851796282
YDR369C	4.176221359219266	6.622444830413858	0.6651657364850401
YLR070C	6.205561958169446	8.441722474162232	0.4439755380951032
YJR067C	7.293833933734034	14.08191132396833	0.9490939050142535
YNL107W	4.788036621044082	9.824052856917998	1.0368841362441865
YPL252C	10.49596743986347	11.94188414863433	0.1861953283201111
YJL141C	8.406270270360043	9.861971786826636	0.23041028419007437
YAL044W-A	16.06444678480605	27.276694999361702	0.7637975505240789
YML007W	5.274401034502009	9.27363179728344	0.8141271772686872
YHR161C	7.561077880990158	10.314328083528011	0.44798602156410616
YGR241C	4.792987535350891	7.794268253114874	0.7014883970992284
YHL009C	4.991805183431107	8.916886240230525	0.8369783808743454
YIR018W	4.009844722128246	6.696440873946148	0.7398481432007076
YDR259C	5.035849752902281	7.847049221453057	0.6399150095173753
YOL028C	4.105993638364997	8.361623470925972	1.0260516871913121
YPL239W	9.34343649483902	14.949322644176867	0.6780549445682077
YAR035W	13.706718407862027	20.862804744788207	0.606049913493401
YER024W	11.248699770647688	18.052753837732013	0.6824606772811816
YBL010C	4.730620691023581	7.229838166770669	0.6119338663289674
YBL028C	4.858123372235777	9.379610998619281	0.949128963234112
YBL029C-A	8.395822863757767	14.557150951512728	0.7939843926484881
YBL036C	7.964714445020799	16.845829013428204	1.0806968842579217
YBL055C	5.297036187785334	9.177858853587349	0.7929722549596866
YBL107C	10.1694822383816	15.365830483138913	0.5954795142098546
YBR216C	5.570833189844485	10.184486926663645	0.8704082797116398
YGL060W	6.045891796448697	8.01289901872932	0.40636913624697096
YBR016W	8.392396760280977	7.750722652929989	-0.11475205561460115
YBR056W	11.316779681551827	17.383656004289655	0.6192680499295027
YBR071W	4.7024249221838	7.597704162289368	0.6921586275579177
YBR074W	7.449410639539261	13.638023938165322	0.8724364259661328
YBR085C-A	12.136958786189256	23.251009128318593	0.9378863685672785
YBR126W-A	17.61001323569839	26.59719056064951	0.5948778695843204
YBR137W	9.42321122911547	17.818468654660307	0.9190826664636685
YBR139W	10.269847113149483	13.04527567339304	0.3451127271125413
YBR141C	2.9684973109226376	4.0620541192256	0.4524766547473798
YBR197C	4.425104788828329	10.933544546299977	1.3049776597131555
YBR235W	5.397418089704872	10.661274413078502	0.9820385539112394
YBR238C	3.8222721325461477	12.727158735920883	1.7354079799390763
YBR241C	7.970751126989915	13.15340141763958	0.7226483343101462
YBR242W	6.423558462718976	14.114833579993123	1.1357674842977226
YBR259W	4.8491980454117165	7.085162929108556	0.5470548536339398
YBR271W	3.6470158021739585	9.011465052593906	1.3050452226920586
YLL048C	10.993761224245516	15.953815673602573	0.5372164639487322
YDR135C	9.749359198516771	18.202315911982783	0.9007427163930114
YDR325W	4.13738324529009	5.9112277925071925	0.5147392163064661
YGR203W	6.699935047185951	14.564092414622062	1.120196785884057
YHR135C	6.039975750647894	10.166454407576008	0.7512019586057671
YNL154C	5.681864862191911	13.028712312866237	1.1972580789084875
YER123W	3.836716942900316	6.107412973896764	0.6706890685086414
YCL012C	9.028246517126107	13.586128981239753	0.5896167386249997
YCR004C	12.552941849530626	23.10895035493953	0.8804262246506891
YCR015C	4.950654568462198	10.643051444071547	1.1042206478341896
YCR023C	7.326061530524303	12.906962119942758	0.8170397538065934
YCR041W	8.30745643085255	11.607314636290408	0.4825555151678266
YCR061W	9.178989028474524	10.227605050371317	0.15606118615982353
YCR075W-A	7.600781913244786	12.452666642182283	0.7122349720619958
YCR076C	9.118278969547816	14.959490700673104	0.7142276055934859
YLR272C	5.448920482930462	13.321316000440348	1.2896942692788185
YLL055W	10.99986141219694	13.175930911957153	0.2604195481423176
YPL087W	11.182011459374197	16.412607084244307	0.5536246954685601
YNL064C	8.221160004708175	15.097513925836093	0.8768971262296494
YDL012C	9.531168684576173	17.95922451571963	0.9140000262296571
YDL063C	4.036666588015629	10.715069080225089	1.408404814921505
YDL073W	3.50176104138676	7.062097339289487	1.0120160681273942
YDL119C	5.645579504229402	7.1242068047692	0.3356077187279913
YDL121C	12.01554795125956	18.024074892012216	0.5850227713173576
YDL124W	12.538220735712496	16.54648454216018	0.4001921015263913
YDL144C	10.578944038854623	15.14736890945701	0.5178715912584534
YDL160C-A	5.881820017145124	17.436890379786803	1.56780823525997
YDL176W	3.801022817863416	10.369020108867957	1.4478199723455785
YDL183C	5.808373180958544	7.4276331548523	0.35476841569835116
YDR026C	4.440549983375904	8.809226981867415	0.9882770544938392
YDR089W	9.542060506250404	17.664255952991454	0.8884602422617777
YDR090C	3.869805642413195	9.500326608980085	1.295716002192701
YDR109C	4.395759634290849	7.004819880133873	0.6722354540493192
YDR115W	12.970528318538673	18.43532436958219	0.5072355559059798
YDR119W-A	11.951064632486634	8.485197485516622	-0.49411900029471467
YDR131C	6.350777464114584	8.289141818813011	0.38428952826890894
YDR132C	4.611086535743575	9.307350271660397	1.013263761574155
YDR161W	7.578113838250188	15.77272850180055	1.0575215342206405
YDR179W-A	3.9711823962877117	6.9320429151749705	0.8037119606973511
YDR186C	4.737613143723176	9.858269468777758	1.057174018437841
YDR239C	4.705127239158093	10.824543802445149	1.2020005813236727
YDR266C	4.6100394615678395	7.983555916165419	0.7922523731985563
YDR282C	6.659237439778508	9.049881485356785	0.4425419178254704
YDR306C	6.515419203549351	9.030549962860366	0.4709558457820112
YDR333C	4.2583096173315145	7.7613493372851075	0.8660266412312227
YDR341C	12.94784483866097	21.851952998747237	0.7550502429329263
YDR348C	4.297045224179113	10.233833986010595	1.2519298692241996
YDR352W	6.185825870883975	13.914749086466486	1.1695767662540788
YDR370C	3.817265703183642	5.515314993289024	0.5309036743084008
YDR374W-A	7.923011286840387	18.917490102954133	1.2555999278045673
YDR379C-A	9.824893062811975	20.77910523515889	1.0806199221523716
YDR381C-A	13.58134603391343	12.128790866818619	-0.16319073707149126
YDR514C	4.470730778917153	8.492254736221186	0.9256369759638386
YDR541C	4.396984014959447	8.677198234481885	0.9807150008482631
YEL004W	7.032276503055698	13.1710213377729	0.9053035204892215
YEL006W	4.374563208701339	7.527116456141345	0.7829583184152377
YEL041W	5.463841878095716	5.505115696559274	0.0108571509806753
YLR249W	11.03019900316204	17.94875491941834	0.7024249499517651
YLL012W	2.847847106036906	4.2967608092123815	0.5933777742273072
YLR020C	4.666806299035429	9.013656826582757	0.9496769360479491
YEL020C	4.387117601898298	6.658776660447003	0.6019837720387275
YEL043W	6.3962050018574725	13.323166842681838	1.0586489599261424
YEL047C	16.580811551931166	24.39722572113471	0.5572024824748752
YEL057C	6.881251005315056	9.113805852424225	0.4053827683150876
YBL060W	3.9434065343907467	5.117953790110028	0.3761246726801232
YER041W	4.421297418798402	8.273458768074706	0.9040207956064049
YER010C	11.667983572006895	21.520495001095295	0.8831560021530485
YER034W	4.246941516257558	5.730833830043821	0.43232082303168096
YER053C-A	17.035061237360686	16.293176798599745	-0.06423920963698278
YER064C	2.6347382804164257	2.7378770563453125	0.055398004164435924
YER130C	3.970067680268113	4.254375801656808	0.09978387434986584
YER134C	9.753844095213811	14.855739455254646	0.6069776004268839
YER140W	4.3814788908915	5.574638265357963	0.34746028424725556
YER152C	8.116625824207633	14.100499457849082	0.7967942536106036
YER156C	9.265763446444964	15.708006924079566	0.7615183828908146
YER163C	13.580575068422213	18.79006054057006	0.46842514336340335
YKL065C	11.160139228560286	16.082466435474345	0.5271336520928168
YMR040W	4.98243383623621	16.91303362611245	1.76321290147566
YDL072C	10.848314457641042	14.681850073752626	0.43656287172845676
YDL120W	11.993163028802728	18.74582438477242	0.6443570728444876
YFR007W	9.165268810625037	13.402552229946792	0.5482586576279156
YFL042C	8.994512750858753	12.209188791343731	0.44085031200048774
YFR016C	6.987762166725855	14.989849825205834	1.1010835187272134
YFR020W	2.243536323857384	6.505149901565216	1.5358077600192355
YFR039C	5.069043475565476	11.42784045739263	1.1727673576207691
YOL128C	3.2466225145046956	6.540821644495151	1.010532223562584
YGL010W	6.309825088254964	9.596800595893928	0.6049535034208599
YGL039W	4.627502266585486	13.452510675340696	1.5395698498030421
YGL101W	4.510710988208416	8.043438546324312	0.834457528981465
YGL108C	5.15240618285949	7.412944292724314	0.5248003389537769
YGL242C	8.198267397805012	19.04944115272955	1.2163577231209284
YNL160W	15.872351037284881	24.23940174766748	0.6108382538833853
YGR001C	12.103677224980338	18.09622912278948	0.5802436809451882
YGR012W	5.87816833622788	13.67486881737752	1.2180884134348455
YGR042W	5.6488062824673975	10.891723131723413	0.9472142830409348
YGR054W	6.706062750658166	11.972267815870405	0.8361585689030178
YGR066C	7.107900056934092	14.791245057542458	1.057248195727796
YGR093W	5.622718977258146	10.63139567972571	0.918991156875412
YGR122W	5.293238382976365	11.583993677778954	1.1299101872903101
YGR130C	8.5396229244829	10.729356621584099	0.3293192957473613
YGR149W	8.267454742811262	7.836490351167982	-0.07723556902343974
YGR169C-A	5.507480135215272	10.578820720309054	0.9417145197854292
YGR250C	6.28187745594057	11.958160389147814	0.9287277613999881
YGR266W	6.0741058506248296	12.818222575423082	1.0774522711076622
YGR283C	3.0966724661958507	8.721280085100663	1.4938211074812122
YGR234W	11.58867402730609	15.897619891575204	0.4560952858850878
YLR298C	4.048240050748657	11.331061311721804	1.4849162499989543
YJL059W	8.147945992021619	13.845823498264778	0.7649425397458757
YHR029C	16.54619805694084	30.02965301365256	0.8598880486160098
YMR241W	9.985987910119551	16.306374662412946	0.7074590033710573
YHR003C	4.537833179456431	8.807934636258429	0.9568001892914801
YHR020W	9.19027840795609	17.31082819569341	0.913494276767345
YHR080C	6.14465266648645	8.514384521576968	0.47057078281056386
YHR097C	6.954994582616955	7.529064288930579	0.11442118707331209
YHR112C	7.674475829202507	17.275363882217604	1.1705759772382789
YHR122W	10.410563054311574	15.93397682915559	0.6140582833255116
YHR127W	4.403960701582534	7.101378161234791	0.6892974397830807
YHR138C	14.47533089830618	23.0980825869497	0.6741767680953606
YHR162W	9.089406931119107	15.037406113518227	0.7262976608012309
YHR182W	4.172472109893716	6.679838816276902	0.6789108848620585
YHR192W	6.822925837912228	13.406879298591328	0.9745110220593195
YIL006W	4.355134514486412	7.9012493416088	0.8593635103593995
YNL263C	6.8084073463357555	13.941135524673932	1.0339588144688685
YPL201C	6.000303268601335	7.719341801844941	0.36344242019777157
YCR059C	9.933692044892457	16.221088201402118	0.7074686793738411
YIL089W	6.046281978780259	13.15092752240234	1.1210443867973892
YIL096C	5.3541812795913275	11.658218640689922	1.1226094725446638
YIL108W	6.429198775952603	9.274816389416003	0.528679765223981
YIL166C	4.158438925561388	4.962327457635661	0.25497489646605276
YMR152W	10.429569635778876	15.991975125797936	0.6166685052726509
YGR172C	9.324008824309125	16.260978710683574	0.8023918175454956
YNL044W	10.54284824842241	15.801594257545519	0.5838054453122516
YGL198W	7.579711206224469	10.143920055262539	0.42040049409865893
YGL161C	6.8874439115198385	12.07818717544253	0.8103633655489875
YIR007W	6.373444108788234	9.665899147297766	0.6008307490830161
YIR014W	9.026488075745185	8.223563669121674	-0.13440107017833863
YIR024C	5.73422298695349	14.803777394466767	1.3682954340777866
YJL045W	16.93742473236764	22.41970449721912	0.40455272749684046
YJL055W	10.2609765780248	17.369065498262557	0.759352090806456
YJL068C	16.14745808552445	27.258536163585852	0.7554010133120642
YJL144W	26.832815348076544	19.026493679023122	-0.49598871548045526
YJL171C	8.359705497155549	15.248419631980507	0.867135703624889
YJL185C	7.041208038868918	10.927580257522347	0.6340790999679576
YJR008W	9.487045599977092	12.472565023103726	0.3947274038709093
YJR054W	3.4152618514161075	3.702671568590051	0.11657039082935318
YJR056C	3.8293195319974327	7.215864426713944	0.9140841843687464
YJR084W	4.78492566004874	6.793064349312909	0.5055660098374749
YJR085C	17.64852412809973	31.196874370820687	0.8218539500311104
YJR096W	11.536689283271377	15.086379951219305	0.3870173967858163
YJR111C	3.6182156762336426	8.476280729858551	1.2281529624454086
YJR129C	4.764179950061572	10.814586823186522	1.1826787354011643
YJR141W	4.917319404770727	8.50954201392917	0.7912094191831097
YJR142W	9.289575192906142	17.9013907414853	0.9463871438167502
YKL095W	4.54759862419891	9.020864941437122	0.9881608429777791
YKL094W	7.340968678982007	13.157251064639219	0.8418157474265147
YLR200W	8.446324152502388	14.84077281062266	0.8131706990852373
YIL023C	6.441382668960281	5.569714488472021	-0.20976702708344394
YKL023W	6.783810504078684	10.094828545988477	0.5734486316726614
YKL027W	3.921440408779226	9.564074592051087	1.2862417049291932
YKL044W	5.623247617586941	8.532276628966693	0.6015271639242099
YKL047W	6.189543273216385	7.152314320300014	0.20857718272754464
YKL069W	12.640410653066414	20.312047795474097	0.6842923612786489
YKL077W	8.70958879231836	15.036506610445311	0.7877929173637012
YKL091C	7.025142690520529	8.785355261146371	0.3225730981480636
YKL100C	8.779627612067852	13.898471751029176	0.6626946014676209
YKL105C	5.181554729453847	11.628589793896083	1.166219201190772
YKL107W	9.510702510367263	8.008148775643383	-0.24808313318647546
YKL151C	13.233427810622516	19.84300376434441	0.5844436258702728
YKL187C	8.299393994088579	9.895369167612198	0.2537475335907674
YKL222C	5.2670786231057045	9.962596112776989	0.9195187422211284
YKR011C	6.335714511941683	11.70911680400512	0.8860530262685424
YKR017C	7.048295999110561	8.337608124050323	0.24235905290435492
YKR018C	10.524779707264859	18.48390572720617	0.8124795997570107
YKR023W	3.411401584491126	5.321944576423286	0.6415888893864279
YKR051W	4.919449774812757	12.065810717261531	1.2943559865981558
YKR078W	4.658214056996471	9.345441647119271	1.0044859078560007
YKR096W	5.5298054332454445	8.109506990809365	0.5523854899533348
YKR104W	7.628215887179724	12.983781805524293	0.7672930812368621
YKL196C	11.072314423662899	17.494252547549877	0.659924208591652
YMR284W	6.362842408583658	7.435411479340209	0.22474119379554633
YMR106C	3.9751023946373465	8.414063735764922	1.0818107231833332
YHL014C	7.87301790038239	13.20530076589558	0.7461284974107597
YPR125W	5.238494664865735	10.197732885416222	0.9610242510807472
YLL007C	5.4997827270755595	9.787148938829198	0.8315140293857138
YLL032C	4.545296925866271	9.792839456478777	1.1073526903238007
YLL056C	6.803563225861916	8.543788054855291	0.32858533258287437
YLR040C	6.9632722590405844	8.981583214843802	0.3672043433784834
YLR063W	2.270475856829174	5.662957296986672	1.3185609549422548
YLR072W	5.517952083154764	8.326234657643576	0.5935312897601084
YLR099W-A	10.8261021749698	19.320324591291246	0.835605423240916
YLR108C	2.638989759518453	7.466120086442805	1.5003729610372856
YLR118C	11.190454481167986	22.4744325836272	1.0060160621015022
YLR126C	5.862737356808529	8.379806406671975	0.5153424873697867
YLR143W	3.565405262539578	6.9782384913503765	0.9687968343306399
YLR149C	9.163659432184051	8.667373610951854	-0.08032894784432565
YLR164W	4.114313369999403	5.069430860075632	0.3011721043127408
YLR179C	12.14919709185227	26.892646001002262	1.146350737659733
YLR194C	4.072827962221308	4.285689085031816	0.07349631459995853
YLR211C	5.714339802228419	11.080859469936144	0.9554110526148638
YLR224W	3.1489053841565777	7.624064131629668	1.2757098457179419
YLR241W	6.608773730756022	11.455247594350364	0.7935541343181508
YLR243W	5.198592500536025	12.354643972298	1.2488604597131354
YLR253W	10.29335554416128	14.230205785333085	0.46724316015309814
YLR257W	5.9097201524699425	9.44433775211311	0.6763598217445264
YLR290C	7.885371450316587	14.717381823847441	0.9002704216003004
YLR297W	8.000798855100031	17.71670220358101	1.1468941239004884
YLR346C	10.32997421221629	13.310050277791156	0.36567936828195813
YLR352W	6.256742710143161	9.666641610258754	0.6276029761427497
YLR363W-A	5.066438608717458	8.37552670580432	0.725207940453721
YLR413W	3.866485422281937	8.914619233977827	1.2051504042987693
YLR422W	5.456984189879565	10.217876046905664	0.9049195706025935
YLR455W	4.23634564905045	6.544210073096022	0.6273987548740366
YPR058W	12.302907553874341	23.159276346141795	0.9125908655063651
YBR104W	2.1498372926588623	5.38036879208183	1.3234775886336068
YML038C	3.8963220087944057	8.18719819532819	1.0712569075878127
YPR024W	8.187080286077427	12.990981776255676	0.6660895164628149
YMR302C	8.717520963680602	13.394141124939814	0.6196122404611073
YML018C	2.5970685229377257	4.5990184283684	0.8244418990104933
YML108W	7.016814777145846	13.980305145620445	0.9945076652967836
YML131W	14.461465548986151	29.31856968877974	1.0196009582604957
YML025C	10.019081356647963	14.47185649431156	0.5304997723195347
YMR010W	3.8219631882060066	4.855733351215219	0.3453753164479727
YMR018W	4.015350267448339	5.615690433740119	0.4839375663755167
YMR027W	10.892989292782659	21.77740225896238	0.9994319529945065
YMR034C	3.8355733646910286	5.660612427094936	0.5615158914390641
YMR074C	16.001544029665553	26.65047433860041	0.7359500898860609
YMR086W	5.1364206577197695	7.7619514079766905	0.5956560416981113
YMR087W	8.270512514971596	13.468448039123583	0.703534979951282
YMR099C	16.683197451318847	29.523749372073382	0.8234801303976487
YJR110W	4.083280605968269	4.679100274429535	0.19650243238186577
YMR111C	3.835685274923371	5.63403402112783	0.5546839260428473
YMR114C	9.548998251411863	12.537152568458037	0.39278842257472196
YMR124W	5.041202777548446	4.161591449268692	-0.27663264641674795
YMR134W	5.061961740000747	10.753079741630351	1.0869814066208174
YMR160W	5.998649530682597	8.058903181136571	0.425945755994627
YMR166C	8.802671349151764	13.667470925405908	0.6347329961404461
YMR178W	6.951690895125439	12.168153830169297	0.8076744572009013
YMR185W	4.8986520940679	11.083443948841946	1.1779494993255757
YMR210W	5.361317217804054	9.471239127943685	0.8209656878654046
YMR226C	16.448214260647916	28.985556272233886	0.8174032103004109
YMR244C-A	14.385341503161381	19.8288259922438	0.46299979169336203
YMR259C	5.269681481261891	13.308471215692798	1.3365571861600045
YMR295C	9.92987158519529	17.73309190930548	0.8365971380169195
YFR049W	9.899362377626613	18.86230737091047	0.9300986588118488
YMR315W	6.996746496139391	11.095774237967326	0.6652542125848302
YER005W	4.7614580582970465	11.344120572691244	1.25246944189902
YOR064C	4.166914018352981	8.223040056111216	0.9806925253209648
YHR090C	5.553256930319759	8.496387861462598	0.6135154808354667
YKL067W	13.840270146699007	24.40287982813637	0.8181793098410064
YNL010W	16.59540996164759	24.934542324515178	0.5873614532580033
YNL022C	5.825318658650774	12.122358578151655	1.0572615472100595
YNL035C	8.035861396198378	14.471582363312312	0.8486980932401396
YNL040W	10.08495714477095	16.844683032867565	0.7400883281145781
YNL092W	5.96863264360864	6.78546474628272	0.1850471695255801
YNL108C	4.365939880702704	11.004537929911471	1.3337343995410813
YNL122C	12.996258829320057	16.75024177445681	0.3660855383896846
YNL134C	15.036326215294451	30.031406803739976	0.9980199383731467
YNL155W	6.258680567272245	13.118590864235735	1.0676823104353073
YNL190W	7.6670918618091655	18.41492114237179	1.2641238488067776
YNL194C	17.903861779288704	18.737100447037903	0.06562691060795134
YNL200C	11.394451306358441	17.23338610900806	0.5968747438716885
YNL208W	19.252767486593545	39.780243708419434	1.046986273952202
YNL217W	7.5677797214561	9.61843077985511	0.345931445364997
YNL234W	4.368293032249674	9.476055970659079	1.1172170820828056
YNL247W	11.42201004482994	20.827436014025395	0.8666686871889923
YNL260C	5.5622439524600225	11.788963272136979	1.0836979266782365
YNR034W-A	16.307101992629153	20.081122825650663	0.3003395219959053
YNR040W	10.341788837736313	11.510010103669988	0.1544033471089154
YNR048W	4.287326545040461	6.47427388361828	0.5946400932219272
YNR061C	6.921044344522722	12.409375752585266	0.8423688897226475
YNR063W	5.828824685843733	10.264006148724103	0.8163170244736827
YNR064C	13.033660703738459	23.070207517345025	0.823788637297914
YOL019W	3.9954852738096513	3.8027423958214266	-0.07133052541084535
YOL057W	7.5180818015572095	15.379418888675819	1.0325644740718665
YOL073C	6.949447181390559	10.846800739780814	0.6422994598148208
YOL075C	5.687115991974379	12.541942465674632	1.1409916722676472
YOL086W-A	11.114678573074924	12.316304355467896	0.1481031967537502
YOL087C	5.471158021237982	10.09305701557119	0.8834450782503601
YOL092W	8.471055672201551	14.239169653417125	0.7492513429652601
YOL098C	7.064186247079731	15.499956802643162	1.1336689095929782
YOL114C	12.650207911984602	26.8646068717977	1.0865456297834057
YOL159C	5.647660547442307	6.700937276929768	0.2467095250140238
YOL159C-A	9.36879243943387	5.7740047728898345	-0.6982908081692142
YPR028W	12.760522888636094	23.533042060690974	0.8830003786862715
YOR019W	12.579680306857494	6.937868383272799	-0.8585308818610156
YOR021C	11.871020896871608	17.32078333352974	0.545060166754369
YOR022C	5.605142388920598	9.736760981656927	0.7966909043835539
YOR052C	5.281957264764585	9.159660756228892	0.7942215376206355
YOR059C	4.1992293647891605	7.065207095413248	0.7506072581507666
YGR281W	5.918188823478014	7.169236074244669	0.2766636718315937
YOR131C	7.356913798470757	12.756356919467517	0.7940437770906178
YOR152C	7.399847640302381	13.551647627496969	0.8729007953550694
YOR223W	8.141630784282043	6.227078131618871	-0.3867624170916349
YOR228C	5.8224280803126724	8.32805566023459	0.5163587967500076
YOR262W	5.9769086451166755	11.203954014052872	0.9065365701096129
YOR283W	3.7725981465853606	7.038532512437488	0.8997162339365389
YOR302W	9.33528043815469	16.53467052033881	0.8247290300651224
YOR304C-A	7.726350163135568	16.347497031257532	1.0812107932609023
YOR342C	3.783884857870528	7.2788139080408305	0.9438351918870079
YOR352W	7.862091658836909	8.959929377593362	0.18857417769534482
YOR390W	3.964510441734631	4.702785928383692	0.24637293648820266
YER074W-A	12.02697743669732	17.263270767974788	0.5214317124113814
YDR057W	5.536437004558582	12.341858879288797	1.156529975518802
YBR183W	8.980821286009444	7.710087387132827	-0.22010017191267509
YDL235C	7.711865311156618	10.756262760640674	0.4800251437778973
YFR003C	7.163208037247124	13.309989359100356	0.8938316706657344
YKL126W	6.309398210769719	12.976374477507582	1.0403130462533883
YMR104C	7.4443456858201085	5.260809687983546	-0.5008601890619726
YBR028C	4.224456904986469	5.7746304228432095	0.4509627359585585
YOR291W	6.056304043196722	8.065728573270302	0.41336722277711124
YPL014W	7.915659382805747	4.09577899485045	-0.9505716626919207
YPL066W	4.062121984292887	4.300340009874311	0.08221716819942992
YPL113C	5.102313108070373	7.188532454126477	0.49454583918622097
YPL191C	6.52048161475341	10.219608863643732	0.6482895472748973
YPL199C	11.75262684477812	15.502752077207195	0.39954109666458704
YPL225W	11.999589131628614	25.88579679884313	1.1091757184236148
YPL260W	7.509633974774795	15.790573680239358	1.0722490895346248
YGR198W	4.316694576225348	5.88612171192282	0.4473903544727714
YPR011C	10.362665821097188	13.97581829300624	0.4315375686550058
YPR022C	5.5256688400144665	10.359618736522084	0.9067499013113022
YPR036W-A	5.297468991536392	8.493495121651826	0.6810551153141052
YPR091C	6.251761023395144	11.5726273769084	0.8883819053025689
YPR097W	5.269562742762265	10.687527681099134	1.0201729964976758
YPR098C	16.07515420309007	27.767815810714218	0.7885811237692306
YDR368W	14.83331309646868	27.39624011650613	0.8851370429540305
YPR109W	5.879534939093146	10.009137266312987	0.7675436769574115
YPR127W	13.884032486414988	22.342976973867344	0.686394777073712
YPR148C	9.566540791541513	16.25223752532917	0.7645691011868426
YPR153W	4.368829540148308	5.067537167007621	0.21403794809573554
YPR174C	5.309772230780154	4.394456563246667	-0.27296520943854796
YPR204W	5.120325889638082	6.784264235310401	0.40595672615797324
YLR120C	6.051727288123212	7.539696160910246	0.3171594099321523
YLR121C	4.641595650875846	6.40063106707607	0.46359330507436336
YIR039C	9.951716666133738	17.79154992519878	0.8381748812132134
YDR349C	6.594032970763312	14.480591395805174	1.1348875183868086
YFL038C	12.36086204638401	19.270163513976485	0.6405894531628127
YBR264C	5.064722992842723	10.174066487576605	1.0063411570310599
YER031C	11.976715480531297	23.185681545366116	0.953001820829827
YGL210W	6.535364372393365	14.541940264276782	1.1538801949449844
YHR105W	4.704804515012697	6.715380545226359	0.5133343760811989
YKR014C	7.947135634816494	15.479122619963665	0.9618168272482626
YNL093W	5.799327122809714	12.176986336302026	1.0701997032155388
YLR262C	6.374057223657546	18.149155901182574	1.5096185752917133
YML001W	11.769690316017009	15.951908109798982	0.43865264359999634
YDR381W	8.832657034658023	11.476177431507171	0.377722779745826
YKL214C	8.847069880454338	15.527118895383087	0.8115185343500485
YDR002W	16.45490888316599	31.38525437276398	0.9315688640390184
YIL063C	6.516331601904923	11.553295877379552	0.8261725500975108
YGL164C	5.71757870835342	9.719758914862386	0.7655162092703137
YLR466W	5.754882546710091	10.777920166994253	0.9052204163771886
YOR172W	4.3186255823269954	8.024081077524691	0.8937639407114719
YBR054W	11.521177040579815	19.532326140269653	0.7615756579495367
YOR162C	5.761112892194229	14.447656102827658	1.3264160242943672
YBR111C	15.003496808385012	24.925976066667104	0.7323512162674842
YHR017W	6.82155310314456	10.308100318092256	0.5956063340080633
YHR016C	7.839608464990151	11.599617378839948	0.5652237094059175
YNL138W-A	6.096110411065308	14.538202730564656	1.2538879908080331
YLR277C	4.2103585105935775	7.987499480438977	0.9238008487034096
YHR155W	5.1027420327027775	8.352235250220371	0.7108896389948343
YDR326C	4.772283038933168	8.625557700500046	0.8539381295124304
YOR003W	7.849778653485391	15.261339786659512	0.9591577424691532
YKR053C	7.829017487818554	15.248104874710787	0.9617267758854396
YBR148W	8.697461298920457	15.107080955203742	0.7965586652654285
YBR162W-A	8.302698794703922	18.88572738744781	1.1856440842718177
YMR089C	13.317554179880887	19.02381290282068	0.5144772812780998
YPL074W	4.929946010296911	8.511049837445908	0.7877652520366643
YGR270W	5.5326226581186715	11.085797590452328	1.0026771355842874
YPR107C	4.662001437526715	7.192495558138624	0.6255429756798653
YOR272W	5.141784023661835	11.727250035370048	1.1895238329683908
YNL237W	5.688149263532033	6.120953844219017	0.10579716595247002
YJR099W	8.330533079575925	13.417875865915686	0.6876755786902587
YJL139C	4.9774805368675175	9.12138340337761	0.8738369740378986
YOR087W	6.386757397206118	10.153707953420302	0.6688511146981245
YIR026C	8.289759965048042	14.792189278291787	0.8354333571070072
YJL056C	4.603038115560799	9.372260731578935	1.0258107009295894
YMR273C	4.707658861316852	6.4436558776522705	0.4528696693936035
YML109W	4.372202247710002	5.837053706370343	0.41688020422359956
YOL109W	11.16311007715229	15.852682619968675	0.5059879740297257
YNL310C	6.128723844484	15.378110171161271	1.3272196155346283
YGR211W	5.276854777128564	12.721996251856652	1.2695748814124153
YOL154W	7.264368547263004	23.343307924354612	1.6840997137462286
YMR243C	7.065443678440294	14.211029443895741	1.0081590035337296
YNR039C	3.843663690778939	7.599297900261819	0.9833840239249303
YER033C	5.162545986988038	8.431842397094009	0.7077651733974735
YGL255W	6.958786141676801	14.372372226134345	1.0463906287875075
YLR130C	6.3384869422660035	9.649667681308415	0.6063407628963611
YKL175W	5.973373836777808	11.46375026453699	0.9404611670988973
YBR046C	7.438304493363616	15.535055026274382	1.0624816393694756
YGR285C	12.19586401442288	22.523352386735873	0.8850296055324683
YNL241C	11.604899039686135	17.650996333823166	0.6050156490467222
