gene_id	log2FC_hl_Not1_AID	log2FC_hl_Pop2_AID	log2FC_hl_Xrn1_AID	log2FC_hl_dcp2_AID	log2FC_hl_CCR4_AID
YAL003W	-1.88814232461509	-1.04763874378797	-2.00793670736646	-0.538437682016144	NA
YAL005C	-1.42839922241848	0.0663541091912647	-0.661136981316183	-1.18527058069471	0.241200209640338
YAL008W	1.13919591452939	1.5563905757923	0.781327443583306	0.0418833781947274	NA
YAL009W	NA	0.703521066052153	-0.584801925956612	-0.804225939359502	NA
YAL013W	-2.76139873956421	-0.665368101898687	NA	-0.239859205564811	NA
YAL016W	-1.17493606775465	-1.54400287302783	-2.1152566587511	-1.64124914686772	NA
YAL021C	1.001243765744	-1.29222282816082	1.66073507785448	0.208691564327487	NA
YAL023C	0.53214738413294	0.585144533596616	0.320474918898366	1.66586295929053	NA
YAL026C	-1.24699850879947	-2.08546266308747	-0.519332099794771	-0.89347355937028	0.271545613307466
YAL026C-A	-1.90931693937618	-2.32036568926428	-1.94992769545753	-1.27147949313255	-1.33303468215269
YAL028W	-1.17556947234338	NA	0.766288557041552	-1.57053019372272	NA
YAL029C	-1.18090930003045	0.443946773320626	-0.7621638740677	0.704353863197012	NA
YAL030W	-0.703465753956154	-0.100399651036909	-0.729945241589787	0.108551241518472	NA
YAL031C	1.41906938345454	0.621410355693975	-0.0826128733175197	-0.958896157317954	NA
YAL034W-A	-2.79157100531259	-0.839122597896277	NA	-2.82294708672156	0.475183214092451
YAL035W	-0.888189568104886	0.275796385126932	-0.603704854173088	0.083522607012656	1.39514187127585
YAL038W	-0.61973054211939	0.004164979073089	-1.20037272141542	-0.0843575053632618	NA
YAL039C	-1.4360681677277	0.101753796585182	0.718513931331121	0.0676061800523544	NA
YAL042W	-0.225062417874833	-0.00964211009791893	-1.08876247666254	0.506837052133249	NA
YAL043C	-1.87140304948932	-0.427822370513322	-0.469658231231172	-2.04533290550881	NA
YAL044C	-2.36504250723905	-1.58104983573236	-0.983801463390414	-0.261916062465963	NA
YAL049C	-1.65516183845815	-1.29191042450788	-1.03252158795793	0.241385595615939	-0.709189265788854
YAL055W	-1.93331076607715	NA	-0.846795494685674	-1.11834161402124	-0.722977767105713
YAL056W	-3.45695526394765	-1.6613134505269	-1.31255694298618	-2.48277540842084	NA
YAL061W	-2.12808092391031	0.118758660749111	0.297390447482706	-1.67684125618958	NA
YAR002W	-2.9617907537241	-1.18648634754818	-0.47122850718017	NA	NA
YAR003W	-0.0473789798913341	0.380685163472029	-0.538379672280783	NA	0.774609279269672
YAR007C	-1.39864835214435	-0.858769317954313	-0.265086223688331	-1.38142009682017	0.352657907008504
YAR018C	NA	0.560696588242219	NA	1.03730471918107	-0.468818061441649
YAR042W	-0.274507186863191	0.20159617047241	-0.469125005561845	-0.988325924276056	-0.429221019986037
YBL001C	-1.05769621990982	0.43675254606467	-0.71126884276692	-0.409367019103096	1.29489696519923
YBL004W	-1.11503298749073	-0.228426330748226	0.428994068324982	NA	-0.666210666976063
YBL006C	-1.14382909825569	-0.980375731981434	-0.887642409806505	0.157866091514912	0.486312389868206
YBL007C	-3.32205204648293	-0.579066085058461	-2.26243260481147	-1.44410447726728	-1.29963318741086
YBL008W	-1.11638292287111	-0.687599850629039	-0.359523735774781	-0.644825649690529	NA
YBL011W	-1.70435466820965	NA	0.0640286246227356	NA	NA
YBL015W	-2.62433361129519	-0.777037660700052	-0.607310466070747	NA	NA
YBL022C	-2.8362746356512	-1.00103750022645	-0.991104889019678	0.420368835400737	-1.45190673049564
YBL025W	-1.88943387955353	0.0375291351877262	-1.08226440664449	-1.94600153249488	NA
YBL026W	-1.82672762532866	0.131441026059313	-0.934960572588661	0.0694247081521569	NA
YBL027W	-1.13908792692572	-0.136703903801331	-1.04142207403257	NA	NA
YBL028C	-1.23104527156836	-0.710454732747865	-2.73334043956811	-0.118790499650849	NA
YBL030C	-2.07029746946447	-1.81695017989821	-2.46004395932368	-2.23053686355178	NA
YBL032W	0.110980209936335	-1.48671117989578	-1.72705417620963	-1.80518941195645	NA
YBL034C	NA	-2.79174563084272	NA	-1.66207345078326	NA
YBL036C	-0.31043116059751	0.134267094791582	-1.64349215718566	NA	NA
YBL037W	-2.27266468985663	-2.02705370751474	NA	0.299285532045227	-1.6044919538439
YBL038W	-2.73429009923062	-0.95081026065764	-1.14216055021911	-0.302890699827488	NA
YBL039W-B	-1.76758528712272	-0.804264239470739	-0.642035045624644	-0.348059135697805	-0.38324175536171
YBL040C	-1.0319309684849	-0.200687811643046	-1.71223500488455	-0.215023055011043	0.147815908961691
YBL041W	-1.95454342934863	0.521957008588289	-0.545016965415581	-0.203914429463215	0.666309198319661
YBL045C	-2.35718474292755	0.0347028392230229	0.449276757954153	-0.682832358344196	1.39270422448595
YBL047C	-0.933734152357754	-0.477816526731783	-1.62537982890948	0.0139714428869906	-1.13514744812215
YBL050W	-2.1711744758138	0.0389379502999099	-1.45056074444175	-0.865331438362517	NA
YBL057C	-2.71966846192095	-0.837317005909791	-0.573564853087142	-1.16053531546276	NA
YBL058W	-1.93947231700122	-1.64702893803712	-1.62300038823696	NA	-0.234673923877084
YBL059C-A	-2.42912217449146	-0.288214378671628	-0.862630969302856	-0.0443188605108205	-1.18763483603379
YBL059W	-2.35622382836425	-0.583394268571057	-0.108069335410846	NA	-0.0034299716460538
YBL064C	-0.817055259965672	0.13466863813121	0.0592367694288332	0.0412958726666675	0.0727786699228001
YBL067C	NA	-0.330420181408067	1.30157950196031	1.19884883096711	1.2306105783713
YBL072C	-0.66524577175311	-0.217958518093199	-1.29927774716597	0.258712702464228	NA
YBL076C	-1.96569713449223	-1.05404532398487	-1.42439816220178	-0.429892480975791	-0.431263326809882
YBL080C	-1.59917791161177	-1.49423787114062	-1.12608378994892	-0.175495303303572	NA
YBL089W	-0.47636026236534	-0.567613497450985	1.1119236291774	0.728111554527939	0.706549192790659
YBL090W	-1.94412941146282	-1.21807446319154	NA	-1.59883757386762	0.38725136258653
YBL091C	-2.00614587138913	-1.1172256251145	-2.38943536286152	0.110336227345437	-0.666993952092712
YBL092W	-1.01645224413998	-0.300887785792742	-1.4872104511439	NA	NA
YBL093C	-1.01554604022711	-0.528548627790761	-1.84691940665034	-0.156812683374008	0.392997033560338
YBL101C	NA	0.850536668680537	NA	-0.764010661327701	-0.391404327178795
YBR001C	-1.73248192760532	0.802893788580104	-1.40105337156887	-0.501916540437498	NA
YBR002C	-2.89732264293466	-0.940417538679379	-2.18561275876825	-1.28298984591256	-0.928392929537963
YBR004C	-0.982702475127684	-0.923828520423017	-1.03171568646067	0.188778142419036	NA
YBR006W	-2.36527428527059	-0.674285524394442	-0.111321780348375	-0.644544961526705	NA
YBR011C	-1.9990560081323	-0.116980002042226	-1.54968905599805	-0.910537629779242	NA
YBR014C	-3.29085405753664	-1.52534672725702	-0.51413750750991	-0.91021539477913	NA
YBR020W	NA	NA	-0.170742237289837	NA	NA
YBR025C	-0.714433105697913	-0.14608917159731	-0.658289430132868	-0.282907506207605	1.42496797853542
YBR026C	-3.59346435179965	-0.814486545934855	-2.31557475577168	-2.23327498075854	-0.193927794270125
YBR030W	-1.85934874427257	-1.51820919943889	NA	-0.38764306610628	-1.15120179749614
YBR031W	-1.64779275150944	-0.806194608911425	-1.88559732522373	-0.280852610399949	NA
YBR035C	-0.105564060602378	-0.297847592832307	-1.41700777650898	NA	0.480645771033437
YBR037C	-1.49012267315673	-2.30540993223708	-2.12119016610297	-0.634531196437568	0.23003223348986
YBR038W	-2.8121501728525	-0.701217066615537	-1.72314626880601	NA	-0.234991943434855
YBR039W	-1.85015794586856	-0.762021456368456	-0.807465693710775	0.119624038470545	NA
YBR042C	-2.60802110146635	-1.3429580850626	-1.32318826899846	-2.23296430916919	-0.708322730170119
YBR043C	-2.50298299379315	-0.409352636057304	-0.395477685753401	-2.04462207986949	-1.01961309378507
YBR044C	NA	-1.65478484580013	-1.38831401061322	-2.06973420413196	NA
YBR048W	-0.701968333050345	0.10627223756469	-0.597005039127359	NA	NA
YBR050C	NA	3.16764670599398	4.32707992334265	NA	3.24886396573522
YBR054W	-0.307280133867297	NA	2.25178443733716	-0.981994997889573	1.29431293786214
YBR055C	-1.09093911001668	0.300886261615171	0.109102985941652	1.58213119822867	NA
YBR056W	-0.245575701719509	-0.793472002719293	-0.0232807526516196	0.739563066807019	-0.465317953693899
YBR059C	-0.888324024212447	0.0378559442565404	-0.733128320890138	0.522990557784092	NA
YBR062C	-2.36080112035627	NA	-2.10507897049891	NA	-0.721711337191349
YBR063C	-1.94564947987356	-0.098742593039793	-0.342108982280687	-2.5372181897821	NA
YBR066C	-1.97326484875952	NA	0.0692775368828999	-1.43395835357367	NA
YBR067C	-2.20678498619066	-0.415304055197542	-1.91530133908068	-0.130265269835211	NA
YBR072W	-2.84145380554137	0.400988293955564	-0.453090706699068	-1.58709146457276	NA
YBR073W	-1.08848395528084	-0.435128931145696	0.415233603465372	0.308392864511968	NA
YBR077C	-1.51689351592411	-1.48819978934525	-2.40146826920934	-0.406150915082953	-1.0034757664598
YBR078W	-1.44190609758066	-0.401226784333559	-1.40926756776385	-0.817138869802962	NA
YBR079C	-1.86497996842811	-1.06541461838021	-0.844229401271909	0.181771566543425	NA
YBR082C	-0.69211806218439	0.108497662100531	-1.40298785095757	-0.245259822542033	0.64911748892
YBR083W	-1.28658425997818	-1.58442260937415	-1.35954927648435	-0.501096042382583	NA
YBR085W	NA	NA	-0.00424806610171052	-3.38030484987552	NA
YBR086C	-1.07365288614931	-1.13867214812544	-0.84150164668052	-0.25488947957155	-0.456984351672841
YBR087W	-2.14064492589697	-0.858412298970808	-0.476438109160999	-0.314300540091105	0.463425564267688
YBR089C-A	-2.38233444369949	-0.429496155330824	-1.28646028637919	-0.723921104983202	0.0241078118239943
YBR093C	-1.57021416307558	-0.415448010228273	NA	NA	NA
YBR101C	-1.52181408938858	-0.249951226674562	-1.18337328127564	-0.535887034796145	NA
YBR103W	-1.99748380181991	0.570512538120492	0.393507315351429	-0.0477839517025042	NA
YBR106W	-1.86067118296796	-0.475129129648241	-1.67024699808639	-0.657302546344537	-0.813535506059883
YBR109C	-1.17535489649003	-0.465580976466392	-0.947981834625184	0.30114903203107	0.236332617433377
YBR120C	-0.925685271940356	0.327718471022415	-1.10399921090306	-0.799948740295062	0.801358743351004
YBR121C	-2.04503954646516	-1.48821403886557	-1.25353438721865	NA	NA
YBR122C	-1.45669187191612	0.51584661941875	-0.0688865135284196	0.11595517322799	0.0771112669884313
YBR123C	-2.61913147723743	-0.854556504588798	-1.77498860146733	-2.11678929290635	0.384562857980708
YBR132C	0.838460056521066	1.63568537877134	1.26006375253734	1.16131431338638	NA
YBR133C	-2.03841131288273	-0.460424700969175	0.129842783104756	-3.01467877798984	-1.05094493053358
YBR137W	-0.371538441364935	0.102971932407335	-1.17099540489439	0.637727731771806	-0.887191022323685
YBR140C	-1.97464281524594	-0.582479237701313	0.138328913270124	-0.865633053939096	NA
YBR143C	-0.85971431838879	-0.324055948862185	-0.880161020182105	0.414208238508726	NA
YBR146W	-1.55203246327768	-1.7762816486865	-1.63545997271364	-0.228807089303027	0.172809381160563
YBR147W	NA	NA	0.133126050003306	NA	NA
YBR158W	-1.44605301043731	-0.545080912018565	-1.81828146848466	-0.257614821188932	0.22776319786669
YBR162W-A	-1.80172590520461	-0.966263934011723	-2.12367356617411	-1.37225791345152	NA
YBR164C	-1.49275772567286	-1.35743727049903	-0.677453501823689	0.0169140864948967	NA
YBR169C	-2.53669381174419	-3.43204557793294	-0.647278769252793	-2.73202824211676	-2.19301688603455
YBR171W	-1.78029443326146	0.244052967737938	-1.27537979363628	1.01200304522796	NA
YBR173C	-0.382710458882955	-0.579258963582458	-1.11964261790157	0.443180655686866	1.06804287593663
YBR177C	-1.71563327224289	-0.587574272786071	NA	0.233654495042849	NA
YBR181C	-0.508274588237594	0.0797859425047499	-1.23600563850199	0.0949333255484192	NA
YBR183W	NA	1.49687347003151	0.220564486715574	-1.55978116644109	NA
YBR185C	-2.0393869982377	-1.9860366234989	0.512494689255028	0.605242659824877	0.930633827950779
YBR187W	-1.56210741866986	-1.35777137938832	-0.48851506823906	0.00205675843308868	NA
YBR191W	-0.132715349374285	-0.349833705462222	-0.275562928582927	NA	NA
YBR191W-A	-0.0918509501082961	-0.511078377899183	-0.162359343008912	NA	NA
YBR192W	-2.81682227232561	0.325960464750599	-2.45888007138061	0.0984965248634676	0.444334387176058
YBR194W	-1.00706363629062	-2.15342755852064	-0.185067853101999	-1.5061735290301	-1.5115573743883
YBR196C	-0.643123102529462	0.329929973442009	-1.0099023883507	-0.167487638240253	0.688293019279678
YBR199W	-3.08190380939596	-1.7620081959158	-2.00777770163022	-0.305395587244286	NA
YBR205W	0.0932026513207133	0.82598796857279	0.721240882252129	0.671234267695795	0.188622256805827
YBR206W	0.208464677915014	1.20897020127371	0.686191380634472	0.73326646553805	0.38767148356471
YBR207W	-1.87387015044567	-0.767412971620712	-2.00346566692075	-0.515256146642926	NA
YBR208C	-1.67569837103832	1.17735135226579	-1.02554793329104	-1.01416808039428	NA
YBR210W	NA	-0.414701880353428	0.419724120595378	-0.670787508918563	0.9241862997011
YBR212W	0.456243115799732	0.60564776065293	0.498844029090691	-1.37622959650233	-1.18916532208525
YBR218C	-1.60639405494026	-1.10856441217162	-1.76079882300266	-0.233979970918727	0.391342950551766
YBR237W	-3.3237490788366	-2.17064982295228	-0.984904559603798	-2.0973975760894	NA
YBR246W	-2.79124189692906	-1.86816837582767	-1.38746657255258	-1.89560232163823	-0.75192112532304
YBR249C	-2.44616868313446	-1.88749327913966	-1.65490911588601	-0.465373749215077	NA
YBR251W	-1.23514424433173	-1.11391756118459	-0.217751042867715	0.506180089596902	-0.214223925714684
YBR252W	-1.48156036769547	0.393731340576265	-1.03154972700749	-0.360663815100257	NA
YBR253W	0.0957822457541555	0.583392138149532	-0.00794526104907329	-1.16028669284108	0.439598102412687
YBR255C-A	-0.020866359495405	-0.92405032551868	1.33018091323033	-0.93092475186384	NA
YBR255W	NA	-0.473670217876969	NA	NA	1.14340675325403
YBR261C	-3.12685427971294	NA	NA	NA	NA
YBR263W	0.632888933458862	-0.553726405657854	0.866484796901591	-0.983568857069786	NA
YBR265W	-2.38330364145138	-1.39877437164551	-1.91895591647318	-0.692543374888883	NA
YBR268W	-1.28161457595269	-0.290568939739878	-1.4772168316587	0.595771345139741	-0.490759397435664
YBR269C	-3.11137055689935	-1.16702846922654	-1.97020111331951	-0.0778559068150153	NA
YBR270C	-0.0496210020381409	NA	1.62502350296305	-1.00045665434465	NA
YBR273C	-1.21807807574729	-0.735125993629853	NA	-0.61689344502464	1.31212109683143
YBR282W	-3.15177053239071	NA	-1.66725969909517	-0.908525477943307	NA
YBR284W	NA	0.495987808973142	0.665992931516472	NA	NA
YBR287W	-0.596752084838368	-1.5721496848674	-2.32032341238167	-0.790988804591674	NA
YBR288C	-2.69527498109205	-0.927024248496762	-0.424562291702536	-1.6536371962804	NA
YBR290W	-2.72445800857369	-0.440301199380247	-1.5312775960861	-1.5843676574183	NA
YBR297W	NA	NA	2.04765293271808	-0.716296127609111	NA
YBR298C-A	NA	NA	-0.761019291031471	-0.398159986203841	NA
YBR302C	NA	NA	NA	NA	-0.780321857469956
YCL005W-A	-1.30967345537803	0.273917006370036	-1.26088089720081	-0.759157001563381	-1.29714497349026
YCL011C	-0.958277152943508	-1.28235313982616	-2.34735196721191	-0.467096705093179	NA
YCL017C	-2.67739739608994	-0.26104594389621	-1.92953636793586	-0.172983848808498	NA
YCL028W	-1.50634926617997	NA	-1.20472235009045	-0.0861661712009164	-0.741188292046997
YCL029C	-0.807651500375337	0.909466512125772	0.385102137169757	1.45899402425411	NA
YCL030C	-2.32062750250378	-1.22840978282605	-0.880898087994327	-0.272762511389001	NA
YCL032W	-1.77807677402782	0.060773955752481	-0.0370826969746081	-0.0914693588328051	1.36032794410635
YCL040W	-2.02042317561043	-0.673217998602135	-1.38530166528903	-0.968185776397542	-0.428091523690167
YCL043C	-1.20108473614023	-0.492408220616033	-1.54475139121463	-0.28413721810686	NA
YCL044C	-2.25834293925457	-1.55106066730017	NA	0.508934312094819	-0.599117725576552
YCL050C	-1.55191401960241	-0.448380480854678	-2.06787678799955	-1.02322891862936	0.0491173484606982
YCL051W	-2.54687832348728	-0.534241359332482	0.0550328540434727	-0.290409755628364	-0.224157233374096
YCL052C	-1.95691073682579	-0.151701605267148	-0.325987032933382	-0.532195163155314	-0.494226443861747
YCL056C	-1.30226021092424	0.296309584820774	-1.87284019032698	-0.884230123090608	NA
YCL057C-A	-1.40058262500686	-0.189290298844209	-0.873007062032361	0.30879696367737	NA
YCL064C	-0.152159511288945	1.45845314366144	1.95552831842229	1.43166914832998	NA
YCL067C	-2.04791437953266	-2.04519061516098	-2.81474180564868	-1.61855990058053	-0.576864987702639
YCR007C	-1.51696547283897	-0.406163856187446	-0.198627143546891	-0.387427203399438	NA
YCR009C	-1.14055376921331	-0.38335066857363	-1.66684168027587	-1.06465914139029	NA
YCR012W	-0.861959466249327	-0.145214543600659	-1.12869093811986	-0.347724677643265	0.208215270275214
YCR018C	0.112456346517467	-0.305340461256328	1.55308122467443	1.52748603765446	NA
YCR019W	-2.7598991095282	0.634235083778708	-0.0490974766358729	-0.995100408334267	NA
YCR020C	NA	-0.923617868019563	-0.18232888695085	-0.250575425921236	NA
YCR020C-A	NA	-1.2802088442569	1.88460755844367	-0.281749830939145	NA
YCR028C-A	-1.51776949034811	0.195744961116375	-1.03061988279558	-0.395460228643599	1.28559722104034
YCR034W	-1.78187065847884	0.155058955086003	-1.05848303966638	0.266710412907174	1.08229026616538
YCR037C	-1.21304117052303	-0.606633951829822	-0.299918461290257	NA	NA
YCR042C	-3.08113453365708	-1.08656528313543	NA	-0.944861115727491	-0.926804434567583
YCR065W	-2.58711797719186	-2.54494992607443	-1.87666653884399	-3.23110537079663	NA
YCR069W	-0.691827265578584	0.570867379653231	-0.105507557706343	-0.608439766292098	0.568210778773775
YCR073C	NA	-1.49331555537075	NA	-1.05439472882633	NA
YCR073W-A	-1.04640234865898	-0.0586223347354278	NA	1.19695218758074	NA
YCR076C	-3.47753736913453	-0.802762091175295	NA	NA	NA
YCR082W	-0.702212654021719	-1.08327560216119	-1.12750563788194	-0.129359019357078	-0.115246057905458
YCR083W	NA	-0.619974547747292	NA	NA	NA
YCR091W	1.2631601955637	NA	-1.91659892907538	-0.709166579461851	NA
YCR096C	-2.12066987332829	-2.11794614076729	-3.22218401198664	-1.69131540052212	-0.64962050030648
YCR097W	-0.0155229678303772	0.219561244840593	-0.225116994728986	-0.647371693483252	0.147276405703713
YCR107W	-2.01535027815064	NA	0.217893691899313	-0.63654143731636	0.286011122926184
YDL006W	-1.13734544553207	0.497988817419346	-0.33127841254657	-0.601281313965316	-0.294096944812612
YDL008W	-0.663439640553403	1.15769938863452	1.71540649566265	-1.13761019639941	NA
YDL010W	-2.42000044348385	-0.163645960822253	-1.92609398913289	NA	NA
YDL014W	-2.42731662412317	-1.2277878857543	-0.589492412786278	-0.794552403136966	-0.639199644028408
YDL015C	-1.87410409021212	-0.160525415639597	-0.973501645052846	0.33316047473477	NA
YDL016C	-1.51111114963849	-0.43794792057954	-0.941568800436682	0.669935585777051	NA
YDL017W	-0.172103585651272	NA	1.8574471067315	NA	NA
YDL022W	-1.96168280546732	-0.476877097671953	-2.51012604253812	-1.25885497414698	-0.00499277511656251
YDL025C	-1.60094565016417	-0.56308612810155	-1.07288091927165	-0.907908987396964	0.529877797602841
YDL027C	-1.95868047778302	NA	-2.61135871485096	-1.08169770530214	NA
YDL028C	-2.46233351330883	-0.336714680607194	-0.832426499846785	-2.03003892483959	0.905767720315332
YDL035C	-2.04870523581378	-1.37692333660889	0.582073537883011	-0.844308985101646	-0.94668384565655
YDL048C	-2.75187271333976	-0.516173326063475	-1.84563711057366	-2.44986089533208	-1.05938826163479
YDL051W	-1.6265127794856	0.073851956185268	-0.82182510551615	NA	NA
YDL052C	-1.3061871472894	-0.848877939594685	-0.922845465766773	0.25284103342137	-0.293485396101076
YDL056W	-0.71108353845205	0.488615376720588	-0.0841911593384904	0.331781185309603	NA
YDL061C	-0.525248967507608	-0.559160219099842	-1.40756141569207	-0.404409193563232	0.257041723675599
YDL065C	-1.66875196668623	-0.150242232583196	-0.26910803342699	-0.955022776893525	0.614596322896444
YDL070W	-2.00061403790323	-1.69977002206698	-1.7054778947477	-2.20457243438041	-1.54259475658391
YDL072C	-1.69134470038699	-1.19090360950736	-1.43659025689374	-0.636139184909482	-0.0887955329663928
YDL073W	1.45793056377002	1.10608949554213	-0.342828259273461	-1.5681776242726	-0.717235634732334
YDL074C	-1.44647522248888	-0.373249340219439	0.165442615442416	-0.33141711349643	NA
YDL078C	-0.973447685118961	-0.526023421299914	-1.56108988394328	0.440893984285174	-0.784145355968361
YDL079C	-0.717153616310134	-0.952685662293761	NA	NA	NA
YDL080C	-0.0500633763703409	0.151879086279337	-1.93006626245896	-1.71544491409953	0.271138035500512
YDL081C	-1.49369130693297	-0.246052785172207	-1.22817597489267	NA	0.279952466845869
YDL084W	-3.37159639181353	-1.78397982953769	-2.10891349861676	-1.25081968179108	-0.560361124566299
YDL085C-A	0.625881636984794	-0.694721075863751	0.635500307321024	0.550503106695287	NA
YDL086W	-2.46026840285867	-0.421975295983987	-0.727619392085754	-0.432252075669546	NA
YDL088C	-1.95183055937678	-0.636690909062478	-1.3343412595536	-1.06347568130565	-0.921040749501636
YDL091C	-0.509680438247113	-2.02081825094366	NA	-0.43280776750355	NA
YDL095W	-1.95042193522345	-0.890579740377921	-1.13187959280509	-0.578283433223052	-0.292070225518493
YDL100C	-2.31059741721569	-0.741029855650896	-2.35032647914021	-0.472967063833967	-1.30216303123326
YDL102W	-3.26457964764246	0.11381631048149	-0.06917810487997	-0.358680710912582	0.0298342293942481
YDL103C	-2.85184563212703	-1.60325577035111	0.736025304839321	-0.606772987936377	0.335597124095395
YDL104C	-3.62375769092662	NA	-2.61662967065377	-1.53882958286194	-2.24991637167811
YDL108W	-2.49372635647264	-1.40277123943788	NA	NA	NA
YDL110C	-2.28047223419252	-0.673372706062222	-1.70666804282776	-2.3423808783727	-1.37489502745747
YDL112W	-1.09581350726254	-1.03747956741952	-0.539118679531856	NA	0.449973534443062
YDL117W	-3.63428419900278	-0.965987459460377	-1.28398401127687	-0.925041509005681	-0.624856829663724
YDL120W	-0.818411387589751	NA	-0.0235848187374197	-0.372186107804729	NA
YDL124W	-0.54196363119862	-0.299294805507722	-0.797952124828075	0.62261454285572	NA
YDL125C	-0.200966528419971	0.0139884798515865	-1.25571351696681	NA	NA
YDL126C	-0.570181896198463	0.139231615652714	-0.915654429699858	0.38310095887751	NA
YDL128W	-1.04701335918204	-0.319453669434162	-1.39370026333209	-0.0017301824372822	-1.50433322426006
YDL130W	-1.2218402603342	-0.875485268774014	-1.05329976189647	-0.0606493899551197	NA
YDL130W-A	-1.33179393818008	-1.44635065521694	-0.660182124226793	-0.0204407966830664	0.420105790227673
YDL134C	-0.197328589734726	0.608453502852282	0.0261540012573849	1.55663452266592	NA
YDL135C	0.450908858905365	-0.596297815931958	-2.23608562055105	NA	NA
YDL143W	-1.95309632216878	-0.720679833482654	-1.82361201893979	0.0753895755899359	NA
YDL145C	-2.26961573166754	-1.03199120154736	-0.801200651186641	-0.881360570933771	-0.696909893561693
YDL147W	-1.97965800193519	-1.36669539864516	-1.85060188388949	-0.939383879439613	NA
YDL153C	-2.12313269272667	-1.35468597920424	-0.634310732184394	1.06591814818077	NA
YDL155W	-2.78948420182199	-1.72702273263926	-1.14387835419189	-2.07419450209925	NA
YDL161W	-1.5258515127657	-1.028772503137	-1.68910723456041	-1.4068451089823	-0.169001687404348
YDL167C	-1.49236414311976	-1.60118461758413	-3.05534383656662	-0.581112831654267	NA
YDL168W	-2.19041870967624	-1.15137938790576	-0.946285103218547	0.0750454946246366	-0.603189033600432
YDL173W	-3.40872808285583	-0.866706444822539	-2.55926986139269	-1.8528577930813	NA
YDL174C	-0.821457244059973	-0.887699566282131	-1.30739538981673	-0.991555772462222	-1.30724353238568
YDL176W	-0.487443179061291	-0.780440507637778	-1.05988842345286	-0.747937810034855	NA
YDL179W	-1.65036906808153	-0.0923974830627039	-0.0687201607647415	-0.317745994122003	1.30924268594276
YDL182W	-2.00963672264153	-0.638356542029647	-0.113857743759676	NA	0.839086591448634
YDL187C	-0.364214679381806	-0.503190215120253	0.0522041867456843	-0.327864595900997	NA
YDL190C	-1.67662405857881	0.541881794165118	1.05918441339296	0.381842770593275	NA
YDL191W	-1.32338802871285	-0.331476656395488	-1.4871742959397	NA	NA
YDL193W	-2.13554654234527	-0.881385196413454	-1.28917778354649	-1.08001489874119	NA
YDL194W	NA	0.159132834674164	-1.77871395100517	-2.13901574721081	NA
YDL198C	-3.76971375354053	-1.7262700514078	-1.60562490041956	-2.11492297204401	0.00223696972528419
YDL200C	-3.52806257480076	NA	0.468063922417148	NA	-0.656647638642647
YDL202W	-2.22475782759248	-1.82085617745039	-1.94501388269359	-0.0898056282946341	-0.463471759395533
YDL204W	NA	NA	NA	-2.26789447128928	NA
YDL206W	NA	NA	-0.837618817580101	-3.82219384717734	0.111079624986375
YDL208W	-1.99231739173157	-0.238883400778257	-1.017622651114	0.32068120090845	NA
YDL215C	-2.71504955371197	-0.660469042525986	-1.09034049217525	-0.685822439934424	NA
YDL226C	-2.01950682518769	-0.641727623241534	-2.20808001770988	-1.83026890995346	NA
YDL232W	-0.580482676469221	-0.867685898710708	-1.51835704276407	-0.53696215787968	NA
YDL233W	-2.25855839675067	-0.673403026299253	-0.747184688641571	-1.35886894990377	0.343819482182962
YDL234C	0.58062941943424	1.46821812752765	2.59035049463525	1.4314238160283	1.16286447702804
YDL235C	-2.46584620630369	-0.508704606546658	-1.59684388949081	-1.30983964967708	0.388694165120814
YDL236W	-2.52450510041389	-1.73550080312843	-1.72722496047407	-0.556065712482274	NA
YDL237W	NA	-0.8531587051993	-1.45538682703062	-0.309979126228453	NA
YDR001C	-1.48341831899482	0.662620291509508	-1.27173390068542	-0.682547936718991	-0.00177709667380335
YDR002W	-1.95909340971443	-1.4016048072003	-1.18837797550778	NA	NA
YDR016C	-2.0890256245185	-2.19125175217636	-2.01696685155333	-1.9187591602059	NA
YDR018C	NA	NA	0.0695001116221148	NA	NA
YDR019C	-1.06038408952512	2.10690159627831	1.96144307251326	1.46464212555849	1.2907477750201
YDR023W	-1.81963123621406	-1.7765514465093	-2.15472709706537	-1.34642336806637	-0.126023641053059
YDR026C	NA	0.154340854612104	0.790292160044233	-0.32099807376211	0.69044086574148
YDR032C	-1.76685857609226	0.00713170514859913	-1.6300151516917	-0.253808464718853	0.211277270957078
YDR033W	-0.755699939622165	NA	-0.892928690382561	-0.0109043988005291	NA
YDR037W	-2.18961149836922	0.029263436964376	-1.90753046945988	0.10767992711849	NA
YDR038C	NA	NA	-0.923788019068479	0.616059672940771	NA
YDR039C	-1.28869250650189	-0.324025302401186	NA	0.188078258763856	-0.8962563656498
YDR040C	-0.246160666809995	0.718506532278433	-0.366931145913218	1.23061012035337	0.175510042024008
YDR041W	-2.40217711766046	-0.692980968914615	-2.0693007587572	-1.95030409367763	NA
YDR043C	NA	0.347716298931723	-0.374497745282043	-2.24089562201155	NA
YDR045C	0.147314015995077	-0.406908062929205	0.446250819914662	-0.32655171897502	-0.887617204040981
YDR047W	-0.807058056000604	-0.571030628131054	-0.98322434166102	-0.890163202054115	NA
YDR050C	-1.11496914124545	-0.353284585286538	-1.56148155650923	-0.797128903903082	NA
YDR059C	-2.80195751900192	-1.42935531195327	0.165065284540716	NA	-1.22748657621193
YDR071C	-1.77895611466412	-1.04151852132405	-1.92920372961162	-0.00865571311233037	0.620937833869915
YDR074W	-1.77912274415811	-1.12239462627703	-1.84215997032665	-0.939619283122457	NA
YDR086C	-2.49030402628683	-0.664357090635273	-2.03680526552407	-0.799712532889115	-0.359903394554362
YDR088C	-0.407744232247935	-1.38144834325586	NA	0.433540053736551	0.720338217635266
YDR092W	-2.84793212508176	-1.55869111849752	-1.74661472877864	-1.36526909516796	NA
YDR096W	-2.41402800142502	-0.0312006373494534	0.0345502119713232	-1.26944912095704	0.559578526040072
YDR098C	-1.19168376332166	-0.508583940736194	0.622706867927601	-1.30584761375336	0.548505304019113
YDR099W	-0.758020503738437	0.288589559157622	0.0982889693325106	0.0769913163979052	NA
YDR100W	-1.58469193485744	0.0415008185131864	-1.83846793534868	-1.32638033607417	-0.498540216898916
YDR101C	-1.97105074387428	0.0605985004483518	0.32355009801248	NA	0.0120159459797577
YDR115W	-1.69640166956182	0.0165712578061143	-0.847243287850364	0.0744353494435108	-0.0639725004102219
YDR127W	-1.57401813896564	-0.785273093255027	-1.52274480777699	0.282880518439238	0.224849508365453
YDR135C	-1.42571139603402	NA	-0.816360499943791	NA	-0.636644424436856
YDR141C	-0.730683091074792	-1.3586776653143	-1.08550105992111	-0.487856657669576	NA
YDR146C	-1.88526111995972	-2.06036712188689	0.889640000748519	-0.713898682743716	NA
YDR151C	-2.41343557474393	-0.721577008563961	-3.29410665152688	-1.67109672646085	0.0891619801922857
YDR154C	-0.689615226793233	0.122365206675627	-0.799547192050709	0.0465768062283915	NA
YDR155C	-0.689615228864868	0.113544664502241	-0.801939546531096	0.0465768062848749	NA
YDR161W	-3.56842614332964	-0.391680162745416	NA	-0.238039223701718	-1.69001534688757
YDR165W	-2.1483156614462	-1.69527708400528	NA	-0.643171439257771	0.55857999405584
YDR168W	-1.0322895679797	-1.75909299357837	-1.33831063332231	-0.253804722798716	-0.634856679252306
YDR170C	-1.28058260727902	-2.30662840482774	-2.49921017783325	-1.00632587632284	-0.0303191763374084
YDR171W	-2.08671803691164	-1.15791464276249	-1.90956243789189	-2.03681252277159	-0.716452995850719
YDR172W	-1.08097694457927	-0.0804730141505699	-1.75603858640468	0.620944945039102	0.385096027682111
YDR174W	-0.241715593426517	-0.00363813311608389	-0.728066849932014	NA	NA
YDR188W	-0.0982482733178007	-0.524447028954315	-0.359414378868449	-0.675511341737532	0.92746079581216
YDR196C	-2.27331391892747	-0.409620540420369	-0.107844798992685	0.987999705394353	NA
YDR204W	-1.32110823346434	-0.269943137226109	0.0356178145740821	-0.856682889387187	-0.0758384875685625
YDR206W	-2.22080515269156	-0.0986527934445432	-0.136899267623182	-1.64290153247764	NA
YDR208W	-1.3564678742963	0.153702181803946	0.413391835941822	-0.305542292715324	1.21689849895552
YDR210W	-2.42580909544095	-0.829052202906823	-2.5097164765633	-0.441148574599185	NA
YDR211W	-1.72302018579992	-1.25331574313312	0.880596280907498	-0.85126800128012	NA
YDR214W	-1.31475996971053	-0.192546877035742	-1.78177961006376	-1.04133640105545	NA
YDR216W	2.21054739605353	-0.76631961762373	0.532190843375449	-0.720650436730476	NA
YDR224C	-2.09660152295348	-0.874205445339486	-1.90105113671235	-0.992341071194479	NA
YDR225W	-2.35698046918333	-1.21013822323262	-2.35809973353523	-1.54247361347709	-0.933533109847354
YDR226W	-2.33642803826462	-1.09036580750288	-1.55241599758798	-1.30900419300323	NA
YDR232W	NA	-0.541113371819578	1.27639035796156	-0.337107378988596	-0.890667400391882
YDR236C	-1.57354391554991	-1.52079497993992	-0.559716919795462	NA	-0.261318738834096
YDR237W	-2.29454622201253	-1.18568592824962	-1.49106080325199	-0.681425909844438	NA
YDR238C	-0.681528042565691	0.209416387511497	-0.105329960511155	0.637683736053579	NA
YDR258C	-2.35240587777582	-1.57094921828756	0.13127677454706	-0.450005884565901	NA
YDR260C	1.01311705936435	0.166945268746217	0.177991735036959	-0.42099180522937	NA
YDR263C	NA	NA	0.0779257194580358	NA	NA
YDR264C	0.723168297114567	-0.103341152064703	0.908421143395033	NA	NA
YDR270W	2.10051021145076	1.69321744176797	2.20505632269482	1.28362477681885	-1.93902824285911
YDR272W	-1.67713788204761	-1.01407548028872	-1.30001325043364	-0.989057742760483	NA
YDR276C	-1.74116182206124	-1.4735429511722	-2.33691032172898	-1.44849919720951	-0.672994307951459
YDR284C	-2.69114847406519	-0.764513570066035	-2.21972448835009	-1.44716124024925	-0.903264590623111
YDR285W	-0.612086845685229	-0.189450198063985	1.23474897602376	-0.716531365195835	NA
YDR286C	-1.25156317903704	-0.798552699202767	-0.878805046522207	1.07984556075208	-0.0492721791631936
YDR287W	-0.066671532234723	-0.477289868218252	-0.983057157481499	-2.0250941434635	NA
YDR292C	-2.01332204964772	-1.62888689172627	-2.34153843955496	NA	NA
YDR293C	-1.84359420279588	-0.0115798430321266	-1.85521250183113	-1.49428050433289	-0.332403092564051
YDR299W	-2.91418423658944	-1.80686507062756	-1.80828814513505	-0.701418233129914	NA
YDR301W	-1.94662753917229	-0.418142244025097	-0.312112432767066	NA	-1.37171510786272
YDR302W	-1.34449755892003	1.05569454801568	0.219547955731989	0.115946619580661	1.74374955757672
YDR308C	-2.02748241342659	-1.85637098621038	-1.81975091422286	NA	NA
YDR319C	-3.44902006200736	-0.94726000764792	-2.642773149505	-1.09680608309966	NA
YDR322C-A	-1.879448809408	0.0639872796015051	-1.54432295994878	-1.58324704992842	NA
YDR322W	-2.79191405706788	-1.27391403017043	-1.23622308239435	-1.93732817127806	NA
YDR332W	0.524769941149853	-2.01056371964707	-0.715022827514441	0.0805105667871303	-0.477134517102834
YDR339C	-1.6716161264369	-1.18772917047182	-1.07606297520585	-0.587992468324549	NA
YDR341C	-2.09014645634362	-0.925903787545656	-1.49761516294014	-0.108529952200898	0.0969409566723718
YDR345C	-1.52375615506101	0.103158699498446	-1.23650475875595	-0.183611304011016	NA
YDR348C	NA	-2.1010007207134	-1.11713308126787	-1.17736601636692	0.279285400789237
YDR349C	-1.41058999661122	-0.934834636413349	-0.863140240891077	0.624018023229823	0.799416967464565
YDR352W	-2.71155254769332	-1.0139360334867	-1.30719148865498	-0.386277188399649	-0.235830048984963
YDR353W	-0.128591385392992	0.850807449682637	0.248022425571514	-0.299556720006563	NA
YDR359C	-0.888918685789106	-0.980595360214257	0.218801537864759	-1.18215864919953	1.47605277545278
YDR363W-A	-2.50449751101028	-2.08601923401867	-2.46694065591257	-0.918463922182105	NA
YDR364C	NA	-1.16113384260293	-0.11721757922808	-0.623815704769412	-1.11929738558372
YDR368W	-0.698249773268739	-0.345289139640627	-1.0540729737913	-0.0155680529512338	-0.400344156871689
YDR369C	1.45869185472804	-0.15919928065943	NA	1.06498393234898	1.43916548656341
YDR370C	-0.972572860250665	0.114303100081429	-1.29708193064163	-0.873689917817034	NA
YDR376W	-1.86599324218959	-1.99543710959752	NA	-0.0336885476362448	-0.541286775050501
YDR377W	-1.34221117676164	-0.488388805418221	-2.00578155205774	NA	NA
YDR378C	-0.905597496738592	-0.0747094781972739	-0.97958428948874	NA	-0.688763880860449
YDR381C-A	-1.1719999752144	-1.66543101454855	-0.599788148451109	-0.953696460473366	-2.23881554150725
YDR383C	NA	-0.846333224708177	-1.01698738897188	-2.78593429715647	0.230137787328934
YDR385W	-1.32760161508194	-0.50923591031975	-1.69364964440848	NA	0.392186448227088
YDR386W	-0.498405690009863	NA	0.524618746226381	-0.75947855388762	NA
YDR387C	-0.921339271734656	NA	2.86298833869531	0.441473719134921	NA
YDR388W	-1.75782475291581	-1.02676143794088	-2.12300398938927	-1.68256997627998	NA
YDR389W	-1.9708245859135	-1.07787040510011	-0.0281964222881017	-2.73092086881136	-0.482429773197312
YDR391C	-1.05767871348315	NA	0.848167052568263	-0.60769219182002	-0.0287470368552492
YDR392W	-3.28110716711993	-1.34272204851272	-1.34425131101361	-2.3862393419522	NA
YDR394W	-1.03940971019973	-0.787117136601339	-2.09736261511157	-0.513208936576946	NA
YDR404C	-1.73385571379295	-0.339310974225255	-1.41913550671408	-0.397003920373057	NA
YDR405W	-2.54421782397441	-1.4155204647936	-1.81460364081953	-1.31409818752066	-0.31624387957279
YDR412W	-2.82559781347802	-1.39088762913246	-0.753103552645153	-0.322122624947234	-0.511658590379391
YDR419W	1.22573110216077	0.815245513352092	2.10387899887893	0.160091244800772	-1.15035994408909
YDR423C	-2.7002573653113	-1.12788594407516	-1.15281653953946	NA	-0.623547296146623
YDR425W	-3.27490367910301	-0.837543994902889	0.382632054575951	-0.0300102738420835	NA
YDR429C	-0.632525908523938	0.0963049135195056	-0.44374595012855	0.311970550565819	0.709559426953782
YDR432W	-1.5805167098328	-1.16514587329598	-1.57397327669382	0.1144698801927	NA
YDR433W	-0.823934265329269	-0.359936873998835	0.496244107642003	0.101908493219911	NA
YDR436W	-1.32641875130096	-0.494126577577666	0.670459692384204	NA	-0.849988401042133
YDR440W	-2.11152535748288	-2.23134725918532	0.698552163797811	-1.02312615180306	NA
YDR441C	-0.0147305748216882	0.277219464827027	NA	0.612648010731494	NA
YDR456W	-2.33454352006584	-1.829071172378	-2.08647684105531	-1.74420966520069	-0.9249688524228
YDR460W	-1.8956129051279	-1.39027347905249	1.13585973058324	-0.772103895432676	NA
YDR461W	-0.465603571795717	0.625524716413839	-1.22403547385656	-0.336357424945758	NA
YDR464W	-2.60847597080543	-1.00054044986231	NA	-0.758509012590232	NA
YDR466W	-2.46460057825962	-1.83273680126989	-1.42652899445328	-0.97032387579714	NA
YDR471W	-0.86938232191842	-0.462341573454534	-0.571637263034104	0.261106247910069	0.042007004344758
YDR472W	-2.08498979205861	-0.932801352692631	-0.8448228965365	-2.12806923750232	-0.128852662504071
YDR473C	-0.750693239612317	-0.695540615221457	1.61406074322847	NA	-0.402038891415915
YDR475C	-1.94860303497204	-2.58585984807101	NA	NA	0.328534847583779
YDR478W	-1.47082077042403	-0.405440247499905	-0.596417834098743	-0.770107107996976	NA
YDR484W	-2.28433872575492	-1.24536559523801	-0.850809481070652	-1.83979559480942	0.67117654110205
YDR485C	-1.12616482353016	-0.734761544486277	NA	NA	-0.753575255932839
YDR487C	-2.6684766967789	-0.439486461369423	-2.13354554297637	-2.08361149425659	NA
YDR493W	0.28317478910171	0.631870151186913	0.0327637528786565	1.84268369464644	0.416944977515242
YDR497C	-2.06767203958994	-0.830876354491087	-1.64583257727105	-1.21055779396348	NA
YDR500C	-0.284669105097741	-0.0034563807135963	-1.34463420868927	0.531167958319374	NA
YDR502C	-1.48101222880126	-0.369747089849702	-0.729901677431289	0.096807288638213	NA
YDR503C	-2.72430446538668	-0.494487998991888	-1.50199820335076	NA	NA
YDR504C	NA	NA	0.487255668805317	NA	NA
YDR510W	-2.26701404549633	-0.84789873158815	-2.08441417836414	-1.27791148571875	NA
YDR511W	-1.58397428544435	-1.28220048204915	-1.35517022158508	NA	0.496768751466236
YDR512C	-0.0618401877164886	-0.425455319847486	-1.45273043963333	-1.12247348051	-0.909236929587447
YDR513W	-0.945126678565672	-0.713244632074682	-0.958709090771845	-0.354891637762263	NA
YDR516C	-2.91811821432571	-1.79093709785663	-2.32878858686208	-1.02814140402225	NA
YDR517W	-0.402350382652571	-1.84317161754478	-0.820432526295149	-2.13682841969847	-1.3646311935007
YDR529C	-0.53662651257392	-0.013598305456273	-0.397144725619133	NA	0.604754140958027
YDR533C	NA	-1.24321096909144	-0.439239069227767	-1.24605849949914	NA
YDR540C	NA	-0.80935974614181	-1.83791184028427	-3.38983640699302	NA
YEL003W	-1.35794786124606	0.267636996821243	-0.34782126013814	NA	NA
YEL005C	-1.58637526843773	-0.315172876641502	-0.448844828180751	-2.09065648674729	NA
YEL007W	-0.0977728207005242	1.38349515362502	0.0632959845646766	0.489670090639364	1.72292337489555
YEL013W	-0.526394732313223	-0.43280990344358	-1.05728635172489	-0.305844595315282	-0.53238645548883
YEL015W	-2.07128273778281	-0.37305438096514	-1.67547761219841	-1.83370014676764	-1.4201087321815
YEL017C-A	-1.91282329520633	-0.187310009474716	-0.987454499815857	-0.236879427614295	0.177751959398065
YEL020W-A	-2.11248834852117	-0.492178009722273	-1.64198561951385	-0.414160535971379	0.36273925962748
YEL021W	-1.10227990020382	0.0323116054399873	-1.18704737275902	-0.116726954091808	0.343729075205239
YEL024W	-0.414198467789568	-2.61388227915235e-06	1.94256068416321	-1.4218812075916	-0.0498394923382653
YEL026W	-1.49871946510714	-0.429372803696395	-1.20058836240199	NA	NA
YEL029C	-0.782458499633384	0.0269085292546934	-1.49126001964306	-1.04814878372661	NA
YEL033W	-1.65135989590998	-0.962374202379143	-1.62305379501734	-0.531805197695759	0.308909505060282
YEL037C	-2.34984314310438	-0.679767432848848	-1.0046774594292	-0.825155773144661	-1.18116320080496
YEL042W	-1.60033346585679	-0.655265822019688	0.249935321587292	-1.33773933700646	-0.890234894869072
YEL043W	-1.85622987855141	-0.129445163409763	-0.754202180195391	-0.90756349578314	NA
YEL044W	-2.07616097147205	-0.588443179783956	-2.10076627553478	-1.08794899397106	NA
YEL050C	-2.78391234557914	-1.06313557693023	-1.89192759496308	-0.462371629674114	0.308422304515074
YEL051W	0.171424386645748	1.00876859565831	0.151696040683599	1.19487193345873	1.90751305466052
YEL054C	-0.734712514164286	-0.382672512353556	-1.69910280359498	NA	NA
YEL063C	-0.731003987031203	-0.425972069854276	NA	-2.13712804754809	-0.104888306917537
YEL065W	-3.38499547977131	-2.03458759384359	-1.19820294595355	NA	-1.26545530500609
YEL066W	-0.419754890577966	0.819472497595608	1.86908752081694	0.715850634548669	NA
YEL071W	-2.05652202622776	-0.851258931867793	-1.5841743464664	-0.704635722355119	NA
YEL072W	-1.00563239462852	-3.08191681497091	-1.95140940194644	-2.78499975247638	NA
YEL074W	NA	NA	0.938724064632188	-0.632869486766204	NA
YER012W	-0.67536782295751	-0.684577160147428	-1.04619450629811	-0.339132502490731	0.0661366043216155
YER017C	-3.60477076694022	-1.07985532460577	-1.60334388878077	-1.07832607929451	NA
YER019C-A	-1.35369246240231	-1.2504892581627	-0.899096362508616	0.584062634388979	0.37193791459678
YER019W	-2.55316730641051	NA	-1.02286254139647	-1.80174631407819	NA
YER021W	-0.69863856560241	-0.170587272445353	-1.30156730414991	0.44788155245601	NA
YER022W	-2.45764318078991	-0.620075660007971	-0.566342254250493	NA	-0.00217457605321747
YER024W	-0.378435967047253	-1.01027568722886	-0.0349617424850848	NA	NA
YER027C	-3.03862390906216	-1.21005511975385	0.0465704815210217	-0.953157099509492	NA
YER031C	-2.9772294590221	-1.30156560639875	-2.34377290816791	NA	NA
YER032W	-1.68858893986742	-0.18578626064716	0.613842278134495	NA	NA
YER036C	-2.36991672475092	-1.54264015443392	-2.04996480497785	-0.294007930751586	-0.0650794733639516
YER037W	NA	NA	0.601055696909756	NA	NA
YER042W	-1.62217471825993	0.150410733195553	-1.53438021667689	-0.50733161508242	-0.498320390859032
YER048W-A	-1.013791308659	0.422546516580043	-0.760609471125615	0.443007257003161	-0.27772841131794
YER049W	-2.05445761279417	-1.58378977705159	NA	NA	-1.19602499103906
YER050C	-0.754035439962005	-0.061573784857903	0.0907839709681666	0.258459191374873	NA
YER058W	NA	-1.95082393608687	0.487591681558443	-0.842925496956936	-0.338826909024913
YER066W	-0.60852889152857	-0.682271395244462	0.442693021200447	-1.04407569712411	-1.03349493700656
YER067W	-2.54845704908776	-0.334391231297926	-0.271311405993183	-0.352268147409186	NA
YER072W	-1.11897160164131	-0.562520644277026	-0.46084534894705	0.615395591580526	0.67107269833741
YER073W	-2.34904915009253	-0.392631506405437	-1.80576548186145	-0.924200426191276	0.502449925896258
YER074W	-0.97448997452793	0.13079307258737	-0.954393051208253	0.5949841444306	-0.35280852762409
YER074W-A	-0.805587870658837	-1.16110760247116	-0.806586498129991	-0.784378074763005	0.208000948707142
YER075C	-2.93282193171542	-0.720970624853837	-1.07103232057848	-0.599897921056357	-1.19434680184668
YER076C	-1.3188273448995	NA	NA	-1.73644687426198	NA
YER078C	-1.18268498550829	-1.10673054619128	-0.542460840564571	-0.293247390852706	1.10556592556341
YER080W	1.36129747833981	NA	-0.535641946947804	-0.318419698855606	NA
YER083C	-1.80023602745905	-0.00545511727263436	0.433258925721722	0.29044982486736	1.13829248629959
YER087W	-1.51270026686548	-1.49141524446416	0.437006783400446	-0.29702348829383	-0.985897463879505
YER088C	-0.960820774833775	-2.55894122152327	-0.954027029711572	-1.89255541556072	-1.49531189828798
YER088C-A	-1.60915574773844	-0.659911812961094	-1.02840607420405	-1.10511656580567	0.0433674963375167
YER089C	-1.92303326179268	-0.988432016953845	-1.36467571578845	-1.47673799246151	0.00337809078482696
YER091C	-2.15203890714852	-1.21286609792198	-0.296937788276833	-0.320483482110711	NA
YER092W	-1.51021324875121	0.469644141721229	-0.579831803436021	0.196115845586995	-0.436243186155917
YER095W	-2.17686340845477	-0.80794383985087	-1.11627029968157	-1.00458923317299	-0.692252375383075
YER098W	-1.47940165050828	0.690122039920173	NA	-0.313653700461941	NA
YER100W	-1.50346051579492	-0.487971186989127	-0.657642923019644	0.0117062263652297	0.991256709343988
YER101C	NA	-2.11527758983181	-2.48588697813444	-3.33716831931927	-2.15411526353059
YER102W	-0.646730417129195	-0.196166173385236	-1.42670262777892	NA	NA
YER103W	-0.389110282496835	-0.580931069270484	1.01538946296182	0.891664366917036	NA
YER104W	-0.276684260009965	0.0371110771061583	-0.355274204924109	-0.815097764723599	NA
YER105C	-2.45415915887817	0.44880073438082	-0.132283196575164	-0.101610571681661	NA
YER110C	-0.174637686844942	-0.814101593639105	NA	1.1085459254596	NA
YER112W	-1.33427136794473	-0.422034843443487	-1.44748844337387	0.931601027084609	0.352055314024346
YER117W	-0.426519302377885	-1.0504093076936	-1.23811624420757	-0.0816803683609434	NA
YER118C	-2.91682361281774	-1.59319093004546	-2.34731790436229	-1.64337015801007	-2.16239203045114
YER119C	-0.85210825818309	-0.478463617339076	0.556482643948728	NA	-1.7528928354108
YER120W	-0.292087858876379	0.160735270556173	-1.02217951665807	-0.67233465973512	0.551116789915018
YER124C	-2.54294974719004	-0.299439086695278	-2.17451893833939	-0.693112600792999	NA
YER128W	-1.57708979878249	-0.0798958109604186	NA	-1.06577567212981	NA
YER130C	NA	NA	0.173805289595136	-0.279296461414585	NA
YER133W	-1.69027383805543	-0.474274158520123	-1.39031795331477	-0.0471335682690966	0.513426727909303
YER137C	-1.70051257720859	-0.455800633086366	0.422059544670426	-0.0406117897526163	NA
YER141W	1.93082289842831	-0.198649058383316	0.575260909607138	0.470002538570431	1.18540578748094
YER142C	-2.73585234666945	-0.795941763231871	-1.60150830936477	-1.82656787197326	0.1890154457698
YER145C	-0.329905272620446	-0.710780213658061	-1.02629153766122	NA	NA
YER146W	-2.4608337821208	-1.86250915800782	-0.377132607304347	-1.34668690316995	-0.730576655023217
YER148W	-0.538259950098987	0.19398724134757	-0.931834175939737	NA	NA
YER151C	-0.38194185700675	-1.42845923616635	0.276613616459934	-1.53757883867527	NA
YER152C	-3.0684448875503	-0.102210874051425	NA	NA	NA
YER159C	-1.6951387227856	-0.634646710352916	-1.63598617024504	0.21456471640343	NA
YER164W	-1.14496141248256	-0.172189151134268	-1.69145499607637	-2.03367029837009	NA
YER177W	-1.51458596677703	-0.611493040149587	-1.41120647918868	-0.313421064545093	0.0392502597200908
YER183C	-2.4075420773625	-0.408511746433861	-0.975574368303519	-0.976507481196991	NA
YFL004W	-2.17605319856042	0.651540031804739	-1.57753514754957	-0.967277724775919	NA
YFL005W	-1.64330129128756	NA	-2.26345256729373	-0.499696971932751	NA
YFL008W	-3.15563582075409	-1.24518535941754	-0.784245543201728	-0.215065126720613	NA
YFL009W	-3.50180461551888	NA	-0.892063129025052	-0.43604294388775	NA
YFL010C	-1.01229429087508	-0.332753942790995	-1.66557573090928	-0.431510893189236	-1.15207793383102
YFL016C	-1.05746515657899	-0.14349389023949	-0.194081122099102	0.558961712752453	0.578133162867172
YFL017W-A	-1.37584971598527	-1.97507017452639	-0.611910095508906	-1.65328176373982	NA
YFL018C	-2.01807396070831	-0.161261199572668	-1.27828759168296	-0.378400058588621	0.695270258518174
YFL022C	-0.717972614163864	0.290831646630497	0.0478743449013714	0.352327775903663	NA
YFL024C	-2.85571594044597	-1.07453780730205	NA	-1.79281429619906	NA
YFL026W	-1.77603429532914	-0.456937631082062	-2.34166657067262	-1.29021852418559	NA
YFL028C	-2.15785629242402	-0.489208780959635	0.47571659258607	-0.520353718147286	0.221876588624385
YFL031W	-1.75902460871966	-0.775547019891698	-1.80679638176706	NA	NA
YFL034C-A	-0.722431957174873	-0.839483614452455	-0.288952857756216	NA	NA
YFL036W	-3.17776827608247	-0.852915088692305	-0.744405199628301	-1.25049076009438	-0.00556542323512077
YFL037W	-0.178789191909776	-0.124631044570983	-1.08046454166284	-0.441238550534646	0.511725971963846
YFL039C	-0.835474074046176	0.016871591082393	-1.44161620082138	-0.478885252245378	0.66200318864109
YFL042C	NA	-2.35607939884964	-1.5813876951487	-1.96694136495205	0.376234366377606
YFL045C	-1.31084767018671	0.387258188045535	-0.282914911873834	0.46074804660346	1.17701642866386
YFL046W	-3.18978746228614	-1.37514047687489	-2.15396597158094	-1.05222959948158	-3.16725994592354
YFL054C	NA	NA	NA	0.0466658338680376	NA
YFR004W	-1.43209882362866	0.160170309075441	-1.15299065848349	-0.199367214606335	-0.2448627121398
YFR008W	-1.60335385812669	-2.20993089531518	-3.22405138459824	-1.8778671699398	NA
YFR010W	-0.59961689620065	-0.565635337970744	-1.5944152857888	NA	-0.592115983581664
YFR010W-A	-0.478020037327139	-1.78405994647586	-2.02461172053011	-1.79441865751994	-2.42018695428698
YFR015C	-2.99016935871395	-1.36659694627838	-1.89712468502128	-1.91850353821448	-0.77710626740189
YFR017C	-0.0644564763460895	-1.064002720814	-0.0958547158725974	-2.04667962796827	-1.20287620444329
YFR025C	0.387409799690311	0.475491426355065	-0.776193153716665	-0.868443315003775	-1.52765998910517
YFR031C	-1.3859075634868	-1.04810234609152	-1.65124382108794	-3.30862984721302	-1.39729505490454
YFR032C-A	-1.30394223548323	-0.243555327067681	-1.34993652568244	NA	NA
YFR033C	-2.57463366723135	-2.2398705177887	-2.28030492463425	-1.1217116039247	-0.174432621970395
YFR037C	-2.33285425080841	-1.75921387371827	-1.17674673874406	-1.85921283287261	-0.170467809531839
YFR039C	-1.21300022378666	-0.98261139590675	-1.35611511227691	-0.366927285783569	-1.0597079845031
YFR040W	-2.00123530713765	-0.695304233763965	-1.5892808691671	0.288632929366642	NA
YFR045W	-3.51397326454862	-1.18522109415866	-0.339087180078013	-2.68475834279191	-1.04316209709723
YFR046C	-1.36184735043922	NA	-0.104997674434654	-2.03922600272124	NA
YFR049W	NA	-0.161179923227676	-1.38188209027889	-1.9191979977241	NA
YGL001C	-1.68551571663271	-1.89634210726623	-1.30918640931361	-1.91700662412852	-1.64156675624721
YGL002W	-1.54471840015437	-0.179785269315476	-1.50738330330149	-0.663998346801189	-0.110814929449174
YGL004C	-2.94952159777679	-0.80462058028744	-0.736938099248742	-2.01475728874021	NA
YGL012W	-3.75732293514069	-2.14979137039869	-2.60082345800521	-2.11008564742109	NA
YGL013C	-2.03800982617969	-1.21056189944375	-0.21036564871305	NA	NA
YGL016W	0.0522279131940669	-1.47167491634869	NA	-1.83195549854269	-0.258321273788165
YGL018C	-2.20017335807432	NA	-0.893399213851308	NA	NA
YGL019W	-1.16071244589303	-1.12939016023399	-1.52610634185269	-0.34944372498874	NA
YGL022W	-0.13659583300646	-0.533639668772589	-0.381247379383114	0.151831774495438	NA
YGL025C	-3.73436360255555	-1.15335235599867	NA	-1.93195643105426	NA
YGL026C	-2.20819008340598	-2.56626013542775	-2.25453934124096	-1.29611727033479	NA
YGL028C	-1.29273428106882	-0.558565503211937	-1.78294341085048	-0.585872930321483	NA
YGL037C	-1.39846436782857	-1.00875592362324	-1.60053851146867	-0.862410064112082	NA
YGL044C	1.40879667921305	NA	-1.03088232452214	-1.10580081854039	NA
YGL045W	-0.476189850318208	NA	1.52105210298691	0.395668075919927	NA
YGL048C	-2.14732116653218	-0.103107514314489	-1.5587329321887	NA	NA
YGL049C	-1.64253403433122	-2.00829879326156	NA	0.74463611097675	0.731300951800022
YGL056C	-3.46837630899399	NA	-2.58687969540427	-1.9963918706435	-0.691416143593072
YGL057C	1.05024054700687	0.494986847826892	1.29948830206522	0.907129649829729	NA
YGL068W	-1.25357389945201	-0.480959968783143	-1.75872746266688	0.0293038016746125	-0.0368078427750399
YGL079W	2.20953824803417	NA	1.30614052726293	2.87904732059948	3.94260523539397
YGL080W	-1.5643488808351	-2.51964022954766	-1.86791833306002	-1.50228115478791	NA
YGL082W	-0.910856599459012	-0.535511611418078	-0.801415844248005	NA	-0.51949293975142
YGL084C	-1.19238018386714	-1.00826096235237	-0.766674800501016	-1.62679923726076	NA
YGL086W	-3.1205013465544	-0.642331292767609	NA	NA	NA
YGL087C	-1.64788779990619	-3.04940816487391	-1.46800952362914	NA	NA
YGL095C	-2.40523795453452	-0.66850517177837	-0.825343492522653	0.391351182434739	-0.483736845219481
YGL100W	-0.907251922242887	-0.246302021913254	-0.897543930235721	-0.303949878347771	0.543962880375284
YGL101W	-2.53533820615865	-2.46547122131531	-1.26550478190498	-1.43860593145395	NA
YGL103W	-1.42094743915804	-0.992090598267575	-1.06744434817084	NA	-0.638366440445141
YGL105W	-1.43051041433972	0.306377642092675	-0.171867510297736	0.73555328744169	NA
YGL106W	-1.30042698192096	-0.920035936707747	-0.994438877673954	0.0537916169011558	0.661393915686225
YGL113W	-2.13595482557814	0.338404359800279	0.522973691206056	-1.15274462427613	NA
YGL114W	-3.36709532094733	-2.11498030224943	-1.81304189893638	-1.45995882148513	NA
YGL115W	-2.30404623623762	-1.26655120406282	-2.21656250946117	-1.1831460699988	NA
YGL121C	NA	-0.156398972855079	1.55462936348411	-0.444290867840009	NA
YGL127C	-1.81473733837602	-0.266942161676344	-1.30641970265256	0.0175557067119848	NA
YGL128C	-1.41556884625892	-3.3302679040058	-1.59519384752821	-3.37889771130085	-1.90217542863211
YGL129C	-2.57466394373424	-0.635995370040023	-1.56562913293252	-1.21083048132773	0.165292998885886
YGL134W	-2.95622786585171	-1.01021320630063	-2.45665505696759	-3.39509762869534	-3.02140261544274
YGL136C	-0.724287071436898	-2.1606429511594	-0.451232265196666	-2.20098014466811	NA
YGL139W	NA	0.385554214458138	0.0704977506851324	NA	-1.32300925387113
YGL140C	-1.3115218538442	-1.520959812329	-2.16873575647053	NA	NA
YGL143C	0.0477633102189221	-1.9613930506814	0.374523687079163	0.539902211410086	1.71538091319654
YGL150C	NA	-2.46201170799551	-1.16736133218167	-1.78179129907079	NA
YGL153W	-0.184561770646679	NA	0.649301221548228	-1.93402051017248	0.772517994124146
YGL156W	-1.00879971922892	-2.37136270613915	0.102678660721241	-1.06194210762274	NA
YGL161C	-1.5100190951821	-1.01517700050999	-0.805339113517254	0.265501991223939	-0.292937520132559
YGL164C	-1.65810552476472	-1.76537884228788	-1.73893763807252	0.295345164297804	NA
YGL167C	-1.4670634424351	-0.614755238062399	-1.71214397421777	-0.398582298147344	0.464204049752376
YGL172W	-2.80248735090227	-0.678607909773362	-1.7330499561837	0.0224735655308072	-0.231429465246028
YGL173C	-2.97358227217011	-1.58578719332478	-0.119931633161012	-1.56131717613878	NA
YGL176C	-0.460203171871155	-0.353015413790124	-0.720767724364555	-1.78907012804154	NA
YGL179C	-2.28134943663636	0.26949812117946	-0.390856514326902	NA	-3.01253080287357
YGL187C	-2.12332971456265	-1.36051521493878	-1.05850033441908	-1.37379529836851	-0.159631828157461
YGL191W	-1.0880878908889	-0.720846371552328	-0.70760363940391	-1.3631763372696	0.119218239837458
YGL193C	-0.274774377950095	0.234504900244488	0.212896147962866	0.992044098655723	NA
YGL194C-A	NA	-0.0848990853715454	-0.741737457723156	-1.21481255568146	0.896064887688397
YGL195W	-2.26360352280554	-1.0677860881341	-1.1031829596088	-0.52414822125268	-1.69977764050376
YGL196W	0.468037193409085	-0.322788098028123	-0.775515198489937	0.396692148659877	-0.454295853578603
YGL203C	-1.36659571916209	-1.90851472064718	NA	-1.00397296896421	-1.13195360369308
YGL206C	-2.40098168765632	-1.40048603941812	-1.85084338827026	-1.40948299972011	NA
YGL208W	NA	-1.3137786958599	-1.38050910781261	-0.0523715887146403	NA
YGL219C	-3.7543795395971	-2.39777948077068	-1.27714622026163	-1.49013874616658	-1.22989412428327
YGL222C	-2.2862734317007	-0.00465046392722111	0.62750306265955	-0.539378086585831	-0.0425824567876268
YGL226C-A	-1.18778552199847	-0.113294590245357	-0.986332618902149	NA	1.4330666291426
YGL228W	-1.66266253211868	-0.190844267825578	-1.12531895230633	0.0173422234571037	0.892444097368548
YGL233W	0.392823115911898	-0.911151179584534	-1.58164197723407	-1.91743518017115	NA
YGL238W	-1.99436632692666	-0.0820300552464897	-0.416990134764927	-1.02130932520721	-0.302155720395081
YGL245W	-1.94319036614629	1.01710031835597	-0.87577317205638	1.27666162770468	1.27941944053839
YGL256W	-0.949638023600401	0.100168188096664	0.729795514412613	-0.663319111681717	0.178939488341917
YGL263W	NA	-3.38034873239235	-0.505842757597867	NA	0.613499833197449
YGR009C	-3.29565829256374	-0.304167253420479	-0.0918899120755919	-0.0184033729101086	NA
YGR012W	-2.70986010922949	NA	NA	-0.814774137525958	NA
YGR020C	-2.21444519080831	-1.39371457222144	-1.97326820535978	-0.753445857003069	-0.291740173498382
YGR021W	1.4303252114054	-0.251785129807617	NA	1.15156932665263	1.31075482141964
YGR029W	0.718845440736484	0.734621755480208	-0.248552257010832	-0.814727692068957	NA
YGR032W	NA	NA	-1.61213847610364	-1.90188088726924	NA
YGR033C	-2.5868700716199	-1.48791188992389	-1.26555300295537	-2.01719060592152	NA
YGR037C	-1.29824408263382	0.126218449917656	-1.16795545897704	0.330701178578801	0.0887933088031467
YGR042W	-1.62998670162453	-0.429042103748182	-0.155825073309063	1.58913978213998	0.349789046871284
YGR043C	NA	NA	NA	NA	1.42840280388797
YGR044C	NA	-1.92991690569841	-1.55931990570608	-2.46277243937319	-0.57335344168543
YGR049W	-1.42662758412483	NA	1.1311231465129	-0.590528650980219	NA
YGR053C	-3.32442852713098	-1.56749566047023	NA	-1.17124021848565	0.531703416608066
YGR054W	-1.60258368847433	-0.482290324765564	-1.27975417413289	-0.987955866966731	-0.282934093256512
YGR055W	-1.78064644279725	-0.453443601141412	-0.461837775301624	-0.357333518256071	NA
YGR056W	-1.16110264736985	-0.377366639792353	-1.25206645138697	-1.68069166993385	NA
YGR057C	-1.17632191074262	-0.490117151354246	NA	-1.39939376364846	-1.30768463699609
YGR062C	-2.14438203420324	0.333060233803911	-1.03462446027958	-0.216620226520653	-0.707263663818223
YGR074W	-1.28284740934372	0.621959765978568	0.148948211803063	0.574648161084044	0.457739159606814
YGR075C	-2.61761475597455	NA	-0.565984636352279	-1.56107040456547	NA
YGR078C	-0.198434208150303	2.51478297612369	-0.15838024784918	NA	1.75218341605706
YGR084C	-1.51065328239968	1.93678044250018	0.861831534029034	0.357259447364748	1.58787059756613
YGR085C	-0.804197810176271	NA	-1.41916970412362	NA	NA
YGR091W	-2.39032846658547	-0.680105007298248	NA	-0.830576562586499	-2.03725015456125
YGR094W	-1.70173485509923	-0.703636012775298	-1.54969735617496	-0.843376020691596	NA
YGR096W	0.406799175693051	NA	-0.44244587400826	-0.527760989839169	0.956212402347149
YGR098C	-1.18757344086613	-1.3864103881381	-2.23199882442868	-1.4921138627726	NA
YGR104C	-1.59336003323623	0.0331742487524846	-0.269673857864598	-0.903708460146345	NA
YGR106C	-2.61767634210803	-0.996649273241378	-1.28994734391926	-0.173953046125372	0.461105333625357
YGR110W	NA	NA	2.81323371920562	3.46843743232226	NA
YGR116W	-1.74199109508156	-0.900639499894858	-1.41078674474063	-0.668267060407404	-0.345292330958403
YGR119C	-2.50830560710911	0.303206576228785	-0.6309716638203	0.611485276728848	NA
YGR120C	-2.32629924148468	-0.648898179811486	-0.529739146280476	NA	NA
YGR124W	-0.0895360279456998	-0.401468799356038	-1.97399268240248	-0.219577661264646	NA
YGR125W	-2.31213947262868	-0.0817002958587186	-0.254663918868849	-0.850147745427089	0.662669126391352
YGR127W	1.03907031100611	0.199972400894876	-0.0831538453500616	-1.66163711444826	NA
YGR130C	-1.97094435068791	NA	-1.95930041539415	-1.16241643374092	NA
YGR131W	0.920457771250501	1.82425523429004	0.575636076919956	NA	NA
YGR136W	-3.0292166010377	-1.40920098780027	-2.17134214057798	-1.45411031112016	NA
YGR141W	-0.191657777744791	-0.159082941765179	NA	0.179531736770647	NA
YGR142W	-2.34758882778379	-1.5062559790427	-0.553326815684057	-1.34399670122443	-0.367615423004873
YGR147C	-2.37421105550321	-0.860221613887665	-2.57611833152166	0.214978861645977	NA
YGR157W	-1.49991428581499	-0.201335994725494	-1.23762272082744	NA	NA
YGR161W-C	-1.83117904314379	-1.97840398801772	-0.880029387727468	-1.04343132352009	NA
YGR163W	-2.86127139573635	-1.78864495412754	NA	-1.71221062248337	-2.57394479411856
YGR167W	-2.27521244862312	-0.66983582597409	-1.86710079002576	-0.88420435788388	-0.491721723679275
YGR168C	-0.598762825189675	-2.08516380156227	-1.24586145144615	-2.16685687015583	-0.917023340764478
YGR169C-A	-0.578072814374335	-1.55292757995856	-0.17685099783098	-1.38983153680123	NA
YGR170W	NA	NA	0.618706617406919	-1.00551368863708	0.475276872424752
YGR172C	-2.57584033579695	-2.37251510151043	-1.38643212710629	-0.68108745392846	NA
YGR179C	-2.33059077907867	-0.969264781216777	-2.06108535041608	-2.32299017582223	-0.0183432560912673
YGR180C	-2.96979983974453	-1.83220405584682	-2.37180829499362	-1.86547399735735	0.180419124801498
YGR181W	-2.19206057594776	-2.13708479045882	-1.51344656987418	-0.787454794693584	-0.53771791906903
YGR184C	-2.22336173203052	-2.22781980384748	-1.12697109623688	-0.232913318865038	NA
YGR185C	-0.560373774272852	-0.0972982822430893	-0.387070691209681	NA	-0.290720411117824
YGR186W	-1.49960078674083	-0.762148272206285	-0.477424841172169	0.862549744601638	-0.333458537358189
YGR192C	-0.917256329999899	-0.0566777535123386	-1.18788846114525	-0.230219917302931	NA
YGR198W	-2.03528875169586	NA	-1.62808754644932	-0.520915890138576	NA
YGR199W	-1.44131367496405	-0.0509971031557595	-0.617800623094673	-1.65624376228612	NA
YGR200C	-1.63314835491292	-0.27464032086469	NA	-0.509159745405059	0.350628019928744
YGR203W	-2.00725940260596	NA	-0.560661077524062	-0.81265188215701	NA
YGR206W	-1.04886441657728	NA	0.194903690972659	NA	NA
YGR207C	-2.19480437771582	-0.462804202456269	-0.712333421596506	0.132037515131495	NA
YGR208W	-0.973493326714576	0.11152700513419	0.189054668928332	0.827716050048439	0.52586386772567
YGR209C	-0.638377922417606	0.0294988250771184	-0.671193838628865	0.412460776349454	NA
YGR210C	-1.14876359631277	-0.817299055342905	0.126250579817664	-0.21819453232256	NA
YGR214W	-0.673665753076348	0.300363027883364	-0.990989507310553	0.561709543964292	NA
YGR218W	-1.40681947873678	-0.608482746652066	-1.93983247344136	-0.799338934049626	NA
YGR220C	-1.70030384989533	-1.27558910178841	-2.17971062764556	-1.84045242060187	-0.90265436096038
YGR221C	NA	NA	0.65456976716002	-2.45807546647323	-1.50548475355402
YGR222W	-2.31456384852842	0.431735032838109	-1.26409375545504	-1.21159794635027	-1.29784951334448
YGR231C	-1.69381101211671	-0.269012161157584	-1.42526674985499	0.716279432863742	NA
YGR233C	-2.51507915316143	-2.19771040280687	-0.97650823707899	-0.447276979438591	NA
YGR234W	-1.51180802301524	-0.677698512333226	-1.67558545514284	0.0376782302180826	NA
YGR235C	-0.338661926426267	NA	-0.423209813339641	-0.372102661223888	NA
YGR240C-A	-2.21419693685807	0.00352099167317431	-1.3595921191419	-0.750511790567817	-0.832606754466233
YGR241C	-1.72779650365836	-0.326152424224039	-1.24874803524329	0.183491863117845	-1.13659377214702
YGR244C	-0.111254062118814	-0.2763387377591	-0.395879904548862	-0.752673548038743	NA
YGR246C	-0.898773664503219	-0.650836623546719	NA	-0.379383899450868	NA
YGR247W	NA	NA	0.629927262403603	-2.36667393800809	NA
YGR250C	-1.61447045903541	-1.38025602030663	-0.273827320999231	NA	NA
YGR251W	0.397392083990675	NA	-2.26693891679534	NA	NA
YGR253C	-1.24953807696013	0.486470345372347	-1.16872839861972	0.695299817171467	NA
YGR254W	-0.118854578567728	0.592893884150162	-1.10716759854222	-0.266254157636613	NA
YGR257C	-1.57280460306347	-1.27158933973243	NA	-0.0795653914585212	-0.27003165431811
YGR258C	-0.955713747330555	1.32140931011992	NA	-0.333706249111741	-0.318423472842801
YGR260W	-1.95278267202495	-1.0612085108944	-1.40924129395965	-1.74131120623035	NA
YGR263C	NA	1.60330678283682	NA	2.30140459535997	NA
YGR264C	-2.4837730769899	-1.23219374390537	-1.26740241057792	0.180198977295587	-0.224724813942139
YGR266W	-1.25667419723183	0.64706782845526	-0.529074818260884	0.114100125434547	-0.305176092178503
YGR267C	-2.6256175364536	-0.646296928914648	-2.17815336695582	-0.69166492865969	-0.508154362723961
YGR270W	-1.87176954774312	0.658081555029745	-1.52957157687136	-1.87077662713329	-1.06136784784893
YGR271W	NA	-1.62642442519817	NA	NA	NA
YGR275W	-1.28556301711505	-1.47313245025735	-0.000451557828863052	1.19706495526505	NA
YGR281W	-0.364747240205028	-0.0337363058412404	-0.653995521134783	-0.0475368230085999	0.404056111532774
YGR284C	-1.44203144736963	-0.287968178957202	-0.717815719607785	-0.988002041114045	NA
YGR285C	-1.87412622316855	-0.293007220906773	-0.93595998978075	NA	-0.395793601186406
YGR288W	0.178288260851719	NA	0.0805905960460436	-1.58403661495953	NA
YHL003C	-2.14747153897582	-0.787900112190197	-0.918519034991166	-0.820665855379918	NA
YHL004W	-0.811420970885096	-1.59819941265596	-0.52648855368393	-0.599438155724131	-0.673445286441615
YHL011C	-2.54117841488462	-1.91257286087637	-2.19774095364189	-1.16343254195363	0.0788431070204285
YHL015W	-1.32324513722563	-0.208982592346735	-1.09203855531932	-0.360192037615174	NA
YHL019C	-1.46293746096721	NA	-0.480755810657143	NA	NA
YHL021C	-3.42268226261244	-1.69222883322018	-1.33723930565856	-2.26207206455094	0.239082776766889
YHL027W	-1.44809546978312	0.330660451372976	-0.614019884938659	NA	NA
YHL029C	-2.48379594865866	-0.774519463664787	NA	-0.894294129950784	NA
YHL038C	-2.10116126214671	-2.35955859462281	-1.31324252927706	-0.949552338769566	-1.19768643111999
YHL039W	-3.54316025362698	-0.624086412670091	-0.913228341759974	-0.707906290129859	NA
YHL040C	-0.826121552436303	NA	-1.2634060441235	-1.92278002051531	-0.582414171085735
YHR001W	-2.24148413436082	-1.9179426090553	-0.847629288667698	-0.457382406921394	NA
YHR002W	-2.99026280265753	-1.83174552380395	-1.50161821929069	-2.12836943347514	-0.644118253288442
YHR005C-A	-1.36798475877054	-0.779713940440948	-1.37652656362844	0.631894968951606	-0.0278413180123368
YHR008C	-1.51432556396238	-2.20790917033091	-2.39612851176954	-1.75634163672867	-0.164095995582958
YHR010W	-1.30548266174328	-0.555657805570789	-1.02906469624673	-0.076992910214938	NA
YHR012W	-2.14564595972765	-0.825540117891138	-0.466287570358839	-0.808500914363466	NA
YHR020W	-1.06136433370084	0.40130247304989	0.299316600216729	-0.060042525821448	0.168443920680433
YHR025W	-1.55805383873679	0.709617523720863	0.623862036356679	-0.622482142765387	NA
YHR026W	-0.163117179166158	-1.23747448556001	-1.97676577919206	NA	0.286399483199455
YHR027C	-1.42156257523698	-0.744062978882059	-1.70370695618403	NA	-0.351067373558749
YHR028C	1.20032165988866	0.0295040324931829	-0.150614913813073	0.03273679985048	NA
YHR029C	-1.97328329662937	NA	NA	0.967119229766263	NA
YHR030C	-0.518658349821574	NA	-0.988753456759897	NA	NA
YHR034C	NA	NA	-1.13961230497607	-2.26444869295196	-0.449668202060408
YHR038W	-1.98872000812749	-0.289675221061718	NA	-1.06247224926256	-2.23086992097852
YHR039C	-0.766323664569983	-1.24517609836565	-2.0471495170924	-0.7877347255702	-1.69858347420435
YHR039C-A	-2.34242001509921	-1.51966129216172	-2.12458351420742	-1.21153392490149	-0.114440090831629
YHR042W	-1.59448194144464	-4.64099544940715	-0.910219815353638	0.01096988252959	0.854739520867038
YHR045W	-1.58675963936572	0.428378809536365	0.0247686196576097	-0.830768389885146	0.552134558565952
YHR049W	-1.88551357533472	0.225625436186109	-0.108047607340828	0.245979622191492	0.715708088591153
YHR051W	-2.88212637984276	-1.64224171531933	-2.04046370062673	-1.25867345143644	NA
YHR053C	-0.699527994885963	-0.0904309469018558	-1.25039423114896	-0.292540831654348	NA
YHR054C	-3.41302334779393	-2.41451410989629	-1.6914036157797	-1.85424492167823	NA
YHR055C	-0.853967431681783	-0.244870384259778	-0.893979609151622	-0.446980262475228	NA
YHR056C	-3.07972558607214	-2.08121636355864	0.416896399320736	-1.52094717962423	NA
YHR063C	-2.36036082015239	-1.32335528522392	-1.27504974109513	-0.900742047570884	0.175426960899645
YHR068W	-1.02058263816694	-1.1289023422448	-1.61853364940143	-0.691016310516934	-1.18850462521562
YHR071W	-2.46064231156808	0.200506119665817	-0.690847515155624	-0.801841238321871	NA
YHR072W-A	-1.0959518678022	-0.228731523390581	-1.3174269897028	-0.376684989098028	NA
YHR073W	-1.72846179545364	-0.263840620457771	-0.218733179078297	-1.25875443101704	0.452798292945097
YHR074W	-0.961071171340448	0.136718590330455	-0.405500847370191	0.414827981965484	NA
YHR075C	-4.30647105842883	-2.79910808311868	NA	-0.988186314438748	NA
YHR076W	-2.11933837891842	0.033594449061519	NA	NA	NA
YHR082C	-0.939669259086615	-0.583678904037906	-0.549741686186669	-0.910063568793816	NA
YHR083W	-0.189268214565992	-0.534338029659474	-1.5528729752461	-0.176897274374164	-1.32264723953585
YHR085W	-1.41614919114296	-0.665465369733922	-0.673220258894806	1.05572985694643	-0.452573013033108
YHR086W	-3.71855412788822	-0.0915036551201761	-2.04117896245582	NA	NA
YHR087W	-2.13649086320277	-0.238474826054341	-0.449252634877237	-1.60004638252596	-1.25739234962029
YHR089C	-1.99835007480696	-0.934768712561629	-0.788204247922766	NA	0.802017692174686
YHR098C	0.184414522579458	-0.216137191992353	-0.384059791103714	-0.121644601788886	-0.283417432860676
YHR103W	-1.21510197425516	NA	0.355234972328988	NA	-1.53368467453843
YHR104W	-0.608402357103162	-0.270851877515658	0.0689597848833837	-0.457989774271722	1.76618673628003
YHR107C	-2.75376230249551	-0.472731583179675	-1.21214786132489	-0.335769658923837	-0.816560002555013
YHR108W	-1.66021976626418	-0.390587518358266	-1.11539723017577	0.200351918964141	-0.949479777957201
YHR110W	-1.30732200127552	-0.554595677412727	-0.741753142614081	0.167509404810499	NA
YHR114W	-3.2075904328529	-0.754339498998439	-0.890279510223046	-0.10933607434845	NA
YHR119W	-1.49040581783974	-1.06914268694737	0.0930548936621755	1.34855589065672	NA
YHR120W	-3.57882049993682	-1.74890376228127	-0.31726124478029	-1.95565882760959	NA
YHR121W	-1.52439319523081	-0.820182794386863	-2.06873236358242	-1.68751945785888	NA
YHR129C	-2.07803164357625	NA	-0.0129993478684665	-0.0489763657239121	-1.84814187128833
YHR135C	-1.5396346376221	-1.4009964730073	0.323275188811248	-0.588719135898534	NA
YHR136C	-2.71313146019741	-1.54138756211756	-0.847400591452771	NA	NA
YHR137W	-2.5513781921177	-0.265632479086397	1.56469067566538	1.35498689824972	-0.743779733796211
YHR141C	-0.73100526626822	-0.301656710846161	-1.36515333392321	NA	NA
YHR143W	-1.62881659978038	0.60934449764211	-1.12855155857522	-0.00970536917934238	0.697431975665706
YHR143W-A	-1.51908485954514	-0.225308221665479	-0.776402069532039	0.235755400700673	0.293705725707734
YHR146W	-2.34912257669121	-1.71021223458481	-1.28682349878075	-1.01932378686717	-1.21530133853833
YHR147C	-1.36197799938056	-1.15389169976747	-0.811227514104522	0.654970193944776	NA
YHR156C	NA	-0.987889028404395	0.744048342840772	0.161927034990554	-0.586094302063791
YHR161C	-2.84121707380311	0.479986406468417	-1.12495154816236	-1.08238803752283	0.253086754642446
YHR162W	-2.13425409296203	-0.636571869204222	-1.87634581202187	-0.591750603715859	NA
YHR163W	NA	-1.70908003353565	-0.966218859767988	NA	NA
YHR165C	-1.88300670867134	-0.222093898265298	NA	NA	NA
YHR166C	-1.26695641684043	-1.21274942178989	0.339106022269272	-0.90878525111037	0.528254342752293
YHR167W	-2.41929541697278	-1.67533004044437	-1.31406685658263	-1.70286063629122	NA
YHR171W	-0.418161399032266	-0.936300591435825	1.36044866801972	-0.500050396054785	NA
YHR174W	-1.17933974110439	-0.227290197892559	-1.43136512414835	-0.451214325235435	NA
YHR179W	-2.60714399512517	-1.69361827752501	-0.796579406671667	-0.506258543941021	NA
YHR181W	-3.37216210687294	NA	-1.10090112899448	-1.68306198884728	-0.480761027674519
YHR183W	-1.95149406921162	-0.623057523188032	-1.54846531153822	-0.220563609431588	NA
YHR188C	-2.68151603654397	0.624400056818635	-0.516791659214949	-1.76150049369155	0.184028623722488
YHR190W	-2.2909736196238	-1.73966567500755	-2.41704402119267	-0.470910718597127	-1.42923831549559
YHR193C	-0.913964950082879	0.677359542934357	-0.5505545359875	0.622080534893574	NA
YHR198C	-1.75502549587385	-0.217900925055978	-1.18599840602883	-1.22246928518445	0.495237723723834
YHR205W	NA	0.757131187075556	NA	-0.272412231213103	NA
YHR215W	-2.14526366516021	-0.648292827586487	-1.85231308200171	-0.880395748387612	-0.301602276760263
YHR216W	-2.1844024919729	NA	-1.6489748475172	-0.682471193177653	NA
YIL002C	NA	NA	NA	-2.92331811925769	-4.09211063250112
YIL005W	-1.40132481196533	-0.901782667374601	-0.772099768748832	NA	0.652636153935844
YIL006W	-1.47779783095143	-0.536064787751719	-1.21187236833298	NA	NA
YIL007C	-2.7282737077135	-1.9803216170393	-1.68035034998175	-1.76914370241421	-1.78082310184628
YIL009C-A	-2.45465845281022	-2.30442431078637	-2.14599996986188	-2.34743337129786	NA
YIL009W	-0.645901946461209	-0.0530049413507772	-0.136748396003757	-0.0839457022389271	0.3148932809737
YIL021W	-1.21073215836979	-0.28983662449066	-0.658620333077205	-0.00886264811307057	0.19306641514509
YIL022W	-2.11208327135419	-1.98726693898634	-1.42629250595761	-1.79328447074482	NA
YIL023C	-2.59596214271585	0.165798700102821	-1.27856017943995	-0.706343806563937	0.219692022447772
YIL027C	-1.36324091734612	-1.209208664061	-1.33949179196334	-0.958782290040806	-0.158010363929167
YIL030C	-1.57924703000849	-0.442164385827113	-0.92511452693667	-0.666389478165157	NA
YIL031W	-2.29183919175383	-0.452611483293639	-0.750972172321811	NA	NA
YIL033C	-1.43919348805325	-0.783632608369965	NA	0.33716277645353	0.964766764530598
YIL034C	-2.62387097457948	-0.736755299199842	-0.693351544811548	-1.0992505792108	-0.122566105205461
YIL035C	-0.420656353739785	0.579726226434419	-0.290510299709927	-0.186654103729305	1.09522975680304
YIL036W	-2.84383771824092	-1.1793874179569	-0.852089807210469	-0.451727257074352	-0.527535458217061
YIL037C	-1.41455297526887	NA	-1.90711471441244	NA	NA
YIL043C	-1.83412355227088	-0.0644336970257337	-1.87836783571307	-1.8006413393229	NA
YIL045W	0.771803645834753	0.679380507468066	-0.64919782530169	0.897892758666882	NA
YIL048W	NA	-0.726146384179812	-2.65222089985437	-1.07843475883475	NA
YIL049W	-1.38710459474097	-1.67586448364323	-1.52835900855357	-2.30959127932859	NA
YIL051C	-1.49708046466301	-0.836912452646323	-1.67699775720146	-0.120590012260557	NA
YIL062C	-1.09763028538298	-0.479913903727727	-1.37441290624742	0.515282408752854	-0.546118690390946
YIL063C	-2.61093337850695	-1.39534274732567	-2.18928608885867	-2.64295739943453	NA
YIL070C	-2.78873382459283	-1.38795230521862	0.616790351959446	-0.990819887480064	NA
YIL071C	-1.57629753833304	NA	-2.70563175002942	-3.41548395212043	-0.199634783719251
YIL075C	-0.466137058111236	-0.45504565503844	-1.25092315057842	NA	0.649816259339282
YIL076W	-0.869040018465658	-1.87821030683366	-0.943832040030271	-0.286379214557466	NA
YIL087C	-0.464660876431145	-0.840508239013967	-1.29011268054037	NA	NA
YIL094C	-2.48967201617044	-0.991959320913782	-1.93583073046174	-0.20157645923269	-0.488001882071008
YIL097W	-1.87949520449233	-0.168811278071327	-0.743977175492299	-2.20838158763295	-1.10153317443701
YIL100C-A	NA	-0.344609794847058	-1.13391216280851	NA	NA
YIL105W-A	-2.32298971971141	-1.73316962172225	NA	-1.24172801284279	NA
YIL106W	-1.25552197036431	-1.80790988244429	-0.493101573133443	-1.0267549993295	0.53283123222823
YIL111W	-1.50479987939374	-0.110684904930003	-0.588664773789856	-1.57008879773158	0.720457408128726
YIL113W	-2.49862262870858	-2.02884497435924	-1.84843978768478	NA	NA
YIL117C	-3.46521774997849	-1.7558685340514	NA	-2.92988569151236	-0.945207991221705
YIL123W	-1.93016575331297	-0.862280680286972	-1.0964304676488	-0.506717957836376	-0.293102482046655
YIL126W	-0.76189514126179	-0.574169639295093	-2.02562186146922	-1.59014198388151	0.255759087099371
YIL129C	-2.32559810166588	-0.353181672673632	-1.62953688560886	-0.516427512947781	-1.57288219934336
YIL130W	-2.25414264642425	-0.531778034084902	-0.0875235683927446	0.0811695819084617	NA
YIL131C	-1.28845999890508	-0.760175737281388	-0.564182216419068	-0.903587528230488	NA
YIL142W	-1.1333884531906	-0.639936806766719	-0.667064570608395	-0.404660960758993	0.813111149240373
YIL147C	-1.33843282501196	-0.580099865424941	NA	NA	1.45272183941722
YIL148W	-1.47838998472308	-0.59577172078036	-1.68502335254271	NA	NA
YIL157C	-3.61873389808358	-1.51554698597664	-1.80173167037643	-0.0944171586901433	NA
YIL159W	-0.28879466833483	NA	NA	-1.23859456793121	NA
YIL161W	-0.952742359059725	-1.5085292907342	-0.631241954111051	-0.866348984948721	-0.336657212198756
YIL162W	-0.562701840462358	-0.587757066210464	-1.02569139359316	NA	-0.834979770449352
YIL165C	-0.374944877896269	NA	-0.278546743795253	-2.23715856670725	0.410865338760705
YIL170W	-0.776245890269797	0.628262349040729	NA	0.216969310505007	NA
YIR008C	-2.74651796629558	-1.93992031239389	NA	-3.04545736997767	-0.22820407316093
YIR011C	-2.44098250466487	-0.691815936007084	-1.6215999497288	-0.816829647192885	-0.382279455727054
YIR014W	NA	NA	-1.32552706594903	NA	NA
YIR022W	-2.13767401346855	-0.881993607114014	0.517437318442575	0.298174062120654	NA
YIR026C	-1.85012396131556	-0.771959055967341	-0.305982015310453	NA	-0.635445658062366
YIR032C	NA	NA	1.94894334935823	-1.69105538683737	NA
YIR037W	-2.18686180534246	-1.11335836077376	-0.650523945177495	-0.471256383994795	-0.435523913465667
YIR038C	-2.17188390178001	-0.791881051737455	-1.17851643327917	-1.03839123278733	-3.01940844151265
YIR039C	NA	NA	0.229514821638331	0.00711119015944927	-1.32033856288643
YJL001W	-1.60102763224271	-1.07136754918323	-1.08431970393591	-0.497682584589965	NA
YJL002C	-1.36866622543514	0.223008155105545	-1.78882967359321	0.803748452808665	NA
YJL003W	-0.486860263921371	-1.07771953610331	-0.112918903371609	-0.962063461480937	NA
YJL005W	-0.607172184218541	-0.373602113157033	-0.195138312425877	-0.0213364284741664	NA
YJL006C	-0.981859626715239	NA	-1.07488393715475	0.716449572113771	NA
YJL008C	-0.234377031634654	1.49805067762971	-1.08745114215858	0.377331692469714	1.23428568424598
YJL012C	-2.14069087526453	-1.76549032670658	-1.64327869498204	-0.599950171005776	-0.0199107521797095
YJL014W	-1.8329697911079	-1.02231862353092	-1.38403174880407	-1.38139922685677	NA
YJL029C	-2.30592103088803	-1.69924473646365	-1.1847817890041	-1.19330162306952	0.131599819417411
YJL030W	0.203352917885001	0.069344988134421	-1.2445859498194	-0.725387150103451	NA
YJL033W	-1.51744001780213	-1.26005087784384	0.258349841405408	0.2648012251821	NA
YJL034W	-0.376427761770646	0.071501243451181	-1.54544258540083	-0.19504347638555	NA
YJL039C	-2.20158247927792	NA	-1.27693285944314	-2.37374320161681	-1.48693508403814
YJL046W	-1.96102423465269	NA	-2.29092889898906	-2.82929268001596	-1.30506911986412
YJL049W	-2.98656951174	-2.654985035881	-0.60570629140204	NA	NA
YJL051W	0.0502032853356371	0.645056606463737	-0.90578636044505	-1.02908595555789	1.02089075807256
YJL052W	-0.899351464957167	0.00466459390853677	-1.57170142582073	-0.70780769449124	NA
YJL053W	-2.36656448338662	-2.04299372843383	-0.857571714134383	0.0607091105887081	0.473571686117945
YJL055W	-0.758052491816021	0.717255385733213	-1.00864463881492	0.412974612195291	1.16554789406246
YJL057C	-0.826532705577214	-0.786646082859504	NA	0.545439238888345	-0.0668176847866192
YJL060W	-1.36760742009511	-1.54723345308743	-1.16714046770553	-1.15561702503711	-0.917808262723086
YJL061W	-0.948808498587458	-0.194785542335716	-0.809476930808817	-1.63862413615393	NA
YJL062W-A	-1.89386223429186	-0.815425610594577	-1.48635281519135	-1.05881163723038	NA
YJL065C	-2.64251503476891	-1.09523052303106	-1.16352796765563	-0.856427885181738	NA
YJL066C	-0.0885484718468294	1.19285955643882	0.315044136854138	0.213532143012659	NA
YJL079C	-0.844644921602511	0.108683353408174	-0.683823154513888	-1.66470224097838	NA
YJL083W	NA	NA	-2.15955283561781	-2.40168414777553	NA
YJL085W	-1.17016411372177	-1.48182204052556	-0.287062021527516	-0.540265697896854	NA
YJL093C	NA	-0.412120971528359	-0.0426535627739133	NA	0.0701957247814906
YJL094C	-2.18265648173617	-0.0697749746446622	0.386456761728131	0.0711034102340325	-0.205817274357262
YJL104W	-1.8610381188677	-1.13186662584783	0.573835130246166	0.0108270724659657	-0.1301969113509
YJL106W	-0.314344608297098	-0.142427403874614	-0.527976064240487	-1.54928794057573	NA
YJL111W	-1.29045546643841	-1.33886364374778	-1.65756676419952	0.825402994186776	NA
YJL123C	-1.52576508815865	-0.645558791079929	0.575021032440768	0.133963704180221	NA
YJL127C-B	-1.98466771347221	-0.113944669006821	-1.88066314066202	-1.12570315068978	-1.13917225380517
YJL133W	-1.99071194962244	-0.730504292393878	-0.730469698139967	-0.355481791674779	0.0236504409644979
YJL134W	-1.30973605764948	-0.496800282729897	-1.22280266451959	-0.612023883621005	-1.27364193353245
YJL136W-A	NA	NA	NA	0.657535739740745	NA
YJL138C	-2.11828792443527	-0.780157226972836	-1.57369518504093	0.0541714792194584	NA
YJL141C	-3.628861592318	-1.52682240913572	-1.48893729177981	-0.379630972469307	0.509260696774295
YJL142C	-3.66358390786834	-1.4403632610606	-1.45762689000848	-0.425069784346748	0.854941495939953
YJL144W	-2.420661356783	-0.695954087123437	-1.54665597822069	-1.67969980803963	NA
YJL149W	-3.23521771728444	0.548942889067484	NA	NA	NA
YJL151C	-1.34245180254177	-0.9011545795179	-1.46423516539175	-0.639631727712165	-0.514170818705619
YJL158C	-2.4709807809308	-2.2202122761728	-2.56677160029009	-1.08565633443159	-0.420219673684221
YJL159W	-1.76780501027173	0.55069344213015	-1.28243869591369	0.171153441009747	-0.608963758188974
YJL161W	NA	3.10619222239765	3.29280211787478	NA	NA
YJL166W	-1.78443932550736	NA	-1.14464353198345	-0.795465900175856	NA
YJL167W	-0.915457592713226	0.0651156719738139	-1.12168996613504	-0.439015267504497	-0.256896966979854
YJL172W	NA	-2.21240349572055	-0.146905365064422	-0.634835428088764	NA
YJL173C	-2.53903405137092	-1.32358845371571	-1.16464388833177	-1.52448368972801	-1.81978344342791
YJL174W	-1.21164213028892	-1.51544584768103	-1.19666131902044	0.136889519774719	-0.260954829089635
YJL178C	-1.19965347085946	-1.07845144581385	0.484608706329225	NA	NA
YJL183W	-2.67367987351518	-1.48258138869685	-1.14748715764734	-0.272515901190892	NA
YJL184W	-0.480319133496561	0.667822662881885	0.253411251129094	1.01755216428787	NA
YJL186W	-0.869470041134864	NA	0.0554250039620072	0.121686801150687	NA
YJL189W	-1.35069999032041	0.377558174144547	-1.03339617352573	NA	NA
YJL191W	-0.613571715206228	-0.572010791726692	-1.78916603020808	NA	NA
YJL192C	-2.66901224596796	-1.25655822885212	-1.51323908953337	-1.31127365273462	-0.856933629912773
YJL193W	-2.5784458995119	-1.98275790207435	-1.12578805408122	-0.307672463300585	NA
YJL196C	-1.41314045365616	-1.00864298933191	-0.533321994614265	-0.582884855787213	NA
YJL199C	0.488210218467541	NA	0.922693136652694	NA	NA
YJL201W	-1.14052431212474	-1.94505856835813	-1.57430599454834	-1.33720303897415	-0.506713996424979
YJL205C	1.03885631150549	-0.151682448435284	-0.608416735643998	-0.976292449004367	NA
YJL210W	0.24707740297296	1.0820259155302	0.272811317140135	1.97420365822038	0.175561118973854
YJL222W	NA	NA	-1.84420424200818	-0.715749998269206	NA
YJR001W	-1.53605483267034	NA	-0.386641704215158	-0.0129363488929892	0.419119163071912
YJR005W	-2.10746540447846	-3.02297101489625	-0.987882608180169	-1.10124125794117	-2.13090097988321
YJR006W	0.552112606296669	-0.0675657771801942	-0.288864506237435	-0.120000433467716	-0.0726362428704999
YJR007W	-1.55725761506569	-0.272082853430512	-0.89648689679714	NA	NA
YJR013W	NA	1.20637213735505	-0.123465359461127	NA	-0.399829352083464
YJR014W	-2.29882901775719	-2.04808137030141	-1.71520154278253	0.0730968278565686	NA
YJR017C	0.970472423269403	NA	NA	1.63935387861583	-0.309858735589385
YJR021C	-0.452453495039328	NA	-1.40526605283233	-1.6492498990572	NA
YJR023C	-1.08379047493109	0.439603185537952	-0.655942619806248	0.430240004543559	NA
YJR024C	-1.97069224671513	0.37095469156605	-0.252500865578083	-0.323467668933793	0.382099095766799
YJR034W	-1.51135637198599	-0.0857976149762727	-0.0071255482128655	0.0786445307463828	0.91783341899438
YJR036C	-3.07835159127302	NA	-0.182931635594171	-1.86682038489261	NA
YJR044C	-2.57333428309919	-1.88179611413936	-1.63640331245055	-1.16266714611419	0.00264095553956336
YJR045C	-1.8399982671397	-0.730213581169718	-2.1522330653752	-0.853367550483742	0.387745663014591
YJR046W	-2.38509153839106	-2.88265400055107	-0.942637751921196	-0.659259040385701	-1.67612095380839
YJR050W	-2.6142317883663	-0.817334261038697	-0.123889429176336	0.879388571682335	NA
YJR058C	-1.22055830084819	-0.901353723727964	-0.686020427980738	1.28027319903982	1.20988124928324
YJR063W	-1.69869326119458	0.0324294625565256	0.245668629292563	0.918865956011014	NA
YJR064W	-2.22328104912194	-0.31469728644508	-1.91301202475097	-0.447903227833931	NA
YJR065C	0.377761637803348	0.446252204353562	0.228597722809893	1.23632230381352	0.178646339549395
YJR067C	-1.35582172793466	-1.2915071648972	-1.35525664148723	0.137628609325329	-0.00189304352435502
YJR068W	-0.768990071570042	-0.0360593369895864	-1.74330809912329	-0.387078744234703	-0.680594078984532
YJR074W	-1.20470464857837	0.847240076543562	NA	0.108801935940033	-1.83923666288374
YJR085C	-1.22612414904983	0.880221165573723	-0.167218651373164	-0.65085185906902	1.11700303033291
YJR086W	-2.65746528059942	-1.33901189674686	-1.44713102525854	0.328688867137866	0.0735211106294805
YJR087W	-2.01233571268906	NA	NA	NA	NA
YJR088C	-2.63621400206466	-2.61790792272598	-2.73414452920555	-1.39080812793704	NA
YJR093C	-2.32250538047036	-1.06101692835533	-0.71975386754383	NA	NA
YJR096W	-0.248769646152993	-1.22079324984461	-0.0139207099383897	NA	NA
YJR104C	-1.45991127377497	NA	-1.37549608005555	-0.124582596504819	NA
YJR105W	-1.23068813846271	-0.074766516211777	-0.853796603088473	0.22793142628701	0.538932049371962
YJR113C	-0.634745395998027	NA	1.41915582995199	-0.273718090981325	NA
YJR117W	-2.52173025628331	-1.995336867102	-2.0633680604516	-1.44363306546478	-0.97352646037634
YJR121W	-1.6385452545271	-1.9815444913935	-2.24662245181166	-0.880506458940656	NA
YJR124C	-0.109660094363126	NA	NA	-0.568357244003521	NA
YJR126C	-1.64560377964766	-0.829333256101634	-0.646728255293087	-0.408801192752796	-0.440236366492094
YJR132W	NA	1.86936566015972	1.06370344426678	0.128918658047667	NA
YJR135W-A	-0.244299705107439	0.456162795652851	0.0930929859395703	0.0146959872844772	-0.369000799583345
YJR137C	-0.313054699525599	-1.78561232355095	-0.416693108237956	-1.66733502969046	NA
YJR139C	-1.87007064343876	-1.53181002364687	-1.37474758456431	0.265971104428506	0.0521015873258108
YJR143C	-1.19503279329816	-1.19765822381478	-1.57894541924181	-0.505720083712222	0.261848173361803
YJR145C	-1.0221535574353	-0.0244136646201998	-1.6619825895077	NA	NA
YJR147W	NA	NA	-0.00911841939220764	-0.139706377959266	NA
YJR148W	-1.97652422626514	0.260226622485826	-2.2404176531575	-0.900237601420984	0.599018428334035
YJR151C	NA	-0.519144633135628	NA	-1.57935652428791	NA
YJR152W	NA	NA	-1.78259049712489	-3.65722522456067	NA
YJR159W	-1.57273514620546	NA	-1.68424607390634	NA	NA
YKL001C	-0.426538423857908	-2.08119477950781	-1.80241238106343	-1.10804244529387	NA
YKL003C	NA	-0.0193304648342514	0.195601394372901	-0.7822832940694	NA
YKL004W	-2.63140760242373	-1.68903430910876	-2.06816151943277	-0.799925054085515	NA
YKL006W	-1.49680447776952	-0.690580031862803	-1.22723100113113	-0.135288289834209	NA
YKL008C	-0.678747750570691	NA	NA	NA	-0.491788381249335
YKL010C	-1.50907404246045	NA	-0.624996143327404	-0.339338855074241	-0.297258890723498
YKL020C	-3.83589270633924	-1.19121152209796	-2.14855688724401	-1.29066615264132	-0.655651879295411
YKL023W	-0.672321430085798	-1.6710592833486	NA	-2.86765070204549	0.953507535535459
YKL039W	-2.13623662374248	-1.97705270213949	0.646165149154019	-0.0158788706125822	1.18746423982471
YKL042W	-2.23618330993327	NA	0.89038329198099	-2.34775111608809	-0.831885499006311
YKL045W	-1.66746049193586	-0.453038026611851	-0.463439320965564	-0.692449345586899	NA
YKL046C	-3.56252789564638	-0.82025368000609	-1.49857258228749	-2.37385470789559	-0.233714107809645
YKL057C	-2.34500338216462	-1.3986952443468	-0.776088414077053	-0.169213619545275	-0.145273100611461
YKL058W	-0.522982351447023	-0.0314273662251756	-1.609549277761	0.838354078103015	NA
YKL066W	1.6707720609171	1.00502884688343	-0.081589075290427	2.06503041114291	1.42628270847667
YKL077W	-1.76672401317817	-1.32484037275749	-0.623057902665727	-0.213352997783241	-2.22183960646997
YKL080W	-2.53003566323078	-0.115140380282389	-1.91326598856641	-0.758210426592714	-1.66738172947718
YKL085W	-2.91291004689596	-1.9610625761607	-2.19715967119339	-2.16337048165005	NA
YKL088W	-0.055985501656312	-0.255250752983949	-0.374050353593872	0.593456360630331	NA
YKL089W	-2.89153633647343	0.85233216723087	-0.085295460371047	-0.351747436886394	-0.594949779679152
YKL090W	-3.40079745267869	NA	0.60000568501894	-1.22809410812227	NA
YKL094W	-2.00155251253529	-0.917443612972685	-1.49756055289082	0.561954854420755	-0.540117691357807
YKL096W-A	-1.31293710129012	-0.800890292800333	-1.4413681376549	-1.01875186052529	NA
YKL101W	-2.76504169778362	-1.15992003657743	-1.68561524106459	-1.80303304038611	0.724918110194642
YKL103C	-2.3723388835158	-0.761494367184533	-0.800557403750276	-2.02502707834505	NA
YKL109W	-0.772602451874618	NA	-1.89056119069449	-3.25866972298636	0.104946357398208
YKL116C	-0.643555012805296	-0.160810379169585	NA	-0.643628588715848	-0.47041402427271
YKL121W	-2.77877365654143	-0.164111908722979	-2.21907217826408	NA	-0.999841249519862
YKL123W	0.186865806799473	-2.44825895054048	-1.13884288406714	-1.268621017622	NA
YKL126W	-1.67856668217023	-0.283608380220161	-1.90256485969406	-0.434271400982527	NA
YKL138C	-3.22401610444212	NA	-1.75068205362685	NA	NA
YKL138C-A	0.740850752966766	-0.594450725968633	0.198259987981579	-1.21698961184801	NA
YKL144C	-2.27929683291746	-0.692374271355566	0.493804176307066	-0.574470072852637	0.324028514193609
YKL156W	-1.030201994657	-0.104102904075645	-0.693728308581193	0.552972713252462	NA
YKL162C	-0.912144073768029	-1.25340349643861	-1.02626692120396	-0.903412094139618	NA
YKL163W	NA	-0.48168873930108	NA	-1.15115485551065	-0.254210898053197
YKL164C	-2.29882688390964	-1.03414219784214	-1.09592739440356	NA	NA
YKL166C	-2.33353525910059	-1.71818053190068	-0.928411355884291	-1.04411789415599	NA
YKL168C	0.572540908511497	0.108137758391872	-1.8054635402122	-1.28778189708131	-0.501925603072701
YKL170W	-1.49691221851722	-0.78206227361356	-1.25607890624512	-0.34980377310232	-1.45606531292908
YKL172W	-0.54595394359592	-0.527190931769605	0.250926178696891	-0.0996049505857167	NA
YKL174C	-1.83102893564005	-1.17106693049578	-0.587036723167376	-1.25167183846796	-1.78260227201136
YKL176C	0.178311244685614	0.000599736621320484	-0.0132714923910127	-0.0680978831698109	-0.925177757411019
YKL179C	-2.23939849501885	-0.217043490402291	-0.835610763666954	NA	0.0895069928745096
YKL183W	-1.44816840863463	NA	1.86973205605168	NA	NA
YKL190W	-1.07302415866519	-0.345005229805476	-1.45794884992924	-0.681493828403357	NA
YKL192C	-1.09401181535677	-0.378703130971451	-1.15764775895058	NA	0.517732874550835
YKL193C	-2.34907043513078	-1.31223938382425	0.25232123386547	NA	-1.04657665300167
YKL198C	-3.11969183034095	NA	NA	-1.22970820637133	NA
YKL201C	0.743049933524141	0.310311874233169	0.43897729696822	-0.347522683852287	NA
YKL203C	-2.74828115042446	-0.928572355510865	-0.959415446531954	-2.17761122561676	NA
YKL204W	-1.16609513205948	0.613537752287083	NA	NA	NA
YKL206C	-1.84481752851057	-0.812118646883122	-0.347149535984397	NA	-0.289561949457114
YKL207W	-0.145671249112436	0.782705362733206	-0.601629002331787	1.0257968724251	NA
YKL210W	-0.581682991160496	-0.0570388707519541	-0.681478019965677	1.22866845722795	NA
YKL218C	-0.0646645452917518	0.292620958913497	-0.740226644931163	-1.54018753518125	NA
YKR006C	-2.7960514136319	-1.14668440002166	-1.6456290540865	NA	-0.0313484071818518
YKR008W	-1.86801409927961	-1.2168244240885	-0.206971860105812	0.309959158215963	0.993750390352124
YKR013W	-1.9783924084408	0.411575296074376	NA	-1.6554168359562	-0.106700922085439
YKR018C	0.387018102853206	0.37642208122422	NA	-1.83723844983288	-2.56826379411716
YKR023W	-1.43391244656007	-1.84712263269341	-1.20635737050429	NA	-2.13902309571517
YKR024C	NA	0.329899906895972	0.100801350790068	1.0335471761232	0.937163456803271
YKR042W	-1.93303094052572	-1.50422713066138	-1.84970620129599	-0.69448012745289	NA
YKR044W	-2.18518286087385	-1.91353040745295	-1.27716428606928	-1.48374843750553	-2.08772088471197
YKR047W	NA	-1.70480099833532	NA	-0.51863736294867	-0.189813985571051
YKR055W	-2.854916539331	-0.553171979538267	-0.610730218276374	-3.55051167580893	NA
YKR059W	-2.03335432163122	-0.457825549847943	-1.40161163455237	-0.340196385854116	-0.938931244813743
YKR060W	-0.753525650730401	-0.417939779336697	-0.417312766615894	-0.259020988625956	0.396771040137244
YKR061W	-1.8284546817655	-0.537528799846518	-0.372359333507376	-0.047188480605037	NA
YKR062W	-1.11403286912225	-0.879986519923608	-1.28697206799674	0.097654280634212	0.545249912248307
YKR072C	-0.814111807039002	NA	-1.5927355256218	-1.12118574180893	NA
YKR074W	-1.95694250348018	-0.228660772982614	-1.07874858836326	NA	NA
YKR076W	-2.13210223017663	-1.12553739007408	-2.07943679510653	NA	NA
YKR083C	-1.50983148287153	-1.01692091745368	1.04269080819035	-0.774537368930505	1.65033378259411
YKR091W	1.97364236602029	2.78926546299618	1.90166073623115	0.979083020990821	3.2625171072626
YKR093W	-3.0418380199205	-0.870804619757575	-2.80746266362131	-0.550644306779788	NA
YKR098C	NA	3.14666672454362	NA	3.63170105166011	NA
YLL004W	-3.70461049642842	-1.76245263103031	NA	NA	-1.7472138134007
YLL007C	NA	NA	NA	-1.65009365077521	NA
YLL009C	-1.37413032181764	-0.709933501188412	-0.954789320991048	NA	NA
YLL013C	-2.24122243026283	-0.727609591011152	-1.81240205087466	-2.00005931939687	NA
YLL014W	-1.70805861269934	-1.58619027338789	-2.21316067084455	-0.232127205040015	-0.491721792664827
YLL018C	-1.63733895318299	-1.10165736855872	-0.809428420752674	-0.734508815119877	-0.774839063442698
YLL019C	-2.93634747841888	-2.97899618834581	-0.423411135845066	-0.512995391755792	NA
YLL022C	NA	-1.30314861445736	NA	-0.962563816780783	0.203473895462055
YLL023C	0.13977213218337	-0.0943587353217512	-1.20639790380522	-0.114867342353977	NA
YLL024C	-1.46081634744253	-0.906388043541346	-1.65048111627517	-0.90165290979816	-0.521646688117935
YLL026W	-1.31924005802314	-1.35994762627662	-1.71147223140308	-0.418487683992024	0.21514543686461
YLL027W	-1.81800793783987	0.426249349504332	0.41422976662482	0.0423032683488444	NA
YLL028W	-1.71373029766999	-0.834373099582741	-2.77527979532821	-1.90003566382735	0.158946732328782
YLL029W	-0.919518378202387	-0.743756060697464	-0.7669830958869	-0.104063621001266	0.641225861496296
YLL031C	-0.806048204109735	0.0993386639047879	-0.607764560767376	-0.264464861942117	0.791721089576143
YLL040C	-3.28172703749751	-2.51978951543	-1.83156626010978	NA	-0.624341496831034
YLL041C	-3.35745689054586	-1.23597040751615	-1.92113623957158	-2.19018834682803	NA
YLL060C	-0.382352866180165	NA	0.586405428692933	-0.629553412715046	-1.2805224000745
YLR017W	-2.90881993135336	-2.05839379480167	NA	NA	-1.22364993430199
YLR023C	-2.89815942627418	-1.34098728586812	-1.84696236551961	-1.74428936336919	NA
YLR024C	NA	NA	-0.877739678931258	NA	NA
YLR029C	-0.180695135496068	0.169689680732833	-0.370606304186444	NA	NA
YLR032W	-3.68193902370202	-1.44363698608415	-1.36754035552053	NA	-1.82258367699128
YLR034C	-0.772663499420511	-0.109333925080009	-0.512188598628815	-0.568528467120495	0.0475666383003707
YLR044C	-1.56350871676225	-0.958910661314047	-1.37478875057091	-0.00574034102128683	NA
YLR048W	-1.18215466012651	0.00909545312172805	-0.948115605426787	NA	NA
YLR050C	-3.46632744460925	-2.1578057619732	0.275599192262367	-2.20933196401527	-1.70009227200615
YLR056W	-2.56633237083758	-0.785547760445453	-0.995401575223966	-0.357363659123375	NA
YLR059C	NA	-1.95379287787564	-1.81500298723466	-0.831876912455405	-2.3051320520875
YLR061W	-1.73553831289464	-0.34586225422511	-1.65331018945332	NA	NA
YLR067C	-2.24349052617306	-1.84019613345637	0.12663740129911	-2.58513716668046	NA
YLR071C	-2.50187046442063	-2.35064624974048	-1.33874255284218	NA	NA
YLR072W	-1.94902182060131	-1.5529323910682	-1.58505562626096	-1.37679365824089	-1.22483279737578
YLR075W	-0.762943304300896	NA	-1.40198550891483	NA	NA
YLR078C	-0.429379906451429	-1.09033234724978	-1.35429728200249	-0.901692411891174	NA
YLR082C	-2.13606001815081	NA	-1.3329994085148	-1.96235784764443	NA
YLR084C	-1.82860079800361	-2.2338632559315	-0.835351878205643	-0.642842193534886	-0.329324779105998
YLR089C	-1.7940693343365	-0.694655606427919	-1.67357965261617	-0.297246333015116	0.344256836982123
YLR092W	-1.88260303376461	-1.68384788868711	NA	-0.732633478847918	NA
YLR093C	-0.536322755781422	1.17597768341346	-0.957454596108816	0.229592751741563	0.54448482263981
YLR095C	-2.3734573833433	0.0582120759540144	NA	0.039744502056874	0.877484358375007
YLR098C	-3.89722818043505	NA	-2.41398683801077	-3.46268426756511	NA
YLR104W	-0.146160391327513	-1.00584136443694	-1.80892040572214	-0.121529954299993	NA
YLR108C	-1.66451706003989	-0.603516069310721	NA	-0.192619447397472	-0.615615436085985
YLR109W	-0.98083719863592	-0.780783543244968	-1.68431495880001	-0.497281013258815	NA
YLR113W	-1.72841700407185	0.668348769635429	-0.533418427524833	-0.501947043473196	0.23262158359429
YLR116W	-2.22375343434742	NA	0.336704886996766	-0.667473925361015	NA
YLR121C	NA	-1.00620184675908	NA	NA	0.316894266390171
YLR133W	NA	NA	NA	-0.94471819516775	NA
YLR143W	-2.67137508493119	-0.450774021843992	-1.06400493104201	-0.90307701120594	-0.691445444365339
YLR144C	-2.94861536533259	0.970521507828745	-0.964281301176626	-0.390732258733888	NA
YLR146C	-0.640306880109698	-2.34283226104433	-2.2649576603982	NA	-1.18507608802436
YLR148W	-3.49361146781067	-1.95556815294079	NA	-0.489302338275446	NA
YLR149C	-1.36560518922246	NA	NA	-1.81717648297806	NA
YLR150W	-0.365541627297363	0.693582361195786	-0.652827000976529	0.940330377533757	1.32876169661959
YLR152C	-1.56615537820781	NA	-1.61437815101125	-3.47882808252283	-1.72806402043188
YLR157C	NA	NA	-0.659201225329622	NA	NA
YLR164W	-1.03976796085307	NA	-1.19484079564346	-0.432066803356943	-0.431197215672544
YLR167W	-0.949388102870259	-0.245344641740878	-1.17257809164485	-0.00340437835854602	NA
YLR168C	-2.57642987472585	NA	-2.19358064925327	-1.56589069601571	NA
YLR177W	-2.2927293911671	-0.0327462210620551	-1.33554149910491	-2.81462205695672	-2.35988600423858
YLR180W	-0.672160955236171	-0.290652995710507	-1.20793013207912	0.815390786430065	0.787568305460592
YLR188W	-2.4799352648306	-1.85442163563911	-1.11012476155631	-0.947865316805369	NA
YLR191W	-2.57551678656836	-1.29894429288505	-1.87345451594345	-1.04242141816454	-0.376201466299256
YLR192C	-1.65407344397571	-0.556599649755535	-1.57765513039554	-1.31707264094852	NA
YLR193C	1.23672755785212	0.541365697894274	0.797028777081213	-0.940758271055168	0.472446317292615
YLR194C	-0.944692480299718	-4.61126884619043	-0.491781173589972	0.533046228566084	NA
YLR199C	-0.587543401160597	-1.47529360512804	NA	-0.599091601581296	NA
YLR204W	-1.1421046057266	-0.501899893770392	0.0281687492123485	0.111602975221988	0.0565891277901722
YLR206W	-1.76289921056061	-0.115356282662522	-0.773582051613978	-0.139674583095477	0.586245044851203
YLR207W	-0.963278067737355	0.27788799195299	1.45086055312118	0.0709855119848996	NA
YLR208W	-1.63163898579693	-2.00827462682536	-0.917563164322931	-2.02002667551836	NA
YLR213C	1.30155000207972	2.71313064827588	1.20991761820328	-0.465982353820883	1.50093985499553
YLR216C	-1.46048148161549	0.298580738548684	-1.43712836394753	-1.00980116879666	-0.461403937867486
YLR220W	-1.38508582857478	-1.25685296229204	-0.528949890249226	-1.38328548251416	-1.30355110278618
YLR225C	-2.32961882420701	0.0986147709338716	-0.453557203584585	1.00465472531954	0.116543627254109
YLR241W	-1.39885166436972	-0.992942021540951	-1.95216516296896	-2.61780241603935	NA
YLR244C	-0.150267352353847	0.0967481382054948	-0.2708775243157	0.078879107495427	0.747072668210452
YLR246W	0.0141452331897143	NA	-0.0556362815428637	NA	-0.353539922083566
YLR247C	-1.06916778093239	-0.546853462331828	-0.014378457862316	-1.9974114670907	-0.616306324683538
YLR248W	-2.48805777638276	-0.302608538950227	-2.44053473604477	-0.0834770985679464	NA
YLR249W	-1.60579767550146	-0.729603867325044	-1.34317348813739	0.321069656601631	NA
YLR250W	-1.88252755651151	-0.820254643648548	-2.0447645729191	-0.377490566659066	-0.0501459930496111
YLR251W	-0.86291827732533	0.438562201091963	-0.153071465255953	-1.0691576477978	0.932431814523173
YLR252W	-0.650267954543686	0.465436765171624	0.247030887888169	-0.960112330250362	1.14966351711774
YLR258W	-3.04630792838483	-1.01132968275569	-1.92180506947459	-1.73733227711885	-0.0549253177659487
YLR259C	-1.42107643145988	-1.05862403238495	-2.0577190771024	-1.1761765005332	0.103286245370612
YLR260W	-0.469080529799762	0.959459961848981	1.18146534486156	0.0653939589850781	-0.235880780583108
YLR262C-A	-1.90812010017074	0.570510889407811	-1.3802459163726	0.0625318432317491	1.18418022838804
YLR264W	-0.231195972925038	-0.133699763420901	-0.901766844739504	0.00683165458927525	NA
YLR266C	1.06531393015196	NA	0.600908600780069	0.137673054499448	NA
YLR271W	-4.64308354562204	-0.707387061014604	-3.3561544799416	-2.6615760812488	-3.10004643094193
YLR284C	-1.57804825430464	NA	-0.58888631532732	-0.278771228854106	NA
YLR286C	-1.27099161420681	-0.585147049788576	-1.38194326473315	-0.840017337635575	NA
YLR290C	-2.03305255040398	0.36092748512915	-2.47567772389927	-0.427554433342221	NA
YLR291C	-2.98064675389784	-1.02641280591334	NA	-0.0207378505234639	-1.21487647858841
YLR292C	-2.06247789690166	-1.22113818540429	-1.63874112594539	-0.606327662556611	-0.712211712695503
YLR303W	-1.67392214378373	0.172666756724492	-1.25237452641582	-0.621500454453174	0.581181183840544
YLR304C	-2.91573810005395	-1.04786217176994	-1.86851701638777	-0.3192577368465	-0.0421695029897526
YLR317W	-0.975525225589717	NA	-0.6995265239515	-0.934844883189758	NA
YLR319C	-0.83013168265671	1.31841494063327	-0.225613203751393	0.520800488886107	NA
YLR320W	-3.18873560563207	-1.7160657919532	-1.09590065796575	-2.60277538601196	-1.09776687055406
YLR330W	-2.07106018483568	-0.999616000361419	-1.39517043391392	-2.04847616650659	-1.78406373457327
YLR332W	-1.33502789228539	-0.0102138787292759	-1.03374227640079	-0.208483867269985	NA
YLR337C	1.15983549595291	-0.59286509819178	NA	-0.143132600592934	0.310679427451912
YLR340W	-1.64968580434313	0.0435891105565349	-1.88687414118917	NA	-0.207006297038597
YLR342W-A	-2.06664927785109	-1.07761851272231	-1.10511870104033	-0.245480474708836	0.0719128448419018
YLR345W	-2.96112869247181	-0.818579556669052	-1.21146231936027	-2.02795874640352	-0.963276222605776
YLR346C	NA	-1.13540177653901	NA	NA	NA
YLR351C	0.627892744751125	-0.567176518994239	-0.382807012902738	0.621194061322786	NA
YLR354C	-2.23774478639037	-1.63715972471288	-2.26829640794633	-1.12076389623951	-0.0113322987567631
YLR357W	-1.37202444075459	-0.274360807448323	0.47212535798411	0.472634681686331	NA
YLR359W	-1.6241930490503	-1.46180022888329	-1.73513097605633	0.653715936598796	-0.0244041716228742
YLR360W	-3.9696745559964	0.344972929971871	-0.870705601827731	-2.27521615426543	NA
YLR361C	-1.35733993445095	-2.75932832869259	NA	-1.88371454677953	-0.207770178605528
YLR361C-A	-1.37232401877845	NA	-1.13918665802192	-1.19398789736757	0.244042320788773
YLR368W	-0.69524232565519	NA	0.782653397774951	1.33043232718543	NA
YLR371W	2.09389326489203	0.358809543480361	0.58590490992816	0.610172929954226	1.60969042599631
YLR375W	-2.14913916602495	-1.76331606752857	-2.24176470460916	-1.06703924029589	NA
YLR378C	-2.30525114681152	-1.22770515369775	-1.29252659052746	-0.571370934881137	0.219254543359203
YLR380W	-0.99141800132528	-1.43465761626054	-2.0379432783662	0.0447538579344946	-0.674353992504285
YLR381W	NA	0.413578582958478	-0.446081334506898	-0.433839240000238	NA
YLR387C	-2.28671868766725	-1.12309533936052	-0.869890716717003	-1.22582758122573	-0.116054099640514
YLR388W	-1.03794789314656	-0.377054099348763	-1.43890768271958	0.138363866083455	NA
YLR390W	-1.30468086532362	-1.4384996332953	NA	-0.327877627876891	NA
YLR392C	-2.47575171736449	-0.447744316705034	0.103790291686952	NA	NA
YLR395C	-3.18004105971021	-0.58951090028859	-1.99123771617189	-1.46978313559373	0.21218443345267
YLR396C	-3.63045507482403	0.651290401079935	-0.963970016535912	0.638910687203381	NA
YLR398C	-3.324388469331	-2.16624439690667	-0.950418084687052	-0.342618869924432	-0.179835632839813
YLR399C	-2.40243882906539	-1.06743711065637	-2.04085574796121	-1.27710152122746	0.0399969035887885
YLR409C	-1.87897909273812	-0.905908494406757	-0.34877012740455	-0.872358651283384	-0.507547940032401
YLR432W	-0.621896100795736	-0.36414292965873	-1.06987477793213	0.588928685768013	-0.21098340979081
YLR436C	-2.58753173929958	-2.54287420162415	-0.894127424711651	-1.95786381826543	-0.977389340187151
YLR438C-A	-0.227950307685992	-0.757741451485293	-1.6554733402809	0.565155104705803	-0.301027039209385
YLR448W	-0.887242887896896	NA	-1.52195519473941	NA	NA
YLR449W	-1.97003961863734	-0.658809405563492	-0.144701053225542	NA	NA
YLR450W	-2.54619875338515	0.190268305631783	-1.95915416540888	0.135669087999552	0.303006180286868
YLR452C	-2.92207003714666	-0.0520351254529502	-1.50752389425771	0.380504702682293	NA
YLR460C	-2.78554032964934	NA	-0.72704626294445	-1.86371072686722	-0.230080434699441
YML001W	-2.57057454899829	-1.35219090064018	-2.03341541329359	-0.952556671828929	NA
YML004C	-1.0400058039487	0.264523476209973	-1.36971124486705	-0.989968436925747	-0.36040027791504
YML005W	-2.75915661667223	-3.38818600124478	-0.454173504200961	-1.33690769319004	NA
YML008C	-2.54469241070042	-0.783355746089023	-1.02607378345308	0.252574033233066	-0.244079953170261
YML009C	-1.33029738475847	-1.24176645996694	-2.01853470965169	0.00400740278094812	NA
YML009W-B	-3.30091246308989	-1.89621891432975	0.267874129794746	0.175226099070932	NA
YML010W	-2.52711584619899	-1.00858163811757	-0.61169026827893	NA	-0.49312067095241
YML012W	-2.22686730911929	-0.770821640562493	-2.17398965193448	-0.718584240018688	NA
YML024W	-0.766878794318949	0.104089656120787	-1.11116505660425	NA	NA
YML027W	0.15089899347908	-0.570970241082202	NA	0.421674671591903	0.353265815088895
YML028W	-0.135495697117621	0.361257494592657	-0.203861406893702	0.804394979070164	NA
YML029W	-3.06018193917927	-2.36432884852169	0.430574751353548	NA	NA
YML030W	-1.21146540419696	0.300004159113481	-1.71276047559349	-2.54294835235272	-0.48352928438474
YML031W	-1.49860377605734	-0.142185143759962	-0.663482939851591	NA	NA
YML034W	-2.91808365093946	-1.90774329707793	-1.59387917533368	-1.36020815590586	NA
YML036W	-4.6448069544932	-1.86496321530303	-1.80476066989741	-2.14970246074282	-0.240244935423056
YML041C	-3.03905703294694	-1.74764019849439	NA	-2.3436203835563	NA
YML047W-A	NA	NA	-0.282259408056521	NA	NA
YML048W	0.36640393648388	0.642779194589934	-0.214408420538676	0.018797634239444	0.169272730660816
YML050W	-2.63177332741537	-2.63067051632049	-2.53866649769142	-2.58349253694192	-0.360996442773527
YML052W	-1.70859637444614	-2.3353939682131	-2.62525232723977	-0.206204358605686	0.117634909650628
YML053C	-2.21958851009339	-0.580377710965884	-1.92626683666358	-0.799413460794943	0.767788352869284
YML054C	NA	NA	-0.2468428515927	NA	NA
YML055W	-2.7508911244796	0.0882350277290443	-1.95377941342568	-1.93656918858548	NA
YML057W	-2.35874632544381	-0.0846340930376666	-2.02092448539715	-0.865670210395947	-0.108384141379043
YML058W	-1.14622864842954	-0.340190374526791	-0.901696854107313	0.653243824322988	NA
YML059C	-2.86814869191941	-1.89745097522246	-1.45189405429915	-1.5609697911182	0.317149906535857
YML064C	-2.07591013836311	-1.56490804626384	-1.26371321473777	-1.1089480733533	NA
YML065W	-1.96287942563579	-1.61157437251719	-0.749351542738104	-1.72679388662094	-0.33481141128034
YML067C	-2.35805632929149	-0.325040362199806	-2.39537699690718	-1.44108445318528	NA
YML074C	-1.61617735344646	-0.291700048051788	-1.22149621453812	-0.35607882749382	NA
YML081W	-0.00825118209795786	-0.0946318134226769	-1.0449302619618	-1.49133937126498	-2.16733565444949
YML085C	-1.10975005452876	-0.623597786373648	-0.612435593683317	1.43935926917481	0.795355366500406
YML086C	-0.62354041566725	0.276794781659595	-0.299163933214251	-0.151343368543186	-0.713394509088417
YML088W	-1.96604492978934	-2.36954824105415	NA	-2.68543095888157	NA
YML092C	-0.896325568419977	-1.01350507073722	-1.03658557641845	-0.90641429760741	0.594285602629035
YML099C	NA	NA	-0.547399409463707	-0.175303506147593	-1.08621349118236
YML105C	-1.99988288578423	-1.21071697868398	-1.42762695642929	-0.714326136893356	-1.62677023607792
YML106W	-0.733424597278647	-0.291286691557711	-1.23683398104759	-0.201611018124312	0.259012944890916
YML107C	-1.67113963953985	0.0203979785402208	0.379262587751183	-1.27875858466088	NA
YML110C	-0.626123704790531	-1.22836106942387	-0.898396184373066	-0.0681775527084173	1.54236221633064
YML111W	-3.26063373696122	-0.300477551437818	-1.79956635886751	-0.493325121517205	NA
YML112W	-3.30242672344881	-1.81919966678105	-0.323974935091006	NA	-0.749584674038118
YML113W	-2.59309860148662	-0.247869065099354	-0.383474140178465	-1.7468891998128	0.117085497092754
YML115C	-2.90631482005505	-0.499862403390496	-0.724985751871866	-2.62156771243913	0.0457899868917876
YML116W-A	-0.380915883794915	0.218354927112201	-0.374341556649466	-0.33436607348225	1.00822190336291
YML117W	-0.614734795686889	0.734176198103287	-0.628434482091498	-0.791672786330103	0.90321125322086
YML120C	-1.89457263913114	-0.560464389982432	0.814510009889096	-1.44024171866309	-0.931363931530128
YML126C	-0.926828307413063	-2.00929320775221	-1.12541410500593	-1.54777371574319	NA
YML128C	-2.68750190988716	-0.74152970361867	0.708700102853392	-1.0245366387165	-0.784240567553532
YML129C	-2.60115619860831	-0.985684210040978	-1.60908527434753	-0.725279554036661	NA
YML132W	NA	NA	-0.932824422484756	NA	-0.882517525356443
YMR001C	-2.2582989586879	-1.17494807376022	-0.58304575075497	0.0130698610374592	NA
YMR002W	-1.06483532678182	0.0452234587873223	-1.46856081472079	-0.798086216598746	0.414572385136064
YMR005W	-1.73976276873044	-0.820558401500493	-1.11314119518232	-0.525520306346332	-0.498320385091683
YMR009W	-2.47393085109361	0.0793644197699447	-1.4774105064849	-1.60032781963659	NA
YMR012W	-2.06332829378754	0.172209987249418	-1.71040377394934	0.231060420531094	NA
YMR015C	-1.94920765446561	-0.140887890667774	0.314242084073044	-0.631164711761236	NA
YMR022W	0.70195282702802	-0.335164640036337	-0.458732532673948	-0.58577430905707	0.420376958859141
YMR024W	-1.48262902325539	-2.25795530330678	-1.39272336980139	-1.04590254661532	-0.511642663333416
YMR028W	-4.00200836851768	-1.61701505287854	-1.76765783510512	-2.09616917250218	0.330350466793511
YMR030W	-0.28229233384757	0.15285879434432	0.339788632993966	1.67189996375553	NA
YMR038C	-2.06904707190267	-0.266674979409705	-0.487384868330092	0.273443201837543	-0.320304889164288
YMR039C	-2.62547885456402	-3.04657122368215	-0.863733960786667	-1.358213756775	NA
YMR044W	-1.52135952135819	-1.42511855408059	-1.74247684094207	-0.192311231995296	-0.659811596127258
YMR048W	-2.32486272344751	-1.30941331626668	-0.0962663777816158	0.239561136931143	0.380417895346158
YMR052W	-0.113427623555896	0.755442997095872	0.3397914075364	-0.772397932326373	0.783720034895953
YMR054W	-1.28630789685062	-2.41497106029864	-0.647758543820688	-0.435404525608966	-2.80667611426429
YMR062C	-1.93590452647753	NA	-0.591255351084401	-0.384133293943005	-1.339716539443
YMR072W	-2.03571947048258	-0.81387468466049	-1.55837417293214	-0.617318940778815	NA
YMR073C	-1.99217618438253	-1.11939671095155	0.0404875419034998	-1.02100861271479	NA
YMR079W	-1.7078296467342	0.0693765455434337	-1.12312619733247	0.22110838736347	NA
YMR080C	NA	-1.04815960277198	0.135170668275816	-0.174488894062017	-0.685004930987609
YMR081C	0.365987573146628	NA	0.639717132366534	-0.592207396309454	NA
YMR083W	-1.5114431701296	-1.48019674992022	-2.04358873309175	-0.902533345857836	0.0629886685981181
YMR087W	-3.37378798428683	-2.1561031745976	-0.598296653870523	-1.46298230866076	1.17153053971455
YMR088C	-1.48371749049477	-0.323439995674238	0.49075537088659	-1.35706599136809	-0.461911439502423
YMR090W	0.99446314078795	-0.245350773782967	0.0196577501223481	-1.52698841818441	0.143495770671423
YMR091C	-2.30434558328804	NA	-0.80777189490764	-0.0931381041959881	0.441128981146376
YMR093W	-2.36971470060712	-1.08407937416542	-1.24095898376508	-0.516380402821821	NA
YMR102C	-1.58020900848753	-1.46316980523624	NA	-1.3339325012614	-2.02947271723082
YMR103C	-1.98310210528232	NA	-0.820164202566467	-2.63614682275007	NA
YMR108W	-2.10961603621181	-0.838676968846563	-1.36279034758581	-0.817728147148486	NA
YMR110C	-1.62442296106675	-0.99745883446158	-1.04118386692356	NA	-0.355468907551912
YMR115W	0.0301125465039005	0.977243956394642	0.0850874438030341	0.530611870887552	NA
YMR121C	-0.7423426900388	-0.443914893775559	-0.789640745152125	-0.560632921343144	NA
YMR122W-A	-1.73441777489057	-0.62121064410714	-1.64639728537986	-0.20797161478736	NA
YMR123W	-1.44998129419754	-0.113534793391434	-0.765097099383629	-0.069906532957318	1.55635717260441
YMR124W	-0.751504920918055	-0.268157127237503	-2.13702361401897	-0.553456568440761	NA
YMR125W	-1.49224319171726	-1.28096782097909	-1.70167716029732	0.633941553990895	-0.751313783062157
YMR126C	-1.65038308105516	-1.80700505781275	-1.874878769241	-0.465629815677482	NA
YMR140W	-1.73888081447352	0.894000681353514	-1.21925854259453	-0.536801688356155	NA
YMR148W	-1.98451420041932	-0.312621067753324	-1.70462781590719	NA	NA
YMR152W	0.784055084608545	NA	0.105704215419875	0.3562451892063	NA
YMR157C	-1.99913288325717	-1.52593552755686	-1.31125019018465	-1.4986202859924	-1.24276235127788
YMR158W	-2.80984586012277	0.0774511395611574	-1.16460167116931	-1.14851754154643	NA
YMR161W	-2.05738869892681	0.623331382209738	-1.12668667797257	-0.0412119832269955	NA
YMR162C	-2.98924783228628	-1.25215196712676	-0.649652287196058	-1.29077880334238	NA
YMR166C	-1.86805852132145	-1.22337478304849	-1.79130072424795	-0.917290462955155	-0.252735596904331
YMR171C	-0.674863724560526	-0.574827594468494	-0.885425297638433	-0.432491685036192	NA
YMR173W	-0.940488281720314	-0.894311811799013	-0.122958590751544	-0.950334813974161	NA
YMR173W-A	-0.935752664413436	-0.831231264686537	-0.0924691791728213	-0.88847732780106	NA
YMR177W	-3.37488908719393	-2.42369064506374	-1.55262248052788	NA	NA
YMR178W	-3.24120679905453	-2.3527740844297	-0.730428848625749	-2.60719455409699	NA
YMR181C	-2.76715160420014	NA	-0.663418865273937	-0.756554730241558	NA
YMR186W	-1.38552074580942	0.0142744421285523	-1.62398044991445	-0.472525645623644	0.0806581240376454
YMR188C	-0.641936915630828	-0.239733392009208	-0.0675419884839815	0.788484064072178	1.40259329282897
YMR193W	-2.47657174828761	-1.5354432283124	-1.30358707854394	-2.27363546369414	-0.124390898589462
YMR195W	-2.11106970571668	-0.400729541814011	-0.944164985959862	-0.984757282977832	0.216171244995599
YMR197C	-2.93243697866022	-0.814748958457892	-1.31932229304796	-1.15246927489169	NA
YMR202W	-0.989411921834883	-2.13564211317933	-1.50529690470723	0.579397907066543	NA
YMR203W	-0.772996592019203	-0.99354157472908	-0.0826842675634652	NA	NA
YMR205C	-1.55676295010177	-0.629380859123376	-2.5660397135331	-0.701041284953313	-2.20821481101
YMR213W	-3.20416828270665	-1.22029562680279	NA	-1.66404948994703	NA
YMR214W	-0.95627678282256	0.449930376816745	0.923289366896191	0.347062527853079	0.932274769161377
YMR215W	-1.93307413696256	-1.15649843740983	-1.621174629779	-1.1985397308392	-0.300270213313501
YMR220W	-2.96839162555918	-2.35383801553545	-0.645633547169025	-0.441136639447624	-1.45586842178727
YMR225C	-1.55456233026556	-0.187170466032534	-0.606315027473692	-0.61236908287769	-0.217500247039915
YMR227C	-2.09281109715231	-0.560470212736456	-1.47466120250208	-1.02820968508841	NA
YMR230W-A	-0.950894401795531	-0.265125654762346	-0.538840014773676	NA	NA
YMR235C	-1.51920986256675	0.299023968038558	0.469528256454973	0.810564039860947	NA
YMR250W	-1.05573349474049	-3.09171336253505	-0.81707030647529	-3.38386774487635	-2.46802789941234
YMR258C	NA	-1.25808541716586	-0.816878388063553	-0.253110630823321	-0.417985323983214
YMR261C	NA	-2.17167200786762	-0.927343505841073	-1.04627234796166	NA
YMR262W	-1.19161142842915	-0.671966273909114	-1.48945083691847	-1.81725781107158	-1.21444114062985
YMR264W	0.0175073160042462	0.394134343039905	0.911321032910955	NA	NA
YMR267W	-2.41749134188126	-1.53996998653175	-2.01969302912643	0.287681960736052	-1.20380409537901
YMR268C	-1.00485361534247	1.46907236984915	NA	2.17248852956714	0.176370775648003
YMR276W	-1.87851120092719	-1.96461195823724	-0.487257184600844	0.142685508306996	NA
YMR277W	-0.496944094696887	-1.0872945215372	-0.748489099914022	-0.212017931758399	NA
YMR278W	-2.98149911959442	-2.14478671450293	-1.80658024758545	-1.64165298053877	-1.78876708274465
YMR284W	NA	-1.35521154716847	-1.91661095126655	-2.56907726980007	-0.969907483018603
YMR286W	-2.5015843501512	-1.10592948085081	-2.40074534775302	-1.01744451582576	-2.05877202277407
YMR292W	-1.84666843935012	0.457001880570919	-1.4238688338032	-0.850184107607262	0.247666093127133
YMR297W	-1.80485795239374	0.605843691675505	-1.09402437739244	-0.312784666970731	0.52647908917336
YMR298W	-3.17386989820663	-1.06955163892563	-1.82478666409869	-1.45815551013591	NA
YMR299C	-0.724034277547915	1.23817968632457	NA	-1.78813276770292	-1.60734867101371
YMR304C-A	-1.4140490665229	-0.118664473597295	-1.35767646422864	-1.59584437985446	NA
YMR305C	-1.26158557812732	-0.103091496685709	-1.43643315840611	-1.53465922081604	NA
YMR307W	-2.39770142288904	-0.859846129713789	-2.2289079071028	-0.418736069269475	NA
YMR308C	-1.9790773045371	-1.43911481015098	-1.09943223676087	-0.360532235684133	-1.4194127238996
YMR309C	-2.35085859890104	-1.198225371313	-0.708762782575103	-1.0434797891395	-0.95765700898981
YMR311C	-2.68893114693303	NA	-1.68833215436739	NA	NA
YMR313C	-2.30177886680578	-2.5936940124096	-0.139156791995869	-0.241750011594666	NA
YMR315W	NA	0.463299062298283	-1.21101304562532	-1.37096284093431	0.277850032616187
YMR318C	-0.463461476998752	0.794286594030491	-1.11984469360078	NA	NA
YNL004W	-2.72748367424657	-2.0805279385196	-0.485255194869803	-1.85946170433117	-1.24795612012225
YNL005C	-1.20952930933969	-3.77155538027748	-1.89586362939	-1.22567339660109	NA
YNL007C	-0.39511704611837	0.120681426707204	-0.398915808732505	0.428693706320646	1.43246474290125
YNL009W	NA	-2.05685068341065	-0.788490800700397	-1.62568540016805	NA
YNL010W	-1.34880100242102	-0.490664278457233	-2.04024083425372	-0.181061945099731	-0.557394199576031
YNL015W	NA	-1.56933641470561	-2.14630406438249	0.00524428349054769	NA
YNL016W	-0.907920064292375	-1.43142631221623	-1.53001194806157	-1.4570198600172	NA
YNL020C	-1.15627307982319	1.26810359392232	-0.0678753821899547	-0.587677970576582	-1.27534719985844
YNL024C-A	-1.46417126376014	-0.302093620296411	-1.70051925763224	-0.522071629175516	-0.129867379742877
YNL026W	-2.7358236483198	-0.702375808536272	-2.06708475132472	-1.14410545012291	-2.11254055298525
YNL032W	-0.87382062568311	-0.265341648333518	-0.530752766388866	0.0780018340402393	-0.997675911733846
YNL036W	-0.70471680803315	-0.15722370067718	-0.654030403774306	0.205102369210437	NA
YNL037C	-1.19878505852946	0.291637669640065	-0.890999122333117	1.44979921284469	0.832840771663542
YNL039W	-3.16933376639924	-1.58386210695193	-0.482373883512439	-1.2789685579308	-0.247892998153328
YNL040W	-1.89874010730348	-0.681480128513722	NA	NA	0.867550001353377
YNL044W	-2.42628568557061	-0.709913866259466	-1.85122330529306	-0.831603486514737	NA
YNL045W	-0.398731703546911	-0.60802257237172	-0.85823251773964	-0.0787230903981433	NA
YNL048W	-1.19484275272304	-1.0258113967081	-1.545791837575	-0.338732919169987	0.197468811971744
YNL049C	-1.08825657252748	0.117634921938907	-0.736801838774282	-0.601161352081461	NA
YNL055C	-0.901238483885212	NA	-0.86910082221069	-0.126056031516981	NA
YNL058C	NA	0.247644402431188	NA	-0.53499653268596	NA
YNL059C	-2.54632792697814	-2.20224019328469	-0.904259591566149	-0.747034804178838	-2.28203292611836
YNL063W	-1.76601865112657	NA	-0.978540001568031	NA	NA
YNL066W	-2.10935805611543	-1.71093364330293	-0.885315121530187	-0.714683588807297	NA
YNL069C	-0.0774415595044498	NA	-0.764434820448745	NA	NA
YNL070W	-1.90930344572101	-0.814653873263592	-1.84554546184587	-0.550074080174974	-1.21323776445946
YNL071W	-1.09796589601295	0.382490374106966	0.621662440362295	-0.187297325231051	1.46228559888133
YNL078W	-0.484129320267094	-0.197402605270584	-0.92072752153752	0.498147511911408	NA
YNL081C	-2.10421200712104	-0.981063967962397	-2.40629928151466	-1.7581746703272	NA
YNL086W	NA	-0.497162255417512	-0.238952518656118	-0.984686574786316	NA
YNL088W	-2.47363102781731	-1.79244431619026	-0.916516790083001	-1.30773207932544	-1.2645325234312
YNL092W	NA	NA	NA	-0.146431440652497	NA
YNL096C	-0.335479324820369	0.101251036297076	-0.933977822987413	NA	NA
YNL097C	-1.96734375717107	0.513487821697039	0.697797400465033	-0.0403926349669946	NA
YNL097W-A	NA	NA	0.70644536182546	-1.83159427658869	NA
YNL101W	-0.283010438953544	NA	0.054338687581823	-0.716317721113092	NA
YNL102W	-3.42971330734094	-1.71313403215203	NA	-2.02143166151056	-0.00509214272172556
YNL104C	-2.50055344946069	-1.26112933125829	-2.08520757897475	-0.733739456242816	NA
YNL118C	-1.67550353507163	-0.430612697787592	-1.15214190403314	0.955614595502295	0.35017311955071
YNL127W	-3.4451351212049	-0.503819320021267	-1.57095129751099	-2.50693310608357	NA
YNL131W	-0.698533457319015	1.21934360796114	-0.36475439732903	NA	NA
YNL134C	-0.968373356697096	NA	-0.776331961969027	NA	NA
YNL136W	-2.11418598858131	-0.841368172178518	-0.286013207836395	-0.393787646130235	NA
YNL138W-A	-1.02920517212545	-2.10047650402282	-1.91251244584329	-0.268733500010653	NA
YNL142W	-0.153982511307896	NA	NA	-2.02061339714435	NA
YNL147W	-1.8035823660639	-0.513788749360098	-1.06887499083638	0.135279309017967	-0.182269923238857
YNL156C	-1.59415637883532	-0.325698922600076	-0.952031162749596	-0.161005611634925	NA
YNL157W	-1.06308297174153	0.175077680080468	-2.03409499622798	0.0106148693040269	0.873039309564813
YNL160W	-1.72043788685965	-0.703459522261861	-0.320493707573625	-0.535749315795595	NA
YNL172W	-1.16832970328738	-0.526158098224752	0.842070766615148	1.52993385689017	0.945464298985921
YNL173C	-1.40790624223812	-1.02291979668858	-0.408329095442544	-0.242939763633389	NA
YNL178W	-1.37390275531707	-0.389098743646777	-1.44309583290756	NA	NA
YNL183C	-2.90653010989107	-0.770609468060577	-0.580369786141254	-1.55363713061813	-1.88568590719104
YNL185C	-1.14536473051972	-0.678119026457727	-0.828665917008931	-0.211423370789146	NA
YNL191W	-1.16287918709541	-0.164727686169298	-0.0981519406429889	0.587949256432458	0.316129221119851
YNL192W	1.02369590466063	0.590663753661985	-0.0575420335744897	0.21123838093496	NA
YNL199C	-2.80113299091437	-0.303983458305157	-0.863203518464389	-1.97763343743029	NA
YNL200C	0.592913816005498	-0.755310554305987	-1.86253165524138	-0.317070645380452	NA
YNL206C	-3.53227887992445	-2.10491468172871	-0.769283795244084	-2.39309354058538	-0.935543716442967
YNL208W	-0.453602451469218	NA	-1.04881460158186	NA	NA
YNL212W	-1.505817651669	-0.0502654503144365	-0.328683063129765	1.20790774461506	0.582443077594486
YNL220W	-2.10757425619073	-1.94403702831672	-2.20652889880561	-1.51857899177545	-0.73667349561605
YNL223W	-2.19516987415919	-1.14479589896879	-0.525807797517886	-0.350040203275284	NA
YNL229C	-3.19348979572343	-1.91736927812912	-1.91958367060222	-1.10956715135001	NA
YNL236W	-2.23942689684091	-2.15805085699452	-0.896012460923394	NA	0.268510248076055
YNL241C	-2.06762624319424	-0.564704934574092	-1.91037880684915	-0.464733245707936	0.409336519040592
YNL243W	0.0532607103688094	NA	0.766421492336998	0.673756323015375	1.72660721926455
YNL244C	-1.616131525615	-0.166232971162367	-1.07646053200839	-0.313112330251249	NA
YNL251C	-1.77041908338785	-1.06528422943939	-0.677233702329607	NA	NA
YNL252C	-3.12740267221563	-0.436574727101078	-2.14032261173477	-1.46293374004621	-1.89695249721995
YNL255C	-1.86795884313753	-1.35737728990638	-1.76878080385464	-0.471750438891333	NA
YNL258C	-2.46600855649152	-0.831321566091919	NA	-1.10869475931797	0.123886439342661
YNL259C	1.24888008778765	0.126594670811652	-0.521332054856298	1.00524715516946	0.837505447908813
YNL260C	-2.75388593841643	-0.779914967177395	-0.12685617696547	NA	NA
YNL265C	-2.1670791513704	-1.6752429989563	1.62375361408767	-1.41781365814037	0.739160232159909
YNL267W	-2.38574971346398	-1.71339541773741	NA	-1.02272461296877	0.215008205016486
YNL275W	-0.149027734289012	2.02692873225242	-0.15382237580044	-0.552856126366136	NA
YNL281W	-1.57701068526022	-0.444199842725383	-0.860998626142684	-0.443889908916394	NA
YNL283C	-2.00918071640104	-0.05693263898289	-0.909038519042255	-0.575024739007012	NA
YNL288W	-0.491913383838058	-0.444175693161349	1.1645391291592	1.38056788888565	-0.265847515886339
YNL301C	-1.6061080928701	0.00440479461758291	-1.52640967610096	NA	NA
YNL307C	NA	-0.98429936982509	-1.17795149149178	-2.40368149640854	0.702928279339711
YNL316C	-0.888447774790995	-0.332329552156879	-0.332417200216127	-0.315684138518152	0.373772676703077
YNL317W	-2.19692831199339	-0.342678571267772	-0.334464620838434	0.345347005005908	NA
YNL327W	-2.68070114401048	-1.09940308365743	-2.02324383458698	-0.780763252243452	NA
YNL330C	-1.31448929835481	0.814747594004607	-0.429647133208303	1.33874299787819	NA
YNR002C	NA	3.45387784668381	NA	NA	NA
YNR003C	-2.20054701366647	-1.84336101592575	-2.00611435050045	-0.809493488072762	NA
YNR006W	-3.23431300510326	-1.69257538310066	NA	-1.40433892803371	-2.43510689979954
YNR009W	-2.52040850255996	-2.43975409828572	-1.25557218632155	-1.50248820551573	-1.02166757845595
YNR016C	-1.82049068728814	-0.219597216487184	-1.51039188128295	0.51997059455853	0.158464125661638
YNR021W	-1.3715241060214	0.258939216801302	-0.475992058847542	-0.624625815002301	1.00408987359118
YNR022C	-2.50362767889959	-1.91681475184428	-2.56910523147625	-1.65081201189218	-1.04674195578107
YNR023W	-2.52059392886859	-1.21530716243736	NA	-0.516961071388908	0.0691846950901741
YNR026C	-2.55756344388138	-1.53744267898442	NA	-0.662827875278753	NA
YNR028W	-2.10921474781455	-1.10893366657882	-0.414871689122886	-0.533061279068309	NA
YNR032C-A	NA	0.0848258006155612	-1.18430398082496	NA	0.240432973919402
YNR037C	-0.764335853449563	-0.798004407656693	-1.4892361363522	0.0483503748373019	0.481230094383515
YNR044W	-0.50410115511042	-0.0751694024470583	NA	NA	NA
YNR049C	-2.45528739394268	-2.16478224893966	-0.960781693177783	-0.2745373386637	0.128716776149218
YNR052C	-2.34276192633535	NA	-2.08775361136261	0.0356281573915247	-0.253958300232039
YNR055C	-2.62291973855651	-1.79589823964911	-2.50703833948931	-0.915767551883409	NA
YNR057C	NA	0.525999194953272	NA	NA	NA
YNR061C	-1.07726456715685	1.03351535153901	-0.351878845368298	0.201257236470808	NA
YNR070W	NA	-1.73619262127375	-0.748673013755234	NA	NA
YOL001W	-0.209377462162232	-0.280958420450092	0.511637118579488	-0.409905000249137	0.47605424542334
YOL005C	-0.264280177939417	-0.00631597132582138	-0.537514446570716	-0.854532343879851	-0.0125754789509242
YOL012C	-1.74261697727438	-0.848058976246296	-1.07231045850788	-0.334334902928274	-0.519378807141273
YOL013C	-2.74136512239442	-1.3478852432548	-0.900785396807068	-1.23542765811606	NA
YOL016C	-0.901027357503425	0.0966258699948211	-1.29935883549011	-2.27965967207769	1.10715562275077
YOL018C	-2.85605027590498	-1.76693946491371	-0.222615613763639	-0.686912798218569	NA
YOL019W	-2.71022082634532	-0.713859545507475	0.153589205189885	-1.40518372284383	NA
YOL025W	-0.54018542564218	-1.07254484129164	0.472311934564185	-0.955411157418797	-0.577836158051862
YOL026C	-1.29862709077682	0.268727906737863	-0.371917479766969	-1.15915293239516	-0.328430876890382
YOL034W	-2.80780642059556	-0.188033828069831	NA	-0.173026942528808	-0.0876818856516232
YOL038C-A	-0.133647609824397	-1.93323113844684	NA	NA	NA
YOL038W	-1.07438781973763	0.219749036327106	-0.997204512743224	1.14338467222252	0.55112487972465
YOL039W	-1.14843740751433	-0.765335034870264	-1.22474177627555	NA	NA
YOL040C	-1.05773509189266	-1.13934779935281	-1.7940991817779	NA	0.130577338009313
YOL041C	-1.77531993425507	-0.00618407363984916	-1.23011262610926	0.373170366401932	NA
YOL049W	-2.1974430272056	-0.973400148764275	-1.00675397028865	-0.376085169355998	-0.142106203179601
YOL052C	-1.09661070072582	-0.788974541610133	0.14840836066774	-0.498453667808795	-0.192620535476327
YOL053W	-1.17756730876304	-0.71898215182501	0.443461875753454	-0.416151960727137	0.241963574459204
YOL057W	0.135572060575438	-0.237890434094354	-0.00065033415051214	0.32563557009319	NA
YOL062C	-1.59070842529537	0.435267221277447	-1.07821689802911	-1.56723323215438	-1.11269214063883
YOL065C	-1.13928689530331	-0.550381294692462	-1.48255467047395	-0.884291893448848	1.10855987502539
YOL071W	-2.6375429607921	-2.7360129047017	-1.96811901566234	-1.70558005193884	-0.211104495048453
YOL072W	-2.81807152941534	-0.189988524086155	-1.23944792887769	-0.901384523352896	NA
YOL073C	-1.56890076202306	-0.100632981636431	-0.395309714352934	NA	0.372131180926592
YOL080C	-0.486396386582249	1.48623880167094	0.732551843599854	1.85831665457803	0.972763604206304
YOL081W	-0.0991784480064117	0.886077585836101	-0.568197437765639	NA	-0.17348810609248
YOL087C	-1.32260471151435	0.465748328991255	0.147947048546565	0.970791327479818	0.179444301713405
YOL088C	-1.84251840556788	-1.07732976877215	-0.41890608713253	-0.864759940030524	-1.32745268007979
YOL092W	-2.35532615704281	-2.78074141930765	-0.3820436713038	NA	NA
YOL097C	-2.42116271322084	-0.15649826595216	-0.676021050074209	-1.12619351429839	-0.88625948315964
YOL105C	-1.16234043195092	0.52401634506254	-0.167336973866087	-0.877584791559846	0.246014154741794
YOL109W	-1.72348906010069	-0.0901374802336008	-1.93230777847737	-0.894197958398319	NA
YOL114C	NA	NA	-2.42736746356654	NA	NA
YOL116W	-2.68758173462673	-0.775591690717904	-2.03966728904883	-1.07323143512407	-1.44552020367609
YOL120C	-1.21908111181296	-0.361781484012451	-1.2974098409892	NA	NA
YOL122C	-0.329059985848747	-0.324660966863834	-0.236922629157598	-0.454140470811091	-0.756668388094776
YOL126C	-0.369429776525528	-1.21134084099001	0.054311732362396	0.0437120637157466	-0.455935662365631
YOL129W	-2.26364757516658	-0.17102210814736	-1.19203255681816	-0.150365574545014	NA
YOL133W	-0.842795554081979	-0.185126600091838	0.244362186280129	0.921978437270979	0.528218563246669
YOL135C	-3.12911401662581	-0.340184647030216	-0.97947991961133	0.109943253333201	0.355291485245234
YOL136C	-2.64774676484345	-2.1405099102801	-1.07703919984057	-0.958870489355144	NA
YOL138C	-3.55661060703048	-1.27864923633489	-0.0650478092936143	-1.34296160682974	NA
YOL143C	-1.60157351024431	-0.667883564549881	-1.25914889180629	-1.53578713101387	-0.699784819699913
YOL145C	-1.3641937663148	-1.18922837635175	-0.123304607605017	-1.397808279773	-1.85509440130298
YOL152W	NA	NA	-1.67509139685083	NA	NA
YOL155W-A	-0.0636083719092176	1.0618318110221	NA	0.481902038209192	NA
YOL156W	-0.14270584907998	1.27093183450823	NA	0.647943366860917	NA
YOL159C-A	-0.909470997342632	-2.69244843448528	-1.07906519572465	-1.46459539974231	NA
YOL164W	NA	2.3063678055549	0.251772145704143	-1.92528053508806	NA
YOL165C	-0.533507817742317	NA	1.17222568693139	1.22286610374948	0.161635605350538
YOR002W	-1.65518530601408	-0.85079871129288	-1.23973946617898	-1.06413693400301	-1.04240955059327
YOR007C	-0.33077412926622	0.380027181615755	-1.64650529147345	-0.68878912227891	NA
YOR016C	-1.76065808208835	0.764748753067383	NA	0.230806753353035	-0.463223564000103
YOR018W	-2.79455570646513	-1.54673636729046	NA	-1.25161564794468	-0.987697979391766
YOR020C	-1.23895079223635	-0.0593561660914301	-0.870535282077752	0.247395284456279	0.126452116136569
YOR020W-A	-1.4159883793036	0.370645045547273	-1.60104126953921	-1.22304930069601	-0.324142796082588
YOR027W	-1.81220373862124	-0.91841931046787	-1.41924827434758	-1.16101618897211	-1.18429390200738
YOR032C	NA	NA	-0.461804613853245	NA	-1.54574934206401
YOR034C-A	-2.48792560877127	1.07121615839543	1.00951613236465	-0.0241960226044063	NA
YOR043W	-1.7694559726165	0.0550405227130776	-1.36983191180946	NA	NA
YOR046C	-1.70518233733019	-1.6037665450775	-1.8857857895805	-1.04991264224662	NA
YOR054C	-2.25298548857874	-0.148771989118958	-1.37019399996762	-0.552189364014457	NA
YOR058C	-0.448814217140456	-0.258234576055112	0.0255440943850304	-1.1806406658672	NA
YOR061W	-3.10175673460365	-1.68660556856302	-1.5109997218556	-1.18245968573184	-0.814046971564395
YOR063W	-0.467322002697215	0.378425839018747	-0.448771703776936	NA	NA
YOR070C	-2.1059527253115	-0.423331631459315	-0.686084234240016	NA	0.920584700754533
YOR071C	-3.05719433053886	NA	-0.855575990250876	-0.909607577114915	-1.46640652947053
YOR080W	NA	NA	NA	-2.70860699619143	-0.381651103810759
YOR085W	-1.60605210078977	-0.749415949467803	-0.723101235757794	NA	NA
YOR110W	-1.94744202775228	-0.988949044614182	-0.322898385564335	-1.59099835288825	NA
YOR111W	NA	NA	NA	NA	-3.78505058706302
YOR114W	-0.699678801686294	-0.103157543926326	-1.94900883732856	0.714866705469966	NA
YOR117W	-1.40108719477407	-0.596610595810586	-0.142967420925633	0.711539271443956	-0.370632696079331
YOR120W	-0.504316762771259	-0.233641825960173	NA	NA	NA
YOR121C	-2.06211350086421	-1.09794812546771	-0.737864070470136	-0.0614584970826539	-0.188982872538508
YOR122C	-1.28421485414229	-1.05173930683476	-1.90892924467166	-1.01683040385151	NA
YOR124C	-2.10921882240454	NA	-0.642575492813023	1.46959796761827	NA
YOR125C	-3.91165459896692	-0.445434040315157	-1.43632599218959	-1.40789160082191	0.305810310337382
YOR133W	-1.80998778089769	-0.555834511896345	-2.12415757197506	0.0402078015750967	NA
YOR136W	-2.1219878457535	-1.46723162584666	-2.05151266644467	-0.786892606787317	-1.23137084347992
YOR147W	-0.423872180984338	0.0532204949845939	0.790354833725004	0.804133737673881	NA
YOR150W	-2.64700889092915	-0.676622726740521	-1.4407489166585	-1.77090290677414	NA
YOR151C	-1.36068139667422	-0.671404714686044	-1.01234063030045	-0.305707065063501	0.435396062436802
YOR153W	-1.42705711119943	-0.317756473846727	-1.00543894207366	-0.182338421651833	1.31554852118041
YOR157C	-2.38946594230612	-1.20950200920656	-1.52237923550538	-0.242199711854262	NA
YOR159C	-1.46739657182214	-1.17838208087257	-0.734458717487752	-1.01673139065946	NA
YOR161C	NA	-0.00646561536055935	-0.0387401707527361	-0.728336958457456	NA
YOR164C	-2.16505582103272	-0.0647468519067941	-1.53347392050003	-0.0265860305164227	-0.124765370092919
YOR166C	-2.1258129878209	-2.30055422577262	-1.42312345621594	NA	-0.315314670496033
YOR168W	-2.44502518719316	-0.259197695658245	-1.42599712355036	-1.06101887040868	-0.52310905631782
YOR173W	-0.572523216610322	-2.36802434885624	0.34453341647537	-1.1341971342874	1.02900182954236
YOR174W	-1.49776361543267	-0.935521319241906	-1.32995342148251	-0.959034004428346	-0.0480930845744119
YOR175C	-0.0252817524063815	-1.68758962418242	-2.35762950030505	-1.54224587358684	NA
YOR176W	-3.42094414920891	-0.462173438460205	-1.39523565762408	NA	NA
YOR179C	-1.23902679724814	-0.109185233141755	-1.3800624577563	NA	NA
YOR180C	NA	NA	-1.3271200778858	-0.945220644900978	NA
YOR185C	-0.652927886107988	NA	NA	-0.150760550763006	-0.486818339857736
YOR189W	-2.51208737362846	-1.03762018424003	-1.6055034886158	-1.18071287675682	-1.52908228280046
YOR191W	NA	-0.995025619952984	-1.67033746952739	-2.14252145548887	NA
YOR201C	0.259762898936981	-1.99344807987505	-0.0482120177906063	-2.04807967350903	NA
YOR204W	-1.62072935696991	-1.50765797362607	-1.45037625094005	NA	0.0906820645784836
YOR211C	-1.71608774578992	0.440688336345364	-0.259702437888694	-1.34830182546549	0.0817190652560419
YOR217W	-1.95647336204259	-1.67600304386644	-1.70059112458368	-1.36562992418333	0.38886634632442
YOR219C	-3.16380850947531	-2.45999991395933	-2.05528031527706	-0.108671573422472	NA
YOR220W	-2.5345448951166	0.259810909420571	-0.612733078836629	-0.0790384057970252	0.924192193484438
YOR221C	-2.29815834734901	-1.26104844081052	-1.58301167728898	NA	-0.492844843710469
YOR224C	-1.39957587984608	-0.476787384242564	-0.795690506217303	0.118919825175148	NA
YOR239W	-2.95402925418558	-1.95261140776429	-1.10544307601295	-0.0847824759290075	-1.97584528590755
YOR243C	-0.924764269164567	-0.29533617862888	0.735621500138826	0.27439030562766	0.912517897392948
YOR244W	-1.75907648753508	-0.877842471796991	-0.637980979651639	-0.916771559944147	NA
YOR245C	-2.0452471549386	-0.778575197840214	-2.13833331345933	-2.81509348011264	-3.7005780546501
YOR253W	-3.0452328852686	NA	-0.608988583408901	0.434022379625898	NA
YOR257W	-1.33851409219446	-1.22974582999177	0.320971840323673	NA	NA
YOR261C	-1.92964476645748	-2.60671438573166	-2.04042425873783	-1.15031612017209	NA
YOR267C	-1.98582673880939	-0.76892149789423	-0.730509437885118	-0.803666404205777	-0.700680063465858
YOR270C	-2.75592790287403	-0.485477929323048	-1.98366893497099	NA	NA
YOR272W	-2.09346573397738	-2.14198220060383	-1.75464239292646	NA	NA
YOR273C	-4.65580466073846	-3.43260857640487	-0.973566282007086	-2.49669710861902	NA
YOR279C	-2.74784344429878	-1.0741216678231	-1.31104964956141	-0.509625084097236	0.195426185363288
YOR280C	NA	-0.424497672857236	NA	-1.48359488353855	-0.406053142631026
YOR283W	-2.29682150099546	-1.19471711040565	-0.703120837728364	NA	NA
YOR285W	-2.19057962384973	-1.73151980838379	-1.87963557584771	-1.31222566007702	-0.0644139856018747
YOR287C	-1.44060399143948	-1.09862593669393	-1.19367143654673	-0.0911934279441216	NA
YOR288C	-2.85923547256256	0.607440950837971	-0.626720649883295	-0.594842143478248	-0.468747059355626
YOR291W	-1.76865689279239	0.915765527805347	-0.378381995294451	-0.046644053322731	NA
YOR298C-A	-1.04226835126943	0.248097195725918	-0.990697588247589	0.182208867416851	0.33685926188186
YOR298W	-2.63150286065126	NA	NA	NA	-1.09998012300125
YOR301W	0.7472077615185	NA	0.0411222461143274	-0.2422984660284	1.26171172231904
YOR302W	-0.59451761770703	NA	-0.996302986446249	0.153513508982403	-0.732026858791495
YOR303W	-1.83242156959422	-0.596245106762871	-1.72553362326863	-0.805375505915029	NA
YOR305W	-2.23642503030927	-0.206748323030295	-1.41313178536106	-1.31235733778144	NA
YOR309C	-1.95500159421169	-0.785884627175109	NA	-1.54201644911089	NA
YOR316C	-0.80946878895159	0.0397565109548594	-1.00877654943623	0.783548522378927	NA
YOR317W	-0.913369955267325	-1.88200803495104	-1.1045778159552	-1.32410336579504	NA
YOR322C	-2.01691767877835	-0.0445211989882929	-0.0591363054244411	0.217767123968687	NA
YOR327C	-1.78473799222332	-2.42082996812537	-2.79055269574559	-1.05010048582673	NA
YOR332W	-1.40241038192577	-0.291201076068121	-1.19541864301235	0.186811682250666	0.44247037694376
YOR334W	-0.136169447377426	0.953334909133997	2.42217323308788	NA	NA
YOR341W	-2.09742895601836	-0.914736026399292	NA	NA	0.176504363371819
YOR342C	-1.68060602309288	-2.7209427536207	-0.133185493399023	-0.687618663208057	NA
YOR355W	0.0821383010237606	-1.49222670233125	-1.09882344268376	-0.00687762534250547	-1.03796009534325
YOR356W	1.13088908838587	-1.19546129603166	-0.268700609218314	-0.658994338890834	NA
YOR360C	-3.03070753258944	-1.54326410814246	NA	-0.546728107218606	NA
YOR361C	-1.79080106773834	-0.960698138459585	-0.797912296517023	-1.13428127949573	0.307728956662599
YOR362C	-1.30316284532871	-0.61649917392719	-0.798107003531375	-0.0226667464885656	NA
YOR369C	-1.30950197970941	-0.103706034752411	-1.55889374711448	-0.297122641847591	NA
YOR374W	-0.822919224840394	-0.851987267045977	-0.488464551084433	-0.763918781268447	NA
YOR377W	-2.93231070255563	-1.29917784366501	-1.88528339699298	-2.19805822330782	NA
YOR381W	1.26351872604482	NA	0.921803164915624	NA	-0.867575367027186
YOR383C	-1.81782438451434	0.15004851078841	-1.35268460900234	-2.04934220521231	-1.03467097706955
YOR386W	NA	1.20394373955127	0.843529019467737	-2.10467503719883	NA
YPL006W	-0.644318898353119	0.101576961023722	-0.419486940482681	2.20818426662344	NA
YPL007C	-1.77725230520645	-1.70764790692876	-1.08951276940662	-0.443580793193361	-1.09311085150853
YPL010W	-0.856794345203141	0.785496707254632	-0.358004415665588	-0.173301307643622	1.12593207520667
YPL013C	-1.25307651566353	0.324553845235419	-0.0455098812786791	0.417457808210902	NA
YPL019C	-1.82977784249096	-0.982473978917956	-0.05478057264224	-1.21994376216243	NA
YPL020C	-1.17232980157835	-0.516927496907963	-0.882029209220359	-0.22574452169437	NA
YPL028W	-2.34877414541862	-0.428501480134217	-2.13329107146683	-0.821118995562341	NA
YPL034W	NA	-0.167864379880097	0.758369098732933	-1.95048036619075	NA
YPL038W	-0.400628852286482	-0.470263458013477	-0.252180775805372	-0.350636220691906	NA
YPL038W-A	-5.6296497997095	-1.28356990725519	-0.884265359404497	-2.62252131716768	-1.007709707699
YPL041C	NA	-1.9791247256097	1.1690809115844	NA	NA
YPL047W	-1.24612326405617	-1.60394937057665	-2.29240589036883	-1.66341888542417	0.0178474157494165
YPL048W	-2.49258089690175	-2.16431525274859	-0.524607272903785	-0.295965249343399	NA
YPL049C	-1.69087310754983	NA	-1.21212804275646	NA	NA
YPL057C	-1.94765749137066	-0.696784200561146	-0.479864493947573	0.658249443318937	NA
YPL058C	NA	0.38431882128327	-1.16256844469996	NA	NA
YPL059W	-1.52877761580609	-1.57341897985927	-0.685937789473829	-0.330838462246633	NA
YPL065W	-1.00041763887579	0.967245875171753	1.6171275554165	1.11189728704279	NA
YPL070W	-0.659172838288756	NA	1.40471717517285	NA	NA
YPL072W	-2.58063886492554	NA	-2.96932280346745	NA	-0.95011801126595
YPL084W	-1.15128835006028	0.0543144784010698	NA	0.683457623784076	2.00310735345857
YPL089C	-1.62367652496939	NA	-0.185007796136933	-1.67702259840505	-2.2320219783907
YPL091W	-0.188805879248569	0.321659001526084	-0.561340252819518	NA	NA
YPL092W	-1.13294546893852	-0.339071767896576	-2.33763693790885	-0.50751615733974	NA
YPL096C-A	-3.78643114046049	-0.81996477077935	-1.9048773480082	NA	-1.94792308887088
YPL098C	-2.05162931142876	-0.396061765846246	-0.713102612788671	NA	0.260098651116628
YPL104W	-2.53222321243113	-0.296811789127196	-0.0632020360243383	-1.25956371051028	NA
YPL105C	0.0445552922910331	0.587717799163845	-0.439486218330159	1.55762732536877	0.463922030271237
YPL106C	-1.13874068364793	-0.55620046003365	-1.19412979521752	-0.827699179100969	NA
YPL112C	-3.37219792554188	-2.27314623117466	-1.63675571407151	-2.25703022183102	-1.40032893570002
YPL115C	NA	-0.317508278686613	NA	NA	NA
YPL117C	-1.24942458300707	-1.36421594419045	-0.127842842174068	0.782367469189068	NA
YPL118W	-0.819026516826029	-0.856864962358028	-0.574830523406057	-0.134395643723532	NA
YPL125W	0.166286361966665	-1.89557056924979	NA	NA	-0.164930538928244
YPL131W	-0.537362972570116	-0.508116375427778	-1.19780312727198	NA	NA
YPL135W	-2.22324014205537	-1.35245788424623	NA	-2.67133697825758	0.0714638200579163
YPL145C	-2.78221092715313	-1.36908185495598	-2.58051554524476	-0.760436970990046	-1.37290824155789
YPL147W	NA	1.77117318917141	2.09241655070093	1.73700346803678	NA
YPL154C	-1.55762930723179	-0.141028437294167	-2.40173628988316	-1.98287938329335	-1.06442205591529
YPL156C	-2.29662305139301	NA	-2.08459605119818	-2.6343124758319	NA
YPL159C	-1.97562388668216	-1.42511359968298	0.493901817507358	-1.62633875867215	-1.1115585712846
YPL164C	NA	-0.866798183478787	0.104539243776953	NA	NA
YPL169C	-2.33212593529538	-1.73830487486342	-0.568641957107857	-0.0039465123853944	0.47537049514779
YPL170W	-1.27556573995766	-0.544185722088513	-2.13805576656488	-1.56342665398422	NA
YPL173W	-2.47767965816457	-0.857789108505783	NA	-0.0778419823101134	NA
YPL174C	-1.39004171221012	-2.1911068931753	0.174531183578067	-1.80432252544104	NA
YPL176C	-0.672429132344291	-2.07784847921778	-0.949611922206999	-0.46148734879732	NA
YPL177C	-3.30096451845981	-1.98145120348389	-2.06824625643349	-2.03038996906005	0.190701970520409
YPL178W	-2.39987768871252	-1.41009577296288	-1.81319702298158	-0.331698703338323	-0.516080583584631
YPL181W	-2.03801432511213	-1.17134579777245	-0.983267104616796	-0.691893004706107	NA
YPL183W-A	-2.33269006309137	-1.62400177092563	-1.73806799665798	-2.29477702301981	0.161046939408265
YPL184C	-1.79771032359139	-0.204706793531043	-0.739584001677535	-0.584213036999461	-0.977195234925948
YPL195W	1.38249650761464	0.899763940145057	0.571926392685295	-1.43028548894236	NA
YPL196W	-1.29875852072479	-0.898269423958815	0.402896877613182	1.54720996625748	0.272907675588567
YPL202C	-3.53391391844087	-1.45297983533283	NA	-2.10606353583943	-0.809175317487554
YPL203W	-3.24350522515851	-0.674450035516855	-1.55547684359404	-2.03816839046389	0.464536520464928
YPL204W	-1.85267213227317	-0.794033839418877	-1.60333927746088	-0.598663663135334	0.469750515473588
YPL206C	-1.63370231739197	-0.126726973140115	-0.746938446915732	-1.44053676322015	NA
YPL209C	-3.06597497540079	-0.328927768998438	-0.608528589501492	-1.23041762021132	-3.01389414204922
YPL210C	-1.92229015231543	-2.61156505834763	NA	NA	NA
YPL216W	-0.793442535737815	0.89652782691687	NA	0.185174797357095	NA
YPL218W	-1.30882084017467	-0.989468670466391	-1.64050571025342	0.524870513613842	NA
YPL224C	0.0755511381406539	0.255434416858653	-0.4937893093456	1.20426069223806	-0.106898363618734
YPL225W	-1.4689663229643	0.181029547657938	-1.03517284588455	-0.527780398267218	NA
YPL227C	-1.9810359019565	NA	0.389474613271195	NA	NA
YPL230W	NA	1.83136864601153	2.63469782636008	2.09313415899468	2.31856361565467
YPL231W	-1.60875177184055	-0.0575974385154159	-2.28270665468904	NA	NA
YPL234C	-1.66356645408379	-0.749004119570435	-1.23021373504592	-0.578520833934391	NA
YPL235W	-1.21235681471854	-0.886102918305954	-0.0867981616247473	0.78406240194704	NA
YPL236C	-4.70845467422943	NA	-1.72477906171536	-2.28920027839129	NA
YPL237W	-1.79408431426735	-1.54095390360399	-1.26428748843862	0.0670771253291765	-0.0877579634565164
YPL239W	-2.30563607915611	0.408414605940845	NA	NA	0.648039711118575
YPL240C	-0.611736331079885	0.128297996485171	-0.504125477766059	-0.153459237082128	0.0850186968869222
YPL243W	-1.44084810810149	-1.08197337844999	-0.24255869383108	-0.429447854363272	0.818020051532802
YPL244C	-0.747665386244018	-0.39623212522949	-0.481668652467693	-0.610666752806674	-1.39997140439774
YPL245W	-3.23148688012007	-0.797085320688274	-0.757138139571782	-1.04934857320553	NA
YPL247C	-2.4508491805595	-0.62548578815081	-0.789438159616735	-3.19983544155127	NA
YPL249C-A	-0.94218479588221	NA	-0.955856264813711	0.040116112942442	NA
YPL253C	-3.36612959067865	-2.02083204881515	NA	-2.19740323516785	0.24827554156856
YPL255W	-1.84092305811098	-0.165686455176825	0.373727450145309	-0.0280545759736651	-1.10128677291934
YPL259C	-2.50928752026179	-0.254839137547636	-0.54397292842821	-0.268175919250256	0.716801788075674
YPL269W	-1.00929193436434	NA	0.186510548292679	0.969608112160751	0.114906881354314
YPL270W	-1.68125190137741	0.885502729519233	0.187832084183487	1.95900091867423	0.748779164771685
YPL274W	-2.58485046518629	-0.839217160053486	-0.772410278479555	-1.58610928926636	NA
YPR003C	-3.39600221369363	-2.75122687037596	NA	-3.17172320413925	NA
YPR004C	-1.93368438328282	-1.54916742493128	-0.616862317796845	NA	0.0270604545333294
YPR005C	-2.78678036521733	NA	-3.25776834923489	NA	-1.56352235305113
YPR006C	NA	NA	1.09643104651732	NA	-0.515714549350844
YPR015C	0.431126342608781	NA	1.04190231093216	NA	NA
YPR020W	-1.66712668600035	-1.89109352899248	-2.25956558653036	-2.02777178033834	-0.978794071391155
YPR023C	-0.423581841165707	-1.00726674114792	-2.48228804916363	-1.25461942111715	-0.405790861724575
YPR029C	-2.79454224549255	0.556963222138913	-0.904986753789823	-0.183226675616013	NA
YPR030W	0.413514275462586	-1.56446487009452	-1.81475827526171	-3.48795960162812	NA
YPR033C	-0.582906645889649	-0.110175294646434	-0.128504547007166	NA	NA
YPR036W	-1.42918802714196	-0.967198590106454	-1.17577085835562	0.914272452259041	NA
YPR037C	-0.771621665458991	-1.74302314653489	-2.28682197231486	NA	NA
YPR041W	-0.977813162281214	0.247029303847433	-0.483890144152981	-0.09375474942678	0.122699718560752
YPR045C	-2.18160921030542	-0.725362696937628	NA	-0.256904644210034	0.790657468910685
YPR052C	-0.123435990982105	-0.14093461534489	-1.10998276673784	0.0577566454845275	-0.327008543690045
YPR053C	NA	2.17869879704331	-0.186482974547628	NA	NA
YPR055W	-1.11148431717823	0.805286621668885	1.27992254879663	0.1151325042119	0.810936477762137
YPR060C	-3.4233491291072	-1.3195503326645	-0.598160352016376	-0.949177616647033	-1.05222914519263
YPR062W	-0.480160179815049	-0.302115440673413	-0.945667156408534	0.73631268451048	NA
YPR063C	-1.3110654442848	-0.44223672762289	-1.24871443361212	0.952048272410048	NA
YPR067W	-0.968239965790327	0.728464473307117	0.0891649767481837	NA	0.25481400844134
YPR069C	-2.36222555506927	-4.860485513744	-2.1516406722009	-1.40996211807093	-0.728937142349917
YPR070W	-3.14948195106744	-0.0774805952009802	NA	-2.79267540464714	NA
YPR071W	-0.99403477321558	-2.20227567053267	0.539827829014819	-0.478303371020443	-0.183609117701732
YPR072W	-0.218080379358784	-1.15247353649364	-0.748434455591922	-0.72455790406611	-1.0042354444341
YPR079W	-0.877557597966362	0.179887769351093	1.07521727205745	NA	-1.75142042763766
YPR081C	NA	NA	NA	-3.47031756063286	NA
YPR084W	1.60953687898097	1.26512370573237	1.00746884909789	-0.186832793086615	NA
YPR086W	-0.636367511606798	-0.63015355714934	-0.83004392641992	-0.272223694203261	NA
YPR087W	-0.131359420249889	-1.59184145165337	-0.312741120589301	-1.57943433093559	NA
YPR088C	-1.54078949494643	0.0552421463630672	-1.80781306058282	-0.760468979145765	NA
YPR093C	-0.223293131358114	0.0255201214626284	NA	-0.635243277786989	-0.898630485189613
YPR094W	-2.47370353062986	-0.217725329598735	-0.296602739565745	-0.736312144440054	-0.144459811008075
YPR098C	NA	0.213505911679939	-1.28777069278546	-0.441721511038378	-1.21695851604759
YPR102C	-0.433165301121726	-0.116651749817719	-0.705576812272712	NA	NA
YPR103W	-1.13008953541773	-2.36069916875231	-1.10196322713827	0.342434389417598	-0.238930091657876
YPR108W	-1.58503121849501	-1.59251775437832	-1.67318403250936	NA	NA
YPR109W	-1.39425988384225	0.0381788456786824	-1.78471835427676	NA	-0.260918662477114
YPR113W	-0.975023219094249	0.0801903294590209	-1.15970597890968	0.0276286077047158	1.02075725762577
YPR115W	0.581692844529681	1.58380999865394	-0.0387494525957268	-0.0836890615004379	1.11904737232196
YPR119W	NA	0.547647800451193	1.22810228761587	NA	NA
YPR120C	-0.888017462004434	-0.408633031045155	-1.97340262791588	0.026147701160737	NA
YPR122W	-0.830115237817635	0.68669968229001	-0.0564139376635672	-0.657623052588555	NA
YPR124W	-2.08686394879371	-1.17394842924282	-1.39335053244386	-0.699584920252078	-0.00973869820355391
YPR129W	-3.33543549892899	-2.46549080853572	-2.19015394379757	NA	-0.526244727606017
YPR133C	-3.6177152515316	-2.04875213153354	-2.38337460878245	-0.506112176441951	NA
YPR133W-A	-2.24608723931156	-1.56267584155812	-1.72333380670592	-2.54852623878124	NA
YPR134W	-2.59050950387481	0.284090247920533	-0.786075184875768	1.12994932444439	1.03678848890652
YPR137W	-1.76353388381594	-1.02750108199488	-1.6650385385503	-0.491846754605273	NA
YPR148C	0.0139711701228803	0.907004944335434	-0.411482161657358	0.116129963364507	NA
YPR156C	-2.51114987538979	-1.15770369306162	-1.5827771659526	0.104283390571531	-0.197559036114717
YPR158W	-2.80551809562998	-1.40030071413492	-1.71932899093874	-1.65352525243723	-0.564278726938958
YPR160W	-2.34688919214637	-1.15509489233335	-1.70286471402451	-1.14856856251568	0.234717882258614
YPR161C	-2.45151900580394	-0.00211946012903993	-1.22797974702965	-0.266276078695555	NA
YPR162C	-2.24793984350276	-0.603228655431116	NA	-0.708942925851915	0.635630440555473
YPR163C	-1.63840336549186	0.673908793667933	-0.789378776781721	1.19638098954443	NA
YPR169W	-2.30971727488557	0.478477941566093	-1.69774707164363	0.0250464842937669	NA
YPR170W-A	-2.23617452300129	-1.45887278580853	-2.08945402003488	NA	-0.286687224126693
YPR170W-B	-1.90508257288828	-1.30770607168444	-2.14514692543274	NA	-0.119346401266819
YPR172W	NA	NA	NA	0.18875873847523	-0.0379163448052708
YPR173C	-1.91900738241561	-0.61700043411576	-1.8180464506009	-1.43059361791591	0.121103413910538
YPR178W	-3.49467300465448	-2.4204260402762	-2.42494606651461	-2.13711191973353	-1.58517306122578
YPR181C	-1.73399375013599	-0.385425465391179	-1.50278046375083	-0.77013638610289	-0.339343469726238
YPR183W	-1.69953944539894	0.805690089918402	-0.875694161292994	-0.0633301330989132	NA
YPR187W	-1.56892840820454	0.153195714565598	-1.66099912455608	0.0904750143209384	NA
YPR189W	-1.86154111823464	0.677313494105631	1.33486094915373	-0.637960825887842	NA
