gene_id	log2FC_pat1D	log2FC_lsm1D	log2FC_dhh1D
YAL001C	-0.182661142	-0.1214951544	0.506299778
YAL002W	-0.585221028	-0.557408491	-0.441938254
YAL003W	-0.402616513	-0.363186588	-1.147094134
YAL004W	-0.23871355	-0.1418767494	-0.499725751
YAL005C	0.658688326	0.6452172167	0.677730103
YAL007C	0.128375093	0.0683833926	-0.444253216
YAL008W	1.071032439	1.0146017042	0.784048126
YAL009W	0.3601626	0.3807417349	-0.417996477
YAL010C	0.224067262	0.2202666104	0.366964628
YAL011W	-0.148399975	-0.0406299963	0.691582683
YAL012W	-0.895817261	-0.7939490583	-0.513219286
YAL013W	0.018868172	0.0735905811	0.377351913
YAL014C	-0.311499955	-0.2562770213	-0.508050291
YAL015C	0.247469004	0.3057851878	-0.254655316
YAL016C-A	0.220386006	0.0819739128	-1.132959123
YAL016W	0.015162804	0.0059578827	0.116428649
YAL017W	-0.483424502	-0.5117118236	0.85932161
YAL018C	2.582250133	2.6569491522	0.121552612
YAL019W-A	1.392231619	1.0729253402	0.439760738
YAL019W	-0.420619382	-0.3554647524	-0.181221019
YAL020C	-0.416370381	-0.3222011469	-1.081287038
YAL021C	-0.201527219	-0.2048086318	0.102251107
YAL022C	-0.430982367	-0.2964675733	-0.33069068
YAL023C	-0.595358056	-0.5119030023	-0.688985152
YAL024C	-0.519160627	-0.4526141406	0.025620667
YAL025C	0.415250496	0.4180048002	0.216991533
YAL026C-A	-0.26679206	-0.1938261676	-0.027114965
YAL026C	-0.290689547	-0.2279948877	-0.026470407
YAL027W	0.520524714	0.4643258328	0.253445624
YAL028W	0.618855332	0.7043665473	0.559770567
YAL029C	-0.673198248	-0.6401155391	-0.189398994
YAL030W	0.740927783	0.6237014894	0.321599072
YAL031C	-0.291267275	-0.2672843084	-0.183054144
YAL031W-A	1.150069048	-0.6134528333	0.47844216
YAL032C	-0.099451509	-0.0831201784	0.316662602
YAL033W	0.754840189	0.6549109801	0.146306273
YAL034C-B	2.379842512	2.6962277525	1.754624478
YAL034C	-0.16061087	-0.2729102895	0.668913316
YAL034W-A	0.300277579	0.3134192814	0.518078712
YAL035W	0.159372934	0.2462653445	0.33434476
YAL036C	0.394550455	0.4697477573	-0.465004774
YAL037C-A	2.315357947	2.3077965003	0.388525063
YAL037C-B	-1.318169976	-1.0467416383	-0.903756075
YAL037W	0.69671236	0.6790444391	0.088573196
YAL038W	-1.020139136	-0.9883260087	-0.76561552
YAL039C	-0.124594689	0.0401687729	0.481936282
YAL040C	-0.686530265	-0.6639218512	-0.298134488
YAL041W	-0.348111159	-0.3331240982	0.152487532
YAL042C-A	0.656906575	0.8873218531	-0.367009615
YAL042W	-0.207925933	-0.184865125	-0.77390391
YAL043C	-0.134533168	-0.0438110465	0.033146688
YAL044C	0.091079318	0.0199152059	0.31850253
YAL044W-A	0.50946964	0.455834474	-0.119940771
YAL045C	-0.060167774	-0.3515411837	-1.286423577
YAL046C	0.726733634	0.7280972928	-0.049219071
YAL047C	0.170584599	0.2718805978	0.171234129
YAL047W-A	0.906274705	1.219333126	-0.473494733
YAL048C	-0.353028872	-0.3878091722	-0.525226223
YAL049C	0.335281479	0.310379033	0.160016671
YAL051W	-0.386791368	-0.3458327403	0.377638983
YAL053W	-0.00363571	0.0769853568	0.469381755
YAL054C	0.996759303	0.9644956074	0.8812837
YAL055W	1.210256633	1.2522216402	0.841116787
YAL056C-A	0.316288288	0.6003679321	-0.334928543
YAL056W	-0.4288166	-0.4067182622	-0.213836469
YAL058W	-0.375113742	-0.3346018152	-0.697556743
YAL059C-A	0.854068156	0.2993328212	-1.665282514
YAL059W	1.027760207	0.8917869416	0.053306475
YAL060W	0.23085491	0.2411988971	0.391359573
YAL061W	0.646059791	0.4221316396	2.878764115
YAL062W	0.98950915	1.0137309413	1.812033444
YAL063C-A	0.074114151	0.0268140005	-1.009582727
YAL063C	0.780864776	0.6735699099	0.356335086
YAL064C-A	0.578596245	0.9886756719	0.765751677
YAL064W-B	-0.443319614	-0.3016234633	-1.219918243
YAL064W	0.557019944	0.4268748152	-0.809567569
YAL065C	0.272267657	0.2914962521	0.192398996
YAL066W	3.08932477	2.5332645866	1.717392686
YAL067C	-0.766406905	-0.7904250633	-0.572691819
YAL067W-A	-0.343498014	-1.3432284574	NA
YAL068C	-0.244569177	0.1112498752	-1.271043553
YAL069W	1.897919901	1.8179062623	0.123898724
YAR002C-A	-0.061980741	-0.145873161	-0.488108327
YAR002W	-0.010385995	-0.037438393	0.413886492
YAR003W	-0.250131773	-0.1968334114	-0.825047595
YAR007C	0.127656754	0.1661151023	0.364894394
YAR008W	0.582143607	0.5446108422	0.056595724
YAR009C	-2.039207629	-2.1797756229	-1.803875664
YAR010C	-2.401384735	-2.7340180898	-1.902679508
YAR014C	-0.105327034	-0.0188197803	-0.017870016
YAR015W	0.099263511	0.1525072077	0.328170411
YAR018C	0.369384427	0.3861912469	0.363160537
YAR019C	-0.277698864	-0.2556176286	0.511162185
YAR019W-A	0.40343897	-0.2451096677	-0.322420324
YAR020C	-0.192950817	-0.0781397998	-0.403504141
YAR023C	0.171417847	0.2409957906	-0.136645937
YAR027W	0.295292369	0.2938759078	0.564796702
YAR028W	-0.218389788	-0.176719092	-0.093186836
YAR029W	-0.140447808	-0.1552062658	-0.618813118
YAR030C	-0.615460687	-0.3430261738	-1.373452937
YAR031W	0.751123989	0.805139165	-0.08351679
YAR033W	0.30541768	0.2726359468	0.549449893
YAR035W	1.364568339	1.4634688696	0.741845964
YAR042W	-0.595972534	-0.5491798243	0.331439347
YAR050W	1.935275524	2.1802915348	0.533855455
YAR053W	-1.535818817	-0.8602542938	-1.442113146
YAR060C	-0.025788107	0.1650591683	-1.100129294
YAR061W	1.162673174	1.1018505762	0.231903794
YAR064W	1.504680729	0.37911722	1.22617558
YAR068W	3.543188413	3.3961845444	1.57504238
YAR069C	0.562181535	0.4791251324	-1.021930343
YAR070C	-2.224378565	-3.2567742232	-3.609111532
YAR071W	-0.816483544	-0.4276473015	-0.821378223
YAR073W	0.527625782	0.6745828601	-2.430498814
YAR075W	0.750513255	1.2082798428	-2.146409065
YBL001C	0.545676011	0.4260105446	0.273855373
YBL002W	0.443830407	0.3012124448	0.230687651
YBL003C	0.374979279	0.3015717966	-0.21270274
YBL004W	-1.148933611	-1.1340149425	-0.57063522
YBL005W	-0.395918608	-0.3471669451	-0.652554305
YBL006C	0.679770372	0.6756065351	0.212308183
YBL006W-A	0.110461371	-1.0935604323	-0.936551515
YBL007C	-0.10220014	0.0025622233	0.258567355
YBL008W-A	0.813598006	0.2914737563	-0.29605425
YBL008W	-0.307127424	-0.2042250435	-0.066602609
YBL009W	-0.101063467	0.0045197559	-0.219620391
YBL010C	0.595568069	0.6270014546	0.633398718
YBL011W	-0.575333896	-0.4873482291	-0.66645508
YBL012C	0.347196965	-0.0612780692	-2.159097172
YBL013W	0.039541555	0.0965610625	-0.011694324
YBL014C	-0.313854351	-0.3132687759	-0.567494788
YBL015W	0.286612956	0.2826646065	0.666423303
YBL016W	-0.027933296	-0.0818863345	0.100055202
YBL017C	-0.534682467	-0.4613219745	-0.264363117
YBL018C	-0.486604182	-0.4747521905	-0.335421762
YBL019W	-0.072861119	-0.0774378361	-0.091127638
YBL020W	-0.160184495	-0.0763579936	-0.61385169
YBL021C	0.621606002	0.6501555226	0.496058511
YBL022C	-0.47638221	-0.3797744886	0.050255278
YBL023C	-0.175356203	-0.0369175133	0.466005758
YBL024W	0.074056845	0.1030070112	0.294663521
YBL025W	-0.062244521	-0.0017775879	-0.164323559
YBL026W	0.48803843	0.4222549171	0.55920733
YBL027W	-0.440783425	-0.4560856638	-0.617294634
YBL028C	0.833546637	0.6700364259	0.693555946
YBL029C-A	0.557753734	0.3763114045	1.192413811
YBL029W	-0.608097632	-0.5892026956	0.821519049
YBL030C	-0.300407773	-0.289419048	-0.032819292
YBL031W	0.043563125	0.1277748299	0.224754914
YBL032W	-0.057369543	-0.0157320526	-0.045603356
YBL033C	-0.14436848	-0.0889510861	0.511345532
YBL034C	-0.395168246	-0.3497870398	0.289491404
YBL035C	-0.655871287	-0.6047974604	0.239517468
YBL036C	0.518523072	0.4758825083	-0.098568275
YBL037W	-0.48468074	-0.3704650885	0.12732896
YBL038W	0.357153823	0.3858562975	0.841542823
YBL039C	-0.113140865	-0.077235156	-0.325193079
YBL039W-B	0.66182091	0.4795118692	-0.1735332
YBL040C	0.708494521	0.6997577641	0.092198286
YBL041W	1.09208051	1.0565001798	0.672012256
YBL042C	-0.441288302	-0.4790632318	-0.418691612
YBL043W	1.461959265	1.4395513017	3.37498964
YBL044W	2.246802407	1.9968881316	0.918706173
YBL045C	0.025202926	0.0023478563	0.54845414
YBL046W	0.284746958	0.3923467391	0.56470582
YBL047C	-0.555700609	-0.4782593193	0.163709154
YBL048W	2.448920052	2.2503265377	2.682905237
YBL049W	2.077647052	2.0192199013	2.54641068
YBL050W	0.668653173	0.6536428337	0.272751841
YBL051C	0.076570651	0.0658424551	0.313811302
YBL052C	-0.472515482	-0.5042969815	-0.492551357
YBL053W	0.295084972	0.372027275	-0.846332158
YBL054W	-0.439757736	-0.3932069982	0.013949143
YBL055C	-0.335218321	-0.2394640886	-0.272994451
YBL056W	-0.018477651	-0.0056484813	0.031205121
YBL057C	0.354283205	0.3547731956	-0.47894971
YBL058W	0.235777049	0.2550919519	0.24564705
YBL059C-A	0.810538033	0.7103541394	0.684726231
YBL059W	0.948890515	0.8730998201	1.331562685
YBL060W	-0.393956921	-0.3891725229	-0.400514665
YBL061C	-0.546934259	-0.3878444363	0.458353172
YBL062W	-3.528098573	-0.5397803775	-1.152407961
YBL063W	-0.300230661	-0.3213735778	0.564153488
YBL064C	1.355852096	1.3151190249	1.331292281
YBL065W	0.353493098	0.6816883905	-0.064350515
YBL066C	-0.415543471	-0.4132004655	0.299923042
YBL067C	-0.362422921	-0.2493212285	-0.352736932
YBL068W-A	-0.46025047	-4.5642255086	NA
YBL068W	-0.029687596	-0.0084957877	-0.217860492
YBL069W	-0.456799237	-0.4033073431	-0.179474672
YBL070C	0.124219885	0.6562931558	-2.450441257
YBL071C-B	-0.606393518	-0.5691433717	-1.996084829
YBL071C	0.324046309	-0.4835062564	-0.947586822
YBL071W-A	0.319347222	0.3062822133	-0.255781497
YBL072C	-0.588957449	-0.6117597227	-0.687722618
YBL073W	0.347719674	1.1399115882	-0.525761468
YBL074C	0.105818933	0.1029811291	-0.100740266
YBL075C	1.236410534	1.0619239275	0.898076577
YBL076C	-0.280977703	-0.2075867869	-0.40021264
YBL077W	1.209358868	0.9496475663	0.840228301
YBL078C	0.936315223	0.8636623011	1.276461401
YBL079W	-0.815013868	-0.7626645044	-0.261666801
YBL080C	0.048101282	0.1017100784	0.427078769
YBL081W	-0.506187487	-0.5915056861	0.069074761
YBL082C	-0.315241495	-0.2578986289	-0.910013997
YBL083C	-0.131851345	-0.237478234	-1.03261004
YBL084C	-0.385059121	-0.4398249197	0.51770278
YBL085W	-0.745392212	-0.6883218576	-0.14778604
YBL086C	0.152043484	0.1707559294	0.76540174
YBL087C	-0.438595456	-0.4250353679	-0.666343833
YBL088C	-0.322630181	-0.2439976471	-0.560645862
YBL089W	0.003431581	-0.0075808447	-0.265304525
YBL090W	1.084066344	0.9391495874	0.844018081
YBL091C-A	0.814991727	0.7524053687	1.159820824
YBL091C	0.447578766	0.4606831036	0.296451347
YBL092W	-0.559923807	-0.5976181813	-0.55527506
YBL093C	0.177400174	0.2085598667	-0.062009387
YBL094C	0.730210338	0.8013325828	-0.423069154
YBL095W	-0.88609278	-0.7393243269	-0.291550988
YBL096C	1.508829678	1.338253279	0.816896991
YBL097W	-0.463388594	-0.4100201036	0.254383239
YBL098W	-0.270738334	-0.2786717519	-1.585655402
YBL099W	-0.398666596	-0.4120085407	0.112332079
YBL100C	1.682871673	1.7463925233	1.308316836
YBL100W-C	-0.387374482	0.2757382309	-0.535346733
YBL101C	-0.341653549	-0.3460775972	0.765019095
YBL102W	0.595634535	0.5477526016	-0.164741248
YBL103C	-0.386210966	-0.3857405232	-0.021320146
YBL104C	-0.406992033	-0.33304354	-0.097005589
YBL105C	-0.466386553	-0.4720658289	-0.134875675
YBL106C	0.088597896	0.1707644063	-0.165415438
YBL107C	-0.173634695	-0.202712111	-0.497379804
YBL107W-A	-0.734508879	-0.3688133001	-0.608747586
YBL108C-A	-0.116484212	0.094833329	-1.369944842
YBL109W	1.147473312	1.1256729891	-0.097599684
YBL112C	-0.610915845	0.6251188919	-0.199386476
YBL113C	-0.709417218	-0.6451180667	-1.026937438
YBL113W-A	2.516140073	4.1458665668	4.037451727
YBR001C	-0.346552751	-0.456155635	0.676395065
YBR002C	-0.058875394	-0.099837188	0.178782163
YBR003W	0.08440849	0.0892226002	-0.076332555
YBR004C	-0.244349281	-0.1815963624	-0.400962391
YBR005W	-0.028971228	0.0681408278	-0.509384364
YBR006W	1.078372727	0.9746880661	1.197798264
YBR007C	-0.255549733	-0.1981351683	0.703968988
YBR008C	-1.14423484	-1.1221835337	-0.474377678
YBR009C	0.905086197	0.8190008367	0.764885453
YBR010W	0.961790978	0.8198468927	0.754411361
YBR011C	-0.910576442	-0.8662235423	-0.758967135
YBR014C	0.690261539	0.6923419565	0.131593415
YBR015C	-0.731878788	-0.6730042952	-0.814913071
YBR016W	1.145920719	1.0827041056	1.110405554
YBR017C	-0.474880128	-0.4263378049	0.023250505
YBR018C	1.476313924	1.33317966	-0.155520597
YBR019C	1.414611606	1.4149642657	0.233203324
YBR020W	-0.186765094	-0.0012573635	-0.693192693
YBR021W	-0.606513529	-0.6512609895	-0.189679126
YBR022W	0.586170867	0.5382998935	0.234064824
YBR023C	-0.096326089	0.0126879735	0.038816018
YBR024W	0.927076491	0.9868105986	0.604042186
YBR025C	-0.337552826	-0.3082708992	-0.394140279
YBR026C	0.627039925	0.6226619076	0.684916608
YBR027C	-0.599052537	-0.3131246754	-1.014993807
YBR028C	-1.123825618	-1.0351374553	-0.661621523
YBR029C	0.542490814	0.5824854096	0.036879156
YBR030W	-0.665777853	-0.6042562746	-0.761360173
YBR031W	-0.854842975	-0.8520226448	-0.967494429
YBR032W	0.316723514	-0.8176193381	-2.275593531
YBR033W	0.82268911	0.865146576	1.685671235
YBR034C	-0.176579946	-0.1608605405	-0.279567355
YBR035C	0.540965729	0.5148958657	0.439672821
YBR036C	0.083557889	0.0861947814	-0.063459008
YBR037C	0.564484726	0.5839644768	0.773228218
YBR038W	-0.362933428	-0.3109951048	0.310829793
YBR039W	0.468397199	0.4267306411	0.348258089
YBR040W	2.291351517	2.4455366988	1.056636786
YBR041W	-0.306482255	-0.2288439236	-0.356013783
YBR042C	-0.271968189	-0.2453737035	-0.662476703
YBR043C	-0.093837424	-0.1235189927	-0.63568818
YBR044C	-0.331251787	-0.2927656957	-0.130576545
YBR045C	0.060433396	0.1044867654	-0.384200663
YBR046C	0.159527826	0.2038853468	1.006292489
YBR047W	0.306987365	0.3337890144	0.380177336
YBR048W	-0.919799433	-0.9114895535	-0.930210826
YBR049C	-0.319527912	-0.298689103	0.448362186
YBR050C	-0.071738785	-0.1944010082	1.26780661
YBR051W	2.799046763	3.1255914444	1.852290111
YBR052C	0.552590586	0.4762769752	0.858302597
YBR053C	0.858331844	0.8430625629	1.253311875
YBR054W	-0.656144263	-1.0451378775	0.483291699
YBR055C	-0.55568745	-0.6038045583	-0.194967133
YBR056C-B	-1.654955775	-0.8796658679	-1.68819828
YBR056W-A	0.404431714	0.4483182222	0.070179588
YBR056W	0.41255773	0.4208614824	0.766797893
YBR057C	-0.301991644	-0.2906371569	0.517693868
YBR058C-A	0.824379871	0.6580922072	0.032522645
YBR058C	-0.238728918	-0.219336752	0.044587752
YBR059C	0.019021102	0.0701307569	0.28604872
YBR060C	-0.180135509	-0.1611280848	-0.240251911
YBR061C	0.397376602	0.4165355135	-0.181340627
YBR062C	0.467405328	0.4571383403	0.499859867
YBR063C	-0.068829182	-0.122421772	-0.323976435
YBR064W	1.612491194	0.5575747547	0.609956377
YBR065C	0.101794794	0.0679474924	0.148191096
YBR066C	0.289280057	0.2835002595	0.432664032
YBR067C	-0.009451918	-0.1572986264	-0.099822121
YBR068C	-0.237881092	-0.2650500757	0.087925641
YBR069C	-0.28858056	-0.4001138698	-0.185982241
YBR070C	0.565136942	0.5681717238	-0.174933624
YBR071W	0.421103922	0.4822022554	1.224877421
YBR072C-A	-2.362524379	-0.345648301	-1.627790333
YBR072W	4.612409745	4.2316733509	5.057659646
YBR073W	-0.038026154	0.0454210791	0.289587628
YBR074W	-0.745770659	-0.6981059444	-0.763351723
YBR076C-A	0.162862	6.10972636622624e-05	-0.264624353
YBR076W	1.832798559	1.7007266851	0.972521948
YBR077C	0.01592963	-0.0226523219	0.282241949
YBR078W	-0.536901628	-0.5289768433	-0.510745347
YBR079C	-0.312238188	-0.2480148597	-0.113855983
YBR080C	-0.252176516	-0.2037829262	0.014911714
YBR081C	-0.127435888	-0.0780698072	0.563276045
YBR082C	0.188363892	0.1545399061	0.345903874
YBR083W	0.751902372	0.6771978525	0.779344766
YBR084C-A	-0.508006047	-0.4609132981	-0.538650706
YBR084W	-0.893612489	-0.7468643042	-0.706028523
YBR085C-A	0.59627723	0.4201106238	0.315120202
YBR085W	0.77651597	0.9261431934	-1.060623574
YBR086C	-1.121529111	-1.0926392801	-0.563831125
YBR087W	0.501757649	0.4511109022	0.040488033
YBR088C	0.696926416	0.6079841939	0.329457821
YBR089C-A	-0.014402895	-0.0321698087	0.12995538
YBR089W	0.271721636	0.2685584793	-1.406959202
YBR090C	0.023143458	-0.0707958944	-0.159368083
YBR091C	0.810289227	0.8065673017	0.563116918
YBR092C	-0.227893364	-0.2476094304	-0.506263608
YBR093C	-2.165884989	-1.9638418452	-0.122048963
YBR094W	-0.300753897	-0.1554540191	-0.042115506
YBR095C	0.376232293	0.3738615109	1.054174851
YBR096W	0.917573098	0.9113632117	0.3129014
YBR097W	-0.599487113	-0.624423091	0.292398217
YBR098W	0.081662114	0.135196052	0.391134108
YBR099C	0.811359484	0.8188826011	-0.230365724
YBR101C	0.248364588	0.2788756309	0.397344008
YBR102C	-0.160871598	-0.1268583051	-0.021126353
YBR103C-A	-0.322963023	0.5200008449	-0.760091946
YBR103W	-0.211749889	-0.1451936847	0.417777146
YBR104W	-0.446763769	-0.3232060673	-0.952269634
YBR105C	0.052901131	-0.1019956803	0.83564947
YBR106W	-0.567326267	-0.5561044568	-1.028046454
YBR107C	-0.085646878	-0.067879711	-0.513504049
YBR108W	-0.236117996	-0.1398518081	0.404499935
YBR109C	0.387372076	0.3827201077	0.183458436
YBR109W-A	0.375057709	0.1848537612	0.047565035
YBR110W	-0.188400773	-0.1232761077	-0.326896032
YBR111C	0.239117385	0.196747045	-0.036827256
YBR111W-A	0.679054174	0.6232481891	0.22596444
YBR112C	-0.240322586	-0.1600893116	0.420980786
YBR113W	0.220691975	0.1651001401	0.440149172
YBR114W	-0.26562413	-0.1548607978	0.165101193
YBR115C	-0.849026577	-0.7628903528	-0.570780417
YBR116C	0.839677416	0.766054614	0.655437734
YBR117C	2.776468368	2.4365255015	2.953466633
YBR118W	-0.881694588	-0.8032903212	-0.547958405
YBR119W	0.075169378	0.0303279265	0.459120091
YBR120C	0.568949933	0.4499902739	1.056641947
YBR121C	-0.295146933	-0.2451666669	-0.354909997
YBR122C	0.582490451	0.4855023949	0.27193717
YBR123C	-0.405027388	-0.3774971381	0.248116528
YBR124W	4.943041637	4.6735383448	2.673307231
YBR125C	-0.170903247	-0.1567901131	-0.240995041
YBR126C	0.439667564	0.3732367988	0.587335289
YBR126W-A	-0.297967331	-0.4763899292	-0.27380589
YBR126W-B	0.128964764	0.0508804479	0.163813359
YBR127C	-0.387697065	-0.3687511344	-0.236077388
YBR128C	0.234359398	0.1400930073	0.185058151
YBR129C	-0.356153599	-0.3254559849	0.49218859
YBR130C	0.274436968	0.3074750385	0.317181079
YBR131W	-0.168450697	-0.0968377201	0.36874942
YBR132C	0.513910238	0.4652555854	1.432021056
YBR133C	-0.579307037	-0.5576351922	-0.519613792
YBR134W	2.053161314	1.5543602129	0.716899297
YBR135W	0.524694683	0.4152288208	-0.26182205
YBR136W	-0.542996687	-0.4646529146	0.018329226
YBR137W	0.250062909	0.3227296717	0.201087008
YBR138C	0.198978421	0.3362018405	1.21777242
YBR139W	0.70785714	0.7175560889	0.89797169
YBR140C	-0.289194472	-0.2540924987	0.24154649
YBR141C	-0.102832465	-0.0524033166	-0.056491493
YBR141W-A	1.567463964	-0.3591626608	2.135549221
YBR142W	-0.360027563	-0.2845245464	-0.26500021
YBR143C	0.035699878	0.0462892853	-0.12587991
YBR144C	-0.68368855	-0.8759768847	-1.770610608
YBR145W	-0.628499905	-0.5512162386	-1.15019467
YBR146W	0.080630176	0.0109872167	0.176090125
YBR147W	0.544372206	0.3614776755	0.650356582
YBR148W	0.631547481	0.684427737	-0.421403321
YBR149W	0.730944959	0.7287004662	0.984100918
YBR150C	-0.274484388	-0.0971232792	0.960643065
YBR151W	-0.048792689	-0.0168018284	-0.293825259
YBR152W	-0.086064438	-0.0649461736	-0.058622109
YBR153W	-0.468774469	-0.5327917257	0.147338518
YBR154C	0.41483154	0.4348075862	-0.025343741
YBR155W	0.254116146	0.2954820887	-0.318499109
YBR156C	0.070162286	0.1593221975	0.543692291
YBR157C	-0.019795801	-0.2501964689	1.374997548
YBR158W	-0.468494599	-0.5183735926	0.407805001
YBR159W	0.103979335	0.1142194967	-0.380708594
YBR160W	0.063359018	0.0879889428	0.353083917
YBR161W	0.206189808	0.1592501509	0.486949686
YBR162C	0.129665205	0.1270263309	-0.196935307
YBR162W-A	0.412587225	0.2737721326	-0.034516577
YBR163W	-0.337731705	-0.2579509642	-0.931044229
YBR164C	0.477587144	0.4796365709	-0.014334964
YBR165W	0.341097409	0.3440146848	0.713771056
YBR166C	0.084258194	0.1426007527	0.001273885
YBR167C	1.036141166	0.9803518847	0.558913793
YBR168W	-0.186311606	-0.1937953864	-0.197578926
YBR169C	0.280618101	0.1772286146	1.338110488
YBR170C	-0.200084694	-0.0936955645	0.335303877
YBR171W	0.454878199	0.4082705234	-0.145260302
YBR172C	-0.428878656	-0.4054066241	0.458154999
YBR173C	1.036699563	0.9167334696	0.801654248
YBR174C	-0.601107811	-0.3379001327	-0.734633413
YBR175W	0.394850305	0.3767058339	0.160444795
YBR176W	0.227869816	0.2893975679	-0.400334391
YBR177C	0.448851896	0.4757260145	0.331459426
YBR178W	0.1404869	0.2170752641	-0.689926214
YBR179C	-0.198101371	-0.1363177959	0.849985004
YBR180W	1.211967327	1.2524231443	0.384525949
YBR181C	-0.340426737	-0.3256619704	-0.312256974
YBR182C-A	1.199597242	0.430176694	-1.147274099
YBR182C	0.177295278	0.279591636	-0.063275047
YBR183W	0.339008649	0.2134768943	0.647534748
YBR184W	0.302400853	0.2822363117	0.778158428
YBR185C	0.462391696	0.4639746164	0.553886112
YBR186W	0.961517113	1.2928035808	0.738557323
YBR187W	-0.286489233	-0.2246576265	-0.466530721
YBR188C	0.778478676	0.7262703624	0.513900421
YBR189W	-0.463068233	-0.4788634643	-0.687225778
YBR190W	-0.068269466	-0.1464210395	-0.862636823
YBR191W-A	-0.200456317	-0.9113983378	-1.277432089
YBR191W	-0.342585735	-0.487091174	-0.66060491
YBR192W	-0.389939855	-0.3878471449	-0.35968369
YBR193C	0.481980593	0.4108057855	0.317227213
YBR194W	0.846703013	0.7823373572	0.91338751
YBR195C	0.068200893	0.0480348507	0.39875313
YBR196C-A	-1.167492237	-0.9678799789	-0.906639127
YBR196C-B	-1.143445359	-0.921167344	-1.793327978
YBR196C	-0.099093968	-0.0804785672	-0.067153693
YBR197C	-0.238916598	-0.2188697942	-0.104207728
YBR198C	-0.093632264	-0.0321074273	0.460526764
YBR199W	0.398188441	0.41025932	0.108280928
YBR200W	0.030659355	0.0526665907	-0.04791098
YBR201C-A	1.268199507	1.0543008711	0.781671046
YBR201W	0.400712175	0.4014543702	0.527468834
YBR202W	-0.590100588	-0.502905703	-0.054037121
YBR203W	0.194374699	0.2520284976	0.559632587
YBR204C	0.436294461	0.4705648057	0.438153733
YBR205W	-0.368389578	-0.3140008316	-0.632363592
YBR206W	-0.396455576	-0.4055884737	-0.851576798
YBR207W	0.119852554	0.1462058517	0.087451592
YBR208C	0.072887973	0.1527763183	-0.13227669
YBR209W	0.701203983	-0.0899371688	0.599710838
YBR210W	0.690617456	0.5938049011	-0.176754289
YBR211C	0.089496787	0.0301837364	0.86428053
YBR212W	-0.172541087	-0.1703664027	0.629714005
YBR213W	-0.021793516	0.2347933934	-0.38935945
YBR214W	0.740784455	0.7276415901	0.999349831
YBR215W	0.235502383	0.2838202086	0.406596618
YBR216C	-0.514446794	-0.570282635	-0.379617928
YBR217W	0.152044259	0.0419884591	-0.217038103
YBR218C	-0.571164185	-0.4213010811	-0.602000785
YBR220C	-0.77094008	-0.6770243262	-0.810412946
YBR221C	-0.556242861	-0.4862813907	-0.729603014
YBR221W-A	0.966144063	2.2322919425	-0.560099558
YBR222C	-0.215619981	-0.142021204	0.278127077
YBR223C	-0.267510467	-0.1919693193	-0.130460096
YBR224W	0.155389037	-0.0716452126	0.33051762
YBR225W	-0.155105663	-0.1447163778	0.840114865
YBR226C	-0.004850995	0.678924454	-0.14876176
YBR227C	0.269561393	0.3628882449	-0.243547469
YBR228W	0.023473229	0.1118768364	-0.373780592
YBR229C	-0.248189912	-0.1916660089	-0.563082783
YBR230C	0.947776137	0.8097624059	1.078489524
YBR230W-A	0.938066923	0.7943269932	0.930143791
YBR231C	0.351047669	0.3508614223	0.559205729
YBR232C	1.692687016	2.6964066592	0.592469981
YBR233W-A	0.412676327	0.2626024676	0.037973424
YBR233W	0.271231115	0.2639402812	0.551957921
YBR234C	0.42001771	0.4451993253	-0.075901104
YBR235W	-0.320073382	-0.2857365153	-0.385801434
YBR236C	0.271793704	0.2873772603	-0.147902412
YBR237W	0.036861371	0.0383800177	0.034241388
YBR238C	-0.225875004	-0.2783467759	0.076849254
YBR239C	-0.164135878	-0.2397121929	0.483003398
YBR240C	1.150352872	1.1711387582	0.704875225
YBR241C	0.613676584	0.6475032702	0.895918385
YBR242W	-0.18842956	-0.1153753969	-0.440891033
YBR243C	-0.219586836	-0.229948564	-0.393970046
YBR244W	0.225885781	0.1756964535	-0.414573022
YBR245C	-0.459225762	-0.3572110458	0.076294663
YBR246W	-0.278049344	-0.2201366325	-0.508571778
YBR247C	-0.146018262	-0.0681332615	-0.082815012
YBR248C	-0.216118721	-0.0836608037	-0.264951918
YBR249C	-0.679794759	-0.5860408453	-0.753901459
YBR250W	0.484821506	0.5878257653	-0.6954358
YBR251W	0.435045766	0.377274299	0.743701703
YBR252W	0.306960512	0.2481607579	-0.3586902
YBR253W	0.189573375	0.1188480261	-0.256478698
YBR254C	1.043354727	0.9605190265	0.424754133
YBR255C-A	-0.009560031	0.0204023159	0.075029544
YBR255W	-0.227458924	-0.2038713314	0.469876402
YBR256C	0.524005853	0.4918031923	-0.491994478
YBR257W	0.259176144	0.2431042388	0.362499791
YBR258C	1.144228975	1.2189694514	0.898165333
YBR259W	-0.303357478	-0.2612685821	-0.368255448
YBR260C	-0.145580084	-0.1730389971	0.011814053
YBR261C	0.486942829	0.5373898107	-0.069791169
YBR262C	1.200852895	1.1007714675	0.543159911
YBR263W	-0.526603975	-0.4793407859	-0.962624172
YBR264C	0.384370139	0.3716403074	0.169492549
YBR265W	-0.305101808	-0.2492008508	0.111039738
YBR266C	-1.084282248	1.2871033466	0.489532535
YBR267W	0.167499568	0.1648031017	0.15099417
YBR268W	0.812188696	0.688098039	0.342022044
YBR269C	1.080856175	1.1353384033	1.2959917
YBR270C	-0.048020327	-0.1063631044	0.128153976
YBR271W	-0.015662768	-0.005394779	-0.515013873
YBR272C	0.273676597	0.2526224353	0.099551166
YBR273C	0.558808703	0.5521280826	0.567424364
YBR274W	-0.237876455	-0.2337875471	-0.493548998
YBR275C	-0.683577177	-0.6057468025	0.302079973
YBR276C	-0.467342392	-0.423909599	-0.70049828
YBR277C	-0.121547035	-0.5705233152	-2.270494767
YBR278W	0.782256679	0.7763686632	0.574070334
YBR279W	0.195838299	0.2888658714	0.65611251
YBR280C	0.221508969	0.2438866657	0.779045767
YBR281C	-0.434713748	-0.3611754978	-0.324393834
YBR282W	1.023141771	0.9647841877	1.016861855
YBR283C	-0.555963693	-0.5254769354	-0.618846021
YBR284W	1.202013057	1.2556000718	0.58134834
YBR285W	2.615620818	2.4480090866	3.927687451
YBR286W	0.002805116	0.0314165622	0.159109323
YBR287W	-0.263914571	-0.2343412437	-0.124808737
YBR288C	0.245787251	0.2308794133	0.171293143
YBR289W	-0.04340496	-0.0359711354	1.097306442
YBR290W	0.438426751	0.4562324838	0.990673064
YBR291C	0.543731066	0.4927122789	-0.439530326
YBR292C	-0.225230284	-0.2388813642	-0.175337265
YBR293W	-0.371161705	-0.3105818604	-0.864817229
YBR294W	-0.75546989	-0.9208299575	-1.104780254
YBR295W	-0.06104775	0.0568925378	0.445627427
YBR296C-A	0.53745545	-0.4680700576	1.934569912
YBR296C	-0.216807504	-0.0342182669	0.832163578
YBR297W	0.594900716	0.6830969017	0.506992703
YBR298C-A	0.36181194	0.5895578384	-1.43229832
YBR298C	-0.128075178	-0.1415698589	-1.074758814
YBR299W	2.147738855	2.3459903265	0.861527153
YBR300C	0.606753725	0.2177267619	-1.903621987
YBR301W	2.116543237	2.2450525182	1.475612827
YBR302C	0.440531804	0.5148160675	0.288213755
YCL001W-A	0.60257241	1.0226857204	-1.083776171
YCL001W-B	0.221537131	0.1814873197	-1.446338374
YCL001W	0.502149343	0.3547597902	0.12644672
YCL002C	-0.502460992	-0.6612825617	-1.049226695
YCL004W	0.224296612	0.2512311168	-0.076464822
YCL005W-A	0.446423186	0.4417259729	-0.226517227
YCL005W	-0.110844611	-0.1757921505	-0.570556678
YCL007C	0.983610976	0.7288046293	-0.341132601
YCL008C	-0.280570297	-0.2445710648	-0.2539075
YCL009C	-0.540249327	-0.3958899661	-0.924361033
YCL010C	-0.514422267	-0.4102885534	-0.62377735
YCL011C	-0.294720681	-0.2280541979	-0.728175733
YCL012C	1.07875787	1.0249250715	0.629294643
YCL014W	-0.961821386	-0.8570217449	-0.217274153
YCL016C	0.232319266	0.3187665089	0.243872199
YCL017C	-0.225782895	-0.1253273395	0.050018223
YCL018W	-1.057485855	-1.0703271768	-1.312434419
YCL021W-A	-1.743089118	-1.9092452075	-2.107801038
YCL022C	-1.637513126	0.0048979897	0.691608246
YCL023C	1.42258302	1.797331885	-0.044235471
YCL024W	-0.010222114	0.0448878457	0.391905231
YCL025C	0.255759539	0.1722997063	0.316890785
YCL026C-A	0.560455733	0.4174098904	0.746979295
YCL026C-B	0.287105965	0.4427735251	0.178106824
YCL027W	2.039258221	1.9079366788	0.037082658
YCL028W	0.202560672	0.2078122995	0.235502917
YCL029C	0.150238671	0.2170843888	-0.026676532
YCL030C	-0.982626315	-0.8543256894	-0.961514637
YCL031C	0.663296592	0.6201065772	0.34474799
YCL032W	0.730203118	0.8080320656	0.626082831
YCL033C	0.848927093	0.8661707017	0.21403568
YCL034W	0.375517492	0.3568579338	0.461485779
YCL035C	1.416813297	1.2361652809	1.553879817
YCL036W	-1.003423463	-0.9480036159	-0.618401911
YCL037C	0.397630391	0.3961672185	0.759041351
YCL038C	0.081073629	0.1774417031	0.497565836
YCL039W	-0.128458409	-0.014028249	0.274395173
YCL040W	0.794691979	0.6465644305	1.310190761
YCL041C	-0.281133481	-0.5199937567	-0.287081755
YCL042W	0.245766128	0.0380353563	0.635628707
YCL043C	-0.315381704	-0.3036736075	-0.00502944
YCL044C	-0.195102666	-0.1515394209	0.356386686
YCL045C	-0.226783086	-0.1900574732	-0.538162219
YCL046W	0.780975691	1.455902582	-0.4985542
YCL047C	0.4918755	0.5444921306	-0.198772953
YCL048W-A	2.457106249	2.0069517492	5.123191622
YCL048W	1.676987977	1.5341495895	0.653840062
YCL049C	0.897707726	0.9508466026	0.321888304
YCL050C	0.019323964	0.0901960706	-0.241294247
YCL051W	-0.127284165	-0.1258321489	0.193238369
YCL052C	0.162182614	0.1596232252	-0.089345146
YCL054W-A	-1.09835394	-1.092193653	0.10003429
YCL054W	-0.130452241	-0.0163266658	-0.210139769
YCL055W	1.142276598	1.0743046568	0.822452391
YCL056C	0.384615999	0.3657666884	-0.00170185
YCL057C-A	0.447945669	0.2787705881	0.590974122
YCL057W	-0.363601216	-0.2671897132	-0.306106287
YCL058C	0.714914382	0.4003550462	0.840741569
YCL058W-A	0.724062943	0.7097117142	0.364942479
YCL059C	0.444536687	0.4966073108	-0.015708891
YCL061C	-0.195465837	-0.1448500883	0.103071898
YCL063W	-0.607714495	-0.5078376083	-0.161684293
YCL064C	2.095164077	2.1595511133	2.144727087
YCL066W	0.090246813	0.7235760455	0.394783895
YCL067C	0.067061846	0.0420042646	-0.336867035
YCL073C	1.74495864	1.1565658905	NA
YCL075W	1.013406517	1.5474830887	-1.421105902
YCL076W	2.22185476	1.7805987266	0.717392686
YCR001W	-1.061588059	-1.3921016864	NA
YCR002C	0.429981334	0.3907916538	0.424845279
YCR003W	0.783287604	0.7313615336	0.869470196
YCR004C	0.16878559	0.1777775561	0.407191574
YCR005C	0.224992179	0.2191127529	1.065070872
YCR006C	0.207549532	0.0983549178	-0.156350156
YCR007C	0.614537771	0.5479554798	0.453395869
YCR008W	-0.563685093	-0.5795640049	-0.492480672
YCR009C	0.424419272	0.3719686259	0.521515744
YCR010C	1.427248092	1.4667552762	1.549262972
YCR011C	-0.32918908	-0.2675348757	0.381574097
YCR012W	-0.624139987	-0.5496316403	-0.659133169
YCR013C	-0.826532959	-0.8703166638	-0.969977188
YCR014C	-0.022538142	-0.0826541193	-0.137683241
YCR015C	0.205797027	0.237926971	0.244100893
YCR016W	0.085891761	0.1059749508	-0.004814596
YCR017C	-0.296714329	-0.2525893918	-0.252804075
YCR018C-A	0.179152302	0.1606691981	-0.29866147
YCR018C	-1.031496517	-1.1645181846	-1.023696175
YCR019W	0.351886966	0.4435401753	0.286169339
YCR020C-A	0.101910178	0.1538083805	-0.324120483
YCR020C	1.292852317	1.2638982785	-0.051852176
YCR020W-B	0.374594526	0.368562959	-0.103504503
YCR021C	0.126179277	-0.1954973481	0.971538014
YCR022C	0.709154723	0.9051927703	-0.710591678
YCR023C	-0.741102879	-0.6729011566	-0.781639426
YCR024C-A	-0.716789715	-0.9123398356	-0.728472785
YCR024C-B	-0.468245686	-0.6675961175	-0.389886875
YCR024C	-0.139260785	-0.0405167254	0.435671883
YCR025C	-0.31439235	-0.1795461457	-0.474066412
YCR026C	-0.357797473	-0.3183912188	0.485022097
YCR027C	0.005838989	-0.0780251975	0.1271067
YCR028C-A	0.224594571	0.1514317861	0.105981565
YCR028C	-0.561228025	-0.484159527	-0.860643541
YCR030C	-0.156154117	-0.1445340286	0.346523187
YCR031C	-0.606701619	-0.6065079497	-0.745622843
YCR032W	-0.528091337	-0.5264966711	-0.055526851
YCR033W	-0.346964353	-0.3241954382	0.356752049
YCR034W	-0.574547274	-0.5711807252	-0.797032091
YCR035C	0.017496192	0.0188895111	0.172966664
YCR036W	0.477219838	0.5482385283	0.370612561
YCR037C	-0.087650192	-0.0275138816	-0.056077318
YCR038C	-0.127420821	-0.2702786743	0.264372051
YCR038W-A	0.08476337	0.3563487513	-0.76672528
YCR039C	0.067061846	0.0420042646	-0.336867035
YCR040W	0.090246813	0.7235760455	0.394783895
YCR041W	-0.201665603	-0.5520725328	-0.442047163
YCR042C	-0.402574901	-0.3453173316	0.438874755
YCR043C	-0.039955961	0.001827232	-0.706711876
YCR044C	0.318628192	0.3047005417	-0.532533343
YCR045C	0.864274697	0.7946817626	0.847335204
YCR045W-A	-0.525757633	-0.5924658271	-0.996638817
YCR046C	0.6088363	0.6335538146	0.219789967
YCR047C	-0.071457015	0.0002618937	-0.110494164
YCR047W-A	-0.241849151	1.010161916	0.249187171
YCR048W	-0.167996204	-0.0241627525	-0.69026581
YCR049C	1.134441624	0.8428493218	-0.420196755
YCR050C	-0.226160889	-0.4257451542	-1.506989649
YCR051W	0.031584941	0.1020171558	-0.739563832
YCR052W	-0.208483164	-0.0713621658	-0.00852313
YCR053W	0.131486096	0.1746998318	-0.530433642
YCR054C	-0.213355247	-0.2460430454	0.157789212
YCR057C	-0.667555601	-0.5507968374	-0.509046554
YCR059C	-0.287092891	-0.1594637062	-0.631475183
YCR060W	0.740567454	0.6858566567	0.094845141
YCR061W	-0.484703015	-0.331007508	0.134636506
YCR063W	0.114983536	-0.0398194705	0.190010608
YCR064C	0.187096253	0.0811916828	-1.050099361
YCR065W	-0.455355716	-0.5204944043	0.627863623
YCR066W	-0.464073378	-0.3979907379	0.318930271
YCR067C	-0.574102806	-0.500092218	-0.154803856
YCR068W	-0.368083438	-0.3528743644	-0.33027973
YCR069W	-0.117716367	-0.0751508957	-0.460657787
YCR071C	0.862601207	0.7404122679	0.549489323
YCR072C	-0.434265116	-0.3859033391	0.166300378
YCR073C	0.118598188	0.3397931963	0.484589908
YCR073W-A	0.405630181	0.5247036223	0.265400404
YCR075C	0.19681754	0.2668156409	0.085567302
YCR075W-A	1.109466129	1.2080040867	0.424386354
YCR076C	1.538119673	1.1220389062	0.105370022
YCR077C	-7.048084395	-0.2660862482	0.494318137
YCR079W	0.523984647	-0.0330224139	-0.187622698
YCR081C-A	-0.059041151	1.0782602547	0.05872181
YCR081W	-0.77404601	-0.5707502408	-0.405259049
YCR082W	0.256487501	0.1318353976	-0.213968636
YCR083W	0.821239885	0.7007113346	0.792800254
YCR084C	-0.18547904	-0.1132131251	0.320543997
YCR085W	0.918953199	-0.0708203456	-3.527301474
YCR086W	0.566668517	0.520455479	0.369152897
YCR087C-A	0.452513019	0.4409172512	0.093495351
YCR087W	0.227941067	-0.3396539316	-0.457589247
YCR088W	0.161723299	0.2753780165	0.636911612
YCR089W	0.384110186	0.2883857828	-0.506730364
YCR090C	0.398421682	0.3919671849	-0.305526792
YCR091W	0.545275007	0.546598534	1.006066731
YCR092C	-0.755413033	-0.6421841329	-0.151177197
YCR093W	-0.66143288	-0.6153600906	0.060804363
YCR094W	0.031591808	0.1028944877	-0.314902622
YCR095C	0.297712583	0.2325710081	0.277691963
YCR095W-A	-0.535955849	-0.5969218694	-0.688346693
YCR096C	0.241028514	0.0381402426	0.005908976
YCR097W	0.320402877	0.2897031585	0.06665955
YCR098C	0.826937221	0.7625229518	1.211638994
YCR099C	0.080970275	0.1390126954	0.080949125
YCR100C	0.011840938	-0.0099343604	0.069590948
YCR101C	-0.005082472	0.1136013444	-0.018190118
YCR102C	0.067248619	0.2403468083	-1.236734062
YCR102W-A	0.646513771	1.261476674	-0.95890019
YCR104W	0.771179882	1.356501434	-1.727907997
YCR105W	0.610573693	0.6430406513	-0.217564883
YCR106W	-1.008528112	-0.9365045877	-0.877915147
YCR107W	-1.075212318	-1.072629698	-0.96553206
YCR108C	1.145557042	1.5393581959	-1.396471204
YDL001W	-0.150145057	-0.0997284199	0.58934508
YDL002C	0.103410314	0.1256470969	0.118471333
YDL003W	-0.332290954	-0.3694170802	0.298307118
YDL004W	0.413852241	0.3471960846	0.2266657
YDL005C	0.634214866	0.63676423	1.059807406
YDL006W	-0.109394008	-0.0684708822	0.119399536
YDL007C-A	3.001462238	3.6327794939	NA
YDL007W	0.210354801	0.2277072161	0.333923756
YDL008W	0.55708217	0.5525805839	0.38800625
YDL009C	0.037774619	-0.0832996508	-0.132671481
YDL010W	0.179266245	0.1423333408	0.085223699
YDL011C	-0.774328101	-1.4397218589	0.428269106
YDL012C	0.907779408	0.7707013858	0.520402559
YDL013W	-0.374179256	-0.3540477079	0.310961634
YDL014W	-0.076951555	-0.0095745567	-0.390315776
YDL015C	-0.022053293	-0.1031430822	-0.150817795
YDL016C	-0.155482246	-0.1233784649	-0.337935482
YDL017W	0.069482571	0.1815101088	0.413950534
YDL018C	0.787347751	0.7685226797	0.546460859
YDL019C	-0.38884526	-0.3313438415	0.015782195
YDL020C	0.509694274	0.4394665464	0.507397031
YDL021W	1.929058409	1.9199411014	2.040037104
YDL022C-A	1.575314765	0.553149722	0.489660289
YDL022W	0.596401602	0.4862639135	0.813010527
YDL023C	-0.161888786	-0.1472104578	0.47650283
YDL024C	1.936788157	1.9038689606	1.412725606
YDL025C	-0.033469568	-0.0340313769	0.509541351
YDL025W-A	-0.820998957	-1.4944293288	-1.066173899
YDL026W	-0.283866331	0.1105946957	-1.171480457
YDL027C	0.172215707	0.1998342054	0.452717087
YDL028C	-0.163954137	-0.1466146301	0.589994563
YDL029W	0.596747822	0.6451839422	0.497574885
YDL030W	-0.378121693	-0.3522315189	0.130574977
YDL031W	-0.235585012	-0.1391248485	-0.223332261
YDL032W	1.350345361	1.3077356883	0.506947412
YDL033C	-0.260076927	-0.2151670976	-0.123707139
YDL034W	1.276174072	-0.6159483148	-2.596672106
YDL035C	-0.240677885	-0.1389072836	0.234923835
YDL036C	-0.442970264	-0.4191954212	-0.344158059
YDL037C	-3.06223981	-2.7024842043	-2.831708004
YDL039C	-2.305635823	-2.2059943181	-2.114440397
YDL040C	-0.488983759	-0.4157726923	-0.09690379
YDL041W	0.256567354	-0.221169583	-0.868703967
YDL042C	-0.836852054	-0.7230985627	0.28886067
YDL043C	-0.056223308	-0.0781748506	0.29202832
YDL044C	-0.151489155	-0.0457825928	1.092875261
YDL045C	0.226964105	0.1715992622	0.610007063
YDL045W-A	0.770954518	0.7218078872	0.036642329
YDL046W	0.169779563	0.1842652017	0.209285284
YDL047W	-0.430056065	-0.3447791403	-0.296180581
YDL048C	-0.435809342	-0.7091324105	0.318988038
YDL049C	-0.228017938	-0.1427051574	0.246707156
YDL050C	-0.332819867	-0.4587028831	-0.378005027
YDL051W	0.173179061	0.1811438385	-0.417023657
YDL052C	0.078373456	0.1146135134	-0.587138014
YDL053C	0.247336812	0.2956710032	-0.034988373
YDL054C	-0.216720988	-0.1883578462	0.084489832
YDL055C	-0.477652162	-0.4698696452	-0.086375621
YDL056W	-0.426728992	-0.4415005561	0.386450615
YDL057W	0.456642177	0.5047331239	0.83539358
YDL058W	-0.611812573	-0.5241601942	-0.098803075
YDL059C	-0.292737782	-0.3422511856	-0.092237657
YDL060W	-0.3428871	-0.2752459249	-0.172912938
YDL061C	-0.244710367	-0.3450978309	-0.53948447
YDL062W	2.717362129	2.4636197785	1.485622478
YDL063C	-0.489486344	-0.4621645813	-0.380972135
YDL064W	0.315955514	0.3382535892	0.18762893
YDL065C	0.819325459	0.8741223673	0.915770432
YDL066W	-0.586869448	-0.5131578615	-1.251218588
YDL067C	1.050839129	0.883717961	0.820577617
YDL068W	-0.511751254	-1.0110301573	-1.09782002
YDL069C	0.237845482	0.2502875664	-0.18316458
YDL070W	0.184989352	0.1880317667	0.024163566
YDL071C	0.294306424	-0.0244067503	-1.028676851
YDL072C	0.902267868	0.855701272	1.013586344
YDL073W	-0.258073295	-0.3194551692	-0.757261341
YDL074C	-0.115592846	-0.1242355685	0.335133311
YDL075W	-0.380794227	-0.4296265275	-0.473956164
YDL076C	0.294661458	0.1919673589	0.206001079
YDL077C	-0.433135378	-0.4329576574	0.214515075
YDL078C	0.380130253	0.3664804155	0.25852894
YDL079C	1.410361272	1.4372940532	0.995104693
YDL080C	-0.243651152	-0.2215925886	-0.224472873
YDL081C	-0.975492421	-1.0245009634	-1.179307811
YDL082W	-0.450976762	-0.4468323136	-0.564800579
YDL083C	-0.601318465	-0.6353014031	-0.743461575
YDL084W	-0.352785795	-0.3046041501	-0.574351457
YDL085C-A	0.609662173	0.5904365583	-0.210228012
YDL085W	2.369624595	2.2539871933	2.942091393
YDL086C-A	-1.740474057	-1.9014022736	-1.505176479
YDL086W	0.696210941	0.6676982643	0.074431313
YDL087C	-0.161528263	-0.0852100674	-0.296301985
YDL088C	-0.078173266	-0.1331095175	0.403105266
YDL089W	0.172150873	0.2188452323	-0.508749585
YDL090C	0.540286535	0.4913914775	-0.458255904
YDL091C	0.298858284	0.1867241438	0.432163744
YDL092W	1.112334159	1.0519257204	0.441452393
YDL093W	-0.019987118	0.0702546831	-0.496789386
YDL094C	0.424670034	0.0331687529	-0.753834902
YDL095W	-0.335350607	-0.2747776291	-0.431760635
YDL096C	0.160354652	0.2696440432	0.626101718
YDL097C	0.15059805	0.1843483485	0.223685836
YDL098C	0.367604049	0.3180130065	-0.58042473
YDL099W	0.652026509	0.662740499	0.605461893
YDL100C	0.376268626	0.3937461547	0.0737756
YDL101C	0.334641656	0.4126358554	0.141627166
YDL102W	-0.334532216	-0.2373366007	0.005122578
YDL103C	0.556016178	0.6057071448	0.233221181
YDL104C	0.066772454	0.0124619065	0.119230413
YDL105W	0.385422441	0.3590544857	0.896093192
YDL106C	0.2939078	0.2984009118	1.06028989
YDL107W	0.240235562	0.2505314305	0.655662488
YDL108W	-0.028329245	0.0796309114	0.009173839
YDL109C	0.001480284	-0.0558307453	-0.471149838
YDL110C	1.118589389	1.0446815387	1.567579574
YDL111C	0.133692866	0.1742737566	-0.229019856
YDL112W	-0.953176776	-0.9305371113	-0.171151875
YDL113C	-0.038338515	-0.0441276181	0.427923363
YDL114W-A	0.498394711	0.5119204431	-4.380216756
YDL114W	2.789227957	2.5958393738	0.234314458
YDL115C	0.307553393	0.3538970146	1.00051372
YDL116W	-0.274451883	-0.2856541346	0.316827038
YDL117W	-0.55168346	-0.5171416225	0.451033587
YDL118W	1.22232421	0.4260106275	1.56152751
YDL119C	0.723969793	0.7188815678	0.801420368
YDL120W	0.657894051	0.6581909671	0.443241277
YDL121C	0.88889985	0.84486595	0.063522529
YDL122W	-0.472386671	-0.4349840597	0.066543271
YDL123W	-0.045461813	-0.1685563274	-0.309121354
YDL124W	0.150279666	-0.0645511319	0.696681933
YDL125C	0.185275458	0.1461215217	0.004298513
YDL126C	-0.0610526	-0.0215928996	0.064708621
YDL127W	-0.212716443	-0.1611048887	0.372776556
YDL128W	-0.125981089	-0.0979762379	0.029418823
YDL129W	-0.415321202	-0.3460414995	-0.057899869
YDL130W-A	2.009906416	1.9238529089	2.313912069
YDL130W	-0.628698776	-0.7173520152	-1.005672229
YDL131W	0.089266117	0.109315125	-0.621799883
YDL132W	-0.193822827	-0.1401803551	0.452058026
YDL133C-A	0.066750886	-0.1978381048	-0.737890731
YDL133W	-0.004995572	-0.0265139392	0.320998769
YDL134C	-0.264101523	-0.2450038311	-0.128385485
YDL135C	0.405848786	0.4041490695	0.13951476
YDL136W	0.113590062	0.1183417067	-0.193552387
YDL137W	0.317261071	0.2822365708	0.187885272
YDL138W	-0.21056748	-0.1912201879	-0.292076301
YDL139C	0.812631968	0.8638014664	1.175225553
YDL140C	-0.892750708	-0.8701623597	-0.171683979
YDL141W	-0.127049391	-0.0300261942	-0.564431203
YDL142C	0.229266889	0.1522796902	0.24493489
YDL143W	-0.010431805	0.0813066434	-0.325081824
YDL144C	0.16054589	0.1742804476	-0.4040797
YDL145C	-0.527325467	-0.4642404093	-0.345359985
YDL146W	-0.45032037	-0.3971864142	-0.603086642
YDL147W	0.541192033	0.5470869465	0.447608982
YDL148C	-0.333992455	-0.263974833	0.08175725
YDL149W	-0.037491202	0.0036503176	0.819562572
YDL150W	-0.210634008	-0.1429796857	-0.349695382
YDL151C	1.277441578	1.8012029413	-0.333219633
YDL153C	-0.358825996	-0.2336942482	-0.192950573
YDL154W	-0.520243222	-0.5302109947	-0.838335284
YDL155W	-0.301724113	-0.2764813294	0.301632007
YDL156W	-0.176635864	-0.2038939396	-0.213159905
YDL157C	0.213935873	0.1940272017	-0.554177003
YDL158C	0.207920274	0.1085149215	-0.703313569
YDL159C-B	-0.745667496	-0.8605716697	NA
YDL159W	0.417295037	0.3723301433	0.229562751
YDL160C-A	-0.090068999	-0.2007265537	0.227729134
YDL160C	-0.473576213	-0.5139880683	-7.694609346
YDL161W	0.632630844	0.6189385715	0.879148939
YDL162C	1.480610319	1.7535521543	0.198268908
YDL163W	-0.848338671	NA	-2.808921951
YDL164C	-0.030197934	0.0615361225	0.010959047
YDL165W	0.598904513	0.5966483419	0.26846734
YDL166C	0.812708825	0.8319595737	0.500629363
YDL167C	-0.658907296	-0.6418158028	-0.585801174
YDL168W	0.200688701	0.2917344699	-0.116801178
YDL169C	1.854454466	1.7497566106	2.006508056
YDL170W	-0.039978956	0.1068204071	-0.399194685
YDL171C	-1.773884831	-1.6779867733	-1.464375508
YDL172C	-0.607649784	-0.973347957	-1.174737898
YDL173W	0.929188876	0.9804893217	0.263434549
YDL174C	-0.035747498	-0.0294551984	0.126029274
YDL175C	-0.082288203	0.0003139621	0.15202289
YDL176W	-0.343624938	-0.2842036994	-0.221761443
YDL177C	0.322109465	0.3855010071	-0.45035698
YDL178W	0.078849283	0.1229626003	-0.173987409
YDL179W	-0.189886928	-0.1919890858	0.830198228
YDL180W	-0.622070025	-0.6300116614	-0.166499957
YDL181W	0.103573302	-0.1170162085	0.988633775
YDL182W	0.176457671	0.096283942	-0.533237469
YDL183C	0.580500663	0.447802566	1.109501086
YDL184C	-0.108317504	-0.3892406026	-0.683580645
YDL185C-A	-0.429746994	-1.2882949866	0.702117304
YDL185W	-0.908621094	-0.8153100943	-0.621632244
YDL186W	0.001003645	0.7669218037	-1.539047149
YDL187C	-0.364506352	-0.2515426649	-0.503444356
YDL188C	0.301939111	0.2546883604	-0.041983583
YDL189W	0.078823159	0.124851734	-0.040303161
YDL190C	-0.432937773	-0.4492981346	0.250023349
YDL191W	-0.499594063	-0.5506760996	-0.782604037
YDL192W	-0.084480522	-0.0968496921	-0.266844481
YDL193W	0.157474563	0.2556566916	0.466697109
YDL194W	0.162558156	0.1226372519	0.816802347
YDL195W	-0.677410153	-0.6299370644	-0.200565954
YDL196W	0.494287199	0.1141121696	-0.130173576
YDL197C	0.030821904	0.0201206331	0.001025678
YDL198C	-0.766266612	-0.7092818474	-0.843012254
YDL199C	0.602511114	0.5082465148	1.456937036
YDL200C	0.642553825	0.5719063008	0.168806486
YDL201W	0.062607042	0.1165930148	-0.147262422
YDL202W	0.40860723	0.3956564008	0.371400137
YDL203C	-0.321234677	-0.3435647424	-0.432423257
YDL204W	2.87336547	2.5310820435	3.602973627
YDL205C	-0.35308566	-0.3232542047	-0.201611155
YDL206W	-0.23884637	-0.237798763	-0.145585998
YDL207W	0.153853763	0.1796869509	-0.102692769
YDL208W	0.754201999	0.7601708969	-0.021230799
YDL209C	0.364243135	0.461958251	0.845415711
YDL210W	1.68776425	1.6146911025	0.869919249
YDL211C	-0.130873048	-0.2072607748	0.586519721
YDL212W	0.301953705	0.2632592153	-0.334846313
YDL213C	0.535825576	0.4943585179	0.054675961
YDL214C	1.920678366	1.9320177955	1.176171064
YDL215C	-0.500536997	-0.4661806333	1.321758234
YDL216C	0.243076198	0.1205955292	0.829728569
YDL217C	-0.181152406	-0.1724395744	-0.240670243
YDL218W	1.695134713	1.3845150309	1.552161236
YDL219W	0.208142872	0.2023318348	-0.169076738
YDL220C	-0.069035441	0.023335808	-0.206966255
YDL221W	0.714541964	0.2642651664	0.429199358
YDL222C	2.650998738	2.2839879209	3.578218931
YDL223C	1.786858295	1.5898050633	2.934231273
YDL224C	-0.816148837	-0.8311150536	0.221122271
YDL225W	0.429078008	0.4662047735	0.390260141
YDL226C	0.137274299	0.2263708882	-0.189323746
YDL227C	-1.691406786	-1.7025962384	-1.243345743
YDL228C	-0.590741132	-0.7451702253	-0.781281034
YDL229W	-1.081522044	-1.0293645543	-1.002240341
YDL230W	0.833099359	0.8834201671	0.271924573
YDL231C	-0.466773118	-0.5040411722	-0.813558964
YDL232W	0.359094081	0.0715556311	-0.522357095
YDL233W	0.708476265	0.8132240529	0.989255363
YDL234C	0.268873505	0.3241412522	0.634285523
YDL235C	0.266638539	0.2820007723	-0.118405824
YDL236W	0.061904854	0.0920279078	-0.175939743
YDL237W	0.018879296	0.0466415293	-0.090184261
YDL238C	0.039551346	0.0934080952	0.338407573
YDL239C	-0.284680037	-0.1973284042	-0.448662425
YDL240W	-0.48671511	-0.5217145498	0.370638578
YDL241W	1.166411316	1.2281676699	-0.291443845
YDL242W	-1.480329632	-0.8024478183	-1.052923529
YDL243C	-0.570242631	-0.417794718	-1.249239302
YDL244W	1.768116526	1.8210915838	0.372447809
YDL245C	2.736148855	2.758926054	1.173218947
YDL247W-A	0.060888165	-0.3103610967	-0.856008846
YDL247W	-0.18763002	0.6502045332	-1.274072672
YDL248W	-0.164064796	-0.1607523036	-0.106921514
YDR001C	0.388876905	0.4132374916	1.315295833
YDR002W	0.257018837	0.274888075	0.343689521
YDR003W-A	0.215032734	-0.0272620943	0.096531542
YDR003W	0.04953724	0.0281656558	0.357783225
YDR004W	-0.22937775	-0.2584883515	-0.735395957
YDR005C	-0.473104367	-0.3920639424	0.093898918
YDR006C	-0.538585491	-0.5826065457	0.171483124
YDR007W	-0.328108646	-0.3164266714	-0.663661525
YDR008C	-0.362058638	0.1080367941	-1.510154978
YDR009W	0.133041851	0.3635920114	0.640174592
YDR010C	-0.81498369	-0.1832656221	-0.44585755
YDR011W	-0.408795505	-0.3700558176	-0.154363887
YDR012W	-0.623423848	-0.6176530032	-0.372418828
YDR013W	0.452287983	0.5244088668	-0.152447201
YDR014W-A	2.130639447	2.1078712502	1.079017774
YDR014W	0.092076411	0.1293850425	0.279781274
YDR015C	-0.893484078	-0.887917266	-1.006068403
YDR016C	-0.098613996	-0.066671666	-0.675052776
YDR017C	-0.676650295	-0.6582503787	-0.036785796
YDR018C	1.867404066	1.8779089414	1.803926675
YDR019C	0.631839142	0.6143417666	0.797084448
YDR020C	-0.427933964	-0.456827852	-0.449971768
YDR021W	-0.063956606	0.0560887232	0.220449181
YDR022C	0.424157035	0.3946518316	0.008796469
YDR023W	-0.018585902	0.047199144	-0.022061947
YDR024W	0.758075576	1.4508323297	0.091196609
YDR025W	-0.247066731	-0.2652339496	-0.079710488
YDR026C	-0.055968384	0.0059984624	-0.12915324
YDR027C	-0.358659735	-0.3668738043	-0.102340889
YDR028C	-0.380105791	-0.3436217346	0.350535972
YDR029W	2.471148026	0.8822591279	-0.071956357
YDR030C	0.347457049	0.3712354563	0.883988638
YDR031W	1.465113883	1.3638382042	1.122088613
YDR032C	0.402643024	0.3335216781	0.946671891
YDR033W	-1.524013908	-1.6733650041	-0.251316592
YDR034C-A	-0.515293937	-0.3358869677	-1.231583436
YDR034C	-0.550391477	-0.5255588528	-0.101857761
YDR034W-B	2.110235157	1.9153155466	2.860174966
YDR035W	-0.160498247	-0.1298748819	-0.316623662
YDR036C	0.026920565	0.0399015292	0.33086895
YDR037W	-0.507119068	-0.4053397321	-0.599571518
YDR038C	-0.481719808	-0.5038694683	-0.500893881
YDR039C	-0.527118786	-0.4385629786	-0.458892336
YDR040C	1.308185645	1.3767797299	1.872725848
YDR041W	0.725179211	0.6570015725	0.67189076
YDR042C	1.368437497	1.2713608706	-0.796881865
YDR043C	0.445172517	0.3545896257	0.910322615
YDR044W	0.952698406	1.0733892589	-0.548752531
YDR045C	-0.011980911	0.1036329491	-0.704297508
YDR046C	-0.773706339	-0.8465169331	-0.55861226
YDR047W	-0.591127185	-0.5685921785	-0.478983967
YDR048C	3.298058816	2.7631399388	1.758392725
YDR049W	-0.213780749	-0.1374919981	-0.053897607
YDR050C	-0.282137893	-0.2582327116	-0.29052923
YDR051C	0.351747837	0.3560606747	-0.015253253
YDR052C	-0.232803925	-0.2439134764	0.369058955
YDR053W	-0.437872887	-0.3292176271	-3.416461566
YDR054C	0.028734788	0.040820153	0.150337572
YDR055W	0.472010963	0.4243438569	1.256635781
YDR056C	0.63733462	0.6294338014	0.236342519
YDR057W	0.083035872	0.0881312317	0.297065107
YDR058C	1.460809325	1.4995619618	1.365944421
YDR059C	0.902052407	0.8398790825	1.331404614
YDR060W	-0.470680044	-0.4095911218	-0.290214954
YDR061W	-0.259913606	-0.2064865152	0.258667365
YDR062W	-0.485575878	-0.3943524589	-0.483869064
YDR063W	0.499471403	0.4213727417	0.381616466
YDR064W	-0.47101578	-0.4998582706	-0.74383427
YDR065W	-0.09379802	-0.1596153064	-0.371412997
YDR066C	0.579799484	0.5376944858	0.334208946
YDR067C	0.161775554	0.0648162177	0.41257873
YDR068W	0.758022784	0.8001677462	0.833341951
YDR069C	-0.297629041	-0.3543134973	0.329513872
YDR070C	2.248985888	1.9043530521	2.67615233
YDR071C	0.464147409	0.4303572881	0.13986827
YDR072C	-0.652754702	-0.5994339112	-0.094441018
YDR073W	-0.24160023	-0.3012872296	-0.584965238
YDR074W	-0.245384653	-0.3814852075	0.894092126
YDR075W	-0.217962541	-0.2326793689	0.129567213
YDR076W	-0.089315067	-0.3324421559	-0.494640445
YDR077W	0.617888586	0.5439873985	1.946848812
YDR078C	0.529045779	0.4891836667	-0.357288623
YDR079C-A	0.442661336	0.4852398924	-0.438101084
YDR079W	0.974524093	0.7070951525	0.678186382
YDR080W	-0.331235056	-0.2874494639	0.679884391
YDR081C	-0.538227796	-0.4676664331	-0.006555996
YDR082W	-0.044971131	0.0541537014	-0.359265614
YDR083W	-0.094436895	-0.0587235757	0.144748949
YDR084C	0.331562457	0.2996511197	-0.24685562
YDR085C	0.380518731	0.4826036201	0.89855211
YDR086C	0.139694502	0.1773520724	-0.357388681
YDR087C	0.398245249	0.3925964817	0.352718131
YDR088C	0.083749807	0.1031219917	0.391403625
YDR089W	-0.837229321	-0.7956027188	0.506670837
YDR090C	-0.278616588	-0.3108615881	-0.715535511
YDR091C	-0.140714034	-0.0885898126	-0.21355063
YDR092W	0.811995547	0.7375270609	0.350751088
YDR093W	-1.119983166	-1.0047695186	-0.610589638
YDR094W	-1.391736268	-1.3956936991	-1.253469585
YDR095C	0.415294821	0.2054545904	-1.322318936
YDR096W	-0.119745127	-0.2189686338	0.454546579
YDR097C	-0.698624369	-0.6374174591	0.692339644
YDR098C	0.298271648	0.2526342244	0.185480635
YDR099W	0.111598085	0.1262637372	0.157554742
YDR100W	1.189058693	1.0930205923	1.045914555
YDR101C	0.112317199	0.1511992691	-0.375639042
YDR102C	-0.575818185	-0.5863003466	-2.010534835
YDR103W	-0.499143659	-0.491055731	0.094736487
YDR104C	-0.246438297	-0.1446623436	0.410616724
YDR105C	0.064542315	0.0762449049	-0.052595008
YDR106W	0.737644902	0.4207425241	0.635510431
YDR107C	0.625161349	0.5757772846	0.807772273
YDR108W	0.009801894	0.068262942	0.174847098
YDR109C	-0.002057344	0.1391710391	-0.104882045
YDR110W	-0.181925704	-0.1931226899	0.160416561
YDR111C	-0.223324712	-0.1207679327	-0.301964516
YDR112W	1.72564157	2.5968211028	1.675421796
YDR113C	-0.192320578	-0.2298497004	1.002135993
YDR114C	-0.029039957	0.2487132321	-2.454675219
YDR115W	0.980250699	0.8717984806	0.480521691
YDR116C	0.432371935	0.3873116673	0.656987755
YDR117C	-0.152773995	-0.0242611774	0.346728461
YDR118W-A	-0.401456785	-0.2747847682	0.225869353
YDR118W	0.001391696	0.0277269686	0.417753739
YDR119W-A	1.661042448	1.158062423	2.540261509
YDR119W	-0.441816844	-0.4242629439	0.041551764
YDR120C	0.081668001	0.1027458438	-0.42941689
YDR121W	0.640883494	0.6310678101	0.517864501
YDR122W	0.021246826	0.0820385607	0.881032924
YDR123C	0.26136983	0.3080993912	-0.224293794
YDR124W	0.91405232	0.9464604598	0.023906051
YDR125C	-0.042651391	0.0247696371	0.027781616
YDR126W	0.071755299	0.1353097021	0.096478181
YDR127W	-1.22987437	-1.1494392465	-0.626636784
YDR128W	-0.696779379	-0.6591226329	-0.556829611
YDR129C	0.20520909	0.2621381726	0.422774261
YDR130C	-0.223665228	-0.1147905411	0.53649321
YDR131C	0.009335176	0.017837322	0.277277147
YDR132C	-0.968833806	-0.9866931282	-0.078459639
YDR133C	0.42996312	0.1757791964	0.166829604
YDR134C	0.53491364	0.2591672816	0.369548511
YDR135C	-0.924871241	-0.835014071	-0.650972833
YDR136C	0.095840182	-0.1479811476	-1.262105927
YDR137W	-0.031265337	-0.0151769799	0.151317825
YDR138W	-0.395508491	-0.3783084632	-0.472720194
YDR139C	0.339434024	0.2849140106	-0.392465256
YDR140W	0.525314908	0.5119230609	-0.520888111
YDR141C	-0.544983305	-0.5456560615	0.101381316
YDR142C	-0.200158622	-0.1543586596	-0.212423254
YDR143C	-0.509371876	-0.4195862286	-0.294273885
YDR144C	-0.267403466	-0.176606615	-1.172501654
YDR145W	0.263829181	0.2994304765	0.277586864
YDR146C	-0.444714929	-0.3848789813	0.956479763
YDR147W	0.234211734	0.2796897157	0.336253788
YDR148C	0.179746939	0.1017867611	0.587333407
YDR149C	0.684740783	0.9405055161	1.153828597
YDR150W	-0.836923547	-0.8120490831	0.143267429
YDR151C	0.206193747	0.1968095381	0.654633651
YDR152W	0.633960253	0.6360049593	0.374401872
YDR153C	-0.098186923	-0.05304748	0.494307388
YDR154C	-0.916386206	-0.9358648312	-0.912962209
YDR155C	-0.807882273	-0.9063882653	-0.808676739
YDR156W	0.435935044	0.3811722317	-0.039842021
YDR157W	0.56427378	0.600357983	0.169819668
YDR158W	-0.503120841	-0.5526714085	-1.159659904
YDR159W	-0.360629952	-0.2987354599	-0.000725419
YDR160W	-0.568348823	-0.5938638545	-0.542086614
YDR161W	0.273871392	0.3037507424	-0.24596497
YDR162C	0.319926743	0.3831249053	0.514908827
YDR163W	0.946046289	0.9058413407	1.288012944
YDR164C	-0.23399359	-0.1740129506	-0.205741578
YDR165W	-0.333393416	-0.3154750588	-0.279679572
YDR166C	-0.296373915	-0.3046900479	0.318320372
YDR167W	0.948779569	0.9808023881	0.466046714
YDR168W	0.303896302	0.3494187737	0.21201396
YDR169C-A	-0.336518233	-0.3904682403	-1.614169652
YDR169C	-0.042798637	-0.0411241323	0.559853056
YDR170C	-1.009902714	-0.9736309948	-0.126769297
YDR170W-A	-0.63786991	-0.861567501	-0.779164388
YDR171W	0.995315709	0.9294346124	1.313688397
YDR172W	0.01370018	0.0886526552	0.166436634
YDR173C	0.166387295	0.1605857601	0.067411699
YDR174W	-0.008524038	0.0114458449	-0.272618304
YDR175C	0.225156473	0.2688275819	0.640953293
YDR176W	-0.206133462	-0.1656927958	0.301575219
YDR177W	0.524307876	0.5207521924	0.080493116
YDR178W	0.76866391	0.7207839663	0.802336251
YDR179C	1.577862691	1.4163579947	0.828848878
YDR179W-A	0.037171866	-0.0137312225	-0.082191752
YDR180W	-0.54142801	-0.4973740819	-0.482134069
YDR181C	0.003094468	0.0977958416	0.373462194
YDR182W-A	1.024425397	1.2283876325	-0.435818817
YDR182W	0.075873894	0.0916710152	0.206999556
YDR183C-A	0.10081799	0.1887707737	-0.15549536
YDR183W	0.462574131	0.4755583096	0.207561187
YDR184C	0.024978103	-0.0054845519	-0.297650677
YDR185C	-0.18036697	-0.1426807829	-0.056163323
YDR186C	-0.119257805	-0.1424423338	0.098669642
YDR187C	-1.615394526	-0.7090836852	-0.617462639
YDR188W	0.054167054	0.1626171292	-0.17948966
YDR189W	-0.21294253	-0.156173083	0.205916021
YDR190C	0.212323553	0.2421833637	0.047640151
YDR191W	0.080992074	0.0469215353	1.162890792
YDR192C	0.148620783	0.2528198754	0.301156305
YDR193W	0.875851746	1.7367662907	-0.275446163
YDR194C	0.044000369	-0.097869542	-0.147725725
YDR195W	0.134960359	0.1424971116	0.187810533
YDR196C	0.34715492	0.3157941625	0.160619263
YDR197W	0.058340935	-0.055739781	0.375864129
YDR198C	-0.214286106	-0.2084064837	-0.613846312
YDR199W	0.900191772	0.8022460033	1.259970427
YDR200C	0.265268602	0.28007335	0.213204287
YDR201W	0.841187564	0.8730430671	0.294833716
YDR202C	0.695321947	0.6308070407	0.313005825
YDR203W	0.195209496	0.62310546	-0.441814365
YDR204W	0.742529098	0.6866584231	0.448541712
YDR205W	0.073580454	0.1316998393	0.066480437
YDR206W	-0.729028094	-0.672328613	-0.9030705
YDR207C	-0.269941294	-0.2541176798	0.122908763
YDR208W	-0.365460336	-0.365783612	0.458261593
YDR209C	-0.440531539	-1.4248667602	-1.918562334
YDR210W	0.112522677	0.1299468144	-0.249824136
YDR211W	-0.231050477	-0.1351816094	-0.095218862
YDR212W	0.171961538	0.2499939603	-0.015728728
YDR213W	0.101019078	0.2533425656	0.458358462
YDR214W	-0.163143689	-0.1586231763	-0.134630098
YDR215C	3.374484643	2.905784899	2.801490576
YDR216W	1.356894026	1.2958666112	2.472623804
YDR217C	-0.218682996	-0.1364539588	-0.171131664
YDR218C	2.345389193	2.3275159951	1.438622312
YDR219C	-0.196240389	-0.2164254049	0.499401751
YDR220C	1.935985112	1.7746747117	-0.751342929
YDR221W	-0.221327408	-0.1885132933	-0.271121956
YDR222W	-0.860369529	-1.0737170819	-0.531756953
YDR223W	0.908660578	0.8436616694	0.369407133
YDR224C	0.74153172	0.6490531095	0.357743032
YDR225W	0.24027089	0.2031099458	0.152914139
YDR226W	-0.397397124	-0.3694551968	-0.880764542
YDR227W	-0.51063485	-0.5459591319	0.261234732
YDR228C	0.197234561	0.2137864996	0.071397011
YDR229W	-0.296502454	-0.2965255442	0.828472141
YDR230W	1.493979584	0.4546009918	1.604853951
YDR231C	0.9856618	0.9888403864	0.853009694
YDR232W	-0.483708838	-0.4427917353	-0.799932213
YDR233C	-0.294133253	-0.3128546409	-0.508200092
YDR234W	-0.091208599	-0.0617615769	-0.848333244
YDR235W	-0.43925818	-0.4540825361	-0.155238989
YDR236C	0.203032319	0.1484342927	-0.397173046
YDR237W	0.32283319	0.3034821564	0.391768527
YDR238C	-0.285023766	-0.2307391976	0.166157217
YDR239C	-0.408072532	-0.3133031128	0.079642613
YDR240C	-0.12758778	-0.0600852255	0.382994864
YDR241W	1.05099065	0.6958310368	-0.877664629
YDR242W	0.645393211	0.671678759	1.15108957
YDR243C	-0.179898502	-0.2035551566	-0.096623973
YDR244W	0.125542901	0.2275383076	0.537930841
YDR245W	-0.204995642	-0.1635820176	-0.289596166
YDR246W-A	0.413930975	0.4939037373	0.528643396
YDR246W	0.790938433	0.6757063023	0.724788698
YDR247W	-0.981149454	-1.1501787284	0.856108044
YDR248C	0.364276993	0.4192023075	0.088330092
YDR249C	-0.167081655	-0.2349790321	-0.233843006
YDR250C	0.347384545	0.0463346281	-0.069700165
YDR251W	-0.505486778	-0.4784776458	0.198820414
YDR252W	0.179930056	0.1493057253	0.65743641
YDR253C	-0.797943521	-0.7905774275	-0.564680213
YDR254W	-0.149985677	-0.192809965	-0.028349277
YDR255C	0.347173766	0.3261782058	0.634220217
YDR256C	0.570964338	0.5864719688	-0.547278445
YDR257C	-0.098377043	0.0348777963	-0.399411641
YDR258C	0.677633028	0.6362252101	1.52002267
YDR259C	0.920661711	1.0673713401	0.213913237
YDR260C	0.458375455	0.4169485867	0.299585277
YDR261C	-0.715486654	-0.5417408802	-0.517587288
YDR262W	-0.11068685	-0.1921347681	0.082779683
YDR263C	-0.067821709	0.0455089305	0.11964894
YDR264C	-0.141436982	-0.0865937456	-0.280317354
YDR265W	-0.06763811	-0.0632795508	0.106655302
YDR266C	-0.340833604	-0.3096685699	0.18390695
YDR267C	-0.160609912	-0.1132820218	-0.192553626
YDR268W	0.367985066	0.3981644803	0.069895478
YDR269C	1.177183143	0.2726857869	-1.417704954
YDR270W	-0.014772477	0.0058107629	0.643913128
YDR271C	-0.116587212	-0.8057563822	-1.802521645
YDR272W	0.859739567	0.8066389569	0.725041037
YDR273W	0.486494278	0.448141449	-0.097949536
YDR274C	-0.442559481	0.8063206887	-0.122153705
YDR275W	0.076555739	0.0506902682	0.139230314
YDR276C	0.144284558	0.0226442001	-0.014907593
YDR277C	0.810047118	0.4949019336	2.626818894
YDR278C	-1.260361023	-1.6075845717	-1.783655899
YDR279W	-0.117925394	-0.1140972899	-0.542538332
YDR280W	0.168323326	0.1614309518	0.182914185
YDR281C	-2.195614518	-2.040591737	-0.275802944
YDR282C	0.268166391	0.4633171903	0.041760278
YDR283C	-0.310200744	-0.2873664583	0.286877055
YDR284C	0.061994041	0.1252545371	0.384510054
YDR285W	0.298274348	0.3213752234	-0.205005318
YDR286C	0.917640044	0.8339848007	0.286672937
YDR287W	0.638802615	0.7071170675	0.654326589
YDR288W	-0.119756836	-0.144190903	-0.073514888
YDR289C	0.192005554	0.2998327377	0.90879944
YDR291W	-0.041959144	-0.0242174562	-0.280056506
YDR292C	-0.386614014	-0.3348227892	-0.166059885
YDR293C	-0.55499882	-0.5582644518	-0.113871171
YDR294C	0.057837606	0.081760816	-0.093906123
YDR295C	-0.086583247	-0.081839878	0.919737598
YDR296W	0.729183706	0.7390160157	0.894140767
YDR297W	0.15828303	0.1739708917	-0.303077538
YDR298C	0.314782953	0.2374590355	0.312137795
YDR299W	0.012718064	0.0879417825	0.709010829
YDR300C	0.348229216	0.4447194282	-0.008394241
YDR301W	-0.502086098	-0.4484824507	-0.288408458
YDR302W	0.511203471	0.3722945045	0.080315838
YDR303C	-0.455791036	-0.4121549108	0.009072779
YDR304C	0.318427409	0.3051398861	0.15894113
YDR305C	1.015757031	0.9336630805	0.537333109
YDR306C	-0.130008121	-0.123693265	0.343493577
YDR307W	0.017244992	0.0730066444	0.276983439
YDR308C	0.883434969	0.756724419	0.430265418
YDR309C	0.012721176	-0.0131276104	1.336451949
YDR310C	-0.827855436	-0.733496002	-0.044849615
YDR311W	-0.219483446	-0.1249992232	0.165169378
YDR312W	0.3370667	0.3387949354	0.226031835
YDR313C	0.123721883	0.0839227823	0.250869155
YDR314C	0.114821711	0.1523870909	0.024526149
YDR315C	0.787038614	0.8111724171	0.254940262
YDR316W	0.572509271	0.6168524515	0.897741508
YDR317W	0.45118096	0.534383058	-0.856177584
YDR318W	0.22373735	0.2857470514	0.722644361
YDR319C	0.153393129	0.0962384802	0.133743225
YDR320C-A	0.64234476	0.5451604725	-0.019616945
YDR320C	-0.0987544	-0.0393319665	0.720204643
YDR320W-B	0.161522123	-0.1282798029	-0.001326614
YDR321W	-0.495359428	-0.4359572343	-0.921061083
YDR322C-A	0.469613497	0.4233381655	0.282525754
YDR322W	0.382791735	0.3529729051	0.533483762
YDR323C	0.171767373	0.0703052514	0.147469829
YDR324C	-0.446128814	-0.4232743675	-0.310065756
YDR325W	-0.338498206	-0.2092051765	0.233434714
YDR326C	-0.886743066	-0.8493403052	-0.215936966
YDR327W	0.386560249	1.0088941711	-2.145295151
YDR328C	0.438972165	0.4173006819	0.20429129
YDR329C	0.356694201	0.4069624939	0.321155562
YDR330W	-0.10785896	-0.1331913773	0.101339316
YDR331W	-0.065472023	-0.1126476122	0.23754377
YDR332W	-0.338846288	-0.3279839791	-0.842163014
YDR333C	-0.041310247	0.0254331711	0.005995878
YDR334W	-0.526853471	-0.5442132195	-0.262237072
YDR335W	-0.675901436	-0.6346319559	-0.161021412
YDR336W	-0.60226989	-0.5885399963	-0.938039181
YDR337W	0.623962226	0.5940283707	0.811522446
YDR338C	-0.282580129	-0.2910294148	0.618100997
YDR339C	0.507240001	0.421257495	0.559087687
YDR340W	-2.179489831	-2.3448926089	-2.090496511
YDR341C	-0.367118745	-0.30072812	-0.573435962
YDR342C	2.131680049	1.9652353244	2.563487129
YDR343C	4.709149742	4.3659885861	3.108430763
YDR344C	0.077499188	-0.0370637298	-0.337232475
YDR345C	-0.777689381	-0.7772325755	-1.491157322
YDR346C	-0.273491938	-0.2345466815	-0.259171985
YDR347W	0.067844355	0.0137264044	-0.059690528
YDR348C	-0.588411322	-0.528310576	-0.180503267
YDR349C	-0.303673313	-0.2605711925	-0.541636152
YDR350C	-0.270279905	-0.2914071101	-0.225732863
YDR351W	-0.475898486	-0.4579211533	0.293983809
YDR352W	-0.806002063	-0.7288382435	-0.657730453
YDR353W	-0.094499224	-0.0987046967	-0.144317669
YDR354C-A	0.001510507	0.6567715426	NA
YDR354W	-0.078275721	0.0007036987	-0.477629869
YDR356W	0.01454681	0.0546977868	0.633948399
YDR357C	0.033696913	-0.1335708199	0.383474872
YDR358W	0.503055248	0.5469500614	1.015959828
YDR359C	-0.079842807	-0.0586566636	0.565794629
YDR360W	-2.775916828	0.5377188809	-1.422295341
YDR361C	0.159355863	0.1509947356	-0.370632538
YDR362C	-0.255876419	-0.2208473526	0.04043723
YDR363W-A	0.506742002	0.3931178169	0.429240293
YDR363W	-0.221943495	-0.1945757668	-0.07962467
YDR364C	-0.445789174	-0.4499940436	-0.350547043
YDR365C	0.091547599	0.1814422522	-0.050306765
YDR366C	0.11243545	0.1370302247	-0.324142119
YDR367W	0.040546421	0.0110168959	-0.4699058
YDR368W	-0.255129694	-0.1969293748	0.064318324
YDR369C	-0.463383879	-0.4330570393	-0.224751489
YDR370C	-0.142615151	-0.1857465577	-0.178865907
YDR371C-A	0.653279196	0.3729256193	0.345191997
YDR371W	-0.275223278	-0.2140029512	-0.076548034
YDR372C	0.155732195	0.2005686462	-0.05015936
YDR373W	0.537843112	0.5003872705	-0.15722595
YDR374C	2.645417302	2.5623319684	0.918455275
YDR374W-A	0.000811353	0.0843250243	0.012383727
YDR375C	-0.345233197	-0.2955772454	-0.102387664
YDR376W	-0.092551724	0.0129731016	-0.033546361
YDR377W	0.081779586	-0.0652555584	0.24017507
YDR378C	0.2659775	0.2426164563	-0.215642444
YDR379C-A	1.410610722	1.3533046682	1.489040787
YDR379W	-0.043695066	-0.0606703361	0.297511644
YDR380W	0.307111249	0.3585222241	0.749393672
YDR381C-A	1.142158164	1.0809380081	1.166535095
YDR381W	-0.067805054	-0.0858417083	-0.380663063
YDR382W	-0.747306081	-0.8107027522	-0.990883324
YDR383C	0.485846143	0.5583453811	0.731786901
YDR384C	0.182103153	0.1744977248	-0.232922978
YDR385W	-0.970504699	-0.9053011443	-0.884180381
YDR386W	0.490001891	0.4595286837	0.071357798
YDR387C	-0.338231086	-0.3439031036	-0.487953165
YDR388W	-0.018788246	0.0467379588	0.579791856
YDR389W	-0.549507489	-0.4823353314	0.221202322
YDR390C	-0.069822381	-0.0387317288	0.190506461
YDR391C	0.991239649	0.8772033027	0.793246355
YDR392W	0.470439563	0.5013086308	0.456738638
YDR393W	0.16392409	0.153356385	0.129287289
YDR394W	0.154504162	0.1586977583	0.392721048
YDR395W	-1.057714766	-1.0115731466	-0.061475138
YDR396W	-1.745561041	-1.7172198928	-1.086645497
YDR397C	0.474301679	0.4881054551	0.091818823
YDR398W	-0.363504766	-0.2704367158	-0.148586664
YDR399W	-0.360543907	-0.4071054145	-0.701461785
YDR400W	0.024952629	0.0652900601	-0.162698687
YDR401W	-0.924265045	-0.7290402599	-1.009899343
YDR402C	0.944784013	1.0561792848	-0.417826724
YDR403W	0.480550892	0.4560343752	-0.485137598
YDR404C	0.38505249	0.3261389905	-0.326906737
YDR405W	0.616909293	0.5720225836	1.047006598
YDR406W-A	-0.0171215	-0.1052735875	-0.378056277
YDR406W	0.420985514	0.3014450417	0.505605499
YDR407C	-0.651259834	-0.5829466608	-0.00741528
YDR408C	-0.155815604	-0.1964750068	-0.319433921
YDR409W	0.146373065	0.2091214228	0.221962944
YDR410C	0.07272126	0.0461141129	-0.380590394
YDR411C	0.342756869	0.3755539958	0.537018184
YDR412W	0.622763643	0.6485241653	0.106794898
YDR413C	0.493026557	0.5724718361	-0.403109655
YDR414C	-0.756799491	-0.667640756	-0.52015882
YDR415C	0.493936222	0.4649283464	0.27525554
YDR416W	-0.355418239	-0.2777803635	0.319084662
YDR417C	0.30087865	-0.2822463698	0.286367464
YDR418W	-0.387791225	-0.43733593	-0.479773724
YDR419W	0.195187774	0.1988407316	-0.208918265
YDR420W	-0.729663217	-0.7374543187	-0.069957331
YDR421W	-0.085517254	0.0420363132	0.140361752
YDR422C	-0.214254385	-0.1653078374	-0.028143156
YDR423C	0.241213626	0.2417357735	0.686101029
YDR424C	0.369816387	0.3680772907	0.19259975
YDR425W	0.243335374	0.3175604282	0.994255178
YDR426C	0.398564964	-0.2003019927	-0.955906933
YDR427W	0.345492943	0.3384509698	0.236548297
YDR428C	-0.683839966	-0.6591983554	-0.994795135
YDR429C	0.329416962	0.3363781659	0.259305918
YDR430C	-0.525175686	-0.5042662057	0.477170998
YDR431W	0.544142342	0.240577225	0.093197021
YDR432W	-0.225337862	-0.1983503289	-0.19119533
YDR433W	-0.482642634	-0.3419872642	-0.429270629
YDR434W	-0.122587828	-0.0323939743	-0.449231904
YDR435C	0.753447912	0.8362462486	0.409290081
YDR436W	-0.122674266	-0.0771148536	0.473745726
YDR437W	0.004117047	0.0278051578	-0.112606374
YDR438W	-0.166242058	-0.2020300492	-0.612818188
YDR439W	0.174858738	0.0104434599	-0.097074359
YDR440W	-0.196166841	-0.1504365954	-0.179146136
YDR441C	-0.324404722	-0.2333819555	-0.680226589
YDR442W	2.204239571	1.8852122337	-0.627687509
YDR443C	-0.307512775	-0.2696407923	-0.188345849
YDR444W	-0.43758231	-0.398102925	-0.201387503
YDR445C	-0.309940011	-1.0791835617	-1.502355222
YDR446W	2.881337429	2.7415337726	1.751394662
YDR447C	0.133533988	0.1414885318	-0.199258224
YDR448W	-0.234192355	-0.2919730273	1.639779801
YDR449C	-0.144242751	-0.1496522808	0.314358116
YDR450W	-0.486772631	-0.506190111	-0.757703398
YDR451C	-0.554960026	-0.4853806596	1.05774937
YDR452W	-0.115111404	-0.0559326095	-0.033971124
YDR453C	1.297362734	1.1966713247	1.643540189
YDR454C	-0.751728749	-0.7938900603	-1.182249107
YDR455C	0.548952524	0.607494334	1.288859937
YDR456W	-0.169517436	-0.1649496252	-0.381308609
YDR457W	-0.817541421	-0.7714263771	-0.015804679
YDR458C	-0.005944046	0.0995176861	0.309191197
YDR459C	-0.338623282	-0.1889946637	-0.608934921
YDR460W	0.209686427	0.2344721192	0.655192336
YDR461C-A	1.755409143	1.6414868835	1.51521836
YDR461W	1.422480652	1.0169574082	1.078038252
YDR462W	1.284904743	1.1515915993	1.331733504
YDR463W	0.230049395	0.2279929119	0.521013508
YDR464W	-0.207698781	-0.1346650266	0.437105236
YDR465C	0.037311119	0.0996110929	-0.436382581
YDR466W	-0.258241379	-0.2578352145	0.061970304
YDR467C	0.243598957	-0.2296144655	-0.32140789
YDR468C	0.427298994	0.4672981714	0.38456444
YDR469W	0.508990272	0.4496018567	0.217476947
YDR470C	0.264488591	0.2500484198	0.490000409
YDR471W	0.068444327	0.0158983286	-0.187946342
YDR472W	0.154487922	0.0921214822	-0.176913254
YDR473C	0.395273272	0.4321519935	0.703221556
YDR475C	-0.364181943	-0.3373573812	0.368292262
YDR476C	0.16529828	0.1834727455	-0.248087048
YDR477W	-0.300361884	-0.204510753	0.411318214
YDR478W	0.002015321	0.1234114377	-0.014242891
YDR479C	-0.035883949	0.0283458008	0.512325951
YDR480W	0.149802088	0.1364490125	0.421089097
YDR481C	-0.812500106	-0.743103287	-0.331739558
YDR482C	0.676500949	0.7219425735	0.228016057
YDR483W	-0.359501412	-0.3114041271	-0.477194731
YDR484W	-0.222488584	-0.1203926494	0.443934246
YDR485C	0.050707088	0.0432233619	0.563760275
YDR486C	0.968882494	0.8951651983	0.784090872
YDR487C	0.055132394	0.1005101824	-0.287219124
YDR488C	-0.342414337	-0.2060736764	-0.653759722
YDR489W	0.267890119	0.2058123705	0.149256703
YDR490C	0.3257065	0.3667397046	-0.076998358
YDR491C	1.06398719	0.7078713848	-0.419685029
YDR492W	0.554024014	0.482771011	-0.626144611
YDR493W	0.501770431	0.3830455004	0.809690532
YDR494W	0.522206176	0.5310638351	0.68303346
YDR495C	-0.060331724	-0.0301012272	0.748019301
YDR496C	-0.120554549	-0.0776554636	0.037570957
YDR497C	1.650510556	1.7484574196	0.345818823
YDR498C	0.020007752	0.0829069157	0.333616077
YDR499W	-0.169224129	-0.0970578959	0.290286676
YDR500C	-0.121771884	-0.1678679126	-0.540514522
YDR501W	0.038804846	0.0013899252	0.516852024
YDR502C	0.818718759	0.9906933792	-0.209887802
YDR503C	0.368614725	0.3374517113	0.270823179
YDR504C	-0.25178193	-0.4269280217	0.381048093
YDR505C	-0.336047918	-0.3395355699	0.439777269
YDR506C	0.20912012	0.204583042	0.173168868
YDR507C	-0.278063908	-0.2220414182	0.340524708
YDR508C	0.300817839	0.3549220787	-0.077087485
YDR509W	2.817640406	1.5287704107	1.099604172
YDR510W	0.296757235	0.2912140068	0.036686858
YDR511W	0.961207223	0.9498433125	0.916572438
YDR512C	0.605167307	0.4775406246	0.567080606
YDR513W	0.798640927	0.6462431607	0.656643113
YDR514C	-0.061909252	-0.0265813723	-0.076531272
YDR515W	0.250428545	0.2630453733	0.844945009
YDR516C	0.73986097	0.7414516816	0.547508491
YDR517W	0.003787079	0.0879106532	-0.51799767
YDR518W	0.363224144	0.5096437156	-0.176475848
YDR519W	-0.320109879	-0.3660322511	-0.313842486
YDR520C	-0.241793922	-0.2690703262	0.525993332
YDR521W	0.806180453	1.2511218845	-2.235076103
YDR522C	1.311250447	1.2972425398	-0.118959712
YDR523C	0.378849668	0.2732259823	-0.158661531
YDR524C-A	0.458559592	0.2334666387	-1.051131327
YDR524C-B	-0.397056084	-0.5272526663	-0.359857512
YDR524C	-0.314518885	-0.3571025646	-0.303752075
YDR524W-C	0.676671826	0.827535261	0.754780494
YDR525W-A	0.829955585	0.8259862631	0.85182184
YDR525W	0.424227859	0.7810942478	0.466691961
YDR526C	1.845867989	2.0271345138	-0.622298808
YDR527W	-0.572627732	-0.6167944926	-0.43654945
YDR528W	-0.24800486	-0.2045193498	0.8987609
YDR529C	0.988933198	0.8348536337	0.827667065
YDR530C	-0.018484732	-0.0813868269	0.082005544
YDR531W	0.05585956	0.0988177542	-0.287675386
YDR532C	0.357555764	0.3629903161	0.655187912
YDR533C	0.391828572	0.2356108331	0.268088656
YDR534C	0.250501811	0.3800211219	-0.633790203
YDR535C	0.397538962	NA	NA
YDR536W	2.37072047	2.2287002631	2.780553892
YDR537C	0.360179702	0.3005928992	0.045690404
YDR538W	-0.861011633	-0.8046559749	-1.045145586
YDR539W	-0.50841078	-0.408549908	-0.034356947
YDR540C	0.525352271	0.6101646372	-0.542048773
YDR541C	0.215087292	0.2934875016	-1.117097451
YDR542W	2.073898459	1.8827445463	NA
YDR543C	0.957808977	1.3647419375	-0.657658663
YDR544C	0.69306937	0.1844094781	-1.155630498
YDR545C-A	0.404712826	0.1927859371	-0.379390837
YDR545W	-0.100709609	-0.0568406452	-0.346876563
YEL001C	0.46061576	0.3684598451	-0.222331692
YEL002C	-0.061843735	-0.0706201825	-0.491176327
YEL003W	0.809642958	0.7747286323	0.179513543
YEL004W	0.002929942	-0.0528778548	-0.272701756
YEL005C	0.608424964	0.6074764414	0.456068786
YEL006W	-0.512214885	-0.5938717541	-0.747514572
YEL007W	-0.466670673	-0.4182705415	0.341561477
YEL008C-A	-0.209581042	0.1601976881	-0.220216196
YEL008W	0.377173597	-0.3279241194	-0.054367807
YEL009C-A	1.633939453	1.4497328543	0.540716272
YEL009C	-0.181144242	-0.1575420679	-0.47880525
YEL010W	1.073157653	-2.5975372638	-2.808921951
YEL011W	1.524008305	1.452976762	2.575461853
YEL012W	0.980145782	1.0221359122	1.368169277
YEL013W	-0.119193896	-0.0982398491	0.00246069
YEL015W	-0.202475123	-0.1603207452	0.302044981
YEL016C	-0.422782227	-0.3015521684	-0.611720208
YEL017C-A	-0.765897163	-0.8316051522	-0.65727511
YEL017W	0.141316555	0.1867060862	0.449374058
YEL018C-A	2.094642568	2.0339799921	0.029657668
YEL018W	0.04073333	0.1485769013	0.100224323
YEL019C	0.029313973	-0.00128796	0.221812142
YEL020C-B	-0.966370324	-1.3116660361	-0.874894849
YEL020C	-0.134469447	-0.0976590801	0.251832569
YEL020W-A	0.591967155	0.4884893902	0.526660615
YEL021W	0.247068858	0.2503228449	0.046534296
YEL022W	-0.70310205	-0.6769053499	0.054246424
YEL023C	0.100169268	0.1675136089	-0.461719019
YEL024W	0.229037951	0.1087501829	0.429048812
YEL025C	-0.677385559	-0.5937189136	-0.88726468
YEL026W	-0.184630865	-0.2473839464	-0.621409457
YEL027W	-0.314134688	-0.4018540447	-0.305948035
YEL028W	-0.369375176	-0.4453882715	-0.606850104
YEL029C	-0.023127742	0.0517320485	-0.399886717
YEL030C-A	1.20446429	1.0387678074	-0.22490706
YEL030W	-0.291542033	-0.1687267842	-1.032123985
YEL031W	-0.473159102	-0.4083200122	-0.425784042
YEL032C-A	1.558517145	-0.5006362851	-1.299216028
YEL032W	-0.698143544	-0.6109042005	-0.258468936
YEL033W	0.309904241	0.1179587597	-0.49854367
YEL034C-A	0.0110469	-0.1969312332	-0.737849466
YEL034W	0.150265489	0.13383981	-0.594879546
YEL035C	1.315763185	1.0008821711	2.086168148
YEL036C	-0.163067916	-0.089212059	-0.211056314
YEL037C	0.042434684	0.1185844691	-0.344496421
YEL038W	0.383752945	0.4791987992	-0.742686522
YEL039C	4.030567378	3.8312853188	2.913118276
YEL040W	0.136875537	0.3087689138	-0.846792506
YEL041W	0.237501894	0.1813996834	0.553257881
YEL042W	-0.735504557	-0.6853021731	-0.783114853
YEL043W	-0.449667687	-0.3819375416	-0.450867491
YEL044W	0.204043301	0.2596383247	-0.392014291
YEL045C	0.47854077	1.3153753146	0.391995096
YEL046C	-1.326389052	-1.2548840141	-0.786852978
YEL047C	0.56479694	0.6675041434	-0.270518317
YEL048C	-0.323655886	-0.3723526735	-0.849583575
YEL049W	0.471915552	0.9353183793	1.231789607
YEL050C	0.051319369	0.0644485669	0.375383008
YEL050W-A	0.925026928	1.7110491045	-0.383515347
YEL051W	0.124541184	0.1426012914	-0.166993682
YEL052W	0.02397749	-0.001444613	-0.047947515
YEL053C	-0.355996055	-0.2988326756	-0.464177501
YEL053W-A	-1.038166436	-0.6735135359	-0.710835799
YEL054C	-0.388051728	-0.4321877452	-0.567260417
YEL055C	-0.841643628	-0.7594769293	-0.549604854
YEL056W	-0.297604969	-0.3004962866	-0.049348635
YEL057C	0.539904871	0.5722024424	0.848971845
YEL058W	0.07397146	0.2594977181	0.204251805
YEL059C-A	0.597853805	0.5515056906	0.399296821
YEL059W	0.1808175	0.1642758845	-0.76912334
YEL060C	1.083498916	1.1895994944	1.740725819
YEL061C	-0.443685597	-0.4626378694	0.801351783
YEL062W	-0.221132187	-0.2367409965	0.434709268
YEL063C	-0.624237587	-0.6481835669	-0.618859692
YEL064C	-0.484345584	-0.3851273911	-0.034401347
YEL065W	2.554788755	2.5282844067	1.168339966
YEL066W	0.339697361	0.3706215117	-0.457286973
YEL067C	-0.14406816	-0.1007731916	-0.818339417
YEL068C	0.070864116	0.1094227837	-0.94885697
YEL069C	6.043620264	5.9472570362	3.21173295
YEL070W	2.886099351	2.8017886242	1.488557403
YEL071W	0.193748626	0.1899028082	-0.233071081
YEL072W	-0.747890804	-0.757208302	-1.251431584
YEL073C	1.738001698	1.6732633398	0.480632212
YEL074W	-0.464037456	-0.5033130764	-1.425424173
YEL075W-A	-0.850793501	-1.0663417269	-1.269841721
YEL076C	-3.770867978	-0.0865621092	NA
YEL077C	-0.50130238	-0.3865719244	-0.871821837
YEL077W-A	0.811566541	-2.0491792707	-2.697889066
YER001W	-0.889678213	-0.8932757227	-0.831563954
YER002W	0.748543389	0.7645601723	0.5371021
YER003C	-0.074502733	-0.0859866801	0.189025644
YER004W	-0.210415671	-0.1996509815	-0.291113319
YER005W	-0.647740394	-0.6434074621	-0.589944879
YER006C-A	1.29216681	1.8461519868	0.486675425
YER006W	0.122377482	0.1418299206	0.013790742
YER007C-A	0.234953115	0.2611747787	-0.329126905
YER007W	-0.059774504	-0.0278532112	-0.330294241
YER008C	-0.562769113	-0.5064375772	0.096290489
YER009W	-0.145381727	-0.1885664567	-0.411441531
YER010C	0.604326961	0.5524732847	-0.086068054
YER011W	1.314409379	1.3778573501	-0.323237676
YER012W	0.68305564	0.6685006973	0.379624857
YER013W	-0.220393726	-0.2629914595	0.610133842
YER014W	0.763062164	0.847731183	0.139989046
YER015W	-0.148476027	-0.019328633	-0.568409484
YER016W	0.595304707	0.5724030763	0.239902772
YER017C	-0.405762032	-0.340084014	0.137073327
YER018C	-0.360925236	-0.4259541705	0.370396597
YER019C-A	-0.193851529	-0.3965721644	-0.457073939
YER019W	-0.56449793	-0.4552451252	-0.128086136
YER020W	0.077674632	0.0762732552	0.309203858
YER021W	0.122038434	0.1393400035	0.065774381
YER022W	-0.015421507	0.0426627567	0.221400733
YER023C-A	-0.105038069	0.8664928663	NA
YER023W	-0.509876999	-0.3917882929	-0.631742146
YER024W	0.3968493	0.3989228696	1.535233523
YER025W	-0.100345067	-0.0639931444	-0.312391761
YER026C	1.44410947	1.4026997482	1.118621004
YER027C	-0.364085067	-0.3242781179	0.084248639
YER028C	-1.104816821	-0.9410878948	-1.297115693
YER029C	0.97757541	0.9714231476	0.780623012
YER030W	0.919347275	0.9002124727	0.628883895
YER031C	0.230304145	0.2011492621	-0.14113908
YER032W	-0.744651711	-0.6883579483	0.392442713
YER033C	0.078545985	0.1000781065	0.512674874
YER034W	0.830666092	0.8670108583	0.6951831
YER035W	0.10714775	-0.0050728046	1.164271304
YER036C	-0.362223404	-0.3196502361	-0.594288512
YER037W	-0.203959094	-0.3408279137	0.293179229
YER038C	-0.111070245	-0.0808167399	-0.738371045
YER038W-A	-0.030872714	-0.105422287	-0.566098979
YER039C-A	0.353327369	0.3046934199	-0.253235232
YER039C	0.547959852	0.5992144493	-0.048805031
YER040W	-0.155063138	-0.1714284833	0.350799672
YER041W	-0.473468978	-0.3420384084	-0.661372187
YER042W	-0.302370777	-0.3106481302	-0.002882071
YER043C	0.271609101	0.3420181326	-0.341481456
YER044C-A	-0.153169847	-0.3324522741	-0.365748089
YER044C	0.229517988	0.3120911537	-0.893848345
YER045C	0.292067291	0.3218710222	0.710726639
YER046W-A	1.127969073	1.1382282421	-0.314241331
YER046W	1.132726465	1.1897185505	0.663789367
YER047C	-0.128046097	-0.0737443226	0.799986034
YER048C	0.142904054	0.2036688637	0.220027231
YER048W-A	0.470631458	0.4091534766	0.437649708
YER049W	-0.183994159	-0.1582994551	-0.651189881
YER050C	1.4678321	1.3807007563	1.160257494
YER051W	0.282737852	0.3081225411	-0.26792074
YER052C	-0.726302099	-0.6794783611	-0.911465062
YER053C-A	2.257867123	1.9545035113	2.803893142
YER053C	0.314997356	0.1652802361	0.67548125
YER054C	1.618184787	1.496560593	2.181964584
YER055C	-0.191616035	-0.1559261642	-0.443072243
YER056C-A	-0.027277618	-0.0786735673	-0.176109324
YER056C	-0.525175718	-0.5944042949	-0.405707807
YER057C	-0.320022614	-0.3167225038	0.059740221
YER058W	1.070504257	0.9592006954	1.159102553
YER059W	-0.303138537	-0.3375144315	0.826313469
YER060W-A	-0.587295856	-0.3355686287	-1.136789995
YER060W	-1.086651976	-1.0130020868	-0.758164621
YER061C	-0.285772695	-0.2034665636	-0.011778121
YER062C	0.210360027	0.1911176715	1.009402903
YER063W	0.359520306	0.3291680423	0.498977498
YER064C	-0.529798763	-0.4807299001	0.870083729
YER065C	0.033837229	-0.0345741384	0.161260518
YER066C-A	1.118651896	1.1292356534	-0.545092467
YER066W	-0.509565048	-0.6103208367	-0.624405332
YER067C-A	0.992585103	0.7031565869	0.587431723
YER067W	2.379092418	2.2167431128	3.56987523
YER068C-A	2.252814828	2.4161367842	1.386647914
YER068W	-0.224033732	-0.2055841617	0.48606937
YER069W	-1.034034129	-0.981436697	-0.772740381
YER070W	-0.408198559	-0.3781877232	0.440871301
YER071C	0.682342256	0.5304455085	0.515544548
YER072W	-0.185082005	-0.1860321091	0.001529055
YER073W	-0.546238544	-0.4477523463	0.200819608
YER074W-A	0.487233725	0.4504325913	-0.024154992
YER074W	-0.368905825	-0.3598951218	-0.572111399
YER075C	-0.623204413	-0.5751953357	0.346722582
YER076C	-0.044949485	-0.0129208394	-0.338323698
YER076W-A	-0.168791478	-0.3466546782	-0.699279617
YER077C	-0.485882243	-0.4435130142	1.204921621
YER078C	-0.189285145	-0.0783718519	-0.4249519
YER078W-A	0.597749743	0.9671414981	-0.191386484
YER079C-A	2.283817332	3.1993047713	1.722843154
YER079W	1.410260272	1.3308315717	1.426193709
YER080W	0.05129086	0.1216499929	0.295988651
YER081W	-0.27175884	-0.2595987084	0.047280811
YER082C	-0.259865311	-0.1965327758	0.191371977
YER083C	0.299898307	0.3038289242	-0.044768514
YER084W-A	1.001510507	-0.3591626608	1.145627525
YER084W	1.358420963	1.5258569431	1.344737834
YER085C	2.171926737	2.339153739	1.482366761
YER086W	-0.614989311	-0.5680864908	-1.057999514
YER087C-A	0.694048784	0.1613039658	-0.279108917
YER087C-B	0.101162739	-0.0471378461	-0.204973459
YER087W	-0.010755402	0.0083864704	0.191471566
YER088C-A	-0.557162125	-0.4728821075	-0.342885788
YER088C	-0.655852381	-0.6270151252	0.079629006
YER088W-B	-0.52660542	0.1642818676	-1.365681875
YER089C	-0.832148057	-0.7274682811	-0.464080023
YER090W	-0.071992332	0.0234067938	-0.381462464
YER091C-A	0.635381305	-0.1493045138	-0.183929639
YER091C	-0.128851058	-0.0587220159	-1.271234377
YER092W	0.800216449	0.7469486829	0.634496053
YER093C-A	0.447773153	0.3819371049	0.674601016
YER093C	-0.205276589	-0.1625380165	0.168745519
YER094C	0.823315535	0.8211672868	0.173603047
YER095W	0.122492275	0.1403652167	0.943814778
YER096W	1.018243843	0.9763713989	0.48578792
YER097W	0.053656041	0.0493947753	-1.881965137
YER098W	0.086980919	0.080802173	0.450689434
YER099C	0.35250547	0.2989322197	-0.070774374
YER100W	0.525095384	0.5420319452	0.387337198
YER101C	0.554572081	0.5930874518	0.661418487
YER102W	-0.491311882	-0.409382946	-0.500005271
YER103W	1.664150364	1.5265305882	1.777911187
YER104W	0.453528921	0.3873215261	0.248773189
YER105C	-0.799556353	-0.7704356643	-0.111338245
YER106W	2.226825324	2.1599074341	0.74217707
YER107C	-0.147927479	-0.1314810782	-0.304735257
YER107W-A	1.702975496	2.0307318236	-1.421105902
YER109C	-0.112563461	-0.1432522938	-0.344797359
YER110C	-1.142715666	-1.0872484885	-0.903288361
YER111C	-0.031988932	0.0345606667	0.953708707
YER112W	0.556127135	0.4425754786	0.351126153
YER113C	-0.587411101	-0.5135858876	-0.805137665
YER114C	-0.657515955	-0.6426582325	0.031847677
YER115C	-1.054303803	-0.9563594359	-0.913206878
YER116C	0.366588279	0.357826099	0.341978312
YER117W	-0.426432895	-0.4431389166	-0.699047242
YER118C	-0.241120387	-0.1855820382	-0.2423268
YER119C-A	1.506023935	1.5712539107	1.080703756
YER119C	0.329609373	0.4901629289	0.429970075
YER120W	-0.052513333	-0.0521542203	-0.207286157
YER121W	2.155104262	2.172324573	2.650176809
YER122C	0.014565534	0.0012934907	0.318985241
YER123W	-0.392238568	-0.3783402018	0.017118521
YER124C	-0.660231944	-0.772974123	1.103349314
YER125W	-0.689499472	-0.6169424934	-0.336384806
YER126C	0.390058935	0.340671294	0.101714721
YER127W	0.352518824	0.4178812141	0.538332291
YER128W	0.297826418	0.2424052189	-0.106153304
YER129W	-0.666189265	-0.6523058917	-0.422999087
YER130C	-0.254299963	-0.3336201772	0.057377615
YER131W	0.038939822	-0.0349278507	0.1875516
YER132C	-0.804269456	-0.757204307	-0.338233386
YER133W-A	-0.017498537	1.6408373392	-0.087611738
YER133W	0.160461645	0.1476672902	0.202813158
YER134C	0.14033564	0.0892108727	0.160317955
YER135C	0.543055336	0.314909329	0.71535616
YER136W	-0.384034361	-0.3239968797	-0.184610791
YER137C	1.893952993	1.8924958487	1.128189104
YER137W-A	0.705681981	1.1645373907	-0.343869805
YER138W-A	-2.028244382	-2.1754434772	-1.957473136
YER139C	0.225448927	0.1539589969	0.226601595
YER140W	-0.267093067	-0.267738891	-0.174868873
YER141W	-0.303248766	-0.306347589	0.239453677
YER142C	0.424191035	0.5552338179	-0.084503093
YER143W	0.124715865	0.1314704547	0.339808477
YER144C	-0.33396327	-0.3278828199	-0.061807944
YER145C-A	-0.878888875	-0.5874304828	0.149390052
YER145C	0.620087041	0.6842954611	-0.221925282
YER146W	0.509365874	0.518537767	-0.34190714
YER147C-A	0.68806931	-0.4672736885	-0.07911916
YER147C	-0.135530424	-0.012454623	0.114069938
YER148W-A	-0.806065905	0.8297278704	-0.713325222
YER148W	-0.449926025	-0.4049137542	-0.793788787
YER149C	-0.011629497	0.0827049353	-0.202178124
YER150W	0.581876059	0.1828711217	1.235948863
YER151C	-0.35032678	-0.32615402	0.31023215
YER152C	-0.790475825	-0.6135479737	-0.27257345
YER152W-A	1.283696454	0.8934761479	0.791834389
YER153C	-0.792545624	-0.7166475424	-0.918798139
YER154W	-0.256923543	-0.2016362051	-0.323277747
YER155C	-0.881383439	-0.8974824017	-0.245025255
YER156C	-0.151235625	-0.0841079768	-0.251906533
YER157W	-0.472655666	-0.3833613	-0.202737674
YER158C	0.144282484	0.0312362718	0.575756197
YER158W-A	1.054779468	0.6758443286	0.125542818
YER159C	0.80217754	0.7815217351	0.259793868
YER161C	0.288545087	0.2891510363	0.439807286
YER162C	0.067067203	0.1345943888	0.978295009
YER163C	0.389223874	0.4394442164	0.0983889
YER164W	-0.658877551	-0.5717733308	-0.044539712
YER165C-A	-0.619940094	-0.0938893446	-0.748698303
YER165W	-1.134401795	-1.0177380233	-0.967344346
YER166W	-1.047110275	-1.0046905116	-0.123109646
YER167W	-0.744849578	-0.7586170316	0.133834718
YER168C	0.508133193	0.5642027525	-0.145607764
YER169W	-0.31831815	-0.323695668	0.197004517
YER170W	-0.134689073	-0.187404195	0.356859564
YER171W	-0.614620849	-0.5670602623	-0.378892886
YER172C-A	2.867217313	1.5558431422	1.43921884
YER172C	-0.773840597	-0.7359085367	0.023591895
YER173W	0.28817456	0.3217792765	-0.129928145
YER174C	-0.064677524	-0.0892888217	-0.451052643
YER175C	0.420300805	0.3851905713	0.45114352
YER175W-A	-0.356967057	-0.5688640951	-1.490182094
YER176W	-0.0607367	0.01606185	0.026169371
YER177W	-0.076795548	-0.1191387817	0.021167001
YER178W	-0.08766849	-0.0525744474	-0.178829508
YER179W	1.51427832	1.5457981959	0.789507017
YER180C-A	-0.308376993	-0.5348554212	-0.273071076
YER180C	-0.635427121	-0.6887803519	-0.590922459
YER181C	-0.424744832	0.2309236028	0.098622191
YER182W	0.806796078	0.7311152845	0.494640586
YER183C	0.378552065	0.401330615	-0.373608092
YER184C	-0.127559665	-0.0012949975	-0.446932053
YER185W	0.998818937	1.0025726037	0.159092613
YER186C	-0.551921199	-0.5322281299	-0.83042751
YER187W	1.510695469	1.2710807336	-1.549504643
YER188C-A	0.889838143	0.5895732504	-1.089136106
YER188W	-0.19195871	-0.168380799	-2.35519643
YER189W	-0.015852919	0.139887043	-1.317604239
YER190C-A	1.371184337	1.1429436923	0.395183918
YER190C-B	1.365497141	1.1622377931	-0.322263896
YER190W	0.068303638	0.1149799693	-1.178733057
YFL001W	0.089513396	0.0379190782	-0.132368155
YFL002C	-0.107379416	-0.0516283324	-0.416498438
YFL003C	0.485062547	0.3397289118	-0.812234362
YFL004W	-0.777709088	-0.6739206156	-0.233427186
YFL005W	0.242740651	0.1940005992	-0.015677098
YFL007W	-1.009549784	-0.9273960209	-0.474066878
YFL008W	-0.343356117	-0.2448267994	0.928758583
YFL009W	-0.607990696	-0.5569141667	-0.282252793
YFL010C	0.282123208	0.308686262	-0.059762265
YFL010W-A	0.680262884	-0.6010911356	-0.010341935
YFL011W	2.659081289	2.8773672814	1.665634165
YFL012W-A	0.308835538	0.86858026	-0.398970686
YFL012W	0.737169861	0.8232908877	-1.558601999
YFL013C	-0.190088173	-0.1277118701	0.587840685
YFL013W-A	0.461146851	0.2322737994	1.003704272
YFL014W	4.315946517	3.7839643014	5.958248491
YFL015C	3.4572128	4.3478879742	2.227382699
YFL015W-A	0.407964713	-0.7177860166	-3.121850292
YFL016C	0.20177142	0.2849783929	0.776837903
YFL017C	0.553166172	0.5263472796	0.363766799
YFL017W-A	1.200346028	1.0849486625	0.623496303
YFL018C	0.204974084	0.2681132886	0.21969106
YFL019C	-0.04599481	0.0952399321	-0.268435875
YFL020C	1.245010235	1.0239226699	0.281488585
YFL021C-A	0.599886499	0.6151921527	-0.704375813
YFL021W	-0.627599702	-0.6564959033	-0.298609222
YFL022C	-0.433648953	-0.3662486476	-0.436125572
YFL023W	0.230322127	0.3281070579	0.267509302
YFL024C	1.022563147	1.0040120801	1.292643354
YFL025C	-0.468584318	-0.3871364596	-0.056886921
YFL026W	0.070839197	-0.0328644956	-0.616676022
YFL027C	0.131632006	0.1545805277	-0.003920867
YFL028C	0.494398035	0.4651686302	-0.333801784
YFL029C	0.201026212	0.2798442217	-0.220519153
YFL030W	0.694504176	0.5131694072	1.290795687
YFL031C-A	0.690040765	1.3296221798	-0.437774616
YFL031W	-0.490711305	-0.356411806	-0.536297942
YFL032W	-0.6098953	-0.7420202374	-0.645902643
YFL033C	-0.183906754	-0.2167881718	0.182770455
YFL034C-A	-0.262390925	-0.2768861591	0.194536187
YFL034C-B	0.353962903	0.3207223331	0.384841725
YFL034W	0.006051516	0.0770612149	0.35775824
YFL036W	-0.574413719	-0.5078552186	0.158780532
YFL037W	-0.388694769	-0.3320865409	-0.523651283
YFL038C	0.789077168	0.7922336934	0.541965141
YFL039C	-0.562973802	-0.5447637086	-0.337660878
YFL040W	2.055190455	2.0156907195	0.614920503
YFL041W-A	-0.205516282	-0.092258486	-0.615854915
YFL041W	0.202083334	0.2453967113	-0.603063806
YFL042C	-0.138621678	-0.0578787957	0.368234651
YFL044C	-0.245963503	-0.2216819746	-0.006105407
YFL045C	-0.461239051	-0.4517579728	-0.916508923
YFL046W	0.849622987	0.9030042347	0.188290929
YFL047W	0.175750648	0.2781251664	0.134361961
YFL048C	0.32288687	0.3691821277	-0.086880109
YFL049W	-0.073375129	-0.0925379926	0.291416456
YFL050C	-0.485833802	-0.313665871	-0.759751014
YFL051C	0.234752461	0.1319327029	-0.75838859
YFL052W	1.600934595	1.8609152917	1.242447914
YFL053W	2.570721292	2.7555049591	3.684810339
YFL054C	-0.091058453	-0.1410866148	0.339028627
YFL055W	-0.161759288	0.0876688432	-0.446792531
YFL056C	-0.831546013	-0.8054849898	-0.716432415
YFL058W	2.126503458	2.1528324088	0.380052377
YFL059W	1.193662448	1.3386468317	0.175216868
YFL060C	0.181123446	0.3238613005	-0.681502718
YFL061W	1.860977254	2.463465813	2.149517524
YFL062W	0.38578143	0.3577859862	-0.501912679
YFL063W	1.396460448	1.6122971671	-1.04042211
YFL064C	0.22813306	0.2020483269	-1.391890221
YFL065C	-0.086869338	0.7911609828	-0.159410348
YFL066C	-0.584401171	-0.5396550543	-1.09701598
YFL067W	1.296043669	1.0284307506	0.054851386
YFL068W	3.812305045	2.2595678696	0.886364355
YFR001W	0.855013739	0.9198459175	0.304739737
YFR002W	-0.208260573	-0.173435246	0.205912871
YFR003C	1.323400707	1.2566462615	0.791794677
YFR004W	0.945014109	0.9399394538	0.5406691
YFR005C	-0.306503991	-0.255729716	-0.727629353
YFR006W	0.028120644	0.1035903011	0.140192978
YFR007W	0.522820353	0.4252304049	0.220022643
YFR008W	0.633382375	0.6334759247	0.583211726
YFR009W	-1.146982844	-1.0635352544	0.553958401
YFR010W-A	-0.863014596	-1.9461747843	-1.404060553
YFR010W	0.460263601	0.4348113007	0.175438244
YFR011C	0.977354921	0.8192408395	0.707506844
YFR012W-A	0.548611623	1.6333066451	-0.887546019
YFR012W	0.445737679	0.3580985431	-1.196281075
YFR013W	-0.510074688	-0.4443369889	-0.182783652
YFR014C	0.169854221	0.1598201497	1.020872843
YFR015C	1.381180275	1.3357930412	1.965604825
YFR016C	-0.130322578	-0.0442162374	0.428335869
YFR017C	1.802062138	1.58160848	1.770479856
YFR018C	0.297347311	0.3799822076	-0.778014641
YFR019W	-0.188724224	-0.1354287738	0.749090827
YFR020W	-1.166673988	-1.1967638705	-1.866565867
YFR021W	-0.192393265	-0.0936116288	-0.126785074
YFR022W	-0.261607815	-0.2228455857	-0.51051393
YFR023W	1.08845027	1.1422988897	-0.920261121
YFR024C-A	0.107845374	0.2093961189	-0.019404929
YFR025C	0.464679295	0.4798785393	-0.318775481
YFR026C	0.178932005	0.1436822175	1.227885627
YFR027W	0.88473481	0.8717549387	1.299841994
YFR028C	-0.26378609	-0.1967327242	-0.244348598
YFR029W	0.118085447	0.1886831761	0.332542637
YFR030W	-1.764386994	-1.6524846875	-1.669614461
YFR031C-A	-0.641799138	-0.6198538395	-0.650550656
YFR031C	-0.233820435	-0.0368886243	0.257354691
YFR032C-A	-0.413009414	-0.4970981458	-0.762564904
YFR032C-B	0.11713297	0.2440897723	-0.549689242
YFR032C	1.409036544	0.9888163783	-0.41598655
YFR033C	0.332812864	0.2007186614	0.678774276
YFR034C	-0.86467841	-0.8176574459	-0.470424685
YFR034W-A	-0.098852763	-0.0180020186	-0.840020112
YFR035C	-0.191215895	-0.3102599393	-2.319669567
YFR036W-A	0.365006208	0.8294166078	0.528664478
YFR036W	1.743726976	1.8260268905	1.064822295
YFR037C	0.274590221	0.3296789283	0.089726308
YFR038W	-0.34545754	-0.2696119269	-0.264013785
YFR039C	-0.181618054	-0.0647249922	-0.500538601
YFR040W	-0.492093341	-0.5113336276	0.345585649
YFR041C	0.680744135	0.6490927094	0.422496834
YFR042W	0.71653969	0.6274607611	0.141862316
YFR043C	0.565899876	0.5085267402	0.229163095
YFR044C	-0.347430875	-0.305787002	0.062604889
YFR045W	0.646002536	0.5458493514	0.933735496
YFR046C	0.271064729	0.2507545399	-0.025307092
YFR047C	0.455482264	0.4133753622	-0.004660673
YFR048W	-0.240298556	-0.1885544966	0.120806187
YFR049W	0.419780131	0.4456671205	0.440857104
YFR050C	0.527412791	0.4497298942	0.164824207
YFR051C	0.007055028	0.127563703	0.241052675
YFR052C-A	2.08578911	1.9642636378	2.240804466
YFR052W	0.543319695	0.5215989456	0.287178261
YFR053C	1.968618893	1.8438495191	2.235447482
YFR054C	0.71465783	1.2335572452	-0.419019709
YFR055W	-0.133096936	-0.1532744808	-0.935823572
YFR056C	-0.164322207	-0.7798681228	-2.931515777
YGL001C	0.156739954	0.1904489414	-0.293764909
YGL002W	0.029929885	0.048178483	-0.598158642
YGL003C	-0.434997253	-0.4939774793	0.171738106
YGL004C	0.006938808	0.0839990355	0.038016942
YGL005C	0.834924397	0.8272961633	0.649553071
YGL006W-A	-0.306899151	1.3541729328	0.661361249
YGL006W	-0.197767412	-0.1998264094	0.218255652
YGL007C-A	-0.16461143	0.093434544	-0.640566011
YGL007W	0.970614667	1.0859973349	-0.688987062
YGL008C	-1.059443103	-1.0765998009	-0.456524781
YGL009C	-0.304582873	-0.24636617	-0.946390096
YGL010W	1.189140864	1.1305086079	0.799368043
YGL011C	0.543254423	0.5006949804	0.300081314
YGL012W	-0.157158055	-0.0791550963	-0.36370546
YGL013C	-0.526899958	-0.4696937357	0.509092191
YGL014C-A	-1.000116311	1.5093671407	0.581464961
YGL014W	-0.796068095	-0.7603448571	-0.400132764
YGL015C	1.513422112	1.2548304326	0.226674872
YGL016W	-0.273964099	-0.2121727462	-0.37505526
YGL017W	-0.022563878	0.1185290809	0.008841694
YGL018C	0.935578292	0.9379652752	0.50811355
YGL019W	0.426505411	0.4252238058	-0.087763421
YGL020C	0.524321197	0.5261535047	-0.097628223
YGL021W	-0.55914163	-0.504906215	0.345499739
YGL022W	-0.42169759	-0.3012579599	-0.747645242
YGL023C	0.319385701	0.4125926632	-0.093093461
YGL024W	0.219789114	0.3782823641	-1.202044896
YGL025C	0.026235396	0.0392233391	0.560227439
YGL026C	-0.240172605	-0.1153321538	-0.677237817
YGL027C	-0.500797797	-0.3646684009	-0.486973395
YGL028C	-0.65367187	-0.7891622078	1.27742504
YGL029W	0.809954592	0.8105066606	0.140859643
YGL030W	-0.450310338	-0.4803872336	-0.867317192
YGL031C	-0.367706763	-0.3818960061	-0.284736885
YGL032C	2.049376954	1.7501391153	0.978758952
YGL033W	0.396865155	0.4819940355	0.32225297
YGL034C	0.084394998	0.3610743676	-0.963109755
YGL035C	-0.264295508	-0.2914247068	0.240340115
YGL036W	-0.257367998	-0.1765776799	0.401607222
YGL037C	1.008728861	0.8561539465	1.263277196
YGL038C	-0.583153804	-0.586989401	-0.294265009
YGL039W	-0.020285409	0.1739485274	-1.497675397
YGL040C	-0.333366944	-0.2772165666	-0.368082769
YGL041C-B	0.028442628	-0.5614521289	-0.491370857
YGL041C	-0.210470791	0.1458444355	-0.847691533
YGL041W-A	1.12094087	1.0274650345	1.029650532
YGL042C	-0.41371288	-1.4037492496	-0.410581086
YGL043W	0.45907915	0.486377077	0.043125172
YGL044C	0.326065665	0.3536074293	0.365606166
YGL045W	0.220283975	0.3602995453	0.373930338
YGL047W	0.825735656	0.8545299823	0.542653178
YGL048C	0.171970275	0.1966551266	0.218473275
YGL049C	-0.025665562	0.0256054994	0.334987992
YGL050W	-0.05885024	-0.0797944779	-0.295712079
YGL051W	0.522254964	0.4854922922	-0.30168359
YGL052W	0.956945496	0.8133824381	0.389914064
YGL053W	0.64889854	0.6465295983	0.867308144
YGL054C	0.154489286	0.1019479981	-0.087940176
YGL055W	0.648110007	0.6308193056	-0.220822071
YGL056C	-0.269207552	-0.3033144704	1.241300902
YGL057C	-0.037602096	-0.0644647896	0.039127393
YGL058W	0.731712784	0.6648192153	0.129085355
YGL059W	-0.275470798	-0.1639070902	-0.14874647
YGL060W	0.00981565	0.1113835716	0.199336577
YGL061C	1.342135544	1.3846857644	1.095439782
YGL062W	-0.022365889	0.0872451408	0.256198385
YGL063C-A	1.252812724	1.866998825	1.332181293
YGL063W	-0.550285616	-0.4594703481	-0.411672977
YGL064C	-0.057033009	-0.0117775639	0.369293431
YGL065C	0.007119071	0.0659135809	0.217909714
YGL066W	-0.121145053	-0.0587110497	0.706039249
YGL067W	-0.296525283	-0.3035119736	-0.85119715
YGL068W	0.654778448	0.5372862693	0.476178072
YGL069C	-0.330414271	-0.4267621869	-1.419596694
YGL070C	0.501324699	0.4654170094	-0.150780704
YGL071W	-0.200480463	-0.1952440397	-0.149278699
YGL072C	0.441828613	0.4934074514	-0.173033368
YGL073W	-0.134320124	-0.1603086399	0.501547495
YGL074C	-0.139596954	0.0883550701	-0.286580395
YGL075C	0.070484357	0.0497206186	0.410504532
YGL076C	-0.629918002	-0.6324651962	-0.76411089
YGL077C	1.043026719	1.1148152389	0.380012205
YGL078C	-0.200570218	-0.1378970068	-0.106048738
YGL079W	0.434624407	0.5007979994	-0.058864419
YGL080W	0.676039931	0.6231398205	0.60394174
YGL081W	1.044716885	1.3547176498	1.100332519
YGL082W	0.363184473	0.2903858726	0.41484302
YGL083W	-0.39410095	-0.379286231	-0.155201533
YGL084C	-0.024888745	-0.0089268654	-0.128567559
YGL085W	0.204051637	0.1507562316	-0.237287258
YGL086W	0.11884833	0.1888775234	0.596634738
YGL087C	0.955214718	0.8607725036	0.989098941
YGL088W	0.450087092	0.3206643138	-0.202114869
YGL089C	2.137218558	1.2135078308	-0.648676382
YGL090W	0.100246489	0.1476242816	-0.236117884
YGL091C	0.285678513	0.2587972802	0.233814055
YGL092W	-0.899172563	-0.8009534172	-0.057299253
YGL093W	-0.153166588	-0.1032265947	0.522588473
YGL094C	-0.495958183	-0.4411045158	-0.370006685
YGL095C	0.153887184	0.1713995188	0.241793354
YGL096W	0.749652884	0.7174580641	1.36614368
YGL097W	0.245185019	0.3303094716	0.105709
YGL098W	0.477068974	0.4412108264	0.259567526
YGL099W	-0.308853782	-0.2355273179	-0.338364192
YGL100W	0.684741574	0.7073914621	0.129171624
YGL101W	-0.05170127	-0.2041596668	0.216057856
YGL102C	-0.193220607	-0.6039998079	-0.549793864
YGL103W	-0.457007305	-0.484129934	-0.620494811
YGL104C	-0.262811641	-0.2198589948	0.047315983
YGL105W	-0.032980712	-0.0065410308	-0.100718524
YGL106W	0.586155597	0.6337938183	0.247472168
YGL107C	-0.022930841	-0.0521522077	0.223228751
YGL108C	0.792981998	0.642612817	0.976090503
YGL109W	-0.074559291	0.3606499091	-0.446772373
YGL110C	0.275994903	0.3206649896	0.557177164
YGL111W	-0.046103672	0.0056113646	-0.038743112
YGL112C	0.090364909	0.0647389882	-0.035258516
YGL113W	-0.222702547	-0.1515759066	-0.521849262
YGL114W	-1.01570393	-0.9985166065	-0.739509603
YGL115W	0.319923703	0.3136504793	0.056457407
YGL116W	-0.172314533	-0.0865786291	0.585748388
YGL117W	-0.143005096	-0.2677701039	-0.296871911
YGL118C	2.307676438	2.1851163275	0.683592127
YGL119W	0.161544295	0.1279340158	-0.163959117
YGL120C	-0.340264155	-0.2577136311	-0.13474301
YGL121C	1.788363707	1.6309668539	2.915413568
YGL122C	0.08740851	0.080848649	-0.00902728
YGL123C-A	-0.942929871	-1.2936089409	-1.106759618
YGL123W	-0.705104343	-0.6946135308	-0.897389972
YGL124C	-0.318564905	-0.2956625403	0.209373403
YGL125W	0.536959739	0.681439266	-0.581129167
YGL126W	-0.385618301	-0.2987048083	0.259627712
YGL127C	0.595970058	0.581011851	0.196999654
YGL128C	0.702555756	0.6392199055	0.56538906
YGL129C	0.14211762	0.0933293918	0.30615336
YGL130W	0.42563012	0.4616845087	0.415725224
YGL131C	-0.140489572	-0.1038787049	0.094811835
YGL132W	1.69609127	1.1903839346	2.13448943
YGL133W	-0.177480368	-0.0934824584	0.617587984
YGL134W	0.151861208	0.144847022	-0.2364163
YGL135W	-0.562483142	-0.5729226377	-1.033270631
YGL136C	-0.012657441	-0.0762555183	0.058849838
YGL137W	-0.175398512	-0.095480407	-0.028746527
YGL138C	2.077795454	2.1942579509	-0.372921159
YGL139W	-0.10424025	-0.1126907203	-0.227971668
YGL140C	-0.618304597	-0.546811476	-0.366206182
YGL141W	-0.295879355	-0.274333829	0.45024982
YGL142C	-0.570960098	-0.5556237982	-0.95932104
YGL143C	-0.001427744	0.0014343629	0.208622024
YGL144C	-0.217010285	-0.1064142985	-0.029961414
YGL145W	-0.008391934	0.0583670978	-0.150913139
YGL146C	1.463290501	1.3475917936	0.818815216
YGL147C	-0.64310312	-0.6539045533	-0.767312183
YGL148W	-0.273927207	-0.2012247313	-0.683160486
YGL149W	0.84607251	0.2616191704	1.440908185
YGL150C	-0.510607651	-0.4648754805	0.196183405
YGL151W	-0.215633166	-0.2408542712	0.190358399
YGL152C	0.486107983	0.2344165267	-1.722987327
YGL153W	0.638700064	0.6791715957	0.357740542
YGL154C	0.103772515	0.0276587219	-0.579081712
YGL155W	-0.172123482	-0.1262288263	-0.223942227
YGL156W	1.211846591	1.1908904042	2.1188582
YGL157W	0.468927166	0.5969222491	0.852801903
YGL158W	1.034067708	0.8708853735	0.572140447
YGL159W	-0.232987098	-0.1575671272	-0.393396837
YGL160W	0.087919826	0.1470094713	-0.236757152
YGL161C	0.606863866	0.5939086675	0.416168956
YGL162W	-0.48420156	-0.4057497793	0.127662128
YGL163C	-0.12674801	-0.0998402575	0.149548915
YGL164C	-0.052772096	0.0007369128	0.50641588
YGL165C	-0.130638911	-0.3013199129	0.106787721
YGL166W	0.377449847	0.4608957911	0.291560824
YGL167C	-0.571958471	-0.4929454159	-0.331857695
YGL168W	0.082759494	0.5664064042	-0.721130829
YGL169W	-0.039873323	-0.0622664375	-0.462929612
YGL170C	2.478958194	2.6073331637	-0.238636373
YGL171W	-0.493713536	-0.4408676959	-0.202137125
YGL172W	-0.087190121	-0.0228022745	-0.343843729
YGL173C	-1.157119678	-1.1176889299	0.038921008
YGL174W	0.823689288	0.9125573535	0.788537625
YGL175C	0.107464282	0.0798308786	-0.312065334
YGL176C	-0.402493703	-0.398050579	-0.404172432
YGL178W	-0.206525924	-0.1946663211	-0.008987109
YGL179C	-0.298065765	-0.3632928277	-0.263412739
YGL180W	-0.093824582	-0.0631078542	0.667719646
YGL181W	0.637321544	0.7063260311	0.34222405
YGL182C	0.16414969	-0.3041386029	-1.130127817
YGL183C	0.035952985	-0.269329687	-0.696876638
YGL184C	-0.632356917	-0.7059034124	0.871057083
YGL185C	0.772969886	0.787113229	0.781760057
YGL186C	-0.677127199	-0.6185479015	-0.132154843
YGL187C	-0.393866833	-0.5082039603	0.136149573
YGL188C	-0.472125765	-0.6213078735	-0.046886882
YGL189C	-0.616087695	-0.6653779567	-0.585273677
YGL190C	-0.25449938	-0.2042713913	0.354322365
YGL191W	1.033229269	0.8763252779	1.012728443
YGL192W	0.752825419	0.219525594	0.076593197
YGL193C	-1.609478414	-1.0070224209	-2.133835822
YGL194C-A	0.081631495	-0.0405268831	-0.269103986
YGL194C	-0.14607875	-0.1884697079	1.861428646
YGL195W	-1.300106968	-1.2705460721	0.044715115
YGL196W	-0.477102668	-0.4715258567	0.066831042
YGL197W	-0.335378948	-0.3200275428	0.338146485
YGL198W	0.42633174	0.431640593	0.229620481
YGL199C	-0.778460677	-1.1504951843	-0.830735602
YGL200C	0.179138559	0.1578085402	-0.262022539
YGL201C	-0.418048488	-0.4024786822	0.018896096
YGL202W	-0.507669304	-0.4808720571	-0.432287806
YGL203C	-0.215980068	-0.0923262539	-0.261935139
YGL204C	-0.331811521	-0.3155143003	-0.550580444
YGL205W	1.959053175	2.1002623582	2.311956344
YGL206C	-0.740664917	-0.7023341815	0.001675578
YGL207W	-0.138044517	-0.0509419641	0.251720671
YGL208W	0.257201576	0.2047846587	0.657720636
YGL209W	-0.386262107	-0.43624852	0.859774375
YGL210W	0.273723614	0.2306991583	-0.022997774
YGL211W	-0.235464495	-0.2848859096	-0.352925621
YGL212W	0.012044892	-0.0205694008	0.03684803
YGL213C	0.614181818	0.5777580019	0.389137572
YGL214W	0.15948333	-0.0884802488	-1.199180801
YGL215W	-0.707668587	-0.5661176465	-1.299161729
YGL216W	-0.39804528	-0.3434536845	0.1670325
YGL217C	3.046450508	2.7701869721	1.022203557
YGL218W	0.969663285	0.9718268808	0.560120218
YGL219C	0.542826558	0.4943645532	0.524946631
YGL220W	0.337221591	0.3352171445	-0.589685056
YGL221C	0.59343005	0.5594894179	0.347943286
YGL222C	1.10968021	0.951076976	3.262785782
YGL223C	0.231452503	0.166857973	0.504589353
YGL224C	-0.427644904	-0.3931662976	-0.625809255
YGL225W	-0.14481964	-0.1667140399	-0.217772059
YGL226C-A	0.12700302	-0.061264973	-0.326555497
YGL226W	0.982711064	0.9079399023	0.619135779
YGL227W	-0.031217856	0.103993665	0.806524641
YGL228W	0.138323214	0.1829499537	-0.45136802
YGL229C	-0.315879816	-0.2779233624	-0.205109444
YGL230C	1.099952056	1.3380438367	1.113406497
YGL231C	0.60178819	0.5430797111	0.617207629
YGL232W	0.359658857	0.3037298561	-0.193625906
YGL233W	-0.451607715	-0.4004499129	0.01417847
YGL234W	-0.519677635	-0.4392800785	-0.781743666
YGL235W	1.057118221	0.9380992362	-0.558184426
YGL236C	-0.529950416	-0.441253648	-0.145882239
YGL237C	0.173087431	0.1037087731	0.419652132
YGL238W	-0.261763436	-0.2353143906	-0.362973214
YGL239C	0.962377552	-2.0144195546	NA
YGL240W	-0.313346811	-0.31275388	-0.698525901
YGL241W	-0.260386376	-0.234532818	-0.22682583
YGL242C	1.240305134	1.3005753531	0.607675243
YGL243W	-0.225194371	-0.2301368712	-0.6187903
YGL244W	0.206249965	0.2112815483	0.096312289
YGL245W	-0.660593386	-0.5478347789	-0.710636616
YGL246C	0.126661298	0.0974406592	-0.055719602
YGL247W	0.340460611	0.2361473385	-0.081197346
YGL248W	0.348702594	0.3016760887	0.938948804
YGL249W	0.901102282	0.8425140699	0.233271554
YGL250W	0.686370198	0.7127892209	1.024714248
YGL251C	-0.365934939	-0.3477404831	-0.331303159
YGL252C	0.279233002	0.3198460845	-0.064247834
YGL253W	-0.064992256	-0.0011758156	-0.577964196
YGL254W	0.109357722	0.1222179727	-0.151219255
YGL255W	0.785393696	0.7325376795	0.81534403
YGL256W	-0.678165451	-0.6960025176	-1.143953093
YGL257C	-0.57511845	-0.5665978858	-1.063746401
YGL258W-A	0.019823429	0.4984562591	-1.4194314
YGL258W	-0.055614763	-0.063223296	-1.750379879
YGL259W	0.508540189	0.8748483407	-0.125004583
YGR001C	0.25541226	0.235125317	-0.196701005
YGR002C	0.054264282	0.1256674141	0.265609137
YGR003W	0.027759243	0.1203089847	0.098730968
YGR004W	-0.194162454	-0.0676688492	-0.312897293
YGR005C	0.424848561	0.4903603953	0.327286654
YGR006W	0.118698225	0.0193773464	-0.145990791
YGR007W	-0.037379907	0.0142904154	-0.309775545
YGR008C	1.48970331	1.2365884131	2.026591838
YGR009C	0.076242034	0.1230649835	0.654103379
YGR010W	-0.209176058	-0.1874017798	-0.259395094
YGR011W	-0.155998618	-0.3414512388	-0.36259884
YGR012W	0.107735762	0.2415673624	-0.077687039
YGR013W	0.168334822	0.2410179353	0.501393222
YGR014W	-0.907120021	-0.935020763	-0.292474111
YGR015C	-0.076170171	-0.0780417453	-0.362433294
YGR016W	0.123369634	-0.0467459732	-0.075131688
YGR017W	-0.904276857	-0.9169542607	0.034691402
YGR018C	0.608904022	0.3165766236	-0.200358583
YGR019W	0.714528097	0.7074712628	0.226934333
YGR020C	-0.030944902	-0.0086163369	-0.141891752
YGR021W	0.159432067	0.1996958145	0.844735877
YGR022C	-1.466471081	-0.0188872526	-1.420273249
YGR023W	-0.465230091	-0.6009167585	0.163467995
YGR024C	-0.093365728	-0.1687281515	-0.96965286
YGR025W	-0.071215496	-0.4022252684	0.444279431
YGR026W	0.201232176	0.2016019679	0.173519099
YGR027C	-0.080558408	-0.1529966943	-0.415473881
YGR028W	0.161326858	0.1726282075	0.596878686
YGR029W	0.448600124	0.4000110417	-0.020192755
YGR030C	0.927161355	0.8239494992	1.729729916
YGR031C-A	0.246806192	0.5387734053	-0.303119417
YGR031W	-0.335545914	-0.2762945802	0.011136823
YGR032W	0.889122658	0.8212245342	1.639458166
YGR033C	0.136576816	0.1201882819	0.033348967
YGR034W	-0.525714849	-0.5822757643	-0.926156684
YGR035C	1.289846137	1.3243322678	0.970142735
YGR036C	-0.418534699	-0.4730314912	-0.458710253
YGR037C	-0.044590282	-0.1051187353	-0.184835942
YGR038W	0.535934399	0.4731938326	0.193250965
YGR039W	-1.11247	-0.9086357489	-0.524505297
YGR040W	-0.593329122	-0.5076672747	-0.528665608
YGR041W	-1.278629067	-1.3555368686	0.147456506
YGR042W	-0.079207686	-0.1153236989	-0.445880349
YGR043C	3.181201396	2.9685640404	3.150733855
YGR044C	0.014172662	-0.0106218574	0.304518796
YGR045C	0.444557558	0.203698583	-0.484843413
YGR046W	-0.209331031	-0.1905131282	0.193900973
YGR047C	-0.149447894	-0.0649799202	0.284642038
YGR048W	0.253675945	0.2352880629	0.523800568
YGR049W	0.512013988	0.6328113802	0.14100794
YGR050C	1.666563562	1.5685450367	-0.237741321
YGR051C	-0.030725543	0.1886094914	-0.929677778
YGR052W	0.852258216	0.5330054673	1.028953577
YGR053C	0.986148564	1.0165649158	0.873050587
YGR054W	-0.658042715	-0.5388288172	-0.332743741
YGR055W	-0.556473646	-0.5340516324	-0.405434621
YGR056W	-0.510408971	-0.4851653433	0.1403617
YGR057C	-0.038540954	-0.0459720378	-0.197025596
YGR058W	0.058102282	-0.0348862367	0.509665934
YGR059W	1.235481915	1.4925132329	0.649439656
YGR060W	-0.056117611	-0.0282917194	-0.459344272
YGR061C	-0.906410334	-0.8057800396	-0.534764642
YGR062C	-0.268301672	-0.2505872035	-0.09948551
YGR063C	0.974947341	0.8897424008	0.91144003
YGR064W	-0.207496407	-0.7399965226	-0.649181139
YGR065C	0.005289586	0.0468531272	-0.24101181
YGR066C	1.23641495	1.0504799481	1.153669971
YGR067C	0.809768695	0.9912709988	0.665346706
YGR068C	-0.35457507	-0.3058719797	0.034937781
YGR068W-A	1.498272689	0.8426182068	-0.726071298
YGR069W	1.866647696	0.7555830804	1.070517997
YGR070W	-0.180329465	-0.2375858558	0.282407652
YGR071C	-0.45515411	-0.4732555662	-0.080052605
YGR072W	0.223419656	0.2492817908	0.547604601
YGR073C	-0.438656389	-0.2923957989	-0.259940181
YGR074W	0.509641165	0.3178322858	-0.100131031
YGR075C	-0.18464673	-0.1855732313	-0.274038263
YGR076C	0.709171481	0.6530014993	1.100521921
YGR077C	-0.462183683	-0.4185649249	-0.252762835
YGR078C	0.414931137	0.4486643936	0.456944146
YGR079W	-0.146300543	-0.2151547978	0.333127722
YGR080W	0.505554491	0.5027311343	0.560861087
YGR081C	0.692451679	0.6646389832	0.667578139
YGR082W	0.276752214	0.2298622237	0.039513271
YGR083C	-0.100292955	-0.0580426406	0.223802038
YGR084C	0.395445031	0.3266301107	0.628348
YGR085C	0.148192545	0.1128105815	0.063374018
YGR086C	0.493909132	0.5017522213	1.125451839
YGR087C	1.009935719	0.9882504947	0.331161828
YGR088W	2.139529304	1.814966537	1.871446345
YGR089W	-0.768730782	-0.7555206863	0.17577593
YGR090W	-0.950367424	-0.9020375213	0.108475581
YGR091W	-0.505767981	-0.4116081862	-0.5357247
YGR092W	0.329433065	0.365009267	1.03643543
YGR093W	-0.305051071	-0.3547860112	-0.40592471
YGR094W	-0.784502475	-0.6791410451	-0.718518124
YGR095C	0.208434147	0.116834751	-0.0591566
YGR096W	-0.451144692	-0.449627693	-0.54738172
YGR097W	-0.286825046	-0.2294776267	0.399626079
YGR098C	-0.826621836	-0.7644955068	0.091970756
YGR099W	-0.160396245	-0.1586055615	0.353962542
YGR100W	-0.261556913	-0.240767328	0.188710381
YGR101W	-0.156170098	-0.1299187506	0.076071661
YGR102C	1.000520707	0.9648134551	0.377831273
YGR103W	0.178442442	0.2173522383	0.053348406
YGR104C	0.484415622	0.5588251082	0.553062829
YGR105W	-0.012498072	-0.0357132876	-0.749330853
YGR106C	0.086141767	0.0593130787	-0.212601066
YGR107W	-0.064308295	-0.3041556236	-0.258298301
YGR108W	-0.199638998	-0.2623797011	0.78816924
YGR109C	-0.430546424	-0.3247851032	0.954125337
YGR110W	0.514503587	0.5425056199	1.040853382
YGR111W	0.158818181	0.1811817669	0.35073604
YGR112W	0.196169802	0.1646244835	0.143232798
YGR113W	-0.155731145	-0.076880522	0.141323197
YGR114C	-2.630449672	-1.023986156	-0.421105902
YGR115C	0.31968865	0.009297851	1.075627375
YGR116W	-0.403786052	-0.3382709184	0.280373237
YGR117C	0.061730639	0.0393037269	-0.670411827
YGR118W	-0.282229181	-0.2664766206	-0.281962097
YGR119C	-0.270583489	-0.1900178057	-0.131663297
YGR120C	0.461330012	0.3826564254	0.331656638
YGR121C	-1.467740452	-1.4058605424	-1.027617206
YGR121W-A	-0.445289836	-0.8996388337	-1.121579736
YGR122W	-0.14361462	-0.2043666443	-0.157964267
YGR123C	-0.698794435	-0.5973167195	-0.665853873
YGR124W	-0.158982379	-0.1182239678	-0.131022179
YGR125W	-0.449543712	-0.3816388236	0.228576245
YGR126W	-0.282044012	-0.2953738616	0.20406177
YGR127W	-0.054049919	-0.1503501278	0.294845084
YGR128C	-0.406252038	-0.3920140066	-0.131906777
YGR129W	0.687334417	0.5639324801	0.386746565
YGR130C	0.502325269	0.5327558221	1.257628795
YGR131W	0.408152928	0.4223683053	-0.535928675
YGR132C	0.713388771	0.6911244466	0.26972703
YGR133W	0.160419892	0.176266761	-0.248081395
YGR134W	-0.618472256	-0.5705842243	-0.11505616
YGR135W	0.614720359	0.6180343166	0.217279881
YGR136W	0.403170693	0.3390785235	0.411765785
YGR137W	0.285783435	0.3096492002	0.286924555
YGR138C	-0.022942421	-0.0771498457	0.207057965
YGR139W	-0.82192702	0.1435791412	-1.795934049
YGR140W	-0.281757361	-0.2676351417	0.200716007
YGR141W	0.31087594	0.3633509787	0.448118211
YGR142W	1.263053654	1.2597355298	1.190817204
YGR143W	-0.497158937	-0.6159545856	0.551379098
YGR144W	1.469332961	1.5401108366	-0.160497985
YGR145W	0.071342637	0.0938377645	-0.027358184
YGR146C-A	0.76522368	0.9854089998	0.037345544
YGR146C	-0.426659674	-0.5725610994	0.638274745
YGR147C	0.4946832	0.4865824282	0.432252071
YGR148C	-0.301227765	-0.3377623448	-0.633408382
YGR149W	0.106752237	0.1937257336	0.89596845
YGR150C	-0.17678455	-0.1509798335	-0.176997217
YGR151C	-0.011115385	0.0592563426	-1.039618455
YGR152C	0.177453228	0.2349992495	-0.336094044
YGR153W	1.683976118	1.741536644	1.433600251
YGR154C	-0.339517127	-0.4437785884	-0.670800225
YGR155W	-0.315130932	-0.2870241882	-0.536721367
YGR156W	0.418625699	0.4411183441	1.181196344
YGR157W	0.073638835	0.1152277741	-0.210839422
YGR158C	-0.120471147	-0.0640470699	-0.245495077
YGR159C	-0.313742965	-0.3254577112	-0.651018404
YGR160W	-0.083412726	-0.0543421276	-0.525227894
YGR161C	0.817534931	0.8855092784	1.49855338
YGR161W-C	0.573294609	0.5150009709	0.77965676
YGR162W	-0.616802835	-0.5289329432	-0.167434175
YGR163W	0.278585557	0.2697702337	0.15029829
YGR164W	-0.848313979	0.6505887283	-0.123764071
YGR165W	0.110164182	0.0507609894	0.536712417
YGR166W	-0.308271065	-0.2164201299	-0.040998302
YGR167W	0.541592564	0.5639963722	0.66503274
YGR168C	-0.157376714	0.002127943	-0.511319093
YGR169C-A	0.56510941	0.3005672409	0.396137644
YGR169C	-0.290981426	-0.3605895116	-0.695986809
YGR170W	-0.12642705	-0.0859208981	0.021244916
YGR171C	-0.173046607	-0.1851452928	-0.296875995
YGR172C	0.20178743	0.2359210836	0.055441423
YGR173W	0.081875275	0.1872507833	-0.143721743
YGR174C	0.944028123	0.8612297655	1.19330693
YGR174W-A	1.641332507	1.4854176339	1.855767424
YGR175C	0.192198297	0.2894175873	-0.429945497
YGR176W	-0.614625199	-0.7635288397	-0.878227189
YGR177C	-0.952679385	-0.8490326354	-1.191053091
YGR178C	-0.224896488	-0.1657020966	-0.367509056
YGR179C	0.186954623	0.1785496984	0.919215299
YGR180C	0.079918867	0.1248332054	-0.630270839
YGR181W	0.552086968	0.5903264149	0.087586822
YGR182C	0.574626663	0.3134759263	0.443045402
YGR183C	0.620078759	0.480827927	0.540990213
YGR184C	-0.808261549	-0.7651263598	0.16007403
YGR185C	0.556966575	0.5920916515	-0.130119867
YGR186W	0.137879256	0.2164368311	0.294138111
YGR187C	0.135607781	0.1742706279	-0.136160723
YGR188C	0.054257488	0.125677796	0.180483791
YGR189C	0.205700062	0.3330407979	0.372989015
YGR190C	1.457799247	3.1117053487	2.146538778
YGR191W	-0.521960452	-0.5070747096	-0.162706701
YGR192C	-0.635229245	-0.5815966627	-0.756501117
YGR193C	0.489166573	0.5222732864	0.350704499
YGR194C	0.691778778	0.6844653129	1.151391951
YGR195W	0.242016061	0.2446768373	0.0662661
YGR196C	-0.001296589	0.065175668	0.335330758
YGR197C	-0.341971628	-0.2512803346	-0.055369033
YGR198W	-0.709067431	-0.7353861456	-0.431330816
YGR199W	-0.321694952	-0.3310277928	-0.404720431
YGR200C	-0.598624271	-0.5378149839	-0.228831691
YGR201C	-0.25916777	-0.297950513	-0.541677172
YGR202C	-0.275364405	-0.1778296378	-0.330621521
YGR203W	0.418392123	0.2450159982	0.197486394
YGR204C-A	3.639277937	3.6487172572	1.787167805
YGR204W	-0.789813253	-0.6573636687	-0.614543602
YGR205W	1.08038786	1.0440766711	1.955393837
YGR206W	0.559735956	0.5759513313	-0.347523812
YGR207C	1.061923933	1.0792535936	0.726471508
YGR208W	0.121017936	0.1972028264	0.119022616
YGR209C	0.316958552	0.229564691	0.330573059
YGR210C	-0.611790708	-0.5355697511	-1.005244844
YGR211W	-0.176421621	-0.1308678681	-0.296009188
YGR212W	-0.447707852	-0.5816982579	-0.924582771
YGR213C	1.397583311	1.5356083809	1.069248563
YGR214W	-0.406766716	-0.4120836629	-0.510195045
YGR215W	0.829788402	0.7405079672	0.507887844
YGR216C	-0.472805822	-0.4130153336	-0.782446423
YGR217W	-0.501348944	-0.4412944474	0.041136519
YGR218W	-0.558580711	-0.5620509377	0.209308472
YGR219W	1.500078112	1.0157500439	-0.911986114
YGR220C	0.613580846	0.5566697684	0.322458929
YGR221C	-0.10004351	-0.1428871666	-0.212066749
YGR222W	0.102716202	-0.0025499797	0.092674008
YGR223C	0.104449062	0.1056272926	0.45448935
YGR224W	1.026290565	1.3815524359	1.607340308
YGR225W	1.227769126	2.1207234901	0.177340492
YGR227W	-0.406568912	-0.4206705628	-0.091951713
YGR228W	-0.004582118	-1.085888636	-0.355313944
YGR229C	-0.192110743	-0.1475483253	-0.04404613
YGR230W	0.999112089	0.8582085136	1.008014225
YGR231C	0.43176693	0.4772573823	0.310796763
YGR232W	0.710609429	0.6226397236	-0.02618588
YGR233C	-1.199905767	-1.1254813994	0.380849675
YGR234W	0.287235308	0.2389025481	0.171729051
YGR235C	0.970451605	0.944399668	0.944264161
YGR236C	1.844825387	1.801190446	2.809514614
YGR237C	-0.25327786	-0.2483241491	0.404442787
YGR238C	0.316458783	0.3599373196	0.155515997
YGR239C	0.011712164	-0.0009864883	1.030172509
YGR240C-A	0.330899075	0.397310096	-0.158758647
YGR240C	-0.751030457	-0.7005003622	-0.519677002
YGR241C	-0.131638368	-0.0833034488	0.00406913
YGR243W	1.123383391	1.0393337359	3.700877002
YGR244C	0.288991542	0.356028474	1.010374133
YGR245C	-0.802791401	-0.7390776021	-0.410516625
YGR246C	0.225150994	0.2881734228	0.357777309
YGR247W	1.122044818	1.0423408037	1.579754229
YGR248W	2.656114044	2.4026269862	3.114212916
YGR249W	-0.48628761	-0.5006778704	-0.270840216
YGR250C	-0.544880673	-0.5514640648	0.099795602
YGR251W	-0.024130274	-0.0459140227	-0.050891086
YGR252W	-0.536483771	-0.5052232161	-0.203661444
YGR253C	0.606005093	0.6175278383	0.13880162
YGR254W	-0.234226235	-0.2891567944	0.550870449
YGR255C	0.627937033	0.629202485	0.381683579
YGR256W	1.7479414	1.5432683223	1.810143056
YGR257C	-0.352531286	-0.3214383208	-0.645536231
YGR258C	-0.370497576	-0.3097954696	0.619347182
YGR259C	3.515960145	3.4835156036	2.454439822
YGR260W	-1.3371616	-1.2852853136	-1.366183524
YGR261C	0.180222056	0.2227567657	0.241436412
YGR262C	0.370500674	0.3714620797	0.008978996
YGR263C	0.366437776	0.424422617	-0.059980757
YGR264C	-0.36112563	-0.3060003317	-0.403208528
YGR265W	2.599727423	4.577618239	2.283868027
YGR266W	0.029528118	0.1216741406	0.502295157
YGR267C	0.003557648	-0.0102178114	-0.528463776
YGR268C	0.094820533	0.0129957645	0.379435185
YGR269W	0.915014813	1.0538521157	-0.650109868
YGR270C-A	0.001510507	0.6832188743	0.651504732
YGR270W	-0.32547983	-0.2656565189	0.195293114
YGR271C-A	0.344566511	0.3219455916	0.340975337
YGR271W	-0.533431061	-0.4410121475	0.176295373
YGR273C	4.37279343	4.0285511373	2.181119092
YGR274C	-0.404925567	-0.3728588154	0.101190656
YGR275W	0.992630097	0.9841624507	0.673214891
YGR276C	0.088706442	0.1352281835	-0.181157434
YGR277C	0.666049258	0.7050481066	0.194429635
YGR278W	-0.001584602	0.0809420863	0.547617505
YGR279C	-0.762406902	-0.8204203641	-0.233779518
YGR280C	0.403622504	0.4179438128	-0.129890774
YGR281W	-0.183838899	-0.1094590843	-0.148447132
YGR282C	0.300443595	0.3228062257	0.612670914
YGR283C	-0.065320446	-0.0711035444	-0.090872993
YGR284C	0.064520827	0.0535859967	-0.160552847
YGR285C	-0.150764774	-0.1010602677	-0.328806001
YGR286C	0.179604998	0.2298846614	-1.371493549
YGR287C	0.566676392	0.8034540948	-0.221782909
YGR288W	-0.343878151	-0.1753197079	-0.252899887
YGR289C	0.387953444	0.5120408741	-0.340857416
YGR290W	1.171452388	1.0500983655	-0.299216028
YGR292W	2.32686779	2.5244421466	1.491342853
YGR294W	1.407838936	1.8117889226	1.079659142
YGR295C	0.632671451	0.6859817935	0.234858719
YGR296C-A	1.371184337	1.1429436923	0.395183918
YGR296C-B	1.365497141	1.1622377931	-0.322263896
YGR296W	-1.207508145	-0.7439398987	0.44452183
YHL001W	-0.121570018	-0.1497020416	-0.336934763
YHL002C-A	-0.342636148	-0.3359254787	-1.498405622
YHL002W	0.353936646	0.4059412397	0.679753923
YHL003C	-0.219479542	-0.202840784	-0.248708109
YHL004W	0.098362503	0.0262698481	0.362493866
YHL005C	0.140096694	-0.0366020763	-0.859127076
YHL006C	0.034641479	-0.0101114373	-0.093846345
YHL006W-A	1.504921322	0.638862163	-0.249777136
YHL007C	-0.719591656	-0.6789221566	0.054388851
YHL008C	0.398997411	0.4684870611	-0.038167232
YHL009C	-0.060045083	-0.0904825636	0.18837422
YHL010C	0.160300737	0.1222919396	0.581055952
YHL011C	-0.448360551	-0.4001064037	-0.533958299
YHL012W	-0.037982045	0.1225473821	-0.495436388
YHL013C	0.615009236	0.6879700916	0.622581353
YHL014C	-0.059364579	-0.1447562835	-0.144007598
YHL015W-A	-0.24651268	2.306718637	NA
YHL015W	-0.486237112	-0.5543885286	-0.635010481
YHL016C	0.518702181	0.5472285761	-0.115361677
YHL017W	-0.247888164	-0.1650460903	-0.345772675
YHL018W	-0.007730517	-0.1707193994	0.10277071
YHL019C	0.232998744	0.2857198253	0.731795139
YHL019W-A	0.698333077	0.7441626414	-2.203111256
YHL020C	-0.077654332	0.035832897	0.421897484
YHL021C	0.450388783	0.3562995997	1.651891901
YHL022C	1.139657308	1.1816730451	0.154974666
YHL023C	0.129477548	0.1437393948	0.357541894
YHL024W	2.818712372	2.7050445257	2.79444396
YHL025W	-0.4187902	-0.4051827326	0.226404155
YHL026C	-0.891395874	-0.8560659458	-0.405193149
YHL027W	-0.232586256	-0.2196166225	0.365933883
YHL028W	-0.300657948	-0.3866241504	0.347273316
YHL029C	-0.462820612	-0.4990806204	0.312670944
YHL030W-A	1.512600238	0.5081227936	0.075484399
YHL030W	-0.761673816	-0.6994527907	0.156760128
YHL031C	0.700203522	0.6871917787	0.696811913
YHL032C	-0.205475946	-0.1108555967	-0.214703168
YHL033C	-1.010109873	-1.0158322078	-0.391662611
YHL034C	0.105408201	0.1062386986	0.22509245
YHL034W-A	0.686529492	0.8311970582	0.357857136
YHL035C	0.149985504	0.1910260828	-0.152502574
YHL036W	-1.562048757	-1.6481311861	-0.090163567
YHL037C	0.674763396	1.0378529327	-0.759946385
YHL038C	0.096525129	0.0712668119	-0.089864848
YHL039W	-0.34200043	-0.3257299413	-0.407021221
YHL040C	0.315514044	0.3001937452	-0.797821081
YHL041W	3.217977949	2.3534424932	0.442665106
YHL042W	0.969149898	1.022239972	0.283710142
YHL043W	1.372795081	1.6751722988	-0.391193508
YHL044W	0.88029644	0.8796886627	-0.140406153
YHL045W	2.33248551	2.7192114291	0.533859642
YHL046W-A	1.992037293	0.6408373392	NA
YHL047C	0.371184204	0.3790088825	-0.799191456
YHL048C-A	1.443094167	1.4674783853	-0.133050984
YHL048W	0.518355138	0.5446765499	-1.079857983
YHL050C	-0.665627112	-0.8707843215	-1.577894633
YHL050W-A	0.796294468	0.8974815029	0.407104487
YHR001W-A	0.97245141	0.63457809	1.230949294
YHR001W	0.240335295	0.2336021681	0.339265931
YHR002W	-0.032434436	-0.0989137683	0.654497231
YHR003C	-0.122566567	0.7898495581	-0.0102906
YHR004C	0.027273506	-0.3272179341	-0.401233596
YHR005C-A	0.332278255	0.1999730491	0.036943437
YHR005C	-0.21257125	-0.2139489421	-0.012094654
YHR006W	-0.171347213	-0.1655425038	0.580816141
YHR007C-A	2.206943238	2.1307175704	0.975847058
YHR007C	-0.058912442	-0.0109405069	-0.739398389
YHR008C	0.582014748	0.5198371451	0.501241981
YHR009C	-0.096560419	-0.0959626034	0.199948678
YHR010W	-0.487122108	-0.5707649907	-0.704054581
YHR011W	0.220421272	0.3082550799	0.7903853
YHR012W	0.292974866	0.19587183	0.032855556
YHR013C	0.454953736	0.5179664894	0.203027909
YHR014W	0.926172319	0.9711270781	-0.303840036
YHR015W	0.029885809	0.0440159898	-1.186118974
YHR016C	0.898795041	0.9052496625	1.142753029
YHR017W	0.313891412	0.2485525613	-0.253897242
YHR018C	0.15656116	0.2405876701	-0.223033029
YHR019C	-0.592817843	-0.5104971285	-0.713439513
YHR020W	-0.558835917	-0.4262693314	-0.948594506
YHR021C	-0.418890087	-0.5265081464	-0.670105062
YHR021W-A	-0.97172361	-0.1815402846	-0.260851986
YHR022C	0.262917006	0.1669724774	1.250093882
YHR023W	-0.586023021	-0.5039365646	0.422811577
YHR024C	-0.327497039	-0.2719716391	-0.334605788
YHR025W	-0.474582037	-0.4077730561	-0.647879389
YHR026W	-0.183488973	-0.1938419183	-0.740345304
YHR027C	-0.048748943	-0.0037944184	0.275760192
YHR028C	-0.242362091	-0.2013596618	-0.187024654
YHR028W-A	0.026894941	0.6136253535	-1.619121538
YHR029C	-1.03664545	-1.0001139186	-1.686769772
YHR030C	-0.266517289	-0.2092361282	0.358735995
YHR031C	-0.223782977	-0.1369662791	0.209136332
YHR032W-A	-0.825902303	-0.750000028	-0.529600779
YHR032W	-0.646120598	-0.5740556962	-0.377073126
YHR033W	1.432428812	1.2841249779	0.694506047
YHR034C	0.31591531	0.3516354578	-0.031895767
YHR035W	-0.157743071	-0.0332299065	-0.146137061
YHR036W	-0.314418099	-0.3427953991	0.166893378
YHR037W	0.29343769	0.2895259967	0.42626107
YHR038W	0.566395044	0.578442938	0.967005345
YHR039C-A	0.373567334	0.3082266713	0.050960178
YHR039C	-0.470429572	-0.3229005444	-0.435980945
YHR040W	0.421749463	0.5024221707	0.065650905
YHR041C	-0.37529682	-0.3990320683	-0.773154936
YHR042W	-0.563963516	-0.4695851134	-1.112782398
YHR043C	0.865474548	0.9078952802	1.222439034
YHR044C	0.415612001	0.3505373276	0.190201445
YHR045W	-0.554004902	-0.4622795149	-0.645708814
YHR046C	-0.31987269	-0.2721245027	-0.265588392
YHR047C	-0.807822479	-0.6610556102	-0.425889093
YHR048W	-0.423454981	-0.3170490361	-0.460337554
YHR049C-A	1.087828944	0.1159646553	-0.145541236
YHR049W	0.126365484	0.1350408968	0.223833133
YHR050W-A	0.875887356	0.7709126514	-0.212481915
YHR050W	-0.185449673	-0.1626249324	0.212054169
YHR051W	0.337123214	0.2461778178	0.596296865
YHR052W	0.08645703	0.0550291281	-0.170621685
YHR053C	-0.311333146	-0.31270961	-0.812069748
YHR054C	1.280989888	1.2788284484	-3.33461933
YHR055C	-0.311333146	-0.31270961	-0.812069748
YHR056C	-0.476136061	-0.4730680588	-0.231961313
YHR056W-A	0.982550382	1.257152705	-0.555597824
YHR057C	-0.341625391	-0.3649279024	-0.769039986
YHR058C	-0.061810756	-0.1044825926	-0.244045064
YHR059W	0.808854099	0.7043452171	1.040549148
YHR060W	0.855618394	0.8913646846	0.055159905
YHR061C	-0.738238012	-0.7752763688	1.148017354
YHR062C	-0.007128093	0.0392690808	-0.246233961
YHR063C	0.086348563	0.1386555078	0.196812861
YHR063W-A	1.293392555	0.2764676756	-0.249950207
YHR064C	-0.065421656	-0.0172261579	-0.431584585
YHR065C	0.328610428	0.3365225594	0.255579995
YHR066W	0.134867471	0.1020554221	0.311375304
YHR067W	0.171920149	0.1440539471	-0.047163152
YHR068W	-0.18534642	-0.1257659817	-0.615286687
YHR069C-A	0.444761204	0.2021628533	-1.070518528
YHR069C	0.040598349	0.0276004323	0.161392466
YHR070C-A	0.339562892	1.0753195586	0.188167285
YHR070W	-0.651613821	-0.6190364038	-0.498754897
YHR071C-A	-0.25492898	-0.1957686653	-0.218078922
YHR071W	0.164969453	0.1453914692	-0.602667054
YHR072W-A	0.541569801	0.3867231874	-0.264608885
YHR072W	-0.31157378	-0.2277849761	-0.599959581
YHR073W-A	1.334915399	1.044128799	2.163067383
YHR073W	-0.697487977	-0.6812769244	-0.311279417
YHR074W	-0.494920556	-0.4358775863	-0.172228378
YHR075C	0.738181595	0.6901155893	0.729368459
YHR076W	0.860948508	0.9582652253	0.501005409
YHR077C	-0.656175609	-0.497060765	-0.367834165
YHR078W	-0.73169814	-0.7385808379	-0.859920938
YHR079C-A	1.471552831	2.1500595909	-0.306186687
YHR079C	-0.543898523	-0.5249678449	-0.354791157
YHR080C	-0.216968301	-0.1601377039	-0.376730797
YHR081W	0.970821765	1.0192264778	-0.129192762
YHR082C	-0.400625492	-0.3702201128	0.150436361
YHR083W	0.046599955	0.0442743637	-0.308829382
YHR084W	-0.373491451	-0.2861729877	-0.205377373
YHR085W	-0.347017407	-0.3281541078	0.312237167
YHR086W-A	1.208466454	0.3190947605	0.58473014
YHR086W	-0.462292927	-0.4567060374	0.468830804
YHR087W	2.343430282	2.0292521367	3.311098501
YHR088W	0.397920983	0.3906182739	0.533104393
YHR089C	0.231051001	0.1946625243	-0.507966003
YHR090C	0.517058211	0.4074042354	0.918989646
YHR091C	-0.392707088	-0.3766154384	-0.322397573
YHR092C	0.328680807	0.0663240045	0.74982826
YHR093W	-0.231232272	1.356217109	NA
YHR094C	-2.056411862	-2.1134420619	-1.642141904
YHR095W	0.694752065	-0.6769238308	-0.976330169
YHR096C	2.318119752	1.909732583	3.4868482
YHR097C	0.148192997	0.1436099025	0.876183174
YHR098C	-0.687950846	-0.6131898914	-0.248721442
YHR099W	0.18080226	0.1647105908	-0.262035475
YHR100C	-0.154475037	-0.1736919814	-0.056456786
YHR101C	0.441912368	0.5336439763	-0.02045535
YHR102W	-0.502801961	-0.4955165617	0.409543052
YHR103W	-0.610049232	-0.5800874642	-0.150768566
YHR104W	0.997406461	0.9393879715	1.533092161
YHR105W	0.128199077	0.0002961259	-0.099863644
YHR106W	-0.053137261	-0.1024145225	-0.118305448
YHR107C	-0.049597895	0.0567891554	-0.279366209
YHR108W	-0.125724834	-0.0894480598	-0.125139718
YHR109W	-0.041607752	-0.0758637456	0.037411615
YHR110W	0.06990595	0.0947499233	-0.328235805
YHR111W	-0.011442477	0.0369962384	0.118484633
YHR112C	0.097847165	0.1386158999	0.055719876
YHR113W	-0.093931123	-0.0568101248	0.109956079
YHR114W	-0.124131832	-0.0940791806	0.125704405
YHR115C	0.056649848	0.0516016154	-0.105635968
YHR116W	0.996248929	0.7282820799	1.557410018
YHR117W	-0.242959525	-0.2470756767	-0.291512102
YHR118C	0.107084482	0.1316176631	0.717765161
YHR119W	-0.575588699	-0.6173042226	0.311196989
YHR120W	-0.737355479	-0.6719667043	-0.673911502
YHR121W	0.644021685	0.5923321711	0.11804421
YHR122W	0.733462177	0.7338909682	0.029871318
YHR123W	0.30679063	0.4044466683	0.318494884
YHR124W	1.018974013	1.0703900533	0.217904442
YHR126C	1.333812705	1.8198144166	0.507135124
YHR127W	0.358203078	0.3037291231	0.209095273
YHR128W	-0.44246764	-0.4095556526	-0.640911498
YHR129C	-0.270884428	-0.1631248208	-0.370501256
YHR130C	-0.162659629	0.0375918878	-0.342821125
YHR131C	-0.527906498	-0.5342202621	-0.010324643
YHR131W-A	0.784975874	1.480724318	-0.489244877
YHR132C	0.072406079	0.0790550993	-0.238065076
YHR132W-A	1.019097474	0.9014421252	1.321069219
YHR133C	-0.151038956	-0.17031514	-0.366452193
YHR134W	-0.19771962	-0.2394828592	-0.173171994
YHR135C	-0.174512546	-0.1231559845	-0.057329948
YHR136C	-0.593038518	-0.437939689	0.473264004
YHR137C-A	1.793702009	1.038770362	0.546446088
YHR137W	1.125723783	1.1194919589	0.664023593
YHR138C	1.029547846	0.9433742692	1.205574812
YHR139C-A	-0.124780382	0.1923922261	0.602584853
YHR139C	3.562764412	3.0167937565	2.787728782
YHR140W	0.51983442	0.5490639565	0.671767336
YHR141C	-0.364061552	-0.4106775613	-0.798798065
YHR142W	0.407475678	0.5084579864	0.382356224
YHR143W-A	0.082335095	0.1907314147	-0.520648864
YHR143W	-0.587256228	-0.7354287149	0.486822314
YHR144C	0.123722779	0.123274699	-0.458927671
YHR145C	-0.936340062	-0.819669105	-1.426217962
YHR146W	0.665070774	0.7602854532	0.444772333
YHR147C	0.59428246	0.4848060235	0.839763787
YHR148W	0.002510185	-0.0484930383	-0.270751413
YHR149C	-0.428875441	-0.356357359	-0.485248747
YHR150W	-0.059984669	-0.0885639719	-0.07983011
YHR151C	-0.380624001	-0.3470176974	-0.385873768
YHR152W	1.437538896	1.3917908353	1.506625684
YHR153C	0.189036961	0.0316805794	-0.099285283
YHR154W	-0.33208268	-0.2257596283	0.323824549
YHR155W	-0.363985844	-0.3212969045	-0.111295965
YHR156C	0.153994945	0.0146926947	0.330679081
YHR157W	2.861994184	2.8095973527	-0.019145434
YHR158C	-0.573752122	-0.5644130994	0.256242254
YHR159W	0.13337213	0.1025747603	0.328041316
YHR160C	3.222138696	2.9567663915	2.863235046
YHR161C	-0.152999964	-0.2148724709	0.42709113
YHR162W	0.07994196	0.110629989	0.086654523
YHR163W	-0.627674303	-0.5971777214	-0.92118281
YHR164C	-0.099699938	-0.0156542973	0.2640125
YHR165C	-0.646102327	-0.6099448021	0.137287509
YHR165W-A	0.603481249	0.2269549163	-2.213748126
YHR166C	0.010660841	0.0221183745	0.369106319
YHR167W	0.313487527	0.3682137651	0.74146099
YHR168W	-0.229865076	-0.2215533063	-0.048808702
YHR169W	-0.042111555	-0.0110696821	0.045079568
YHR170W	0.05845372	0.1023826769	-0.234332933
YHR171W	0.107304542	0.1428309748	0.729603509
YHR172W	-0.243697911	-0.1653497928	0.186865244
YHR173C	-0.421605093	-0.532219129	-0.130042826
YHR174W	-0.931747739	-0.8088549044	-0.807923059
YHR175W-A	0.237108655	0.2925129464	0.054390885
YHR175W	0.2688702	0.2549181124	0.049151015
YHR176W	0.280208401	0.3858462656	0.093737196
YHR177W	-0.27895462	-0.2768978486	-0.729364898
YHR178W	-0.375812548	-0.2391034088	0.074225575
YHR179W	-0.047390014	-0.0191651899	-0.640342985
YHR180C-B	2.129494838	1.7884487791	-0.698598146
YHR180W-A	-0.309396156	-0.5689341198	-1.294472152
YHR180W	0.495349944	0.3425680656	-0.137650909
YHR181W	0.497971735	0.4720426286	0.328872505
YHR182C-A	-0.452492593	-0.5836116251	-0.400849463
YHR182W	-0.171445738	-0.1454618936	-0.181943772
YHR183W	-0.078777039	-0.0361080709	-0.13729119
YHR184W	0.995085972	1.0364536689	-0.607387572
YHR185C	1.087288628	1.3213054713	-0.456783113
YHR186C	-0.609235784	-0.5692671908	0.001255367
YHR187W	0.803052856	0.7213000661	0.344961115
YHR188C	-0.649663643	-0.6038397331	-0.933834916
YHR189W	-0.208963677	-0.2117028075	-0.24554395
YHR190W	0.203978495	0.2601735731	-0.255046611
YHR191C	0.78325201	0.744698514	0.567654736
YHR192W	0.673084337	0.7079026955	0.554260113
YHR193C-A	0.855056057	0.8193776241	0.195845305
YHR193C	-0.111942944	-0.0785884661	-0.068653373
YHR194W	-0.059292255	0.045165155	-0.229990887
YHR195W	-0.137984581	-0.1941906289	0.282654568
YHR196W	-0.213904877	-0.1590901997	-0.189060244
YHR197W	-0.618224157	-0.5571108661	-0.364649562
YHR198C	0.489711669	0.3744115846	0.413937399
YHR199C-A	-0.462850939	-0.4880032316	-0.331387332
YHR199C	-0.384613536	-0.3036950928	-0.716464514
YHR200W	0.210790591	0.2381405822	-0.067422337
YHR201C	0.200885041	0.236436809	0.147823179
YHR202W	-0.057876827	0.0289964076	0.24290193
YHR203C	-0.660888924	-0.6478406065	-0.8010645
YHR204W	-0.556810171	-0.5308259049	-0.861954192
YHR205W	-0.680829391	-0.6430988449	0.079821024
YHR206W	-0.599925064	-0.5978886218	-0.50016631
YHR207C	0.358786397	0.4779198478	0.570514387
YHR208W	-0.159330622	-0.1586254762	-0.643235629
YHR209W	1.006549596	1.0540759115	1.81451839
YHR210C	0.01935693	0.1084043759	-0.599817858
YHR211W	0.508912527	0.5774684726	-0.416346413
YHR212C	-0.025788107	0.1650591683	-1.100129294
YHR213W-A	1.233854766	0.7543474094	1.393283986
YHR213W-B	1.044154988	0.9025681191	-1.547167702
YHR214C-D	0.562181535	0.4791251324	-1.021930343
YHR214C-E	-2.023105356	-1.6163909417	-0.948641038
YHR214W-A	-0.331911062	-0.2843340913	-1.647973601
YHR214W	-0.215372055	-0.3262757341	-1.905286627
YHR215W	-1.558246688	-1.3058318707	-1.410529076
YHR216W	-1.284318975	-1.047305719	-1.854432281
YHR217C	0.531863306	0.2685804946	-0.591259013
YHR218W-A	-0.610915845	0.6251188919	-0.199386476
YHR219C-A	0.392188013	-1.3570408443	NA
YHR219W	-1.644361972	-1.5611652075	-2.048866956
YIL001W	-0.067065539	-0.1335002161	0.3452767
YIL002C	-0.267940805	-0.2101492328	-0.173416034
YIL002W-A	0.226333162	0.1453496841	-0.504320059
YIL003W	-0.092439917	-0.0806104359	-0.462716568
YIL004C	0.905788181	0.9249939712	0.462162024
YIL005W	-0.355623958	-0.2912926705	-0.18083257
YIL006W	-0.135723363	-0.299190919	0.225194251
YIL007C	1.091619068	1.0089289067	0.714416478
YIL008W	0.485557291	0.5522757828	-0.031441861
YIL009W	-1.097370733	-1.0932684863	-0.920389229
YIL010W	0.294446017	0.4056604076	0.380130129
YIL011W	1.639871614	1.6263671629	0.32882174
YIL012W	0.732600942	0.6151178919	-0.524294653
YIL013C	0.440395723	0.4834168615	0.358513244
YIL014C-A	0.982157533	1.0544269458	0.401837859
YIL014W	-0.314766618	-0.256137995	-0.932353328
YIL015W	0.434637141	0.4422862262	-0.081026247
YIL016W	0.159081574	0.1845222878	-0.065218156
YIL017C	-0.288334578	-0.2593113872	0.512092843
YIL018W	-0.654178095	-0.6681071258	-0.862955019
YIL019W	0.377100699	0.4593498233	-0.16953621
YIL020C-A	0.873169031	0.8258316008	-0.441720725
YIL020C	0.726686183	0.7502954218	-0.435494823
YIL021C-A	-0.13090389	-1.6309507788	-1.808921951
YIL021W	0.279576708	0.339773698	0.274409662
YIL022W	-0.16904996	-0.1019562007	-0.019400531
YIL023C	-0.314110704	-0.2426115191	0.564217885
YIL024C	1.650324562	1.6310204579	0.418396273
YIL025C	1.155038983	0.6990061329	-1.219569459
YIL026C	-0.459130611	-0.4019529762	0.6493362
YIL027C	0.845111071	0.8364845334	0.10183088
YIL028W	-0.367817424	-0.396854638	-0.037162838
YIL029C	-0.354696789	-0.4888420155	-0.269043353
YIL029W-A	0.441116506	1.8647751899	-0.485692424
YIL030C	-0.784809915	-0.7485303603	-0.7117029
YIL030W-A	-0.094787415	-0.1884356365	-0.057561284
YIL031W	-0.123169131	-0.1226761527	-0.189780665
YIL032C	0.538672323	1.1846304323	0.979344267
YIL033C	0.071456347	0.0283447013	0.356788238
YIL034C	0.565615798	0.5285724992	0.840857975
YIL035C	0.085292959	0.0741695923	-0.147837616
YIL036W	-0.253655234	-0.2674578457	0.272941134
YIL037C	0.967963278	1.2072882151	-0.989033194
YIL038C	-0.453453287	-0.4168387062	0.1975575
YIL039W	-0.286573438	-0.2468895455	-0.773461657
YIL040W	0.727855364	0.628000297	0.269691119
YIL041W	0.326439291	0.3337097199	0.112126881
YIL042C	0.011970154	0.0641821391	0.372263091
YIL043C	-0.344506163	-0.2821107005	-1.360767223
YIL044C	0.381815858	0.3554358963	0.176651323
YIL045W	-0.047303631	-0.0988916074	1.321110715
YIL046W-A	1.028866038	0.6791193339	0.8037401
YIL046W	-0.541193374	-0.5023219142	-0.078107765
YIL047C-A	-0.738654664	-0.6397185818	-0.480793749
YIL047C	-0.420116482	-0.4197808079	-0.227813478
YIL048W	-0.666859063	-0.6500646306	0.0922558
YIL049W	-0.217936396	-0.1552215862	-0.303592014
YIL050W	0.402248622	0.367418895	1.194958915
YIL051C	0.176105596	0.0874282249	0.303773946
YIL052C	-0.491784272	-0.4657087098	-0.876308267
YIL053W	-0.911444478	-0.8506157645	-0.669469285
YIL054W	2.006110378	2.3952740458	1.146309596
YIL055C	0.774783629	0.8078620869	1.111779774
YIL056W	-0.40142323	-0.4168165341	-0.508699134
YIL057C	1.118324618	1.5355793441	2.897908531
YIL058W	0.499422989	0.5315710229	-0.127433987
YIL059C	-0.00855107	0.0117279503	0.720560148
YIL060W	-1.160714954	-2.4001101737	-1.452808428
YIL061C	0.036417983	0.1272299608	0.293827058
YIL062C	0.864650921	0.8302020104	0.807557895
YIL063C	0.228984927	0.3011341993	0.047484913
YIL064W	-0.030819687	-0.0201317224	-0.538327131
YIL065C	0.914039855	0.9224169237	1.218329876
YIL066C	1.171836465	1.1124155121	0.18621732
YIL066W-A	1.631583247	2.4257328759	1.094228688
YIL067C	-0.173635671	-0.0839656909	0.16336908
YIL068C	-0.189038745	-0.117748861	0.276912465
YIL068W-A	0.782487855	0.525877573	0.056699673
YIL069C	-0.213767609	-0.1679043381	-0.510133949
YIL070C	0.231721053	0.1663321384	0.723067861
YIL071C	0.089034498	0.110227725	0.154443402
YIL071W-A	0.859514506	0.5287273731	0.205114393
YIL072W	0.630848058	0.5349773781	0.891546084
YIL073C	1.450525064	1.5024921681	1.033508567
YIL074C	-1.129608998	-1.0424308443	-0.733100018
YIL075C	-0.249991659	-0.1969086328	0.089111163
YIL076W	0.282766878	0.2725380203	0.311780609
YIL077C	-0.197980051	-0.1301397781	0.424979891
YIL078W	-0.133810633	-0.0389043391	-0.232215791
YIL079C	-0.149120523	-0.162319804	0.042748424
YIL083C	-0.051896619	-0.0370081151	-0.447524348
YIL084C	-0.479018436	-0.4282204666	-0.160670458
YIL085C	-0.865459319	-0.8409720778	-1.053718772
YIL086C	-1.111531031	-0.8793338792	-1.908547235
YIL087C	1.302934053	1.1133049205	1.331960266
YIL088C	-0.31253278	-0.294842969	-0.366263394
YIL089W	-1.170478931	-1.1989726106	-1.246883543
YIL090W	-0.371401873	-0.3766263886	-0.766905954
YIL091C	-0.475171196	-0.409115298	-0.062400328
YIL092W	-0.341961634	-0.3515454695	-0.06085036
YIL093C	0.269557032	0.1926170821	0.790925704
YIL094C	0.191752353	0.1865141669	-0.610787836
YIL095W	-0.163297855	-0.1463992138	0.515599141
YIL096C	0.111927976	0.1875195861	-0.343530655
YIL097W	0.212622317	0.1702579919	0.975374423
YIL098C	1.27628368	1.1783396176	1.041434678
YIL099W	1.185861522	1.1373041738	0.216272593
YIL100C-A	1.469831309	1.2205651394	1.897722577
YIL100W	0.9605297	1.0912795489	0.34302713
YIL101C	1.251045253	1.1864999876	2.006365763
YIL102C-A	-0.132851925	-0.4212834648	-0.454307652
YIL102C	3.451907143	0.7805987266	NA
YIL103W	-0.096551221	-0.0201914934	-0.07214383
YIL104C	-0.24436084	-0.166802263	0.449439186
YIL105C	0.004173091	0.0175310835	0.756533564
YIL105W-A	0.61615762	0.6886414923	-0.627758279
YIL106W	0.090760139	0.0943440572	0.490534554
YIL107C	0.619653822	0.6883269125	1.294837239
YIL108W	0.418445094	0.514119715	0.770703299
YIL109C	-0.501401187	-0.4236522879	0.11316124
YIL110W	0.188426004	0.1666715887	-0.492329302
YIL111W	0.80371814	0.6773868932	0.480936899
YIL112W	0.085251475	0.1516518342	0.507141936
YIL113W	1.38648821	1.2356097991	1.156341745
YIL114C	0.123932674	0.2168217035	-0.598167181
YIL115C	-0.881313895	-0.8187775028	0.059936018
YIL115W-A	-0.802625036	-0.3801345652	-0.01640375
YIL116W	0.264635204	0.305317032	-0.109537524
YIL117C	0.53062543	0.5472515859	0.810415453
YIL118W	0.049385434	0.0127482018	-0.164395528
YIL119C	0.585752271	0.448246761	0.797867679
YIL120W	-0.001119803	0.0848711327	-0.267271733
YIL121W	1.092316063	1.1347889686	0.326947394
YIL122W	0.009973929	0.0794272609	0.015710587
YIL123W	-0.606892345	-0.4686429183	-0.125074695
YIL124W	0.424197572	0.4515949524	0.601595503
YIL125W	-0.215997399	-0.2133695951	0.471535788
YIL126W	-0.588317705	-0.463948292	0.363313358
YIL127C	0.508007994	0.4933265866	0.234083261
YIL128W	-0.290731999	-0.2381844258	-0.306758212
YIL129C	-0.651638956	-0.6372226506	-0.383440274
YIL130W	-0.635637286	-0.6655736613	0.390929176
YIL131C	-0.037388164	-0.020508824	0.188639343
YIL132C	0.049359681	0.0058194078	-0.223609455
YIL133C	-0.266053594	-0.2186196697	-0.423870906
YIL134C-A	-0.528153828	-0.2856243505	-1.346359492
YIL134W	-0.087095611	-0.200162295	-0.43617296
YIL135C	-0.067039078	-0.0272664723	0.014662593
YIL136W	1.393261273	1.3255469694	2.1348674
YIL137C	-0.412303391	-0.3486159694	0.068900538
YIL138C	0.661251276	0.5986941261	0.171012189
YIL139C	0.05538517	0.1386828432	-0.887563096
YIL140W	-0.045668554	0.0494610543	0.084104303
YIL141W	0.257337554	0.4513666838	0.21416034
YIL142C-A	2.741682257	2.1580945019	0.853039384
YIL142W	0.034470326	0.0744689536	-0.229899766
YIL143C	-0.416470796	-0.3162061262	-0.33804417
YIL144W	-0.080730718	-0.0182259832	1.01352993
YIL145C	-0.203290318	-0.2041890336	-0.361864828
YIL146C	-0.024058494	0.0084198939	0.526826836
YIL147C	-0.531054621	-0.4513916345	-0.40509258
YIL148W	-0.543679197	-0.6212713614	-0.81114484
YIL149C	-0.166497301	-0.1240601436	0.11812394
YIL150C	-0.434341202	-0.2967794706	-0.2652139
YIL151C	-0.537034045	-0.5213536634	0.015421664
YIL152W	0.16565157	0.1767405008	-0.014706188
YIL153W	0.185892649	0.2962166645	-0.382329514
YIL154C	0.388039022	0.4211312433	0.360365544
YIL155C	0.827944102	0.8459716959	1.376181563
YIL156W-A	1.477639527	1.539967062	-0.26258977
YIL156W-B	0.763002323	0.645679221	0.43702323
YIL156W	-0.262343309	-0.2323448567	0.160359907
YIL157C	0.692541397	0.6094173669	0.624000669
YIL158W	0.311355048	0.3074707669	-0.000452868
YIL159W	-0.028931944	0.0061011271	0.507983724
YIL160C	3.638583382	3.4627347101	3.555670743
YIL161W	0.513452343	0.5151874965	0.148917424
YIL162W	-0.189533165	-0.1835283569	0.505112237
YIL163C	-0.734046257	0.3203528627	-0.060297483
YIL164C	-0.462959981	-0.4713960906	-0.912580177
YIL165C	-0.483574599	-0.6328417457	-1.123481403
YIL166C	0.599504876	0.5561531725	-0.245964712
YIL167W	-0.323481536	-0.1804981265	-0.308528359
YIL169C	0.129830264	0.078026457	0.521698347
YIL170W	2.070630021	2.449143707	1.466494938
YIL171W-A	0.730041212	1.8645936154	0.494544599
YIL172C	1.298358321	1.5140785677	0.310431792
YIL173W	-0.314108817	0.2360479146	-0.546463478
YIL175W	1.265367872	2.0034847972	0.710250819
YIL176C	-0.32174154	-0.3042974714	-1.852594217
YIL177W-A	1.0048836	1.2288279404	0.982959114
YIR001C	0.248757844	0.2091115474	0.159698459
YIR002C	-0.27572903	-0.2642560953	-0.394155594
YIR003W	0.31327445	0.4016987082	0.550288055
YIR004W	0.369296126	0.430428063	0.50563735
YIR005W	0.714906305	0.641076391	0.2873598
YIR006C	-0.032811438	0.0808626288	0.492257168
YIR007W	0.234011268	0.2266395552	0.592765046
YIR008C	-0.019743176	0.042587125	0.307408172
YIR009W	0.320389134	0.1342799831	-0.272743692
YIR010W	-0.064993484	-0.0243672627	0.571040579
YIR011C	0.202817416	0.1800623633	1.014052673
YIR012W	0.146561891	0.2067438714	-0.249834701
YIR013C	2.581854634	2.673555217	-0.253270419
YIR014W	0.504009544	0.5885018154	0.20439847
YIR015W	0.057969244	0.003762012	0.279308733
YIR016W	0.286000167	0.1921056647	0.155039555
YIR017C	-0.551076464	-0.5476610597	-0.190115413
YIR017W-A	2.165296938	1.7987784374	0.241382712
YIR018C-A	-0.396805534	-0.9889035915	-0.214604218
YIR018W	-0.507326724	-0.4365177689	0.3434233
YIR019C	0.04695404	-0.1618802986	-1.271960035
YIR020C-B	1.659597521	1.7986418133	-0.359521362
YIR020C	-0.634680238	-1.2929477441	-1.831793591
YIR020W-A	1.687118602	1.5531593142	NA
YIR021W-A	-0.91518057	1.7116687715	-0.546837783
YIR021W	-0.099045432	-0.1641937095	-0.410503876
YIR022W	0.422448091	0.3541538254	0.072775641
YIR023C-A	0.406628201	0.2281559776	0.923576339
YIR023W	-0.229135845	-0.2475710152	0.215621029
YIR024C	0.763774448	0.7842137675	0.56704815
YIR025W	0.292906877	0.4280803203	0.683778632
YIR026C	0.144943062	0.206680081	-0.218185715
YIR027C	0.00915828	0.0505241912	-0.413387102
YIR028W	0.166815738	0.1467617782	0.392664732
YIR029W	0.118353524	0.2092472396	0.123475198
YIR030C	-0.195253278	-0.2148057066	-1.768119738
YIR030W-A	0.39366177	0.0178711393	-1.404679989
YIR031C	0.143422858	0.1205394326	-0.34421599
YIR032C	0.086759412	0.1525835325	-0.462387382
YIR033W	-0.681631891	-0.6300100763	-0.310747498
YIR034C	0.972418649	0.9481630516	0.156022358
YIR035C	-0.222616422	-0.2025247763	-0.75415304
YIR036C	0.2773071	0.2541875977	0.354032264
YIR036W-A	1.51878384	1.4495338613	-0.7742122
YIR037W	0.236852637	0.1740736942	0.260748382
YIR038C	0.75330784	0.7280908296	1.013560231
YIR039C	0.428492307	0.5178185151	0.517997966
YIR041W	1.14485806	1.1258290331	0.709765865
YIR042C	0.335741643	0.5682896812	-0.488690759
YIR043C	-0.236353444	-0.1263910596	-0.852276754
YJL001W	0.329716951	0.3043697606	0.156840148
YJL002C	-0.267129156	-0.2643983116	-0.993841946
YJL003W	1.043178633	1.0137712271	0.977048666
YJL004C	0.732738747	0.5961080687	0.011293022
YJL005W	-0.720349304	-0.7133332426	0.075137678
YJL006C	0.419472095	0.4011498687	0.770205973
YJL007C	0.206521621	0.5448160684	-0.44854058
YJL008C	0.054737483	0.0771749328	-0.110591452
YJL009W	-0.242444488	-1.7573673314	-1.829670143
YJL010C	-0.414524356	-0.3380158793	-0.386155364
YJL011C	1.070253985	0.9961009752	0.737666831
YJL012C	-0.63202668	-0.5515747616	0.221679361
YJL013C	0.152147059	0.1593440588	-0.155948245
YJL014W	0.041062633	0.0908131574	-0.28469914
YJL015C	-0.088658113	-0.9589558077	-3.101787444
YJL016W	-0.395967946	-0.4648813248	0.158710424
YJL019W	-0.397239678	-0.4022835411	-0.737523955
YJL020C	0.228090114	0.3198759757	1.075741509
YJL020W-A	0.04054724	0.5796602038	-0.80971431
YJL022W	0.620371996	0.3632912125	-0.576989058
YJL023C	0.114466348	0.1010155637	-0.169211458
YJL024C	0.510960544	0.4818924151	0.213814276
YJL025W	-0.18825173	-0.1636720421	-0.213776177
YJL026C-A	-0.887040065	-0.7686117215	-0.156260068
YJL026W	-0.058447611	-0.0231796672	-0.358647373
YJL027C	0.686595173	0.7788451149	-0.657695499
YJL028W	0.605057344	0.5194187855	0.501239635
YJL029C	-0.512710461	-0.4673352182	0.234721521
YJL030W	0.681293179	0.6795482413	0.383095465
YJL031C	0.183234233	0.1445093112	0.56374091
YJL032W	0.261477658	1.9421896431	0.65660774
YJL033W	-0.282311651	-0.2230572435	-0.086575665
YJL034W	-0.500391949	-0.4311566823	-0.093508625
YJL035C	0.424187543	0.4800377295	-0.711820978
YJL036W	0.207994682	0.274941743	0.798296956
YJL037W	2.1602045	2.1956065227	0.159484913
YJL038C	2.362116233	2.3812500809	2.423627616
YJL039C	-0.94981154	-0.9359760712	-0.088600946
YJL041W	-0.001706106	0.1246788207	0.023047251
YJL042W	-0.100585345	-0.0426657083	0.477623085
YJL043W	-0.914756053	0.2516272555	-0.502492872
YJL044C	-0.554285201	-0.4620486199	-0.743779842
YJL045W	1.410624317	1.3307770394	0.921334169
YJL046W	0.074998205	0.0594759501	-0.347538541
YJL047C-A	-0.098403338	-0.1416533147	-1.491796516
YJL047C	-0.334494644	-0.3050494043	0.392310337
YJL048C	-0.415198344	-0.4502925145	-0.087684019
YJL049W	0.479012273	0.4074570098	1.18704506
YJL050W	-0.830682505	-0.8128863205	-0.398101734
YJL051W	-0.6072599	-0.4980620148	0.150972967
YJL052W	0.12558632	-0.1890021137	1.079474861
YJL053W	0.332492767	0.3377099159	0.58807078
YJL054W	0.123994024	0.1947117257	-0.459434705
YJL055W	0.592798924	0.6360405007	0.383782512
YJL056C	-0.673062733	-0.6244634687	-0.31587693
YJL057C	0.307915775	0.3388549239	0.852348283
YJL058C	-0.17086285	-0.1870515786	-0.153904804
YJL059W	0.266292445	0.2882130951	0.151815825
YJL060W	-0.277998137	-0.2537374198	0.142917642
YJL061W	-0.411855501	-0.3966386691	-0.099114898
YJL062W-A	0.270830204	0.0505570759	0.206641165
YJL062W	-0.427508455	-0.3483238943	-0.724460467
YJL063C	0.679432392	0.621478039	0.353749701
YJL064W	1.408770169	1.4035920605	0.987060298
YJL065C	0.8652981	0.8086714486	0.558391223
YJL066C	0.799894467	0.7910152761	1.106615823
YJL067W	-0.931487126	-0.2863971245	-0.997749305
YJL068C	0.512842206	0.5201813944	0.497755995
YJL069C	-0.295861228	-0.2322562183	0.106065853
YJL070C	-0.099789292	-0.039467691	0.302673813
YJL071W	-0.086524873	-0.0158725448	-0.831629807
YJL072C	0.191413745	0.1527656081	-0.149810632
YJL073W	-0.21976313	-0.2282067074	-0.202226997
YJL074C	-0.215077312	-0.1199839378	0.604151522
YJL075C	1.217696931	0.6970452347	-0.350195265
YJL076W	-0.202887973	-0.1016981069	-0.425140266
YJL077C	0.8601082	0.6294583494	-0.189568407
YJL077W-A	0.64266265	1.7151890801	-0.406071246
YJL077W-B	-0.399505635	0.0916742486	-0.828966077
YJL078C	-1.579201498	-1.7286733588	-0.210486767
YJL079C	-0.476324984	-0.7066772651	0.731397453
YJL080C	-1.026292207	-0.8793057492	-0.73571615
YJL081C	-0.392825786	-0.3516020557	-0.615353971
YJL082W	0.138224217	0.2537459832	0.226261815
YJL083W	-0.409124582	-0.3438440415	0.280753637
YJL084C	-0.523728509	-0.542017794	0.725503881
YJL085W	0.013056532	0.0257457825	0.412271145
YJL086C	1.315450675	1.1357453345	2.081892087
YJL087C	-0.220319796	-0.1114826323	-0.09788994
YJL088W	-0.912295772	-1.1505743923	-0.755104749
YJL089W	1.052135436	0.8687770525	0.59348764
YJL090C	-0.199925673	-0.1964540367	-0.176087256
YJL091C	-0.183161375	-0.1708592618	-0.157289819
YJL092W	-0.474883364	-0.3676834478	-0.251465557
YJL093C	-0.351098999	-0.3128456834	-0.521844685
YJL094C	-0.626566338	-0.5702157708	-0.103468081
YJL095W	-0.611976391	-0.5677628245	-0.204840439
YJL096W	0.793955653	0.6380060138	0.525239259
YJL097W	0.184234204	0.1301488635	0.096500284
YJL098W	-0.663202606	-0.560764787	0.030206228
YJL099W	-0.266655377	-0.1334305636	0.382663807
YJL100W	-0.449199479	-0.4528035535	-0.340227621
YJL101C	-1.664962921	-1.6376175226	-0.977677116
YJL102W	-0.301561031	-0.2492518268	0.225212165
YJL103C	0.247033556	0.1526183441	0.462526727
YJL104W	0.830727734	0.7785078663	0.749932971
YJL105W	0.501935849	0.5389328708	0.578609349
YJL106W	0.143532877	0.0074952727	0.05251112
YJL107C	-0.203230864	-0.0795986335	-0.189566203
YJL108C	-0.276774437	-0.1101785123	-0.22235374
YJL109C	-0.864278107	-0.8043399029	-0.282602373
YJL110C	-0.602823038	-0.5871310335	-0.567384076
YJL111W	-0.062765587	-0.0181430621	-0.413077854
YJL112W	-0.363940724	-0.3710032543	0.147990048
YJL114W	1.013263591	1.0148753584	0.06989452
YJL115W	0.780987595	0.8194372026	0.341282809
YJL116C	-0.913481752	-1.285709198	-0.248602657
YJL117W	-0.00337264	0.023629928	-0.537402033
YJL118W	-0.366244184	-0.2608303184	-0.157882526
YJL119C	-0.202471546	-0.2495062862	-1.140149935
YJL120W	1.266805411	1.3860324876	-0.374884346
YJL121C	-0.582145589	-0.5553140028	-0.6352815
YJL122W	0.538087901	0.5377364668	0.015739959
YJL123C	0.389023615	0.3720095922	0.423492877
YJL124C	0.255489756	-7.253477848	0.049536298
YJL125C	-0.130858445	-0.0707073127	-0.17468736
YJL126W	0.390732274	0.3570760234	-0.060894415
YJL127C-B	-0.543067909	-0.4794791911	-0.317433688
YJL127C	-0.220943419	-0.1562270376	-0.170583016
YJL127W-A	1.005953831	-0.0979730464	0.507044851
YJL128C	-0.561410797	-0.4811308266	0.306117177
YJL129C	-0.716693918	-0.6176362646	-0.154155976
YJL130C	-1.43090372	-1.3181863614	-1.391765548
YJL131C	0.444396147	0.4316352678	0.571883278
YJL132W	0.153600669	0.1766013938	0.721449495
YJL133C-A	1.837630295	1.6210475586	1.655439102
YJL133W	-0.478384745	-0.4499945715	-0.506487608
YJL134W	0.094854139	0.1130284368	-0.183160911
YJL135W	0.652777867	1.2027673132	-0.250694221
YJL136C	-0.194004811	-0.2303765106	-0.580937771
YJL137C	0.328910157	0.2863363861	0.556480237
YJL138C	-0.390604629	-0.4203913076	-0.534731159
YJL139C	-0.703804844	-0.7066737196	-0.760759313
YJL140W	0.616931657	0.6114456462	0.081033003
YJL141C	0.029446352	-0.0437597443	0.587644159
YJL142C	-0.038233586	-0.1487190472	0.337963245
YJL143W	0.604180095	0.5404922745	0.020160299
YJL144W	1.560169376	1.4911984752	1.838480851
YJL145W	-0.198134744	-0.0871845896	-0.597179657
YJL146W	0.377870335	0.4450461956	1.045975309
YJL147C	-0.205599974	-0.1999365883	0.030235906
YJL148W	0.37107264	0.3504318202	-0.247945163
YJL149W	-0.077614669	-0.0572186459	0.90991952
YJL150W	1.345260906	0.7178648081	0.659435359
YJL151C	0.142387053	0.0842410047	0.834925327
YJL152W	1.040478881	0.3844569997	1.069572497
YJL153C	5.40123237	5.6782454656	4.432225593
YJL154C	-0.450655	-0.4018760751	-0.206052413
YJL155C	0.17960313	0.2184880587	1.154113289
YJL156C	-0.379873836	-0.4294191481	-0.092157658
YJL156W-A	0.067856483	0.5542456222	0.793759008
YJL157C	-0.36114216	-0.4261313842	0.659549369
YJL158C	0.079562309	0.0949624398	0.281778197
YJL159W	0.410612359	0.4025656439	1.637721065
YJL160C	0.321302692	0.424316483	-0.528686666
YJL161W	1.451589789	1.3169272493	1.748786675
YJL162C	0.260230198	0.3366759556	-0.067771819
YJL163C	0.462036501	0.5088176667	0.502198145
YJL164C	0.354350573	0.3510051201	0.584916896
YJL165C	-0.600238113	-0.5382229713	-0.024888869
YJL166W	1.174596159	1.0502899509	0.906791503
YJL167W	0.291374507	0.3326946877	-0.058166515
YJL168C	-0.013015198	0.1166162869	0.351509074
YJL169W	-1.680058574	-1.351526372	-2.337170823
YJL170C	0.885509398	0.6060643083	-0.20873211
YJL171C	0.408264458	0.457149381	-0.006998404
YJL172W	0.091711552	0.1162880806	-0.067954013
YJL173C	0.393882688	0.3587143903	-0.160153641
YJL174W	0.369111891	0.3447802535	0.139622738
YJL175W	1.918399699	1.7777452556	0.228080316
YJL176C	-0.18001993	-0.0956766937	0.4515252
YJL177W	-0.348557315	-0.3560647036	-0.841338785
YJL178C	0.478653935	0.4368040397	-0.154569609
YJL179W	0.831573689	0.8258578866	0.303993405
YJL180C	0.190901832	0.1239848488	0.517299033
YJL181W	-0.044664455	-0.0109717021	0.796857115
YJL182C	2.244858102	3.4071519694	NA
YJL183W	-0.109994959	-0.1009504456	-0.616279327
YJL184W	0.777356294	0.805360003	0.717298915
YJL185C	0.730926738	0.7167163594	0.906592527
YJL186W	-0.017228559	0.0686710959	-0.033114307
YJL187C	-0.398290119	-0.2997858	-0.007692591
YJL188C	-0.281757498	-0.39521501	-0.620048338
YJL189W	-0.084387723	-0.2828746049	-0.499035864
YJL190C	-0.667808857	-0.7136731776	-0.81166843
YJL191W	0.485181643	0.4275238472	0.371052444
YJL192C	0.216344878	0.1659726949	-0.581084155
YJL193W	-0.451317185	-0.3474878407	-0.498309832
YJL194W	-0.327681127	-0.2933597222	0.261461936
YJL195C	1.798750589	2.1159109168	-0.211108426
YJL196C	-0.182164739	-0.2156361272	-0.605378293
YJL197C-A	2.083049115	3.2903100223	0.439900442
YJL197W	-0.557178222	-0.4685873375	-0.3050141
YJL198W	-0.969113692	-0.878164121	-0.201783971
YJL199C	0.665593443	0.3960470109	0.44308844
YJL200C	0.43306525	0.4670059823	-0.716142815
YJL201W	0.062377365	0.0780334924	0.57427249
YJL202C	1.150537932	1.1781808656	-2.483832009
YJL203W	0.44404709	0.407923619	0.448724702
YJL204C	-0.128211085	-0.0159670698	0.282811533
YJL205C	0.087300021	-0.0127846149	-0.168098525
YJL206C	0.181864202	0.205079206	0.322031066
YJL207C	-1.037243239	-0.9757929721	-0.107878217
YJL208C	0.173516362	0.1321614999	0.030719414
YJL209W	-0.366119	-0.3872021568	-0.332766189
YJL210W	-0.140362614	-0.1977511443	-0.247484039
YJL211C	-0.396504541	-0.1752031098	-0.932136507
YJL212C	-0.647991148	-0.7079142648	-0.907321626
YJL213W	-0.277709329	-0.1661095675	-0.985781173
YJL214W	1.014329507	1.2537834769	0.257917142
YJL215C	0.509647261	0.745840837	-0.587065519
YJL216C	0.053211282	0.1446617333	-0.937684931
YJL217W	1.014761237	0.9915570506	0.424845008
YJL218W	1.833455797	2.0964078705	0.294842594
YJL219W	1.2889528	1.4762066437	-0.255944116
YJL220W	0.730041212	1.8645936154	0.494544599
YJL221C	1.298358321	1.5140785677	0.310431792
YJL222W	0.575709148	0.2341277694	-0.495454752
YJL223C	-0.32174154	-0.3042974714	-1.852594217
YJL225C	-1.129872324	-0.4481265452	-1.565099357
YJL225W-A	1.0048836	1.2288279404	0.982959114
YJR001W	-0.12466508	-0.0834202004	-0.259103653
YJR002W	-0.253681727	-0.1555878323	-0.440947114
YJR003C	-0.125786565	-0.1334899037	-0.557407623
YJR004C	2.019827645	1.7160647691	-0.75530084
YJR005C-A	3.164016777	2.8202251471	0.994745
YJR005W	-0.130673067	-0.1214035117	0.220295916
YJR006W	0.142304677	0.2011705086	-0.196776749
YJR007W	-0.249683719	-0.2268118706	-0.370991785
YJR008W	1.315476608	1.2994785812	1.648704887
YJR009C	-0.615777296	-0.539560184	-0.462921435
YJR010C-A	0.512884713	0.3129488935	0.41042125
YJR010W	-1.614971211	-1.5709723419	-1.349922846
YJR011C	0.688433339	0.7094503211	0.713697827
YJR012C	0.743305294	0.7379124684	-0.060264996
YJR013W	0.121840394	0.147407149	-0.176761808
YJR014W	0.222837702	0.2230018007	0.3820165
YJR015W	-0.123629216	-0.1031830561	-0.303008278
YJR016C	-0.346651661	-0.3039973846	-0.398779639
YJR017C	-0.138412106	-0.1100807935	-0.331674829
YJR018W	-0.758235012	-0.6717016622	-1.167250416
YJR019C	0.295848605	0.2704267124	0.404801572
YJR020W	-0.770633209	-0.7187789847	-2.227742361
YJR021C	-0.089810831	-0.0576872377	0.419432558
YJR022W	1.182351979	1.0895053386	1.260835508
YJR023C	-0.898461867	-0.1578971007	-0.605826658
YJR024C	0.108538414	0.0626371984	-0.428999139
YJR025C	-1.150830449	-1.1490964718	-0.934108026
YJR030C	-0.432829354	-0.4160563592	0.303451265
YJR031C	-0.813676483	-0.8130000599	0.019346109
YJR032W	0.384264195	0.4575463586	-0.292289075
YJR033C	-0.308794904	-0.2652700243	0.409714712
YJR034W	1.012212876	0.8725290897	0.926960349
YJR035W	0.080290087	0.107464413	0.368990723
YJR036C	-0.108164714	-0.054124004	0.029907819
YJR037W	1.35850898	3.1340633644	2.003889369
YJR038C	0.073819896	0.9972924581	-0.620086701
YJR039W	-0.002161667	-0.0139981855	0.181031604
YJR040W	-0.400406618	-0.274585995	-0.521652995
YJR041C	-0.855223935	-0.867124605	-0.232208564
YJR042W	-0.233544734	-0.2498846196	0.197639177
YJR043C	0.426354263	0.4430564449	-0.034468805
YJR044C	0.174840189	0.1915620819	0.313061273
YJR045C	-0.48968434	-0.4605955315	-0.135477281
YJR046W	-0.103544105	-0.01178071	-0.757216123
YJR047C	1.527959928	1.8723253365	-1.071022412
YJR048W	0.290499419	0.155635641	0.240013746
YJR049C	-0.102278761	-0.0238644331	-0.245341848
YJR050W	0.356015398	0.3879396087	0.430902114
YJR051W	-0.052112821	0.0037445652	-0.372226051
YJR052W	0.087633725	0.1225150658	0.931968293
YJR053W	-0.064789791	0.0327526541	-0.066153877
YJR054W	-0.697853654	-0.4886697678	-0.141966277
YJR055W	-0.119473165	-0.0296337917	0.102555618
YJR056C	0.098843693	0.0826229488	0.918648841
YJR057W	0.741119848	0.7527715802	0.012900249
YJR058C	0.152352729	0.0729410531	-0.179672169
YJR059W	-0.041698354	-0.0301594829	0.265258411
YJR060W	-0.19998566	-0.1646832693	0.392289525
YJR061W	0.330971183	0.3684455231	-0.198899159
YJR062C	-0.005305468	-0.0470880323	-0.146028649
YJR063W	0.716805548	0.603475563	0.081950048
YJR064W	-0.183592379	-0.1420082711	-0.56792946
YJR065C	0.483083124	0.5381081139	0.179021474
YJR066W	-0.527161672	-0.4378889842	-0.2036807
YJR067C	0.788503283	0.809644253	0.368049487
YJR068W	0.395941254	0.4574785689	-0.39516075
YJR069C	0.624939553	0.6168339364	0.236794838
YJR070C	-0.084946974	-0.0766287423	-0.61524561
YJR071W	1.132643664	-0.3239682615	0.758252393
YJR072C	0.278901926	0.3329373627	0.058843967
YJR073C	1.911576477	1.9817008651	1.008890705
YJR074W	1.019111475	1.0076797112	0.440464039
YJR075W	0.046974519	0.121083585	-0.213058632
YJR076C	0.292666161	0.326047083	0.450395955
YJR077C	-0.42806748	-0.4313642237	-0.262531114
YJR078W	-0.291923587	-0.2280673042	-0.45077046
YJR080C	0.390150154	0.4409302239	0.543496305
YJR082C	0.117773839	0.0397947273	0.047074569
YJR083C	0.63811994	0.5794077951	1.21891138
YJR084W	0.277498937	0.3217532782	0.344329286
YJR085C	0.695226469	0.6526946974	0.362161726
YJR086W	0.961859406	0.9452057017	0.831669384
YJR087W	-0.672554657	-0.6886947926	-0.328739537
YJR088C	0.959120239	0.9828244826	0.76605467
YJR089W	-0.014420709	-0.0076771071	0.162891875
YJR090C	-0.281754971	-0.2395941188	-0.021942923
YJR091C	-0.135825059	-0.1682998068	-0.077072848
YJR092W	-0.321986869	-0.1899263818	0.347715755
YJR093C	0.01188585	0.1164825694	0.375795276
YJR094C	1.186729772	1.226173168	0.639960602
YJR094W-A	0.40535792	0.3538255044	-0.005319933
YJR095W	2.398323522	2.5348323131	2.710913006
YJR096W	0.914376689	0.7673901869	1.294180434
YJR097W	1.615288784	1.6705450263	1.225381346
YJR098C	0.661201629	0.6537053668	0.041629179
YJR099W	0.311709859	0.276244446	0.209658714
YJR100C	0.498357513	0.5101482749	0.207743954
YJR101W	0.136276292	0.050360646	0.342610297
YJR102C	0.0243828	0.1000131932	0.067757395
YJR103W	0.257886942	0.3399215089	-0.187591134
YJR104C	0.507565124	0.4099697999	0.337442304
YJR105W	-0.228279571	-0.195546684	-0.875906789
YJR106W	-0.461870465	-0.4540369817	-0.256852381
YJR107W	-0.521699385	-0.5636048238	-0.822431028
YJR108W	0.459351608	0.3367201409	-0.16777089
YJR109C	-0.62134033	-0.5341374513	-0.529674294
YJR110W	0.075918213	0.0358359464	0.015226415
YJR111C	-0.456029967	-0.4595222908	-0.295758706
YJR112W-A	-0.015981237	0.0093574041	-0.508965049
YJR112W	0.18282688	0.2823668407	1.084116895
YJR113C	0.238805249	0.2373987827	0.370014276
YJR114W	1.359908456	1.4744287786	0.766415072
YJR115W	0.385355732	0.1957820633	0.060593828
YJR116W	0.5338673	0.7644768189	-0.434046678
YJR117W	0.130512341	0.1241111888	-0.226191529
YJR118C	0.340193713	0.3199955537	-0.161517965
YJR119C	0.090176503	0.0748184971	0.854486558
YJR120W	0.284623928	-0.3809003562	0.150316529
YJR121W	-0.241747114	-0.2908543268	0.173998929
YJR122W	-0.605828213	-0.7151194306	-0.329546075
YJR123W	-0.588930294	-0.5731074582	-0.495694133
YJR124C	0.020648184	0.0892838105	-0.995694847
YJR125C	0.601165286	0.6529894115	0.559196317
YJR126C	-0.135428931	-0.0899393935	-0.163721365
YJR127C	-0.156697948	-0.2100509053	0.010700643
YJR128W	2.665007412	2.6967752214	1.528446334
YJR129C	-0.589188012	-0.5117806989	-0.442794062
YJR130C	0.370554699	0.5023576315	0.201430417
YJR131W	-0.050462905	0.1423344115	-0.215916478
YJR132W	-1.090723851	-1.0262755655	-0.631898674
YJR133W	0.635645136	0.7072985504	0.361861686
YJR134C	-0.030877997	-0.0463182794	0.058723283
YJR135C	0.184408756	0.2041795659	-0.004007772
YJR135W-A	0.543534399	0.4935262113	0.251974843
YJR136C	0.047345954	0.0731347873	-0.092685279
YJR137C	-2.337198078	-2.2881461852	-1.858425504
YJR138W	-0.339564631	-0.356185719	0.087524657
YJR139C	-0.477351615	-0.4881052152	-0.821090273
YJR140C	-0.549705154	-0.4333422577	-0.113852599
YJR141W	-0.072197318	-0.0362990575	-0.84211659
YJR142W	0.545560968	0.5800199838	0.470044078
YJR143C	-0.475467777	-0.4239215952	-0.738832185
YJR144W	0.235242896	0.3185879325	0.069618247
YJR145C	-0.522406344	-0.5327759411	-0.504604596
YJR146W	0.166517271	0.0736469441	-0.547267209
YJR147W	-1.367327763	-1.3319052439	-1.39106964
YJR148W	-0.824840112	-0.7927988755	0.029809033
YJR149W	0.05683335	0.0207881516	-0.271008132
YJR150C	1.579977513	1.6725296609	-0.740706817
YJR151C	-0.170937539	-0.2287076489	-0.13848796
YJR152W	1.844252709	1.8679048046	1.850452179
YJR153W	-0.695596963	-0.7893266065	-0.175221786
YJR154W	0.338003891	0.4880587133	0.176704731
YJR155W	0.366641511	0.3937505417	0.566259662
YJR156C	1.223920899	1.2704082868	-0.083664376
YJR157W	1.188533559	1.5875466073	0.170749522
YJR159W	0.992361686	1.0088551136	0.110457789
YJR160C	0.642061395	0.0219608601	-0.970349117
YJR161C	-0.02745045	0.033056128	0.013816975
YJR162C	1.793630914	1.5547347557	-0.723634183
YKL001C	-1.031553854	-1.050202126	-1.450347287
YKL002W	0.651151836	0.654515604	0.350843459
YKL003C	0.838195472	0.7292685484	0.413403903
YKL004W	-0.446999536	-0.4358697405	-0.663017985
YKL005C	0.202647428	0.2563572204	-0.010302073
YKL006C-A	0.360700287	0.3317234821	0.228514416
YKL006W	-0.52060436	-0.5451065523	-0.861522942
YKL007W	0.695991396	0.706036275	0.786730025
YKL008C	-0.179783515	-0.1037574987	-0.143363063
YKL009W	0.273736805	0.2070958538	-0.153539429
YKL010C	-0.363437885	-0.3478044761	0.77375885
YKL011C	-0.079909409	0.0435706221	-0.369681025
YKL012W	0.054040773	0.0834922903	0.517810655
YKL013C	0.889365956	0.8732273709	0.667624074
YKL014C	-1.025500049	-1.0042885118	-0.410230218
YKL015W	-0.370452046	-0.2964858572	-0.521706858
YKL016C	0.831662015	0.6351933559	0.846442518
YKL017C	-0.158060346	-0.2092165344	0.041436001
YKL018C-A	0.397117849	0.3396565495	-0.249777103
YKL018W	0.353565503	0.369018163	0.347192778
YKL019W	-0.301392374	-0.3274457203	-0.504764957
YKL020C	-0.378843919	-0.3663191966	0.337652821
YKL021C	0.223128154	0.290765297	-0.080738897
YKL022C	-0.533340407	-0.4547419604	0.206598277
YKL023C-A	-0.839223579	-0.8619987226	-0.922111983
YKL023W	0.33802636	0.3231176834	0.69321806
YKL024C	-0.81948397	-0.8174300387	-1.004960407
YKL025C	-0.150793427	-0.1247150254	0.320307734
YKL026C	0.791615104	0.6390953929	1.051401357
YKL027W	-0.510422247	-0.3746411325	-0.199079337
YKL028W	0.178230701	0.2387566502	-0.145872303
YKL029C	-0.543518873	-0.5046311503	-0.907725562
YKL030W	-0.903861404	-0.9275261574	-0.324106269
YKL031W	0.182356739	0.4048836853	0.056271607
YKL032C	-0.022662444	-0.0363766522	0.430650869
YKL033W-A	0.067386829	0.0516758469	-0.437070377
YKL033W	-0.257671746	-0.2681052595	-0.522799166
YKL034W	-0.244333957	-0.2383916813	-0.045552297
YKL035W	-0.167147718	-0.25189263	0.431168543
YKL036C	1.050154736	1.7115260162	0.457882822
YKL037W	1.04131167	0.7905703718	-0.12736772
YKL038W	0.042378909	0.1291929984	-0.03169336
YKL039W	0.11787879	0.1622654362	0.264159556
YKL040C	0.137456892	0.1055209894	0.015996897
YKL041W	0.544906636	0.5926983224	0.578040259
YKL042W	0.367088766	0.3720842896	1.006026504
YKL043W	-0.311318689	-0.3249600738	-0.948815646
YKL044W	-0.195867827	-0.5099729723	-0.858366234
YKL045W	0.229393626	0.3031220578	0.553540392
YKL046C	-0.225213558	-0.1592547588	-0.303631604
YKL047W	0.17176961	0.1907255082	0.078253617
YKL048C	-0.416786747	-0.3623742073	0.876011691
YKL049C	0.693316975	0.7239835553	0.86806088
YKL050C	0.136153663	0.1254971255	-0.147139528
YKL051W	-0.460309008	-0.6191336503	-0.271754708
YKL052C	-0.381393348	-0.3102128575	0.178939529
YKL053C-A	0.408401536	0.3225614435	0.218093044
YKL053W	-0.253315329	-0.1117348431	-0.64222132
YKL054C	-0.357257287	-0.3414408253	0.739751966
YKL055C	-0.281234134	-0.2153213944	-0.495957853
YKL056C	-1.220564834	-1.2257742108	-1.074797173
YKL057C	-0.666474487	-0.6302908473	-0.232467849
YKL058W	0.300484892	0.1659702966	-0.466939128
YKL059C	0.072799808	0.1436328956	0.286166092
YKL060C	-0.438781784	-0.4485807796	-0.495461646
YKL061W	0.351204153	0.3012396798	0.102345236
YKL062W	0.165743182	0.0857726058	0.49498759
YKL063C	0.433691546	0.4077744296	0.423436966
YKL064W	-0.304998112	-0.3106197611	0.128155363
YKL065C	0.876018559	0.8882727652	0.946680009
YKL065W-A	1.497003867	1.4242739718	1.924351396
YKL066W	1.123598342	0.9685017442	0.790642307
YKL067W	0.912132338	0.8445160591	0.773574297
YKL068W-A	-0.313787357	-0.6062111702	1.005264536
YKL068W	-0.631607422	-0.5483190882	-0.162904369
YKL069W	0.011050329	0.0357369372	0.373854875
YKL070W	0.153508278	-0.1086269246	-0.579321318
YKL071W	0.485041121	0.2661889501	0.46172409
YKL072W	0.013232271	0.1168066539	0.101238159
YKL073W	-0.368314915	-0.2551662225	-0.277936168
YKL074C	-0.218060603	-0.1768963577	0.502404335
YKL075C	-0.007221583	0.0802921327	0.742740202
YKL076C	0.051143678	0.0685467565	0.494466904
YKL077W	0.054010854	0.0628511586	-0.305527555
YKL078W	-0.25338911	-0.1859333995	-0.133535807
YKL079W	-0.419454314	-0.3446210953	0.253506021
YKL080W	-0.343562426	-0.3156760024	-0.524148544
YKL081W	-0.032576235	0.0407860033	-0.730109474
YKL082C	0.378518121	0.3824786081	0.129316135
YKL083W	-0.019945801	0.3568899099	0.232643108
YKL084W	-0.31326753	-0.3218047337	-0.901989292
YKL085W	0.224712472	0.1533551297	0.693184495
YKL086W	1.948692006	1.7662166243	2.55569892
YKL087C	0.497177998	0.4208485735	1.014449728
YKL088W	0.188493827	0.2479245577	0.859206888
YKL089W	0.132247134	0.1694530727	0.979931472
YKL090W	0.161989369	0.190138117	-0.669979241
YKL091C	1.107312578	0.9920411721	1.273638052
YKL092C	-0.498621099	-0.4328991758	0.174764308
YKL093W	1.622346031	1.4157112751	1.948218598
YKL094W	0.17927698	0.167040644	0.055322772
YKL095W	-0.073862367	-0.1166261681	0.099747905
YKL096C-B	1.099337914	0.6817330877	0.4074033
YKL096W-A	-0.2510354	-0.5015488424	0.098301925
YKL096W	0.783285261	0.7684320307	1.685558721
YKL097C	-0.048119845	-0.2071543335	-0.733561666
YKL098W	-0.264256775	-0.1805408294	-0.342827438
YKL099C	0.527006105	0.5472577403	0.351020347
YKL100C	-0.343804558	-0.3205787874	-0.02915764
YKL100W-A	1.012450344	-0.584189777	1.032125667
YKL101W	-0.478389259	-0.3922067629	0.06237931
YKL102C	0.641109854	0.0941288302	-0.28569917
YKL103C	0.10844419	0.0268699102	0.918513238
YKL104C	-0.147861978	-0.0580495104	0.504634057
YKL105C	-0.342879659	-0.3246995783	0.140905214
YKL106C-A	0.180327073	-1.0233054656	0.723682554
YKL106W	-0.010238423	-0.0053757532	-0.487353492
YKL107W	1.630885178	1.4625112339	1.836539046
YKL108W	-0.081200398	-0.0300545199	0.407717438
YKL109W	-0.041699909	-0.0771289122	1.152712019
YKL110C	0.264027937	0.3312630606	-0.159793004
YKL111C	1.448629222	1.048687315	0.394658388
YKL112W	0.02387052	0.0107716352	0.729133326
YKL113C	0.850494919	0.8402212036	0.528293976
YKL114C	0.043241982	0.112194846	-0.019825677
YKL115C	0.045673993	-0.0703507604	-0.247587913
YKL116C	-0.213497266	-0.1939833852	-0.214436069
YKL117W	0.49463545	0.4975523761	0.278123756
YKL118W	1.518027822	1.0378666017	-1.884178529
YKL119C	0.349259502	0.3727397224	-0.264593338
YKL120W	-0.009404912	-0.0090412089	-0.352727314
YKL121W	-0.249701892	-0.0930882031	0.505702387
YKL122C	1.197596988	1.1312110952	0.763549214
YKL123W	0.295925057	-0.0193936965	0.820948821
YKL124W	0.329361433	0.2874437303	0.940143622
YKL125W	0.046721333	0.0332645415	0.377421799
YKL126W	-0.141192461	-0.031291385	0.357493787
YKL127W	-0.11021419	0.0231536847	-0.53195441
YKL128C	-0.040307039	0.0149156349	-0.358448718
YKL129C	-0.110604737	-0.0615888493	0.832396065
YKL130C	0.418768805	0.3963771226	0.517679461
YKL131W	0.8628015	0.8304198338	0.642938025
YKL132C	-0.550660651	-0.5477131045	-0.707655672
YKL133C	0.694964085	0.7279811483	0.840852687
YKL134C	0.005290258	0.1068707593	0.229449925
YKL135C	-0.186629714	-0.1384128248	-0.040452971
YKL136W	0.91063862	0.6234720688	0.484159769
YKL137W	0.912506343	0.7222913119	0.722044268
YKL138C-A	0.631690242	0.6528664165	-0.014225985
YKL138C	0.990074301	0.8262252168	0.534716761
YKL139W	-0.128300659	-0.0738291379	0.741855834
YKL140W	-0.056183102	-0.0268315799	0.050263505
YKL141W	0.858748173	0.761033103	0.613251306
YKL142W	0.995173462	0.9105897276	0.990460725
YKL143W	0.109018248	0.1712857649	0.278275912
YKL144C	0.545971065	0.421121046	-0.331617463
YKL145W	0.19876694	0.234464067	0.175267925
YKL146W	-0.355194359	-0.3438437071	0.07275716
YKL147C	0.447877704	0.2619517693	-1.626644282
YKL148C	-0.047909768	-0.1180731398	0.715173959
YKL149C	-0.453330081	-0.2952517995	-0.422977973
YKL150W	1.082398344	0.9625468848	0.714927559
YKL151C	1.375137083	1.2511781023	1.377463828
YKL152C	-0.465726711	-0.4554749328	-0.44345101
YKL153W	-0.237878516	-0.5588987238	-0.195078603
YKL154W	0.380469778	0.3897664604	0.066197737
YKL155C	0.07806196	0.0776025333	0.145204588
YKL156C-A	0.347533337	-0.2048476738	0.077033804
YKL156W	0.717354479	0.5975410448	0.465232833
YKL157W	-0.68951347	-0.6054576584	0.046579286
YKL159C	0.869743417	0.8974537803	0.775214219
YKL160W	0.141898174	0.1129439639	0.289174752
YKL161C	-0.370870936	-0.1360312926	0.710540661
YKL162C-A	0.791108476	0.7625639627	0.379216775
YKL162C	0.615059784	0.6433608367	0.821011262
YKL163W	1.842958645	1.7862526849	3.209302731
YKL164C	0.404307129	0.4081203292	1.995090416
YKL165C-A	0.191777838	-0.0353628482	-0.742191257
YKL165C	-0.386082493	-0.3670234343	-0.013252466
YKL166C	0.087703034	0.1405849844	-0.476494013
YKL167C	0.985113012	0.8021457019	1.095291875
YKL168C	0.035555357	0.0807082993	0.184473192
YKL169C	0.295754129	0.4696314429	-0.825593767
YKL170W	0.58285765	0.5453389845	0.555521216
YKL171W	-0.21549003	-0.1521471975	0.64559553
YKL172W	0.571957053	0.6187893212	0.269573754
YKL173W	-0.888722664	-0.7901623516	0.115647602
YKL174C	-0.414700202	-0.3496647553	-0.302024507
YKL175W	-0.110212741	-0.140166603	-0.377584304
YKL176C	-0.538940221	-0.5393130813	-0.833331023
YKL177W	2.420292918	2.3725853724	0.261181157
YKL178C	1.740187763	1.6191885474	0.033753423
YKL179C	-0.079539928	0.036285481	0.108844728
YKL180W	-0.432261562	-0.4320108071	-0.481216002
YKL181W	-0.762483123	-0.6371204639	-0.976960313
YKL182W	-0.649335291	-0.604006355	-0.016500505
YKL183C-A	0.179529509	0.019691454	-2.125453416
YKL183W	-0.378005519	-0.3086816598	-0.225137724
YKL184W	-0.490001395	-0.3732609351	-0.440543546
YKL185W	-0.740259345	-0.7749942985	0.861123766
YKL186C	0.810757491	0.8536537789	0.665415449
YKL187C	0.786592137	0.692280511	0.400460909
YKL188C	-0.050682921	-0.0166756559	-0.373829151
YKL189W	0.216643857	0.2740856615	0.243437666
YKL190W	0.412824059	0.3782778677	-0.260161081
YKL191W	-0.647778889	-0.5949117143	-1.265306542
YKL192C	0.449408558	0.2992247007	0.194290033
YKL193C	0.817668064	0.8475716366	0.754407632
YKL194C	0.386256913	0.3858555685	-0.02189638
YKL195W	0.561760515	0.5586062771	0.849220701
YKL196C	0.480300931	0.4885667985	-0.100320636
YKL197C	-0.284424021	-0.1953990322	-0.160321834
YKL198C	-0.827207653	-0.5968740473	-0.321760291
YKL201C	0.233842963	0.157559598	0.857923618
YKL202W	0.603242884	0.5215829241	0.713262619
YKL203C	-0.576081325	-0.5135281024	-0.100882058
YKL204W	-0.079017839	-0.0772758813	0.457969485
YKL205W	-0.885149214	-0.8177290462	-0.565645885
YKL206C	0.32776453	0.3117835574	0.309850746
YKL207W	0.276661696	0.2363165182	-0.097492781
YKL208W	0.926984776	0.9198462751	0.609015783
YKL209C	-0.762135345	-0.7443512529	-0.435700847
YKL210W	-0.464550227	-0.3405279307	-0.288335878
YKL211C	0.193302403	0.2683407123	-0.517778125
YKL212W	-0.273348475	-0.1585623755	-0.261025716
YKL213C	-0.471740364	-0.3898470211	-0.344223962
YKL214C	0.16831124	0.1629171891	-0.414270224
YKL215C	-0.613596036	-0.4987370785	0.139240342
YKL216W	0.350435344	0.3590594855	-0.089490703
YKL217W	0.635935853	0.5305708124	1.870194728
YKL218C	0.062650868	0.1597518531	0.201374935
YKL219W	0.806419454	0.8327668658	0.15828922
YKL220C	-0.405487402	-0.3153783697	-0.931380523
YKL221W	1.084541553	1.0670032886	-0.024568612
YKL222C	0.125994291	0.1543859142	-0.46262417
YKL225W	1.153800563	1.8286609588	NA
YKR001C	0.095605349	0.1821024541	0.167949046
YKR002W	-0.198491171	-0.1828242766	0.139586619
YKR003W	0.381847606	0.4485806431	0.460477487
YKR004C	0.051111244	0.0279319325	-0.047508108
YKR005C	-1.498954915	-0.5687480048	-0.612126242
YKR006C	0.570297512	0.5022019562	0.427973817
YKR007W	1.118930095	1.1487415888	0.722171593
YKR008W	0.047461663	0.0367821669	0.587969395
YKR009C	0.160341821	0.1861474242	0.105390501
YKR010C	-0.560532151	-0.5281569621	0.357768669
YKR011C	0.339527014	0.3168850537	0.943263988
YKR012C	-0.197442162	-0.1733389558	-1.259528108
YKR013W	0.089006655	0.08775399	-0.107276953
YKR014C	0.69245861	0.6785469637	0.542666973
YKR015C	0.066384931	-0.1870720267	-0.958048885
YKR016W	0.323825452	0.2852329324	0.745505982
YKR017C	-0.423358938	-0.4199027778	0.389494623
YKR018C	0.116852061	0.1781868751	0.208542246
YKR019C	-0.031476804	0.0205691689	-0.050930193
YKR020W	0.917807107	0.8607202678	0.646015306
YKR021W	-0.27567767	-0.2780714404	0.045820222
YKR022C	0.044387715	0.0197796146	-0.358491582
YKR023W	0.116779381	0.2013859287	0.587102313
YKR024C	-0.257644105	-0.1524592291	-0.057472182
YKR025W	0.489220859	0.5965932796	0.03379339
YKR026C	-0.149506391	-0.172374373	-0.027282778
YKR027W	-0.151765026	-0.1301892846	-0.13522455
YKR028W	-0.692914099	-0.6670143315	-0.219910975
YKR029C	-0.152482872	-0.0530570467	0.440414256
YKR030W	0.783423888	0.7365734513	0.220613809
YKR031C	-0.535376571	-0.4655239831	0.21282625
YKR032W	1.531135005	0.6528044604	2.263679479
YKR033C	0.588892752	0.2950677632	-0.546570146
YKR034W	1.469887262	1.4782129416	1.303143991
YKR035C	-0.335662488	-0.1206960342	-1.0856064
YKR035W-A	1.091246023	1.0394627078	0.956222991
YKR036C	-0.28474202	-0.2593344958	-0.390283913
YKR037C	0.286583505	0.3529601944	0.374235787
YKR038C	0.137153951	0.1488167497	-0.293595941
YKR039W	-0.132873066	-0.1034541916	0.017392726
YKR040C	0.834125421	0.3664372331	-0.20009322
YKR041W	0.510559541	0.6997901102	0.262777463
YKR042W	-0.891420591	-0.8598353293	-0.820822577
YKR043C	0.187314004	0.241096374	-0.21659581
YKR044W	-0.524662089	-0.4723113704	-0.414076328
YKR045C	-0.204856123	-0.1354685441	0.332361431
YKR046C	0.865053458	0.871713746	0.57012246
YKR047W	-0.33754995	-0.8684308959	-1.206166475
YKR048C	0.12513793	0.2166055514	-0.003017623
YKR049C	1.045356351	1.0376405003	1.035130543
YKR050W	-0.371580226	-0.2409441865	-0.786963439
YKR051W	-0.446509552	-0.425456773	-0.32049119
YKR052C	-0.203925295	-0.2439647585	-0.204236482
YKR053C	-0.169128353	-0.1823632279	-0.678801297
YKR054C	-0.2503717	-0.1548654461	-0.213288378
YKR055W	0.734484439	0.646363973	0.480697667
YKR056W	-0.013075684	0.06260975	-0.057247936
YKR057W	-0.262473988	-0.2148886825	-0.548054404
YKR058W	0.344603723	0.31146895	0.525116269
YKR059W	-0.533925495	-0.4690078686	-0.700502131
YKR060W	0.060202825	-0.0310521767	-0.441213825
YKR061W	-0.209372649	-0.1868750544	0.536245428
YKR062W	0.313169848	0.3122495643	0.271765334
YKR063C	-0.141355083	-0.1977769782	0.16244094
YKR064W	-0.07382984	-0.1151798706	0.083879117
YKR065C	0.907791984	0.8227065997	0.670280129
YKR066C	0.752201044	0.7794336539	-0.072535762
YKR067W	0.481928462	0.4891456048	0.674536454
YKR068C	0.824253947	0.6782954224	0.406418704
YKR069W	-1.237918615	-1.1632935073	-1.010436679
YKR070W	0.032816265	0.0677668871	-0.388928509
YKR071C	-0.393798974	-0.3920573228	-0.152794082
YKR072C	-0.264725719	-0.1917875084	0.160628999
YKR073C	0.197567897	-0.2581704801	0.131040298
YKR074W	0.838191965	0.7217748962	0.40999771
YKR075C	0.474719978	0.2417713266	1.330307134
YKR075W-A	-0.833369517	0.0398903874	-1.318950054
YKR076W	0.832188543	0.8354900376	1.698801931
YKR077W	0.346764982	0.3105020025	1.745509483
YKR078W	0.156613843	0.227307306	0.04528374
YKR079C	-0.712970286	-0.6130205515	-0.480629973
YKR080W	0.739690414	0.7941840339	0.300126922
YKR081C	0.367510168	0.3662046588	-0.146481891
YKR082W	-0.440929395	-0.399955027	0.093768591
YKR083C	0.982126588	0.751866034	0.58624205
YKR084C	-0.393175672	-0.3026434746	0.072657527
YKR085C	0.583119965	0.4611461473	0.471944688
YKR086W	-0.105614398	-0.099845438	-0.091568169
YKR087C	0.322921591	0.3241828573	0.133464396
YKR088C	0.021781732	-0.0012301271	-0.243871836
YKR089C	-0.510268028	-0.5572266718	-0.163333326
YKR090W	-0.263115913	-0.1790519075	0.438610572
YKR091W	0.055895635	0.1800050707	1.364996651
YKR092C	0.403205334	0.3766216129	0.172605869
YKR093W	-0.208931591	-0.2696941318	0.41635916
YKR094C	-0.327810599	-0.4156636687	-0.349274382
YKR095W-A	1.279290121	1.1482501954	0.522660584
YKR095W	-0.31409543	-0.2679190287	0.334559291
YKR096W	-0.354192137	-0.2763294833	0.140026957
YKR097W	0.87145921	0.9030545155	0.649565402
YKR098C	-0.131115268	-0.052142035	-0.227315301
YKR099W	-0.659540497	-0.619853856	0.130910549
YKR100C	0.05719891	0.0903072435	-0.042177695
YKR101W	-0.115326528	-0.0908206997	0.348445856
YKR102W	-0.035452602	0.0875329552	-0.684513362
YKR103W	-0.294947474	-0.3002693548	-1.154645133
YKR104W	-0.429806326	-0.2418983198	-1.338510511
YKR105C	2.344061224	2.2984442435	1.675211166
YKR106W	0.684928228	0.6600802172	-0.621839102
YLL001W	-0.092075941	-0.0484597665	0.288327884
YLL002W	0.124434853	0.1742272244	-0.018400462
YLL003W	-0.278081473	-0.1537066505	-0.335286043
YLL004W	-0.346866922	-0.2701684858	0.366768914
YLL005C	0.79192934	1.0366799938	0.005754767
YLL006W-A	1.251366376	3.2710926785	NA
YLL006W	-0.05492834	-0.0286090625	-0.347595229
YLL007C	-0.286646354	-0.3083943636	0.344605265
YLL008W	0.288553521	0.3795686025	-0.171244911
YLL009C	0.926136324	0.7509204291	1.448357947
YLL010C	-0.410974285	-0.3408367522	0.694093304
YLL011W	0.314363343	0.3239576702	0.357296421
YLL012W	-0.368651855	-0.1955822453	-0.45989264
YLL013C	-0.465977278	-0.4975684188	0.730449289
YLL014W	0.552381493	0.4435817329	-0.532651476
YLL015W	-0.672777196	-0.5583753092	-0.199621507
YLL016W	-0.010951611	0.0407201122	-0.313427279
YLL017W	0.013840167	0.1154805635	-0.667287524
YLL018C-A	-0.520811693	-0.6032780059	-0.306451099
YLL018C	-0.378638129	-0.2928792377	-0.278070628
YLL019C	-0.337575939	-0.4162339981	0.886839419
YLL020C	-0.476471462	-0.5982806428	0.342111025
YLL021W	-0.806983152	-0.6849620431	-0.119500717
YLL022C	0.329773726	0.4226967215	-0.134689053
YLL023C	0.32701358	0.2918110615	0.726308515
YLL024C	-0.353336259	-0.2404602001	-0.83586233
YLL025W	0.439162125	0.6379604037	-0.189316301
YLL026W	0.40920917	0.3774324915	1.33284615
YLL027W	0.294886234	0.2909324913	0.782977896
YLL028W	0.416414476	0.5453035616	0.030363132
YLL029W	-0.141699939	-0.0981654452	0.524012463
YLL030C	4.069217042	3.2997482581	2.099604172
YLL031C	-0.52354169	-0.4884890329	-0.387654408
YLL032C	-0.676550069	-0.6002223245	0.337444215
YLL033W	0.408091772	0.3518305772	-0.382237335
YLL034C	-0.099047163	-0.0503759065	-0.154898053
YLL035W	-0.340266658	-0.2662956978	-0.358922091
YLL036C	-0.191273748	-0.1707808464	-0.021817619
YLL037W	0.158608078	-0.055843622	-0.680945964
YLL038C	-0.564618591	-0.5650004366	-0.297975421
YLL039C	0.460297693	0.5050743613	1.49683265
YLL040C	-0.470825851	-0.4043100774	0.194468761
YLL041C	0.665305521	0.5471914319	0.604620376
YLL042C	1.159839764	0.9351202632	0.21751528
YLL043W	-0.160064721	-0.1355285367	-0.010080663
YLL044W	-1.057154455	-0.7974559631	-0.820651352
YLL045C	-0.385592811	-0.3677634876	-0.596372099
YLL046C	2.202395701	2.1931856283	1.130828431
YLL047W	0.626767137	0.4298385442	-0.057648483
YLL048C	-0.968937417	-0.8940124791	-0.415268626
YLL049W	-0.209825666	-0.2493062074	-0.820387828
YLL050C	0.355607345	0.325510833	0.323221328
YLL051C	-0.438956801	-0.4570567748	-0.443486416
YLL052C	-0.959177511	-1.0910002415	-0.614637933
YLL053C	-0.886818251	-1.0536686419	-0.702268429
YLL054C	-0.702366003	-0.6738476046	-0.631463829
YLL055W	0.361157847	0.3539176036	0.066519551
YLL056C	-0.084594114	-0.0251045995	-0.785529971
YLL057C	1.253653672	1.2959320427	0.830842297
YLL058W	-0.122623	-0.0596477459	-0.339489285
YLL059C	0.107917732	0.1329351511	-0.352361851
YLL060C	-1.226076813	-1.3302151177	0.031197108
YLL061W	-1.128481019	-1.0921657275	-0.413863709
YLL062C	-0.935269771	-0.8687612974	-0.340341147
YLL063C	-0.009811307	0.0137637851	0.015600015
YLL064C	1.893120473	3.0100890501	0.372312491
YLL065W	-0.546832212	-0.7970567955	NA
YLL066W-A	3.812305045	2.2595678696	0.886364355
YLL066W-B	0.143351742	0.4261635134	-0.740385691
YLL067W-A	3.812305045	2.2595678696	0.886364355
YLR001C	-0.215661439	-0.2478665618	-0.050471066
YLR002C	-0.539555429	-0.4595250742	-0.352299028
YLR003C	0.406952668	0.3833242045	-0.268295737
YLR004C	1.230976729	1.1933878578	-0.008067065
YLR005W	0.414700613	0.4476345202	-0.17535913
YLR006C	-0.474420546	-0.4579078653	0.277261164
YLR007W	-0.012260736	0.0802377504	-0.216700564
YLR008C	0.147538873	0.0413779396	-0.107753462
YLR009W	0.762116056	0.7562059764	0.275755686
YLR010C	0.137170538	0.1205468598	0.138006102
YLR011W	0.498114016	0.4743374005	0.156021975
YLR012C	4.050422487	4.0473537332	2.219100544
YLR013W	1.133766188	0.7408804948	1.35787737
YLR014C	-0.442681147	-0.3989799132	-0.455030215
YLR015W	0.2479544	0.2641933036	0.215196182
YLR016C	-0.174887765	-0.1958718702	0.024035239
YLR017W	0.149328699	0.1899728507	-0.177994071
YLR018C	-0.023589298	-0.0137451253	0.238164019
YLR019W	0.461741085	0.4391394259	0.805474312
YLR020C	-0.210982795	-0.1277858325	-0.613350217
YLR021W	0.388904099	0.3635267609	-0.094801512
YLR022C	0.361334361	0.2786700525	0.033236772
YLR023C	-0.311146465	-0.3673237215	0.113063228
YLR024C	-0.297531514	-0.217041867	-0.090588163
YLR025W	0.946506345	0.9949269523	0.488581415
YLR026C	0.399005248	0.3498356905	0.667432444
YLR027C	0.439757333	0.4640909135	0.074151345
YLR028C	-0.281038289	-0.2247619717	0.008425119
YLR029C	-0.573632802	-0.6034417046	-0.633267761
YLR030W	0.631575838	0.6686653994	1.002234601
YLR031W	0.522191755	0.3729367919	0.403219422
YLR032W	-0.714808997	-0.5805802871	0.398524671
YLR033W	0.194871318	0.180709427	0.332232705
YLR034C	0.59915998	0.5541306951	0.162945527
YLR035C	-0.108089592	-0.096448226	-0.244657792
YLR036C	0.447290185	0.2683109163	0.043943897
YLR037C	0.636367357	0.603321481	-0.300679391
YLR038C	0.484071681	0.2820186918	0.488326931
YLR039C	-0.387872027	-0.3402423409	-0.034203587
YLR040C	-1.146504689	-1.3342503123	-1.592490478
YLR041W	1.098668636	1.0421428657	0.309726646
YLR042C	-0.49773326	-0.8175188441	-0.174771876
YLR043C	-0.524082551	-0.677636678	-0.629764684
YLR044C	-0.38281254	-0.2248926158	-0.169432605
YLR045C	-0.467143117	-0.3234546516	0.359886177
YLR046C	-0.420593841	-0.3512835513	-0.492574367
YLR047C	-0.427149398	-0.4267485103	-0.378410308
YLR048W	-0.569927246	-0.5154103563	-0.849353318
YLR049C	0.375144944	0.3740446942	0.973141515
YLR050C	0.401658566	0.4456610639	-0.276220351
YLR051C	0.812461074	0.8221143505	0.18706341
YLR052W	0.013578887	-0.0652578364	0.12080498
YLR053C	3.151615483	2.8070971537	3.062553442
YLR054C	0.377340538	0.3713239852	0.265582056
YLR055C	-0.502102957	-0.4507353603	-0.094013378
YLR056W	-0.091932235	-0.0456055038	-0.470222693
YLR057W	-0.079385625	-0.077579669	-0.225505997
YLR058C	-0.018579261	0.1448994466	-0.370000441
YLR059C	-0.150164131	-0.1669104856	-0.220363998
YLR060W	-0.10784617	-0.0643570712	-0.100693383
YLR061W	-0.395853116	-0.4356662078	-0.789147294
YLR062C	-0.502207876	-0.7505912025	-1.000735441
YLR063W	-0.950335165	-0.7824058831	-0.633080808
YLR064W	0.110035266	0.0802443179	0.589606111
YLR065C	0.014229828	0.0734738179	-0.668183782
YLR066W	0.33071531	0.308875449	-0.186227618
YLR067C	-0.423598171	-0.4269860175	-0.168914497
YLR068W	1.309722276	1.3253967616	0.651895268
YLR069C	0.286588008	0.3354528735	0.682645059
YLR070C	0.05320756	0.2252989452	-0.094729195
YLR071C	-0.40709936	-0.3191667004	-0.17409438
YLR072W	-0.165581263	-0.0720466717	-0.209674598
YLR073C	-0.827854445	-0.8662880504	-0.286836353
YLR074C	-0.007419769	0.033536105	0.022777687
YLR075W	-0.290381146	-0.3153691905	-0.29096219
YLR076C	-0.386216199	-0.6962979575	-0.010490108
YLR077W	-0.249006095	-0.2061399308	-0.140631413
YLR078C	0.066000408	0.0981361618	-0.446408079
YLR079W	0.584951664	0.5966546495	0.7443519
YLR080W	1.38069753	1.39616688	1.083074225
YLR081W	2.237256975	2.3099255396	0.916171368
YLR082C	-0.082759478	-0.0963986088	0.327093562
YLR083C	-0.367383375	-0.3342592008	-0.536439095
YLR084C	-0.780359574	-0.6712875943	-0.663446767
YLR085C	0.293966998	0.3071721324	0.303496111
YLR086W	-0.41388661	-0.3260421015	0.159261788
YLR087C	-0.798446676	-0.7187641024	-0.40976042
YLR088W	0.021208693	0.1112216096	-0.315312126
YLR089C	-0.076862569	-0.1365248338	0.226964253
YLR090W	-0.37461397	-0.2919010911	0.027369787
YLR091W	-0.141047226	-0.1318424152	-0.286503924
YLR092W	-2.953092703	-2.9153594032	-2.132840066
YLR093C	0.692662505	0.6910539949	0.481720019
YLR094C	-0.239464202	-0.2628013335	0.672491409
YLR095C	-0.111705617	-0.0876310721	0.402050368
YLR096W	-0.801484195	-0.7050534343	-0.358174832
YLR097C	-0.020392162	-0.0010589046	-0.382808089
YLR098C	-0.369180312	-0.2899931187	0.277217145
YLR099C	-0.02418988	0.0616176525	-0.562254834
YLR099W-A	0.005322707	-0.1389172664	-0.064389914
YLR100W	0.505418601	0.5671044705	-0.066314024
YLR101C	0.996986084	1.109281541	0.337342429
YLR102C	1.043984038	1.0593292204	0.578091482
YLR103C	-0.000378964	0.0457462115	0.720811203
YLR104W	0.702690614	0.621079398	0.028402673
YLR105C	0.261765309	0.2713249731	-0.454359497
YLR106C	-1.032782029	-0.9591827623	-0.344675805
YLR107W	-0.014667114	0.0161301852	0.137307639
YLR108C	-0.755608489	-0.8275786061	0.104131841
YLR109W	-0.317882025	-0.3524457028	-0.122106606
YLR110C	-0.004673142	-0.0338166909	0.178303332
YLR111W	1.224578694	1.0886057788	1.217175879
YLR112W	-0.616354528	-0.6112095476	-1.703309826
YLR113W	-0.530911535	-0.5163863933	-0.028730225
YLR114C	-0.134351713	-0.0915457888	-0.308707648
YLR115W	-0.623863411	-0.5608666975	-0.283918068
YLR116W	-0.349989226	-0.284449034	0.279410535
YLR117C	-0.131143428	-0.0410963396	0.446184437
YLR118C	0.580216007	0.5488889095	0.398348094
YLR119W	1.195046365	1.0802856115	0.728368502
YLR120C	-0.418191737	-0.4227577313	0.293339985
YLR120W-A	-0.206800222	-0.0781405719	-1.417857176
YLR121C	-0.487623818	-0.3788293206	0.132110227
YLR122C	-0.007858397	0.2819317558	-0.330788816
YLR123C	0.256221498	0.0786502258	0.002106262
YLR124W	0.330304499	-0.4251473804	-0.251954731
YLR125W	0.23207472	0.2390632176	-0.466420976
YLR126C	0.033294153	0.1105103951	0.119513297
YLR127C	-0.138808782	-0.0866904327	0.035270995
YLR128W	0.827983736	0.8560811382	0.810182313
YLR129W	-0.501336632	-0.4090642595	-0.245109636
YLR130C	-0.711835208	-0.6640609227	-0.785559658
YLR131C	-0.388651326	-0.398653017	0.585512125
YLR132C	0.431090669	0.5109545387	0.335768003
YLR133W	0.280691198	0.3017662654	0.55037082
YLR134W	-0.38369129	-0.3254452103	0.052138767
YLR135W	0.329657365	0.3367942144	0.507663896
YLR136C	1.395689888	1.4480670626	1.25963559
YLR137W	0.261061638	0.3851846369	-0.471060533
YLR138W	-0.400589725	-0.2913182993	0.013102543
YLR139C	-0.200381178	-0.2353064521	0.371637346
YLR140W	0.472509479	0.0918818392	-0.18576945
YLR141W	-0.12490193	-0.0185240963	-0.666116306
YLR142W	1.347594692	1.4182062851	1.907170377
YLR143W	-0.535536305	-0.4367555873	-0.11462735
YLR144C	-0.17108492	-0.1750469802	0.41114188
YLR145W	-0.147954977	-0.11838018	0.662866713
YLR146C	0.17158379	0.179199985	-0.367134966
YLR146W-A	0.319745687	0.1296218408	-0.328370423
YLR147C	1.168728159	1.0631237068	0.443830539
YLR148W	-0.10532468	-0.0499407255	0.567638706
YLR149C	1.355876238	1.3172417582	2.123399621
YLR150W	-0.586827057	-0.5478821559	-0.646786204
YLR151C	1.444497761	1.4808763673	1.693653964
YLR152C	-0.613008818	-0.7741671686	0.137020528
YLR153C	-0.195496115	-0.1632815369	-0.353138399
YLR154C-H	1.288082926	-0.2510507297	1.327216121
YLR154C	0.142251085	0.177493357	-0.110532111
YLR154W-A	-0.828271377	-1.4293976231	-1.507587128
YLR154W-B	-0.76976662	-0.793870484	-1.469239874
YLR154W-C	-0.794908895	-0.9855768331	-1.311386352
YLR154W-E	-1.905873546	-1.5743342957	1.571781409
YLR154W-F	-0.379467123	-0.6913578245	-0.371922147
YLR155C	-0.205965608	-0.2340711726	-0.662579097
YLR156C-A	1.288082926	-0.2510507297	1.327216121
YLR156W	-0.036827729	-0.0163337199	-1.2786092
YLR157C-C	1.288082926	-0.2510507297	1.327216121
YLR157C	-0.205965608	-0.2340711726	-0.662579097
YLR157W-D	-0.14779934	-0.1960395614	-0.096218992
YLR158C	-0.205965608	-0.2340711726	-0.662579097
YLR159C-A	1.288082926	-0.2510507297	1.327216121
YLR159W	-0.036827729	-0.0163337199	-1.2786092
YLR160C	-0.205965608	-0.2340711726	-0.662579097
YLR161W	-0.036827729	-0.0163337199	-1.2786092
YLR162W-A	1.75348732	3.5437743671	2.720330303
YLR162W	-0.994164165	-1.1956551798	-0.861948025
YLR163C	0.243311697	0.2447343498	0.326884674
YLR164W	0.650980954	0.5786913032	1.003433716
YLR165C	-0.02731038	-0.1280053358	-0.249370715
YLR166C	-0.024568432	0.0580305867	0.810788409
YLR167W	-0.421322974	-0.5088224778	-0.916502876
YLR168C	1.444455174	1.3834457605	1.394063197
YLR169W	-1.335782849	1.7630025907	-0.510036482
YLR170C	0.703395602	0.6293061995	0.474934663
YLR171W	2.749553278	2.133461584	1.991394025
YLR172C	0.540038924	0.6041250185	-0.241640176
YLR173W	0.313885465	0.315840822	0.397803281
YLR174W	0.512348957	0.6435357975	1.192074712
YLR175W	0.240707911	0.2724948674	-0.151345567
YLR176C	0.140654709	0.1716004796	0.603051063
YLR177W	-0.073558872	-0.1508109992	0.207309682
YLR178C	1.681942539	1.5333663485	2.472816236
YLR179C	-0.416154992	-0.3025657554	-1.537998385
YLR180W	-0.45740837	-0.3477859205	-0.976904638
YLR181C	0.515451718	0.559966105	0.046655834
YLR182W	-0.127150551	-0.1150718446	0.477980908
YLR183C	0.136747087	0.1346100792	-0.010125241
YLR184W	-0.104581982	1.0955919873	-0.036065411
YLR185W	-0.029927084	-0.1003919549	-0.159093725
YLR186W	0.704194603	0.6690011478	-0.020133172
YLR187W	0.185730946	0.189060961	0.607401336
YLR188W	-0.326314287	-0.2958137332	-0.761393812
YLR189C	-0.002415759	0.0152117127	-0.0088162
YLR190W	-0.304484354	-0.3119009531	-0.432759316
YLR191W	0.496443397	0.5019195964	0.694254566
YLR192C	0.192000116	0.2005818979	-0.227208823
YLR193C	0.678836941	0.6683266869	0.379980092
YLR194C	0.208489063	0.221222323	1.086242794
YLR195C	0.256379339	0.2387961541	0.288579317
YLR196W	0.387797856	0.3963827176	-0.028128599
YLR197W	0.359239241	0.3870592302	-0.198948061
YLR198C	0.282156272	0.2005952762	-0.341238492
YLR199C	0.765564968	0.7183945764	0.3783582
YLR200W	0.952090278	0.8917987773	0.31970583
YLR201C	1.131535705	1.0253272278	0.534680246
YLR203C	0.279483131	0.2454438164	0.22828901
YLR204W	1.335082402	1.2416973704	1.307333148
YLR205C	0.637590702	0.6215937299	0.930007875
YLR206W	0.143533946	0.1068141454	0.44911742
YLR207W	-0.115558814	-0.0230658898	-0.093548857
YLR208W	0.137932552	0.1030645618	-0.008140885
YLR209C	0.365190668	0.3750641459	-0.083099565
YLR210W	0.382168063	0.382968616	0.7353325
YLR211C	0.942010237	0.8119568815	-0.012650179
YLR212C	0.058803595	0.0529767435	-0.390295996
YLR213C	-0.754257297	-0.7350275309	-1.049541911
YLR214W	-0.608286753	-0.7360945713	-1.231989059
YLR215C	-0.088755361	-0.1075172194	-0.070118207
YLR216C	0.428808941	0.4400966414	0.127400334
YLR217W	-1.287698138	-0.7414027132	-1.330952672
YLR218C	1.371170955	1.3935379095	0.989892825
YLR219W	-0.182140861	-0.1835068583	0.514375561
YLR220W	0.184471526	0.187543375	0.305947755
YLR221C	0.565413879	0.5001886631	0.045438453
YLR222C-A	-0.321247391	-0.3694611343	-0.146147487
YLR222C	0.122590524	0.1536292956	-0.039251207
YLR223C	0.068289753	0.1233992896	0.622630157
YLR224W	-0.198030519	-0.2284862878	-0.478152142
YLR225C	0.467342298	0.4156081446	0.769219911
YLR226W	-0.124360665	-0.1637256987	0.011445474
YLR227C	-0.090060511	-0.1928690692	-1.133726786
YLR228C	-0.124190271	-0.0729333735	-0.256019029
YLR229C	0.230879747	0.2221061294	-0.46893411
YLR230W	0.288662337	-0.2165161177	-0.170470387
YLR231C	-0.225621639	-0.2244717526	-0.680038682
YLR232W	1.12826793	1.3703714521	0.387148092
YLR233C	-0.050799577	-0.0341798162	-0.593190247
YLR234W	0.314678958	0.3106609134	-0.097260369
YLR235C	-0.179788314	-0.3035845054	-0.830002191
YLR236C	-0.796446286	-0.3761940321	-0.853448013
YLR237W	0.389613406	0.3025633873	-0.210426192
YLR238W	0.096116198	0.0828420644	0.649973328
YLR239C	0.423256771	0.3450750656	-0.128411878
YLR240W	0.162917935	0.1836115575	0.001677142
YLR241W	0.141145306	0.1716074448	0.088513269
YLR242C	-0.39791769	-0.3157174941	-0.939197658
YLR243W	0.206772494	0.2256969407	0.003700736
YLR244C	-0.305991938	-0.32168777	-0.60622549
YLR245C	-0.118303399	-0.1518573124	0.046499085
YLR246W	-0.097027572	-0.0935380307	-0.223189291
YLR247C	-0.161324112	-0.1568782142	-0.127445506
YLR248W	-0.040785034	-0.0568190016	0.193277187
YLR249W	-0.545219494	-0.4857728886	-0.829176621
YLR250W	1.036437243	1.0195597843	0.484425198
YLR251W	0.811525174	0.6176181437	0.873124111
YLR252W	0.702219879	0.5314058633	0.673310082
YLR253W	0.036469268	0.0149504496	0.030000721
YLR254C	0.636783425	0.6733134377	1.367833553
YLR255C	0.253252767	0.2538621372	-0.468207476
YLR256W-A	-2.071931661	-2.6943261497	-1.514003205
YLR256W	-1.731589226	-1.8083980218	-1.451783188
YLR257W	0.129042505	0.0387418046	0.121947712
YLR258W	0.441528984	0.2970181387	1.725909428
YLR259C	0.126456498	0.1580055724	0.056699258
YLR260W	0.33080134	0.4271627996	0.577978473
YLR261C	0.397562302	0.4278821966	0.320840518
YLR262C-A	0.043704275	-0.0400713589	-0.539208914
YLR262C	0.42553508	0.3882898354	0.359255502
YLR263W	0.05073821	0.0215869931	-0.280025105
YLR264W	-0.771421655	-0.7736196016	-0.659981616
YLR265C	-0.055642301	0.0327954197	-0.424197729
YLR266C	-0.168616477	-0.2357316211	-0.565737308
YLR267W	1.599797109	1.5055899362	1.691218161
YLR268W	0.394337325	0.4014386258	0.084811529
YLR269C	2.186878323	3.4638292351	1.497350763
YLR270W	0.901323156	0.8577508044	1.362175803
YLR271W	0.721167326	0.6525858423	0.734181263
YLR272C	-0.393386826	-0.340799791	-0.010875049
YLR273C	0.534169671	0.4609163015	0.093952563
YLR274W	0.333496625	0.3062352126	0.491169483
YLR275W	1.106785421	1.0854942461	0.207716904
YLR276C	-0.066862163	-0.062918169	0.045998618
YLR277C	-0.313604217	-0.3082164195	0.274329223
YLR278C	-0.510158804	-0.5248962913	0.440898975
YLR279W	-0.47187656	-0.4244184515	-0.291068858
YLR281C	1.69947797	1.7797504158	1.330436999
YLR282C	1.00308808	0.8645537445	-0.185532554
YLR283W	0.931793141	0.8752798338	0.583154718
YLR284C	1.170563718	1.1810568065	1.203736488
YLR285C-A	0.276550959	0.1672884201	0.766437074
YLR285W	0.688457464	0.6295031423	-0.168274554
YLR286C	-0.067962992	-0.1928776849	1.134967676
YLR286W-A	1.459607321	0.1559767682	-0.604804561
YLR287C-A	0.053188568	-0.0928895804	-0.137989542
YLR287C	-0.038319611	-0.0460499918	-0.030398877
YLR288C	0.20272745	0.1606180934	0.345369761
YLR289W	0.328196353	0.2564531826	0.787686565
YLR290C	0.87439837	0.7584297304	0.459586727
YLR291C	0.517555213	0.481628125	0.16356087
YLR292C	0.499321852	0.4462679102	0.35584679
YLR293C	-0.139193376	-0.1103304961	-0.299286257
YLR294C	0.764714145	0.5907906693	0.848366679
YLR295C	0.799577417	0.6714192577	0.90099444
YLR296W	0.701118903	0.6271381478	0.815918256
YLR297W	-0.589435148	-0.8435324244	0.349301374
YLR298C	1.115817065	1.0921962314	0.852971671
YLR299W	-0.2880636	-0.2123540209	0.35305868
YLR300W	0.370243112	0.3730398502	0.462258345
YLR301W	0.564133093	0.5822985548	0.121987266
YLR302C	-0.368144939	0.0875964602	-2.051497584
YLR303W	-0.934326617	-0.9291643917	-1.132822943
YLR304C	0.499396481	0.501539212	0.698361559
YLR305C	-0.953234833	-0.9339453559	-0.212752171
YLR306W	0.561378149	0.4866342716	0.249969415
YLR307C-A	3.767677245	3.5215275012	3.535313385
YLR307W	2.296657986	2.1954698408	0.218478083
YLR308W	2.576094104	2.1151030974	1.314136588
YLR309C	0.409768124	0.4192374115	0.628645773
YLR310C	-0.623959165	-0.6825945405	0.085204675
YLR311C	1.542176922	1.6539969115	1.414051697
YLR312C	1.943127328	1.9099508096	1.72140219
YLR312W-A	0.697002515	0.5570327145	0.509638232
YLR313C	0.149548558	0.1510190649	-0.345001077
YLR314C	0.50650425	0.5451449561	0.269484236
YLR315W	-0.291200693	-0.4140198531	-0.32544905
YLR316C	0.221201699	0.2872401953	-0.452702974
YLR317W	-0.154478805	-0.2756340446	-0.137941376
YLR318W	-0.280634144	-0.2884692044	-0.629915423
YLR319C	-0.150898441	-0.1160955729	0.475706495
YLR320W	-0.090369166	-0.0842581015	-0.44079813
YLR321C	-0.101153352	-0.1036213073	0.59543482
YLR322W	1.883000608	2.0983769588	1.386660277
YLR323C	0.893582681	0.8414789806	0.157797474
YLR324W	0.662855767	0.7502762085	0.386891014
YLR325C	-0.197941271	-0.2765118755	-0.528261088
YLR326W	0.623723981	0.6782749209	0.807062771
YLR327C	4.479914366	4.2541455126	6.07409774
YLR328W	-0.574300813	-0.5110528617	-0.094710394
YLR329W	0.736893548	0.0794460525	-0.096631685
YLR330W	0.083557171	0.1160124948	0.217383614
YLR331C	2.513838947	1.908471903	1.894877992
YLR332W	-0.043184499	-0.1674545125	0.110816151
YLR333C	0.066557748	0.0302855766	-0.082470774
YLR334C	1.262207583	1.1355678235	1.017625272
YLR335W	-0.0432373	-0.0216095737	0.138919898
YLR336C	-0.351417368	-0.2872671083	-0.080771634
YLR337C	0.553801928	0.6118876578	1.02947757
YLR338W	0.969452843	1.2493319698	0.342523382
YLR339C	-0.729928829	-0.6068666273	-0.536105614
YLR340W	-0.858404472	-0.824561913	-0.841579186
YLR341W	0.878436291	0.534505821	-0.17062051
YLR342W-A	-0.038776145	0.0340608063	-0.871945722
YLR342W	-0.33337618	-0.296711218	-0.348021998
YLR343W	0.455952038	0.4605919486	-0.75361693
YLR344W	-0.14808523	-0.2202272637	-0.329101164
YLR345W	0.358523836	0.3464293732	0.860990678
YLR346C	1.128773742	1.2320694746	1.029907572
YLR347C	-0.417249268	-0.4366310159	-0.13229057
YLR347W-A	2.195158206	1.999896147	3.024352205
YLR348C	0.634365788	0.6723136229	0.224943207
YLR349W	-0.454673525	-0.6262303317	1.014523085
YLR350W	0.622482808	0.473079206	0.600600653
YLR351C	0.275216618	0.2587511337	-0.223471316
YLR352W	-0.106713268	-0.196299518	0.031628288
YLR353W	-0.650347681	-0.6929291182	-0.180199597
YLR354C	-0.546942149	-0.5373465373	-0.051712144
YLR355C	0.992724541	0.9754424031	0.390680498
YLR356W	1.08074889	0.9889260638	1.284232694
YLR357W	-0.327795392	-0.330118671	0.243533374
YLR358C	3.038840901	2.3654097147	1.983908154
YLR359W	-0.112721609	-0.0790745116	-0.46620936
YLR360W	0.141791159	0.1629750815	0.015125244
YLR361C-A	1.250410306	1.1840441237	0.923247078
YLR361C	0.090854102	0.0749842432	-0.3067119
YLR362W	0.171190702	0.2791588976	0.676618805
YLR363C	0.251595216	0.1735120923	-0.236545602
YLR363W-A	1.007110421	0.9145357891	0.339419088
YLR364C-A	-2.893484078	-2.8719830625	NA
YLR364W	-0.468582664	-0.697275865	-0.224343112
YLR365W	0.736966237	0.6749705857	-0.023336725
YLR366W	1.442948038	1.7816816626	1.471038291
YLR367W	0.693207671	0.6371741243	0.107380349
YLR368W	-0.326853683	-0.4202377863	-0.194138373
YLR369W	0.300023831	0.3034998067	0.650454485
YLR370C	1.308148153	1.2676876668	0.655293243
YLR371W	-0.327302352	-0.3470107721	0.36142311
YLR372W	-0.042321295	-0.0518918823	-0.704308819
YLR373C	-0.288613754	-0.3171276986	0.339988428
YLR374C	0.842920132	0.9168815	0.048432623
YLR375W	-0.572686938	-0.6925300331	-0.305160485
YLR376C	0.792179254	0.8090516447	0.223884753
YLR377C	0.703057126	1.0003343816	0.865016255
YLR378C	-0.55551609	-0.5412223204	-0.582372279
YLR379W	0.133482174	1.1403556944	1.063196357
YLR380W	0.054295865	0.1487722209	0.01781452
YLR381W	0.05976807	-0.0386097195	-0.288742364
YLR382C	0.025929463	0.0762964884	0.365446677
YLR383W	0.077374987	0.1113354708	-0.018192012
YLR384C	-0.547428778	-0.4966160495	-0.724126611
YLR385C	-0.226761976	-0.2461434902	-0.179590871
YLR386W	-0.317697347	-0.3186037348	-0.11799321
YLR387C	0.257516322	0.2612600966	0.331013705
YLR388W	-0.051056511	-0.1548055224	-0.492990328
YLR389C	-0.053478351	-0.0209553627	-0.191664756
YLR390W-A	0.606315182	0.5191316184	0.992085671
YLR390W	0.520156413	0.382492192	0.6433057
YLR392C	0.305367573	0.2800021762	0.536147151
YLR393W	0.136004897	0.0444987611	-0.102846277
YLR394W	0.005279535	-0.0309762946	-0.198959075
YLR395C	0.331296754	0.2243619202	0.590978534
YLR396C	0.017249562	-0.0305748569	0.489135998
YLR397C	-0.672921501	-0.6032179317	-0.170678978
YLR398C	-0.454257622	-0.4321840641	0.276418679
YLR399C	-0.482264772	-0.5230543659	-0.243700502
YLR400W	0.677097356	0.615041608	0.993132488
YLR401C	-0.210165614	-0.1827034259	-0.08212283
YLR402W	0.017866601	-0.3936606873	0.025874055
YLR403W	-0.4099991	-0.4828279064	-0.013022064
YLR404W	0.210478015	0.0635362405	-0.298271716
YLR405W	0.048030738	0.0773625964	-0.046442792
YLR406C-A	-0.075021019	0.2574391294	0.008836827
YLR406C	0.171369168	0.1217328574	-0.322906672
YLR407W	0.541845263	0.453496727	0.520551615
YLR408C	1.80213669	1.6445226604	1.693571246
YLR409C	-0.400758686	-0.3362000167	-0.083674761
YLR410W	-0.291409181	-0.2646979781	0.454771874
YLR411W	0.159452027	0.2691002494	-0.458118751
YLR412C-A	0.289071628	0.7108423597	-1.886829836
YLR412W	0.04853111	0.0120015851	-0.663152307
YLR413W	0.121334198	0.0936259935	-0.585913135
YLR414C	0.274159498	0.2986350177	0.496191028
YLR415C	0.264128543	0.4856114597	-0.727592643
YLR416C	0.738658516	0.4162526451	0.167793644
YLR417W	0.476342811	0.5309820956	0.131949104
YLR418C	0.134987697	0.1162572219	-0.025691524
YLR419W	-0.461065182	-0.4327919812	0.400990347
YLR420W	0.350670596	0.3268660199	0.141710163
YLR421C	0.584130082	0.5286000627	0.103705975
YLR422W	-0.354085799	-0.3528676926	-0.167125762
YLR423C	0.736700017	0.7055198754	0.68851909
YLR424W	0.182186709	0.2297962489	0.376811848
YLR425W	0.007482894	0.0404564169	0.469184019
YLR426W	0.519634298	0.4767778372	-0.3452744
YLR427W	-0.215819359	-0.1881682933	-0.143814371
YLR428C	1.884362001	1.9709765141	1.298964177
YLR429W	-0.234859407	-0.2179048267	-0.354681653
YLR430W	-0.419986172	-0.3912541931	-0.06629768
YLR431C	0.375664998	0.3073649974	0.121581836
YLR432W	-0.892942675	-0.8634223112	-0.730262846
YLR433C	0.154714616	0.1558149882	-0.100256361
YLR434C	-1.189751048	-0.4955139848	-1.687635573
YLR435W	0.461031419	0.4594495026	-0.114460721
YLR436C	-0.598434758	-0.6696248878	0.265279985
YLR437C-A	0.577230622	0.5022015131	-0.384656982
YLR437C	1.068563573	1.0062199004	0.171857524
YLR438C-A	1.127256808	1.0441043524	0.240441249
YLR438W	0.97500015	1.0802162776	0.668074687
YLR439W	0.30732277	0.288078115	0.743823944
YLR440C	-0.457409714	-0.4014566353	0.052688355
YLR441C	-0.106514882	-0.1083140541	-0.311903708
YLR442C	-0.10773634	-0.0381114526	0.358621281
YLR443W	0.120981903	0.1562597367	-0.098562986
YLR444C	1.870483004	2.4025180154	1.705067522
YLR445W	3.187645396	3.2985353311	2.281811956
YLR446W	0.928329674	0.7738158085	1.793697763
YLR447C	0.160077879	0.1517382443	-0.124920721
YLR448W	-0.44604269	-0.5076234471	-0.737254465
YLR449W	0.687477479	0.7346703322	0.621280255
YLR450W	-0.48796923	-0.4642018628	-0.339319217
YLR451W	-0.399060588	-0.3392397134	0.257655171
YLR452C	0.38194829	0.3335626352	-1.176175556
YLR453C	0.00048061	-0.0134853653	0.08572366
YLR454W	-0.435116238	-0.4220645891	0.060951232
YLR455W	-0.237810108	-0.2523656887	0.427205769
YLR456W	0.928191568	0.9077128714	0.320180039
YLR457C	0.480109417	0.4907163608	0.810660832
YLR458W	-0.957288507	0.4290339631	0.732326123
YLR459W	-0.036853196	-0.0278481956	-0.532163839
YLR460C	0.705542718	0.8136052134	-1.235885413
YLR461W	1.411889441	1.7328824327	-2.714941828
YLR462W	0.154869073	0.7706021534	-0.77646879
YLR463C	-0.587860829	-0.6411678786	-0.859837362
YLR465C	-0.493180264	-0.4975778217	-0.919963245
YLR466C-B	-0.242362256	0.8368517041	-3.443173007
YLR466W	-1.040904992	-0.9220380065	-1.364509163
YLR467W	-0.100709609	-0.0568406452	-0.346876563
YML001W	0.657003819	0.5630837207	-0.186185463
YML002W	-0.329125818	-0.3525832096	-0.562656744
YML003W	-0.252239698	-0.2595781068	-0.408744475
YML004C	0.842597359	0.7765715944	0.678375109
YML005W	0.066843687	0.0973180438	-0.10979044
YML006C	-0.744157101	-0.7392002459	-0.052454572
YML007C-A	0.60721588	0.5725054925	-0.136012273
YML007W	-0.039106007	-0.0357314728	0.214491464
YML008C	0.042114272	0.165824676	-0.159160163
YML009C-A	1.428264121	1.1792196811	-0.647235346
YML009C	0.576618136	0.4186569417	0.461036398
YML009W-B	-0.450221892	-0.4771334214	-0.348512913
YML010W	-0.117153156	-0.0340121238	0.237327599
YML011C	0.692923477	0.650802631	-0.030925857
YML012C-A	-0.613732012	-0.9967988286	-1.614893544
YML012W	0.146947154	0.1993028835	-0.272150369
YML013W	-0.32010413	-0.2946745882	-0.147132482
YML014W	0.593115422	0.709820767	0.016495794
YML015C	0.528066464	0.5953821299	0.45158749
YML016C	-0.342347907	-0.2954570882	0.471193469
YML017W	0.202845238	0.2643424629	0.791938453
YML018C	-0.594297658	-0.5811831214	-0.918136387
YML019W	-0.667379776	-0.6124133105	-1.049446072
YML020W	0.279784824	0.2557784988	0.340735978
YML021C	0.38238103	0.3933686878	0.331980595
YML022W	-0.165799651	-0.2085820046	-0.562049617
YML023C	-0.643680104	-0.6805606761	-0.976540677
YML024W	-0.497866755	-0.5481685293	-0.805784524
YML025C	0.434674421	0.3490681527	0.363248367
YML026C	-0.338036606	-0.3550139523	-0.464366374
YML027W	-0.155797915	-0.1706444206	1.181043981
YML028W	-0.037292017	-0.0393570472	-0.185948301
YML029W	-0.647770666	-0.6218701538	-0.066074576
YML030W	0.316254237	0.2915593828	0.452981578
YML031C-A	3.335473018	1.2311308193	-0.348495268
YML031W	-0.442377116	-0.3403031663	-0.639095257
YML032C	0.062238935	0.0609037318	0.021684471
YML034C-A	3.78015973	2.7308003469	2.129518847
YML034W	-0.335758381	-0.3491123246	0.26054792
YML035C	-0.519306126	-0.5118555686	0.23758915
YML036W	0.313700147	0.2588819831	-0.118057922
YML037C	-0.011587984	0.0410276884	0.111123458
YML038C	-0.299109412	-0.2582634105	-0.234646468
YML041C	0.18535054	0.1431936745	0.722376999
YML042W	1.001379529	1.0546817487	0.512221105
YML043C	0.024414422	-0.0027809279	0.371004581
YML046W	-0.428552109	-0.3538309124	-0.534409723
YML047C	2.247535897	2.4532261625	0.766297065
YML047W-A	2.392898217	1.0061037032	0.301401854
YML048W	-0.299526693	-0.3222978997	-0.498569778
YML049C	-0.513863021	-0.4810790417	-0.119980978
YML050W	0.46734449	0.3441674413	0.575195234
YML051W	-0.545421844	-0.5511940647	-1.0804904
YML052W	0.052910048	0.008239191	-0.117488801
YML053C	0.508781312	0.3891887592	0.920982713
YML054C-A	3.447142255	2.2257998399	-0.486993856
YML054C	0.668032925	0.5489827896	2.322655925
YML055W	0.247043083	0.1843333615	-0.02097949
YML056C	-0.672659804	-0.6099832969	-1.53889477
YML057C-A	1.190673205	1.1847563675	-0.191274072
YML057W	-0.087463445	-0.0398231698	0.778094411
YML058W-A	1.30140518	1.2270134112	-0.912105443
YML058W	0.156459203	0.0754631823	0.245461444
YML059C	-0.312387808	-0.3117893611	-0.063860253
YML060W	0.424338704	0.5223454845	0.232500207
YML061C	-0.45165001	-0.4355714997	-0.090910158
YML062C	0.397923353	0.4427801172	0.793894799
YML063W	-0.630551587	-0.6829052546	-0.727485653
YML064C	0.574323889	0.5568045237	0.512713474
YML065W	-0.595465903	-0.5473747713	0.49299328
YML066C	1.330527908	1.6857395448	0.206922302
YML067C	-0.025974517	-0.0232875172	-0.375393853
YML068W	-0.05533444	0.0607686674	0.077979395
YML069W	0.232780556	0.3087853884	0.55489424
YML070W	0.09154798	0.1072742384	0.259509286
YML071C	0.341855216	0.4338530933	0.852594407
YML072C	-1.009762905	-0.943388564	-0.468443805
YML073C	-0.585203423	-0.6359455949	-0.856015363
YML074C	0.364545057	0.4833732589	0.367576379
YML075C	-0.413301653	-0.3461545254	-0.980554392
YML076C	-0.201528055	-0.1691990744	0.130380285
YML077W	0.40889169	0.3689491856	-0.482107916
YML078W	-0.134836852	-0.094860999	-0.085815397
YML079W	0.197459357	0.2539076017	0.019293541
YML080W	0.050731341	0.0716214223	-0.12314859
YML081C-A	0.796746833	0.6142658251	0.42844024
YML081W	-0.498766479	-0.5080154365	-0.233435536
YML082W	-0.669429095	-0.5470895458	-0.14202898
YML083C	2.098862561	2.0999558026	1.019377362
YML084W	0.382499806	1.0948216931	-0.310948838
YML085C	0.008630245	0.0764082618	-0.469846933
YML086C	-0.32124352	-0.2496263027	-0.406696084
YML087C	-0.117360165	-0.2117420095	0.421743302
YML088W	-0.259569748	-0.219792128	0.547985514
YML089C	0.458854107	-0.1451667374	0.477335922
YML090W	-0.068047519	-1.6873898288	-0.849180573
YML091C	-0.481452445	-0.571597188	1.516272751
YML092C	0.473052259	0.4359593273	0.068402303
YML093W	-0.244790736	-0.1725403709	0.247520754
YML094C-A	1.55827182	-1.1619986922	0.329166184
YML094W	0.797174911	0.7439365639	0.504427746
YML095C	0.097231558	0.1044464236	0.281619391
YML096W	-0.332599651	-0.289054391	-0.698801435
YML097C	-0.138247391	-0.0561846217	0.070141644
YML098W	0.181396772	0.2158746374	-0.181493197
YML099C	-0.293603838	-0.1995167461	-0.335857175
YML099W-A	1.550331105	2.1032537268	1.044677811
YML100W-A	-0.139100898	0.449190137	-1.364190053
YML100W	0.643292146	0.415625013	1.72283368
YML101C-A	0.09798607	-0.1492444903	-1.407256211
YML101C	0.394153541	0.3235446401	-0.543336195
YML102W	-0.029566438	-0.0075492944	-0.082279034
YML103C	-0.824244179	-0.8000842886	0.26697878
YML104C	-0.552362078	-0.4898259948	-0.884773141
YML105C	0.459990472	0.5155314976	0.067148387
YML106W	-0.398497277	-0.3835184411	-1.083044123
YML107C	-0.103254884	-0.1747997943	0.433848129
YML108W	-0.050173618	-0.1062346557	-0.337417555
YML109W	-0.280904295	-0.1498399882	0.413389011
YML110C	0.117181606	0.0936329997	-0.078956596
YML111W	-0.470495666	-0.3852918807	0.466486798
YML112W	0.641010943	0.6216580701	0.742349459
YML113W	0.038057793	0.0424668008	0.234820607
YML114C	-0.014590406	-0.0283066806	0.177959793
YML115C	-0.291313458	-0.2167719285	-0.404253361
YML116W-A	-0.647004316	-0.5290809796	0.46325238
YML116W	-1.65155364	-1.6050429031	-1.012151505
YML117W	-0.510502068	-0.4735857168	0.668297405
YML118W	0.410145654	0.4796407851	0.370955307
YML119W	-0.161368834	-0.2286550097	0.966060573
YML120C	-0.0359689	-0.1173692573	0.586546112
YML121W	0.146888568	0.2186137167	-0.089646227
YML122C	0.710546218	0.5549884101	0.776653394
YML123C	-0.340114501	-0.279502096	0.080636671
YML124C	0.193044241	0.2838285339	-0.538650003
YML125C	-0.204453935	-0.1317918082	-0.795324551
YML126C	-0.482645672	-0.415382934	-1.187858685
YML127W	0.001889202	0.0391659649	-0.206004738
YML128C	2.23860667	1.9750717832	2.829365911
YML129C	1.245933946	1.165690109	0.936645824
YML130C	-0.576072165	-0.5305192324	0.523025078
YML131W	0.154318531	0.3231720003	-0.013818595
YML132W	0.440531804	0.5148160675	0.288213755
YML133W-A	1.371184337	1.1429436923	0.395183918
YML133W-B	0.392188013	-1.3570408443	NA
YMR001C-A	0.001662937	0.2931287144	0.58541315
YMR001C	-0.175587971	-0.1294758022	0.628209888
YMR002W	0.651026991	0.546484364	0.666040761
YMR003W	0.606178285	0.5866196134	0.917093684
YMR004W	0.18469264	0.2159278827	0.202758881
YMR005W	0.239809579	0.2328549374	-0.017397928
YMR006C	-0.354920641	-0.2313842935	-1.492391056
YMR007W	0.502108144	0.6918547892	-0.427476005
YMR008C	0.125304154	0.1926091409	0.123565877
YMR009W	-0.039127602	-0.0759998431	0.021568541
YMR010W	-0.365482221	-0.3585667657	-0.246561526
YMR011W	1.041292524	1.1602124554	0.890132106
YMR012W	-0.770401895	-0.7249941505	-0.260137933
YMR013C-A	0.138897739	0.4278322786	0.410539285
YMR013C	-0.385357139	-0.3262441591	-0.222263792
YMR014W	0.357400072	0.4291666429	0.284655467
YMR015C	0.200420096	0.2931010425	0.111576665
YMR016C	-0.235062608	-0.2470173881	-0.027202102
YMR017W	2.180428621	2.2761188676	1.155089663
YMR018W	0.456178953	0.2646099996	-1.497351467
YMR019W	-0.159190095	-0.1541411277	-0.233747928
YMR020W	0.509094211	0.5435219252	-0.18146874
YMR021C	-0.143006481	-0.1085896884	0.082523738
YMR022W	0.97388746	0.8946163092	0.707230258
YMR023C	0.325562951	0.3067444529	0.057939446
YMR024W	0.201087495	0.1600611215	0.654354545
YMR025W	0.305119553	0.3439973157	0.048511888
YMR026C	-0.080753156	-0.0497290819	-0.528756929
YMR027W	0.402471667	0.4167018713	0.220368476
YMR028W	0.330436314	0.2876539242	0.74288449
YMR029C	0.432777017	0.3894543202	0.343252105
YMR030W-A	-0.128232072	-0.0616826004	0.126466674
YMR030W	0.928396445	0.9983598285	0.347183841
YMR031C	0.13956144	0.1053000291	0.849952092
YMR031W-A	2.321617345	1.9225430281	0.76533089
YMR032W	-0.414410121	-0.3852954023	0.614680194
YMR033W	-0.14358947	-0.1756832484	-0.069179512
YMR034C	0.12061502	0.1919207533	0.161394947
YMR035W	-0.009377537	0.0808558717	-0.271231414
YMR036C	-0.016023988	-0.001060235	0.148166421
YMR037C	-0.594781129	-0.671230261	-0.065595711
YMR038C	-0.543080074	-0.4952470054	-0.456512838
YMR039C	0.221914848	0.2311485615	0.378023698
YMR040W	0.23957671	0.3452856959	0.985830916
YMR041C	0.761587602	0.7473925034	0.633119939
YMR042W	-0.114118236	-0.0991949642	-0.106162232
YMR043W	-0.064029963	-0.1503229169	0.055132246
YMR044W	0.040984652	0.0803558061	0.482064151
YMR046W-A	-0.072667911	0.0273247387	-1.037009309
YMR047C	-0.19224486	-0.0872887387	0.007403828
YMR048W	0.680745675	0.7284483102	0.371898586
YMR049C	-0.38287164	-0.3135869299	-0.201171935
YMR052C-A	-0.016239415	-0.0117644418	0.604938033
YMR052W	0.917709286	0.8596813362	0.711038068
YMR053C	0.087775984	0.0637673858	0.911352292
YMR054W	-0.604582775	-0.4862619596	-0.082944687
YMR055C	0.231527283	0.1839092773	0.69185164
YMR056C	0.233007832	0.1926418567	-0.188236481
YMR057C	0.073065704	1.2898882265	-1.567668768
YMR058W	1.247734604	1.1711355992	-0.207390882
YMR059W	0.599878077	0.4856828169	0.292504883
YMR060C	0.53432613	0.505518501	0.144824847
YMR061W	0.146635451	0.1364673182	-0.139485419
YMR062C	0.284632959	0.3630122615	-0.842157638
YMR063W	-0.238113784	-0.1904501888	-0.599684115
YMR064W	-0.252575455	-0.2524846948	-0.234535565
YMR065W	0.494135733	0.4445613752	-0.297111049
YMR066W	-0.085351054	-0.0447472413	0.206471472
YMR067C	0.222047664	0.2165043037	0.04643047
YMR068W	0.41177914	0.414866685	0.863143315
YMR069W	-0.461123251	-0.4859223735	-0.197122377
YMR070W	0.010265602	0.081955871	1.045359663
YMR071C	0.277358119	0.1938406959	-0.271049714
YMR072W	0.553176367	0.4922207371	0.534392422
YMR073C	0.782664055	0.6748464427	0.403903994
YMR074C	0.311756	0.2237314299	-0.128925776
YMR075C-A	-1.224815172	-1.3129480303	-0.362893772
YMR075W	-0.150530239	-0.1005872907	-0.001080392
YMR076C	-0.611269423	-0.5972900675	0.767877029
YMR077C	0.747762124	0.6906391579	0.809750076
YMR078C	-0.230053821	-0.1822313295	0.0809506
YMR079W	-0.055392759	-0.0601768221	-0.233792127
YMR080C	-0.857344842	-0.8323043814	-0.724641814
YMR081C	-0.057134694	-0.440871894	1.666214037
YMR082C	2.513344505	2.8006297044	2.581464961
YMR083W	0.240377784	0.2673908895	-0.185018868
YMR084W	0.875518702	0.9624137103	0.672258549
YMR085W	0.732293226	0.7308921402	0.524885428
YMR086C-A	0.342868056	0.3183277821	-0.917737137
YMR086W	-0.533547445	-0.5167184726	-0.025191441
YMR087W	0.184320207	0.1300359841	0.494891399
YMR088C	-0.188836653	-0.2099478136	-0.281885526
YMR089C	-0.151175351	-0.1036612694	0.130229282
YMR090W	0.388145921	0.2151017959	1.22688879
YMR091C	-0.0873245	0.0042217705	0.314610208
YMR092C	0.33358796	0.3518338126	0.381689282
YMR093W	-0.063660892	-0.0842290686	0.182233285
YMR094W	-0.244185235	-0.1995828999	-0.62855398
YMR095C	0.885480542	0.8375302379	1.264885702
YMR096W	0.722562006	0.8071656042	1.219757053
YMR097C	0.053785986	0.0465155329	0.038261342
YMR098C	0.036542774	0.065570089	0.082854784
YMR099C	0.162476088	0.155991214	0.17445161
YMR100W	-0.492990428	-0.4866712544	0.494441403
YMR101C	2.564574997	2.6369419431	0.93977581
YMR102C	-0.867799168	-0.8095799285	-0.432473432
YMR103C	-0.378366576	-0.5139440095	0.474505064
YMR104C	-0.412484673	-0.4220659391	0.731835674
YMR105C	1.973050644	1.6771557296	2.669703217
YMR105W-A	1.388458038	1.2148356373	1.409225102
YMR106C	-0.079102146	-0.0059997495	-0.133639908
YMR107W	4.524671286	4.1606850809	4.932876097
YMR108W	-0.677925697	-0.6176390353	-0.5499101
YMR109W	-0.335779135	-0.2397083952	0.492239911
YMR110C	0.240438475	0.2544988217	0.776546399
YMR111C	0.315839891	0.3091668877	0.631585233
YMR112C	0.994580878	0.9205257968	0.835037414
YMR113W	0.505776924	0.5453159241	0.273544023
YMR114C	0.748526292	0.77102519	0.682132892
YMR115W	0.399701532	0.393863643	0.575462702
YMR116C	-0.719570284	-0.7010661098	-0.887044031
YMR117C	0.499453772	0.5088212216	0.299578798
YMR118C	1.241991283	1.2599316323	2.557835136
YMR119W-A	-0.56195061	-0.6248113072	-0.270006772
YMR119W	-0.42586347	-0.3498984563	-0.061583889
YMR120C	0.596177336	0.7059068181	0.465301956
YMR121C	0.229970924	0.2988041638	0.524805368
YMR122C	0.243582125	0.7531530894	-0.366486259
YMR122W-A	0.486870532	0.4327700872	0.271497068
YMR123W	0.711477777	0.6454375158	0.220674687
YMR124W	-0.02802086	0.0562240012	0.724253971
YMR125W	-0.278295715	-0.2800820384	-0.040414028
YMR126C	-0.500636929	-0.4453927885	-0.43817343
YMR127C	-0.090863229	-0.0379899598	-0.224229715
YMR128W	-0.573934634	-0.4117389688	0.312302979
YMR129W	-0.642010303	-0.5932666598	-0.322473211
YMR130W	-0.126064174	-0.0975127142	-0.626264842
YMR131C	-0.051477586	-0.0121453419	-0.16005395
YMR132C	0.153241967	0.097870654	-0.111779837
YMR133W	2.393490222	2.3747805321	1.017964146
YMR134W	-0.108118579	0.0465221099	-0.176100774
YMR135C	0.008534348	0.0782372645	0.79964117
YMR135W-A	3.266685256	3.2186044774	2.102416487
YMR136W	0.131340204	0.1647572909	0.742846145
YMR137C	0.327275207	0.4468536606	0.286408343
YMR138W	0.411657868	0.41866712	-0.114983152
YMR139W	0.148819013	0.0814107378	0.661014387
YMR140W	0.024148474	-0.0102117881	0.278710269
YMR141C	0.215865095	-0.2539832445	-0.993915078
YMR142C	-0.630097089	-0.5997583882	-0.78752873
YMR143W	-0.25596168	-0.2905575793	-0.254318875
YMR144W	0.230993128	0.2282935316	1.106344684
YMR145C	-0.85498449	-0.8454691745	-0.099012841
YMR146C	0.261569068	0.2763042368	-0.090668311
YMR147W	0.260586155	0.2420637774	1.028825355
YMR148W	0.005310369	-0.0164573137	0.645419942
YMR149W	-0.088868989	-0.1002982448	-0.244797931
YMR150C	0.535069217	0.5264371821	0.026410814
YMR151W	-0.044718232	-0.2385312643	-0.099618217
YMR152W	0.355092762	0.3782680812	0.715050969
YMR153C-A	-0.340076338	-0.1027896623	-0.87301113
YMR153W	0.32066642	0.2804094324	0.330624897
YMR154C	-0.351767737	-0.2358039941	-0.177555068
YMR155W	-0.206162567	-0.1840953587	-0.000469111
YMR156C	0.644424348	0.4939820574	0.14157132
YMR157C	0.221768884	0.1459489512	0.313453276
YMR158C-A	-2.146375165	-2.3252560645	-2.10963323
YMR158W-B	-0.29717334	-0.4957083656	0.520058119
YMR158W	1.026494545	0.9275364077	0.716096795
YMR159C	0.101178154	0.2853362569	0.101061025
YMR160W	-0.152605068	-0.1909632248	0.560734954
YMR161W	0.088989134	0.0302962025	-0.06082473
YMR162C	-0.547334248	-0.460301836	-0.212663787
YMR163C	-0.412560069	-0.2726129194	0.216212881
YMR164C	0.012314578	0.0112936615	0.322529377
YMR165C	0.139118631	0.1976339742	0.297158873
YMR166C	-0.145834406	-0.1167542703	0.244534721
YMR167W	-0.403608473	-0.3049130554	0.11923817
YMR168C	-0.276651773	-0.2469289686	-0.237081033
YMR169C	3.209013575	2.839780621	3.71085439
YMR170C	1.198134171	1.1677057295	1.420483689
YMR171C	-0.366426489	-0.479232789	-0.283475704
YMR172C-A	0.019472535	0.0794011304	NA
YMR172W	0.061625943	0.0941830596	-0.14035848
YMR173W-A	-0.203271745	-0.2189904813	0.244428535
YMR173W	-0.06926595	-0.2174166887	0.527217967
YMR174C	2.629488865	2.3708839119	2.723731132
YMR175W-A	3.84841991	3.333911734	2.649804735
YMR175W	4.988184609	4.2703825929	3.370639646
YMR176W	-0.559481373	-0.4492502158	-0.700365472
YMR177W	-0.223064636	-0.1267449808	-0.623331403
YMR178W	0.493090093	0.4995307623	0.368244496
YMR179W	-0.158719464	-0.1137286305	0.258726996
YMR180C	0.217992071	0.1368822334	0.414792933
YMR181C	0.824128944	0.6748199238	0.820447025
YMR182C	-1.206678066	-1.2915265622	-0.696787461
YMR182W-A	-0.992564791	-2.0754216292	-1.539698885
YMR183C	-0.016074431	0.0519640386	-0.197466152
YMR184W	0.779340478	0.7591847574	0.577536051
YMR185W	-0.064498581	0.0314341297	-0.113789703
YMR186W	-0.354981416	-0.2572859647	-0.617722977
YMR187C	-0.167519363	-0.1091986081	-0.12693282
YMR188C	0.82560238	0.7574168549	0.879453476
YMR189W	-0.4632588	-0.3900761794	0.23200744
YMR190C	-0.346725214	-0.3359512806	-0.20203529
YMR191W	1.114822466	1.0718916972	0.21651615
YMR192W	-0.259566208	-0.1126728578	0.393033271
YMR193C-A	-1.261657747	-0.4919529168	-1.600005444
YMR193W	0.402573148	0.3104065683	0.915321134
YMR194C-A	-0.289242576	-0.0072245595	-1.64535938
YMR194C-B	-0.512174811	-1.8247767872	1.176051432
YMR194W	0.165553338	0.1462584955	-0.317388316
YMR195W	-0.520418731	-0.7597129953	-0.152922794
YMR196W	0.753727959	0.6994029403	1.656162593
YMR197C	0.80345078	0.7782518519	1.098833668
YMR198W	-0.506140476	-0.3895485738	0.871122043
YMR199W	-0.691341716	-0.754986372	-0.153760523
YMR200W	0.013148486	-0.0002183551	0.141805498
YMR201C	0.424422397	0.4169842011	0.255588634
YMR202W	-0.13990262	-0.0926218806	-1.071302949
YMR203W	-0.028800761	-0.0188107341	-0.106914215
YMR204C	-0.411486039	-0.2444010294	1.317871382
YMR205C	-0.60561472	-0.5556722028	-0.482162406
YMR206W	2.83619668	2.638050433	2.989625039
YMR207C	-0.584730158	-0.5499050576	-0.631734546
YMR208W	0.464564314	0.5536673368	-0.199149142
YMR209C	-0.246356266	-0.2038353944	-0.767719908
YMR210W	0.264976625	0.2649128824	0.994372428
YMR211W	-0.365559758	-0.3055028224	-0.402603669
YMR212C	-0.493258712	-0.4398354131	-0.491627185
YMR213W	0.087282388	0.1447557236	0.497695813
YMR214W	0.003630291	0.1189066423	-0.048990714
YMR215W	-1.145434826	-1.2099684098	-0.479555842
YMR216C	-0.389690576	-0.3498727348	0.777062818
YMR217W	-0.473561379	-0.3946247051	-1.146223263
YMR218C	-0.288826604	-0.2490360017	0.010983162
YMR219W	-0.119040924	-0.1100059431	1.426688628
YMR220W	-0.014853742	0.0481097847	-0.379920714
YMR221C	-0.001417009	0.0077758911	-0.493229308
YMR222C	0.267574319	0.2781931588	-0.068609506
YMR223W	-0.662903229	-0.6489435985	-0.538095971
YMR224C	-0.099879983	-0.0124704349	-0.037971303
YMR225C	0.825299488	0.7602470336	0.803007324
YMR226C	0.075323757	0.0938980929	0.136370338
YMR227C	-0.151847021	-0.0750706379	1.019193604
YMR228W	0.556941872	0.514498853	0.361659683
YMR229C	-0.96702937	-0.8993748537	-0.349705441
YMR230W-A	-0.269751667	-0.4604043694	-1.006058877
YMR230W	-0.180246213	-0.2250659517	-0.384385229
YMR231W	-0.380145632	-0.3589699224	0.093663041
YMR232W	0.274231677	0.1673262412	-0.85995358
YMR233W	0.219901919	0.2342080952	0.466810722
YMR234W	-0.647305344	-0.5504350641	-0.606158492
YMR235C	0.096883246	0.1412675131	-0.460152909
YMR236W	1.051491875	1.0386838488	0.565008026
YMR237W	0.033423613	0.0567859318	0.210241912
YMR238W	0.06508711	0.1872773409	0.418539063
YMR239C	-0.133770614	-0.1293390055	-0.249265248
YMR240C	0.643002635	0.6703588038	0.517038466
YMR241W	-0.230066425	-0.1968545401	-1.022575104
YMR242C	-0.477877757	-0.5374077892	-0.591333442
YMR242W-A	1.009419519	1.5146553904	NA
YMR243C	-0.345293681	-0.2853057422	-0.828996719
YMR244C-A	1.023254191	0.9716541626	0.68953327
YMR244W	0.183732843	0.3510022802	-0.726434244
YMR245W	0.514259218	0.2654101558	-1.028270946
YMR246W	-0.312032429	-0.227975218	-0.75232184
YMR247C	-0.734145828	-0.7042125696	0.053052153
YMR250W	1.597203386	1.4285115717	1.88671942
YMR251W-A	0.998281678	0.7042499815	0.648675249
YMR251W	1.793420079	1.8218383687	1.102172322
YMR252C	0.458943247	0.4044992373	-0.16213957
YMR253C	-0.118679025	-0.1065887079	-0.245745063
YMR254C	3.575652879	3.7856334636	1.822423554
YMR255W	0.514056613	0.4631232539	0.645173794
YMR256C	0.693146309	0.5095797187	1.119680748
YMR257C	-0.363694044	-0.3215607786	-0.077674744
YMR258C	-0.184595852	-0.0319140905	-0.178651258
YMR259C	-1.150044169	-1.1151918594	-0.468379424
YMR260C	0.577708476	0.5383164307	0.165876293
YMR261C	-0.250464833	-0.2172646642	0.383151855
YMR262W	0.509620544	0.4790068989	0.208301262
YMR263W	0.543824261	0.5475832479	0.426662771
YMR264W	0.179235579	0.1598013124	-0.463644559
YMR265C	-0.311281009	-0.2914559383	-0.325261697
YMR266W	-0.881382219	-0.8022532707	-0.932805698
YMR267W	-0.215654924	-0.2077708844	0.050135581
YMR268C	-0.206595652	-0.1568703359	0.628624966
YMR269W	0.501005091	0.4996600795	-0.050290401
YMR270C	-0.282484516	-0.2676943453	-0.554202274
YMR271C	1.890704075	1.8291004437	1.926418844
YMR272C	0.19876417	0.2044218411	-0.411757212
YMR273C	-0.296008932	-0.1898330384	-0.014048894
YMR274C	-0.335557588	-0.4066911085	-0.505479203
YMR275C	-0.266757834	-0.1718493577	-0.066435113
YMR276W	0.047710629	0.2003448688	0.090889826
YMR277W	-0.668336826	-0.6016131431	-0.348382711
YMR278W	0.038414433	0.0832263602	0.027490917
YMR279C	0.081641729	0.1155803268	-0.317231407
YMR280C	0.684772973	0.7678435487	2.564937852
YMR281W	0.088467189	0.0500610725	0.156585926
YMR282C	-0.224474295	-0.1854883677	-0.12742565
YMR283C	-0.128486595	0.00320331	0.021587362
YMR284W	-0.219528849	-0.1112012698	-0.458497121
YMR285C	-0.13310732	-0.0870286735	0.158101247
YMR286W	0.899348348	0.8258843007	0.426802692
YMR287C	-0.3151847	-0.3165564609	0.116377412
YMR288W	-0.286661312	-0.1713070326	0.020604624
YMR289W	0.019113526	0.0327494104	-0.317293775
YMR290C	-0.113216382	-0.0865000026	-0.389035989
YMR290W-A	0.744411464	0.8027931429	0.571053259
YMR291W	-0.667970842	-0.6950351329	1.058233684
YMR292W	0.766833309	0.6362806279	-0.110565094
YMR293C	-0.13534751	-0.1218932302	0.056535157
YMR294W-A	0.375005726	0.7974063934	0.148441161
YMR294W	0.528425479	0.5729347228	0.053639568
YMR295C	0.516583347	0.5205782985	0.41834633
YMR296C	-0.355115529	-0.2247243305	-0.428840127
YMR297W	0.011972225	-0.013545585	0.635422724
YMR298W	0.927140584	0.8649970588	0.580773693
YMR299C	-0.086285936	-0.1165841816	0.321829626
YMR300C	0.038565674	0.1984921361	-0.054261242
YMR301C	-0.331248529	-0.2508033175	-0.499300073
YMR302C	0.061923075	0.1036879113	0.120880821
YMR303C	2.088006969	1.9758447259	3.057214864
YMR304C-A	0.120271267	0.157576858	-0.960863531
YMR304W	-0.156695703	-0.0750144237	0.676634642
YMR305C	0.187157148	0.2498552038	-0.852112266
YMR306C-A	0.052415919	0.1239373936	-0.496279472
YMR306W	0.500168918	0.5827275596	-0.344906357
YMR307C-A	-1.431249544	-0.3715743948	0.092501596
YMR307W	-0.610108829	-0.6146498817	-0.690856325
YMR308C	-0.765640442	-0.7390768224	-0.437906294
YMR309C	-0.351804033	-0.2863441222	-0.245754526
YMR310C	-0.039019627	-0.0509406303	-0.163089327
YMR311C	0.912783878	0.862162174	1.019330726
YMR312W	0.696999862	0.5894150019	0.18746621
YMR313C	-0.460573241	-0.4633181235	-0.068773717
YMR314W	0.366923011	0.3534791261	0.138556264
YMR315W-A	-0.270042581	-0.0513171803	0.228062764
YMR315W	0.624925101	0.6933933912	1.138752007
YMR316C-A	0.463673453	0.2450068236	-0.7809195
YMR316C-B	-0.337308516	-0.2297784546	-1.131830432
YMR316W	0.015326542	0.1060452387	-0.075656208
YMR317W	0.882575661	0.7881849761	0.158077304
YMR318C	-0.563839965	-0.5172935366	-0.262489948
YMR319C	0.26656376	0.1612300758	0.139012011
YMR320W	0.408759385	0.7044489999	-0.032130334
YMR321C	0.982501463	-0.3432284574	NA
YMR324C	-0.184123522	NA	-1.606686285
YMR326C	1.107091123	2.1134166045	0.082820291
YNL001W	-0.168281413	-0.1565209146	-0.108618766
YNL002C	0.657308384	0.6339953561	0.04586955
YNL003C	-0.399108884	-0.377107889	-0.664413385
YNL004W	0.115738376	0.1042526032	0.275558501
YNL005C	0.476671014	0.4132340686	0.225523255
YNL006W	0.16273137	0.1282235184	0.133993903
YNL007C	0.133060802	0.1380835736	0.124081374
YNL008C	0.381549888	0.3730422016	0.093743047
YNL009W	0.986209097	0.9881238936	0.959146213
YNL010W	-0.12515736	-0.1101525412	-0.131899237
YNL011C	0.373458373	0.3874210615	0.209262945
YNL012W	0.036777212	0.2081282975	0.383211723
YNL013C	0.155338056	-0.311624272	-0.632540585
YNL014W	0.442500781	0.4861679729	0.400731606
YNL015W	1.251999112	1.170428416	1.490326926
YNL016W	-0.272180267	-0.2393412972	-0.035726024
YNL017C	-1.122179932	-1.4360104729	-1.90598631
YNL018C	-0.415076769	-0.4008374964	-0.736416378
YNL019C	0.844555472	-0.5581669805	-2.718703947
YNL020C	-0.252439603	-0.1961808878	0.338700883
YNL021W	-0.522246054	-0.5868361432	-0.354111291
YNL022C	-0.126576402	-0.0601727397	-0.029027101
YNL023C	-0.652655924	-0.5472732127	-0.335603945
YNL024C-A	0.101408516	0.0620625313	-0.221970898
YNL024C	-0.240199761	-0.2597477477	-0.364971661
YNL025C	0.049535982	0.0461717723	-0.079218318
YNL026W	-0.098676757	-0.0698434461	0.199391746
YNL027W	-0.163185569	-0.1338339471	0.202051904
YNL028W	1.424257505	3.5408326602	0.236467233
YNL029C	0.356867104	0.5053936322	-1.033278387
YNL030W	0.992462343	0.879236816	0.502962083
YNL031C	0.031443237	-0.0987385915	0.168722304
YNL032W	-0.148820003	-0.0866714806	0.28317889
YNL033W	0.617728192	1.3046298898	-0.478770458
YNL034W	1.044584057	0.8560852677	0.511891105
YNL035C	0.225461943	0.3175144634	0.166304775
YNL036W	0.764638502	0.9354034636	0.947392047
YNL037C	0.804604181	0.7673249328	0.564286227
YNL038W	-0.069342749	-0.0143531671	-0.574776915
YNL039W	-0.107615789	-0.0428928182	0.494795239
YNL040W	-0.086851621	-0.0313405211	0.07719219
YNL041C	-0.191061898	-0.1072697836	0.145039378
YNL042W-B	0.053410749	0.0029403222	-1.349419197
YNL042W	0.02552049	-0.0513196704	-0.36968453
YNL043C	-2.365454552	-2.0668332706	-0.581855141
YNL044W	0.811278842	0.8201651251	0.549073601
YNL045W	-0.232650199	-0.1903948337	-0.085932966
YNL046W	0.052510259	-0.0119806303	0.261143434
YNL047C	-0.324460999	-0.3126135269	-0.165019451
YNL048W	-0.209225236	-0.1497734505	-0.622571313
YNL049C	-0.500273574	-0.4504779473	-0.220526862
YNL050C	0.122410685	0.1592033532	0.185714612
YNL051W	0.393369504	0.3686070937	0.416092743
YNL052W	0.391171424	0.2813248118	0.314852931
YNL053W	-0.791442123	-0.682195691	0.440109036
YNL054W	-0.339657199	-0.3298022695	0.381889591
YNL055C	-0.09440012	-0.2174436347	0.26122147
YNL056W	0.103965239	0.1574933529	-0.246066278
YNL057W	0.14045496	0.0042977753	-1.243235708
YNL058C	0.461932054	0.5011007765	0.971760548
YNL059C	0.217065314	0.3124121945	0.352109082
YNL061W	0.092638775	0.1740738717	-0.210870833
YNL062C	-0.384763127	-0.404841099	-0.090365601
YNL063W	0.11701593	0.1743204496	0.09876875
YNL064C	0.154448841	0.2468396999	0.094595298
YNL065W	-0.241988465	-0.3395560477	0.199206956
YNL066W	-0.846234941	-0.8856039291	0.26718228
YNL067W-A	0.992037293	1.6832188743	1.097968645
YNL067W-B	2.111692657	NA	-0.07528694
YNL067W	-0.161427008	-0.1724028431	-0.322269707
YNL068C	-0.765216085	-0.8079599315	0.34788885
YNL069C	-0.578192896	-0.5976956319	-0.83707991
YNL070W	0.586093014	0.421353779	0.004585361
YNL071W	0.075937057	0.1043281053	0.250465128
YNL072W	0.049575696	0.1357444538	0.057705107
YNL073W	-0.298208243	-0.2716333795	-0.052727627
YNL074C	0.186488989	0.2026034135	0.195772562
YNL075W	0.317934274	0.2789841652	0.116904028
YNL076W	-0.015709937	-0.0413459607	0.467829245
YNL077W	-0.299549091	-0.3830158556	0.786458222
YNL078W	-0.105118147	-0.1458043266	0.692966259
YNL079C	0.455291356	0.4366903618	0.378830544
YNL080C	0.092958157	0.1211182826	-0.777897545
YNL081C	0.684613519	0.6028556052	0.676735585
YNL082W	-0.222763623	-0.1260749938	0.288072632
YNL083W	-0.19585042	-0.2425025844	-0.063366629
YNL084C	0.424213562	0.4408353695	0.452636712
YNL085W	-0.489894679	-0.4417738285	-0.174996131
YNL086W	0.756196639	0.6778092974	0.846886943
YNL087W	-1.675784036	-1.5483943581	-0.934928601
YNL088W	-0.82153991	-0.7386611017	0.305957321
YNL089C	0.207822394	-0.7965466142	0.348635036
YNL090W	0.374993548	0.4161865756	-0.503408828
YNL091W	-0.373628268	-0.3463875403	0.518279894
YNL092W	0.837074206	0.9505144008	0.463514039
YNL093W	1.639633178	1.6177472346	1.881425236
YNL094W	-0.359870835	-0.3158820653	-0.586400932
YNL095C	-0.171942948	-0.1459637384	-0.972667084
YNL096C	0.120936028	0.1294725263	0.42650048
YNL097C-B	1.679376623	1.1629637421	-0.307576186
YNL097C	0.585300384	0.6596958328	1.040896996
YNL097W-A	-0.506996208	-0.8582716013	-1.278125819
YNL098C	0.10768363	0.109970157	0.274133276
YNL099C	0.626202161	0.6236422797	0.433693957
YNL100W	0.854157159	0.7554762354	0.769915525
YNL101W	-0.098570367	-0.0896662715	-0.147331166
YNL102W	-1.056882666	-0.9628660891	0.520508707
YNL103W-A	1.182178244	-1.0055963465	-2.125453416
YNL103W	-0.322979075	-0.2629891224	0.338701386
YNL104C	-0.281717624	-0.2547357224	-0.109280922
YNL105W	2.937258773	3.0450481216	2.25166578
YNL106C	-0.402074271	-0.3897194175	0.060917189
YNL107W	0.311316094	0.322073197	0.399391709
YNL108C	0.201018751	0.2948746419	0.073158455
YNL109W	1.19079598	0.9735431932	-0.334649633
YNL110C	0.699745839	0.6844838343	0.326775994
YNL111C	0.667999411	0.6577924908	-0.030398263
YNL112W	-0.578049072	-0.5713012259	-0.921111155
YNL113W	0.812589091	0.7418992825	0.40724682
YNL114C	0.023035456	0.3857890835	-0.095752276
YNL115C	0.263295982	0.2749181005	0.647080439
YNL116W	0.420960856	0.5336878529	0.630196625
YNL117W	1.546051012	1.3901844841	2.260261831
YNL118C	-0.596053118	-0.5588629426	-0.552971439
YNL119W	-0.389948123	-0.2900542866	-0.108648536
YNL120C	2.154480864	1.6318233025	-0.606147872
YNL121C	0.147367274	0.1743712493	0.13979714
YNL122C	0.69974641	0.5853352676	0.531215866
YNL123W	-0.76827539	-0.7210113711	0.155041897
YNL124W	0.015786247	0.0716632085	-0.457116469
YNL125C	0.268487732	0.2784827745	0.077534881
YNL126W	-0.641188647	-0.5809402048	0.494610997
YNL127W	-0.366309134	-0.2708542874	0.152401584
YNL128W	0.284607372	0.2920135064	-0.822574952
YNL129W	0.559009735	0.5761474099	-0.064108378
YNL130C-A	0.398363301	0.6035789231	-1.472887513
YNL130C	0.340937757	0.3450895698	-0.142304329
YNL131W	0.35175261	0.2491639049	0.123869402
YNL132W	-0.17320479	-0.0971609186	-0.127793299
YNL133C	1.313255878	1.2746203836	1.11441254
YNL134C	-0.835975623	-0.9077665609	-0.111848875
YNL135C	-0.102186633	-0.1279760573	0.029816175
YNL136W	0.636207875	0.628244724	0.266320594
YNL137C	-0.059719776	-0.1405908946	0.239446848
YNL138W-A	0.978809846	0.7982082915	0.719913348
YNL138W	0.411627849	0.5211397246	0.505819528
YNL139C	-0.859192589	-0.8111108325	-0.192473228
YNL140C	-1.216332474	-1.4732016247	-1.226463454
YNL141W	-0.931417617	-0.8876699141	-0.703117424
YNL142W	-0.147740558	-0.1530325712	-0.168051932
YNL143C	-0.314636336	0.2487441735	-0.141210506
YNL144C	-0.193983993	-0.221989426	0.691714554
YNL144W-A	1.480380518	NA	NA
YNL145W	1.783681739	1.4533829347	0.414373556
YNL146C-A	0.663885902	0.736946265	-0.07444434
YNL146W	1.211580288	1.2252917395	1.070614369
YNL147W	0.223918873	0.191142493	0.382335466
YNL148C	-0.464872782	-0.2490519707	-0.687285155
YNL149C	0.123959434	0.1215362908	-0.329347209
YNL150W	0.309809427	-0.1628197412	-0.888788747
YNL151C	0.517971245	0.5532396211	-0.012122233
YNL152W	0.131356238	0.1294089584	-0.105933474
YNL153C	0.874134757	0.8428657591	0.262925751
YNL154C	-0.393165387	-0.3809036198	-0.109572147
YNL155W	0.274626723	0.3334621046	-0.047568788
YNL156C	-0.049244548	-0.0585628965	0.223949126
YNL157W	0.737911244	0.6280826484	0.743968849
YNL158W	0.20133189	0.0386261614	-0.034644677
YNL159C	0.3815456	0.4028900557	0.495143094
YNL160W	-0.204940639	-0.6630636061	0.445745502
YNL161W	-0.270175194	-0.1577076779	0.456391264
YNL162W-A	0.440718849	0.3677151031	0.052916416
YNL162W	-0.302696309	-0.3039791062	-0.741155258
YNL163C	-0.559904276	-0.5135930211	0.112187035
YNL164C	0.173239409	0.2397419426	0.242562988
YNL165W	0.312266195	0.3003115508	-0.041425325
YNL166C	0.406067574	0.498635251	0.54749944
YNL167C	-0.349233353	-0.3301739133	0.173939225
YNL168C	-0.00600737	-0.0334677689	0.02586017
YNL169C	0.613357732	0.6464009488	0.022291658
YNL170W	-0.751351525	-0.6998102299	-0.35568261
YNL171C	2.187655551	1.9790752164	-1.153884872
YNL172W	-0.568375861	-0.4675676693	0.007811296
YNL173C	0.69322882	0.7255007033	0.723533731
YNL174W	0.897202537	0.3770005293	-1.098480955
YNL175C	0.004500629	0.0481675416	-0.089770999
YNL176C	-0.393717435	-0.4622980577	0.286499319
YNL177C	0.42093334	0.3763004183	0.45950803
YNL178W	-0.530246367	-0.5249049592	-0.665713835
YNL179C	-0.347851023	-0.5221886251	0.275873068
YNL180C	-0.36793542	-0.3528066818	0.279212496
YNL181W	0.058056096	0.1465200636	-0.067756219
YNL182C	-0.208743828	-0.1989657639	-0.363806404
YNL183C	-0.185281766	-0.201715065	0.476095606
YNL184C	0.469116442	0.3671433347	0.211594099
YNL185C	0.633286603	0.5288288022	0.138121972
YNL186W	-0.428514908	-0.3304543815	-0.08996543
YNL187W	-0.307286381	-0.2019049426	-0.30736341
YNL188W	-0.248789043	-0.2797336388	-0.163884772
YNL189W	-0.162573422	-0.1488420179	0.036052743
YNL190W	-0.550495191	-0.5885286735	-0.492997627
YNL191W	-0.065925374	0.0237826408	-0.099608099
YNL192W	-0.241142598	-0.1786916085	0.356032561
YNL193W	0.505693469	0.5563415209	0.389219461
YNL194C	1.95163133	1.6219162782	2.986421735
YNL195C	1.410222288	1.2821519624	1.56964342
YNL196C	1.461771628	1.1591326439	-0.084052389
YNL197C	-0.836171585	-0.8574670862	0.049040632
YNL198C	-0.248548971	-0.4174002602	-0.29968493
YNL199C	-0.277041811	-0.2470386249	0.153499644
YNL200C	1.214869601	1.1383867314	1.094466191
YNL201C	-0.675351234	-0.6415791597	0.008825705
YNL202W	1.978247094	1.8865449742	0.979711474
YNL203C	-0.693513926	-0.4905041857	-0.859462177
YNL204C	-0.378058479	-0.3023313371	-0.699799421
YNL205C	0.037379795	0.0989958293	-0.633028094
YNL206C	-0.020490662	-0.0004231459	0.1445708
YNL207W	-0.10618201	0.0082733266	0.057723436
YNL208W	0.575737205	0.642685446	0.846126018
YNL209W	-0.773416775	-0.7242860488	-0.777719288
YNL210W	-0.88220365	-1.3047637539	-1.588169477
YNL211C	-0.001719683	-0.2446787702	-0.475054585
YNL212W	-0.219623259	-0.1374327935	0.411451513
YNL213C	0.353050938	0.3132087975	-0.0264679
YNL214W	0.973122316	0.8401415906	0.528905023
YNL215W	0.666349028	0.6580808166	0.553280731
YNL216W	-0.491931342	-0.4859199146	0.028930604
YNL217W	-0.664734971	-0.6940672674	0.009950945
YNL218W	-0.140020949	-0.1227594914	0.141086855
YNL219C	-0.102325546	-0.1124800439	-0.504198069
YNL220W	-0.732269329	-0.6545975926	-0.556640066
YNL221C	-0.668375861	-0.5810597243	-0.233089023
YNL222W	0.721130216	0.7017354186	1.007279811
YNL223W	0.051508926	0.1376003518	0.571440887
YNL224C	-0.2460142	-0.1911348941	0.72987297
YNL225C	-0.259203941	-0.1686722511	0.774689967
YNL226W	0.698526913	0.5276933065	-0.920814572
YNL227C	-0.204539183	-0.1281295845	0.099048132
YNL228W	0.279316103	0.2354495384	0.151913531
YNL229C	-0.119245738	-0.0401017206	0.349718772
YNL230C	-0.037545376	0.0311851703	-0.041164009
YNL231C	0.457367809	0.4756763235	0.088744345
YNL232W	0.26522787	0.208110081	0.01996589
YNL233W	-0.552769446	-0.5511841413	0.397150199
YNL234W	-0.529750319	-0.5735844545	-0.671846398
YNL235C	-0.481237651	0.8224948387	-2.042996381
YNL236W	-0.751709707	-0.7286201288	-0.004300779
YNL237W	0.624370659	0.6246586921	0.846277654
YNL238W	-0.606924883	-0.5865504933	-0.406789841
YNL239W	0.022695402	0.1035497719	0.074830492
YNL240C	-0.008396636	0.0668183091	-0.37544385
YNL241C	-0.604542169	-0.4746956512	-0.377534817
YNL242W	-0.553762256	-0.4444830689	0.399327778
YNL243W	-0.299830707	-0.1819071916	0.154983564
YNL244C	-0.323573192	-0.3650255717	-1.07842074
YNL245C	-0.200867995	-0.349769779	-0.254564909
YNL246W	0.099832824	0.1160597014	0.131813709
YNL247W	-0.31901747	-0.2538341981	-0.48153866
YNL248C	-0.137416414	-0.1154606788	-0.491966689
YNL249C	-0.632505426	-0.6295494677	-0.589620554
YNL250W	0.035631617	0.1307991473	0.613994543
YNL251C	0.551681909	0.5262655991	0.486916329
YNL252C	0.35611053	0.3775271717	0.760576534
YNL253W	0.386184645	0.4421609022	0.476195152
YNL254C	-0.547257084	-0.4727645863	-0.448870371
YNL255C	0.228148217	0.2227171559	0.165955669
YNL256W	-0.392496098	-0.322823545	-0.484459677
YNL257C	-0.227742432	-0.160971932	-0.151512097
YNL258C	-0.326455773	-0.3084951255	0.074858104
YNL259C	0.032642748	-0.0493640963	-0.680160522
YNL260C	0.402934321	0.3562913969	0.047927784
YNL261W	-0.45430732	-0.4225540611	-0.45313745
YNL262W	-0.864006639	-0.8373280803	0.194935717
YNL263C	0.434077448	0.416284822	0.030233226
YNL264C	0.294672226	0.3628436542	-0.102991419
YNL265C	0.978204233	0.9758443261	0.861081495
YNL266W	0.428540558	-0.5187727153	0.459913531
YNL267W	-0.590501181	-0.5416548687	0.138803551
YNL268W	-0.01883188	0.028744473	0.087585663
YNL269W	1.166615004	0.8149279805	-0.310951591
YNL270C	0.990460759	1.0078121123	0.476836604
YNL271C	-0.484124373	-0.4570929373	-0.138134216
YNL272C	-0.24178002	-0.1445936233	0.008699326
YNL273W	-0.445628034	-0.3787441747	-0.017498729
YNL274C	1.896239026	1.8852890793	2.038333335
YNL275W	-0.259643033	-0.2479457454	-0.089049578
YNL276C	0.79859172	0.5503353266	0.030752202
YNL277W-A	-1.201107963	-1.6469368649	1.392680464
YNL277W	-2.29728758	-2.4337840682	-1.192179514
YNL278W	-0.634858884	-0.5833740883	0.186029328
YNL279W	2.342244926	2.1081987549	0.014942832
YNL280C	-0.009976538	0.1197683995	-0.6137984
YNL281W	-0.098223183	-0.0938132665	0.067310078
YNL282W	-0.490359923	-0.4051324738	-0.413699311
YNL283C	-0.561302295	-0.5080999015	-0.461443417
YNL284C	0.396078349	0.3832829488	0.26151216
YNL285W	-0.354245872	-0.6330426987	-0.55809864
YNL286W	-0.145446728	-0.129439371	-0.307569731
YNL287W	-0.20473604	-0.1099395975	-0.202714166
YNL288W	-0.152902135	-0.1434691111	-0.087283308
YNL289W	0.408803863	0.5007067828	1.674340972
YNL290W	0.32654581	0.3821513227	-0.203367621
YNL291C	-0.400146373	-0.3369807609	-1.034504558
YNL292W	0.088484592	0.1432770054	-0.236313565
YNL293W	0.018025529	0.0535879909	0.43848741
YNL294C	-0.250276444	-0.2185804989	-0.026476522
YNL295W	-0.312808338	-0.2581998478	0.300789404
YNL296W	0.748497823	1.229566912	1.092317142
YNL297C	-0.740152571	-0.705506639	0.094448808
YNL298W	-0.365312323	-0.2459022782	0.103322663
YNL299W	0.147049663	0.2360894097	0.504053891
YNL300W	0.32237778	0.3878656827	0.428276104
YNL301C	0.168107725	0.1404979901	-0.009605465
YNL302C	-0.527704262	-0.5583275265	-0.667275004
YNL303W	0.426390873	0.2471506508	0.587649067
YNL304W	0.230548901	0.2354499736	0.496292855
YNL305C	0.841737984	0.809745471	1.104850823
YNL306W	0.904198515	0.8738912309	0.277139343
YNL307C	-0.307930409	-0.3009808653	-0.594849652
YNL308C	0.385910046	0.4462826111	0.247025018
YNL309W	0.097738713	0.1788084389	0.509862405
YNL310C	1.179626445	1.1700724086	0.885377623
YNL311C	-0.389844374	-0.2774339855	-0.314906332
YNL312W	0.583745033	0.6158753203	0.441197538
YNL313C	-0.245897341	-0.2070855118	-0.286410985
YNL314W	0.673436085	0.6462836148	0.29121789
YNL315C	0.200805908	0.1496115412	0.217331414
YNL316C	-0.192855286	-0.1480156053	0.122731335
YNL317W	-0.18792142	-0.1150700785	0.589825638
YNL318C	2.027246201	1.7426677556	-0.026338184
YNL319W	-0.042498177	0.2079139712	-0.823335668
YNL320W	0.330985342	0.3564931693	-0.318566949
YNL321W	-0.358983572	-0.3261274914	0.166325594
YNL322C	0.226444472	0.2526830292	0.202247473
YNL323W	0.2169085	0.2764310372	-0.04548079
YNL324W	0.086818425	0.4470867984	0.013479843
YNL325C	-0.037852438	-0.0219375195	0.436598343
YNL326C	0.235295428	0.2409502805	-0.280406927
YNL327W	-0.99953427	-1.0267007731	0.907618162
YNL328C	0.029916501	-0.3273119375	0.206017825
YNL329C	-0.342477254	-0.3490416014	-0.200312137
YNL330C	0.138086951	0.1219056792	0.49021151
YNL331C	-0.028116329	-0.0354592843	-0.781940075
YNL332W	1.052251052	1.4345083785	0.053205352
YNL333W	1.643068892	1.6463761475	0.422487894
YNL334C	0.05591504	-0.0362302212	-0.552968309
YNL335W	1.012933472	0.8609426107	0.557142166
YNL336W	0.552434385	0.5553062681	0.529112468
YNL338W	1.097764475	0.8288536893	-0.318562537
YNL339W-A	1.371184337	1.1429436923	0.395183918
YNL339W-B	0.392188013	-1.3570408443	NA
YNR001C	0.333502402	0.2703475	1.332426991
YNR001W-A	0.711389662	1.0311951926	0.802990205
YNR002C	0.68124573	0.4553327495	1.192402184
YNR003C	0.205113785	0.2150851583	-0.020562472
YNR003W-A	-0.017498537	-0.3591626608	1.2868767
YNR004W	-0.232987361	-0.3623479558	-1.052273223
YNR005C	1.753556758	0.0231670609	1.249132322
YNR006W	-0.051059328	-0.0333912668	0.336473828
YNR007C	0.672779823	0.684685707	0.897938621
YNR008W	0.328403527	0.4467999646	0.373006298
YNR009W	-0.153190996	-0.0653277996	1.105595596
YNR010W	0.901388464	0.9455152264	0.989119188
YNR011C	0.001372334	0.0030193118	0.152857178
YNR012W	-0.317477201	-0.3069845633	-0.519243273
YNR013C	-0.737681638	-0.6377243905	0.118504751
YNR014W	0.31616574	0.1199833055	-0.105738968
YNR015W	0.395717979	0.4492176684	-0.165064684
YNR016C	-0.739284971	-0.6275255841	-0.771879631
YNR017W	-0.125582881	-0.0417162654	-0.104358509
YNR018W	0.289631699	0.3857542814	-0.041400579
YNR019W	-0.589347857	-0.4210072811	0.484633031
YNR020C	0.044245721	-0.033201895	0.488242651
YNR021W	0.125207218	0.1165144821	-0.146375212
YNR022C	0.671376472	0.6237297369	0.685290554
YNR023W	0.021375807	-0.0247866928	0.657655392
YNR024W	0.483067977	0.4965566685	0.371247391
YNR025C	0.102033193	-0.0275669949	-0.268381225
YNR026C	0.005434043	0.05353443	0.158390584
YNR027W	-0.156614561	-0.029880024	-0.65707664
YNR028W	0.062855555	0.0570632792	-0.65915251
YNR029C	0.024873284	0.0491500257	-0.324385934
YNR030W	-0.141739972	-0.139697679	-0.457090846
YNR031C	-0.705339536	-0.6006923214	0.029102937
YNR032C-A	-0.100127128	-0.0948360061	-0.416637491
YNR032W	-0.175657212	-0.1552588623	-0.31698466
YNR033W	0.073731102	0.139388054	0.042275094
YNR034W-A	3.410673649	2.8606199418	4.309686085
YNR034W	0.410593186	0.4698828529	0.782781937
YNR035C	0.975349065	0.960936684	0.539003916
YNR036C	0.657003787	0.5815944168	0.325620312
YNR037C	0.541565157	0.4901679338	0.363264037
YNR038W	0.118720711	0.1149167625	-0.051605352
YNR039C	-0.491591008	-0.4659803173	-0.185179927
YNR040W	0.512004122	0.4932319134	0.263989833
YNR041C	0.158046995	0.2345952794	0.277228778
YNR042W	1.898811686	1.9953609145	-0.090186189
YNR043W	0.148902622	0.208314364	-0.652457484
YNR044W	2.011629018	1.5990911677	-0.269018035
YNR045W	-0.306921165	-0.3184745499	0.086912314
YNR046W	0.635772998	0.5926705672	0.153482474
YNR047W	-0.180481781	-0.1400469104	-0.049976159
YNR048W	-0.473317956	-0.4684249454	-0.393399678
YNR049C	0.357535809	0.3130381145	0.764522736
YNR050C	0.47813512	0.4713803555	-1.027622826
YNR051C	-0.652863042	-0.6069564898	-0.118731425
YNR052C	-0.28955363	-0.3040196184	-0.277866168
YNR053C	-0.410125088	-0.3898890136	-0.012466769
YNR054C	0.314124872	0.3480300731	0.062348988
YNR055C	-0.372027878	-0.2809335355	-0.332226198
YNR056C	0.887038104	0.8324983671	-0.422932092
YNR057C	1.433010141	1.5019278718	1.056254069
YNR058W	0.836603308	0.9539228139	0.131852807
YNR059W	-0.259973778	-0.2768986494	-0.465762638
YNR060W	0.227393985	0.2723361039	-0.647942282
YNR061C	0.379174726	0.3161202663	0.152031499
YNR062C	0.028040043	-0.1418009254	-2.178208055
YNR063W	-0.030700424	0.045755008	-0.300158287
YNR064C	2.286518969	2.1111140013	1.816901981
YNR065C	-0.010369411	0.2164725142	0.647806725
YNR066C	0.004844133	0.1737852883	0.614684049
YNR067C	-0.929504685	-0.9081365961	0.449678847
YNR068C	-0.670158576	-0.5906145787	-0.888133073
YNR069C	-0.728788335	-0.4804905547	-1.336910955
YNR075W	-0.30241545	-0.2752113871	-1.541892069
YNR076W	1.893120473	3.0100890501	0.372312491
YNR077C	1.558228548	0.9203810728	-0.079551671
YOL001W	-0.30898057	-0.3332483846	-0.308638773
YOL002C	0.101985408	0.1348308857	-0.30141269
YOL003C	0.293491474	0.2543061367	0.055317546
YOL004W	-0.381349563	-0.3297796919	0.170031063
YOL005C	0.475583902	0.4225572495	0.199177024
YOL006C	-0.229732026	-0.1939712969	0.322784745
YOL007C	-0.058364598	-0.0462299425	-0.367651355
YOL008W	0.623718588	0.5355537239	0.085815177
YOL009C	0.707863197	0.6597540739	0.315959239
YOL010W	0.067553504	0.0957385603	0.28491669
YOL011W	-0.477994003	-0.5513214171	-0.838784545
YOL012C	0.111589599	0.0854504977	0.100722064
YOL013C	-0.096112868	-0.0790491375	0.236386416
YOL013W-A	-0.659611654	-0.7281923003	-1.809118199
YOL013W-B	0.011022552	1.0999742279	-3.151599044
YOL014W	0.089212461	0.138528137	-1.372869027
YOL015W	0.15982009	0.2179015072	-0.54050708
YOL016C	0.18414939	0.3012487419	-0.041190019
YOL017W	0.066084882	0.0752010704	0.964715336
YOL018C	0.290703033	0.2650418124	0.44144673
YOL019W-A	-0.56418364	-2.0898493403	-2.938807595
YOL019W	-0.503951532	-0.4741011998	0.369338556
YOL020W	-0.495103361	-0.4661906751	-0.20477344
YOL021C	-0.53889502	-0.4980536489	-0.254390568
YOL022C	0.286430176	0.2888772318	-0.266185724
YOL023W	-0.169567487	-0.0824472034	0.305373154
YOL024W	0.620928426	0.5327087737	-0.728895217
YOL025W	-0.295103629	-0.2333118791	-0.110539236
YOL026C	0.57301431	0.6059345884	0.090738958
YOL027C	0.233239962	0.2353324484	0.30729066
YOL028C	-0.227437559	-0.0823114292	-0.395432439
YOL029C	-0.168492137	-0.1754405721	-0.584241629
YOL030W	-0.361040422	-0.312116904	0.030041709
YOL031C	0.161768974	0.1505079851	0.716198022
YOL032W	0.787018335	0.748123056	0.95522822
YOL033W	-0.213690345	-0.1708503424	0.186999821
YOL034W	-0.166299671	-0.1286067607	0.38838052
YOL035C	0.357541875	-0.585525111	-0.552055719
YOL036W	0.062874503	0.0508458759	0.028155854
YOL037C	1.738863639	1.8455212217	0.057755607
YOL038C-A	0.07219529	0.1002744789	0.12880263
YOL038W	0.692295023	0.7161976915	0.334337798
YOL039W	-0.495151623	-0.5988455302	-0.756613213
YOL040C	-0.551545005	-0.5793920095	-0.714377193
YOL041C	0.280834393	0.3433112932	-0.056799507
YOL042W	0.0090067	-0.0294162451	0.207859844
YOL043C	0.209954778	0.3235361484	-0.120540241
YOL044W	0.243362106	0.2313622677	0.157877882
YOL045W	-0.383229994	-0.3162062396	0.687027119
YOL046C	1.181595341	2.0140175905	0.988888323
YOL047C	-0.056080879	0.1282865172	0.852274238
YOL048C	0.536632115	0.5379900352	0.591354735
YOL049W	-0.278329806	-0.2541677814	-0.226324172
YOL050C	-2.395942246	-0.7517488539	-2.127919356
YOL051W	-0.178044565	-0.1870850262	0.170942511
YOL052C-A	3.368189488	2.9011552761	4.127643902
YOL052C	-0.264881469	-0.2315847661	-0.548823182
YOL053W	0.539869396	0.566966558	0.661377114
YOL054W	0.293564668	0.3627680284	0.679873516
YOL055C	1.074908419	1.1072711153	0.706150967
YOL056W	0.137580667	0.1900581984	0.175451725
YOL057W	-0.16734765	-0.120885962	-0.025382957
YOL058W	-0.254530907	-0.3510631131	-1.35014878
YOL059W	-1.445852155	-1.3523319115	-0.727752489
YOL060C	-0.1947029	-0.1712202868	0.111872839
YOL061W	-0.233870085	-0.2198991899	-0.591600872
YOL062C	-0.330236698	-0.2951408796	-0.500184319
YOL063C	-0.578063719	-0.5135861772	-0.50793742
YOL064C	-0.615402684	-0.5604275901	-1.154628204
YOL065C	0.294004342	0.2778274971	0.304804467
YOL066C	-0.368288726	-0.3882611768	0.239549892
YOL067C	-0.271311131	-0.3532939892	-0.261423624
YOL068C	-0.420278187	-0.4530237037	-0.304009151
YOL069W	0.139851705	0.1345537734	0.326117751
YOL070C	0.341612175	0.4161053838	0.056294815
YOL071W	1.370798829	1.2483461535	0.897767804
YOL072W	-0.212738477	-0.2502345163	0.465307186
YOL073C	0.367489515	0.333797418	0.264084805
YOL075C	-0.414624352	-0.3455390309	-0.453549562
YOL076W	-0.114524614	-0.0814363063	0.301154955
YOL077C	0.505583537	0.5031548208	-0.218804325
YOL077W-A	0.111002554	-0.0756474163	0.531021751
YOL078W	-0.157468757	-0.1320023483	0.364511963
YOL079W	1.396893094	1.4172447796	0.31991104
YOL080C	0.157663061	0.2205790528	-0.081734796
YOL081W	-0.562837726	-0.595644351	0.098845605
YOL082W	0.633834065	0.6462331223	0.681069572
YOL083C-A	2.426450131	0.9012277347	1.769878319
YOL083W	0.787212394	0.7169585669	1.178544658
YOL084W	2.033087907	1.8238663955	1.986774611
YOL085C	1.375840919	1.0753445321	0.470745469
YOL085W-A	-0.012976502	0.1088078249	-0.322087426
YOL086C	-0.653543049	-0.6267438944	-0.576202077
YOL086W-A	0.439517056	0.4424289053	0.288353802
YOL087C	-0.270468732	-0.2723910771	0.215840766
YOL088C	0.039723838	0.1107295738	-0.132561224
YOL089C	-0.437559061	-0.4372447697	-0.00951669
YOL090W	-0.313877418	-0.1829537268	0.565127168
YOL091W	1.140383024	1.0997437792	0.020744859
YOL092W	-0.355133367	-0.362652304	-0.880308886
YOL093W	0.029999822	0.1342190826	0.1015079
YOL094C	0.073821475	0.2114210315	0.060398939
YOL095C	-0.365911819	-0.4711311947	-0.252499309
YOL096C	0.562943525	0.5836977923	0.466240276
YOL097C	-0.113626138	-0.051913237	-0.489950073
YOL097W-A	-0.178767917	-0.2645507123	-0.433390883
YOL098C	-0.712398338	-0.6672163746	-0.383382155
YOL099C	2.466290285	2.3632591815	0.485401817
YOL100W	-0.346906185	-0.2783102434	0.152940487
YOL101C	0.744346592	0.8399518073	-0.551703905
YOL102C	0.678855686	0.651958227	-0.163501578
YOL103W	-0.763310194	-0.646632464	-0.792082041
YOL104C	-1.36721655	-1.5022475192	-1.576828175
YOL105C	-0.636483989	-0.6588239623	-0.359634744
YOL106W	0.363196539	0.4120588824	-0.049368105
YOL107W	0.750439692	0.8397244931	0.703013043
YOL108C	1.028044819	1.0256375397	0.918710603
YOL109W	1.141193181	1.0804200718	0.574680461
YOL110W	-0.354172595	-0.3710152157	-0.654309677
YOL111C	0.419573988	0.3836044586	0.486143434
YOL112W	-0.390953517	-0.3406389848	-0.065877803
YOL113W	-0.065471003	0.0387384063	0.265928946
YOL114C	0.682044286	0.6840604153	0.098685183
YOL115W	0.005279337	-0.0172173427	0.298049025
YOL116W	-0.288195074	-0.2574047137	0.064530821
YOL117W	-0.045344446	-0.1008608916	-0.038518403
YOL118C	0.210151043	0.5015595656	-0.009326796
YOL119C	-0.5801634	-0.4797190987	-0.149713851
YOL120C	-0.633586366	-0.6980551412	-0.81227917
YOL121C	-0.208832681	-0.2287021687	-0.530505703
YOL122C	-0.160995402	-0.0131280868	0.307593223
YOL123W	0.527262957	0.5498146226	0.319702409
YOL124C	-0.063096718	-0.0149989285	-0.265527211
YOL125W	-0.63580139	-0.593606146	-0.862854132
YOL126C	0.795076748	0.7820893324	1.073684413
YOL127W	-0.573614473	-0.6419963389	-0.748659402
YOL128C	0.222291365	0.2130515907	0.453519262
YOL129W	0.888982754	0.8655882725	0.339613434
YOL130W	-1.003199112	-0.9435932231	-0.776748732
YOL131W	2.864830857	2.3833852321	1.877659456
YOL132W	1.64137561	1.4841925063	0.170214894
YOL133W	0.449092991	0.4129044019	-0.179568766
YOL134C	0.616903362	1.005363367	0.429922344
YOL135C	0.537022021	0.5252464684	0.892654062
YOL136C	-0.467198918	-0.4706206902	0.130713489
YOL137W	0.427833485	0.4423920982	0.080625111
YOL138C	-0.093911362	-0.0613080889	0.024818861
YOL139C	0.286054726	0.2215782192	-0.194267982
YOL140W	-0.592481588	-0.6106438848	-0.782678536
YOL141W	-0.78878576	-0.7791246286	-1.088017412
YOL142W	0.740323786	0.7227042953	0.160906771
YOL143C	0.393281244	0.3266183513	0.104495491
YOL144W	-0.207214688	-0.1072098268	0.406055483
YOL145C	-0.33538325	-0.2799687765	-0.008187822
YOL146W	0.384612933	0.4648301626	-0.366753905
YOL147C	0.889509125	0.897701565	0.458115936
YOL148C	0.183323725	0.1820615567	0.282939516
YOL149W	0.475456166	0.4056904734	0.721863068
YOL150C	-0.683706538	-0.379808946	-2.67205611
YOL151W	0.267229858	0.2860276483	-0.10832489
YOL152W	0.392519002	0.2584400867	0.75430246
YOL153C	0.342216316	0.3080734462	0.624196088
YOL154W	1.297368029	1.2563135526	-0.087227055
YOL155C	-0.781269505	-1.2068205098	2.766936571
YOL155W-A	1.390287152	0.5191054234	1.088117137
YOL156W	0.826794257	0.8154175836	-0.635385155
YOL157C	0.687815192	0.9719760372	0.216594757
YOL158C	0.060981802	0.1277715691	-0.645683041
YOL159C-A	-0.173558988	-0.320058451	0.231972648
YOL159C	0.170245165	0.256864054	0.536280052
YOL160W	0.634809392	0.664856489	-1.741212546
YOL161C	4.509582831	4.5065851891	-1.167131357
YOL162W	0.142997921	0.4586078762	-1.011359796
YOL163W	0.075586518	0.0600771891	-1.170239297
YOL164W-A	-0.279934533	0.0631404046	-1.773170136
YOL164W	-0.434920893	-0.3927995954	-1.173689638
YOL165C	0.344419439	0.4415093835	-1.449629366
YOL166C	-1.073013883	-0.3309013575	-2.358930149
YOL166W-A	1.787531288	0.2364421725	NA
YOR001W	-0.26502053	-0.1843426962	-0.372469651
YOR002W	-0.298225268	-0.2992052869	-0.619190027
YOR003W	0.335174068	0.3164494747	0.115445432
YOR004W	0.28110372	0.2450156649	-0.087486556
YOR005C	-0.04494506	-0.0186074957	0.004298397
YOR006C	-0.264851225	-0.1901070751	-0.281390679
YOR007C	-0.374261654	-0.3350756563	-0.384501001
YOR008C-A	0.013888904	-0.144802239	-0.203908177
YOR008C	-0.294169755	-0.2965867122	0.037362907
YOR008W-B	-0.633468354	-0.5564120571	-1.010154338
YOR009W	-0.302324725	-0.3354369217	-1.073001652
YOR010C	0.83281165	0.9491102965	-1.004008966
YOR011W	-0.078605898	-0.0377560613	-0.894473854
YOR012W	-0.524542007	-0.6463899218	-0.813797462
YOR013W	-0.379047394	-0.5335726313	-1.141979821
YOR014W	-0.201564282	-0.1323675689	0.137857183
YOR015W	-0.1744926	-0.0933876701	0.046079535
YOR016C	0.307312375	0.3352681309	-0.256043159
YOR017W	-0.383942832	-0.392948117	0.183032652
YOR018W	-0.188395437	-0.202628541	0.381935638
YOR019W	0.412012308	0.5059763129	0.551836816
YOR020C	0.447050038	0.4168720245	0.191318697
YOR020W-A	1.372469924	1.2526795928	0.961159571
YOR021C	0.571732105	0.537885134	-0.075780402
YOR022C	-0.298197922	-0.2293993627	-0.420120615
YOR023C	-0.048254245	-0.0362509021	0.52526376
YOR024W	0.346512033	0.7976020017	0.001732967
YOR025W	-0.375896266	-0.351850327	0.441768084
YOR026W	-0.068518537	-0.1166286434	-0.229066575
YOR027W	0.243126988	0.3471431943	0.391624057
YOR028C	0.820128606	0.767416834	0.881369582
YOR029W	2.26516076	1.8664748626	0.909914554
YOR030W	-0.282395059	-0.2716989191	-0.200777123
YOR031W	0.204924135	0.1907810606	0.348083705
YOR032C	0.099653888	0.0550948131	-0.456229777
YOR032W-A	-0.593567086	-0.8186958481	-1.233708453
YOR033C	-0.225915899	-0.2411816826	-0.250448507
YOR034C-A	-0.227551895	-0.2357877517	0.223582848
YOR034C	-0.487493561	-0.4014185353	-0.608059354
YOR035C	-0.172204955	-0.1249792584	0.380646657
YOR036W	0.573565709	0.6008687626	0.887791218
YOR037W	0.253025606	0.1544935668	0.222127471
YOR038C	-0.596819576	-0.7237049608	0.19207858
YOR039W	-0.080477871	-0.0413962549	-0.238952264
YOR040W	-0.207009651	-0.1477157899	0.092754418
YOR041C	2.175126261	1.929713861	-0.756321427
YOR042W	0.258717023	0.3182078335	0.607310485
YOR043W	-0.609250507	-0.5976005726	0.280062965
YOR044W	0.396666879	0.3830819239	0.222816083
YOR045W	0.6499687	0.4875119869	0.137316968
YOR046C	-0.016417986	0.0006610066	0.060371402
YOR047C	-0.658457646	-0.6769994474	0.646907487
YOR048C	-0.259488554	-0.1771818257	-0.063733007
YOR049C	0.464820711	0.1830552248	-0.326954942
YOR050C	1.314094174	1.4006587959	-0.752282547
YOR051C	-0.032446909	0.0523403275	-0.462542122
YOR052C	0.330133281	0.3064083076	0.861352741
YOR053W	0.02464969	0.1730899832	0.334149901
YOR054C	0.115124694	0.1726390742	0.969970433
YOR055W	0.48258287	0.7925193508	-0.044151111
YOR056C	-0.29219703	-0.2227761202	0.208910897
YOR057W	0.299445537	0.2673156351	-0.303251987
YOR058C	-0.249994824	-0.1840974735	0.407975353
YOR059C	-0.384279542	-0.3628888348	-0.272388614
YOR060C	-0.49257782	-0.4388647258	-0.62455885
YOR061W	0.01077681	0.0950897587	-0.030348232
YOR062C	0.047020471	0.0001905028	0.581258958
YOR063W	-0.942674337	-0.8285679164	-0.702062913
YOR064C	0.747580695	0.6381365775	0.497210521
YOR065W	-0.02426022	0.0200989697	0.411417962
YOR066W	-0.230446731	-0.369735473	0.530296119
YOR067C	-0.118611288	-0.1462227042	-0.452481262
YOR068C	2.338081677	0.7840716423	-0.535754901
YOR069W	-0.238768193	-0.2236374055	0.296025068
YOR070C	-0.400488293	-0.3920850406	0.371190544
YOR071C	-1.58211266	-1.5356628418	-1.550725447
YOR072W-A	-0.767976021	-0.7337545044	-1.898270348
YOR072W-B	-0.065656709	-0.5647373245	-2.287923957
YOR072W	0.307369076	0.3559988053	-0.966601109
YOR073W-A	0.608166145	0.0958835546	-0.949615603
YOR073W	-0.055962745	-0.075836809	0.504408873
YOR074C	0.894851242	0.9454415193	0.500967893
YOR075W	0.744424761	0.7570462758	0.631086632
YOR076C	-0.099934577	0.0068425276	0.25668899
YOR077W	0.285190262	0.2579722896	0.282942176
YOR078W	0.481993908	0.4988545043	0.118496794
YOR079C	-0.26475792	-0.2307546303	-0.045199726
YOR080W	-0.569120517	-0.5073684769	-0.408739976
YOR081C	-0.384395977	-0.4169576571	0.128852467
YOR082C	1.339383699	1.6797587345	0.039062377
YOR083W	0.25558249	0.3522918801	0.068681668
YOR084W	-0.208279921	-0.107328178	-0.581988003
YOR085W	0.197921312	0.1764408108	-0.199437664
YOR086C	-0.446106022	-0.3805654877	-0.290329942
YOR087W	-0.200100751	-0.1124458182	0.050487813
YOR089C	0.808557494	0.7920965523	0.57931462
YOR090C	-0.068470954	-0.0217953753	0.147574592
YOR091W	0.057623278	0.1096136829	0.00149672
YOR092W	-0.133215553	-0.1558190172	-0.003472589
YOR093C	-0.328518816	-0.263600074	-0.104950858
YOR094W	0.606161589	0.6414328585	0.584784887
YOR095C	-0.645472021	-0.7264887646	-0.754520813
YOR096W	-0.831288432	-0.8289653278	-1.036578196
YOR097C	0.694639877	0.7367291157	0.332943793
YOR098C	-0.389622066	-0.3880424562	-0.018039965
YOR099W	-0.350551296	-0.2719036876	-0.740975693
YOR100C	2.19924116	2.2102833483	2.291635109
YOR101W	-0.39898601	-0.4083850312	-0.468578168
YOR102W	-0.70241902	-0.8387564227	-0.919992227
YOR103C	0.767341732	0.5610019777	-0.035490175
YOR104W	-0.292634391	-0.2309375634	0.041807555
YOR105W	-0.261176799	0.0029444524	0.01952222
YOR106W	0.340470834	0.3819300675	0.279491142
YOR107W	-0.632794335	-0.7392913222	-0.069364966
YOR108C-A	-0.641479552	-1.935189644	-0.424808079
YOR108W	-0.585965616	-0.5802007957	-0.973283373
YOR109W	-0.469695994	-0.3873648208	0.072867186
YOR110W	0.191288508	0.2344904942	0.427751598
YOR111W	0.340688473	0.2792407213	0.189542045
YOR112W	-0.484371811	-0.4280443147	0.013769807
YOR113W	0.025837285	0.0631471323	0.963418581
YOR114W	0.549510986	0.726866949	1.061342543
YOR115C	-0.059257497	-0.0829503462	-0.362093135
YOR116C	-0.77781511	-0.7087569341	-0.744724047
YOR117W	0.359362942	0.420175535	0.191916071
YOR118W	-0.199642831	-0.2254958912	-0.423856561
YOR119C	-0.379043458	-0.3828943319	-0.120390822
YOR120W	1.735984859	1.488508461	2.521958441
YOR121C	0.241062149	0.301649373	-0.929245214
YOR122C	0.172485955	0.1119816459	-0.195867147
YOR123C	0.284495311	0.2798277872	0.638493657
YOR124C	-0.474537192	-0.4590739742	0.217790256
YOR125C	0.910071708	0.9038333623	0.52669004
YOR126C	0.466425282	0.5151369198	-0.073010389
YOR127W	-0.416307597	-0.3697019337	0.027712506
YOR128C	-0.567137527	-0.54001446	-0.684768203
YOR129C	-0.577344704	-0.5063760138	-0.369046762
YOR130C	-0.020935916	0.0275901525	-0.811906839
YOR131C	0.441544299	0.3473667106	0.138195007
YOR132W	-0.015846301	0.0277036261	0.402478243
YOR133W	-1.280102923	-1.2271719752	-1.219859542
YOR134W	0.557224441	0.5524886614	1.526190164
YOR135C	0.979788485	0.2482996744	1.115951786
YOR136W	0.684167286	0.635595582	0.781355951
YOR137C	-0.651702517	-0.6045000361	-0.072444729
YOR138C	0.028126201	0.1173128846	-0.016543353
YOR139C	3.047791644	3.1570639623	-0.223326041
YOR140W	-0.395707814	-0.3446102023	0.339954878
YOR141C	-0.266499981	-0.2139515885	0.298276499
YOR142W	-0.027075436	-0.033632047	0.188507932
YOR143C	-0.208020216	-0.2110853795	-0.428693112
YOR144C	-0.157962113	-0.0835581575	0.050778473
YOR145C	0.786417768	0.6947624519	0.33994203
YOR146W	0.777528601	1.3203458347	0.26633411
YOR147W	-0.25898863	-0.2641534353	0.152070358
YOR148C	0.350384123	0.3278125227	-0.264193199
YOR149C	-0.200968782	-0.2811059859	-0.529929363
YOR150W	0.499559108	0.4174369195	0.075662025
YOR151C	-0.682132315	-0.619387795	-0.27174794
YOR152C	0.452064657	0.4287845317	0.243886731
YOR153W	-0.341567274	-0.227874878	0.602113183
YOR154W	-0.440509384	-0.3829420811	-0.626666389
YOR155C	0.186982254	0.2423907488	0.27871279
YOR156C	-0.369852283	-0.3325552292	0.42974797
YOR157C	0.526558894	0.5558108149	0.316393565
YOR158W	0.383575267	0.3190559739	0.460731747
YOR159C	0.447627225	0.3955746337	0.087536371
YOR160W	-0.492053468	-0.4540316939	-0.14750448
YOR161C-C	0.082128019	-0.0504567049	-0.146244446
YOR161C	0.318903345	0.2362430753	1.723998688
YOR161W-A	0.162070181	0.1350859905	-2.936478632
YOR161W-B	-0.335402427	-0.414274876	-3.23740691
YOR162C	-0.008738876	0.1316280972	0.247397581
YOR163W	0.444895029	0.4505830258	0.353957763
YOR164C	0.314684174	0.2604872359	0.073980177
YOR165W	-0.16559109	-0.0754428589	-0.165806682
YOR166C	-0.047257395	-0.030838622	-0.320794733
YOR167C	-0.052791749	-0.1196836158	-0.646426513
YOR168W	-0.221990911	-0.1122221068	-0.222238283
YOR169C	0.172751098	1.3686973742	-0.40574259
YOR170W	-1.227503635	-1.5682555735	-1.698598146
YOR171C	0.01119678	0.0436643691	-0.321540699
YOR172W	-0.370573418	-0.2704071896	-0.406810063
YOR173W	1.919135939	1.6577640239	2.70180008
YOR174W	-0.332314709	-0.2018844247	-0.644158249
YOR175C	0.04154277	0.1304539404	-0.269921806
YOR176W	-0.121516126	-0.1240306271	0.536059969
YOR177C	1.272823427	1.4222165573	1.020483769
YOR178C	1.55466862	1.3463068807	2.9327092
YOR179C	0.307935344	0.2403779423	0.519761695
YOR180C	0.203309692	0.1261271073	-0.058728189
YOR181W	0.5238425	0.6601127607	1.411205031
YOR182C	-0.216019903	-0.3436891735	-0.609357273
YOR183W	-0.275914208	1.1036573394	-0.243581549
YOR184W	-0.145308267	-0.1086595791	-0.195740055
YOR185C	1.45165946	1.4108545457	1.659567772
YOR186C-A	-0.807074359	-0.7832442104	-0.938844842
YOR186W	1.603749944	1.0785779176	1.349424198
YOR187W	0.122234497	0.063104442	0.179645623
YOR188W	-0.82142204	-0.7540815001	-0.138096146
YOR189W	0.605432042	0.5354676193	0.307726669
YOR190W	0.675311813	0.6160914123	-0.827156671
YOR191W	-0.520066701	-0.4553996804	-0.044999657
YOR192C-C	-1.616662884	-1.7139580761	-1.453679504
YOR192C	-0.55425684	-0.3213128131	-0.833527596
YOR193W	-0.449049496	-0.5180203316	-0.133483143
YOR194C	0.467488341	0.4587369209	0.433552535
YOR195W	-0.043210341	0.0877804691	0.824049385
YOR196C	0.244337957	0.2901937861	-0.26762769
YOR197W	0.365143795	0.4505136503	0.192017728
YOR198C	-0.057252511	0.0024767201	-0.08246959
YOR199W	1.445097781	1.197020752	-0.827895583
YOR200W	-1.308215741	-1.7495845582	-0.813800863
YOR201C	-0.453970964	-0.4361263777	-0.597789989
YOR202W	-1.001315979	-0.9285755771	-1.253120237
YOR203W	-0.873889637	-0.8813063653	-1.397618468
YOR204W	-0.734979496	-0.7236062578	-0.344836177
YOR205C	-0.149867513	-0.1631823953	-0.337388163
YOR206W	0.231837882	0.2513845118	0.117606554
YOR207C	-0.436373852	-0.4058672873	-0.210905885
YOR208W	-0.00037706	0.0216487166	0.369231116
YOR209C	-0.374000224	-0.3347207178	-0.5419065
YOR210W	0.366295324	0.3324309545	-0.287302545
YOR211C	-0.086559727	-0.0519634879	0.514732584
YOR212W	-0.193393909	-0.1795218338	-0.144786155
YOR213C	-0.234996002	-0.332371807	-0.272978426
YOR214C	2.222543023	2.007223226	-0.191877964
YOR215C	0.668162494	0.6098717521	0.492254219
YOR216C	0.215319059	0.2719214713	0.097845414
YOR217W	-0.298011584	-0.2363931702	-0.314628812
YOR218C	2.351454223	2.5290020984	0.704713582
YOR219C	-0.303735001	-0.263657147	-0.082242947
YOR220W	0.702758785	0.6547927496	0.661226393
YOR221C	0.233427014	0.193182643	0.195355389
YOR222W	-0.6885428	-0.6492437927	-0.890138585
YOR223W	1.200314856	1.1273893099	1.58846207
YOR224C	0.525622674	0.4195626757	-0.433446502
YOR225W	1.293392895	0.8990660734	-0.405308744
YOR226C	0.504188213	0.470176152	0.48348614
YOR227W	0.014868229	-0.0063241906	0.532271292
YOR228C	0.311725421	0.360780377	-0.056938429
YOR229W	0.31286913	0.3369476515	0.046079137
YOR230W	-0.383455905	-0.3251497462	0.174204608
YOR231C-A	3.191966998	3.6410665433	2.965791042
YOR231W	-0.232416598	-0.1997071384	-0.456132545
YOR232W	0.317425535	0.2603471134	0.089865294
YOR233W	-0.620828062	-0.6427159235	0.461452718
YOR234C	0.318661146	0.2707851682	-0.348540457
YOR236W	-0.740749151	-0.7446608129	-0.438840633
YOR237W	1.692574972	1.8350606024	1.030209913
YOR238W	0.086097603	0.0587965336	-0.03374746
YOR241W	-0.023087182	0.0296658235	-0.17103389
YOR242C	1.368597882	1.2010392489	-0.07031825
YOR243C	-0.198282381	-0.1486197711	-0.387724981
YOR244W	-0.14900073	-0.1618851824	0.424754066
YOR245C	0.181957432	0.2253221144	0.321122754
YOR246C	-0.154428207	-0.1307680029	-0.748410938
YOR247W	0.299391757	0.3354079827	-0.291500852
YOR248W	0.296607936	0.363105962	-0.209547382
YOR249C	-0.152779697	-0.0891980572	-0.125962928
YOR250C	0.011272434	0.0354215377	0.279834377
YOR251C	0.201245214	0.2686577935	-0.323826511
YOR252W	1.404085251	1.3400439825	0.457815252
YOR253W	-0.221000824	-0.2472019108	-0.857614958
YOR254C	-0.147026109	-0.1064024944	-0.238173574
YOR255W	1.739658284	1.1217680237	-0.116592585
YOR256C	-0.039541972	0.0150657824	-0.079905382
YOR257W	0.801382318	0.7567135291	0.450829996
YOR258W	0.819927552	0.8182649246	0.207861722
YOR259C	0.369245955	0.3947367256	0.704096265
YOR260W	0.061278571	0.0655358289	-0.322746771
YOR261C	0.234265654	0.2197452327	0.021184943
YOR262W	0.669095874	0.6672421846	-0.530815616
YOR263C	-1.759102525	-0.4516465246	0.382327146
YOR264W	-0.498530673	-0.4857400922	0.269678394
YOR265W	0.413723277	0.2798228674	0.35608093
YOR266W	0.031631984	0.0327130653	-0.278900196
YOR267C	-0.533053942	-0.5685417232	0.099646087
YOR268C	0.478494318	1.0276783498	-1.429665118
YOR269W	-0.494296904	-0.4651469478	0.28536253
YOR270C	-0.835754632	-0.8112066259	-0.521877188
YOR271C	-0.032333529	0.0590568852	-0.708602129
YOR272W	0.229377271	0.2832421516	0.051167542
YOR273C	-0.218874656	-0.2373125024	0.296950653
YOR274W	-0.404258619	-0.3385122065	-0.005509563
YOR275C	0.120535033	0.1696797099	-0.041805496
YOR276W	0.464965086	0.4462957293	-0.147481382
YOR277C	-0.22512549	-0.2770113263	-0.221207619
YOR278W	0.492519887	0.4329218422	0.181992501
YOR279C	0.137605358	0.2118502109	0.513052203
YOR280C	0.926499447	0.9254117315	0.391397543
YOR281C	0.685805077	0.7129662911	0.470484612
YOR283W	0.238999067	0.251106976	0.160500764
YOR284W	0.634901695	0.5582192051	0.081642728
YOR285W	0.844182257	0.7417470161	0.430020682
YOR286W	0.975032476	0.9055825364	0.511348924
YOR287C	0.541983171	0.5475608022	0.344368766
YOR288C	0.085855396	0.0533627969	-0.089733846
YOR289W	1.672166147	1.5485996407	1.922265359
YOR290C	-0.201713893	-0.1935641401	1.024812459
YOR291W	-0.552570986	-0.5006221499	-0.305208606
YOR292C	0.473700677	0.454720108	0.009484474
YOR293C-A	0.470384169	-0.8285010694	-2.542874991
YOR293W	-0.286897607	-0.3787363809	-0.447357449
YOR294W	0.725261926	0.7755728676	-0.190677902
YOR295W	-0.106527665	-0.1025448282	-0.126463512
YOR296W	-0.490782893	-0.470350237	-0.256052407
YOR297C	0.170666508	0.1959755187	0.154931911
YOR298C-A	1.573684611	1.4777789048	2.027053953
YOR298W	-0.303611986	-0.0792610083	-0.606565099
YOR299W	-0.407688374	-0.3500105091	-0.149288429
YOR300W	-0.447040056	-0.4940871526	-0.612888289
YOR301W	-0.507739279	-0.4472714178	-0.058235327
YOR302W	-0.447143576	-0.6237716238	-0.402094801
YOR303W	-0.733806785	-0.7860298642	-0.620313851
YOR304C-A	0.114817673	-0.0688689601	-0.123833362
YOR304W	-0.60876246	-0.5123091285	0.2493093
YOR305W	-0.129514479	-0.1476437869	-0.42438838
YOR306C	-0.723351298	-0.7123680132	0.941759867
YOR307C	-0.49867922	-0.4898609642	0.092129982
YOR308C	-0.074709937	-0.0183439389	0.266856308
YOR309C	0.246990025	0.2012529644	-0.113646079
YOR310C	0.013084836	0.0499184703	-0.213367076
YOR311C	0.182046939	0.1279238906	-0.273297487
YOR312C	-0.222831541	-0.245756436	-0.407247214
YOR313C	-1.500685089	-1.6266023974	-0.176747955
YOR315W	-1.677582137	-1.7891145375	0.399729298
YOR316C-A	-1.406087068	-1.2596713902	-0.663371665
YOR316C	-0.258750066	-0.1732611745	-0.350534655
YOR317W	0.344931773	0.3593811112	0.889469382
YOR318C	0.924881071	0.9992312647	-4.370179503
YOR319W	0.209584889	0.2023393726	-0.090278238
YOR320C	-0.260565924	-0.2346973053	-0.403654234
YOR321W	-0.180527747	-0.1159762652	-0.576568034
YOR322C	-0.552248268	-0.4904994883	0.028679236
YOR323C	0.006516248	0.0837382781	-0.21737971
YOR324C	-0.397993495	-0.38996464	0.287275873
YOR325W	1.172413906	1.2716347233	-0.665344348
YOR326W	-0.729500562	-0.6418160743	-0.324585991
YOR327C	0.7112651	0.7236279871	0.62853576
YOR328W	0.217710846	0.2871411281	-0.308423516
YOR329C	-0.121002892	-0.0838829237	0.674796144
YOR329W-A	0.779996518	-0.0105353724	-1.382027666
YOR330C	-0.45155952	-0.3923754736	-0.05010717
YOR331C	-0.645498339	-0.4119367338	-0.201679864
YOR332W	-0.161182694	-0.1194533605	-0.005012887
YOR333C	0.856734794	1.4373289053	-0.143524426
YOR334W	-0.176464362	-0.2343498167	0.023412503
YOR335C	-0.694312763	-0.5886717967	-0.64112178
YOR336W	-1.069331022	-0.9902488038	-1.050238645
YOR337W	-0.630355028	-0.605201486	-0.057185285
YOR338W	0.14413832	0.1112231153	1.458198341
YOR339C	0.25572451	0.267608786	-1.448426959
YOR340C	0.16489908	0.1857324263	0.004469782
YOR341W	-1.02312222	-0.9520849992	-0.369299591
YOR342C	-0.324573685	-0.3805989279	-0.244871079
YOR343C	-0.283039617	-0.342288002	-0.158764246
YOR344C	-0.812828265	-0.9192684804	0.176291609
YOR345C	1.387270817	0.9584882188	0.131112345
YOR346W	-0.705778583	-0.6075953183	-0.942533889
YOR347C	-0.179140143	-0.0818270217	1.100873174
YOR348C	0.941510213	0.8859936104	1.268287412
YOR349W	-0.218255873	-0.2190476538	-0.046092149
YOR350C	-0.220425805	-0.2662288483	-0.075202442
YOR351C	2.114884007	2.1361755684	0.80134426
YOR352W	0.558355015	0.4930331238	0.968790224
YOR353C	-0.231470236	-0.1595934778	0.399629929
YOR354C	-0.052238907	-0.0990590661	0.376513946
YOR355W	-0.21100009	-0.1748145464	-0.336708315
YOR356W	-0.344010243	-0.2143320331	-0.649752951
YOR357C	1.448597554	1.4395324454	0.294300293
YOR358W	0.378540689	0.4882627174	0.316487002
YOR359W	-0.631192679	-0.6564692478	0.181010052
YOR360C	-0.451951227	-0.51978457	0.078471313
YOR361C	-0.336492536	-0.2659563624	-0.12944957
YOR362C	0.396223227	0.4109103804	0.156410882
YOR363C	-0.078162071	0.0251620517	0.11969186
YOR364W	0.358914866	0.4999037616	-0.723234334
YOR365C	1.462385723	1.3637055686	0.521277571
YOR366W	0.25397028	0.4405160949	-0.965281266
YOR367W	1.042235829	1.0575024924	0.302458645
YOR368W	0.828846322	0.9138308827	0.538872578
YOR369C	-0.441752922	-0.4991432161	-0.822502075
YOR370C	-0.726700352	-0.7140999416	-0.278998071
YOR371C	-0.46690041	-0.4497473863	-0.218276273
YOR372C	-0.343674126	-0.3286829694	0.765704821
YOR373W	-0.549212588	-0.5414642442	0.10260693
YOR374W	1.333815816	1.2476422227	2.475144402
YOR375C	0.34139809	0.4202580834	-0.012906913
YOR376W-A	-0.280229179	-0.2132434307	0.080060159
YOR376W	2.060819176	2.1230117856	-0.416083218
YOR377W	-0.491145333	-0.4775450277	-1.181218513
YOR378W	-0.064444087	0.1561417201	-1.311237337
YOR379C	0.486100571	0.6370048459	-0.15318938
YOR380W	0.045218876	0.063872214	0.030661463
YOR381W-A	0.021595781	-0.5694679962	-1.813004297
YOR381W	-0.529943886	-0.444193948	-0.994341379
YOR382W	2.879345727	2.59654395	1.584574809
YOR383C	-0.174555263	-0.2340186993	-0.630093269
YOR384W	0.175847888	0.3043888651	-0.444379348
YOR385W	-0.087385473	-0.0513065332	-0.20572331
YOR386W	-0.003372777	0.0162036046	0.510365428
YOR387C	1.32834261	1.0441968383	-1.140085654
YOR388C	2.180945277	2.3621043134	1.328550869
YOR389W	0.302942674	0.4067951239	-0.60580877
YOR390W	-0.564044602	-0.5535147161	-0.757647552
YOR391C	2.546062767	2.4560107937	1.306235802
YOR392W	2.654952413	2.8508661535	1.178004993
YOR393W	2.831035022	2.800473399	2.149196749
YOR394C-A	1.049179682	0.6384094521	-0.822610062
YOR394W	0.282142653	0.3323160513	-1.179162889
YOR396W	-0.100709609	-0.0568406452	-0.346876563
YPL001W	0.089698195	0.1171530835	0.081868335
YPL002C	0.239215952	0.2444564403	-0.140829194
YPL003W	0.305231542	0.2915687681	-0.13007693
YPL004C	0.401109525	0.2850039407	0.681958566
YPL005W	-0.206895836	-0.2217001398	0.222213911
YPL006W	-0.319488298	-0.3007440825	-0.236453694
YPL007C	-0.040878594	0.0356554852	0.095543588
YPL008W	-0.328400914	-0.2872628043	-0.587764834
YPL009C	-0.097470281	-0.0105874369	0.176830255
YPL010W	0.317684734	0.2953818778	-0.172795566
YPL011C	-0.000853568	0.018867811	0.137527735
YPL012W	-0.675429696	-0.610108792	-0.393951618
YPL013C	0.722293842	0.6468508965	0.553439876
YPL014W	-0.751011782	-1.0416797938	-0.145904611
YPL015C	-0.358770579	-0.3550844927	-0.747953091
YPL016W	-0.197594787	-0.1947882179	0.523010594
YPL017C	-0.135577606	-0.1384961369	0.197141801
YPL018W	-0.937598448	-0.7984841104	-0.570888321
YPL019C	-1.209971036	-1.0908406194	-0.47471511
YPL020C	0.130808784	0.1738494057	0.372958475
YPL021W	3.37803345	3.628181084	0.693632735
YPL022W	-0.478665103	-0.3952591228	-0.254936497
YPL023C	-0.551350047	-0.436621147	0.079098424
YPL024W	0.57435741	0.4645012853	0.428860255
YPL025C	0.042807901	0.0925045678	-0.693372417
YPL026C	-0.385160558	-0.5450203465	1.388874775
YPL027W	1.67316882	1.7931481554	1.098199651
YPL028W	0.131071928	0.2045159783	-0.658537495
YPL029W	-0.073505121	-0.0610953808	-0.037446978
YPL030W	-0.35113464	-0.2217021059	-0.194565147
YPL031C	0.455854026	0.4665942414	0.61597738
YPL032C	-0.748273058	-0.7747290808	-0.035475829
YPL033C	2.82211239	2.5415989311	-0.887902249
YPL034W	-0.395230544	-0.2807739063	-0.572677327
YPL035C	1.174036497	0.3925262605	NA
YPL036W	0.033083283	-0.0480975578	1.170927211
YPL037C	-0.210737858	-0.1835225279	-0.210977575
YPL038W-A	0.98008709	0.6597611143	-0.187146171
YPL038W	0.785569086	0.6864184741	0.322931954
YPL039W	0.35277625	0.3021055377	0.149570986
YPL040C	-0.253823409	-0.2150647936	-0.048598593
YPL041C	0.798437679	0.7642920842	0.267755637
YPL042C	-0.151746236	-0.1268460827	0.090245684
YPL043W	-0.016543796	0.0902128679	0.069567727
YPL044C	1.411929565	1.5880596608	-0.162660078
YPL045W	-0.27615374	-0.1932914458	-0.102820941
YPL046C	0.536991421	0.4169599841	0.24353644
YPL047W	0.094799168	-0.0074327753	-0.783098753
YPL048W	-0.332119173	-0.2118093076	-0.055909761
YPL049C	-0.385693948	-0.326163405	-0.186471306
YPL050C	-0.179485677	-0.1817621549	-0.425734817
YPL051W	0.790072015	0.7239577702	0.116873082
YPL053C	0.632392055	0.7302419895	0.099897679
YPL054W	1.687114767	1.6019992961	2.679940737
YPL055C	0.06343769	0.1140698746	0.679402573
YPL056C	0.357550711	0.3622231036	0.327501507
YPL057C	-0.458741246	-0.4407154245	0.079461389
YPL058C	0.350842203	0.4066309997	-0.076211358
YPL059W	0.896073536	0.8398130888	0.309807752
YPL060W	0.609884243	0.6310290579	0.431500574
YPL061W	-0.131861895	-0.04613581	-0.406393967
YPL062W	-0.196195457	-0.32799182	-1.796039255
YPL063W	-0.194145898	-0.0988580681	-0.171707179
YPL064C	-0.258242735	-0.1799490812	-0.580663802
YPL065W	0.458614045	0.3503555618	0.297453756
YPL066W	-0.340879698	-0.4370386362	-0.184691986
YPL067C	-0.742775411	-0.6912271299	0.05453872
YPL068C	0.051614732	0.0573304459	0.103873338
YPL069C	0.282039348	0.1972632499	0.224969677
YPL070W	-0.199077588	-0.2331504632	0.55453988
YPL071C	-0.034901539	-0.1264124745	-0.157275404
YPL072W	-0.229590957	-0.1009578015	-0.231494214
YPL073C	1.263155135	1.396852025	-0.656645607
YPL074W	-0.402865464	-0.3822084534	0.095793131
YPL075W	-0.558854588	-0.6029575309	0.430101684
YPL076W	-0.563906088	-0.5563113047	-0.363602467
YPL077C	0.300198596	0.3090367369	0.337155792
YPL078C	0.253705748	0.2268056989	0.220105202
YPL079W	-0.396804146	-0.4126378203	-0.752252327
YPL080C	0.43292244	0.2820293839	0.547255262
YPL081W	0.110111457	0.0766697187	0.028831739
YPL082C	-0.854649304	-0.7759184406	-0.324283653
YPL083C	-0.341257065	-0.3588895074	-0.209149512
YPL084W	-0.060590723	0.029949113	0.358916652
YPL085W	-0.737057093	-0.6981749707	0.138521455
YPL086C	-0.42549376	-0.3118282244	-0.271723226
YPL087W	0.071270547	0.0156332144	0.071381472
YPL088W	0.110277907	0.2246912941	1.079051133
YPL089C	-0.310881462	-0.2487787395	0.267856102
YPL090C	-0.519657949	-0.4866884613	-0.681338511
YPL091W	-0.11575711	-0.0452703103	0.105834853
YPL092W	0.284693425	0.2904228956	0.484440155
YPL093W	0.022585344	0.07388452	-0.142832379
YPL094C	0.159285738	0.1212300763	-0.175914024
YPL095C	-0.310473562	-0.4358848897	-0.676473992
YPL096C-A	0.196116776	0.1814798466	-0.304322009
YPL096W	0.464027653	0.4709414008	0.460037483
YPL097W	0.59374801	0.5688248211	0.697560767
YPL098C	0.394358858	0.3429210159	0.33106785
YPL099C	0.822208758	0.6848147769	0.459810495
YPL100W	-0.029491152	-0.0040632033	0.669838227
YPL101W	0.155958762	0.2443280812	0.036620656
YPL102C	0.69522961	0.917742045	-0.718960199
YPL103C	-0.144644747	-0.0719592911	0.040189339
YPL104W	-0.13082601	-0.1568110418	0.053527948
YPL105C	-0.72398744	-0.6326701203	0.27045264
YPL106C	-0.800197333	-0.697326383	-0.308159772
YPL107W	0.653047703	0.6823585091	0.541505967
YPL108W	0.928154202	1.0069730864	0.729795116
YPL109C	0.104461019	0.1508751573	0.512397695
YPL110C	-0.686447758	-0.5623987444	1.263151389
YPL111W	1.413845458	1.4709825632	0.529328521
YPL112C	0.31142964	0.2730338269	0.265865424
YPL113C	1.057748128	1.1259202892	1.416525932
YPL114W	-0.176972649	-0.484745723	-1.229883089
YPL115C	-0.486282991	-0.4309044767	-0.140261735
YPL116W	-0.154975921	-0.0784623319	0.998505128
YPL117C	0.056631114	0.0578684922	-0.151711956
YPL118W	0.682106838	0.656903836	0.83477672
YPL119C-A	-0.033770804	-0.2368194725	0.403055189
YPL119C	0.708826366	0.6256102346	1.353227887
YPL120W	0.086851304	0.0556013097	0.500871995
YPL121C	1.536484972	1.7143812773	-0.397052417
YPL122C	-0.098833142	-0.0992643232	-0.155440252
YPL123C	0.661220342	0.6420560879	1.153410226
YPL124W	0.815947415	0.8450353085	1.117042397
YPL125W	-0.926659796	-0.9050856764	-0.45799359
YPL126W	-0.411844281	-0.4205271618	-0.180848116
YPL127C	-0.030986484	0.0348141158	0.52734184
YPL128C	-0.503530818	-0.5850543051	0.265036925
YPL129W	0.394361627	0.3876693436	0.215755718
YPL130W	2.334503506	2.3415998633	1.179667925
YPL131W	-0.504395259	-0.4913421083	-0.401403096
YPL132W	-0.143568681	-0.2017555796	0.023497571
YPL133C	-0.057418375	-0.1259484772	0.057881551
YPL134C	0.93346864	0.9428800443	0.572629825
YPL135C-A	0.464827327	-1.9441251616	0.388470326
YPL135W	0.449788347	0.5018811832	0.98936879
YPL136W	1.490558802	1.2540222381	0.118161656
YPL137C	-0.532907924	-0.5185686998	-0.219786493
YPL138C	0.193506216	0.2772135164	0.747454089
YPL139C	-0.422899561	-0.4284294769	0.005975422
YPL140C	-0.226007786	-0.1988028789	-0.230968715
YPL141C	0.048907382	0.1226694124	0.40456157
YPL142C	-0.384018874	-0.5923363647	-0.598230552
YPL143W	-0.443851647	-0.4840866098	-0.800487945
YPL144W	0.272840548	0.0468967884	0.103023326
YPL145C	-0.215294509	-0.2089376953	-0.365480226
YPL146C	0.105083654	0.160615935	0.07940793
YPL147W	-0.48302433	-0.5146588212	-0.415771746
YPL148C	-0.164202866	-0.2602917486	-0.509991845
YPL149W	-0.53219222	-0.5067470025	-0.839037327
YPL150W	-0.357909767	-0.2885236457	0.179988814
YPL151C	-0.269456829	-0.2262164938	-0.368371582
YPL152W-A	0.454335107	0.0526115968	-0.656912118
YPL152W	0.572850471	0.5652975277	0.588104008
YPL153C	-0.121077168	-0.0928080458	0.36188605
YPL154C	0.225164921	0.1934495357	0.45988734
YPL155C	-0.377815448	-0.301856588	0.515269723
YPL156C	-0.303110968	-0.4209632002	-0.510606937
YPL157W	-0.387568743	-0.3711806765	-0.437444842
YPL158C	-0.243038162	-0.2488816701	1.147730821
YPL159C	0.399949862	0.3264299364	0.708194325
YPL160W	-1.023018643	-0.932282728	-0.558518811
YPL161C	-0.141232752	-0.0678725869	0.215799691
YPL162C	-0.112998631	-0.1140543683	-0.432527175
YPL163C	0.28035815	0.319300118	0.630522242
YPL164C	-0.009940808	0.0352851645	0.121359084
YPL165C	-3.910779075	-4.5502201015	-3.305176851
YPL166W	0.278936738	0.2380909924	0.359348393
YPL167C	-0.115917774	-0.0597652805	-0.507725955
YPL168W	0.288237218	0.267308196	0.511178276
YPL169C	-0.166588869	-0.1538433104	-0.36078364
YPL170W	0.986231436	1.0641632478	0.55412908
YPL171C	1.076500416	0.9186920587	1.303637372
YPL172C	-0.105496016	-0.1286828255	0.270102123
YPL173W	0.503366827	0.4841510832	0.723059067
YPL174C	-0.04359974	-0.0892603702	-0.36070166
YPL175W	0.24895408	0.2993300914	0.846152692
YPL176C	-0.146361787	-0.0256760437	0.42367705
YPL177C	0.085442756	0.0031808655	0.256389425
YPL178W	0.596659207	0.4952024926	0.174307228
YPL179W	-0.388938411	-0.479374271	0.581697854
YPL180W	-0.001251472	0.0420043916	0.06071231
YPL181W	-0.19181234	-0.0486927742	0.189077547
YPL182C	1.180795411	1.501732298	0.413342322
YPL183C	-1.045345023	-0.9969384344	-0.486527895
YPL183W-A	0.916851281	0.7701018484	0.511621471
YPL184C	-0.893495895	-0.9371497017	0.041166101
YPL185W	0.916480271	0.6527485638	0.240330116
YPL186C	2.519054689	2.3672648607	3.416901285
YPL187W	3.3216089	3.0067977185	1.907012113
YPL188W	0.013551955	0.0040306755	0.276234438
YPL189C-A	0.777677796	0.6207912669	1.23999417
YPL189W	0.985746998	1.0825358771	-0.797225218
YPL190C	0.174028699	0.2485481774	0.411111347
YPL191C	0.021190018	0.1096715536	0.18634662
YPL192C	2.905292112	2.7705294232	1.1417056
YPL193W	-0.160330025	-0.2489038037	-0.250234351
YPL194W	0.001959497	0.10633543	-0.11244241
YPL195W	0.00305094	0.0828459918	0.165805101
YPL196W	0.662030334	0.7022784748	0.834616338
YPL197C	0.329570948	0.4495792764	0.464610018
YPL198W	0.233499568	0.227688298	0.146582009
YPL199C	0.367225617	0.3699895845	0.42731384
YPL200W	2.726109193	3.5155539447	1.812745112
YPL201C	0.33711252	0.2723588539	0.240596152
YPL202C	-0.456166502	-0.419856355	0.122393959
YPL203W	0.080617337	0.0753721553	0.241779652
YPL204W	-0.241520989	-0.2455870579	0.13919526
YPL205C	1.106609115	0.5768258419	0.164618945
YPL206C	0.374794139	0.3578022016	0.238631221
YPL207W	-0.606763288	-0.5754485536	-0.451551652
YPL208W	0.047506248	0.1085696763	0.064249844
YPL209C	0.635907819	0.540008947	1.285198695
YPL210C	-0.300452725	-0.2595915123	-0.118689719
YPL211W	0.194846421	0.1973097357	-0.421197189
YPL212C	-0.37716195	-0.3416694921	0.012561249
YPL213W	0.752274799	0.7956883949	0.820143622
YPL214C	0.424047863	0.4208093663	-0.07378847
YPL215W	0.184080817	0.1708593399	0.751583677
YPL216W	-0.04222171	0.0749672475	-0.18822726
YPL217C	-0.436056609	-0.346737735	-0.050717378
YPL218W	0.042748249	0.0031978209	-0.210591868
YPL219W	-0.028416115	0.0120852353	0.987254902
YPL220W	-0.517323109	-0.522407833	-0.749406938
YPL221W	-0.420240962	-0.401562942	-0.038753765
YPL222C-A	-0.133180214	-0.4236599985	-0.611770676
YPL222W	0.306016089	0.2812856057	0.712613949
YPL223C	3.712932317	3.338161787	4.766065653
YPL224C	0.015021006	0.0482283526	-0.154880109
YPL225W	1.289081844	1.1910128918	0.849765719
YPL226W	-0.810837113	-0.7411262127	-0.402833905
YPL227C	-0.413552969	-0.3248097821	-0.550058496
YPL228W	-0.086782833	-0.0546334036	0.197438985
YPL229W	0.149248652	0.0220721366	0.88607656
YPL230W	1.350825904	1.1802917463	2.142061656
YPL231W	-0.520772734	-0.4024745424	0.116375787
YPL232W	0.090828539	0.127839878	0.339162081
YPL233W	-0.110876171	-0.1591997948	0.110114259
YPL234C	0.09298351	0.0548365501	-0.214921278
YPL235W	0.128694696	0.1989236544	-0.120721212
YPL236C	0.134334669	0.1001442568	0.225739826
YPL237W	0.132318494	0.1387489109	-0.135379772
YPL238C	0.17300496	0.6440554312	-0.578222381
YPL239W	0.328178006	0.3289028604	-0.165745626
YPL240C	0.679013111	0.725655509	0.80980751
YPL241C	1.024116727	1.0447469938	0.530886173
YPL242C	-0.407997612	-0.3697489793	0.299172397
YPL243W	-0.306029858	-0.2641229036	0.17377938
YPL244C	-0.453654186	-0.4766396502	-0.880139482
YPL245W	-0.123879933	0.0446839182	-0.956352379
YPL246C	-0.027515332	0.0259657305	-0.186057276
YPL247C	-0.036680122	-0.0258321128	0.618263694
YPL248C	0.354160231	0.3156650463	0.926806331
YPL249C-A	-0.298426511	-0.2948792512	-0.597520957
YPL249C	-0.03452247	0.0210097147	0.796809181
YPL250C	-1.068473737	-1.1897504017	1.338808896
YPL250W-A	-0.150496309	-0.0983720834	-0.585877843
YPL251W	1.549879608	1.8464946085	0.855781307
YPL252C	-0.383727896	-0.3533262968	-0.820491902
YPL253C	-0.428811616	-0.3294570438	1.215224954
YPL254W	-0.388659205	-0.37532387	-0.688873665
YPL255W	0.029553087	-0.0168806578	0.119608057
YPL256C	-0.498360897	-0.3252377693	0.165923482
YPL257W	-0.281196142	-0.3668967508	-0.174398516
YPL258C	0.052084677	0.0739284753	-0.443827906
YPL259C	-0.049304638	-0.1001373089	0.045589719
YPL260W	0.204208752	0.2425279894	0.538245433
YPL261C	1.097109939	0.8993955044	0.422578385
YPL262W	0.129052064	0.1434133017	0.308955838
YPL263C	0.017249268	0.0701105681	0.154724789
YPL264C	0.130398133	0.2150720884	-0.184624074
YPL265W	0.431395737	0.3603555096	0.472772218
YPL266W	0.671723727	0.715268038	0.020460484
YPL267W	0.843109063	0.8469185478	1.61008037
YPL268W	-0.705391391	-0.6872300641	-0.334884064
YPL269W	-0.524151241	-0.5498973617	-0.081932905
YPL270W	-0.231335522	-0.1596832149	-0.357729626
YPL271W	0.839475924	0.6344657863	0.810655282
YPL272C	-0.017821873	-0.0329151778	-0.429673929
YPL273W	-0.390797413	-0.3739484045	-0.983708265
YPL274W	-0.11192201	-0.0385740174	-0.196506257
YPL275W	2.526270207	2.1848303522	2.066350098
YPL276W	1.170567176	-0.2571154602	2.398235406
YPL277C	0.533284729	0.6902965541	0.163970578
YPL278C	-0.921411523	-0.1642880479	-0.961991624
YPL279C	-0.76231271	-0.6952541598	-0.790639169
YPL280W	2.41016072	2.5753574474	1.593064134
YPL281C	2.831035022	2.800473399	2.149196749
YPL282C	0.282142653	0.3323160513	-1.179162889
YPL283C	-1.207508145	-0.7439398987	0.44452183
YPL283W-A	1.371184337	1.1429436923	0.395183918
YPL283W-B	1.365497141	1.1622377931	-0.322263896
YPR001W	1.02697219	1.1034561892	1.236329501
YPR002C-A	-0.058617999	0.1726195645	-0.399944292
YPR002W	1.52459594	1.6939583459	2.008351619
YPR003C	-0.129449028	-0.0890404328	-0.087576688
YPR004C	0.014833716	0.0159290213	-0.05205987
YPR005C	1.319162633	1.4078162444	1.877493551
YPR006C	0.771266095	0.8274328505	0.472140743
YPR007C	1.011642148	1.1066748502	0.337398966
YPR008W	-0.527841941	-0.5704018888	0.016408758
YPR009W	-0.519770085	-0.3208087197	-1.245927881
YPR010C-A	0.565213839	0.3447766647	0.767479722
YPR010C	-0.79718726	-0.7761020225	-0.400678266
YPR011C	-0.105296767	-0.0425685905	-0.023880507
YPR012W	-0.041976305	0.1420339439	-0.345221712
YPR013C	-0.131270741	-0.1247085657	-0.542485029
YPR014C	-0.981457621	-1.6830911873	NA
YPR015C	1.342646487	1.3467690382	1.10204312
YPR016C	0.469174227	0.310811639	0.570256513
YPR016W-A	0.760223578	1.0188807138	0.829467957
YPR017C	-0.092699174	-0.0377298769	-0.402516421
YPR018W	0.225617748	0.2965225678	0.834140482
YPR019W	-0.410827667	-0.3574804154	0.12777561
YPR020W	0.788394316	0.6478871744	0.620158172
YPR021C	-0.276599777	-0.2421490399	-0.338611247
YPR022C	-0.765330864	-0.7267451457	-0.028180592
YPR023C	0.002826209	0.00782228	-0.408307946
YPR024W	-0.428185151	-0.4194653092	-0.184965169
YPR025C	0.507502612	0.499965575	0.443460589
YPR026W	0.29008802	0.3309447426	0.798030983
YPR027C	1.174051162	1.2619380151	-0.503295085
YPR028W	0.086071055	0.0178402761	-0.242541188
YPR029C	-0.426394373	-0.3413634215	-0.296449776
YPR030W	1.698428422	1.6913581553	2.883825896
YPR031W	-0.289567645	-0.1903133758	-0.165753789
YPR032W	-0.315070071	-0.1965613409	0.24736617
YPR033C	-0.108019952	-0.0227558296	-0.645361168
YPR034W	-0.376684677	-0.3167129028	0.084923006
YPR035W	-0.395976238	-0.3750740206	-0.234229241
YPR036W-A	1.12328641	0.9088934035	1.084354062
YPR036W	0.036128198	0.0653049707	-0.055445263
YPR037C	0.125224968	0.1940588148	-0.238829155
YPR038W	1.906805579	-0.4680700576	0.541826482
YPR039W	1.976253905	1.2946748447	1.23109127
YPR040W	0.339092201	0.3764645452	0.506898885
YPR041W	-0.225673536	-0.1542655964	-0.29164876
YPR042C	-0.258240045	-0.2846079455	0.553708628
YPR043W	-0.354838013	-0.4097227668	-0.731188197
YPR044C	-0.385953635	-0.6497404072	-0.662725638
YPR045C	0.181687969	0.1810068117	1.026438694
YPR046W	0.656812886	0.5089627301	0.414723824
YPR047W	0.144839403	0.197743204	0.383020572
YPR048W	-0.517032092	-0.3965199903	-0.707372383
YPR049C	0.104320775	0.1627127886	0.601515432
YPR050C	-1.232353068	-1.2193351057	-0.063428101
YPR051W	0.972013797	0.9477806566	0.728758579
YPR052C	0.035175745	-0.0477628922	-0.410502429
YPR053C	-0.084895118	-0.1473430905	-0.743083063
YPR054W	-1.587810931	-0.9711250937	-1.811435169
YPR055W	-0.190624944	-0.1222705838	0.718433586
YPR056W	0.083918602	0.1009119983	0.228431556
YPR057W	0.195178952	0.2264491794	0.319732036
YPR058W	-0.207807292	-0.1517161481	-0.849553909
YPR059C	0.551123684	1.0330245248	-1.749099501
YPR060C	0.419818302	0.4030165747	-0.20803952
YPR061C	-0.075235944	-0.023820354	0.763709545
YPR062W	0.4859166	0.5058115974	-0.092051705
YPR063C	0.115207925	0.1198573923	-0.168317888
YPR064W	0.652331712	0.2178743632	-0.86867347
YPR065W	0.619526071	0.5738171401	0.878100001
YPR066W	-0.177839043	-0.2244451035	-0.427967212
YPR067W	0.126733819	0.0393053042	0.01746562
YPR068C	-0.293907311	-0.2358850175	-0.633557148
YPR069C	-0.417630565	-0.3799077872	-0.717042771
YPR070W	-0.311704724	-0.3093563886	-0.334988507
YPR071W	0.136391593	0.0517003252	-0.934018029
YPR072W	-0.257826544	-0.2034482261	0.324498373
YPR073C	0.168018893	0.0690985437	-0.102798292
YPR074C	-0.781211176	-0.7157660689	-1.230509404
YPR074W-A	0.818685608	0.9267594881	0.53767506
YPR075C	0.79403107	0.8289845069	0.810063063
YPR076W	-1.47488072	-1.4494218721	-1.415695444
YPR077C	0.764921124	0.5770969609	1.075198109
YPR078C	0.018813555	0.422527375	0.605855309
YPR079W	0.605213711	0.6744852097	1.065935683
YPR080W	-0.53620553	-0.5053443342	-0.492859208
YPR081C	0.588483147	0.6695586442	0.253101162
YPR082C	0.107421126	0.1560021162	-0.372497331
YPR083W	-0.297809132	-0.2874196553	0.229325151
YPR084W	-0.169114296	-0.0370740188	0.308526194
YPR085C	-0.154899044	-0.0970916372	-0.173156874
YPR086W	0.135681137	0.1560903767	-0.481879932
YPR087W	0.17430914	0.6375958978	-0.133777198
YPR088C	-0.012728084	0.0545705141	-0.116788512
YPR089W	-0.152367339	-0.1418116357	0.063414158
YPR091C	-0.144221465	-0.0804112265	-0.140105219
YPR092W	1.414924147	0.8100691654	0.323081112
YPR093C	0.29380942	0.3187280596	0.532905834
YPR094W	0.887730497	0.835632256	0.481125547
YPR095C	-0.450849859	-0.3824351088	-0.161497716
YPR096C	-0.432086082	-0.4926889854	-0.517819773
YPR097W	-0.491838895	-0.4106398659	-0.052962105
YPR098C	0.680419247	0.4770070793	0.727999602
YPR099C	-0.521280944	-0.7574213529	-1.511278238
YPR100W	0.839304404	0.8074253817	0.323743625
YPR101W	0.672455794	0.6115579277	0.489632778
YPR102C	-0.558797926	-0.5588740314	-0.736746158
YPR103W	0.422372804	0.4099862456	0.376841809
YPR104C	-0.450087585	-0.4179038424	0.489768386
YPR105C	-0.560280226	-0.4592279259	-0.297671606
YPR106W	-0.460605313	-0.4854809739	0.48234509
YPR107C	0.599212109	0.5880588233	0.791226634
YPR108W-A	1.28822095	-0.0539724599	-0.677849641
YPR108W	0.333665062	0.3478462364	0.357703494
YPR109W	-0.052317418	-0.0633331358	-0.115465841
YPR110C	0.338413013	0.3479991231	-0.358855288
YPR111W	-0.053965585	-0.0349744001	0.346139128
YPR112C	-0.187409405	-0.1031064507	0.131028205
YPR113W	0.152224287	0.0995110511	-0.55278489
YPR114W	-0.626195956	-0.6018451388	-0.874064779
YPR115W	-0.175816393	-0.1145732457	-0.395566662
YPR116W	-0.467155113	-0.3015794745	-0.311384657
YPR117W	-0.494410672	-0.4991866332	-0.330117064
YPR118W	-0.130740761	-0.0309944125	-0.794965433
YPR119W	-0.647825354	-0.6538927538	0.240746481
YPR120C	-0.123345997	-0.1153481253	0.80535965
YPR121W	-0.482035059	-0.4093976909	-0.824285216
YPR122W	-0.642176245	-0.5748809723	-0.308773064
YPR123C	0.964865464	0.7597038433	0.575049294
YPR124W	-0.631987996	-0.6380593993	-0.329393002
YPR125W	-0.393811055	-0.3093337158	1.6e-06
YPR126C	-1.152156533	0.2327873021	-0.269823492
YPR127W	-0.059642323	-0.1360528222	0.435350316
YPR128C	-0.287996639	-0.203754409	-0.414910577
YPR129W	0.385163982	0.3934495708	0.098437658
YPR130C	0.867511779	0.7048664699	0.521172415
YPR131C	0.598862063	0.6010658565	0.261881055
YPR132W	-0.473723809	-0.4828736005	-0.881043233
YPR133C	0.272751158	0.2955193158	0.352626003
YPR133W-A	0.373533728	0.1891804017	-0.382568503
YPR134W	0.901754523	0.9660096147	0.760997668
YPR135W	-0.144792833	-0.070711297	0.455803443
YPR136C	1.041491212	-0.0427752037	-0.117444241
YPR137W	-0.222828052	-0.1640178587	0.154718921
YPR138C	-0.395633863	-0.3450029755	-0.940704945
YPR139C	0.282447585	0.2788089898	-0.27721262
YPR140W	-0.329738357	-0.272695803	-0.107130193
YPR141C	0.288669012	0.4208634229	1.286160813
YPR142C	0.539988016	1.7095730125	-0.085796395
YPR143W	0.62518524	0.6460218655	-0.005763132
YPR144C	-0.312128195	-0.3487290569	-0.0152062
YPR145C-A	0.699259747	0.8531650598	0.782767
YPR145W	-0.521089043	-0.4683913437	-0.448863042
YPR146C	-0.200671459	-0.2555541369	-0.699997166
YPR147C	-0.174175515	-0.2238645441	-0.52858098
YPR148C	0.444494879	0.5031901337	0.857093274
YPR149W	0.182277296	0.0248514455	0.605261453
YPR150W	0.569691822	0.4912962591	0.063893632
YPR151C	1.136579921	1.1716912871	2.287383265
YPR152C	0.527115807	0.5529338638	0.650617808
YPR153W	0.564910839	0.5216748256	0.228237275
YPR154W	1.022231975	0.9705434381	0.824213992
YPR155C	-0.170555895	-0.0717820961	0.305595875
YPR156C	-0.7320061	-0.8106031621	-0.424343614
YPR157W	-0.460027917	-0.6773425749	0.242995481
YPR158W	0.908791753	0.9660607286	1.259047969
YPR159W	-0.453534529	-0.3941713128	0.081577974
YPR160C-A	-1.473239633	-1.1538017606	-3.814615335
YPR160W	2.650091885	2.4816219775	3.592917873
YPR161C	-0.285538791	-0.2947971718	0.279865858
YPR162C	-0.167972661	-0.1519540562	0.359812703
YPR163C	-0.045477836	0.045383994	-0.300210035
YPR164W	-0.445472448	-0.473370719	-0.592049985
YPR165W	0.183464918	0.226160677	0.370123742
YPR166C	0.689845695	0.5715672178	0.491665835
YPR167C	-1.511926848	-1.4375383267	-1.369660379
YPR168W	-0.186318811	-0.2401884545	-0.166099777
YPR169W-A	-0.181520969	-0.954618892	-0.667476755
YPR169W	-0.233233836	-0.2532490684	-0.27926214
YPR170C	0.250451211	0.1944117439	-1.190683659
YPR170W-B	-0.074485613	-0.1273935734	-0.245542092
YPR171W	-0.005539982	-0.0089092557	0.181531975
YPR172W	0.329247666	0.3118214404	0.430649673
YPR173C	0.103765078	0.1877534245	-0.099756963
YPR174C	-0.265973885	-0.2694733848	-0.445945024
YPR175W	-0.21099736	-0.2546183782	0.092559235
YPR176C	0.244658812	0.2215224575	-0.19260338
YPR177C	1.019201204	0.8516601792	-1.64452529
YPR178W	0.186227258	0.1862514087	0.44465069
YPR179C	0.040377393	0.0138171557	0.344268515
YPR180W	0.74696771	0.7819992996	0.287559581
YPR181C	-0.5471646	-0.5111346826	-0.487859824
YPR182W	0.746927836	0.6605731715	-0.037244863
YPR183W	-0.56775889	-0.4984495876	-0.177447907
YPR184W	0.877408938	0.7232925396	2.210933315
YPR185W	-0.211287803	-0.1281055126	-0.207780722
YPR186C	-0.108442715	-0.0677981114	0.067766768
YPR187W	0.487437957	0.4371870241	-0.131299767
YPR188C	0.730800509	0.6538861806	0.090845615
YPR189W	-0.667116161	-0.6120064182	0.332913196
YPR190C	0.038907998	0.1127682041	-0.072372071
YPR191W	0.454192157	0.4174957069	0.349234837
YPR192W	0.371846339	0.047352467	0.520005666
YPR193C	0.918504291	0.9025104209	1.357623258
YPR194C	-0.731161456	-0.9818109146	-0.208210102
YPR195C	-1.261186559	-0.7174476215	0.086942791
YPR196W	0.086536482	0.1705964807	-0.935277651
YPR197C	1.56834731	1.4540419219	0.14359577
YPR198W	-0.122728271	-0.0559504643	-0.124587021
YPR199C	0.204657989	0.1527351686	0.110698549
YPR200C	0.620082464	0.3947783578	0.840922335
YPR201W	-0.257545275	-0.3894233289	0.027337898
YPR203W	0.582047642	0.1614367895	-0.916205916
YPR204C-A	1.365497141	1.1622377931	-0.322263896
YPR204W	-1.202970358	-1.0281111161	-1.279915206
YAL016C-B	NA	-0.3591626608	NA
YCL069W	NA	-1.0050642601	-1.954589716
YGR122C-A	NA	-1.1471992056	-3.072927158
YJR140W-A	NA	-2.1218406943	-4.287610189
YJR158W	NA	-0.1910819485	-1.713971053
YLR299C-A	NA	2.2541920781	NA
YMR272W-B	NA	-0.5682555735	NA
YOR314W	NA	-0.3121761883	0.250508395
YDL246C	NA	NA	0.124983707
YHR052W-A	NA	NA	-0.421105902
YHR054W-A	NA	NA	-0.421105902
YLL019W-A	NA	NA	0.513006144
YOR335W-A	NA	NA	-0.698598146
