,chr,start,end,acc,strand
0,chrI,237,687,TEL01L-XC,-
1,chrI,299,749,YAL069W,+
2,chrI,442,892,YAL068W-A,+
3,chrI,1707,2157,YAL068C,-
4,chrI,2357,2807,YAL067W-A,+
5,chrI,6956,7406,YAL067C,-
6,chrI,10049,10499,YAL066W,+
7,chrI,11465,11915,YAL065C,-
8,chrI,12076,12526,YAL064W-B,+
9,chrI,12845,13295,YAL064C-A,-
10,chrI,21900,22350,YAL064W,+
11,chrI,21945,22395,YAL063C-A,-
12,chrI,23826,24276,YAL063C,-
13,chrI,32590,33040,YAL062W,+
14,chrI,34521,34971,YAL061W,+
15,chrI,36068,36518,YAL060W,+
16,chrI,36396,36846,YAL059C-A,-
17,chrI,36916,37366,YAL059W,+
18,chrI,38596,39046,YAL056C-A,-
19,chrI,38670,39120,YAL058W,+
20,chrI,41551,42001,YAL056W,+
21,chrI,42369,42819,YAL055W,+
22,chrI,42781,43231,YAL054C,-
23,chrI,47968,48418,YAL053W,+
24,chrI,51506,51956,YAL051W,+
25,chrI,51677,52127,YAL049C,-
26,chrI,52701,53151,YAL048C,-
27,chrI,54563,55013,YAL047W-A,+
28,chrI,54889,55339,YAL047C,-
29,chrI,56929,57379,YAL046C,-
30,chrI,57388,57838,YAL045C,-
31,chrI,57657,58107,YAL044W-A,+
32,chrI,57766,58216,YAL044C,-
33,chrI,58519,58969,YAL043C,-
34,chrI,61131,61581,YAL042C-A,-
35,chrI,62309,62759,YAL042W,+
36,chrI,65116,65566,YAL041W,+
37,chrI,65678,66128,YAL040C,-
38,chrI,68549,68999,YAL039C,-
39,chrI,72226,72676,YAL037C-B,-
40,chrI,72963,73413,YAL038W,+
41,chrI,73262,73712,YAL037C-A,-
42,chrI,74473,74923,YAL037W,+
43,chrI,74943,75393,YAL036C,-
44,chrI,79085,79535,YAL035W,+
45,chrI,79389,79839,YAL034C-B,-
46,chrI,80326,80776,YAL034W-A,+
47,chrI,80496,80946,YAL034C,-
48,chrI,82996,83446,YAL033W,+
49,chrI,83111,83561,YAL032C,-
50,chrI,84627,85077,YAL031W-A,+
51,chrI,84649,85099,YAL031C,-
52,chrI,87509,87959,YAL030W,+
53,chrI,87657,88107,YAL029C,-
54,chrI,94182,94632,YAL028W,+
55,chrI,95122,95572,YAL027W,+
56,chrI,95286,95736,YAL026C-A,-
57,chrI,95500,95950,YAL026C,-
58,chrI,100125,100575,YAL025C,-
59,chrI,101465,101915,YAL024C,-
60,chrI,106045,106495,YAL023C,-
61,chrI,108735,109185,YAL022C,-
62,chrI,110630,111080,YAL021C,-
63,chrI,113442,113892,YAL020C,-
64,chrI,114469,114919,YAL019W-A,+
65,chrI,117964,118414,YAL019W,+
66,chrI,118464,118914,YAL018C,-
67,chrI,123945,124395,YAL017W,+
68,chrI,124207,124657,YAL016C-B,-
69,chrI,124655,125105,YAL016C-A,-
70,chrI,126524,126974,YAL016W,+
71,chrI,126674,127124,YAL015C,-
72,chrI,128108,128558,YAL014C,-
73,chrI,130238,130688,YAL013W,+
74,chrI,131738,132188,YAL012W,+
75,chrI,133726,134176,YAL011W,+
76,chrI,133907,134357,YAL010C,-
77,chrI,136376,136826,YAL009W,+
78,chrI,137335,137785,YAL008W,+
79,chrI,137462,137912,YAL007C,-
80,chrI,139403,139853,YAL005C,-
81,chrI,141057,141507,YAL004W,+
82,chrI,143028,143478,YAL003W,+
83,chrI,147301,147751,YAL002W,+
84,chrI,147494,147944,YAL001C,-
85,chrI,153624,154074,YAR002W,+
86,chrI,153788,154238,YAR002C-A,-
87,chrI,156512,156962,YAR003W,+
88,chrI,156581,157031,YAR007C,-
89,chrI,159443,159893,YAR008W,+
90,chrI,166464,166914,YAR014C,-
91,chrI,170039,170489,YAR015W,+
92,chrI,170200,170650,YAR018C,-
93,chrI,172052,172502,YAR019C,-
94,chrI,174980,175430,YAR019W-A,+
95,chrI,176756,177206,YAR020C,-
96,chrI,179127,179577,YAR023C,-
97,chrI,184303,184753,YAR027W,+
98,chrI,185440,185890,YAR028W,+
99,chrI,186400,186850,YAR029W,+
100,chrI,186412,186862,YAR030C,-
101,chrI,187535,187985,YAR031W,+
102,chrI,188553,189003,YAR033W,+
103,chrI,192075,192525,YAR035W,+
104,chrI,192237,192687,YAR035C-A,-
105,chrI,195989,196439,YAR042W,+
106,chrI,201367,201817,YAR047C,-
107,chrI,207740,208190,YAR050W,+
108,chrI,208313,208763,YAR053W,+
109,chrI,217057,217507,YAR060C,-
110,chrI,220147,220597,YAR064W,+
111,chrI,221310,221760,YAR066W,+
112,chrI,222541,222991,YAR068W,+
113,chrI,223911,224361,YAR069C,-
114,chrI,224463,224913,YAR070C,-
115,chrI,226513,226963,YAR071W,+
116,chrI,228603,229053,YAR073W,+
117,chrI,228967,229417,YAR075W,+
118,chrII,1,351,TEL02L-YP,-
119,chrII,180,630,YBL113C,-
120,chrII,778,1228,YBL113W-A,+
121,chrII,2482,2932,YBL112C,-
122,chrII,2807,3257,YBL111C,-
123,chrII,5749,6199,TEL02L-XR,-
124,chrII,5775,6225,YBL109W,+
125,chrII,7505,7955,YBL108C-A,-
126,chrII,8132,8582,YBL108W,+
127,chrII,9022,9472,YBL107W-A,+
128,chrII,9746,10196,YBL107C,-
129,chrII,10679,11129,YBL106C,-
130,chrII,14002,14452,YBL105C,-
131,chrII,18046,18496,YBL104C,-
132,chrII,21500,21950,YBL103C,-
133,chrII,24536,24986,YBL102W,+
134,chrII,24709,25159,YBL101C,-
135,chrII,28417,28867,YBL100W-C,+
136,chrII,36889,37339,YBL100C,-
137,chrII,38605,39055,YBL099W,+
138,chrII,40177,40627,YBL098W,+
139,chrII,42954,43404,YBL097W,+
140,chrII,43074,43524,YBL096C,-
141,chrII,43665,44115,YBL094C,-
142,chrII,43857,44307,YBL095W,+
143,chrII,44015,44465,YBL093C,-
144,chrII,46020,46470,YBL092W,+
145,chrII,46465,46915,YBL091C-A,-
146,chrII,47263,47713,YBL091C,-
147,chrII,49088,49538,YBL090W,+
148,chrII,50666,51116,YBL089W,+
149,chrII,50882,51332,YBL088C,-
150,chrII,59700,60150,YBL087C,-
151,chrII,61050,61500,YBL086C,-
152,chrII,66468,66918,YBL085W,+
153,chrII,67069,67519,YBL084C,-
154,chrII,69613,70063,YBL083C,-
155,chrII,69651,70101,YBL082C,-
156,chrII,72677,73127,YBL081W,+
157,chrII,72970,73420,YBL080C,-
158,chrII,79496,79946,YBL079W,+
159,chrII,80009,80459,YBL078C,-
160,chrII,80843,81293,YBL076C,-
161,chrII,80978,81428,YBL077W,+
162,chrII,84311,84761,YBL075C,-
163,chrII,86622,87072,YBL074C,-
164,chrII,87607,88057,YBL073W,+
165,chrII,88300,88750,YBL072C,-
166,chrII,89358,89808,YBL071C-B,-
167,chrII,90119,90569,YBL071W-A,+
168,chrII,90123,90573,YBL071C,-
169,chrII,90505,90955,YBL070C,-
170,chrII,91680,92130,YBL068W-A,+
171,chrII,91833,92283,YBL069W,+
172,chrII,93139,93589,YBL068W,+
173,chrII,93539,93989,YBL067C,-
174,chrII,96569,97019,YBL066C,-
175,chrII,99957,100407,YBL065W,+
176,chrII,100200,100650,YBL064C,-
177,chrII,104998,105448,YBL063W,+
178,chrII,105121,105571,YBL061C,-
179,chrII,105338,105788,YBL062W,+
180,chrII,109645,110095,YBL060W,+
181,chrII,109786,110236,YBL059C-A,-
182,chrII,110941,111391,YBL059W,+
183,chrII,112477,112927,YBL058W,+
184,chrII,112630,113080,YBL057C,-
185,chrII,115216,115666,YBL056W,+
186,chrII,115355,115805,YBL055C,-
187,chrII,119036,119486,YBL054W,+
188,chrII,119207,119657,YBL052C,-
189,chrII,119359,119809,YBL053W,+
190,chrII,122332,122782,YBL051C,-
191,chrII,125836,126286,YBL050W,+
192,chrII,126894,127344,YBL049W,+
193,chrII,127260,127710,YBL048W,+
194,chrII,127656,128106,YBL047C,-
195,chrII,133701,134151,YBL046W,+
196,chrII,133904,134354,YBL045C,-
197,chrII,136016,136466,YBL044W,+
198,chrII,137111,137561,YBL043W,+
199,chrII,138078,138528,YBL042C,-
200,chrII,141674,142124,YBL041W,+
201,chrII,141944,142394,YBL040C,-
202,chrII,143347,143797,YBL039W-B,+
203,chrII,143632,144082,YBL039C,-
204,chrII,144848,145298,YBL039C-A,-
205,chrII,146629,147079,YBL038W,+
206,chrII,149936,150386,YBL037W,+
207,chrII,150320,150770,YBL036C,-
208,chrII,151334,151784,YBL035C,-
209,chrII,153748,154198,YBL034C,-
210,chrII,158491,158941,YBL033C,-
211,chrII,161083,161533,YBL032W,+
212,chrII,162452,162902,YBL031W,+
213,chrII,162898,163348,YBL030C,-
214,chrII,164239,164689,YBL029C-A,-
215,chrII,167139,167589,YBL029W,+
216,chrII,167201,167651,YBL028C,-
217,chrII,169111,169561,YBL027W,+
218,chrII,170820,171270,YBL026W,+
219,chrII,172038,172488,YBL025W,+
220,chrII,174238,174688,YBL024W,+
221,chrII,174820,175270,YBL023C,-
222,chrII,177697,178147,YBL022C,-
223,chrII,181395,181845,YBL021C,-
224,chrII,183870,184320,YBL020W,+
225,chrII,185814,186264,YBL018C,-
226,chrII,185833,186283,YBL019W,+
227,chrII,186675,187125,YBL017C,-
228,chrII,193300,193750,YBL016W,+
229,chrII,195402,195852,YBL015W,+
230,chrII,198825,199275,YBL014C,-
231,chrII,202911,203361,YBL013W,+
232,chrII,203306,203756,YBL012C,-
233,chrII,205467,205917,YBL011W,+
234,chrII,205651,206101,YBL010C,-
235,chrII,209003,209453,YBL009W,+
236,chrII,209298,209748,YBL008W-A,+
237,chrII,211936,212386,YBL008W,+
238,chrII,212532,212982,YBL007C,-
239,chrII,216383,216833,YBL006C,-
240,chrII,216510,216960,YBL006W-A,+
241,chrII,220420,220870,YBL005W,+
242,chrII,234832,235282,YBL004W,+
243,chrII,235020,235470,YBL003C,-
244,chrII,236679,237129,YBL002W,+
245,chrII,236976,237426,YBL001C,-
246,chrII,238766,239216,YBR001C,-
247,chrII,241431,241881,YBR002C,-
248,chrII,243880,244330,YBR003W,+
249,chrII,244244,244694,YBR004C,-
250,chrII,246380,246830,YBR005W,+
251,chrII,248153,248603,YBR006W,+
252,chrII,248561,249011,YBR007C,-
253,chrII,252463,252913,YBR008C,-
254,chrII,255273,255723,YBR009C,-
255,chrII,256391,256841,YBR010W,+
256,chrII,256896,257346,YBR011C,-
257,chrII,259047,259497,YBR012C,-
258,chrII,265392,265842,YBR013C,-
259,chrII,266513,266963,YBR014C,-
260,chrII,267470,267920,YBR015C,-
261,chrII,270306,270756,YBR016W,+
262,chrII,270736,271186,YBR017C,-
263,chrII,274327,274777,YBR018C,-
264,chrII,276048,276498,YBR019C,-
265,chrII,280257,280707,YBR020W,+
266,chrII,282994,283444,YBR021W,+
267,chrII,284081,284531,YBR022W,+
268,chrII,284124,284574,YBR023C,-
269,chrII,290218,290668,YBR024W,+
270,chrII,290368,290818,YBR025C,-
271,chrII,292660,293110,YBR026C,-
272,chrII,293924,294374,YBR027C,-
273,chrII,294325,294775,YBR028C,-
274,chrII,296269,296719,YBR029C,-
275,chrII,299645,300095,YBR030W,+
276,chrII,301002,301452,YBR031W,+
277,chrII,301471,301921,YBR032W,+
278,chrII,304541,304991,YBR033W,+
279,chrII,304647,305097,YBR034C,-
280,chrII,306102,306552,YBR035C,-
281,chrII,308877,309327,YBR036C,-
282,chrII,310392,310842,YBR037C,-
283,chrII,314439,314889,YBR038W,+
284,chrII,316274,316724,YBR039W,+
285,chrII,317514,317964,YBR040W,+
286,chrII,319925,320375,YBR041W,+
287,chrII,320316,320766,YBR042C,-
288,chrII,321635,322085,YBR043C,-
289,chrII,324164,324614,YBR044C,-
290,chrII,327948,328398,YBR045C,-
291,chrII,330361,330811,YBR046C,-
292,chrII,332010,332460,YBR047W,+
293,chrII,333705,334155,YBR048W,+
294,chrII,333826,334276,YBR049C,-
295,chrII,337042,337492,YBR050C,-
296,chrII,337988,338438,YBR051W,+
297,chrII,338559,339009,YBR052C,-
298,chrII,339504,339954,YBR053C,-
299,chrII,344260,344710,YBR054W,+
300,chrII,344387,344837,YBR055C,-
301,chrII,349077,349527,YBR056W,+
302,chrII,351105,351555,YBR056W-A,+
303,chrII,351193,351643,YBR056C-B,-
304,chrII,352093,352543,YBR057C,-
305,chrII,353531,353981,YBR058C,-
306,chrII,356046,356496,YBR058C-A,-
307,chrII,356675,357125,YBR059C,-
308,chrII,360492,360942,YBR060C,-
309,chrII,364609,365059,YBR061C,-
310,chrII,365771,366221,YBR062C,-
311,chrII,366815,367265,YBR063C,-
312,chrII,367841,368291,YBR064W,+
313,chrII,368484,368934,YBR065C,-
314,chrII,369838,370288,YBR066C,-
315,chrII,371905,372355,YBR067C,-
316,chrII,373536,373986,YBR068C,-
317,chrII,376344,376794,YBR069C,-
318,chrII,379073,379523,YBR070C,-
319,chrII,380959,381409,YBR071W,+
320,chrII,382485,382935,YBR072W,+
321,chrII,382625,383075,YBR072C-A,-
322,chrII,385698,386148,YBR073W,+
323,chrII,388866,389316,YBR074W,+
324,chrII,391251,391701,YBR076C-A,-
325,chrII,391325,391775,YBR076W,+
326,chrII,391476,391926,YBR077C,-
327,chrII,394444,394894,YBR078W,+
328,chrII,395188,395638,YBR079C,-
329,chrII,398333,398783,YBR080C,-
330,chrII,401030,401480,YBR081C,-
331,chrII,406320,406770,YBR082C,-
332,chrII,410365,410815,YBR083W,+
333,chrII,413788,414238,YBR084W,+
334,chrII,413962,414412,YBR084C-A,-
335,chrII,416556,417006,YBR085W,+
336,chrII,418807,419257,YBR085C-A,-
337,chrII,420101,420551,YBR086C,-
338,chrII,424533,424983,YBR087W,+
339,chrII,424890,425340,YBR088C,-
340,chrII,425432,425882,YBR089W,+
341,chrII,425890,426340,YBR089C-A,-
342,chrII,426233,426683,YBR090C,-
343,chrII,426947,427397,YBR091C,-
344,chrII,427493,427943,YBR092C,-
345,chrII,429383,429833,YBR093C,-
346,chrII,433947,434397,YBR094W,+
347,chrII,434283,434733,YBR095C,-
348,chrII,436432,436882,YBR096W,+
349,chrII,441132,441582,YBR097W,+
350,chrII,442824,443274,YBR099C,-
351,chrII,443304,443754,YBR098W,+
352,chrII,443673,444123,YBR101C,-
353,chrII,444851,445301,YBR102C,-
354,chrII,449010,449460,YBR103W,+
355,chrII,449220,449670,YBR103C-A,-
356,chrII,450388,450838,YBR104W,+
357,chrII,450627,451077,YBR105C,-
358,chrII,453010,453460,YBR106W,+
359,chrII,453382,453832,YBR107C,-
360,chrII,457489,457939,YBR108W,+
361,chrII,457617,458067,YBR109C,-
362,chrII,458482,458932,YBR109W-A,+
363,chrII,459965,460415,YBR110W,+
364,chrII,460999,461449,YBR111C,-
365,chrII,462229,462679,YBR111W-A,+
366,chrII,462770,463220,YBR112C,-
367,chrII,465698,466148,YBR113W,+
368,chrII,469270,469720,YBR114W,+
369,chrII,469648,470098,YBR115C,-
370,chrII,474099,474549,YBR116C,-
371,chrII,474133,474583,YBR117C,-
372,chrII,478794,479244,YBR118W,+
373,chrII,479973,480423,YBR119W,+
374,chrII,480335,480785,YBR120C,-
375,chrII,481121,481571,YBR121C,-
376,chrII,482226,482676,YBR121C-A,-
377,chrII,483666,484116,YBR122C,-
378,chrII,484583,485033,YBR123C,-
379,chrII,486516,486966,YBR124W,+
380,chrII,486949,487399,YBR125C,-
381,chrII,488805,489255,YBR126C,-
382,chrII,490706,491156,YBR126W-A,+
383,chrII,490720,491170,YBR126W-B,+
384,chrII,491003,491453,YBR127C,-
385,chrII,492880,493330,YBR128C,-
386,chrII,494253,494703,YBR129C,-
387,chrII,495372,495822,YBR130C,-
388,chrII,497550,498000,YBR131C-A,-
389,chrII,499202,499652,YBR131W,+
390,chrII,499552,500002,YBR132C,-
391,chrII,501624,502074,YBR133C,-
392,chrII,504294,504744,YBR134W,+
393,chrII,505056,505506,YBR135W,+
394,chrII,512619,513069,YBR136W,+
395,chrII,513326,513776,YBR137W,+
396,chrII,513505,513955,YBR138C,-
397,chrII,517033,517483,YBR139W,+
398,chrII,517250,517700,YBR140C,-
399,chrII,526802,527252,YBR141C,-
400,chrII,526912,527362,YBR141W-A,+
401,chrII,530404,530854,YBR142W,+
402,chrII,530535,530985,YBR143C,-
403,chrII,533135,533585,YBR144C,-
404,chrII,534604,535054,YBR145W,+
405,chrII,535936,536386,YBR146W,+
406,chrII,537128,537578,YBR147W,+
407,chrII,539355,539805,YBR148W,+
408,chrII,540828,541278,YBR149W,+
409,chrII,541109,541559,YBR150C,-
410,chrII,545757,546207,YBR151W,+
411,chrII,546901,547351,YBR152W,+
412,chrII,548057,548507,YBR153W,+
413,chrII,548262,548712,YBR154C,-
414,chrII,550654,551104,YBR155W,+
415,chrII,550820,551270,YBR156C,-
416,chrII,553443,553893,YBR157C,-
417,chrII,557993,558443,YBR158W,+
418,chrII,559535,559985,YBR159W,+
419,chrII,560715,561165,YBR160W,+
420,chrII,562806,563256,YBR161W,+
421,chrII,562950,563400,YBR162C,-
422,chrII,565168,565618,YBR162W-A,+
423,chrII,567181,567631,YBR163W,+
424,chrII,567633,568083,YBR164C,-
425,chrII,569377,569827,YBR165W,+
426,chrII,569742,570192,YBR166C,-
427,chrII,571294,571744,YBR167C,-
428,chrII,573402,573852,YBR168W,+
429,chrII,573815,574265,YBR169C,-
430,chrII,576091,576541,YBR170C,-
431,chrII,578700,579150,YBR171W,+
432,chrII,579050,579500,YBR172C,-
433,chrII,581476,581926,YBR173C,-
434,chrII,582238,582688,YBR174C,-
435,chrII,583005,583455,YBR175W,+
436,chrII,584450,584900,YBR176W,+
437,chrII,584581,585031,YBR177C,-
438,chrII,586095,586545,YBR178W,+
439,chrII,586447,586897,YBR179C,-
440,chrII,591336,591786,YBR180W,+
441,chrII,591510,591960,YBR181C,-
442,chrII,593110,593560,YBR182C,-
443,chrII,595261,595711,YBR182C-A,-
444,chrII,596715,597165,YBR183W,+
445,chrII,598584,599034,YBR184W,+
446,chrII,598898,599348,YBR185C,-
447,chrII,602010,602460,YBR186W,+
448,chrII,603262,603712,YBR187W,+
449,chrII,603422,603872,YBR188C,-
450,chrII,605225,605675,YBR189W,+
451,chrII,605927,606377,YBR190W,+
452,chrII,606873,607323,YBR191W-A,+
453,chrII,606979,607429,YBR191W,+
454,chrII,608577,609027,YBR192W,+
455,chrII,608743,609193,YBR193C,-
456,chrII,610266,610716,YBR194W,+
457,chrII,610386,610836,YBR195C,-
458,chrII,612030,612480,YBR196C,-
459,chrII,613924,614374,YBR196C-A,-
460,chrII,614426,614876,YBR196C-B,-
461,chrII,615103,615553,YBR197C,-
462,chrII,615932,616382,YBR198C,-
463,chrII,620132,620582,YBR199W,+
464,chrII,622390,622840,YBR200W,+
465,chrII,622797,623247,YBR200W-A,+
466,chrII,623981,624431,YBR201W,+
467,chrII,624140,624590,YBR201C-A,-
468,chrII,627959,628409,YBR202W,+
469,chrII,631592,632042,YBR203W,+
470,chrII,632154,632604,YBR204C,-
471,chrII,634574,635024,YBR206W,+
472,chrII,634586,635036,YBR205W,+
473,chrII,636302,636752,YBR207W,+
474,chrII,636463,636913,YBR208C,-
475,chrII,642550,643000,YBR209W,+
476,chrII,645690,646140,YBR210W,+
477,chrII,646058,646508,YBR211C,-
478,chrII,649759,650209,YBR212W,+
479,chrII,651036,651486,YBR213W,+
480,chrII,652648,653098,YBR214W,+
481,chrII,655073,655523,YBR215W,+
482,chrII,655242,655692,YBR216C,-
483,chrII,658343,658793,YBR217W,+
484,chrII,658469,658919,YBR218C,-
485,chrII,662399,662849,YBR219C,-
486,chrII,662738,663188,YBR220C,-
487,chrII,664809,665259,YBR221C,-
488,chrII,666344,666794,YBR221W-A,+
489,chrII,666499,666949,YBR222C,-
490,chrII,668490,668940,YBR223W-A,+
491,chrII,668563,669013,YBR223C,-
492,chrII,670290,670740,YBR224W,+
493,chrII,672979,673429,YBR225W,+
494,chrII,673055,673505,YBR226C,-
495,chrII,673472,673922,YBR227C,-
496,chrII,675877,676327,YBR228W,+
497,chrII,676122,676572,YBR229C,-
498,chrII,679404,679854,YBR230C,-
499,chrII,680421,680871,YBR230W-A,+
500,chrII,682032,682482,YBR231C,-
501,chrII,683273,683723,YBR232C,-
502,chrII,684319,684769,YBR233W,+
503,chrII,685178,685628,YBR233W-A,+
504,chrII,685263,685713,YBR234C,-
505,chrII,690002,690452,YBR235W,+
506,chrII,690156,690606,YBR236C,-
507,chrII,694168,694618,YBR237W,+
508,chrII,695007,695457,YBR238C,-
509,chrII,698254,698704,YBR239C,-
510,chrII,700159,700609,YBR240C,-
511,chrII,702418,702868,YBR241C,-
512,chrII,705119,705569,YBR242W,+
513,chrII,705263,705713,YBR243C,-
514,chrII,707900,708350,YBR244W,+
515,chrII,708050,708500,YBR245C,-
516,chrII,712497,712947,YBR246W,+
517,chrII,712645,713095,YBR247C,-
518,chrII,714623,715073,YBR248C,-
519,chrII,716663,717113,YBR249C,-
520,chrII,720254,720704,YBR250W,+
521,chrII,722042,722492,YBR251W,+
522,chrII,722764,723214,YBR252W,+
523,chrII,723307,723757,YBR253W,+
524,chrII,723479,723929,YBR254C,-
525,chrII,726330,726780,YBR255W,+
526,chrII,726419,726869,YBR255C-A,-
527,chrII,727184,727634,YBR256C,-
528,chrII,729392,729842,YBR257W,+
529,chrII,729565,730015,YBR258C,-
530,chrII,732169,732619,YBR259W,+
531,chrII,732539,732989,YBR260C,-
532,chrII,734603,735053,YBR261C,-
533,chrII,735525,735975,YBR262C,-
534,chrII,737434,737884,YBR263W,+
535,chrII,737562,738012,YBR264C,-
536,chrII,739324,739774,YBR265W,+
537,chrII,739836,740286,YBR266C,-
538,chrII,740787,741237,YBR267W,+
539,chrII,741361,741811,YBR268W,+
540,chrII,741875,742325,YBR269C,-
541,chrII,742661,743111,YBR270C,-
542,chrII,745861,746311,YBR271W,+
543,chrII,746070,746520,YBR272C,-
544,chrII,747961,748411,YBR273C,-
545,chrII,750857,751307,YBR274W,+
546,chrII,751256,751706,YBR275C,-
547,chrII,757442,757892,YBR276C,-
548,chrII,760115,760565,YBR277C,-
549,chrII,760632,761082,YBR278W,+
550,chrII,762244,762694,YBR279W,+
551,chrII,762684,763134,YBR280C,-
552,chrII,764754,765204,YBR281C,-
553,chrII,768674,769124,YBR283C,-
554,chrII,768677,769127,YBR282W,+
555,chrII,773282,773732,YBR284W,+
556,chrII,774006,774456,YBR285W,+
557,chrII,776002,776452,YBR286W,+
558,chrII,777558,778008,YBR287W,+
559,chrII,777912,778362,YBR288C,-
560,chrII,782034,782484,YBR289W,+
561,chrII,783333,783783,YBR290W,+
562,chrII,783522,783972,YBR291C,-
563,chrII,784602,785052,YBR292C,-
564,chrII,788294,788744,YBR293W,+
565,chrII,791464,791914,YBR294W,+
566,chrII,796161,796611,YBR295W,+
567,chrII,796625,797075,YBR296C,-
568,chrII,799691,800141,YBR296C-A,-
569,chrII,801579,802029,YBR297W,+
570,chrII,802531,802981,YBR298C,-
571,chrII,804550,805000,YBR298C-A,-
572,chrII,806755,807205,YBR299W,+
573,chrII,808500,808950,YBR300C,-
574,chrII,809069,809519,YBR301W,+
575,chrII,810157,810607,YBR302C,-
576,chrIII,1785,2235,YCL076W,+
577,chrIII,6379,6829,YCL073C,-
578,chrIII,10732,11182,YCL069W,+
579,chrIII,11403,11853,YCL068C,-
580,chrIII,12286,12736,YCL067C,-
581,chrIII,13459,13909,YCL066W,+
582,chrIII,13769,14219,YCL065W,+
583,chrIII,15603,16053,YCL064C,-
584,chrIII,18211,18661,YCL063W,+
585,chrIII,18716,19166,YCL061C,-
586,chrIII,22258,22708,YCL059C,-
587,chrIII,23423,23873,YCL058C,-
588,chrIII,23640,24090,YCL058W-A,+
589,chrIII,23788,24238,YCL057C-A,-
590,chrIII,26699,27149,YCL057W,+
591,chrIII,26790,27240,YCL056C,-
592,chrIII,28775,29225,YCL055W,+
593,chrIII,33624,34074,YCL054W,+
594,chrIII,33823,34273,YCL052C,-
595,chrIII,37266,37716,YCL051W,+
596,chrIII,37658,38108,YCL050C,-
597,chrIII,39538,39988,YCL049C,-
598,chrIII,41377,41827,YCL048W-A,+
599,chrIII,43368,43818,YCL047C,-
600,chrIII,43385,43835,YCL048W,+
601,chrIII,44462,44912,YCL045C,-
602,chrIII,46613,47063,YCL046W,+
603,chrIII,47011,47461,YCL044C,-
604,chrIII,48553,49003,YCL043C,-
605,chrIII,50033,50483,YCL041C,-
606,chrIII,50593,51043,YCL042W,+
607,chrIII,52172,52622,YCL040W,+
608,chrIII,54532,54982,YCL039W,+
609,chrIII,54841,55291,YCL038C,-
610,chrIII,57274,57724,YCL037C,-
611,chrIII,60480,60930,YCL036W,+
612,chrIII,60636,61086,YCL035C,-
613,chrIII,62495,62945,YCL034W,+
614,chrIII,62544,62994,YCL033C,-
615,chrIII,64230,64680,YCL032W,+
616,chrIII,64575,65025,YCL031C,-
617,chrIII,65708,66158,YCL030C,-
618,chrIII,68249,68699,YCL029C,-
619,chrIII,71145,71595,YCL028W,+
620,chrIII,73077,73527,YCL027W,+
621,chrIII,73242,73692,YCL026C-B,-
622,chrIII,74604,75054,YCL026C-A,-
623,chrIII,75823,76273,YCL025C,-
624,chrIII,78849,79299,YCL023C,-
625,chrIII,81470,81920,YCL022C,-
626,chrIII,81925,82375,YCL024W,+
627,chrIII,83844,84294,YCL021W-A,+
628,chrIII,92234,92684,YCL018W,+
629,chrIII,92524,92974,YCL017C,-
630,chrIII,94428,94878,YCL016C,-
631,chrIII,100974,101424,YCL014W,+
632,chrIII,101163,101613,YCL012C,-
633,chrIII,101892,102342,YCL011C,-
634,chrIII,103416,103866,YCL010C,-
635,chrIII,104371,104821,YCL009C,-
636,chrIII,105596,106046,YCL008C,-
637,chrIII,106874,107324,YCL007C,-
638,chrIII,107173,107623,YCL005W-A,+
639,chrIII,108646,109096,YCL005W,+
640,chrIII,110363,110813,YCL004W,+
641,chrIII,110440,110890,YCL002C,-
642,chrIII,112195,112645,YCL001W,+
643,chrIII,113191,113641,YCL001W-A,+
644,chrIII,113902,114352,YCL001W-B,+
645,chrIII,115649,116099,YCR001W,+
646,chrIII,117219,117669,YCR002C,-
647,chrIII,118919,119369,YCR003W,+
648,chrIII,119365,119815,YCR004C,-
649,chrIII,120821,121271,YCR005C,-
650,chrIII,122430,122880,YCR006C,-
651,chrIII,125835,126285,YCR007C,-
652,chrIII,129931,130381,YCR008W,+
653,chrIII,130543,130993,YCR009C,-
654,chrIII,132173,132623,YCR010C,-
655,chrIII,133563,134013,YCR011C,-
656,chrIII,138302,138752,YCR013C,-
657,chrIII,138646,139096,YCR012W,+
658,chrIII,139085,139535,YCR014C,-
659,chrIII,141117,141567,YCR015C,-
660,chrIII,144156,144606,YCR016W,+
661,chrIII,144572,145022,YCR017C,-
662,chrIII,148138,148588,YCR018C,-
663,chrIII,151508,151958,YCR018C-A,-
664,chrIII,153578,154028,YCR019W,+
665,chrIII,153912,154362,YCR020C,-
666,chrIII,154730,155180,YCR020C-A,-
667,chrIII,155206,155656,YCR020W-B,+
668,chrIII,156009,156459,YCR021C,-
669,chrIII,157321,157771,YCR022C,-
670,chrIII,158191,158641,YCR023C,-
671,chrIII,160517,160967,YCR024C,-
672,chrIII,162359,162809,YCR024C-B,-
673,chrIII,162845,163295,YCR024C-A,-
674,chrIII,163346,163796,YCR025C,-
675,chrIII,163789,164239,YCR026C,-
676,chrIII,167149,167599,YCR027C,-
677,chrIII,170585,171035,YCR028C,-
678,chrIII,172657,173107,YCR028C-A,-
679,chrIII,173553,174003,YCR030C,-
680,chrIII,177293,177743,YCR031C,-
681,chrIII,185747,186197,YCR032W,+
682,chrIII,189819,190269,YCR033W,+
683,chrIII,191453,191903,YCR034W,+
684,chrIII,191579,192029,YCR035C,-
685,chrIII,193970,194420,YCR036W,+
686,chrIII,194240,194690,YCR037C,-
687,chrIII,197521,197971,YCR038C,-
688,chrIII,199068,199518,YCR038W-A,+
689,chrIII,199446,199896,YCR039C,-
690,chrIII,200831,201281,YCR040W,+
691,chrIII,200893,201343,YCR041W,+
692,chrIII,201074,201524,YCR042C,-
693,chrIII,206161,206611,YCR043C,-
694,chrIII,206777,207227,YCR044C,-
695,chrIII,208035,208485,YCR045C,-
696,chrIII,208751,209201,YCR045W-A,+
697,chrIII,209704,210154,YCR046C,-
698,chrIII,210422,210872,YCR047C,-
699,chrIII,211157,211607,YCR047W-A,+
700,chrIII,211771,212221,YCR049C,-
701,chrIII,213364,213814,YCR050C,-
702,chrIII,213411,213861,YCR048W,+
703,chrIII,214522,214972,YCR051W,+
704,chrIII,216271,216721,YCR052W,+
705,chrIII,218045,218495,YCR053W,+
706,chrIII,218276,218726,YCR054C,-
707,chrIII,220238,220688,YCR057C,-
708,chrIII,223354,223804,YCR059C,-
709,chrIII,224384,224834,YCR060W,+
710,chrIII,227463,227913,YCR061W,+
711,chrIII,227995,228445,YCR064C,-
712,chrIII,228450,228900,YCR063W,+
713,chrIII,230810,231260,YCR065W,+
714,chrIII,232774,233224,YCR066W,+
715,chrIII,232948,233398,YCR067C,-
716,chrIII,238426,238876,YCR068W,+
717,chrIII,239760,240210,YCR071C,-
718,chrIII,239780,240230,YCR069W,+
719,chrIII,240618,241068,YCR072C,-
720,chrIII,242416,242866,YCR073C,-
721,chrIII,247560,248010,YCR073W-A,+
722,chrIII,247784,248234,YCR075C,-
723,chrIII,248939,249389,YCR075W-A,+
724,chrIII,249084,249534,YCR076C,-
725,chrIII,250089,250539,YCR077C,-
726,chrIII,253823,254273,YCR079W,+
727,chrIII,258304,258754,YCR081W,+
728,chrIII,258315,258765,YCR081C-A,-
729,chrIII,259071,259521,YCR082W,+
730,chrIII,259611,260061,YCR083W,+
731,chrIII,260132,260582,YCR084C,-
732,chrIII,262919,263369,YCR085W,+
733,chrIII,263666,264116,YCR086W,+
734,chrIII,263840,264290,YCR087C-A,-
735,chrIII,264141,264591,YCR087W,+
736,chrIII,266619,267069,YCR088W,+
737,chrIII,271969,272419,YCR089W,+
738,chrIII,272141,272591,YCR090C,-
739,chrIII,276449,276899,YCR091W,+
740,chrIII,276664,277114,YCR092C,-
741,chrIII,286093,286543,YCR093W,+
742,chrIII,287665,288115,YCR094W,+
743,chrIII,288011,288461,YCR095C,-
744,chrIII,289668,290118,YCR095W-A,+
745,chrIII,293079,293529,YCR096C,-
746,chrIII,293971,294421,YCR097W,+
747,chrIII,294355,294805,YCR097W-A,+
748,chrIII,296949,297399,YCR098C,-
749,chrIII,300732,301182,YCR099C,-
750,chrIII,301171,301621,YCR100C,-
751,chrIII,302382,302832,YCR101C,-
752,chrIII,304180,304630,YCR102C,-
753,chrIII,306582,307032,YCR102W-A,+
754,chrIII,307825,308275,YCR104W,+
755,chrIII,309838,310288,YCR105W,+
756,chrIII,313435,313885,YCR106W,+
757,chrIII,314911,315361,YCR107W,+
758,chrIII,315889,316339,TEL03R-XC,+
759,chrIII,315897,316347,YCR108C,-
760,chrIV,2863,3313,YDL248W,+
761,chrIV,3486,3936,YDL247W-A,+
762,chrIV,7464,7914,YDL247W,+
763,chrIV,8084,8534,YDL246C,-
764,chrIV,11467,11917,YDL245C,-
765,chrIV,17108,17558,YDL244W,+
766,chrIV,17366,17816,YDL243C,-
767,chrIV,18962,19412,YDL242W,+
768,chrIV,20909,21359,YDL241W,+
769,chrIV,22371,22821,YDL240C-A,-
770,chrIV,25771,26221,YDL240W,+
771,chrIV,26303,26753,YDL239C,-
772,chrIV,28812,29262,YDL238C,-
773,chrIV,31665,32115,YDL237W,+
774,chrIV,33068,33518,YDL236W,+
775,chrIV,33315,33765,YDL235C,-
776,chrIV,34073,34523,YDL234C,-
777,chrIV,37994,38444,YDL233W,+
778,chrIV,38454,38904,YDL232W,+
779,chrIV,38767,39217,YDL231C,-
780,chrIV,43416,43866,YDL230W,+
781,chrIV,45177,45627,YDL228C,-
782,chrIV,45662,46112,YDL229W,+
783,chrIV,46171,46621,YDL227C,-
784,chrIV,50803,51253,YDL226C,-
785,chrIV,53932,54382,YDL225W,+
786,chrIV,54055,54505,YDL224C,-
787,chrIV,57032,57482,YDL223C,-
788,chrIV,60772,61222,YDL222C,-
789,chrIV,62144,62594,YDL220C,-
790,chrIV,62212,62662,YDL221W,+
791,chrIV,65472,65922,YDL219W,+
792,chrIV,67096,67546,YDL218W,+
793,chrIV,67796,68246,YDL217C,-
794,chrIV,68769,69219,YDL216C,-
795,chrIV,70540,70990,YDL215C,-
796,chrIV,74210,74660,YDL214C,-
797,chrIV,77189,77639,YDL213C,-
798,chrIV,78708,79158,YDL212W,+
799,chrIV,78959,79409,YDL211C,-
800,chrIV,85635,86085,YDL210W,+
801,chrIV,86107,86557,YDL209C,-
802,chrIV,87632,88082,YDL208W,+
803,chrIV,89514,89964,YDL207W,+
804,chrIV,92125,92575,YDL206W,+
805,chrIV,92662,93112,YDL205C,-
806,chrIV,95436,95886,YDL204W,+
807,chrIV,95982,96432,YDL203C,-
808,chrIV,99023,99473,YDL202W,+
809,chrIV,100140,100590,YDL201W,+
810,chrIV,100208,100658,YDL200C,-
811,chrIV,101096,101546,YDL199C,-
812,chrIV,103444,103894,YDL198C,-
813,chrIV,104729,105179,YDL197C,-
814,chrIV,106720,107170,YDL196W,+
815,chrIV,110859,111309,YDL195W,+
816,chrIV,114041,114491,YDL194W,+
817,chrIV,115642,116092,YDL193W,+
818,chrIV,116661,117111,YDL192W,+
819,chrIV,118228,118678,YDL191W,+
820,chrIV,118399,118849,YDL190C,-
821,chrIV,123336,123786,YDL189W,+
822,chrIV,123720,124170,YDL188C,-
823,chrIV,125409,125859,YDL187C,-
824,chrIV,126099,126549,YDL186W,+
825,chrIV,126508,126958,YDL185C-A,-
826,chrIV,129828,130278,YDL185W,+
827,chrIV,130094,130544,YDL184C,-
828,chrIV,130639,131089,YDL183C,-
829,chrIV,134466,134916,YDL182W,+
830,chrIV,135199,135649,YDL181W,+
831,chrIV,137240,137690,YDL180W,+
832,chrIV,139017,139467,YDL179W,+
833,chrIV,140764,141214,YDL178W,+
834,chrIV,141109,141559,YDL177C,-
835,chrIV,143988,144438,YDL176W,+
836,chrIV,144164,144614,YDL175C,-
837,chrIV,145631,146081,YDL174C,-
838,chrIV,148507,148957,YDL172C,-
839,chrIV,148728,149178,YDL173W,+
840,chrIV,149103,149553,YDL171C,-
841,chrIV,157713,158163,YDL170W,+
842,chrIV,157902,158352,YDL169C,-
843,chrIV,160472,160922,YDL168W,+
844,chrIV,160859,161309,YDL167C,-
845,chrIV,163274,163724,YDL166C,-
846,chrIV,164556,165006,YDL165W,+
847,chrIV,164725,165175,YDL164C,-
848,chrIV,166908,167358,YDL163W,+
849,chrIV,167259,167709,YDL162C,-
850,chrIV,168835,169285,YDL161W,+
851,chrIV,169059,169509,YDL160C-A,-
852,chrIV,169867,170317,YDL160C,-
853,chrIV,171963,172413,YDL159W-A,+
854,chrIV,172956,173406,YDL159C-B,-
855,chrIV,173678,174128,YDL159W,+
856,chrIV,173766,174216,YDL158C,-
857,chrIV,173849,174299,YDL157C,-
858,chrIV,176136,176586,YDL156W,+
859,chrIV,177834,178284,YDL155W,+
860,chrIV,180689,181139,YDL154W,+
861,chrIV,181086,181536,YDL153C,-
862,chrIV,182837,183287,YDL152W,+
863,chrIV,183218,183668,YDL151C,-
864,chrIV,184347,184797,YDL150W,+
865,chrIV,187661,188111,YDL149W,+
866,chrIV,187767,188217,YDL148C,-
867,chrIV,192060,192510,YDL147W,+
868,chrIV,193875,194325,YDL146W,+
869,chrIV,194439,194889,YDL145C,-
870,chrIV,198470,198920,YDL144C,-
871,chrIV,201330,201780,YDL143W,+
872,chrIV,201488,201938,YDL142C,-
873,chrIV,204855,205305,YDL141W,+
874,chrIV,205260,205710,YDL140C,-
875,chrIV,211130,211580,YDL139C,-
876,chrIV,215457,215907,YDL138W,+
877,chrIV,216879,217329,YDL137W,+
878,chrIV,218111,218561,YDL136W,+
879,chrIV,218489,218939,YDL135C,-
880,chrIV,219497,219947,YDL134C,-
881,chrIV,221331,221781,YDL133C-A,-
882,chrIV,223450,223900,YDL133W,+
883,chrIV,226401,226851,YDL132W,+
884,chrIV,228470,228920,YDL131W,+
885,chrIV,229243,229693,YDL130W-A,+
886,chrIV,230177,230627,YDL130W,+
887,chrIV,231549,231999,YDL129W,+
888,chrIV,233702,234152,YDL128W,+
889,chrIV,235785,236235,YDL127W,+
890,chrIV,236006,236456,YDL126C,-
891,chrIV,238784,239234,YDL125C,-
892,chrIV,240921,241371,YDL124W,+
893,chrIV,241490,241940,YDL123W,+
894,chrIV,244631,245081,YDL122W,+
895,chrIV,245033,245483,YDL121C,-
896,chrIV,246254,246704,YDL120W,+
897,chrIV,246434,246884,YDL119C,-
898,chrIV,247816,248266,YDL118W,+
899,chrIV,251027,251477,YDL117W,+
900,chrIV,253463,253913,YDL116W,+
901,chrIV,253802,254252,YDL115C,-
902,chrIV,254698,255148,YDL114W-A,+
903,chrIV,256180,256630,YDL114W,+
904,chrIV,256533,256983,YDL113C,-
905,chrIV,262949,263399,YDL112W,+
906,chrIV,263058,263508,YDL111C,-
907,chrIV,264294,264744,YDL110C,-
908,chrIV,265158,265608,YDL109C,-
909,chrIV,268405,268855,YDL108W,+
910,chrIV,269776,270226,YDL107W,+
911,chrIV,270010,270460,YDL106C,-
912,chrIV,273405,273855,YDL105W,+
913,chrIV,273468,273918,YDL104C,-
914,chrIV,274990,275440,YDL103C,-
915,chrIV,279815,280265,YDL102W,+
916,chrIV,280063,280513,YDL101C,-
917,chrIV,281932,282382,YDL100C,-
918,chrIV,284094,284544,YDL099W,+
919,chrIV,284481,284931,YDL098C,-
920,chrIV,285212,285662,YDL097C,-
921,chrIV,286898,287348,YDL096C,-
922,chrIV,289280,289730,YDL095W,+
923,chrIV,289472,289922,YDL094C,-
924,chrIV,291790,292240,YDL093W,+
925,chrIV,292871,293321,YDL092W,+
926,chrIV,293292,293742,YDL091C,-
927,chrIV,294879,295329,YDL090C,-
928,chrIV,298001,298451,YDL089W,+
929,chrIV,298230,298680,YDL088C,-
930,chrIV,299954,300404,YDL087C,-
931,chrIV,301555,302005,YDL086C-A,-
932,chrIV,301950,302400,YDL086W,+
933,chrIV,302262,302712,YDL085C-A,-
934,chrIV,304579,305029,YDL085W,+
935,chrIV,306536,306986,YDL084W,+
936,chrIV,306692,307142,YDL083C,-
937,chrIV,309038,309488,YDL082W,+
938,chrIV,309702,310152,YDL081C,-
939,chrIV,310542,310992,YDL080C,-
940,chrIV,312727,313177,YDL079C,-
941,chrIV,315168,315618,YDL078C,-
942,chrIV,316846,317296,YDL077C,-
943,chrIV,320344,320794,YDL076C,-
944,chrIV,322638,323088,YDL075W,+
945,chrIV,323843,324293,YDL074C,-
946,chrIV,329274,329724,YDL073W,+
947,chrIV,329736,330186,YDL072C,-
948,chrIV,330566,331016,YDL071C,-
949,chrIV,332753,333203,YDL070W,+
950,chrIV,332933,333383,YDL069C,-
951,chrIV,333479,333929,YDL068W,+
952,chrIV,334117,334567,YDL067C,-
953,chrIV,335868,336318,YDL066W,+
954,chrIV,336010,336460,YDL065C,-
955,chrIV,337806,338256,YDL064W,+
956,chrIV,337923,338373,YDL063C,-
957,chrIV,339932,340382,YDL062W,+
958,chrIV,340307,340757,YDL061C,-
959,chrIV,343641,344091,YDL060W,+
960,chrIV,344137,344587,YDL059C,-
961,chrIV,350687,351137,YDL058W,+
962,chrIV,352113,352563,YDL057W,+
963,chrIV,355263,355713,YDL056W,+
964,chrIV,355481,355931,YDL055C,-
965,chrIV,359725,360175,YDL054C,-
966,chrIV,361511,361961,YDL053C,-
967,chrIV,362493,362943,YDL052C,-
968,chrIV,364346,364796,YDL050C,-
969,chrIV,364536,364986,YDL051W,+
970,chrIV,364968,365418,YDL049C,-
971,chrIV,366531,366981,YDL048C,-
972,chrIV,370524,370974,YDL047W,+
973,chrIV,371680,372130,YDL046W,+
974,chrIV,372305,372755,YDL045W-A,+
975,chrIV,372565,373015,YDL045C,-
976,chrIV,373782,374232,YDL044C,-
977,chrIV,375266,375716,YDL043C,-
978,chrIV,376539,376989,YDL042C,-
979,chrIV,378105,378555,YDL041W,+
980,chrIV,378658,379108,YDL040C,-
981,chrIV,381811,382261,YDL039C,-
982,chrIV,384501,384951,YDL037C,-
983,chrIV,387187,387637,YDL036C,-
984,chrIV,388920,389370,YDL035C,-
985,chrIV,391777,392227,YDL034W,+
986,chrIV,392354,392804,YDL033C,-
987,chrIV,393651,394101,YDL032W,+
988,chrIV,396942,397392,YDL031W,+
989,chrIV,398866,399316,YDL030W,+
990,chrIV,400502,400952,YDL029W,+
991,chrIV,400897,401347,YDL028C,-
992,chrIV,403452,403902,YDL027C,-
993,chrIV,404710,405160,YDL026W,+
994,chrIV,405164,405614,YDL025W-A,+
995,chrIV,405244,405694,YDL025C,-
996,chrIV,408135,408585,YDL024C,-
997,chrIV,409708,410158,YDL022C-A,-
998,chrIV,411661,412111,YDL023C,-
999,chrIV,412766,413216,YDL022W,+
1000,chrIV,414538,414988,YDL021W,+
1001,chrIV,415013,415463,YDL020C,-
1002,chrIV,417397,417847,YDL019C,-
1003,chrIV,422668,423118,YDL018C,-
1004,chrIV,425470,425920,YDL016C,-
1005,chrIV,425603,426053,YDL017W,+
1006,chrIV,425721,426171,YDL015C,-
1007,chrIV,428230,428680,YDL014W,+
1008,chrIV,430665,431115,YDL013W,+
1009,chrIV,430929,431379,YDL012C,-
1010,chrIV,432208,432658,YDL011C,-
1011,chrIV,432825,433275,YDL009C,-
1012,chrIV,432958,433408,YDL010W,+
1013,chrIV,433644,434094,YDL008W,+
1014,chrIV,436467,436917,YDL007C-A,-
1015,chrIV,439083,439533,YDL007W,+
1016,chrIV,440518,440968,YDL006W,+
1017,chrIV,440681,441131,YDL005C,-
1018,chrIV,443444,443894,YDL004W,+
1019,chrIV,446033,446483,YDL003W,+
1020,chrIV,446581,447031,YDL002C,-
1021,chrIV,448926,449376,YDL001W,+
1022,chrIV,450005,450455,YDR001C,-
1023,chrIV,453485,453935,YDR002W,+
1024,chrIV,454404,454854,YDR003W,+
1025,chrIV,454779,455229,YDR003W-A,+
1026,chrIV,456397,456847,YDR004W,+
1027,chrIV,456736,457186,YDR005C,-
1028,chrIV,458442,458892,YDR006C,-
1029,chrIV,462152,462602,YDR008C,-
1030,chrIV,462228,462678,YDR007W,+
1031,chrIV,464704,465154,YDR009W,+
1032,chrIV,464951,465401,YDR010C,-
1033,chrIV,470074,470524,YDR011W,+
1034,chrIV,472670,473120,YDR012W,+
1035,chrIV,473522,473972,YDR013W,+
1036,chrIV,475655,476105,YDR014W,+
1037,chrIV,477860,478310,YDR015C,-
1038,chrIV,477935,478385,YDR014W-A,+
1039,chrIV,478248,478698,YDR016C,-
1040,chrIV,478838,479288,YDR017C,-
1041,chrIV,482570,483020,YDR018C,-
1042,chrIV,484016,484466,YDR019C,-
1043,chrIV,485552,486002,YDR020C,-
1044,chrIV,487711,488161,YDR021W,+
1045,chrIV,487864,488314,YDR022C,-
1046,chrIV,490703,491153,YDR023W,+
1047,chrIV,491152,491602,YDR024W,+
1048,chrIV,492138,492588,YDR025W,+
1049,chrIV,492368,492818,YDR026C,-
1050,chrIV,494475,494925,YDR027C,-
1051,chrIV,497456,497906,YDR028C,-
1052,chrIV,501064,501514,YDR029W,+
1053,chrIV,501605,502055,YDR030C,-
1054,chrIV,503690,504140,YDR031W,+
1055,chrIV,503843,504293,YDR032C,-
1056,chrIV,508759,509209,YDR033W,+
1057,chrIV,509489,509939,YDR034C,-
1058,chrIV,520416,520866,YDR034C-A,-
1059,chrIV,521347,521797,YDR034W-B,+
1060,chrIV,522596,523046,YDR035W,+
1061,chrIV,522968,523418,YDR036C,-
1062,chrIV,526865,527315,YDR037W,+
1063,chrIV,527201,527651,YDR038C,-
1064,chrIV,531207,531657,YDR039C,-
1065,chrIV,535092,535542,YDR040C,-
1066,chrIV,540155,540605,YDR041W,+
1067,chrIV,540501,540951,YDR042C,-
1068,chrIV,542454,542904,YDR043C,-
1069,chrIV,547341,547791,YDR044W,+
1070,chrIV,547670,548120,YDR045C,-
1071,chrIV,548526,548976,YDR046C,-
1072,chrIV,552678,553128,YDR047W,+
1073,chrIV,552984,553434,YDR048C,-
1074,chrIV,554802,555252,YDR049W,+
1075,chrIV,555626,556076,YDR050C,-
1076,chrIV,556896,557346,YDR051C,-
1077,chrIV,558411,558861,YDR052C,-
1078,chrIV,560294,560744,YDR053W,+
1079,chrIV,561326,561776,YDR054C,-
1080,chrIV,564511,564961,YDR055W,+
1081,chrIV,564923,565373,YDR056C,-
1082,chrIV,567357,567807,YDR057W,+
1083,chrIV,567623,568073,YDR058C,-
1084,chrIV,569004,569454,YDR059C,-
1085,chrIV,573376,573826,YDR060W,+
1086,chrIV,575558,576008,YDR061W,+
1087,chrIV,577809,578259,YDR062W,+
1088,chrIV,578817,579267,YDR063W,+
1089,chrIV,580207,580657,YDR064W,+
1090,chrIV,581710,582160,YDR066C,-
1091,chrIV,581852,582302,YDR065W,+
1092,chrIV,582604,583054,YDR067C,-
1093,chrIV,584295,584745,YDR068W,+
1094,chrIV,584692,585142,YDR069C,-
1095,chrIV,587845,588295,YDR070C,-
1096,chrIV,588727,589177,YDR071C,-
1097,chrIV,589661,590111,YDR072C,-
1098,chrIV,592598,593048,YDR073W,+
1099,chrIV,596408,596858,YDR074W,+
1100,chrIV,597732,598182,YDR075W,+
1101,chrIV,599338,599788,YDR076W,+
1102,chrIV,601507,601957,YDR077W,+
1103,chrIV,602098,602548,YDR078C,-
1104,chrIV,603238,603688,YDR079W,+
1105,chrIV,603295,603745,YDR079C-A,-
1106,chrIV,606636,607086,YDR080W,+
1107,chrIV,607167,607617,YDR081C,-
1108,chrIV,611575,612025,YDR082W,+
1109,chrIV,612901,613351,YDR083W,+
1110,chrIV,613058,613508,YDR084C,-
1111,chrIV,614083,614533,YDR085C,-
1112,chrIV,616628,617078,YDR086C,-
1113,chrIV,617274,617724,YDR087C,-
1114,chrIV,618397,618847,YDR088C,-
1115,chrIV,624463,624913,YDR089W,+
1116,chrIV,624623,625073,YDR090C,-
1117,chrIV,626608,627058,YDR091C,-
1118,chrIV,630255,630705,YDR092W,+
1119,chrIV,635825,636275,YDR094W,+
1120,chrIV,635830,636280,YDR093W,+
1121,chrIV,636017,636467,YDR095C,-
1122,chrIV,639473,639923,YDR096W,+
1123,chrIV,640009,640459,YDR097C,-
1124,chrIV,644025,644475,YDR098C,-
1125,chrIV,654421,654871,YDR099W,+
1126,chrIV,655222,655672,YDR100W,+
1127,chrIV,655461,655911,YDR101C,-
1128,chrIV,657548,657998,YDR102C,-
1129,chrIV,660794,661244,YDR103W,+
1130,chrIV,661028,661478,YDR104C,-
1131,chrIV,665217,665667,YDR105C,-
1132,chrIV,667552,668002,YDR106W,+
1133,chrIV,668716,669166,YDR107C,-
1134,chrIV,673158,673608,YDR108W,+
1135,chrIV,673329,673779,YDR109C,-
1136,chrIV,677468,677918,YDR110W,+
1137,chrIV,677971,678421,YDR111C,-
1138,chrIV,679502,679952,YDR112W,+
1139,chrIV,680316,680766,YDR113C,-
1140,chrIV,681824,682274,YDR114C,-
1141,chrIV,682256,682706,YDR115W,+
1142,chrIV,682624,683074,YDR116C,-
1143,chrIV,683773,684223,YDR117C,-
1144,chrIV,687534,687984,YDR118W-A,+
1145,chrIV,687607,688057,YDR118W,+
1146,chrIV,690183,690633,YDR119W,+
1147,chrIV,690864,691314,YDR119W-A,+
1148,chrIV,691449,691899,YDR120C,-
1149,chrIV,693930,694380,YDR121W,+
1150,chrIV,697707,698157,YDR122W,+
1151,chrIV,698454,698904,YDR123C,-
1152,chrIV,700939,701389,YDR124W,+
1153,chrIV,701297,701747,YDR125C,-
1154,chrIV,703894,704344,YDR126W,+
1155,chrIV,709022,709472,YDR127W,+
1156,chrIV,712773,713223,YDR128W,+
1157,chrIV,713093,713543,YDR129C,-
1158,chrIV,715547,715997,YDR130C,-
1159,chrIV,716611,717061,YDR131C,-
1160,chrIV,718598,719048,YDR132C,-
1161,chrIV,720862,721312,YDR133C,-
1162,chrIV,722807,723257,YDR135C,-
1163,chrIV,727611,728061,YDR136C,-
1164,chrIV,730038,730488,YDR137W,+
1165,chrIV,732486,732936,YDR138W,+
1166,chrIV,733254,733704,YDR139C,-
1167,chrIV,734557,735007,YDR140W,+
1168,chrIV,734597,735047,YDR141C,-
1169,chrIV,740337,740787,YDR142C,-
1170,chrIV,741942,742392,YDR143C,-
1171,chrIV,744123,744573,YDR144C,-
1172,chrIV,748007,748457,YDR145W,+
1173,chrIV,748513,748963,YDR146C,-
1174,chrIV,752916,753366,YDR147W,+
1175,chrIV,753439,753889,YDR148C,-
1176,chrIV,755455,755905,YDR149C,-
1177,chrIV,763524,763974,YDR150W,+
1178,chrIV,764078,764528,YDR151C,-
1179,chrIV,766198,766648,YDR152W,+
1180,chrIV,766515,766965,YDR153C,-
1181,chrIV,768290,768740,YDR155C,-
1182,chrIV,768303,768753,YDR154C,-
1183,chrIV,769682,770132,YDR156W,+
1184,chrIV,769982,770432,YDR157W,+
1185,chrIV,771227,771677,YDR158W,+
1186,chrIV,775432,775882,YDR159W,+
1187,chrIV,778371,778821,YDR160W,+
1188,chrIV,779934,780384,YDR161W,+
1189,chrIV,780079,780529,YDR162C,-
1190,chrIV,781647,782097,YDR163W,+
1191,chrIV,781763,782213,YDR164C,-
1192,chrIV,785943,786393,YDR165W,+
1193,chrIV,786048,786498,YDR166C,-
1194,chrIV,789809,790259,YDR167W,+
1195,chrIV,791548,791998,YDR168W,+
1196,chrIV,791848,792298,YDR169C,-
1197,chrIV,794474,794924,YDR169C-A,-
1198,chrIV,795888,796338,YDR170C,-
1199,chrIV,807398,807848,YDR171W,+
1200,chrIV,810079,810529,YDR172W,+
1201,chrIV,810465,810915,YDR173C,-
1202,chrIV,812500,812950,YDR174W,+
1203,chrIV,812971,813421,YDR175C,-
1204,chrIV,816263,816713,YDR176W,+
1205,chrIV,817314,817764,YDR177W,+
1206,chrIV,818218,818668,YDR178W,+
1207,chrIV,818535,818985,YDR179C,-
1208,chrIV,820527,820977,YDR179W-A,+
1209,chrIV,825475,825925,YDR180W,+
1210,chrIV,825543,825993,YDR181C,-
1211,chrIV,828820,829270,YDR182W,+
1212,chrIV,829020,829470,YDR182W-A,+
1213,chrIV,829974,830424,YDR183W,+
1214,chrIV,830297,830747,YDR183C-A,-
1215,chrIV,830369,830819,YDR184C,-
1216,chrIV,831630,832080,YDR185C,-
1217,chrIV,832759,833209,YDR186C,-
1218,chrIV,836128,836578,YDR187C,-
1219,chrIV,837820,838270,YDR188W,+
1220,chrIV,840042,840492,YDR189W,+
1221,chrIV,840393,840843,YDR190C,-
1222,chrIV,843099,843549,YDR191W,+
1223,chrIV,843469,843919,YDR192C,-
1224,chrIV,844602,845052,YDR193W,+
1225,chrIV,845846,846296,YDR194C,-
1226,chrIV,847873,848323,YDR194W-A,+
1227,chrIV,849850,850300,YDR195W,+
1228,chrIV,850080,850530,YDR196C,-
1229,chrIV,852169,852619,YDR197W,+
1230,chrIV,852433,852883,YDR198C,-
1231,chrIV,854179,854629,YDR200C,-
1232,chrIV,854190,854640,YDR199W,+
1233,chrIV,856646,857096,YDR201W,+
1234,chrIV,856754,857204,YDR202C,-
1235,chrIV,857649,858099,YDR203W,+
1236,chrIV,858926,859376,YDR204W,+
1237,chrIV,861170,861620,YDR205W,+
1238,chrIV,864488,864938,YDR206W,+
1239,chrIV,864912,865362,YDR207C,-
1240,chrIV,870276,870726,YDR208W,+
1241,chrIV,870936,871386,YDR209C,-
1242,chrIV,871132,871582,YDR210W,+
1243,chrIV,886515,886965,YDR211W,+
1244,chrIV,888757,889207,YDR212W,+
1245,chrIV,892142,892592,YDR213W,+
1246,chrIV,893668,894118,YDR214W,+
1247,chrIV,893989,894439,YDR215C,-
1248,chrIV,899125,899575,YDR216W,+
1249,chrIV,899451,899901,YDR217C,-
1250,chrIV,903681,904131,YDR218C,-
1251,chrIV,905355,905805,YDR219C,-
1252,chrIV,906900,907350,YDR220C,-
1253,chrIV,909246,909696,YDR221W,+
1254,chrIV,910951,911401,YDR222W,+
1255,chrIV,913455,913905,YDR223W,+
1256,chrIV,914029,914479,YDR224C,-
1257,chrIV,915578,916028,YDR225W,+
1258,chrIV,916960,917410,YDR226W,+
1259,chrIV,921297,921747,YDR227W,+
1260,chrIV,921826,922276,YDR228C,-
1261,chrIV,925850,926300,YDR229W,+
1262,chrIV,926083,926533,YDR231C,-
1263,chrIV,926220,926670,YDR230W,+
1264,chrIV,929100,929550,YDR232W,+
1265,chrIV,929261,929711,YDR233C,-
1266,chrIV,932860,933310,YDR234W,+
1267,chrIV,934861,935311,YDR235W,+
1268,chrIV,935023,935473,YDR236C,-
1269,chrIV,937261,937711,YDR237W,+
1270,chrIV,937447,937897,YDR238C,-
1271,chrIV,940876,941326,YDR239C,-
1272,chrIV,943574,944024,YDR240C,-
1273,chrIV,945088,945538,YDR241W,+
1274,chrIV,948085,948535,YDR243C,-
1275,chrIV,948250,948700,YDR242W,+
1276,chrIV,952244,952694,YDR244W,+
1277,chrIV,953785,954235,YDR245W,+
1278,chrIV,954750,955200,YDR246W,+
1279,chrIV,954983,955433,YDR246W-A,+
1280,chrIV,957226,957676,YDR247W,+
1281,chrIV,957559,958009,YDR248C,-
1282,chrIV,958463,958913,YDR249C,-
1283,chrIV,959986,960436,YDR250C,-
1284,chrIV,962932,963382,YDR251W,+
1285,chrIV,963640,964090,YDR252W,+
1286,chrIV,963806,964256,YDR253C,-
1287,chrIV,966167,966617,YDR254W,+
1288,chrIV,966457,966907,YDR255C,-
1289,chrIV,968033,968483,YDR256C,-
1290,chrIV,969890,970340,YDR257C,-
1291,chrIV,971708,972158,YDR258C,-
1292,chrIV,974531,974981,YDR259C,-
1293,chrIV,976269,976719,YDR260C,-
1294,chrIV,977293,977743,YDR261C,-
1295,chrIV,993798,994248,YDR262W,+
1296,chrIV,994087,994537,YDR263C,-
1297,chrIV,995663,996113,YDR264C,-
1298,chrIV,999527,999977,YDR265W,+
1299,chrIV,1000004,1000454,YDR266C,-
1300,chrIV,1002252,1002702,YDR267C,-
1301,chrIV,1004895,1005345,YDR268W,+
1302,chrIV,1005565,1006015,YDR269C,-
1303,chrIV,1008295,1008745,YDR271C,-
1304,chrIV,1008339,1008789,YDR270W,+
1305,chrIV,1009536,1009986,YDR272W,+
1306,chrIV,1010951,1011401,YDR273W,+
1307,chrIV,1011489,1011939,YDR274C,-
1308,chrIV,1012897,1013347,YDR275W,+
1309,chrIV,1013003,1013453,YDR276C,-
1310,chrIV,1014097,1014547,YDR277C,-
1311,chrIV,1016901,1017351,YDR278C,-
1312,chrIV,1020102,1020552,YDR279W,+
1313,chrIV,1021422,1021872,YDR280W,+
1314,chrIV,1021594,1022044,YDR281C,-
1315,chrIV,1023116,1023566,YDR282C,-
1316,chrIV,1024834,1025284,YDR283C,-
1317,chrIV,1030359,1030809,YDR284C,-
1318,chrIV,1034876,1035326,YDR285W,+
1319,chrIV,1035040,1035490,YDR286C,-
1320,chrIV,1036608,1037058,YDR287W,+
1321,chrIV,1037802,1038252,YDR288W,+
1322,chrIV,1037969,1038419,YDR289C,-
1323,chrIV,1039349,1039799,YDR290W,+
1324,chrIV,1042747,1043197,YDR291W,+
1325,chrIV,1042850,1043300,YDR292C,-
1326,chrIV,1045281,1045731,YDR293C,-
1327,chrIV,1050304,1050754,YDR294C,-
1328,chrIV,1052437,1052887,YDR295C,-
1329,chrIV,1055630,1056080,YDR296W,+
1330,chrIV,1057413,1057863,YDR297W,+
1331,chrIV,1057895,1058345,YDR298C,-
1332,chrIV,1060881,1061331,YDR299W,+
1333,chrIV,1061290,1061740,YDR300C,-
1334,chrIV,1067206,1067656,YDR301W,+
1335,chrIV,1068148,1068598,YDR302W,+
1336,chrIV,1068629,1069079,YDR303C,-
1337,chrIV,1071704,1072154,YDR304C,-
1338,chrIV,1072584,1073034,YDR305C,-
1339,chrIV,1073451,1073901,YDR306C,-
1340,chrIV,1077638,1078088,YDR307W,+
1341,chrIV,1077811,1078261,YDR308C,-
1342,chrIV,1078930,1079380,YDR309C,-
1343,chrIV,1080828,1081278,YDR310C,-
1344,chrIV,1086744,1087194,YDR311W,+
1345,chrIV,1088687,1089137,YDR312W,+
1346,chrIV,1088916,1089366,YDR313C,-
1347,chrIV,1090333,1090783,YDR314C,-
1348,chrIV,1092548,1092998,YDR315C,-
1349,chrIV,1094910,1095360,YDR316W,+
1350,chrIV,1103164,1103614,YDR317W,+
1351,chrIV,1104736,1105186,YDR318W,+
1352,chrIV,1104864,1105314,YDR319C,-
1353,chrIV,1105995,1106445,YDR320C,-
1354,chrIV,1108180,1108630,YDR320C-A,-
1355,chrIV,1108271,1108721,YDR320W-B,+
1356,chrIV,1109647,1110097,YDR321W,+
1357,chrIV,1111415,1111865,YDR322W,+
1358,chrIV,1111690,1112140,YDR322C-A,-
1359,chrIV,1112280,1112730,YDR323C,-
1360,chrIV,1114139,1114589,YDR324C,-
1361,chrIV,1119958,1120408,YDR325W,+
1362,chrIV,1120509,1120959,YDR326C,-
1363,chrIV,1125136,1125586,YDR328C,-
1364,chrIV,1125278,1125728,YDR327W,+
1365,chrIV,1126091,1126541,YDR329C,-
1366,chrIV,1129102,1129552,YDR330W,+
1367,chrIV,1130473,1130923,YDR331W,+
1368,chrIV,1132791,1133241,YDR332W,+
1369,chrIV,1132939,1133389,YDR333C,-
1370,chrIV,1140235,1140685,YDR334W,+
1371,chrIV,1144564,1145014,YDR335W,+
1372,chrIV,1145773,1146223,YDR336W,+
1373,chrIV,1146883,1147333,YDR337W,+
1374,chrIV,1147190,1147640,YDR338C,-
1375,chrIV,1149753,1150203,YDR339C,-
1376,chrIV,1150833,1151283,YDR340W,+
1377,chrIV,1151598,1152048,YDR341C,-
1378,chrIV,1154073,1154523,YDR342C,-
1379,chrIV,1159357,1159807,YDR343C,-
1380,chrIV,1161906,1162356,YDR344C,-
1381,chrIV,1162756,1163206,YDR345C,-
1382,chrIV,1166894,1167344,YDR346C,-
1383,chrIV,1169907,1170357,YDR347W,+
1384,chrIV,1170040,1170490,YDR348C,-
1385,chrIV,1172162,1172612,YDR349C,-
1386,chrIV,1175947,1176397,YDR350C,-
1387,chrIV,1180910,1181360,YDR351W,+
1388,chrIV,1182608,1183058,YDR352W,+
1389,chrIV,1184162,1184612,YDR353W,+
1390,chrIV,1185039,1185489,YDR354C-A,-
1391,chrIV,1185584,1186034,YDR354W,+
1392,chrIV,1185967,1186417,YDR355C,-
1393,chrIV,1188861,1189311,YDR356W,+
1394,chrIV,1189027,1189477,YDR357C,-
1395,chrIV,1191382,1191832,YDR358W,+
1396,chrIV,1191836,1192286,YDR359C,-
1397,chrIV,1194682,1195132,YDR360W,+
1398,chrIV,1195206,1195656,YDR361C,-
1399,chrIV,1196514,1196964,YDR362C,-
1400,chrIV,1200203,1200653,YDR363W,+
1401,chrIV,1202117,1202567,YDR363W-A,+
1402,chrIV,1202340,1202790,YDR364C,-
1403,chrIV,1204302,1204752,YDR365C,-
1404,chrIV,1212338,1212788,YDR366C,-
1405,chrIV,1213295,1213745,YDR367W,+
1406,chrIV,1214634,1215084,YDR368W,+
1407,chrIV,1214916,1215366,YDR369C,-
1408,chrIV,1217622,1218072,YDR370C,-
1409,chrIV,1219409,1219859,YDR371C-A,-
1410,chrIV,1220667,1221117,YDR371W,+
1411,chrIV,1220832,1221282,YDR372C,-
1412,chrIV,1222981,1223431,YDR373W,+
1413,chrIV,1223374,1223824,YDR374C,-
1414,chrIV,1224842,1225292,YDR374W-A,+
1415,chrIV,1224999,1225449,YDR375C,-
1416,chrIV,1227985,1228435,YDR376W,+
1417,chrIV,1228965,1229415,YDR377W,+
1418,chrIV,1229076,1229526,YDR378C,-
1419,chrIV,1232881,1233331,YDR379W,+
1420,chrIV,1233013,1233463,YDR379C-A,-
1421,chrIV,1235896,1236346,YDR380W,+
1422,chrIV,1237849,1238299,YDR381W,+
1423,chrIV,1238100,1238550,YDR381C-A,-
1424,chrIV,1239474,1239924,YDR382W,+
1425,chrIV,1239860,1240310,YDR383C,-
1426,chrIV,1240860,1241310,YDR384C,-
1427,chrIV,1245606,1246056,YDR385W,+
1428,chrIV,1247632,1248082,YDR386W,+
1429,chrIV,1248054,1248504,YDR387C,-
1430,chrIV,1251348,1251798,YDR388W,+
1431,chrIV,1254356,1254806,YDR389W,+
1432,chrIV,1254744,1255194,YDR390C,-
1433,chrIV,1257143,1257593,YDR391C,-
1434,chrIV,1259484,1259934,YDR392W,+
1435,chrIV,1261085,1261535,YDR393W,+
1436,chrIV,1262699,1263149,YDR394W,+
1437,chrIV,1265899,1266349,YDR395W,+
1438,chrIV,1266165,1266615,YDR397C,-
1439,chrIV,1266445,1266895,YDR396W,+
1440,chrIV,1269144,1269594,YDR398W,+
1441,chrIV,1270491,1270941,YDR399W,+
1442,chrIV,1271885,1272335,YDR400W,+
1443,chrIV,1272134,1272584,YDR402C,-
1444,chrIV,1272436,1272886,YDR401W,+
1445,chrIV,1276158,1276608,YDR403W,+
1446,chrIV,1276390,1276840,YDR404C,-
1447,chrIV,1278188,1278638,YDR405W,+
1448,chrIV,1283449,1283899,YDR406W,+
1449,chrIV,1283694,1284144,YDR406W-A,+
1450,chrIV,1283969,1284419,YDR407C,-
1451,chrIV,1287943,1288393,YDR408C,-
1452,chrIV,1292015,1292465,YDR409W,+
1453,chrIV,1292196,1292646,YDR410C,-
1454,chrIV,1293197,1293647,YDR411C,-
1455,chrIV,1294736,1295186,YDR413C,-
1456,chrIV,1295050,1295500,YDR412W,+
1457,chrIV,1295311,1295761,YDR414C,-
1458,chrIV,1296843,1297293,YDR415C,-
1459,chrIV,1300690,1301140,YDR416W,+
1460,chrIV,1301455,1301905,YDR417C,-
1461,chrIV,1301763,1302213,YDR418W,+
1462,chrIV,1305074,1305524,YDR419W,+
1463,chrIV,1311464,1311914,YDR420W,+
1464,chrIV,1314567,1315017,YDR421W,+
1465,chrIV,1314927,1315377,YDR422C,-
1466,chrIV,1317869,1318319,YDR423C,-
1467,chrIV,1319236,1319686,YDR424C,-
1468,chrIV,1321529,1321979,YDR426C,-
1469,chrIV,1321591,1322041,YDR425W,+
1470,chrIV,1323117,1323567,YDR427W,+
1471,chrIV,1323240,1323690,YDR428C,-
1472,chrIV,1324377,1324827,YDR429C,-
1473,chrIV,1325353,1325803,YDR430C,-
1474,chrIV,1328351,1328801,YDR431W,+
1475,chrIV,1329690,1330140,YDR433W,+
1476,chrIV,1329984,1330434,YDR432W,+
1477,chrIV,1332603,1333053,YDR434W,+
1478,chrIV,1332712,1333162,YDR435C,-
1479,chrIV,1336603,1337053,YDR436W,+
1480,chrIV,1337424,1337874,YDR437W,+
1481,chrIV,1339036,1339486,YDR438W,+
1482,chrIV,1340529,1340979,YDR439W,+
1483,chrIV,1343971,1344421,YDR440W,+
1484,chrIV,1344241,1344691,YDR441C,-
1485,chrIV,1345233,1345683,YDR443C,-
1486,chrIV,1345689,1346139,YDR442W,+
1487,chrIV,1352045,1352495,YDR444W,+
1488,chrIV,1352082,1352532,YDR445C,-
1489,chrIV,1354550,1355000,YDR446W,+
1490,chrIV,1354600,1355050,YDR447C,-
1491,chrIV,1357019,1357469,YDR448W,+
1492,chrIV,1357274,1357724,YDR449C,-
1493,chrIV,1360525,1360975,YDR450W,+
1494,chrIV,1361020,1361470,YDR451C,-
1495,chrIV,1364552,1365002,YDR452W,+
1496,chrIV,1364880,1365330,YDR453C,-
1497,chrIV,1366052,1366502,YDR454C,-
1498,chrIV,1367273,1367723,YDR455C,-
1499,chrIV,1369137,1369587,YDR456W,+
1500,chrIV,1379329,1379779,YDR457W,+
1501,chrIV,1379861,1380311,YDR458C,-
1502,chrIV,1382131,1382581,YDR459C,-
1503,chrIV,1384528,1384978,YDR460W,+
1504,chrIV,1384936,1385386,YDR461W,+
1505,chrIV,1385424,1385874,YDR461C-A,-
1506,chrIV,1386290,1386740,YDR462W,+
1507,chrIV,1388224,1388674,YDR463W,+
1508,chrIV,1392392,1392842,YDR464C-A,-
1509,chrIV,1393007,1393457,YDR464W,+
1510,chrIV,1393062,1393512,YDR465C,-
1511,chrIV,1397483,1397933,YDR467C,-
1512,chrIV,1397627,1398077,YDR466W,+
1513,chrIV,1397799,1398249,YDR468C,-
1514,chrIV,1399419,1399869,YDR469W,+
1515,chrIV,1399490,1399940,YDR470C,-
1516,chrIV,1402404,1402854,YDR471W,+
1517,chrIV,1403940,1404390,YDR472W,+
1518,chrIV,1404111,1404561,YDR473C,-
1519,chrIV,1407244,1407694,YDR475C,-
1520,chrIV,1410142,1410592,YDR476C,-
1521,chrIV,1414057,1414507,YDR477W,+
1522,chrIV,1414886,1415336,YDR478W,+
1523,chrIV,1415021,1415471,YDR479C,-
1524,chrIV,1418020,1418470,YDR480W,+
1525,chrIV,1418450,1418900,YDR481C,-
1526,chrIV,1420223,1420673,YDR482C,-
1527,chrIV,1422260,1422710,YDR483W,+
1528,chrIV,1424406,1424856,YDR484W,+
1529,chrIV,1424720,1425170,YDR485C,-
1530,chrIV,1427202,1427652,YDR486C,-
1531,chrIV,1428143,1428593,YDR487C,-
1532,chrIV,1429088,1429538,YDR488C,-
1533,chrIV,1431690,1432140,YDR490C,-
1534,chrIV,1431956,1432406,YDR489W,+
1535,chrIV,1434400,1434850,YDR491C,-
1536,chrIV,1435524,1435974,YDR492W,+
1537,chrIV,1436335,1436785,YDR493W,+
1538,chrIV,1437741,1438191,YDR494W,+
1539,chrIV,1437906,1438356,YDR495C,-
1540,chrIV,1441087,1441537,YDR496C,-
1541,chrIV,1443547,1443997,YDR497C,-
1542,chrIV,1445667,1446117,YDR498C,-
1543,chrIV,1449893,1450343,YDR500C,-
1544,chrIV,1449964,1450414,YDR499W,+
1545,chrIV,1452750,1453200,YDR501W,+
1546,chrIV,1452908,1453358,YDR502C,-
1547,chrIV,1454726,1455176,YDR503C,-
1548,chrIV,1455967,1456417,YDR504C,-
1549,chrIV,1456595,1457045,YDR505C,-
1550,chrIV,1459628,1460078,YDR506C,-
1551,chrIV,1462070,1462520,YDR507C,-
1552,chrIV,1466353,1466803,YDR508C,-
1553,chrIV,1468223,1468673,YDR509W,+
1554,chrIV,1469538,1469988,YDR510W,+
1555,chrIV,1469595,1470045,YDR510C-A,-
1556,chrIV,1470142,1470592,YDR511W,+
1557,chrIV,1470284,1470734,YDR512C,-
1558,chrIV,1471194,1471644,YDR513W,+
1559,chrIV,1471448,1471898,YDR514C,-
1560,chrIV,1474426,1474876,YDR515W,+
1561,chrIV,1474874,1475324,YDR516C,-
1562,chrIV,1478129,1478579,YDR517W,+
1563,chrIV,1479856,1480306,YDR518W,+
1564,chrIV,1480658,1481108,YDR519W,+
1565,chrIV,1480985,1481435,YDR520C,-
1566,chrIV,1483126,1483576,YDR521W,+
1567,chrIV,1483695,1484145,YDR522C,-
1568,chrIV,1485466,1485916,YDR523C,-
1569,chrIV,1487166,1487616,YDR524C,-
1570,chrIV,1489142,1489592,YDR524W-C,+
1571,chrIV,1489230,1489680,YDR524C-B,-
1572,chrIV,1489771,1490221,YDR524C-A,-
1573,chrIV,1489884,1490334,YDR525W,+
1574,chrIV,1490709,1491159,YDR525W-A,+
1575,chrIV,1490975,1491425,YDR526C,-
1576,chrIV,1492136,1492586,YDR527W,+
1577,chrIV,1495507,1495957,YDR528W,+
1578,chrIV,1496061,1496511,YDR529C,-
1579,chrIV,1496565,1497015,YDR530C,-
1580,chrIV,1499031,1499481,YDR531W,+
1581,chrIV,1499226,1499676,YDR532C,-
1582,chrIV,1501270,1501720,YDR533C,-
1583,chrIV,1502999,1503449,YDR534C,-
1584,chrIV,1506506,1506956,YDR535C,-
1585,chrIV,1509364,1509814,YDR536W,+
1586,chrIV,1510756,1511206,YDR537C,-
1587,chrIV,1511504,1511954,YDR538W,+
1588,chrIV,1513309,1513759,YDR539W,+
1589,chrIV,1516817,1517267,YDR540C,-
1590,chrIV,1519564,1520014,YDR541C,-
1591,chrIV,1523261,1523711,YDR542W,+
1592,chrIV,1524534,1524984,YDR543C,-
1593,chrIV,1524739,1525189,TEL04R-XC,+
1594,chrIV,1524995,1525445,YDR544C,-
1595,chrIV,1525020,1525470,TEL04R-XR,+
1596,chrIV,1530763,1531213,YDR545C-A,-
1597,chrIV,1531361,1531811,YDR545W,+
1598,chrIV,1531583,1532033,TEL04R-YP,+
1599,chrIX,1,428,TEL09L-YP,-
1600,chrIX,383,833,YIL177C,-
1601,chrIX,978,1428,YIL177W-A,+
1602,chrIX,8693,9143,YIL176C,-
1603,chrIX,15791,16241,YIL173W,+
1604,chrIX,16684,17134,YIL172C,-
1605,chrIX,18362,18812,YIL171W-A,+
1606,chrIX,19494,19944,YIL171W,+
1607,chrIX,20870,21320,YIL170W,+
1608,chrIX,23019,23469,YIL169C,-
1609,chrIX,29065,29515,YIL168W,+
1610,chrIX,29698,30148,YIL167W,+
1611,chrIX,30771,31221,YIL166C,-
1612,chrIX,33496,33946,YIL165C,-
1613,chrIX,33987,34437,YIL164C,-
1614,chrIX,36799,37249,YIL163C,-
1615,chrIX,38661,39111,YIL162W,+
1616,chrIX,39790,40240,YIL161W,+
1617,chrIX,40091,40541,YIL160C,-
1618,chrIX,45602,46052,YIL159W,+
1619,chrIX,46550,47000,YIL158W,+
1620,chrIX,46673,47123,YIL157C,-
1621,chrIX,47343,47793,YIL156W-A,+
1622,chrIX,47732,48182,YIL156W-B,+
1623,chrIX,51166,51616,YIL156W,+
1624,chrIX,51659,52109,YIL155C,-
1625,chrIX,53808,54258,YIL154C,-
1626,chrIX,56076,56526,YIL153W,+
1627,chrIX,57061,57511,YIL152W,+
1628,chrIX,57238,57688,YIL151C,-
1629,chrIX,60861,61311,YIL150C,-
1630,chrIX,62791,63241,YIL149C,-
1631,chrIX,69245,69695,YIL148W,+
1632,chrIX,69413,69863,YIL147C,-
1633,chrIX,73942,74392,YIL146C,-
1634,chrIX,76153,76603,YIL145C,-
1635,chrIX,79799,80249,YIL144W,+
1636,chrIX,80410,80860,YIL143C,-
1637,chrIX,83108,83558,YIL142C-A,-
1638,chrIX,84590,85040,YIL142W,+
1639,chrIX,85092,85542,YIL141W,+
1640,chrIX,87487,87937,YIL140W,+
1641,chrIX,87879,88329,YIL139C,-
1642,chrIX,88781,89231,YIL138C,-
1643,chrIX,89765,90215,YIL137C,-
1644,chrIX,94531,94981,YIL136W,+
1645,chrIX,94808,95258,YIL135C,-
1646,chrIX,96384,96834,YIL134C-A,-
1647,chrIX,97980,98430,YIL134W,+
1648,chrIX,98262,98712,YIL133C,-
1649,chrIX,99699,100149,YIL132C,-
1650,chrIX,100681,101131,YIL131C,-
1651,chrIX,105326,105776,YIL130W,+
1652,chrIX,105871,106321,YIL129C,-
1653,chrIX,116674,117124,YIL128W,+
1654,chrIX,116832,117282,YIL127C,-
1655,chrIX,121858,122308,YIL126W,+
1656,chrIX,125470,125920,YIL125W,+
1657,chrIX,126850,127300,YIL124W,+
1658,chrIX,129561,130011,YIL123W,+
1659,chrIX,131465,131915,YIL122W,+
1660,chrIX,133522,133972,YIL121W,+
1661,chrIX,135869,136319,YIL120W,+
1662,chrIX,136554,137004,YIL119C,-
1663,chrIX,140097,140547,YIL118W,+
1664,chrIX,140513,140963,YIL117C,-
1665,chrIX,143735,144185,YIL116W,+
1666,chrIX,144164,144614,YIL115C,-
1667,chrIX,144289,144739,YIL115W-A,+
1668,chrIX,148873,149323,YIL114C,-
1669,chrIX,150942,151392,YIL113W,+
1670,chrIX,154496,154946,YIL112W,+
1671,chrIX,155448,155898,YIL111W,+
1672,chrIX,156884,157334,YIL110W,+
1673,chrIX,157171,157621,YIL109C,-
1674,chrIX,162627,163077,YIL108W,+
1675,chrIX,163178,163628,YIL107C,-
1676,chrIX,167180,167630,YIL106W,+
1677,chrIX,167309,167759,YIL105C,-
1678,chrIX,167454,167904,YIL105W-A,+
1679,chrIX,169781,170231,YIL104C,-
1680,chrIX,172750,173200,YIL103W,+
1681,chrIX,172918,173368,YIL102C-A,-
1682,chrIX,174482,174932,YIL102C,-
1683,chrIX,175207,175657,YIL101C,-
1684,chrIX,177243,177693,YIL100C-A,-
1685,chrIX,177376,177826,YIL100W,+
1686,chrIX,179303,179753,YIL099W,+
1687,chrIX,179672,180122,YIL098C,-
1688,chrIX,181795,182245,YIL097W,+
1689,chrIX,181916,182366,YIL096C,-
1690,chrIX,186086,186536,YIL095W,+
1691,chrIX,186203,186653,YIL094C,-
1692,chrIX,187767,188217,YIL093C,-
1693,chrIX,190861,191311,YIL091C,-
1694,chrIX,190993,191443,YIL092W,+
1695,chrIX,194856,195306,YIL090W,+
1696,chrIX,195866,196316,YIL089W,+
1697,chrIX,197743,198193,YIL088C,-
1698,chrIX,199462,199912,YIL087C,-
1699,chrIX,200053,200503,YIL086C,-
1700,chrIX,200261,200711,YIL085C,-
1701,chrIX,202176,202626,YIL084C,-
1702,chrIX,203456,203906,YIL083C,-
1703,chrIX,206157,206607,YIL082W,+
1704,chrIX,210823,211273,YIL079C,-
1705,chrIX,214353,214803,YIL078W,+
1706,chrIX,214752,215202,YIL077C,-
1707,chrIX,217375,217825,YIL076W,+
1708,chrIX,217763,218213,YIL075C,-
1709,chrIX,220867,221317,YIL074C,-
1710,chrIX,222615,223065,YIL073C,-
1711,chrIX,228069,228519,YIL072W,+
1712,chrIX,228314,228764,YIL071C,-
1713,chrIX,228676,229126,YIL071W-A,+
1714,chrIX,230172,230622,YIL070C,-
1715,chrIX,231289,231739,YIL069C,-
1716,chrIX,232884,233334,YIL068C,-
1717,chrIX,233046,233496,YIL068W-A,+
1718,chrIX,235555,236005,YIL067C,-
1719,chrIX,237459,237909,YIL066W-A,+
1720,chrIX,237999,238449,YIL066C,-
1721,chrIX,241134,241584,YIL065C,-
1722,chrIX,242381,242831,YIL064W,+
1723,chrIX,242626,243076,YIL063C,-
1724,chrIX,243789,244239,YIL062C,-
1725,chrIX,244557,245007,YIL061C,-
1726,chrIX,246450,246900,YIL059C,-
1727,chrIX,246476,246926,YIL060W,+
1728,chrIX,246848,247298,YIL058W,+
1729,chrIX,247802,248252,YIL057C,-
1730,chrIX,251620,252070,YIL056W,+
1731,chrIX,251807,252257,YIL055C,-
1732,chrIX,254510,254960,YIL054W,+
1733,chrIX,255740,256190,YIL053W,+
1734,chrIX,256061,256511,YIL052C,-
1735,chrIX,257620,258070,YIL051C,-
1736,chrIX,259543,259993,YIL050W,+
1737,chrIX,260636,261086,YIL049W,+
1738,chrIX,264542,264992,YIL048W,+
1739,chrIX,264944,265394,YIL047C,-
1740,chrIX,264999,265449,YIL047C-A,-
1741,chrIX,268125,268575,YIL046W-A,+
1742,chrIX,270328,270778,YIL046W,+
1743,chrIX,272427,272877,YIL045W,+
1744,chrIX,272788,273238,YIL044C,-
1745,chrIX,273866,274316,YIL043C,-
1746,chrIX,275008,275458,YIL042C,-
1747,chrIX,277242,277692,YIL041W,+
1748,chrIX,277882,278332,YIL040W,+
1749,chrIX,279620,280070,YIL039W,+
1750,chrIX,280038,280488,YIL038C,-
1751,chrIX,282929,283379,YIL037C,-
1752,chrIX,287183,287633,YIL036W,+
1753,chrIX,287334,287784,YIL035C,-
1754,chrIX,289055,289505,YIL034C,-
1755,chrIX,290145,290595,YIL033C,-
1756,chrIX,291861,292311,YIL032C,-
1757,chrIX,295387,295837,YIL031W,+
1758,chrIX,295553,296003,YIL030W-A,+
1759,chrIX,295950,296400,YIL030C,-
1760,chrIX,299756,300206,YIL029W-A,+
1761,chrIX,300346,300796,YIL029C,-
1762,chrIX,302148,302598,YIL028W,+
1763,chrIX,303450,303900,YIL027C,-
1764,chrIX,304231,304681,YIL026C,-
1765,chrIX,308101,308551,YIL025C,-
1766,chrIX,308502,308952,YIL024C,-
1767,chrIX,309220,309670,YIL023C,-
1768,chrIX,312336,312786,YIL022W,+
1769,chrIX,313099,313549,YIL021C-A,-
1770,chrIX,313560,314010,YIL021W,+
1771,chrIX,313613,314063,YIL020C-A,-
1772,chrIX,313935,314385,YIL020C,-
1773,chrIX,315893,316343,YIL019W,+
1774,chrIX,317590,318040,YIL018W,+
1775,chrIX,318100,318550,YIL017C,-
1776,chrIX,321649,322099,YIL016W,+
1777,chrIX,323755,324205,YIL015W,+
1778,chrIX,324899,325349,YIL014C-A,-
1779,chrIX,327645,328095,YIL014W,+
1780,chrIX,328107,328557,YIL013C,-
1781,chrIX,333002,333452,YIL012W,+
1782,chrIX,334313,334763,YIL011W,+
1783,chrIX,335357,335807,YIL010W,+
1784,chrIX,335504,335954,YIL009C-A,-
1785,chrIX,341249,341699,YIL009W,+
1786,chrIX,342627,343077,YIL008W,+
1787,chrIX,342794,343244,YIL007C,-
1788,chrIX,345078,345528,YIL006W,+
1789,chrIX,347564,348014,YIL005W,+
1790,chrIX,347676,348126,YIL004C,-
1791,chrIX,349733,350183,YIL003W,+
1792,chrIX,350331,350781,YIL002C,-
1793,chrIX,350345,350795,YIL002W-A,+
1794,chrIX,355190,355640,YIL001W,+
1795,chrIX,355712,356162,YIR001C,-
1796,chrIX,357193,357643,YIR002C,-
1797,chrIX,362661,363111,YIR003W,+
1798,chrIX,364169,364619,YIR004W,+
1799,chrIX,365135,365585,YIR005W,+
1800,chrIX,365276,365726,YIR006C,-
1801,chrIX,372648,373098,YIR007W,+
1802,chrIX,372830,373280,YIR008C,-
1803,chrIX,374895,375345,YIR009W,+
1804,chrIX,376811,377261,YIR010W,+
1805,chrIX,377073,377523,YIR011C,-
1806,chrIX,379476,379926,YIR012W,+
1807,chrIX,379919,380369,YIR013C,-
1808,chrIX,381472,381922,YIR014W,+
1809,chrIX,382032,382482,YIR015W,+
1810,chrIX,383159,383609,YIR016W,+
1811,chrIX,383215,383665,YIR017C,-
1812,chrIX,383815,384265,YIR017W-A,+
1813,chrIX,385464,385914,YIR018C-A,-
1814,chrIX,385496,385946,YIR018W,+
1815,chrIX,389472,389922,YIR019C,-
1816,chrIX,393784,394234,ICR1,-
1817,chrIX,394155,394605,YIR020C,-
1818,chrIX,394809,395259,YIR020W-A,+
1819,chrIX,396589,397039,PWR1,+
1820,chrIX,397115,397565,YIR020C-B,-
1821,chrIX,398090,398540,YIR021W,+
1822,chrIX,398376,398826,YIR021W-A,+
1823,chrIX,399004,399454,YIR022W,+
1824,chrIX,402283,402733,YIR023C-A,-
1825,chrIX,402408,402858,YIR023W,+
1826,chrIX,402664,403114,YIR024C,-
1827,chrIX,404534,404984,YIR025W,+
1828,chrIX,404676,405126,YIR026C,-
1829,chrIX,406160,406610,YIR027C,-
1830,chrIX,410181,410631,YIR028W,+
1831,chrIX,411488,411938,YIR029W,+
1832,chrIX,411553,412003,YIR030C,-
1833,chrIX,412863,413313,YIR031C,-
1834,chrIX,412932,413382,YIR030W-A,+
1835,chrIX,414805,415255,YIR032C,-
1836,chrIX,419115,419565,YIR033W,+
1837,chrIX,419446,419896,YIR034C,-
1838,chrIX,420852,421302,YIR035C,-
1839,chrIX,421904,422354,YIR036C,-
1840,chrIX,422686,423136,YIR036W-A,+
1841,chrIX,423416,423866,YIR037W,+
1842,chrIX,423587,424037,YIR038C,-
1843,chrIX,430296,430746,YIR039C,-
1844,chrIX,433289,433739,YIR040C,-
1845,chrIX,433953,434403,YIR041W,+
1846,chrIX,434793,435243,YIR042C,-
1847,chrIX,436943,437393,YIR043C,-
1848,chrIX,437894,438344,YIR044C,-
1849,chrV,1,351,TEL05L-YP,-
1850,chrV,164,614,YEL077C,-
1851,chrV,762,1212,YEL077W-A,+
1852,chrV,4085,4535,YEL076C-A,-
1853,chrV,4364,4814,YEL076C,-
1854,chrV,5131,5581,YEL075W-A,+
1855,chrV,5245,5695,YEL075C,-
1856,chrV,6114,6564,YEL074W,+
1857,chrV,6179,6629,TEL05L-XC,-
1858,chrV,6630,7080,YEL073C,-
1859,chrV,14065,14515,YEL072W,+
1860,chrV,17543,17993,YEL071W,+
1861,chrV,20876,21326,YEL070W,+
1862,chrV,21351,21801,YEL069C,-
1863,chrV,25546,25996,YEL068C,-
1864,chrV,26089,26539,YEL067C,-
1865,chrV,26935,27385,YEL066W,+
1866,chrV,29273,29723,YEL065W,+
1867,chrV,29440,29890,YEL064C,-
1868,chrV,31594,32044,YEL063C,-
1869,chrV,35904,36354,YEL062W,+
1870,chrV,36209,36659,YEL061C,-
1871,chrV,39946,40396,YEL060C,-
1872,chrV,42189,42639,YEL059C-A,-
1873,chrV,42610,43060,YEL059W,+
1874,chrV,44652,45102,YEL058W,+
1875,chrV,44800,45250,YEL057C,-
1876,chrV,48135,48585,YEL056W,+
1877,chrV,48194,48644,YEL055C,-
1878,chrV,52380,52830,YEL054C,-
1879,chrV,52905,53355,YEL053W-A,+
1880,chrV,53693,54143,YEL053C,-
1881,chrV,57819,58269,YEL052W,+
1882,chrV,58987,59437,YEL051W,+
1883,chrV,59390,59840,YEL050W-A,+
1884,chrV,59415,59865,YEL050C,-
1885,chrV,63740,64190,YEL049W,+
1886,chrV,64358,64808,YEL048C,-
1887,chrV,65285,65735,YEL047C,-
1888,chrV,67404,67854,YEL046C,-
1889,chrV,68740,69190,YEL045C,-
1890,chrV,69962,70412,YEL044W,+
1891,chrV,73113,73563,YEL043W,+
1892,chrV,75117,75567,YEL042W,+
1893,chrV,77081,77531,YEL041W,+
1894,chrV,79106,79556,YEL040W,+
1895,chrV,79536,79986,YEL039C,-
1896,chrV,80848,81298,YEL038W,+
1897,chrV,81152,81602,YEL037C,-
1898,chrV,82867,83317,YEL036C,-
1899,chrV,84945,85395,YEL035C,-
1900,chrV,85513,85963,YEL034C-A,-
1901,chrV,85838,86288,YEL034W,+
1902,chrV,86248,86698,YEL033W,+
1903,chrV,86940,87390,YEL032C-A,-
1904,chrV,89722,90172,YEL032W,+
1905,chrV,93652,94102,YEL031W,+
1906,chrV,94483,94933,YEL030C-A,-
1907,chrV,96456,96906,YEL030W,+
1908,chrV,96639,97089,YEL029C,-
1909,chrV,98779,99229,YEL028W,+
1910,chrV,101179,101629,YEL027W,+
1911,chrV,102089,102539,YEL026W,+
1912,chrV,102300,102750,YEL025C,-
1913,chrV,107557,108007,YEL024W,+
1914,chrV,108404,108854,YEL023C,-
1915,chrV,115618,116068,YEL022W,+
1916,chrV,116676,117126,YEL021W,+
1917,chrV,117083,117533,YEL020C-B,-
1918,chrV,117220,117670,YEL020W-A,+
1919,chrV,118252,118702,YEL020C,-
1920,chrV,120398,120848,YEL019C,-
1921,chrV,121355,121805,YEL018C-A,-
1922,chrV,121960,122410,YEL018W,+
1923,chrV,122154,122604,YEL017C-A,-
1924,chrV,124412,124862,YEL017W,+
1925,chrV,124543,124993,YEL016C,-
1926,chrV,128019,128469,YEL015W,+
1927,chrV,128203,128653,YEL014C,-
1928,chrV,130658,131108,YEL013W,+
1929,chrV,132313,132763,YEL012W,+
1930,chrV,134934,135384,YEL011W,+
1931,chrV,136271,136721,YEL009C-A,-
1932,chrV,136279,136729,YEL010W,+
1933,chrV,138721,139171,YEL009C,-
1934,chrV,140542,140992,YEL008W,+
1935,chrV,140626,141076,YEL008C-A,-
1936,chrV,143575,144025,YEL007W,+
1937,chrV,145365,145815,YEL006W,+
1938,chrV,145622,146072,YEL005C,-
1939,chrV,147670,148120,YEL004W,+
1940,chrV,148367,148817,YEL003W,+
1941,chrV,148479,148929,YEL002C,-
1942,chrV,150104,150554,YEL001C,-
1943,chrV,155563,156013,YER001W,+
1944,chrV,157148,157598,YER002W,+
1945,chrV,157384,157834,YER003C,-
1946,chrV,160184,160634,YER004W,+
1947,chrV,162224,162674,YER005W,+
1948,chrV,163986,164436,YER006W,+
1949,chrV,164244,164694,YER006C-A,-
1950,chrV,165817,166267,YER007W,+
1951,chrV,165960,166410,YER007C-A,-
1952,chrV,167708,168158,YER008C,-
1953,chrV,172318,172768,YER009W,+
1954,chrV,172417,172867,YER010C,-
1955,chrV,175723,176173,YER011W,+
1956,chrV,178263,178713,YER012W,+
1957,chrV,181928,182378,YER013W,+
1958,chrV,183631,184081,YER014C-A,-
1959,chrV,183961,184411,YER014W,+
1960,chrV,186555,187005,YER015W,+
1961,chrV,188993,189443,YER016W,+
1962,chrV,189403,189853,YER017C,-
1963,chrV,191783,192233,YER018C,-
1964,chrV,193880,194330,YER019W,+
1965,chrV,194067,194517,YER019C-A,-
1966,chrV,196367,196817,YER020W,+
1967,chrV,198169,198619,YER021W,+
1968,chrV,200628,201078,YER022W,+
1969,chrV,201422,201872,YER023C-A,-
1970,chrV,201656,202106,YER023W,+
1971,chrV,204724,205174,YER024W,+
1972,chrV,206484,206934,YER025W,+
1973,chrV,207413,207863,YER026C,-
1974,chrV,208860,209310,YER027C,-
1975,chrV,210532,210982,YER028C,-
1976,chrV,212487,212937,YER029C,-
1977,chrV,213670,214120,YER030W,+
1978,chrV,213807,214257,YER031C,-
1979,chrV,217612,218062,YER032W,+
1980,chrV,217792,218242,YER033C,-
1981,chrV,222252,222702,YER034W,+
1982,chrV,222894,223344,YER035W,+
1983,chrV,223177,223627,YER036C,-
1984,chrV,226504,226954,YER037W,+
1985,chrV,226758,227208,YER038C,-
1986,chrV,228356,228806,YER039C,-
1987,chrV,228481,228931,YER038W-A,+
1988,chrV,229163,229613,YER039C-A,-
1989,chrV,231637,232087,YER040W,+
1990,chrV,234390,234840,YER041W,+
1991,chrV,235318,235768,YER042W,+
1992,chrV,235448,235898,YER043C,-
1993,chrV,237333,237783,YER044C,-
1994,chrV,238360,238810,YER044C-A,-
1995,chrV,239811,240261,YER045C,-
1996,chrV,243261,243711,YER046W,+
1997,chrV,243576,244026,YER047C,-
1998,chrV,243679,244129,YER046W-A,+
1999,chrV,246743,247193,YER048C,-
2000,chrV,250996,251446,YER048W-A,+
2001,chrV,253312,253762,YER049W,+
2002,chrV,253751,254201,YER050C,-
2003,chrV,255784,256234,YER051W,+
2004,chrV,256111,256561,YER052C,-
2005,chrV,258496,258946,YER053C,-
2006,chrV,260534,260984,YER053C-A,-
2007,chrV,261763,262213,YER054C,-
2008,chrV,264705,265155,YER055C,-
2009,chrV,266291,266741,YER056C,-
2010,chrV,269223,269673,YER056C-A,-
2011,chrV,270544,270994,YER057C,-
2012,chrV,271853,272303,YER058W,+
2013,chrV,273609,274059,YER059W,+
2014,chrV,275915,276365,YER060W,+
2015,chrV,277814,278264,YER060W-A,+
2016,chrV,278050,278500,YER061C,-
2017,chrV,279713,280163,YER062C,-
2018,chrV,282216,282666,YER063W,+
2019,chrV,282363,282813,YER064C,-
2020,chrV,285023,285473,YER065C,-
2021,chrV,290449,290899,YER066W,+
2022,chrV,291603,292053,YER066C-A,-
2023,chrV,292140,292590,YER067C-A,-
2024,chrV,292292,292742,YER067W,+
2025,chrV,294463,294913,YER068W,+
2026,chrV,295201,295651,YER068C-A,-
2027,chrV,297797,298247,YER069W,+
2028,chrV,301405,301855,YER070W,+
2029,chrV,301716,302166,YER071C,-
2030,chrV,302988,303438,YER072W,+
2031,chrV,305318,305768,YER073W,+
2032,chrV,306846,307296,YER074W,+
2033,chrV,307844,308294,YER074W-A,+
2034,chrV,308188,308638,YER075C,-
2035,chrV,312189,312639,YER076C,-
2036,chrV,313387,313837,YER076W-A,+
2037,chrV,314373,314823,YER077C,-
2038,chrV,316629,317079,YER078C,-
2039,chrV,318460,318910,YER078W-A,+
2040,chrV,319202,319652,YER079W,+
2041,chrV,319802,320252,YER079C-A,-
2042,chrV,321526,321976,YER080W,+
2043,chrV,323745,324195,YER081W,+
2044,chrV,324161,324611,YER082C,-
2045,chrV,326030,326480,YER083C,-
2046,chrV,327101,327551,YER084W,+
2047,chrV,327395,327845,YER085C,-
2048,chrV,327760,328210,YER084W-A,+
2049,chrV,329995,330445,YER086W,+
2050,chrV,331717,332167,YER087C-A,-
2051,chrV,332115,332565,YER087W,+
2052,chrV,332268,332718,YER087C-B,-
2053,chrV,333076,333526,YER088C,-
2054,chrV,335596,336046,YER088C-A,-
2055,chrV,335723,336173,YER088W-B,+
2056,chrV,335774,336224,YER089C,-
2057,chrV,338222,338672,YER090C-A,-
2058,chrV,339226,339676,YER090W,+
2059,chrV,339384,339834,YER091C,-
2060,chrV,342290,342740,YER091C-A,-
2061,chrV,343082,343532,YER093C,-
2062,chrV,343139,343589,YER092W,+
2063,chrV,347692,348142,YER093C-A,-
2064,chrV,348469,348919,YER094C,-
2065,chrV,351026,351476,YER095W,+
2066,chrV,353051,353501,YER096W,+
2067,chrV,355119,355569,YER097W,+
2068,chrV,357445,357895,YER098W,+
2069,chrV,357926,358376,YER099C,-
2070,chrV,360055,360505,YER100W,+
2071,chrV,360402,360852,YER101C,-
2072,chrV,363414,363864,YER102W,+
2073,chrV,366167,366617,YER103W,+
2074,chrV,367458,367908,YER104W,+
2075,chrV,367604,368054,YER105C,-
2076,chrV,373111,373561,YER106W,+
2077,chrV,373348,373798,YER107C,-
2078,chrV,374364,374814,YER107W-A,+
2079,chrV,374768,375218,YER109C,-
2080,chrV,378504,378954,YER110C,-
2081,chrV,382495,382945,YER111C,-
2082,chrV,387558,388008,YER112W,+
2083,chrV,387832,388282,YER113C,-
2084,chrV,390246,390696,YER114C,-
2085,chrV,394070,394520,YER115C,-
2086,chrV,394888,395338,YER116C,-
2087,chrV,397441,397891,YER117W,+
2088,chrV,397666,398116,YER118C,-
2089,chrV,399296,399746,YER119C,-
2090,chrV,400767,401217,YER119C-A,-
2091,chrV,401613,402063,YER120W,+
2092,chrV,402369,402819,YER121W,+
2093,chrV,402623,403073,YER122C,-
2094,chrV,406461,406911,YER123W,+
2095,chrV,406881,407331,YER124C,-
2096,chrV,412268,412718,YER125W,+
2097,chrV,413142,413592,YER126C,-
2098,chrV,415398,415848,YER127W,+
2099,chrV,416285,416735,YER128W,+
2100,chrV,420359,420809,YER129W,+
2101,chrV,421015,421465,YER130C,-
2102,chrV,424525,424975,YER131W,+
2103,chrV,425088,425538,YER132C,-
2104,chrV,433829,434279,YER133W,+
2105,chrV,436889,437339,YER134C,-
2106,chrV,437182,437632,YER133W-A,+
2107,chrV,437852,438302,YER135C,-
2108,chrV,440621,441071,YER136W,+
2109,chrV,441273,441723,YER137C,-
2110,chrV,441530,441980,YER137W-A,+
2111,chrV,449242,449692,YER138W-A,+
2112,chrV,450258,450708,YER139C,-
2113,chrV,452885,453335,YER140W,+
2114,chrV,454569,455019,YER141W,+
2115,chrV,455046,455496,YER142C,-
2116,chrV,457359,457809,YER143W,+
2117,chrV,457582,458032,YER144C,-
2118,chrV,460243,460693,YER145C,-
2119,chrV,462286,462736,YER145C-A,-
2120,chrV,462523,462973,YER146W,+
2121,chrV,462868,463318,YER147C,-
2122,chrV,465103,465553,YER147C-A,-
2123,chrV,465749,466199,YER148W,+
2124,chrV,466108,466558,YER149C,-
2125,chrV,466413,466863,YER148W-A,+
2126,chrV,468466,468916,YER150W,+
2127,chrV,469551,470001,YER151C,-
2128,chrV,472505,472955,YER152C,-
2129,chrV,473701,474151,YER152W-A,+
2130,chrV,473941,474391,YER153C,-
2131,chrV,475956,476406,YER154W,+
2132,chrV,476092,476542,YER155C,-
2133,chrV,483104,483554,YER156C,-
2134,chrV,486843,487293,YER157W,+
2135,chrV,488617,489067,YER158C,-
2136,chrV,491282,491732,YER159C,-
2137,chrV,491352,491802,YER158W-A,+
2138,chrV,498969,499419,YER161C,-
2139,chrV,500530,500980,YER162C,-
2140,chrV,502917,503367,YER163C,-
2141,chrV,509570,510020,YER164W,+
2142,chrV,511807,512257,YER165W,+
2143,chrV,512527,512977,YER165C-A,-
2144,chrV,517239,517689,YER166W,+
2145,chrV,520421,520871,YER167W,+
2146,chrV,520866,521316,YER168C,-
2147,chrV,525569,526019,YER169W,+
2148,chrV,526533,526983,YER170W,+
2149,chrV,529167,529617,YER171W,+
2150,chrV,529300,529750,YER172C,-
2151,chrV,536175,536625,YER172C-A,-
2152,chrV,537929,538379,YER173W,+
2153,chrV,538334,538784,YER174C,-
2154,chrV,539180,539630,YER175C,-
2155,chrV,540464,540914,YER175W-A,+
2156,chrV,544819,545269,YER176W,+
2157,chrV,546237,546687,YER177W,+
2158,chrV,547859,548309,YER178W,+
2159,chrV,549167,549617,YER179W,+
2160,chrV,549560,550010,YER180C,-
2161,chrV,550765,551215,YER180C-A,-
2162,chrV,551373,551823,YER181C,-
2163,chrV,553022,553472,YER182W,+
2164,chrV,553187,553637,YER183C,-
2165,chrV,555845,556295,YER184C,-
2166,chrV,560015,560465,YER185W,+
2167,chrV,561386,561836,YER186C,-
2168,chrV,566305,566755,YER187W,+
2169,chrV,568409,568859,YER188W,+
2170,chrV,569508,569958,YER188C-A,-
2171,chrV,569710,570160,TEL05R-XC,+
2172,chrV,571173,571623,YER189W,+
2173,chrV,574704,575154,YER190C-A,-
2174,chrV,575580,576030,YER190C-B,-
2175,chrV,576175,576625,YER190W,+
2176,chrV,576524,576974,TEL05R-YP,+
2177,chrVI,1,351,TEL06L-YP,-
2178,chrVI,185,635,YFL068W,+
2179,chrVI,1013,1463,YFL067W,+
2180,chrVI,1337,1787,YFL066C,-
2181,chrVI,2930,3380,YFL065C,-
2182,chrVI,3222,3672,YFL064C,-
2183,chrVI,4968,5418,TEL06L-XC,-
2184,chrVI,5171,5621,YFL063W,+
2185,chrVI,7215,7665,YFL062W,+
2186,chrVI,9872,10322,YFL061W,+
2187,chrVI,10201,10651,YFL060C,-
2188,chrVI,11909,12359,YFL059W,+
2189,chrVI,13601,14051,YFL058W,+
2190,chrVI,14091,14541,YFL057C,-
2191,chrVI,14693,15143,YFL056C,-
2192,chrVI,18330,18780,YFL055W,+
2193,chrVI,20684,21134,YFL054C,-
2194,chrVI,24848,25298,YFL053W,+
2195,chrVI,29279,29729,YFL052W,+
2196,chrVI,29958,30408,YFL051C,-
2197,chrVI,33172,33622,YFL050C,-
2198,chrVI,38479,38929,YFL049W,+
2199,chrVI,38625,39075,YFL048C,-
2200,chrVI,42215,42665,YFL047W,+
2201,chrVI,43191,43641,YFL046W,+
2202,chrVI,43368,43818,YFL045C,-
2203,chrVI,44495,44945,YFL044C,-
2204,chrVI,45556,46006,YFL042C,-
2205,chrVI,48575,49025,YFL041W-A,+
2206,chrVI,50671,51121,YFL041W,+
2207,chrVI,52622,53072,YFL040W,+
2208,chrVI,53083,53533,YFL039C,-
2209,chrVI,55163,55613,YFL038C,-
2210,chrVI,57359,57809,YFL037W,+
2211,chrVI,62487,62937,YFL036W,+
2212,chrVI,62916,63366,YFL034C-B,-
2213,chrVI,64061,64511,YFL034C-A,-
2214,chrVI,68348,68798,YFL034W,+
2215,chrVI,69015,69465,YFL033C,-
2216,chrVI,74842,75292,YFL032W,+
2217,chrVI,75914,76364,YFL031C-A,-
2218,chrVI,76212,76662,YFL031W,+
2219,chrVI,77887,78337,YFL030W,+
2220,chrVI,77955,78405,YFL029C,-
2221,chrVI,79166,79616,YFL028C,-
2222,chrVI,80260,80710,YFL027C,-
2223,chrVI,83525,83975,YFL026W,+
2224,chrVI,83869,84319,YFL025C,-
2225,chrVI,87339,87789,YFL024C,-
2226,chrVI,93115,93565,YFL023W,+
2227,chrVI,93294,93744,YFL022C,-
2228,chrVI,95661,96111,YFL021C-A,-
2229,chrVI,97148,97598,YFL021W,+
2230,chrVI,99131,99581,YFL020C,-
2231,chrVI,100152,100602,YFL019C,-
2232,chrVI,101433,101883,YFL018C,-
2233,chrVI,103666,104116,YFL017W-A,+
2234,chrVI,103693,104143,YFL017C,-
2235,chrVI,104601,105051,YFL016C,-
2236,chrVI,106369,106819,YFL015C,-
2237,chrVI,106382,106832,YFL015W-A,+
2238,chrVI,107426,107876,YFL014W,+
2239,chrVI,107681,108131,YFL013C,-
2240,chrVI,108252,108702,YFL013W-A,+
2241,chrVI,109834,110284,YFL012W-A,+
2242,chrVI,110743,111193,YFL012W,+
2243,chrVI,113635,114085,YFL011W,+
2244,chrVI,114865,115315,YFL010C,-
2245,chrVI,114924,115374,YFL010W-A,+
2246,chrVI,118221,118671,YFL009W,+
2247,chrVI,122848,123298,YFL008W,+
2248,chrVI,129632,130082,YFL007W,+
2249,chrVI,130847,131297,YFL005W,+
2250,chrVI,134018,134468,YFL004W,+
2251,chrVI,134421,134871,YFL003C,-
2252,chrVI,144877,145327,YFL002C,-
2253,chrVI,148109,148559,YFL001W,+
2254,chrVI,149444,149894,YFR001W,+
2255,chrVI,152271,152721,YFR002W,+
2256,chrVI,152358,152808,YFR003C,-
2257,chrVI,153963,154413,YFR004W,+
2258,chrVI,154420,154870,YFR005C,-
2259,chrVI,157470,157920,YFR006W,+
2260,chrVI,160070,160520,YFR007W,+
2261,chrVI,161193,161643,YFR008W,+
2262,chrVI,163782,164232,YFR009W-A,+
2263,chrVI,164475,164925,YFR009W,+
2264,chrVI,166216,166666,YFR010W,+
2265,chrVI,166472,166922,YFR011C,-
2266,chrVI,166566,167016,YFR010W-A,+
2267,chrVI,168146,168596,YFR012W,+
2268,chrVI,168960,169410,YFR012W-A,+
2269,chrVI,172087,172537,YFR013W,+
2270,chrVI,172208,172658,YFR014C,-
2271,chrVI,174017,174467,YFR015C,-
2272,chrVI,176887,177337,YFR016C,-
2273,chrVI,182089,182539,YFR017C,-
2274,chrVI,183031,183481,YFR018C,-
2275,chrVI,191048,191498,YFR019W,+
2276,chrVI,193085,193535,YFR020W,+
2277,chrVI,196049,196499,YFR021W,+
2278,chrVI,198774,199224,YFR022W,+
2279,chrVI,201359,201809,YFR023W,+
2280,chrVI,201699,202149,YFR024C-A,-
2281,chrVI,203505,203955,YFR025C,-
2282,chrVI,205553,206003,YFR026C,-
2283,chrVI,207911,208361,YFR028C,-
2284,chrVI,207947,208397,YFR027W,+
2285,chrVI,212663,213113,YFR029W,+
2286,chrVI,216069,216519,YFR030W,+
2287,chrVI,216432,216882,YFR031C,-
2288,chrVI,220366,220816,YFR031C-A,-
2289,chrVI,221990,222440,YFR032C,-
2290,chrVI,223118,223568,YFR032C-A,-
2291,chrVI,223610,224060,YFR032C-B,-
2292,chrVI,224226,224676,YFR033C,-
2293,chrVI,224920,225370,YFR034C,-
2294,chrVI,225959,226409,YFR034W-A,+
2295,chrVI,226021,226471,YFR035C,-
2296,chrVI,226987,227437,YFR036W,+
2297,chrVI,227232,227682,YFR037C,-
2298,chrVI,227751,228201,YFR036W-A,+
2299,chrVI,231670,232120,YFR038W,+
2300,chrVI,231912,232362,YFR039C,-
2301,chrVI,236900,237350,YFR040W,+
2302,chrVI,237268,237718,YFR041C,-
2303,chrVI,238794,239244,YFR042W,+
2304,chrVI,239014,239464,YFR043C,-
2305,chrVI,239892,240342,YFR044C,-
2306,chrVI,242649,243099,YFR045W,+
2307,chrVI,242974,243424,YFR046C,-
2308,chrVI,244179,244629,YFR047C,-
2309,chrVI,247818,248268,YFR048W,+
2310,chrVI,248660,249110,YFR049W,+
2311,chrVI,248966,249416,YFR050C,-
2312,chrVI,249977,250427,YFR051C,-
2313,chrVI,252995,253445,YFR052W,+
2314,chrVI,253329,253779,YFR052C-A,-
2315,chrVI,253443,253893,YFR053C,-
2316,chrVI,258755,259205,YFR054C,-
2317,chrVI,263857,264307,YFR056C,-
2318,chrVI,265334,265784,YFR055W,+
2319,chrVI,269166,269616,YFR057W,+
2320,chrVII,3740,4190,YGL263W,+
2321,chrVII,5489,5939,YGL262W,+
2322,chrVII,6190,6640,YGL261C,-
2323,chrVII,6740,7190,YGL260W,+
2324,chrVII,8617,9067,YGL259W,+
2325,chrVII,9486,9936,YGL258W-A,+
2326,chrVII,11380,11830,YGL258W,+
2327,chrVII,12261,12711,YGL257C,-
2328,chrVII,16065,16515,YGL256W,+
2329,chrVII,21758,22208,YGL255W,+
2330,chrVII,23021,23471,YGL254W,+
2331,chrVII,25239,25689,YGL253W,+
2332,chrVII,25618,26068,YGL252C,-
2333,chrVII,27821,28271,YGL251C,-
2334,chrVII,32554,33004,YGL250W,+
2335,chrVII,34995,35445,YGL249W,+
2336,chrVII,36469,36919,YGL248W,+
2337,chrVII,37277,37727,YGL247W,+
2338,chrVII,37396,37846,YGL246C,-
2339,chrVII,40862,41312,YGL245W,+
2340,chrVII,42824,43274,YGL244W,+
2341,chrVII,44261,44711,YGL243W,+
2342,chrVII,44552,45002,YGL242C,-
2343,chrVII,48215,48665,YGL241W,+
2344,chrVII,49043,49493,YGL240W,+
2345,chrVII,49331,49781,YGL239C,-
2346,chrVII,52186,52636,YGL238W,+
2347,chrVII,52495,52945,YGL237C,-
2348,chrVII,53663,54113,YGL236C,-
2349,chrVII,55465,55915,YGL235W,+
2350,chrVII,58643,59093,YGL234W,+
2351,chrVII,61571,62021,YGL233W,+
2352,chrVII,62652,63102,YGL232W,+
2353,chrVII,62796,63246,YGL231C,-
2354,chrVII,63672,64122,YGL230C,-
2355,chrVII,64403,64853,YGL229C,-
2356,chrVII,68981,69431,YGL228W,+
2357,chrVII,72197,72647,YGL227W,+
2358,chrVII,72500,72950,YGL226C-A,-
2359,chrVII,73428,73878,YGL226W,+
2360,chrVII,77744,78194,YGL225W,+
2361,chrVII,77915,78365,YGL224C,-
2362,chrVII,78968,79418,YGL223C,-
2363,chrVII,80407,80857,YGL222C,-
2364,chrVII,81244,81694,YGL221C,-
2365,chrVII,82569,83019,YGL220W,+
2366,chrVII,82699,83149,YGL219C,-
2367,chrVII,83950,84400,YGL218W,+
2368,chrVII,84739,85189,YGL217C,-
2369,chrVII,87000,87450,YGL216W,+
2370,chrVII,88989,89439,YGL215W,+
2371,chrVII,89912,90362,YGL213C,-
2372,chrVII,90145,90595,YGL214W,+
2373,chrVII,92032,92482,YGL212W,+
2374,chrVII,93341,93791,YGL211W,+
2375,chrVII,94226,94676,YGL210W,+
2376,chrVII,96790,97240,YGL209W,+
2377,chrVII,98370,98820,YGL208W,+
2378,chrVII,101859,102309,YGL207W,+
2379,chrVII,102044,102494,YGL206C,-
2380,chrVII,110250,110700,YGL205W,+
2381,chrVII,111600,112050,YGL204C,-
2382,chrVII,112375,112825,YGL203C,-
2383,chrVII,117302,117752,YGL202W,+
2384,chrVII,117754,118204,YGL201C,-
2385,chrVII,122491,122941,YGL200C,-
2386,chrVII,123472,123922,YGL199C,-
2387,chrVII,123997,124447,YGL198W,+
2388,chrVII,129108,129558,YGL197W,+
2389,chrVII,131004,131454,YGL196W,+
2390,chrVII,139193,139643,YGL195W,+
2391,chrVII,139463,139913,YGL194C-A,-
2392,chrVII,140268,140718,YGL194C,-
2393,chrVII,141770,142220,YGL193C,-
2394,chrVII,143698,144148,YGL192W,+
2395,chrVII,145120,145570,YGL191W,+
2396,chrVII,145709,146159,YGL190C,-
2397,chrVII,148070,148520,YGL189C,-
2398,chrVII,148724,149174,YGL188C-A,-
2399,chrVII,149243,149693,YGL188C,-
2400,chrVII,149559,150009,YGL187C,-
2401,chrVII,150898,151348,YGL186C,-
2402,chrVII,152998,153448,YGL185C,-
2403,chrVII,154495,154945,YGL184C,-
2404,chrVII,156443,156893,YGL183C,-
2405,chrVII,157173,157623,YGL182C,-
2406,chrVII,158865,159315,YGL181W,+
2407,chrVII,162408,162858,YGL180W,+
2408,chrVII,163309,163759,YGL179C,-
2409,chrVII,167556,168006,YGL177W,+
2410,chrVII,170221,170671,YGL178W,+
2411,chrVII,171315,171765,YGL176C,-
2412,chrVII,173185,173635,YGL175C,-
2413,chrVII,175192,175642,YGL174W,+
2414,chrVII,175222,175672,YGL173C,-
2415,chrVII,181870,182320,YGL172W,+
2416,chrVII,183734,184184,YGL171W,+
2417,chrVII,184053,184503,YGL170C,-
2418,chrVII,187033,187483,YGL169W,+
2419,chrVII,187360,187810,YGL167C,-
2420,chrVII,187446,187896,YGL168W,+
2421,chrVII,191298,191748,YGL165C,-
2422,chrVII,191615,192065,YGL166W,+
2423,chrVII,191878,192328,YGL164C,-
2424,chrVII,193481,193931,YGL163C,-
2425,chrVII,198827,199277,YGL162W,+
2426,chrVII,198969,199419,YGL161C,-
2427,chrVII,201923,202373,YGL160W,+
2428,chrVII,203858,204308,YGL159W,+
2429,chrVII,208221,208671,YGL158W,+
2430,chrVII,209699,210149,YGL157W,+
2431,chrVII,213317,213767,YGL156W,+
2432,chrVII,215096,215546,YGL155W,+
2433,chrVII,215177,215627,YGL154C,-
2434,chrVII,216592,217042,YGL152C,-
2435,chrVII,217003,217453,YGL153W,+
2436,chrVII,220643,221093,YGL151W,+
2437,chrVII,221004,221454,YGL150C,-
2438,chrVII,225527,225977,YGL149W,+
2439,chrVII,227290,227740,YGL148W,+
2440,chrVII,227529,227979,YGL147C,-
2441,chrVII,228651,229101,YGL146C,-
2442,chrVII,232138,232588,YGL145W,+
2443,chrVII,232273,232723,YGL144C,-
2444,chrVII,234511,234961,YGL143C,-
2445,chrVII,235994,236444,YGL142C,-
2446,chrVII,240735,241185,YGL141W,+
2447,chrVII,241253,241703,YGL140C,-
2448,chrVII,247774,248224,YGL139W,+
2449,chrVII,248394,248844,YGL138C,-
2450,chrVII,252580,253030,YGL137W,+
2451,chrVII,252677,253127,YGL136C,-
2452,chrVII,255044,255494,YGL135W,+
2453,chrVII,256698,257148,YGL134W,+
2454,chrVII,261151,261601,YGL133W,+
2455,chrVII,261548,261998,YGL131C,-
2456,chrVII,261565,262015,YGL132W,+
2457,chrVII,267276,267726,YGL130W,+
2458,chrVII,267487,267937,YGL129C,-
2459,chrVII,269193,269643,YGL128C,-
2460,chrVII,270218,270668,YGL127C,-
2461,chrVII,271789,272239,YGL126W,+
2462,chrVII,273972,274422,YGL125W,+
2463,chrVII,274680,275130,YGL124C,-
2464,chrVII,277534,277984,YGL123C-A,-
2465,chrVII,278129,278579,YGL123W,+
2466,chrVII,278846,279296,YGL122C,-
2467,chrVII,280520,280970,YGL121C,-
2468,chrVII,281412,281862,YGL120C,-
2469,chrVII,285597,286047,YGL119W,+
2470,chrVII,287914,288364,YGL118C,-
2471,chrVII,289053,289503,YGL117W,+
2472,chrVII,291388,291838,YGL116W,+
2473,chrVII,292737,293187,YGL115W,+
2474,chrVII,295287,295737,YGL114W,+
2475,chrVII,297846,298296,YGL113W,+
2476,chrVII,297948,298398,YGL112C,-
2477,chrVII,301190,301640,YGL111W,+
2478,chrVII,301343,301793,YGL110C,-
2479,chrVII,303486,303936,YGL109W,+
2480,chrVII,303549,303999,YGL108C,-
2481,chrVII,304142,304592,YGL107C,-
2482,chrVII,306755,307205,YGL106W,+
2483,chrVII,308346,308796,YGL105W,+
2484,chrVII,308480,308930,YGL104C,-
2485,chrVII,311405,311855,YGL102C,-
2486,chrVII,311663,312113,YGL103W,+
2487,chrVII,312746,313196,YGL101W,+
2488,chrVII,314028,314478,YGL100W,+
2489,chrVII,316250,316700,YGL099W,+
2490,chrVII,317729,318179,YGL098W,+
2491,chrVII,322963,323413,YGL097W,+
2492,chrVII,325811,326261,YGL096W,+
2493,chrVII,328774,329224,YGL095C,-
2494,chrVII,331018,331468,YGL094C,-
2495,chrVII,337332,337782,YGL093W,+
2496,chrVII,341629,342079,YGL092W,+
2497,chrVII,341807,342257,YGL091C,-
2498,chrVII,344369,344819,YGL090W,+
2499,chrVII,344513,344963,YGL089C,-
2500,chrVII,345851,346301,YGL088W,+
2501,chrVII,346192,346642,YGL087C,-
2502,chrVII,349088,349538,YGL086W,+
2503,chrVII,350281,350731,YGL085W,+
2504,chrVII,350436,350886,YGL084C,-
2505,chrVII,355269,355719,YGL083W,+
2506,chrVII,356818,357268,YGL082W,+
2507,chrVII,357989,358439,YGL081W,+
2508,chrVII,358743,359193,YGL080W,+
2509,chrVII,359897,360347,YGL079W,+
2510,chrVII,360188,360638,YGL078C,-
2511,chrVII,362047,362497,YGL077C,-
2512,chrVII,364153,364603,YGL076C,-
2513,chrVII,366472,366922,YGL075C,-
2514,chrVII,368496,368946,YGL074C,-
2515,chrVII,370903,371353,YGL072C,-
2516,chrVII,370967,371417,YGL073W,+
2517,chrVII,373839,374289,YGL071W,+
2518,chrVII,374143,374593,YGL070C,-
2519,chrVII,374950,375400,YGL069C,-
2520,chrVII,375435,375885,YGL068W,+
2521,chrVII,376943,377393,YGL067W,+
2522,chrVII,379525,379975,YGL065C,-
2523,chrVII,379531,379981,YGL066W,+
2524,chrVII,381423,381873,YGL064C,-
2525,chrVII,384402,384852,YGL063C-A,-
2526,chrVII,384815,385265,YGL063W,+
2527,chrVII,388445,388895,YGL062W,+
2528,chrVII,388765,389215,YGL061C,-
2529,chrVII,391738,392188,YGL060W,+
2530,chrVII,393407,393857,YGL059W,+
2531,chrVII,394154,394604,YGL058W,+
2532,chrVII,394672,395122,YGL057C,-
2533,chrVII,395935,396385,YGL056C,-
2534,chrVII,399873,400323,YGL055W,+
2535,chrVII,400688,401138,YGL054C,-
2536,chrVII,403123,403573,YGL053W,+
2537,chrVII,403392,403842,YGL052W,+
2538,chrVII,404141,404591,YGL051W,+
2539,chrVII,406247,406697,YGL050W,+
2540,chrVII,406661,407111,YGL049C,-
2541,chrVII,409875,410325,YGL048C,-
2542,chrVII,411844,412294,YGL047W,+
2543,chrVII,415586,416036,YGL045W,+
2544,chrVII,415912,416362,YGL044C,-
2545,chrVII,418188,418638,YGL042C,-
2546,chrVII,418289,418739,YGL043W,+
2547,chrVII,418442,418892,YGL041C-B,-
2548,chrVII,418922,419372,YGL041C,-
2549,chrVII,419073,419523,YGL041W-A,+
2550,chrVII,419206,419656,YGL040C,-
2551,chrVII,424787,425237,YGL039W,+
2552,chrVII,425176,425626,YGL038C,-
2553,chrVII,427061,427511,YGL037C,-
2554,chrVII,430980,431430,YGL036W,+
2555,chrVII,431448,431898,YGL035C,-
2556,chrVII,433114,433564,YGL034C,-
2557,chrVII,436262,436712,YGL033W,+
2558,chrVII,436470,436920,YGL032C,-
2559,chrVII,437247,437697,YGL031C,-
2560,chrVII,439394,439844,YGL030W,+
2561,chrVII,440075,440525,YGL029W,+
2562,chrVII,440885,441335,YGL028C,-
2563,chrVII,443459,443909,YGL027C,-
2564,chrVII,446232,446682,YGL026C,-
2565,chrVII,448583,449033,YGL025C,-
2566,chrVII,449773,450223,YGL024W,+
2567,chrVII,450097,450547,YGL023C,-
2568,chrVII,454304,454754,YGL022W,+
2569,chrVII,456829,457279,YGL021W,+
2570,chrVII,456999,457449,YGL020C,-
2571,chrVII,458733,459183,YGL019W,+
2572,chrVII,458754,459204,YGL018C,-
2573,chrVII,461076,461526,YGL017W,+
2574,chrVII,464746,465196,YGL016W,+
2575,chrVII,464895,465345,YGL015C,-
2576,chrVII,466137,466587,YGL014C-A,-
2577,chrVII,468537,468987,YGL014W,+
2578,chrVII,468954,469404,YGL013C,-
2579,chrVII,474036,474486,YGL012W,+
2580,chrVII,474265,474715,YGL011C,-
2581,chrVII,475932,476382,YGL010W,+
2582,chrVII,476084,476534,YGL009C,-
2583,chrVII,479748,480198,YGL008C,-
2584,chrVII,482841,483291,YGL007C-A,-
2585,chrVII,483287,483737,YGL007W,+
2586,chrVII,485183,485633,YGL006W-A,+
2587,chrVII,489161,489611,YGL006W,+
2588,chrVII,489608,490058,YGL005C,-
2589,chrVII,490603,491053,YGL004C,-
2590,chrVII,492374,492824,YGL003C,-
2591,chrVII,494995,495445,YGL002W,+
2592,chrVII,495173,495623,YGL001C,-
2593,chrVII,497033,497483,YGR001C,-
2594,chrVII,498111,498561,YGR002C,-
2595,chrVII,502263,502713,YGR003W,+
2596,chrVII,504226,504676,YGR004W,+
2597,chrVII,504557,505007,YGR005C,-
2598,chrVII,506475,506925,YGR006W,+
2599,chrVII,507740,508190,YGR007W,+
2600,chrVII,507863,508313,YGR008C,-
2601,chrVII,508894,509344,YGR009C,-
2602,chrVII,512473,512923,YGR011W,+
2603,chrVII,512649,513099,YGR010W,+
2604,chrVII,514038,514488,YGR012W,+
2605,chrVII,516066,516516,YGR013W,+
2606,chrVII,520646,521096,YGR014W,+
2607,chrVII,520796,521246,YGR015C,-
2608,chrVII,522668,523118,YGR016W,+
2609,chrVII,524265,524715,YGR018C,-
2610,chrVII,524450,524900,YGR017W,+
2611,chrVII,526388,526838,YGR019W,+
2612,chrVII,526722,527172,YGR020C,-
2613,chrVII,528235,528685,YGR021W,+
2614,chrVII,529157,529607,YGR022C,-
2615,chrVII,530569,531019,YGR023W,+
2616,chrVII,531783,532233,YGR024C,-
2617,chrVII,532591,533041,YGR025W,+
2618,chrVII,533645,534095,YGR026W,+
2619,chrVII,533881,534331,YGR027C,-
2620,chrVII,543080,543530,YGR028W,+
2621,chrVII,543956,544406,YGR029W,+
2622,chrVII,545504,545954,YGR030C,-
2623,chrVII,546709,547159,YGR031C-A,-
2624,chrVII,547435,547885,YGR031W,+
2625,chrVII,553680,554130,YGR032W,+
2626,chrVII,553856,554306,YGR033C,-
2627,chrVII,556390,556840,YGR034W,+
2628,chrVII,556972,557422,YGR035C,-
2629,chrVII,557436,557886,YGR035W-A,+
2630,chrVII,557835,558285,YGR036C,-
2631,chrVII,559452,559902,YGR037C,-
2632,chrVII,561136,561586,YGR038W,+
2633,chrVII,574849,575299,YGR039W,+
2634,chrVII,576602,577052,YGR040W,+
2635,chrVII,578895,579345,YGR041W,+
2636,chrVII,580034,580484,YGR042W,+
2637,chrVII,580152,580602,YGR043C,-
2638,chrVII,582684,583134,YGR044C,-
2639,chrVII,583834,584284,YGR045C,-
2640,chrVII,585896,586346,YGR046W,+
2641,chrVII,586292,586742,YGR047C,-
2642,chrVII,590648,591098,YGR048W,+
2643,chrVII,591765,592215,YGR049W,+
2644,chrVII,591986,592436,YGR050C,-
2645,chrVII,592806,593256,YGR051C,-
2646,chrVII,594355,594805,YGR052W,+
2647,chrVII,594825,595275,YGR053C,-
2648,chrVII,598351,598801,YGR054W,+
2649,chrVII,600897,601347,YGR055W,+
2650,chrVII,604183,604633,YGR056W,+
2651,chrVII,604342,604792,YGR057C,-
2652,chrVII,606793,607243,YGR058W,+
2653,chrVII,609125,609575,YGR059W,+
2654,chrVII,611148,611598,YGR060W,+
2655,chrVII,611720,612170,YGR061C,-
2656,chrVII,616153,616603,YGR062C,-
2657,chrVII,617369,617819,YGR063C,-
2658,chrVII,617639,618089,YGR064W,+
2659,chrVII,617977,618427,YGR065C,-
2660,chrVII,620821,621271,YGR066C,-
2661,chrVII,622272,622722,YGR067C,-
2662,chrVII,624831,625281,YGR068C,-
2663,chrVII,626039,626489,YGR068W-A,+
2664,chrVII,627068,627518,YGR069W,+
2665,chrVII,630923,631373,YGR070W,+
2666,chrVII,631381,631831,YGR071C,-
2667,chrVII,635117,635567,YGR072W,+
2668,chrVII,635515,635965,YGR073C,-
2669,chrVII,635606,636056,YGR075C,-
2670,chrVII,636108,636558,YGR074W,+
2671,chrVII,636922,637372,YGR076C,-
2672,chrVII,637610,638060,YGR077C,-
2673,chrVII,639597,640047,YGR078C,-
2674,chrVII,641556,642006,YGR079W,+
2675,chrVII,642746,643196,YGR080W,+
2676,chrVII,642912,643362,YGR081C,-
2677,chrVII,644399,644849,YGR082W,+
2678,chrVII,644760,645210,YGR083C,-
2679,chrVII,646950,647400,YGR084C,-
2680,chrVII,648190,648640,YGR085C,-
2681,chrVII,649219,649669,YGR086C,-
2682,chrVII,651190,651640,YGR087C,-
2683,chrVII,655972,656422,YGR088W,+
2684,chrVII,659420,659870,YGR089W,+
2685,chrVII,665721,666171,YGR090W,+
2686,chrVII,667626,668076,YGR091W,+
2687,chrVII,669840,670290,YGR092W,+
2688,chrVII,671561,672011,YGR093W,+
2689,chrVII,675150,675600,YGR094W,+
2690,chrVII,675531,675981,YGR095C,-
2691,chrVII,677289,677739,YGR096W,+
2692,chrVII,682051,682501,YGR097W,+
2693,chrVII,682202,682652,YGR098C,-
2694,chrVII,689684,690134,YGR099W,+
2695,chrVII,692845,693295,YGR100W,+
2696,chrVII,694147,694597,YGR101W,+
2697,chrVII,694315,694765,YGR102C,-
2698,chrVII,696884,697334,YGR103W,+
2699,chrVII,697319,697769,YGR104C,-
2700,chrVII,698563,699013,YGR105W,+
2701,chrVII,698788,699238,YGR106C,-
2702,chrVII,702766,703216,YGR107W,+
2703,chrVII,704701,705151,YGR108W,+
2704,chrVII,705259,705709,YGR109C,-
2705,chrVII,714705,715155,YGR110W,+
2706,chrVII,716804,717254,YGR111W,+
2707,chrVII,718351,718801,YGR112W,+
2708,chrVII,719814,720264,YGR113W,+
2709,chrVII,720165,720615,YGR114C,-
2710,chrVII,720272,720722,YGR115C,-
2711,chrVII,724414,724864,YGR116W,+
2712,chrVII,724700,725150,YGR117C,-
2713,chrVII,727560,728010,YGR118W,+
2714,chrVII,727857,728307,YGR119C,-
2715,chrVII,729766,730216,YGR120C,-
2716,chrVII,731211,731661,YGR121C,-
2717,chrVII,733277,733727,YGR121W-A,+
2718,chrVII,735010,735460,YGR122W,+
2719,chrVII,735530,735980,YGR122C-A,-
2720,chrVII,736562,737012,YGR123C,-
2721,chrVII,741531,741981,YGR124W,+
2722,chrVII,745245,745695,YGR125W,+
2723,chrVII,746177,746627,YGR126W,+
2724,chrVII,747610,748060,YGR127W,+
2725,chrVII,747770,748220,YGR128C,-
2726,chrVII,750984,751434,YGR129W,+
2727,chrVII,751123,751573,YGR130C,-
2728,chrVII,754900,755350,YGR131W,+
2729,chrVII,755326,755776,YGR132C,-
2730,chrVII,757323,757773,YGR133W,+
2731,chrVII,760884,761334,YGR134W,+
2732,chrVII,761896,762346,YGR135W,+
2733,chrVII,762912,763362,YGR137W,+
2734,chrVII,763059,763509,YGR136W,+
2735,chrVII,763576,764026,YGR138C,-
2736,chrVII,765714,766164,YGR139W,+
2737,chrVII,769949,770399,YGR140W,+
2738,chrVII,771724,772174,YGR141W,+
2739,chrVII,773336,773786,YGR142W,+
2740,chrVII,777158,777608,YGR143W,+
2741,chrVII,781029,781479,YGR144W,+
2742,chrVII,783626,784076,YGR145W,+
2743,chrVII,783906,784356,YGR146C,-
2744,chrVII,784877,785327,YGR146C-A,-
2745,chrVII,785839,786289,YGR147C,-
2746,chrVII,787212,787662,YGR148C,-
2747,chrVII,790141,790591,YGR149W,+
2748,chrVII,790359,790809,YGR150C,-
2749,chrVII,794555,795005,YGR151C,-
2750,chrVII,794574,795024,YGR152C,-
2751,chrVII,796494,796944,YGR153W,+
2752,chrVII,796571,797021,YGR154C,-
2753,chrVII,799856,800306,YGR155W,+
2754,chrVII,801573,802023,YGR156W,+
2755,chrVII,804846,805296,YGR157W,+
2756,chrVII,804996,805446,YGR158C,-
2757,chrVII,806172,806622,YGR159C,-
2758,chrVII,807334,807784,YGR160W,+
2759,chrVII,808529,808979,YGR161C,-
2760,chrVII,810379,810829,YGR161W-C,+
2761,chrVII,827000,827450,YGR162W,+
2762,chrVII,828304,828754,YGR163W,+
2763,chrVII,828610,829060,YGR164W,+
2764,chrVII,829969,830419,YGR165W,+
2765,chrVII,831932,832382,YGR166W,+
2766,chrVII,832953,833403,YGR167W,+
2767,chrVII,833252,833702,YGR168C,-
2768,chrVII,834507,834957,YGR169C,-
2769,chrVII,836287,836737,YGR169C-A,-
2770,chrVII,840490,840940,YGR170W,+
2771,chrVII,840522,840972,YGR171C,-
2772,chrVII,842621,843071,YGR172C,-
2773,chrVII,844891,845341,YGR173W,+
2774,chrVII,845675,846125,YGR174C,-
2775,chrVII,846566,847016,YGR174W-A,+
2776,chrVII,846711,847161,YGR175C,-
2777,chrVII,848530,848980,YGR177C,-
2778,chrVII,848717,849167,YGR176W,+
2779,chrVII,850828,851278,YGR178C,-
2780,chrVII,853483,853933,YGR179C,-
2781,chrVII,855164,855614,YGR180C,-
2782,chrVII,858443,858893,YGR181W,+
2783,chrVII,858451,858901,YGR182C,-
2784,chrVII,858595,859045,YGR183C,-
2785,chrVII,859724,860174,YGR184C,-
2786,chrVII,866213,866663,YGR185C,-
2787,chrVII,869690,870140,YGR186W,+
2788,chrVII,870132,870582,YGR187C,-
2789,chrVII,871944,872394,YGR188C,-
2790,chrVII,876569,877019,YGR189C,-
2791,chrVII,880196,880646,YGR190C,-
2792,chrVII,882044,882494,YGR191W,+
2793,chrVII,882612,883062,YGR192C,-
2794,chrVII,884317,884767,YGR193C,-
2795,chrVII,885863,886313,YGR194C,-
2796,chrVII,889353,889803,YGR195W,+
2797,chrVII,889525,889975,YGR196C,-
2798,chrVII,892397,892847,YGR197C,-
2799,chrVII,896900,897350,YGR198W,+
2800,chrVII,899521,899971,YGR199W,+
2801,chrVII,899735,900185,YGR200C,-
2802,chrVII,902355,902805,YGR201C,-
2803,chrVII,903249,903699,YGR202C,-
2804,chrVII,905525,905975,YGR203W,+
2805,chrVII,908522,908972,YGR204C-A,-
2806,chrVII,908533,908983,YGR204W,+
2807,chrVII,909764,910214,YGR205W,+
2808,chrVII,910456,910906,YGR206W,+
2809,chrVII,910618,911068,YGR207C,-
2810,chrVII,912581,913031,YGR208W,+
2811,chrVII,912734,913184,YGR209C,-
2812,chrVII,913311,913761,YGR210C,-
2813,chrVII,916443,916893,YGR211W,+
2814,chrVII,918134,918584,YGR213C,-
2815,chrVII,918154,918604,YGR212W,+
2816,chrVII,921590,922040,YGR214W,+
2817,chrVII,922157,922607,YGR215W,+
2818,chrVII,922499,922949,YGR216C,-
2819,chrVII,930465,930915,YGR217W,+
2820,chrVII,935652,936102,YGR218W,+
2821,chrVII,935899,936349,YGR220C,-
2822,chrVII,936026,936476,YGR219W,+
2823,chrVII,936966,937416,YGR221C,-
2824,chrVII,940454,940904,YGR222W,+
2825,chrVII,940769,941219,YGR223C,-
2826,chrVII,944559,945009,YGR224W,+
2827,chrVII,946669,947119,YGR225W,+
2828,chrVII,946692,947142,YGR226C,-
2829,chrVII,948827,949277,YGR227W,+
2830,chrVII,949282,949732,YGR229C,-
2831,chrVII,949359,949809,YGR228W,+
2832,chrVII,952080,952530,YGR230W,+
2833,chrVII,952223,952673,YGR231C,-
2834,chrVII,954357,954807,YGR232W,+
2835,chrVII,954529,954979,YGR233C,-
2836,chrVII,961028,961478,YGR234W,+
2837,chrVII,961157,961607,YGR235C,-
2838,chrVII,962430,962880,YGR236C,-
2839,chrVII,963040,963490,YGR237C,-
2840,chrVII,965939,966389,YGR238C,-
2841,chrVII,968995,969445,YGR239C,-
2842,chrVII,970519,970969,YGR240C,-
2843,chrVII,974477,974927,YGR240C-A,-
2844,chrVII,974729,975179,YGR241C,-
2845,chrVII,976373,976823,YGR242W,+
2846,chrVII,977474,977924,YGR243W,+
2847,chrVII,977936,978386,YGR244C,-
2848,chrVII,979610,980060,YGR245C,-
2849,chrVII,982220,982670,YGR246C,-
2850,chrVII,985508,985958,YGR247W,+
2851,chrVII,986491,986941,YGR248W,+
2852,chrVII,989633,990083,YGR249W,+
2853,chrVII,991076,991526,YGR250C,-
2854,chrVII,995879,996329,YGR251W,+
2855,chrVII,998051,998501,YGR252W,+
2856,chrVII,998201,998651,YGR253C,-
2857,chrVII,1002048,1002498,YGR254W,+
2858,chrVII,1002353,1002803,YGR255C,-
2859,chrVII,1005752,1006202,YGR256W,+
2860,chrVII,1006055,1006505,YGR257C,-
2861,chrVII,1007527,1007977,YGR258C,-
2862,chrVII,1012381,1012831,YGR259C,-
2863,chrVII,1013869,1014319,YGR260W,+
2864,chrVII,1014111,1014561,YGR261C,-
2865,chrVII,1016773,1017223,YGR262C,-
2866,chrVII,1017796,1018246,YGR263C,-
2867,chrVII,1019311,1019761,YGR264C,-
2868,chrVII,1021708,1022158,YGR265W,+
2869,chrVII,1024650,1025100,YGR266W,+
2870,chrVII,1024821,1025271,YGR267C,-
2871,chrVII,1025784,1026234,YGR268C,-
2872,chrVII,1026612,1027062,YGR269W,+
2873,chrVII,1027282,1027732,YGR270C-A,-
2874,chrVII,1031159,1031609,YGR270W,+
2875,chrVII,1037344,1037794,YGR271W,+
2876,chrVII,1037611,1038061,YGR271C-A,-
2877,chrVII,1038615,1039065,YGR273C,-
2878,chrVII,1039713,1040163,YGR274C,-
2879,chrVII,1043399,1043849,YGR275W,+
2880,chrVII,1043719,1044169,YGR276C,-
2881,chrVII,1045512,1045962,YGR277C,-
2882,chrVII,1048295,1048745,YGR278W,+
2883,chrVII,1048693,1049143,YGR279C,-
2884,chrVII,1050810,1051260,YGR280C,-
2885,chrVII,1057100,1057550,YGR281W,+
2886,chrVII,1057431,1057881,YGR282C,-
2887,chrVII,1058854,1059304,YGR283C,-
2888,chrVII,1060379,1060829,YGR284C,-
2889,chrVII,1061691,1062141,YGR285C,-
2890,chrVII,1063713,1064163,YGR286C,-
2891,chrVII,1066945,1067395,YGR287C,-
2892,chrVII,1071864,1072314,YGR288W,+
2893,chrVII,1073664,1074114,YGR289C,-
2894,chrVII,1075575,1076025,YGR290W,+
2895,chrVII,1076183,1076633,YGR291C,-
2896,chrVII,1078003,1078453,YGR292W,+
2897,chrVII,1079785,1080235,YGR293C,-
2898,chrVII,1080318,1080768,YGR294W,+
2899,chrVII,1081412,1081862,YGR295C,-
2900,chrVII,1088770,1089220,YGR296C-A,-
2901,chrVII,1089646,1090096,YGR296C-B,-
2902,chrVII,1090241,1090691,YGR296W,+
2903,chrVII,1090590,1091040,TEL07R-YP,+
2904,chrVIII,1,385,TEL08L-YP,-
2905,chrVIII,345,795,YHL050C,-
2906,chrVIII,943,1393,YHL050W-A,+
2907,chrVIII,3626,4076,YHL049C,-
2908,chrVIII,5563,6013,YHL048C-A,-
2909,chrVIII,7275,7725,YHL048W,+
2910,chrVIII,8101,8551,YHL047C,-
2911,chrVIII,9957,10407,YHL046W-A,+
2912,chrVIII,11561,12011,YHL046C,-
2913,chrVIII,12499,12949,YHL045W,+
2914,chrVIII,14176,14626,YHL044W,+
2915,chrVIII,15063,15513,YHL043W,+
2916,chrVIII,15887,16337,YHL042W,+
2917,chrVIII,17491,17941,YHL041W,+
2918,chrVIII,18733,19183,YHL040C,-
2919,chrVIII,23258,23708,YHL039W,+
2920,chrVIII,23384,23834,YHL038C,-
2921,chrVIII,25678,26128,YHL037C,-
2922,chrVIII,27531,27981,YHL036W,+
2923,chrVIII,27878,28328,YHL035C,-
2924,chrVIII,32936,33386,YHL034C,-
2925,chrVIII,33287,33737,YHL034W-A,+
2926,chrVIII,34661,35111,YHL033C,-
2927,chrVIII,36216,36666,YHL032C,-
2928,chrVIII,38652,39102,YHL031C,-
2929,chrVIII,39185,39635,YHL030W-A,+
2930,chrVIII,45340,45790,YHL030W,+
2931,chrVIII,45720,46170,YHL029C,-
2932,chrVIII,50309,50759,YHL028W,+
2933,chrVIII,52638,53088,YHL027W,+
2934,chrVIII,53119,53569,YHL026C,-
2935,chrVIII,55602,56052,YHL025W,+
2936,chrVIII,58440,58890,YHL024W,+
2937,chrVIII,59023,59473,YHL023C,-
2938,chrVIII,62861,63311,YHL022C,-
2939,chrVIII,64362,64812,YHL021C,-
2940,chrVIII,66026,66476,YHL020C,-
2941,chrVIII,67541,67991,YHL019C,-
2942,chrVIII,67954,68404,YHL019W-A,+
2943,chrVIII,69720,70170,YHL018W,+
2944,chrVIII,71553,72003,YHL017W,+
2945,chrVIII,71937,72387,YHL016C,-
2946,chrVIII,74432,74882,YHL015W-A,+
2947,chrVIII,75720,76170,YHL015W,+
2948,chrVIII,75997,76447,YHL014C,-
2949,chrVIII,77330,77780,YHL013C,-
2950,chrVIII,80264,80714,YHL012W,+
2951,chrVIII,80416,80866,YHL011C,-
2952,chrVIII,81777,82227,YHL010C,-
2953,chrVIII,83753,84203,YHL009C,-
2954,chrVIII,92250,92700,YHL008C,-
2955,chrVIII,94875,95325,YHL007C,-
2956,chrVIII,97735,98185,YHL006W-A,+
2957,chrVIII,98243,98693,YHL006C,-
2958,chrVIII,98728,99178,YHL005C,-
2959,chrVIII,100152,100602,YHL004W,+
2960,chrVIII,100290,100740,YHL003C,-
2961,chrVIII,102487,102937,YHL002C-A,-
2962,chrVIII,103672,104122,YHL002W,+
2963,chrVIII,104860,105310,YHL001W,+
2964,chrVIII,107142,107592,YHR001W,+
2965,chrVIII,108102,108552,YHR001W-A,+
2966,chrVIII,109663,110113,YHR002W,+
2967,chrVIII,109811,110261,YHR003C,-
2968,chrVIII,111465,111915,YHR004C,-
2969,chrVIII,113292,113742,YHR005C,-
2970,chrVIII,115373,115823,YHR005C-A,-
2971,chrVIII,119089,119539,YHR006W,+
2972,chrVIII,119950,120400,YHR007C,-
2973,chrVIII,122450,122900,YHR007C-A,-
2974,chrVIII,122783,123233,YHR008C,-
2975,chrVIII,124009,124459,YHR009C,-
2976,chrVIII,127142,127592,YHR010W,+
2977,chrVIII,128852,129302,YHR011W,+
2978,chrVIII,130423,130873,YHR012W,+
2979,chrVIII,130526,130976,YHR013C,-
2980,chrVIII,132572,133022,YHR014W,+
2981,chrVIII,136183,136633,YHR015W,+
2982,chrVIII,136635,137085,YHR016C,-
2983,chrVIII,139562,140012,YHR017W,+
2984,chrVIII,139736,140186,YHR018C,-
2985,chrVIII,141682,142132,YHR019C,-
2986,chrVIII,145772,146222,YHR020W,+
2987,chrVIII,147717,148167,YHR021C,-
2988,chrVIII,149330,149780,YHR021W-A,+
2989,chrVIII,149475,149925,YHR022C,-
2990,chrVIII,150814,151264,YHR022C-A,-
2991,chrVIII,157308,157758,YHR023W,+
2992,chrVIII,157417,157867,YHR024C,-
2993,chrVIII,160236,160686,YHR025W,+
2994,chrVIII,161253,161703,YHR026W,+
2995,chrVIII,161630,162080,YHR027C,-
2996,chrVIII,164776,165226,YHR028C,-
2997,chrVIII,167322,167772,YHR028W-A,+
2998,chrVIII,167577,168027,YHR029C,-
2999,chrVIII,168630,169080,YHR030C,-
3000,chrVIII,170533,170983,YHR031C,-
3001,chrVIII,175024,175474,YHR032W-A,+
3002,chrVIII,175136,175586,YHR032W,+
3003,chrVIII,175175,175625,YHR032C-A,-
3004,chrVIII,176487,176937,YHR033W,+
3005,chrVIII,176756,177206,YHR034C,-
3006,chrVIII,180016,180466,YHR035W,+
3007,chrVIII,181410,181860,YHR036W,+
3008,chrVIII,183443,183893,YHR037W,+
3009,chrVIII,184433,184883,YHR038W,+
3010,chrVIII,184775,185225,YHR039C,-
3011,chrVIII,187073,187523,YHR039C-A,-
3012,chrVIII,188766,189216,YHR040W,+
3013,chrVIII,188864,189314,YHR041C,-
3014,chrVIII,192480,192930,YHR042W,+
3015,chrVIII,192616,193066,YHR043C,-
3016,chrVIII,193847,194297,YHR044C,-
3017,chrVIII,196898,197348,YHR045W,+
3018,chrVIII,197043,197493,YHR046C,-
3019,chrVIII,198486,198936,YHR047C,-
3020,chrVIII,205801,206251,YHR048W,+
3021,chrVIII,206968,207418,YHR049W,+
3022,chrVIII,207134,207584,YHR049C-A,-
3023,chrVIII,208991,209441,YHR050W,+
3024,chrVIII,209295,209745,YHR050W-A,+
3025,chrVIII,210064,210514,YHR051W,+
3026,chrVIII,211628,212078,YHR052W,+
3027,chrVIII,212354,212804,YHR052W-A,+
3028,chrVIII,212435,212885,YHR053C,-
3029,chrVIII,213085,213535,YHR054C,-
3030,chrVIII,214352,214802,YHR054W-A,+
3031,chrVIII,214433,214883,YHR055C,-
3032,chrVIII,215083,215533,YHR056C,-
3033,chrVIII,217490,217940,YHR056W-A,+
3034,chrVIII,218051,218501,YHR057C,-
3035,chrVIII,218840,219290,YHR058C,-
3036,chrVIII,220255,220705,YHR059W,+
3037,chrVIII,220920,221370,YHR060W,+
3038,chrVIII,221434,221884,YHR061C,-
3039,chrVIII,222694,223144,YHR062C,-
3040,chrVIII,223853,224303,YHR063C,-
3041,chrVIII,225325,225775,YHR064C,-
3042,chrVIII,225427,225877,YHR063W-A,+
3043,chrVIII,227432,227882,YHR065C,-
3044,chrVIII,230466,230916,YHR066W,+
3045,chrVIII,231664,232114,YHR067W,+
3046,chrVIII,233194,233644,YHR068W,+
3047,chrVIII,233335,233785,YHR069C,-
3048,chrVIII,234774,235224,YHR069C-A,-
3049,chrVIII,236002,236452,YHR070C-A,-
3050,chrVIII,236382,236832,YHR070W,+
3051,chrVIII,237343,237793,YHR071W,+
3052,chrVIII,238810,239260,YHR071C-A,-
3053,chrVIII,241023,241473,YHR072W,+
3054,chrVIII,241671,242121,YHR072W-A,+
3055,chrVIII,242694,243144,YHR073W-A,+
3056,chrVIII,245322,245772,YHR073C-B,-
3057,chrVIII,245371,245821,YHR073W,+
3058,chrVIII,248143,248593,YHR074W,+
3059,chrVIII,248339,248789,YHR075C,-
3060,chrVIII,251987,252437,YHR076W,+
3061,chrVIII,252160,252610,YHR077C,-
3062,chrVIII,257801,258251,YHR078W,+
3063,chrVIII,257927,258377,YHR079C,-
3064,chrVIII,262092,262542,YHR079C-A,-
3065,chrVIII,262648,263098,YHR080C,-
3066,chrVIII,267778,268228,YHR081W,+
3067,chrVIII,268113,268563,YHR082C,-
3068,chrVIII,273347,273797,YHR083W,+
3069,chrVIII,276207,276657,YHR084W,+
3070,chrVIII,277462,277912,YHR085W,+
3071,chrVIII,279592,280042,YHR086W,+
3072,chrVIII,280328,280778,YHR086W-A,+
3073,chrVIII,280993,281443,YHR087W,+
3074,chrVIII,282130,282580,YHR088W,+
3075,chrVIII,282581,283031,YHR089C,-
3076,chrVIII,283429,283879,YHR090C,-
3077,chrVIII,284739,285189,YHR091C,-
3078,chrVIII,286981,287431,YHR092C,-
3079,chrVIII,289340,289790,YHR093W,+
3080,chrVIII,290813,291263,YHR094C,-
3081,chrVIII,293087,293537,YHR095W,+
3082,chrVIII,294399,294849,YHR096C,-
3083,chrVIII,297161,297611,YHR097C,-
3084,chrVIII,298905,299355,YHR098C,-
3085,chrVIII,313645,314095,YHR099W,+
3086,chrVIII,314016,314466,YHR100C,-
3087,chrVIII,314774,315224,YHR101C,-
3088,chrVIII,319560,320010,YHR102W,+
3089,chrVIII,322622,323072,YHR103W,+
3090,chrVIII,324232,324682,YHR104W,+
3091,chrVIII,325060,325510,YHR105W,+
3092,chrVIII,326438,326888,YHR106W,+
3093,chrVIII,326540,326990,YHR107C,-
3094,chrVIII,329852,330302,YHR108W,+
3095,chrVIII,331799,332249,YHR109W,+
3096,chrVIII,332684,333134,YHR110W,+
3097,chrVIII,334098,334548,YHR111W,+
3098,chrVIII,334259,334709,YHR112C,-
3099,chrVIII,337505,337955,YHR113W,+
3100,chrVIII,339634,340084,YHR114W,+
3101,chrVIII,340009,340459,YHR115C,-
3102,chrVIII,341943,342393,YHR116W,+
3103,chrVIII,344009,344459,YHR117W,+
3104,chrVIII,344147,344597,YHR118C,-
3105,chrVIII,349072,349522,YHR119W,+
3106,chrVIII,352103,352553,YHR120W,+
3107,chrVIII,353058,353508,YHR121W,+
3108,chrVIII,354064,354514,YHR122W,+
3109,chrVIII,355882,356332,YHR123W,+
3110,chrVIII,358094,358544,YHR124W,+
3111,chrVIII,358813,359263,YHR125W,+
3112,chrVIII,359602,360052,YHR126C,-
3113,chrVIII,361521,361971,YHR127W,+
3114,chrVIII,362511,362961,YHR128W,+
3115,chrVIII,362899,363349,YHR129C,-
3116,chrVIII,364865,365315,YHR130C,-
3117,chrVIII,365240,365690,YHR131C,-
3118,chrVIII,367642,368092,YHR131W-A,+
3119,chrVIII,368316,368766,YHR132C,-
3120,chrVIII,370399,370849,YHR132W-A,+
3121,chrVIII,370560,371010,YHR133C,-
3122,chrVIII,372333,372783,YHR134W,+
3123,chrVIII,372494,372944,YHR135C,-
3124,chrVIII,374462,374912,YHR136C,-
3125,chrVIII,375638,376088,YHR137C-A,-
3126,chrVIII,377043,377493,YHR137W,+
3127,chrVIII,377150,377600,YHR138C,-
3128,chrVIII,378119,378569,YHR139C,-
3129,chrVIII,380008,380458,YHR139C-A,-
3130,chrVIII,381614,382064,YHR140W,+
3131,chrVIII,381770,382220,YHR141C,-
3132,chrVIII,384222,384672,YHR142W,+
3133,chrVIII,386382,386832,YHR143W,+
3134,chrVIII,387226,387676,YHR143W-A,+
3135,chrVIII,387688,388138,YHR144C,-
3136,chrVIII,388881,389331,YHR145C,-
3137,chrVIII,391347,391797,YHR146W,+
3138,chrVIII,392492,392942,YHR147C,-
3139,chrVIII,394154,394604,YHR148W,+
3140,chrVIII,394291,394741,YHR149C,-
3141,chrVIII,398640,399090,YHR150W,+
3142,chrVIII,399168,399618,YHR151C,-
3143,chrVIII,401725,402175,YHR152W,+
3144,chrVIII,401830,402280,YHR153C,-
3145,chrVIII,405828,406278,YHR154W,+
3146,chrVIII,410794,411244,YHR155W,+
3147,chrVIII,411243,411693,YHR156C,-
3148,chrVIII,413105,413555,YHR157W,+
3149,chrVIII,413585,414035,YHR158C,-
3150,chrVIII,418713,419163,YHR159W,+
3151,chrVIII,418964,419414,YHR160C,-
3152,chrVIII,420184,420634,YHR161C,-
3153,chrVIII,423111,423561,YHR162W,+
3154,chrVIII,424253,424703,YHR163W,+
3155,chrVIII,424395,424845,YHR164C,-
3156,chrVIII,429510,429960,YHR165C,-
3157,chrVIII,436608,437058,YHR165W-A,+
3158,chrVIII,437022,437472,YHR166C,-
3159,chrVIII,440008,440458,YHR167W,+
3160,chrVIII,441583,442033,YHR168W,+
3161,chrVIII,443215,443665,YHR169W,+
3162,chrVIII,445161,445611,YHR170W,+
3163,chrVIII,447348,447798,YHR171W,+
3164,chrVIII,450715,451165,YHR173C,-
3165,chrVIII,450812,451262,YHR172W,+
3166,chrVIII,452410,452860,YHR174W,+
3167,chrVIII,453091,453541,YHR175W,+
3168,chrVIII,453357,453807,YHR175W-A,+
3169,chrVIII,455228,455678,YHR176W,+
3170,chrVIII,457602,458052,YHR177W,+
3171,chrVIII,461582,462032,YHR178W,+
3172,chrVIII,463380,463830,YHR179W,+
3173,chrVIII,465319,465769,YHR180W,+
3174,chrVIII,466764,467214,YHR180W-A,+
3175,chrVIII,466858,467308,YHR180C-B,-
3176,chrVIII,467696,468146,YHR181W,+
3177,chrVIII,470274,470724,YHR182W,+
3178,chrVIII,470839,471289,YHR182C-A,-
3179,chrVIII,472079,472529,YHR183W,+
3180,chrVIII,474109,474559,YHR184W,+
3181,chrVIII,474527,474977,YHR185C,-
3182,chrVIII,475899,476349,YHR186C,-
3183,chrVIII,481677,482127,YHR187W,+
3184,chrVIII,481834,482284,YHR188C,-
3185,chrVIII,484250,484700,YHR189W,+
3186,chrVIII,485930,486380,YHR190W,+
3187,chrVIII,486098,486548,YHR191C,-
3188,chrVIII,487464,487914,YHR192W,+
3189,chrVIII,487548,487998,YHR193C,-
3190,chrVIII,488553,489003,YHR193C-A,-
3191,chrVIII,490136,490586,YHR194W,+
3192,chrVIII,491362,491812,YHR195W,+
3193,chrVIII,493308,493758,YHR196W,+
3194,chrVIII,495945,496395,YHR197W,+
3195,chrVIII,496093,496543,YHR198C,-
3196,chrVIII,497299,497749,YHR199C,-
3197,chrVIII,498471,498921,YHR199C-A,-
3198,chrVIII,499601,500051,YHR200W,+
3199,chrVIII,499772,500222,YHR201C,-
3200,chrVIII,503846,504296,YHR202W,+
3201,chrVIII,504349,504799,YHR203C,-
3202,chrVIII,508430,508880,YHR204W,+
3203,chrVIII,511487,511937,YHR205W,+
3204,chrVIII,514250,514700,YHR206W,+
3205,chrVIII,514805,515255,YHR207C,-
3206,chrVIII,518494,518944,YHR208W,+
3207,chrVIII,519974,520424,YHR209W,+
3208,chrVIII,520612,521062,YHR210C,-
3209,chrVIII,528345,528795,YHR211W,+
3210,chrVIII,537659,538109,YHR212C,-
3211,chrVIII,538595,539045,YHR212W-A,+
3212,chrVIII,539397,539847,YHR213W,+
3213,chrVIII,540432,540882,YHR213W-A,+
3214,chrVIII,540901,541351,YHR213W-B,+
3215,chrVIII,541912,542362,YHR214W,+
3216,chrVIII,543143,543593,YHR214W-A,+
3217,chrVIII,550548,550998,YHR214C-D,-
3218,chrVIII,551100,551550,YHR214C-E,-
3219,chrVIII,553214,553664,YHR215W,+
3220,chrVIII,555667,556117,YHR216W,+
3221,chrVIII,556481,556931,YHR217C,-
3222,chrVIII,559574,560024,YHR218W,+
3223,chrVIII,559899,560349,YHR218W-A,+
3224,chrVIII,561099,561549,YHR219C-A,-
3225,chrVIII,561697,562147,YHR219W,+
3226,chrVIII,562106,562556,TEL08R-YP,+
3227,chrX,1,411,TEL10L-YP,-
3228,chrX,366,816,YJL225C,-
3229,chrX,961,1411,YJL225W-A,+
3230,chrX,8676,9126,YJL223C,-
3231,chrX,9133,9583,YJL222W-B,+
3232,chrX,9329,9779,YJL222W-A,+
3233,chrX,15774,16224,YJL222W,+
3234,chrX,16667,17117,YJL221C,-
3235,chrX,18345,18795,YJL220W,+
3236,chrX,20850,21300,YJL219W,+
3237,chrX,22365,22815,YJL218W,+
3238,chrX,23479,23929,YJL217W,+
3239,chrX,24241,24691,YJL216C,-
3240,chrX,26312,26762,YJL215C,-
3241,chrX,28812,29262,YJL214W,+
3242,chrX,32992,33442,YJL213W,+
3243,chrX,33750,34200,YJL212C,-
3244,chrX,36657,37107,YJL211C,-
3245,chrX,37452,37902,YJL210W,+
3246,chrX,39619,40069,YJL209W,+
3247,chrX,40094,40544,YJL208C,-
3248,chrX,41241,41691,YJL207C,-
3249,chrX,47559,48009,YJL206C,-
3250,chrX,50039,50489,YJL205C,-
3251,chrX,50456,50906,YJL204C,-
3252,chrX,53843,54293,YJL202C,-
3253,chrX,53940,54390,YJL203W,+
3254,chrX,55898,56348,YJL201W,+
3255,chrX,56229,56679,YJL200C,-
3256,chrX,59756,60206,YJL199C,-
3257,chrX,63217,63667,YJL198W,+
3258,chrX,65705,66155,YJL197C-A,-
3259,chrX,67472,67922,YJL197W,+
3260,chrX,67614,68064,YJL196C,-
3261,chrX,69141,69591,YJL195C,-
3262,chrX,70529,70979,YJL194W,+
3263,chrX,72274,72724,YJL193W,+
3264,chrX,72500,72950,YJL192C,-
3265,chrX,74261,74711,YJL191W,+
3266,chrX,74724,75174,YJL190C,-
3267,chrX,76102,76552,YJL188C,-
3268,chrX,76124,76574,YJL189W,+
3269,chrX,76523,76973,YJL187C,-
3270,chrX,81684,82134,YJL186W,+
3271,chrX,81843,82293,YJL185C,-
3272,chrX,83543,83993,YJL184W,+
3273,chrX,85171,85621,YJL183W,+
3274,chrX,85335,85785,YJL182C,-
3275,chrX,87145,87595,YJL181W,+
3276,chrX,87399,87849,YJL180C,-
3277,chrX,89135,89585,YJL178C,-
3278,chrX,89210,89660,YJL179W,+
3279,chrX,91429,91879,YJL177W,+
3280,chrX,91873,92323,YJL176C,-
3281,chrX,94211,94661,YJL175W,+
3282,chrX,95737,96187,YJL174W,+
3283,chrX,95987,96437,YJL173C,-
3284,chrX,99150,99600,YJL172W,+
3285,chrX,99604,100054,YJL171C,-
3286,chrX,101050,101500,YJL170C,-
3287,chrX,101920,102370,YJL168C,-
3288,chrX,102117,102567,YJL169W,+
3289,chrX,105825,106275,YJL167W,+
3290,chrX,106624,107074,YJL166W,+
3291,chrX,106754,107204,YJL165C,-
3292,chrX,109866,110316,YJL164C,-
3293,chrX,111503,111953,YJL163C,-
3294,chrX,113659,114109,YJL162C,-
3295,chrX,117550,118000,YJL161W,+
3296,chrX,117862,118312,YJL160C,-
3297,chrX,121340,121790,YJL159W,+
3298,chrX,121900,122350,YJL158C,-
3299,chrX,123589,124039,YJL157C,-
3300,chrX,126475,126925,YJL156W-A,+
3301,chrX,126753,127203,YJL156C,-
3302,chrX,129021,129471,YJL155C,-
3303,chrX,130943,131393,YJL154C,-
3304,chrX,134091,134541,YJL153C,-
3305,chrX,136183,136633,YJL152W,+
3306,chrX,136200,136650,YJL151C,-
3307,chrX,137075,137525,YJL150W,+
3308,chrX,139034,139484,YJL149W,+
3309,chrX,140788,141238,YJL148W,+
3310,chrX,141014,141464,YJL147C,-
3311,chrX,144571,145021,YJL146W,+
3312,chrX,145759,146209,YJL145W,+
3313,chrX,146581,147031,YJL144W,+
3314,chrX,147489,147939,YJL143W,+
3315,chrX,147719,148169,YJL142C,-
3316,chrX,147763,148213,YJL141C,-
3317,chrX,151326,151776,YJL140W,+
3318,chrX,151497,151947,YJL139C,-
3319,chrX,153326,153776,YJL138C,-
3320,chrX,154759,155209,YJL137C,-
3321,chrX,156309,156759,YJL136W-A,+
3322,chrX,156444,156894,YJL136C,-
3323,chrX,157844,158294,YJL135W,+
3324,chrX,159073,159523,YJL134W,+
3325,chrX,159351,159801,YJL133C-A,-
3326,chrX,161213,161663,YJL133W,+
3327,chrX,163816,164266,YJL132W,+
3328,chrX,164077,164527,YJL131C,-
3329,chrX,165623,166073,YJL130C,-
3330,chrX,173499,173949,YJL129C,-
3331,chrX,177953,178403,YJL128C,-
3332,chrX,179960,180410,YJL127W-A,+
3333,chrX,181207,181657,YJL127C-B,-
3334,chrX,181779,182229,YJL127C,-
3335,chrX,185074,185524,YJL126W,+
3336,chrX,185428,185878,YJL125C,-
3337,chrX,186745,187195,YJL124C,-
3338,chrX,187852,188302,YJL123C,-
3339,chrX,190027,190477,YJL122W,+
3340,chrX,190207,190657,YJL121C,-
3341,chrX,190995,191445,YJL120W,+
3342,chrX,191472,191922,YJL119C,-
3343,chrX,191948,192398,YJL118W,+
3344,chrX,193171,193621,YJL117W,+
3345,chrX,193760,194210,YJL116C,-
3346,chrX,196776,197226,YJL115W,+
3347,chrX,207250,207700,YJL112W,+
3348,chrX,209212,209662,YJL111W,+
3349,chrX,209713,210163,YJL110C,-
3350,chrX,211834,212284,YJL109C,-
3351,chrX,217605,218055,YJL108C,-
3352,chrX,218753,219203,YJL107C,-
3353,chrX,223098,223548,YJL106W,+
3354,chrX,226387,226837,YJL105W,+
3355,chrX,227592,228042,YJL104W,+
3356,chrX,228925,229375,YJL103C,-
3357,chrX,233522,233972,YJL102W,+
3358,chrX,234055,234505,YJL101C,-
3359,chrX,238736,239186,YJL100W,+
3360,chrX,241304,241754,YJL099W,+
3361,chrX,244908,245358,YJL098W,+
3362,chrX,245981,246431,YJL097W,+
3363,chrX,246693,247143,YJL096W,+
3364,chrX,251414,251864,YJL095W,+
3365,chrX,251571,252021,YJL094C,-
3366,chrX,254504,254954,YJL093C,-
3367,chrX,260692,261142,YJL092W,+
3368,chrX,260810,261260,YJL091C,-
3369,chrX,262583,263033,YJL090C,-
3370,chrX,268065,268515,YJL089W,+
3371,chrX,269465,269915,YJL088W,+
3372,chrX,269902,270352,YJL087C,-
3373,chrX,272378,272828,YJL086C,-
3374,chrX,274570,275020,YJL085W,+
3375,chrX,274762,275212,YJL084C,-
3376,chrX,280679,281129,YJL083W,+
3377,chrX,283030,283480,YJL082W,+
3378,chrX,283586,284036,YJL081C,-
3379,chrX,285335,285785,YJL080C,-
3380,chrX,289584,290034,YJL079C,-
3381,chrX,290874,291324,YJL078C,-
3382,chrX,293952,294402,YJL077W-B,+
3383,chrX,294080,294530,YJL077C,-
3384,chrX,294535,294985,YJL077W-A,+
3385,chrX,298360,298810,YJL075C,-
3386,chrX,298633,299083,YJL076W,+
3387,chrX,299057,299507,YJL074C,-
3388,chrX,304871,305321,YJL073W,+
3389,chrX,304968,305418,YJL072C,-
3390,chrX,307506,307956,YJL071W,+
3391,chrX,307871,308321,YJL070C,-
3392,chrX,310725,311175,YJL069C,-
3393,chrX,312916,313366,YJL068C,-
3394,chrX,314014,314464,YJL066C,-
3395,chrX,314084,314534,YJL067W,+
3396,chrX,314954,315404,YJL065C,-
3397,chrX,315220,315670,YJL064W,+
3398,chrX,315573,316023,YJL063C,-
3399,chrX,316825,317275,YJL062W-A,+
3400,chrX,319512,319962,YJL062W,+
3401,chrX,321950,322400,YJL061W,+
3402,chrX,324370,324820,YJL060W,+
3403,chrX,325923,326373,YJL059W,+
3404,chrX,326078,326528,YJL058C,-
3405,chrX,327959,328409,YJL057C,-
3406,chrX,330212,330662,YJL056C,-
3407,chrX,333804,334254,YJL055W,+
3408,chrX,335408,335858,YJL054W,+
3409,chrX,336877,337327,YJL053W,+
3410,chrX,337784,338234,YJL052C-A,-
3411,chrX,339046,339496,YJL052W,+
3412,chrX,341994,342444,YJL051W,+
3413,chrX,345393,345843,YJL050W,+
3414,chrX,346975,347425,YJL049W,+
3415,chrX,347347,347797,YJL048C,-
3416,chrX,348944,349394,YJL047C-A,-
3417,chrX,349395,349845,YJL047C,-
3418,chrX,353448,353898,YJL046W,+
3419,chrX,357780,358230,YJL045W,+
3420,chrX,357932,358382,YJL044C,-
3421,chrX,360893,361343,YJL043W,+
3422,chrX,365214,365664,YJL042W,+
3423,chrX,368153,368603,YJL041W,+
3424,chrX,368648,369098,YJL039C,-
3425,chrX,375015,375465,YJL038C,-
3426,chrX,376986,377436,YJL037W,+
3427,chrX,379816,380266,YJL036W,+
3428,chrX,380149,380599,YJL035C,-
3429,chrX,383153,383603,YJL034W,+
3430,chrX,385879,386329,YJL033W,+
3431,chrX,386151,386601,YJL031C,-
3432,chrX,386312,386762,YJL032W,+
3433,chrX,388085,388535,YJL030W,+
3434,chrX,388181,388631,YJL029C,-
3435,chrX,391296,391746,YJL028W,+
3436,chrX,391677,392127,YJL027C,-
3437,chrX,392966,393416,YJL026C-A,-
3438,chrX,393253,393703,YJL026W,+
3439,chrX,395282,395732,YJL025W,+
3440,chrX,395587,396037,YJL024C,-
3441,chrX,397141,397591,YJL023C,-
3442,chrX,398067,398517,YJL022W,+
3443,chrX,398837,399287,YJL020C,-
3444,chrX,400888,401338,YJL020W-A,+
3445,chrX,404595,405045,YJL019W,+
3446,chrX,407016,407466,YJL016W,+
3447,chrX,407042,407492,YJL015C,-
3448,chrX,408990,409440,YJL014W,+
3449,chrX,409263,409713,YJL013C,-
3450,chrX,410985,411435,YJL012C,-
3451,chrX,413890,414340,YJL011C,-
3452,chrX,417396,417846,YJL010C,-
3453,chrX,419676,420126,YJL008C,-
3454,chrX,419831,420281,YJL009W,+
3455,chrX,422598,423048,YJL007C,-
3456,chrX,422980,423430,YJL006C,-
3457,chrX,431032,431482,YJL005W,+
3458,chrX,431189,431639,YJL004C,-
3459,chrX,432944,433394,YJL002C,-
3460,chrX,433073,433523,YJL003W,+
3461,chrX,435685,436135,YJL001W,+
3462,chrX,438338,438788,YJR001W,+
3463,chrX,440651,441101,YJR002W,+
3464,chrX,440819,441269,YJR003C,-
3465,chrX,442661,443111,YJR004C,-
3466,chrX,447959,448409,YJR005W,+
3467,chrX,448358,448808,YJR005C-A,-
3468,chrX,450381,450831,YJR006W,+
3469,chrX,451706,452156,YJR007W,+
3470,chrX,453155,453605,YJR008W,+
3471,chrX,453436,453886,YJR009C,-
3472,chrX,457424,457874,YJR010W,+
3473,chrX,457977,458427,YJR010C-A,-
3474,chrX,458541,458991,YJR011C,-
3475,chrX,459695,460145,YJR012C,-
3476,chrX,461335,461785,YJR013W,+
3477,chrX,462170,462620,YJR014W,+
3478,chrX,463903,464353,YJR015W,+
3479,chrX,464289,464739,YJR016C,-
3480,chrX,466421,466871,YJR017C,-
3481,chrX,466798,467248,YJR018W,+
3482,chrX,467132,467582,YJR019C,-
3483,chrX,467983,468433,YJR020W,+
3484,chrX,468354,468804,YJR021C,-
3485,chrX,469704,470154,YJR023C,-
3486,chrX,469763,470213,YJR022W,+
3487,chrX,470130,470580,YJR024C,-
3488,chrX,471038,471488,YJR025C,-
3489,chrX,483859,484309,YJR030C,-
3490,chrX,486347,486797,YJR031C,-
3491,chrX,491912,492362,YJR032W,+
3492,chrX,492278,492728,YJR033C,-
3493,chrX,496715,497165,YJR034W,+
3494,chrX,500262,500712,YJR035W,+
3495,chrX,500499,500949,YJR036C,-
3496,chrX,503135,503585,YJR037W,+
3497,chrX,503610,504060,YJR038C,-
3498,chrX,506992,507442,YJR039W,+
3499,chrX,509792,510242,YJR040W,+
3500,chrX,509938,510388,YJR041C,-
3501,chrX,515939,516389,YJR042W,+
3502,chrX,516361,516811,YJR043C,-
3503,chrX,518483,518933,YJR044C,-
3504,chrX,519311,519761,YJR045C,-
3505,chrX,523512,523962,YJR046W,+
3506,chrX,524808,525258,YJR047C,-
3507,chrX,526314,526764,YJR048W,+
3508,chrX,526591,527041,YJR049C,-
3509,chrX,529326,529776,YJR050W,+
3510,chrX,531063,531513,YJR051W,+
3511,chrX,533462,533912,YJR052W,+
3512,chrX,535401,535851,YJR053W,+
3513,chrX,537223,537673,YJR054W,+
3514,chrX,539319,539769,YJR055W,+
3515,chrX,541573,542023,YJR056C,-
3516,chrX,544428,544878,YJR057W,+
3517,chrX,544577,545027,YJR058C,-
3518,chrX,547893,548343,YJR059W,+
3519,chrX,550048,550498,YJR060W,+
3520,chrX,552968,553418,YJR061W,+
3521,chrX,553244,553694,YJR062C,-
3522,chrX,555353,555803,YJR063W,+
3523,chrX,557395,557845,YJR064W,+
3524,chrX,557555,558005,YJR065C,-
3525,chrX,566478,566928,YJR066W,+
3526,chrX,566740,567190,YJR067C,-
3527,chrX,568395,568845,YJR068W,+
3528,chrX,568546,568996,YJR069C,-
3529,chrX,569425,569875,YJR070C,-
3530,chrX,570423,570873,YJR071W,+
3531,chrX,570787,571237,YJR072C,-
3532,chrX,572122,572572,YJR073C,-
3533,chrX,573530,573980,YJR074W,+
3534,chrX,575014,575464,YJR075W,+
3535,chrX,575254,575704,YJR076C,-
3536,chrX,576997,577447,YJR077C,-
3537,chrX,580084,580534,YJR078W,+
3538,chrX,580197,580647,YJR080C,-
3539,chrX,580889,581339,YJR079W,+
3540,chrX,581748,582198,YJR082C,-
3541,chrX,582410,582860,YJR083C,-
3542,chrX,584654,585104,YJR084W,+
3543,chrX,585020,585470,YJR085C,-
3544,chrX,586091,586541,YJR086W,+
3545,chrX,586119,586569,YJR088C,-
3546,chrX,586400,586850,YJR087W,+
3547,chrX,590296,590746,YJR089W,+
3548,chrX,590772,591222,YJR090C,-
3549,chrX,594961,595411,YJR091C,-
3550,chrX,602847,603297,YJR092W,+
3551,chrX,603120,603570,YJR093C,-
3552,chrX,604469,604919,YJR094C,-
3553,chrX,608634,609084,YJR094W-A,+
3554,chrX,610579,611029,YJR095W,+
3555,chrX,611767,612217,YJR096W,+
3556,chrX,612725,613175,YJR097W,+
3557,chrX,613086,613536,YJR098C,-
3558,chrX,616055,616505,YJR099W,+
3559,chrX,616167,616617,YJR100C,-
3560,chrX,618711,619161,YJR101W,+
3561,chrX,618924,619374,YJR102C,-
3562,chrX,622200,622650,YJR103W,+
3563,chrX,622367,622817,YJR104C,-
3564,chrX,624289,624739,YJR105W,+
3565,chrX,626681,627131,YJR106W,+
3566,chrX,628076,628526,YJR107W,+
3567,chrX,628793,629243,YJR108W,+
3568,chrX,629485,629935,YJR109C,-
3569,chrX,635331,635781,YJR110W,+
3570,chrX,635755,636205,YJR111C,-
3571,chrX,637330,637780,YJR112W,+
3572,chrX,637910,638360,YJR112W-A,+
3573,chrX,638054,638504,YJR113C,-
3574,chrX,638701,639151,YJR114W,+
3575,chrX,640388,640838,YJR115W,+
3576,chrX,641435,641885,YJR116W,+
3577,chrX,643122,643572,YJR117W,+
3578,chrX,643260,643710,YJR118C,-
3579,chrX,644154,644604,YJR119C,-
3580,chrX,647231,647681,YJR120W,+
3581,chrX,648849,649299,YJR121W,+
3582,chrX,650994,651444,YJR122W,+
3583,chrX,652234,652684,YJR123W,+
3584,chrX,652515,652965,YJR124C,-
3585,chrX,654538,654988,YJR125C,-
3586,chrX,656069,656519,YJR126C,-
3587,chrX,658732,659182,YJR127C,-
3588,chrX,662930,663380,YJR128W,+
3589,chrX,663393,663843,YJR129C,-
3590,chrX,664998,665448,YJR130C,-
3591,chrX,668991,669441,YJR131W,+
3592,chrX,672436,672886,YJR132W,+
3593,chrX,673369,673819,YJR133W,+
3594,chrX,673512,673962,YJR134C,-
3595,chrX,675913,676363,YJR135C,-
3596,chrX,677188,677638,YJR135W-A,+
3597,chrX,677341,677791,YJR136C,-
3598,chrX,678857,679307,YJR137C,-
3599,chrX,688971,689421,YJR138W,+
3600,chrX,689345,689795,YJR139C,-
3601,chrX,690650,691100,YJR140C,-
3602,chrX,690760,691210,YJR140W-A,+
3603,chrX,696599,697049,YJR141W,+
3604,chrX,697981,698431,YJR142W,+
3605,chrX,698087,698537,YJR143C,-
3606,chrX,701400,701850,YJR144W,+
3607,chrX,701872,702322,YJR145C,-
3608,chrX,703888,704338,YJR146W,+
3609,chrX,705277,705727,YJR147W,+
3610,chrX,706573,707023,YJR148W,+
3611,chrX,708024,708474,YJR149W,+
3612,chrX,708711,709161,YJR150C,-
3613,chrX,712155,712605,YJR151C,-
3614,chrX,717515,717965,YJR151W-A,+
3615,chrX,721240,721690,YJR152W,+
3616,chrX,723650,724100,YJR153W,+
3617,chrX,726474,726924,YJR154W,+
3618,chrX,728171,728621,YJR155W,+
3619,chrX,728317,728767,YJR156C,-
3620,chrX,730527,730977,YJR157W,+
3621,chrX,733793,734243,YJR158W,+
3622,chrX,736767,737217,YJR159W,+
3623,chrX,737534,737984,YJR160C,-
3624,chrX,742373,742823,YJR161C,-
3625,chrX,744811,745261,YJR162C,-
3626,chrX,745011,745461,TEL10R-XC,+
3627,chrXI,247,697,TEL11L-XC,-
3628,chrXI,448,898,YKL225W,+
3629,chrXI,1710,2160,YKL224C,-
3630,chrXI,2371,2821,YKL223W,+
3631,chrXI,3133,3583,YKL222C,-
3632,chrXI,7178,7628,YKL221W,+
3633,chrXI,8991,9441,YKL220C,-
3634,chrXI,15440,15890,YKL219W,+
3635,chrXI,17053,17503,YKL218C,-
3636,chrXI,23875,24325,YKL217W,+
3637,chrXI,26052,26502,YKL216W,+
3638,chrXI,26727,27177,YKL215C,-
3639,chrXI,30923,31373,YKL214C,-
3640,chrXI,31789,32239,YKL213C,-
3641,chrXI,36146,36596,YKL212W,+
3642,chrXI,36417,36867,YKL211C,-
3643,chrXI,41887,42337,YKL210W,+
3644,chrXI,42323,42773,YKL209C,-
3645,chrXI,47695,48145,YKL208W,+
3646,chrXI,48661,49111,YKL207W,+
3647,chrXI,48837,49287,YKL206C,-
3648,chrXI,53230,53680,YKL205W,+
3649,chrXI,55252,55702,YKL204W,+
3650,chrXI,55755,56205,YKL203C,-
3651,chrXI,63612,64062,YKL201C,-
3652,chrXI,64052,64502,YKL202W,+
3653,chrXI,68019,68469,YKL198C,-
3654,chrXI,70333,70783,YKL197C,-
3655,chrXI,74679,75129,YKL196C,-
3656,chrXI,76818,77268,YKL195W,+
3657,chrXI,76999,77449,YKL194C,-
3658,chrXI,78766,79216,YKL193C,-
3659,chrXI,79926,80376,YKL192C,-
3660,chrXI,82488,82938,YKL191W,+
3661,chrXI,83378,83828,YKL190W,+
3662,chrXI,85798,86248,YKL189W,+
3663,chrXI,85922,86372,YKL188C,-
3664,chrXI,89184,89634,YKL187C,-
3665,chrXI,92644,93094,YKL186C,-
3666,chrXI,96035,96485,YKL185W,+
3667,chrXI,97821,98271,YKL184W,+
3668,chrXI,98295,98745,YKL183C-A,-
3669,chrXI,99427,99877,YKL183W,+
3670,chrXI,106565,107015,YKL182W,+
3671,chrXI,108376,108826,YKL181W,+
3672,chrXI,109800,110250,YKL180W,+
3673,chrXI,110233,110683,YKL179C,-
3674,chrXI,112928,113378,YKL178C,-
3675,chrXI,114344,114794,YKL177W,+
3676,chrXI,115209,115659,YKL176C,-
3677,chrXI,120123,120573,YKL175W,+
3678,chrXI,120153,120603,YKL174C,-
3679,chrXI,125306,125756,YKL173W,+
3680,chrXI,126692,127142,YKL172W,+
3681,chrXI,129911,130361,YKL171W,+
3682,chrXI,130585,131035,YKL169C,-
3683,chrXI,130846,131296,YKL170W,+
3684,chrXI,131126,131576,YKL168C,-
3685,chrXI,133465,133915,YKL167C,-
3686,chrXI,134193,134643,YKL166C,-
3687,chrXI,135690,136140,YKL165C-A,-
3688,chrXI,137714,138164,YKL165C,-
3689,chrXI,141587,142037,YKL164C,-
3690,chrXI,145028,145478,YKL163W,+
3691,chrXI,145822,146272,YKL162C-A,-
3692,chrXI,147530,147980,YKL162C,-
3693,chrXI,149286,149736,YKL161C,-
3694,chrXI,153436,153886,YKL160W,+
3695,chrXI,153524,153974,YKL159C,-
3696,chrXI,158037,158487,YKL157W,+
3697,chrXI,158875,159325,YKL156C-A,-
3698,chrXI,159069,159519,YKL156W,+
3699,chrXI,159356,159806,YKL155C,-
3700,chrXI,161985,162435,YKL154W,+
3701,chrXI,163406,163856,YKL152C,-
3702,chrXI,163759,164209,YKL153W,+
3703,chrXI,164817,165267,YKL151C,-
3704,chrXI,167102,167552,YKL150W,+
3705,chrXI,167512,167962,YKL149C,-
3706,chrXI,169107,169557,YKL148C,-
3707,chrXI,171451,171901,YKL147C,-
3708,chrXI,173604,174054,YKL146W,+
3709,chrXI,174700,175150,YKL145W-A,+
3710,chrXI,175424,175874,YKL145W,+
3711,chrXI,175582,176032,YKL144C,-
3712,chrXI,177917,178367,YKL143W,+
3713,chrXI,178838,179288,YKL142W,+
3714,chrXI,180018,180468,YKL141W,+
3715,chrXI,182247,182697,YKL140W,+
3716,chrXI,184297,184747,YKL139W,+
3717,chrXI,184425,184875,YKL138C-A,-
3718,chrXI,185068,185518,YKL138C,-
3719,chrXI,186145,186595,YKL137W,+
3720,chrXI,186290,186740,YKL135C,-
3721,chrXI,186464,186914,YKL136W,+
3722,chrXI,188799,189249,YKL134C,-
3723,chrXI,191528,191978,YKL133C,-
3724,chrXI,193325,193775,YKL132C,-
3725,chrXI,194649,195099,YKL131W,+
3726,chrXI,195048,195498,YKL130C,-
3727,chrXI,196169,196619,YKL129C,-
3728,chrXI,200266,200716,YKL128C,-
3729,chrXI,204903,205353,YKL127W,+
3730,chrXI,207399,207849,YKL126W,+
3731,chrXI,209780,210230,YKL125W,+
3732,chrXI,211982,212432,YKL124W,+
3733,chrXI,212073,212523,YKL123W,+
3734,chrXI,212076,212526,YKL122C,-
3735,chrXI,216350,216800,YKL121W,+
3736,chrXI,217968,218418,YKL120W,+
3737,chrXI,217972,218422,YKL119C,-
3738,chrXI,219087,219537,YKL118W,+
3739,chrXI,220624,221074,YKL117W,+
3740,chrXI,220745,221195,YKL116C,-
3741,chrXI,222793,223243,YKL115C,-
3742,chrXI,222809,223259,YKL114C,-
3743,chrXI,224165,224615,YKL113C,-
3744,chrXI,228364,228814,YKL111C,-
3745,chrXI,228415,228865,YKL112W,+
3746,chrXI,228839,229289,YKL110C,-
3747,chrXI,233551,234001,YKL109W,+
3748,chrXI,235437,235887,YKL108W,+
3749,chrXI,236720,237170,YKL107W,+
3750,chrXI,237047,237497,YKL106C-A,-
3751,chrXI,238541,238991,YKL106W,+
3752,chrXI,239085,239535,YKL105C,-
3753,chrXI,242513,242963,YKL104C,-
3754,chrXI,246038,246488,YKL103C,-
3755,chrXI,247962,248412,YKL102C,-
3756,chrXI,253126,253576,YKL101W,+
3757,chrXI,253147,253597,YKL100C,-
3758,chrXI,253898,254348,YKL100W-A,+
3759,chrXI,255173,255623,YKL099C,-
3760,chrXI,257493,257943,YKL098W,+
3761,chrXI,258403,258853,YKL097C,-
3762,chrXI,258973,259423,YKL096C-B,-
3763,chrXI,259181,259631,YKL096W-A,+
3764,chrXI,261501,261951,YKL096W,+
3765,chrXI,262763,263213,YKL095W,+
3766,chrXI,263940,264390,YKL094W,+
3767,chrXI,265458,265908,YKL093W,+
3768,chrXI,265707,266157,YKL092C,-
3769,chrXI,269166,269616,YKL091C,-
3770,chrXI,272859,273309,YKL090W,+
3771,chrXI,274693,275143,YKL089W,+
3772,chrXI,276648,277098,YKL088W,+
3773,chrXI,276804,277254,YKL087C,-
3774,chrXI,278314,278764,YKL086W,+
3775,chrXI,279777,280227,YKL085W,+
3776,chrXI,280509,280959,YKL084W,+
3777,chrXI,280630,281080,YKL082C,-
3778,chrXI,281185,281635,YKL083W,+
3779,chrXI,284105,284555,YKL081W,+
3780,chrXI,285858,286308,YKL080W,+
3781,chrXI,288223,288673,YKL079W,+
3782,chrXI,290702,291152,YKL078W,+
3783,chrXI,292281,292731,YKL077W,+
3784,chrXI,292362,292812,YKL075C,-
3785,chrXI,292738,293188,YKL076C,-
3786,chrXI,294074,294524,YKL074C,-
3787,chrXI,298725,299175,YKL073W,+
3788,chrXI,301532,301982,YKL072W,+
3789,chrXI,305534,305984,YKL071W,+
3790,chrXI,306370,306820,YKL070W,+
3791,chrXI,307477,307927,YKL069W,+
3792,chrXI,309092,309542,YKL068W-A,+
3793,chrXI,312728,313178,YKL068W,+
3794,chrXI,314923,315373,YKL067W,+
3795,chrXI,315374,315824,YKL066W,+
3796,chrXI,315825,316275,YKL065W-A,+
3797,chrXI,315844,316294,YKL065C,-
3798,chrXI,320323,320773,YKL064W,+
3799,chrXI,320397,320847,YKL063C,-
3800,chrXI,324770,325220,YKL062W,+
3801,chrXI,325762,326212,YKL061W,+
3802,chrXI,325905,326355,YKL060C,-
3803,chrXI,327562,328012,YKL059C,-
3804,chrXI,330184,330634,YKL058W,+
3805,chrXI,330756,331206,YKL057C,-
3806,chrXI,333780,334230,YKL056C,-
3807,chrXI,335221,335671,YKL055C,-
3808,chrXI,336437,336887,YKL054C,-
3809,chrXI,338610,339060,YKL053C-A,-
3810,chrXI,339168,339618,YKL052C,-
3811,chrXI,339596,340046,YKL053W,+
3812,chrXI,342023,342473,YKL051W,+
3813,chrXI,342752,343202,YKL050C,-
3814,chrXI,345507,345957,YKL049C,-
3815,chrXI,347114,347564,YKL048C,-
3816,chrXI,350663,351113,YKL047W,+
3817,chrXI,350778,351228,YKL046C,-
3818,chrXI,354729,355179,YKL045W,+
3819,chrXI,356292,356742,YKL044W,+
3820,chrXI,357498,357948,YKL043W,+
3821,chrXI,359216,359666,YKL042W,+
3822,chrXI,360348,360798,YKL040C,-
3823,chrXI,360467,360917,YKL041W,+
3824,chrXI,363843,364293,YKL039W,+
3825,chrXI,368767,369217,YKL038W,+
3826,chrXI,369371,369821,YKL037W,+
3827,chrXI,369428,369878,YKL036C,-
3828,chrXI,371040,371490,YKL035W,+
3829,chrXI,373755,374205,YKL034W,+
3830,chrXI,374865,375315,YKL033W-A,+
3831,chrXI,378222,378672,YKL033W,+
3832,chrXI,379349,379799,YKL032C,-
3833,chrXI,382135,382585,YKL031W,+
3834,chrXI,382616,383066,YKL029C,-
3835,chrXI,382753,383203,YKL030W,+
3836,chrXI,386856,387306,YKL028W,+
3837,chrXI,388555,389005,YKL027W,+
3838,chrXI,388745,389195,YKL026C,-
3839,chrXI,389722,390172,YKL025C,-
3840,chrXI,392021,392471,YKL024C,-
3841,chrXI,393046,393496,YKL023C-A,-
3842,chrXI,394199,394649,YKL022C,-
3843,chrXI,394204,394654,YKL023W,+
3844,chrXI,396983,397433,YKL021C,-
3845,chrXI,398732,399182,YKL020C,-
3846,chrXI,403034,403484,YKL018C-A,-
3847,chrXI,403168,403618,YKL019W,+
3848,chrXI,404632,405082,YKL017C,-
3849,chrXI,404741,405191,YKL018W,+
3850,chrXI,406869,407319,YKL016C,-
3851,chrXI,411067,411517,YKL014C,-
3852,chrXI,411133,411583,YKL015W,+
3853,chrXI,416880,417330,YKL013C,-
3854,chrXI,419605,420055,YKL011C,-
3855,chrXI,419711,420161,YKL012W,+
3856,chrXI,421324,421774,YKL010C,-
3857,chrXI,426602,427052,YKL009W,+
3858,chrXI,426702,427152,YKL008C,-
3859,chrXI,429608,430058,YKL006C-A,-
3860,chrXI,429758,430208,YKL007W,+
3861,chrXI,432370,432820,YKL006W,+
3862,chrXI,432452,432902,YKL005C,-
3863,chrXI,436435,436885,YKL004W,+
3864,chrXI,436538,436988,YKL003C,-
3865,chrXI,438194,438644,YKL002W,+
3866,chrXI,438520,438970,YKL001C,-
3867,chrXI,440028,440478,YKR001C,-
3868,chrXI,444588,445038,YKR002W,+
3869,chrXI,445938,446388,YKR004C,-
3870,chrXI,446377,446827,YKR003W,+
3871,chrXI,447837,448287,YKR005C,-
3872,chrXI,449877,450327,YKR006C,-
3873,chrXI,451638,452088,YKR007W,+
3874,chrXI,453728,454178,YKR008W,+
3875,chrXI,453759,454209,YKR009C,-
3876,chrXI,458369,458819,YKR010C,-
3877,chrXI,461060,461510,YKR011C,-
3878,chrXI,463639,464089,YKR012C,-
3879,chrXI,464598,465048,YKR013W,+
3880,chrXI,464816,465266,YKR014C,-
3881,chrXI,466861,467311,YKR015C,-
3882,chrXI,470989,471439,YKR016W,+
3883,chrXI,471594,472044,YKR017C,-
3884,chrXI,473112,473562,YKR018C,-
3885,chrXI,475674,476124,YKR019C,-
3886,chrXI,478482,478932,YKR020W,+
3887,chrXI,481584,482034,YKR022C,-
3888,chrXI,481631,482081,YKR021W,+
3889,chrXI,484661,485111,YKR023W,+
3890,chrXI,484757,485207,YKR024C,-
3891,chrXI,488101,488551,YKR026C,-
3892,chrXI,488268,488718,YKR025W,+
3893,chrXI,493311,493761,YKR027W,+
3894,chrXI,497008,497458,YKR028W,+
3895,chrXI,497478,497928,YKR029C,-
3896,chrXI,500753,501203,YKR030W,+
3897,chrXI,501244,501694,YKR031C,-
3898,chrXI,506481,506931,YKR032W,+
3899,chrXI,506779,507229,YKR033C,-
3900,chrXI,507357,507807,YKR034W,+
3901,chrXI,507820,508270,YKR035C,-
3902,chrXI,508111,508561,YKR036C,-
3903,chrXI,508203,508653,YKR035W-A,+
3904,chrXI,510304,510754,YKR037C,-
3905,chrXI,511407,511857,YKR038C,-
3906,chrXI,516521,516971,YKR039W,+
3907,chrXI,517963,518413,YKR040C,-
3908,chrXI,518600,519050,YKR041W,+
3909,chrXI,520274,520724,YKR042W,+
3910,chrXI,520372,520822,YKR043C,-
3911,chrXI,522842,523292,YKR045C,-
3912,chrXI,522996,523446,YKR044W,+
3913,chrXI,524123,524573,YKR046C,-
3914,chrXI,524783,525233,YKR048C,-
3915,chrXI,525212,525662,YKR047W,+
3916,chrXI,526306,526756,YKR049C,-
3917,chrXI,530134,530584,YKR050W,+
3918,chrXI,531725,532175,YKR052C,-
3919,chrXI,531852,532302,YKR051W,+
3920,chrXI,533516,533966,YKR053C,-
3921,chrXI,534956,535406,YKR054C,-
3922,chrXI,548741,549191,YKR055W,+
3923,chrXI,551017,551467,YKR056W,+
3924,chrXI,551892,552342,YKR057W,+
3925,chrXI,554270,554720,YKR058W,+
3926,chrXI,555824,556274,YKR059W,+
3927,chrXI,556992,557442,YKR060W,+
3928,chrXI,558604,559054,YKR061W,+
3929,chrXI,560200,560650,YKR063C,-
3930,chrXI,560302,560752,YKR062W,+
3931,chrXI,564712,565162,YKR065C,-
3932,chrXI,564788,565238,YKR064W,+
3933,chrXI,565624,566074,YKR066C,-
3934,chrXI,569763,570213,YKR068C,-
3935,chrXI,569799,570249,YKR067W,+
3936,chrXI,573043,573493,YKR069W,+
3937,chrXI,574215,574665,YKR071C,-
3938,chrXI,574282,574732,YKR070W,+
3939,chrXI,575910,576360,YKR072C,-
3940,chrXI,578087,578537,YKR073C,-
3941,chrXI,579290,579740,YKR075C,-
3942,chrXI,579326,579776,YKR074W,+
3943,chrXI,580131,580581,YKR075W-A,+
3944,chrXI,583045,583495,YKR076W,+
3945,chrXI,584394,584844,YKR077W,+
3946,chrXI,586188,586638,YKR079C,-
3947,chrXI,586359,586809,YKR078W,+
3948,chrXI,590955,591405,YKR081C,-
3949,chrXI,591007,591457,YKR080W,+
3950,chrXI,595948,596398,YKR082W,+
3951,chrXI,596099,596549,YKR083C,-
3952,chrXI,596527,596977,YKR084C,-
3953,chrXI,598547,598997,YKR085C,-
3954,chrXI,602636,603086,YKR087C,-
3955,chrXI,602722,603172,YKR086W,+
3956,chrXI,603874,604324,YKR088C,-
3957,chrXI,605092,605542,YKR089C,-
3958,chrXI,610716,611166,YKR090W,+
3959,chrXI,611915,612365,YKR091W,+
3960,chrXI,612334,612784,YKR092C,-
3961,chrXI,617185,617635,YKR093W,+
3962,chrXI,617358,617808,YKR094C,-
3963,chrXI,625082,625532,YKR095W,+
3964,chrXI,625855,626305,YKR095W-A,+
3965,chrXI,630030,630480,YKR096W,+
3966,chrXI,632451,632901,YKR097W,+
3967,chrXI,632896,633346,YKR098C,-
3968,chrXI,637936,638386,YKR099W,+
3969,chrXI,638255,638705,YKR100C,-
3970,chrXI,642154,642604,YKR101W,+
3971,chrXI,649515,649965,YKR102W,+
3972,chrXI,656386,656836,YKR103W,+
3973,chrXI,657406,657856,YKR104W,+
3974,chrXI,658097,658547,YKR105C,-
3975,chrXI,662939,663389,YKR106W,+
3976,chrXII,1,426,TEL12L-YP1,-
3977,chrXII,485,935,YLL067C,-
3978,chrXII,975,1425,YLL067W-A,+
3979,chrXII,5425,5875,YLL066W-B,+
3980,chrXII,5624,6074,TEL12L-YP2,-
3981,chrXII,6020,6470,YLL066C,-
3982,chrXII,6618,7068,YLL066W-A,+
3983,chrXII,11526,11976,TEL12L-XC,-
3984,chrXII,11726,12176,YLL065W,+
3985,chrXII,12983,13433,YLL064C,-
3986,chrXII,14548,14998,YLL063C,-
3987,chrXII,16510,16960,YLL062C,-
3988,chrXII,19492,19942,YLL061W,+
3989,chrXII,20806,21256,YLL060C,-
3990,chrXII,22374,22824,YLL059C,-
3991,chrXII,24946,25396,YLL058W,+
3992,chrXII,25523,25973,YLL057C,-
3993,chrXII,27187,27637,YLL056C,-
3994,chrXII,31354,31804,YLL055W,+
3995,chrXII,32573,33023,YLL054C,-
3996,chrXII,35403,35853,YLL053C,-
3997,chrXII,35812,36262,YLL052C,-
3998,chrXII,37053,37503,YLL051C,-
3999,chrXII,39663,40113,YLL050C,-
4000,chrXII,40759,41209,YLL048C,-
4001,chrXII,40855,41305,YLL049W,+
4002,chrXII,46614,47064,YLL046C,-
4003,chrXII,46705,47155,YLL047W,+
4004,chrXII,47679,48129,YLL045C,-
4005,chrXII,48312,48762,YLL044W,+
4006,chrXII,51615,52065,YLL043W,+
4007,chrXII,51987,52437,YLL042C,-
4008,chrXII,52752,53202,YLL041C,-
4009,chrXII,54044,54494,YLL040C,-
4010,chrXII,63900,64350,YLL039C,-
4011,chrXII,65675,66125,YLL038C,-
4012,chrXII,66574,67024,YLL036C,-
4013,chrXII,66592,67042,YLL037W,+
4014,chrXII,70136,70586,YLL035W,+
4015,chrXII,70418,70868,YLL034C,-
4016,chrXII,73802,74252,YLL032C,-
4017,chrXII,73902,74352,YLL033W,+
4018,chrXII,77052,77502,YLL031C,-
4019,chrXII,80256,80706,YLL030C,-
4020,chrXII,83360,83810,YLL029W,+
4021,chrXII,86359,86809,YLL028W,+
4022,chrXII,87937,88387,YLL027W,+
4023,chrXII,91038,91488,YLL026W,+
4024,chrXII,94771,95221,YLL025W,+
4025,chrXII,95433,95883,YLL024C,-
4026,chrXII,97829,98279,YLL023C,-
4027,chrXII,98887,99337,YLL022C,-
4028,chrXII,104997,105447,YLL021W,+
4029,chrXII,105456,105906,YLL020C,-
4030,chrXII,105586,106036,YLL019C,-
4031,chrXII,106650,107100,YLL019W-A,+
4032,chrXII,108434,108884,YLL018C-A,-
4033,chrXII,109644,110094,YLL018C,-
4034,chrXII,120828,121278,YLL015W,+
4035,chrXII,121384,121834,YLL014W,+
4036,chrXII,121640,122090,YLL013C,-
4037,chrXII,126905,127355,YLL012W,+
4038,chrXII,128710,129160,YLL011W,+
4039,chrXII,128876,129326,YLL010C,-
4040,chrXII,130986,131436,YLL009C,-
4041,chrXII,133637,134087,YLL008W,+
4042,chrXII,134202,134652,YLL007C,-
4043,chrXII,136171,136621,YLL006W-A,+
4044,chrXII,137668,138118,YLL006W,+
4045,chrXII,137840,138290,YLL005C,-
4046,chrXII,142650,143100,YLL004W,+
4047,chrXII,145752,146202,YLL003W,+
4048,chrXII,147324,147774,YLL002W,+
4049,chrXII,149842,150292,YLL001W,+
4050,chrXII,151213,151663,YLR001C,-
4051,chrXII,154174,154624,YLR002C,-
4052,chrXII,156755,157205,YLR003C,-
4053,chrXII,157834,158284,YLR004C,-
4054,chrXII,161215,161665,YLR005W,+
4055,chrXII,161655,162105,YLR006C,-
4056,chrXII,165114,165564,YLR007W,+
4057,chrXII,165240,165690,YLR008C,-
4058,chrXII,166786,167236,YLR009W,+
4059,chrXII,167093,167543,YLR010C,-
4060,chrXII,169512,169962,YLR011W,+
4061,chrXII,169882,170332,YLR012C,-
4062,chrXII,171414,171864,YLR013W,+
4063,chrXII,172168,172618,YLR014C,-
4064,chrXII,176569,177019,YLR015W,+
4065,chrXII,176601,177051,YLR016C,-
4066,chrXII,178353,178803,YLR017W,+
4067,chrXII,178500,178950,YLR018C,-
4068,chrXII,181131,181581,YLR019W,+
4069,chrXII,181508,181958,YLR020C,-
4070,chrXII,183884,184334,YLR021W,+
4071,chrXII,184007,184457,YLR022C,-
4072,chrXII,184959,185409,YLR023C,-
4073,chrXII,187169,187619,YLR024C,-
4074,chrXII,194824,195274,YLR025W,+
4075,chrXII,195350,195800,YLR026C,-
4076,chrXII,196679,197129,YLR027C,-
4077,chrXII,199342,199792,YLR028C,-
4078,chrXII,201861,202311,YLR029C,-
4079,chrXII,203731,204181,YLR030W,+
4080,chrXII,204435,204885,YLR031W,+
4081,chrXII,208150,208600,YLR032W,+
4082,chrXII,210121,210571,YLR033W,+
4083,chrXII,210256,210706,YLR034C,-
4084,chrXII,212006,212456,YLR035C,-
4085,chrXII,221226,221676,YLR036C,-
4086,chrXII,222430,222880,YLR037C,-
4087,chrXII,224657,225107,YLR038C,-
4088,chrXII,225261,225711,YLR039C,-
4089,chrXII,228808,229258,YLR040C,-
4090,chrXII,229347,229797,YLR041W,+
4091,chrXII,229866,230316,YLR042C,-
4092,chrXII,231508,231958,YLR043C,-
4093,chrXII,232213,232663,YLR044C,-
4094,chrXII,234752,235202,YLR045C,-
4095,chrXII,237901,238351,YLR046C,-
4096,chrXII,239247,239697,YLR047C,-
4097,chrXII,243050,243500,YLR048W,+
4098,chrXII,243348,243798,YLR049C,-
4099,chrXII,245382,245832,YLR050C,-
4100,chrXII,246224,246674,YLR051C,-
4101,chrXII,247746,248196,YLR052W,+
4102,chrXII,248000,248450,YLR053C,-
4103,chrXII,248616,249066,YLR054C,-
4104,chrXII,251133,251583,YLR055C,-
4105,chrXII,254793,255243,YLR056W,+
4106,chrXII,257596,258046,YLR057W,+
4107,chrXII,257743,258193,YLR058C,-
4108,chrXII,259389,259839,YLR059C,-
4109,chrXII,262416,262866,YLR060W,+
4110,chrXII,263477,263927,YLR062C,-
4111,chrXII,263598,264048,YLR061W,+
4112,chrXII,264904,265354,YLR063W,+
4113,chrXII,266061,266511,YLR064W,+
4114,chrXII,266158,266608,YLR065C,-
4115,chrXII,267403,267853,YLR066W,+
4116,chrXII,267713,268163,YLR067C,-
4117,chrXII,271113,271563,YLR068W,+
4118,chrXII,271530,271980,YLR069C,-
4119,chrXII,274041,274491,YLR070C,-
4120,chrXII,275278,275728,YLR071C,-
4121,chrXII,280679,281129,YLR072W,+
4122,chrXII,280842,281292,YLR073C,-
4123,chrXII,281788,282238,YLR074C,-
4124,chrXII,283085,283535,YLR076C,-
4125,chrXII,283402,283852,YLR075W,+
4126,chrXII,285435,285885,YLR077W,+
4127,chrXII,285550,286000,YLR078C,-
4128,chrXII,287331,287781,YLR079W,+
4129,chrXII,288900,289350,YLR080W,+
4130,chrXII,291586,292036,YLR081W,+
4131,chrXII,291943,292393,YLR082C,-
4132,chrXII,293879,294329,YLR083C,-
4133,chrXII,296489,296939,YLR084C,-
4134,chrXII,300469,300919,YLR085C,-
4135,chrXII,306191,306641,YLR086W,+
4136,chrXII,306624,307074,YLR087C,-
4137,chrXII,317785,318235,YLR088W,+
4138,chrXII,318015,318465,YLR089C,-
4139,chrXII,321895,322345,YLR090W,+
4140,chrXII,323128,323578,YLR091W,+
4141,chrXII,326074,326524,YLR092W,+
4142,chrXII,326219,326669,YLR093C,-
4143,chrXII,327552,328002,YLR094C,-
4144,chrXII,329519,329969,YLR095C,-
4145,chrXII,335683,336133,YLR096W,+
4146,chrXII,336131,336581,YLR097C,-
4147,chrXII,337427,337877,YLR098C,-
4148,chrXII,339644,340094,YLR099C,-
4149,chrXII,341302,341752,YLR099W-A,+
4150,chrXII,342466,342916,YLR101C,-
4151,chrXII,342592,343042,YLR100W,+
4152,chrXII,342732,343182,YLR102C,-
4153,chrXII,343889,344339,YLR103C,-
4154,chrXII,346694,347144,YLR104W,+
4155,chrXII,346947,347397,YLR105C,-
4156,chrXII,348906,349356,YLR106C,-
4157,chrXII,365091,365541,YLR107W,+
4158,chrXII,366422,366872,YLR108C,-
4159,chrXII,369013,369463,YLR109W,+
4160,chrXII,369597,370047,YLR110C,-
4161,chrXII,370373,370823,YLR111W,+
4162,chrXII,370860,371310,YLR112W,+
4163,chrXII,372577,373027,YLR113W,+
4164,chrXII,374445,374895,YLR114C,-
4165,chrXII,380365,380815,YLR115W,+
4166,chrXII,381984,382434,YLR116W,+
4167,chrXII,382238,382688,YLR117C,-
4168,chrXII,384533,384983,YLR118C,-
4169,chrXII,385913,386363,YLR119W,+
4170,chrXII,386064,386514,YLR120C,-
4171,chrXII,388423,388873,YLR120W-A,+
4172,chrXII,388500,388950,YLR121C,-
4173,chrXII,390854,391304,YLR122C,-
4174,chrXII,390978,391428,YLR123C,-
4175,chrXII,391594,392044,YLR124W,+
4176,chrXII,393544,393994,YLR125W,+
4177,chrXII,394665,395115,YLR126C,-
4178,chrXII,395471,395921,YLR127C,-
4179,chrXII,399083,399533,YLR128W,+
4180,chrXII,402138,402588,YLR129W,+
4181,chrXII,402628,403078,YLR130C,-
4182,chrXII,404410,404860,YLR131C,-
4183,chrXII,407073,407523,YLR132C,-
4184,chrXII,409913,410363,YLR133W,+
4185,chrXII,412064,412514,YLR134W,+
4186,chrXII,415318,415768,YLR135W,+
4187,chrXII,415458,415908,YLR136C,-
4188,chrXII,417813,418263,YLR137W,+
4189,chrXII,421044,421494,YLR138W,+
4190,chrXII,421442,421892,YLR139C,-
4191,chrXII,423450,423900,YLR140W,+
4192,chrXII,424424,424874,YLR141W,+
4193,chrXII,426266,426716,YLR142W,+
4194,chrXII,429224,429674,YLR143W,+
4195,chrXII,429498,429948,YLR144C,-
4196,chrXII,432423,432873,YLR145W,+
4197,chrXII,432638,433088,YLR146C,-
4198,chrXII,433841,434291,YLR146W-A,+
4199,chrXII,434058,434508,YLR147C,-
4200,chrXII,437188,437638,YLR148W,+
4201,chrXII,437343,437793,YLR149C,-
4202,chrXII,440270,440720,YLR149C-A,-
4203,chrXII,441106,441556,YLR150W,+
4204,chrXII,441280,441730,YLR151C,-
4205,chrXII,442760,443210,YLR152C,-
4206,chrXII,445162,445612,YLR153C,-
4207,chrXII,447815,448265,YLR154C,-
4208,chrXII,452273,452723,YLR154W-A,+
4209,chrXII,454206,454656,YLR154W-B,+
4210,chrXII,454720,455170,YLR154W-C,+
4211,chrXII,455286,455736,YLR154W-E,+
4212,chrXII,455673,456123,YLR154W-F,+
4213,chrXII,462422,462872,YLR154C-G,-
4214,chrXII,468727,469177,YLR154C-H,-
4215,chrXII,469217,469667,YLR155C,-
4216,chrXII,472107,472557,YLR156W,+
4217,chrXII,472379,472829,YLR156C-A,-
4218,chrXII,472869,473319,YLR157C,-
4219,chrXII,475626,476076,YLR157W-D,+
4220,chrXII,481687,482137,YLR157W-E,+
4221,chrXII,481959,482409,YLR157C-C,-
4222,chrXII,482449,482899,YLR158C,-
4223,chrXII,485339,485789,YLR159W,+
4224,chrXII,485611,486061,YLR159C-A,-
4225,chrXII,486101,486551,YLR160C,-
4226,chrXII,489127,489577,YLR161W,+
4227,chrXII,489579,490029,YLR162W,+
4228,chrXII,490244,490694,YLR162W-A,+
4229,chrXII,491668,492118,YLR163C,-
4230,chrXII,492575,493025,YLR163W-A,+
4231,chrXII,494142,494592,YLR164W,+
4232,chrXII,494274,494724,YLR165C,-
4233,chrXII,495284,495734,YLR166C,-
4234,chrXII,499055,499505,YLR167W,+
4235,chrXII,499242,499692,YLR168C,-
4236,chrXII,500246,500696,YLR170C,-
4237,chrXII,500338,500788,YLR169W,+
4238,chrXII,500772,501222,YLR171W,+
4239,chrXII,501091,501541,YLR172C,-
4240,chrXII,503997,504447,YLR173W,+
4241,chrXII,505479,505929,YLR174W,+
4242,chrXII,507235,507685,YLR175W,+
4243,chrXII,507344,507794,YLR176C,-
4244,chrXII,512590,513040,YLR177W,+
4245,chrXII,513062,513512,YLR178C,-
4246,chrXII,513904,514354,YLR179C,-
4247,chrXII,516310,516760,YLR180W,+
4248,chrXII,516455,516905,YLR181C,-
4249,chrXII,520001,520451,YLR182W,+
4250,chrXII,520310,520760,YLR183C,-
4251,chrXII,522103,522553,YLR184W,+
4252,chrXII,523041,523491,YLR185W,+
4253,chrXII,524121,524571,YLR186W,+
4254,chrXII,527595,528045,YLR187W,+
4255,chrXII,530175,530625,YLR188W,+
4256,chrXII,530697,531147,YLR189C,-
4257,chrXII,536339,536789,YLR190W,+
4258,chrXII,538217,538667,YLR191W,+
4259,chrXII,538456,538906,YLR192C,-
4260,chrXII,539909,540359,YLR193C,-
4261,chrXII,540647,541097,YLR194C,-
4262,chrXII,541768,542218,YLR195C,-
4263,chrXII,545348,545798,YLR196W,+
4264,chrXII,547186,547636,YLR198C,-
4265,chrXII,547261,547711,YLR197W,+
4266,chrXII,547409,547859,YLR199C,-
4267,chrXII,549182,549632,YLR200W,+
4268,chrXII,549215,549665,YLR201C,-
4269,chrXII,550094,550544,YLR202C,-
4270,chrXII,550415,550865,YLR203C,-
4271,chrXII,552255,552705,YLR204W,+
4272,chrXII,552624,553074,YLR205C,-
4273,chrXII,556069,556519,YLR206W,+
4274,chrXII,558996,559446,YLR207W,+
4275,chrXII,560394,560844,YLR208W,+
4276,chrXII,560619,561069,YLR209C,-
4277,chrXII,563040,563490,YLR210W,+
4278,chrXII,563692,564142,YLR211C,-
4279,chrXII,564653,565103,YLR212C,-
4280,chrXII,566410,566860,YLR213C,-
4281,chrXII,570277,570727,YLR214W,+
4282,chrXII,570676,571126,YLR215C,-
4283,chrXII,571938,572388,YLR216C,-
4284,chrXII,572882,573332,YLR217W,+
4285,chrXII,573268,573718,YLR218C,-
4286,chrXII,575987,576437,YLR219W,+
4287,chrXII,577577,578027,YLR220W,+
4288,chrXII,578035,578485,YLR221C,-
4289,chrXII,579119,579569,YLR222C,-
4290,chrXII,581906,582356,YLR222C-A,-
4291,chrXII,582133,582583,YLR223C,-
4292,chrXII,587336,587786,YLR224W,+
4293,chrXII,587473,587923,YLR225C,-
4294,chrXII,590367,590817,YLR226W,+
4295,chrXII,590441,590891,YLR227C,-
4296,chrXII,599756,600206,YLR228C,-
4297,chrXII,604112,604562,YLR229C,-
4298,chrXII,604529,604979,YLR230W,+
4299,chrXII,605557,606007,YLR231C,-
4300,chrXII,606827,607277,YLR232W,+
4301,chrXII,607325,607775,YLR233C,-
4302,chrXII,611432,611882,YLR235C,-
4303,chrXII,611694,612144,YLR236C,-
4304,chrXII,611797,612247,YLR234W,+
4305,chrXII,613813,614263,YLR237W,+
4306,chrXII,615959,616409,YLR238W,+
4307,chrXII,616121,616571,YLR239C,-
4308,chrXII,619888,620338,YLR240W,+
4309,chrXII,622471,622921,YLR241W,+
4310,chrXII,622604,623054,YLR242C,-
4311,chrXII,624712,625162,YLR243W,+
4312,chrXII,624986,625436,YLR244C,-
4313,chrXII,626402,626852,YLR245C,-
4314,chrXII,627922,628372,YLR246W,+
4315,chrXII,628584,629034,YLR247C,-
4316,chrXII,635734,636184,YLR248W,+
4317,chrXII,639564,640014,YLR249W,+
4318,chrXII,640814,641264,YLR250W,+
4319,chrXII,641912,642362,YLR252W,+
4320,chrXII,641973,642423,YLR251W,+
4321,chrXII,643986,644436,YLR253W,+
4322,chrXII,644304,644754,YLR254C,-
4323,chrXII,645500,645950,YLR255C,-
4324,chrXII,650799,651249,YLR256W,+
4325,chrXII,659441,659891,YLR257W,+
4326,chrXII,662547,662997,YLR258W,+
4327,chrXII,662995,663445,YLR259C,-
4328,chrXII,667618,668068,YLR260W,+
4329,chrXII,667911,668361,YLR262C,-
4330,chrXII,668137,668587,YLR261C,-
4331,chrXII,669243,669693,YLR262C-A,-
4332,chrXII,672473,672923,YLR263W,+
4333,chrXII,673632,674082,YLR264W,+
4334,chrXII,673728,674178,YLR264C-A,-
4335,chrXII,674165,674615,YLR265C,-
4336,chrXII,675519,675969,YLR266C,-
4337,chrXII,679574,680024,YLR267W,+
4338,chrXII,680604,681054,YLR268W,+
4339,chrXII,680766,681216,YLR269C,-
4340,chrXII,682106,682556,YLR270W,+
4341,chrXII,683211,683661,YLR271W,+
4342,chrXII,683342,683792,YLR272C,-
4343,chrXII,688983,689433,YLR273C,-
4344,chrXII,693557,694007,YLR274W,+
4345,chrXII,694450,694900,YLR275W,+
4346,chrXII,694946,695396,YLR276C,-
4347,chrXII,696989,697439,YLR277C,-
4348,chrXII,699855,700305,YLR278C,-
4349,chrXII,704348,704798,YLR279W,+
4350,chrXII,704376,704826,YLR281C,-
4351,chrXII,704383,704833,YLR280C,-
4352,chrXII,704971,705421,YLR282C,-
4353,chrXII,705835,706285,YLR283W,+
4354,chrXII,706014,706464,YLR284C,-
4355,chrXII,707929,708379,YLR285W,+
4356,chrXII,708068,708518,YLR285C-A,-
4357,chrXII,708304,708754,YLR286C,-
4358,chrXII,708346,708796,YLR286W-A,+
4359,chrXII,710633,711083,YLR287C,-
4360,chrXII,712245,712695,YLR287C-A,-
4361,chrXII,713243,713693,YLR288C,-
4362,chrXII,716676,717126,YLR289W,+
4363,chrXII,716867,717317,YLR290C,-
4364,chrXII,718038,718488,YLR291C,-
4365,chrXII,719539,719989,YLR292C,-
4366,chrXII,720570,721020,YLR293C,-
4367,chrXII,721601,722051,YLR294C,-
4368,chrXII,721652,722102,YLR295C,-
4369,chrXII,722954,723404,YLR296W,+
4370,chrXII,724083,724533,YLR297W,+
4371,chrXII,724621,725071,YLR298C,-
4372,chrXII,727811,728261,YLR299C-A,-
4373,chrXII,727814,728264,YLR299W,+
4374,chrXII,729951,730401,YLR300W,+
4375,chrXII,731335,731785,YLR301W,+
4376,chrXII,732091,732541,YLR302C,-
4377,chrXII,733617,734067,YLR303W,+
4378,chrXII,734958,735408,YLR304C,-
4379,chrXII,737985,738435,YLR305C,-
4380,chrXII,744667,745117,YLR306W,+
4381,chrXII,746175,746625,YLR307W,+
4382,chrXII,746748,747198,YLR307C-A,-
4383,chrXII,748525,748975,YLR308W,+
4384,chrXII,748934,749384,YLR309C,-
4385,chrXII,752124,752574,YLR310C,-
4386,chrXII,757165,757615,YLR311C,-
4387,chrXII,757315,757765,YLR312C,-
4388,chrXII,760087,760537,YLR312W-A,+
4389,chrXII,760650,761100,YLR313C,-
4390,chrXII,762433,762883,YLR314C,-
4391,chrXII,764919,765369,YLR315W,+
4392,chrXII,765097,765547,YLR316C,-
4393,chrXII,765739,766189,YLR317W,+
4394,chrXII,768846,769296,YLR318W,+
4395,chrXII,769218,769668,YLR319C,-
4396,chrXII,775954,776404,YLR320W,+
4397,chrXII,776484,776934,YLR321C,-
4398,chrXII,777592,778042,YLR322W,+
4399,chrXII,778073,778523,YLR323C,-
4400,chrXII,780492,780942,YLR324W,+
4401,chrXII,780892,781342,YLR325C,-
4402,chrXII,782731,783181,YLR326W,+
4403,chrXII,782902,783352,YLR327C,-
4404,chrXII,785942,786392,YLR328W,+
4405,chrXII,786983,787433,YLR329W,+
4406,chrXII,789329,789779,YLR330W,+
4407,chrXII,790569,791019,YLR331C,-
4408,chrXII,791642,792092,YLR332W,+
4409,chrXII,795313,795763,YLR333C,-
4410,chrXII,796598,797048,YLR334C,-
4411,chrXII,799345,799795,YLR335W,+
4412,chrXII,799551,800001,YLR336C,-
4413,chrXII,802553,803003,YLR337C,-
4414,chrXII,804853,805303,YLR338W,+
4415,chrXII,805684,806134,YLR339C,-
4416,chrXII,806475,806925,YLR340W,+
4417,chrXII,808468,808918,YLR341W,+
4418,chrXII,815277,815727,YLR342W,+
4419,chrXII,815633,816083,YLR342W-A,+
4420,chrXII,817411,817861,YLR343W,+
4421,chrXII,819899,820349,YLR344W,+
4422,chrXII,821713,822163,YLR345W,+
4423,chrXII,822187,822637,YLR346C,-
4424,chrXII,823510,823960,YLR347C,-
4425,chrXII,824579,825029,YLR347W-A,+
4426,chrXII,826765,827215,YLR348C,-
4427,chrXII,827677,828127,YLR349W,+
4428,chrXII,829159,829609,YLR350W,+
4429,chrXII,829236,829686,YLR351C,-
4430,chrXII,833287,833737,YLR352W,+
4431,chrXII,835981,836431,YLR353W,+
4432,chrXII,836089,836539,YLR354C,-
4433,chrXII,837669,838119,YLR355C,-
4434,chrXII,840675,841125,YLR356W,+
4435,chrXII,843387,843837,YLR358C,-
4436,chrXII,843650,844100,YLR357W,+
4437,chrXII,845423,845873,YLR359W,+
4438,chrXII,846960,847410,YLR361C,-
4439,chrXII,847212,847662,YLR360W,+
4440,chrXII,849142,849592,YLR361C-A,-
4441,chrXII,851669,852119,YLR362W,+
4442,chrXII,851943,852393,YLR363C,-
4443,chrXII,853534,853984,YLR363W-A,+
4444,chrXII,854041,854491,YLR364W,+
4445,chrXII,855181,855631,YLR365W,+
4446,chrXII,855423,855873,YLR364C-A,-
4447,chrXII,855493,855943,YLR366W,+
4448,chrXII,857021,857471,YLR367W,+
4449,chrXII,859029,859479,YLR368W,+
4450,chrXII,861247,861697,YLR369W,+
4451,chrXII,861426,861876,YLR370C,-
4452,chrXII,866502,866952,YLR371W,+
4453,chrXII,868069,868519,YLR372W,+
4454,chrXII,868527,868977,YLR373C,-
4455,chrXII,871353,871803,YLR374C,-
4456,chrXII,872470,872920,YLR375W,+
4457,chrXII,872720,873170,YLR376C,-
4458,chrXII,873646,874096,YLR377C,-
4459,chrXII,875475,875925,YLR378C,-
4460,chrXII,876946,877396,YLR379W,+
4461,chrXII,879222,879672,YLR380W,+
4462,chrXII,881585,882035,YLR381W,+
4463,chrXII,881967,882417,YLR382C,-
4464,chrXII,888282,888732,YLR383W,+
4465,chrXII,888680,889130,YLR384C,-
4466,chrXII,892892,893342,YLR385C,-
4467,chrXII,896060,896510,YLR386W,+
4468,chrXII,896178,896628,YLR387C,-
4469,chrXII,898547,898997,YLR388W,+
4470,chrXII,899383,899833,YLR389C,-
4471,chrXII,903127,903577,YLR390W,+
4472,chrXII,904141,904591,YLR390W-A,+
4473,chrXII,904395,904845,YLR392C,-
4474,chrXII,907568,908018,YLR393W,+
4475,chrXII,909134,909584,YLR394W,+
4476,chrXII,909418,909868,YLR395C,-
4477,chrXII,910135,910585,YLR396C,-
4478,chrXII,912338,912788,YLR397C,-
4479,chrXII,914941,915391,YLR398C,-
4480,chrXII,919332,919782,YLR399C,-
4481,chrXII,920623,921073,YLR399W-A,+
4482,chrXII,922186,922636,YLR400W,+
4483,chrXII,922295,922745,YLR401C,-
4484,chrXII,924730,925180,YLR402W,+
4485,chrXII,927269,927719,YLR403W,+
4486,chrXII,929302,929752,YLR404W,+
4487,chrXII,930685,931135,YLR405W,+
4488,chrXII,930775,931225,YLR406C,-
4489,chrXII,932106,932556,YLR406C-A,-
4490,chrXII,933303,933753,YLR407W,+
4491,chrXII,933785,934235,YLR408C,-
4492,chrXII,934261,934711,YLR409C,-
4493,chrXII,940631,941081,YLR410W,+
4494,chrXII,947788,948238,YLR411W,+
4495,chrXII,948910,949360,YLR412W,+
4496,chrXII,950167,950617,YLR412C-A,-
4497,chrXII,952864,953314,YLR413W,+
4498,chrXII,953253,953703,YLR414C,-
4499,chrXII,954159,954609,YLR415C,-
4500,chrXII,954391,954841,YLR416C,-
4501,chrXII,956453,956903,YLR417W,+
4502,chrXII,956567,957017,YLR418C,-
4503,chrXII,962438,962888,YLR419W,+
4504,chrXII,964607,965057,YLR420W,+
4505,chrXII,964777,965227,YLR421C,-
4506,chrXII,971412,971862,YLR422W,+
4507,chrXII,971590,972040,YLR423C,-
4508,chrXII,975224,975674,YLR424W,+
4509,chrXII,986537,986987,YLR425W,+
4510,chrXII,987838,988288,YLR426W,+
4511,chrXII,990257,990707,YLR427W,+
4512,chrXII,990517,990967,YLR428C,-
4513,chrXII,992545,992995,YLR429W,+
4514,chrXII,999779,1000229,YLR430W,+
4515,chrXII,1000242,1000692,YLR431C,-
4516,chrXII,1003896,1004346,YLR432W,+
4517,chrXII,1003945,1004395,YLR433C,-
4518,chrXII,1005925,1006375,YLR434C,-
4519,chrXII,1006645,1007095,YLR435W,+
4520,chrXII,1007321,1007771,YLR436C,-
4521,chrXII,1011335,1011785,YLR437C,-
4522,chrXII,1012359,1012809,YLR437C-A,-
4523,chrXII,1013450,1013900,YLR438W,+
4524,chrXII,1013799,1014249,YLR438C-A,-
4525,chrXII,1015241,1015691,YLR439W,+
4526,chrXII,1015270,1015720,YLR440C,-
4527,chrXII,1017997,1018447,YLR441C,-
4528,chrXII,1019114,1019564,YLR442C,-
4529,chrXII,1023586,1024036,YLR444C,-
4530,chrXII,1023621,1024071,YLR443W,+
4531,chrXII,1024487,1024937,YLR445W,+
4532,chrXII,1026185,1026635,YLR446W,+
4533,chrXII,1026756,1027206,YLR447C,-
4534,chrXII,1029576,1030026,YLR448W,+
4535,chrXII,1031662,1032112,YLR449W,+
4536,chrXII,1035499,1035949,YLR450W,+
4537,chrXII,1038403,1038853,YLR451W,+
4538,chrXII,1038940,1039390,YLR452C,-
4539,chrXII,1041699,1042149,YLR453C,-
4540,chrXII,1051534,1051984,YLR454W,+
4541,chrXII,1054193,1054643,YLR455W,+
4542,chrXII,1055413,1055863,YLR456W,+
4543,chrXII,1055531,1055981,YLR457C,-
4544,chrXII,1056485,1056935,YLR458W,+
4545,chrXII,1058225,1058675,YLR459W,+
4546,chrXII,1059657,1060107,YLR460C,-
4547,chrXII,1062931,1063381,YLR461W,+
4548,chrXII,1066165,1066615,YLR463C,-
4549,chrXII,1066214,1066664,YLR462W,+
4550,chrXII,1066945,1067395,YLR465C,-
4551,chrXII,1067151,1067601,YLR464W,+
4552,chrXII,1070287,1070737,YLR466C-A,-
4553,chrXII,1070885,1071335,YLR466W,+
4554,chrXII,1071295,1071745,TEL12R-YP2,+
4555,chrXII,1071494,1071944,YLR466C-B,-
4556,chrXII,1076950,1077400,YLR467C-A,-
4557,chrXII,1077548,1077998,YLR467W,+
4558,chrXII,1077827,1078277,TEL12R-YP1,+
4559,chrXIII,1,402,TEL13L-YP,-
4560,chrXIII,361,811,YML133C,-
4561,chrXIII,959,1409,YML133W-B,+
4562,chrXIII,1835,2285,YML133W-A,+
4563,chrXIII,8113,8563,YML132W,+
4564,chrXIII,11183,11633,YML131W,+
4565,chrXIII,11383,11833,YML130C,-
4566,chrXIII,14209,14659,YML129C,-
4567,chrXIII,14851,15301,YML128C,-
4568,chrXIII,18459,18909,YML127W,+
4569,chrXIII,18960,19410,YML126C,-
4570,chrXIII,20578,21028,YML125C,-
4571,chrXIII,21948,22398,YML124C,-
4572,chrXIII,23804,24254,YML123C,-
4573,chrXIII,25938,26388,YML122C,-
4574,chrXIII,27663,28113,YML121W,+
4575,chrXIII,27808,28258,YML120C,-
4576,chrXIII,31397,31847,YML119W,+
4577,chrXIII,33501,33951,YML118W,+
4578,chrXIII,37424,37874,YML116W-A,+
4579,chrXIII,37562,38012,YML117W,+
4580,chrXIII,39607,40057,YML116W,+
4581,chrXIII,39837,40287,YML115C,-
4582,chrXIII,41874,42324,YML114C,-
4583,chrXIII,44589,45039,YML113W,+
4584,chrXIII,45692,46142,YML112W,+
4585,chrXIII,49639,50089,YML111W,+
4586,chrXIII,49752,50202,YML110C,-
4587,chrXIII,54202,54652,YML109W,+
4588,chrXIII,54962,55412,YML108W,+
4589,chrXIII,55135,55585,YML107C,-
4590,chrXIII,57254,57704,YML106W,+
4591,chrXIII,57501,57951,YML105C,-
4592,chrXIII,58783,59233,YML104C,-
4593,chrXIII,62375,62825,YML103C,-
4594,chrXIII,69309,69759,YML101C-A,-
4595,chrXIII,69406,69856,YML102W,+
4596,chrXIII,69561,70011,YML101C,-
4597,chrXIII,70207,70657,YML100W-A,+
4598,chrXIII,73570,74020,YML100W,+
4599,chrXIII,74151,74601,YML099C,-
4600,chrXIII,74208,74658,YML099W-A,+
4601,chrXIII,77579,78029,YML098W,+
4602,chrXIII,78149,78599,YML097C,-
4603,chrXIII,81139,81589,YML095C,-
4604,chrXIII,81259,81709,YML096W,+
4605,chrXIII,82119,82569,YML094C-A,-
4606,chrXIII,82596,83046,YML094W,+
4607,chrXIII,85547,85997,YML093W,+
4608,chrXIII,85785,86235,YML092C,-
4609,chrXIII,87023,87473,YML091C,-
4610,chrXIII,90780,91230,YML090W,+
4611,chrXIII,90941,91391,YML089C,-
4612,chrXIII,93891,94341,YML088W,+
4613,chrXIII,94331,94781,YML087C,-
4614,chrXIII,95691,96141,YML086C,-
4615,chrXIII,97764,98214,YML085C,-
4616,chrXIII,99447,99897,YML084W,+
4617,chrXIII,99694,100144,YML083C,-
4618,chrXIII,103616,104066,YML082W,+
4619,chrXIII,103785,104235,YML081C-A,-
4620,chrXIII,108255,108705,YML081W,+
4621,chrXIII,109727,110177,YML080W,+
4622,chrXIII,110555,111005,YML079W,+
4623,chrXIII,111353,111803,YML078W,+
4624,chrXIII,111994,112444,YML077W,+
4625,chrXIII,112177,112627,YML076C,-
4626,chrXIII,115487,115937,YML075C,-
4627,chrXIII,119989,120439,YML074C,-
4628,chrXIII,123127,123577,YML073C,-
4629,chrXIII,124630,125080,YML072C,-
4630,chrXIII,129602,130052,YML071C,-
4631,chrXIII,134879,135329,YML070W,+
4632,chrXIII,136882,137332,YML069W,+
4633,chrXIII,138686,139136,YML068W,+
4634,chrXIII,138924,139374,YML067C,-
4635,chrXIII,140324,140774,YML066C,-
4636,chrXIII,144733,145183,YML065W,+
4637,chrXIII,144845,145295,YML064C,-
4638,chrXIII,146916,147366,YML063W,+
4639,chrXIII,147328,147778,YML062C,-
4640,chrXIII,148763,149213,YML061C,-
4641,chrXIII,152713,153163,YML060W,+
4642,chrXIII,153027,153477,YML059C,-
4643,chrXIII,158751,159201,YML058W-A,+
4644,chrXIII,159631,160081,YML058W,+
4645,chrXIII,159923,160373,YML057C-A,-
4646,chrXIII,161754,162204,YML057W,+
4647,chrXIII,162004,162454,YML056C,-
4648,chrXIII,164976,165426,YML055W,+
4649,chrXIII,165433,165883,YML054C,-
4650,chrXIII,167523,167973,YML054C-A,-
4651,chrXIII,168854,169304,YML053C,-
4652,chrXIII,171040,171490,YML052W,+
4653,chrXIII,172654,173104,YML051W,+
4654,chrXIII,173724,174174,YML050W,+
4655,chrXIII,174120,174570,YML049C,-
4656,chrXIII,179483,179933,YML048W,+
4657,chrXIII,179594,180044,YML047C,-
4658,chrXIII,179908,180358,YML047W-A,+
4659,chrXIII,183013,183463,YML046W,+
4660,chrXIII,189966,190416,YML043C,-
4661,chrXIII,194566,195016,YML042W,+
4662,chrXIII,194723,195173,YML041C,-
4663,chrXIII,202651,203101,YML038C,-
4664,chrXIII,204286,204736,YML037C,-
4665,chrXIII,206113,206563,YML035C,-
4666,chrXIII,206191,206641,YML036W,+
4667,chrXIII,209328,209778,YML034C-A,-
4668,chrXIII,211805,212255,YML034W,+
4669,chrXIII,212339,212789,YML032C,-
4670,chrXIII,213986,214436,YML031C-A,-
4671,chrXIII,215886,216336,YML031W,+
4672,chrXIII,216564,217014,YML030W,+
4673,chrXIII,219528,219978,YML029W,+
4674,chrXIII,220489,220939,YML028W,+
4675,chrXIII,222574,223024,YML027W,+
4676,chrXIII,222657,223107,YML026C,-
4677,chrXIII,224198,224648,YML025C,-
4678,chrXIII,226564,227014,YML024W,+
4679,chrXIII,226894,227344,YML023C,-
4680,chrXIII,229465,229915,YML021C,-
4681,chrXIII,229475,229925,YML022W,+
4682,chrXIII,232793,233243,YML020W,+
4683,chrXIII,234105,234555,YML019W,+
4684,chrXIII,234668,235118,YML018C,-
4685,chrXIII,238877,239327,YML017W,+
4686,chrXIII,239358,239808,YML016C,-
4687,chrXIII,241889,242339,YML015C,-
4688,chrXIII,243813,244263,YML014W,+
4689,chrXIII,245437,245887,YML012C-A,-
4690,chrXIII,245553,246003,YML013W,+
4691,chrXIII,246529,246979,YML012W,+
4692,chrXIII,246628,247078,YML011C,-
4693,chrXIII,250561,251011,YML009W-B,+
4694,chrXIII,250575,251025,YML009C-A,-
4695,chrXIII,250790,251240,YML010W,+
4696,chrXIII,251057,251507,YML009C,-
4697,chrXIII,251649,252099,YML008C,-
4698,chrXIII,252954,253404,YML007C-A,-
4699,chrXIII,255669,256119,YML007W,+
4700,chrXIII,255992,256442,YML006C,-
4701,chrXIII,261299,261749,YML005W,+
4702,chrXIII,261431,261881,YML004C,-
4703,chrXIII,264005,264455,YML003W,+
4704,chrXIII,266404,266854,YML002W,+
4705,chrXIII,267518,267968,YML001W,+
4706,chrXIII,268720,269170,YMR001C,-
4707,chrXIII,271247,271697,YMR001C-A,-
4708,chrXIII,272602,273052,YMR002W,+
4709,chrXIII,273440,273890,YMR003W,+
4710,chrXIII,275345,275795,YMR004W,+
4711,chrXIII,276861,277311,YMR005W,+
4712,chrXIII,277361,277811,YMR006C,-
4713,chrXIII,279990,280440,YMR007W,+
4714,chrXIII,280174,280624,YMR008C,-
4715,chrXIII,284327,284777,YMR009W,+
4716,chrXIII,286104,286554,YMR010W,+
4717,chrXIII,289455,289905,YMR011W,+
4718,chrXIII,294617,295067,YMR012W,+
4719,chrXIII,294899,295349,YMR013C,-
4720,chrXIII,296371,296821,YMR013C-A,-
4721,chrXIII,298041,298491,YMR013W-A,+
4722,chrXIII,300077,300527,YMR014W,+
4723,chrXIII,300501,300951,YMR015C,-
4724,chrXIII,302998,303448,YMR016C,-
4725,chrXIII,308332,308782,YMR017W,+
4726,chrXIII,311402,311852,YMR018W,+
4727,chrXIII,314655,315105,YMR019W,+
4728,chrXIII,316553,317003,YMR020W,+
4729,chrXIII,316791,317241,YMR021C,-
4730,chrXIII,318971,319421,YMR022W,+
4731,chrXIII,319281,319731,YMR023C,-
4732,chrXIII,322840,323290,YMR024W,+
4733,chrXIII,323837,324287,YMR025W,+
4734,chrXIII,324136,324586,YMR026C,-
4735,chrXIII,326990,327440,YMR027W,+
4736,chrXIII,328280,328730,YMR028W,+
4737,chrXIII,328463,328913,YMR029C,-
4738,chrXIII,331573,332023,YMR030W,+
4739,chrXIII,332112,332562,YMR031C,-
4740,chrXIII,334685,335135,YMR031W-A,+
4741,chrXIII,336957,337407,YMR032W,+
4742,chrXIII,337253,337703,YMR030W-A,+
4743,chrXIII,339083,339533,YMR033W,+
4744,chrXIII,339318,339768,YMR034C,-
4745,chrXIII,341485,341935,YMR035W,+
4746,chrXIII,341650,342100,YMR036C,-
4747,chrXIII,344303,344753,YMR037C,-
4748,chrXIII,347284,347734,YMR038C,-
4749,chrXIII,348485,348935,YMR039C,-
4750,chrXIII,350513,350963,YMR040W,+
4751,chrXIII,350866,351316,YMR041C,-
4752,chrXIII,352786,353236,YMR042W,+
4753,chrXIII,354483,354933,YMR043W,+
4754,chrXIII,356635,357085,YMR044W,+
4755,chrXIII,362480,362930,YMR046W-A,+
4756,chrXIII,363202,363652,YMR047C,-
4757,chrXIII,367694,368144,YMR048W,+
4758,chrXIII,367931,368381,YMR049C,-
4759,chrXIII,379850,380300,YMR052W,+
4760,chrXIII,379969,380419,YMR052C-A,-
4761,chrXIII,380246,380696,YMR053C,-
4762,chrXIII,385625,386075,YMR054W,+
4763,chrXIII,385966,386416,YMR055C,-
4764,chrXIII,387089,387539,YMR056C,-
4765,chrXIII,388259,388709,YMR057C,-
4766,chrXIII,390529,390979,YMR058W,+
4767,chrXIII,391238,391688,YMR059W,+
4768,chrXIII,391407,391857,YMR060C,-
4769,chrXIII,394541,394991,YMR061W,+
4770,chrXIII,394868,395318,YMR062C,-
4771,chrXIII,397446,397896,YMR063W,+
4772,chrXIII,399223,399673,YMR064W,+
4773,chrXIII,400963,401413,YMR065W,+
4774,chrXIII,403969,404419,YMR066W,+
4775,chrXIII,404201,404651,YMR067C,-
4776,chrXIII,407324,407774,YMR068W,+
4777,chrXIII,408216,408666,YMR069W,+
4778,chrXIII,410276,410726,YMR070W,+
4779,chrXIII,410591,411041,YMR071C,-
4780,chrXIII,411908,412358,YMR072W,+
4781,chrXIII,411927,412377,YMR073C,-
4782,chrXIII,412936,413386,YMR074C,-
4783,chrXIII,415588,416038,YMR075C-A,-
4784,chrXIII,415800,416250,YMR075W,+
4785,chrXIII,415959,416409,YMR076C,-
4786,chrXIII,421328,421778,YMR077C,-
4787,chrXIII,422278,422728,YMR078C,-
4788,chrXIII,425861,426311,YMR079W,+
4789,chrXIII,426185,426635,YMR080C,-
4790,chrXIII,429901,430351,YMR081C,-
4791,chrXIII,431669,432119,YMR082C,-
4792,chrXIII,435661,436111,YMR083W,+
4793,chrXIII,437066,437516,YMR084W,+
4794,chrXIII,438555,439005,YMR085W,+
4795,chrXIII,441879,442329,YMR086W,+
4796,chrXIII,441926,442376,YMR086C-A,-
4797,chrXIII,443031,443481,YMR087W,+
4798,chrXIII,443198,443648,YMR088C,-
4799,chrXIII,445298,445748,YMR089C,-
4800,chrXIII,449647,450097,YMR090W,+
4801,chrXIII,449958,450408,YMR091C,-
4802,chrXIII,451471,451921,YMR092C,-
4803,chrXIII,455206,455656,YMR093W,+
4804,chrXIII,456911,457361,YMR094W,+
4805,chrXIII,456971,457421,YMR095C,-
4806,chrXIII,459102,459552,YMR096W,+
4807,chrXIII,459264,459714,YMR097C,-
4808,chrXIII,460627,461077,YMR098C,-
4809,chrXIII,463574,464024,YMR099C,-
4810,chrXIII,467812,468262,YMR100W,+
4811,chrXIII,468345,468795,YMR101C,-
4812,chrXIII,469748,470198,YMR102C,-
4813,chrXIII,472802,473252,YMR103C,-
4814,chrXIII,473243,473693,YMR104C,-
4815,chrXIII,475797,476247,YMR105C,-
4816,chrXIII,478153,478603,YMR106C,-
4817,chrXIII,478228,478678,YMR105W-A,+
4818,chrXIII,483204,483654,YMR107W,+
4819,chrXIII,485797,486247,YMR108W,+
4820,chrXIII,489959,490409,YMR109W,+
4821,chrXIII,490219,490669,YMR110C,-
4822,chrXIII,492124,492574,YMR111C,-
4823,chrXIII,493875,494325,YMR112C,-
4824,chrXIII,495995,496445,YMR113W,+
4825,chrXIII,496243,496693,YMR114C,-
4826,chrXIII,498979,499429,YMR115W,+
4827,chrXIII,499131,499581,YMR116C,-
4828,chrXIII,500964,501414,YMR117C,-
4829,chrXIII,502044,502494,YMR118C,-
4830,chrXIII,506888,507338,YMR119W,+
4831,chrXIII,507020,507470,YMR119W-A,+
4832,chrXIII,507258,507708,YMR120C,-
4833,chrXIII,509574,510024,YMR121C,-
4834,chrXIII,510601,511051,YMR122C,-
4835,chrXIII,511409,511859,YMR122W-A,+
4836,chrXIII,513692,514142,YMR123W,+
4837,chrXIII,517016,517466,YMR124W,+
4838,chrXIII,520096,520546,YMR125W,+
4839,chrXIII,520661,521111,YMR126C,-
4840,chrXIII,522122,522572,YMR127C,-
4841,chrXIII,527242,527692,YMR128W,+
4842,chrXIII,531467,531917,YMR129W,+
4843,chrXIII,532754,533204,YMR130W,+
4844,chrXIII,532996,533446,YMR131C,-
4845,chrXIII,534791,535241,YMR132C,-
4846,chrXIII,537259,537709,YMR133W,+
4847,chrXIII,538375,538825,YMR134W,+
4848,chrXIII,538463,538913,YMR135C,-
4849,chrXIII,540094,540544,YMR135W-A,+
4850,chrXIII,542603,543053,YMR136W,+
4851,chrXIII,542868,543318,YMR137C,-
4852,chrXIII,545449,545899,YMR138W,+
4853,chrXIII,546987,547437,YMR139W,+
4854,chrXIII,549636,550086,YMR141C,-
4855,chrXIII,549825,550275,YMR140W,+
4856,chrXIII,549990,550440,YMR142C,-
4857,chrXIII,550785,551235,YMR141W-A,+
4858,chrXIII,552641,553091,YMR143W,+
4859,chrXIII,554372,554822,YMR144W,+
4860,chrXIII,554637,555087,YMR145C,-
4861,chrXIII,557276,557726,YMR146C,-
4862,chrXIII,559520,559970,YMR147W,+
4863,chrXIII,560637,561087,YMR148W,+
4864,chrXIII,561627,562077,YMR149W,+
4865,chrXIII,561686,562136,YMR150C,-
4866,chrXIII,562593,563043,YMR151W,+
4867,chrXIII,563843,564293,YMR152W,+
4868,chrXIII,565474,565924,YMR153C-A,-
4869,chrXIII,565659,566109,YMR153W,+
4870,chrXIII,565700,566150,YMR154C,-
4871,chrXIII,569982,570432,YMR155W,+
4872,chrXIII,570200,570650,YMR156C,-
4873,chrXIII,571161,571611,YMR157C,-
4874,chrXIII,572455,572905,YMR158W,+
4875,chrXIII,572986,573436,YMR158C-A,-
4876,chrXIII,573875,574325,YMR159C,-
4877,chrXIII,574441,574891,YMR158W-B,+
4878,chrXIII,577209,577659,YMR160W,+
4879,chrXIII,578434,578884,YMR161W,+
4880,chrXIII,578851,579301,YMR162C,-
4881,chrXIII,584171,584621,YMR163C,-
4882,chrXIII,586852,587302,YMR164C,-
4883,chrXIII,589850,590300,YMR165C,-
4884,chrXIII,593041,593491,YMR166C,-
4885,chrXIII,596827,597277,YMR168C,-
4886,chrXIII,596867,597317,YMR167W,+
4887,chrXIII,599193,599643,YMR169C,-
4888,chrXIII,601350,601800,YMR170C,-
4889,chrXIII,603519,603969,YMR171C,-
4890,chrXIII,607728,608178,YMR172C-A,-
4891,chrXIII,607896,608346,YMR172W,+
4892,chrXIII,609731,610181,YMR173W-A,+
4893,chrXIII,609754,610204,YMR173W,+
4894,chrXIII,609894,610344,YMR174C,-
4895,chrXIII,610905,611355,YMR175W,+
4896,chrXIII,611158,611608,YMR175W-A,+
4897,chrXIII,615699,616149,YMR176W,+
4898,chrXIII,617748,618198,YMR177W,+
4899,chrXIII,619110,619560,YMR178W,+
4900,chrXIII,621784,622234,YMR179W,+
4901,chrXIII,621934,622384,YMR180C,-
4902,chrXIII,623516,623966,YMR181C,-
4903,chrXIII,624432,624882,YMR182C,-
4904,chrXIII,625676,626126,YMR182W-A,+
4905,chrXIII,626727,627177,YMR183C,-
4906,chrXIII,628435,628885,YMR184W,+
4907,chrXIII,631680,632130,YMR185W,+
4908,chrXIII,634122,634572,YMR186W,+
4909,chrXIII,634414,634864,YMR187C,-
4910,chrXIII,636069,636519,YMR188C,-
4911,chrXIII,640336,640786,YMR189W,+
4912,chrXIII,640500,640950,YMR190C,-
4913,chrXIII,646427,646877,YMR191W,+
4914,chrXIII,648988,649438,YMR192W,+
4915,chrXIII,650584,651034,YMR193W,+
4916,chrXIII,650972,651422,YMR193C-A,-
4917,chrXIII,652232,652682,YMR194C-B,-
4918,chrXIII,652321,652771,YMR194W,+
4919,chrXIII,652812,653262,YMR194C-A,-
4920,chrXIII,654195,654645,YMR195W,+
4921,chrXIII,658120,658570,YMR196W,+
4922,chrXIII,658166,658616,YMR197C,-
4923,chrXIII,661310,661760,YMR198W,+
4924,chrXIII,664031,664481,YMR199W,+
4925,chrXIII,665520,665970,YMR200W,+
4926,chrXIII,665745,666195,YMR201C,-
4927,chrXIII,667920,668370,YMR202W,+
4928,chrXIII,669526,669976,YMR203W,+
4929,chrXIII,669677,670127,YMR204C,-
4930,chrXIII,671605,672055,YMR205C,-
4931,chrXIII,676487,676937,YMR206W,+
4932,chrXIII,677093,677543,YMR207C,-
4933,chrXIII,685504,685954,YMR208W,+
4934,chrXIII,685811,686261,YMR209C,-
4935,chrXIII,688575,689025,YMR210W,+
4936,chrXIII,690296,690746,YMR211W,+
4937,chrXIII,690471,690921,YMR212C,-
4938,chrXIII,694838,695288,YMR213W,+
4939,chrXIII,696214,696664,YMR214W,+
4940,chrXIII,698242,698692,YMR215W,+
4941,chrXIII,698645,699095,YMR216C,-
4942,chrXIII,703165,703615,YMR217W,+
4943,chrXIII,703398,703848,YMR218C,-
4944,chrXIII,711815,712265,YMR219W,+
4945,chrXIII,713389,713839,YMR220W,+
4946,chrXIII,713745,714195,YMR221C,-
4947,chrXIII,715484,715934,YMR222C,-
4948,chrXIII,718224,718674,YMR223W,+
4949,chrXIII,718356,718806,YMR224C,-
4950,chrXIII,720700,721150,YMR225C,-
4951,chrXIII,721430,721880,YMR226C,-
4952,chrXIII,722412,722862,YMR227C,-
4953,chrXIII,725301,725751,YMR228W,+
4954,chrXIII,725725,726175,YMR229C,-
4955,chrXIII,732854,733304,YMR230W,+
4956,chrXIII,733106,733556,YMR230W-A,+
4957,chrXIII,736474,736924,YMR231W,+
4958,chrXIII,738661,739111,YMR232W,+
4959,chrXIII,739687,740137,YMR233W,+
4960,chrXIII,741113,741563,YMR234W,+
4961,chrXIII,741234,741684,YMR235C,-
4962,chrXIII,743208,743658,YMR236W,+
4963,chrXIII,745739,746189,YMR237W,+
4964,chrXIII,747420,747870,YMR238W,+
4965,chrXIII,748162,748612,YMR239C,-
4966,chrXIII,749775,750225,YMR240C,-
4967,chrXIII,752697,753147,YMR241W,+
4968,chrXIII,753015,753465,YMR242C,-
4969,chrXIII,754036,754486,YMR242W-A,+
4970,chrXIII,754565,755015,YMR243C,-
4971,chrXIII,758409,758859,YMR244W,+
4972,chrXIII,758417,758867,YMR244C-A,-
4973,chrXIII,758833,759283,YMR245W,+
4974,chrXIII,761714,762164,YMR246W,+
4975,chrXIII,763191,763641,YMR247C,-
4976,chrXIII,769076,769526,YMR247W-A,+
4977,chrXIII,772321,772771,YMR250W,+
4978,chrXIII,773665,774115,YMR251W,+
4979,chrXIII,774780,775230,YMR251W-A,+
4980,chrXIII,775112,775562,YMR252C,-
4981,chrXIII,775846,776296,YMR253C,-
4982,chrXIII,777515,777965,YMR254C,-
4983,chrXIII,778342,778792,YMR255W,+
4984,chrXIII,778744,779194,YMR256C,-
4985,chrXIII,779386,779836,YMR257C,-
4986,chrXIII,782485,782935,YMR258C,-
4987,chrXIII,784419,784869,YMR259C,-
4988,chrXIII,789278,789728,YMR260C,-
4989,chrXIII,789957,790407,YMR261C,-
4990,chrXIII,794455,794905,YMR262W,+
4991,chrXIII,795251,795701,YMR263W,+
4992,chrXIII,796186,796636,YMR264W,+
4993,chrXIII,796312,796762,YMR265C,-
4994,chrXIII,801029,801479,YMR266W,+
4995,chrXIII,802505,802955,YMR267W,+
4996,chrXIII,802625,803075,YMR268C,-
4997,chrXIII,804741,805191,YMR269W,+
4998,chrXIII,805226,805676,YMR270C,-
4999,chrXIII,806597,807047,YMR271C,-
5000,chrXIII,809345,809795,YMR272C,-
5001,chrXIII,810229,810679,YMR272W-A,+
5002,chrXIII,810982,811432,YMR272W-B,+
5003,chrXIII,811054,811504,YMR273C,-
5004,chrXIII,814201,814651,YMR274C,-
5005,chrXIII,815551,816001,YMR275C,-
5006,chrXIII,819705,820155,YMR276W,+
5007,chrXIII,822226,822676,YMR277W,+
5008,chrXIII,824281,824731,YMR278W,+
5009,chrXIII,824629,825079,YMR279C,-
5010,chrXIII,826867,827317,YMR280C,-
5011,chrXIII,832999,833449,YMR281W,+
5012,chrXIII,833256,833706,YMR282C,-
5013,chrXIII,835152,835602,YMR283C,-
5014,chrXIII,839824,840274,YMR284W,+
5015,chrXIII,839890,840340,YMR285C,-
5016,chrXIII,841979,842429,YMR286W,+
5017,chrXIII,842336,842786,YMR287C,-
5018,chrXIII,848191,848641,YMR288W,+
5019,chrXIII,849599,850049,YMR289W,+
5020,chrXIII,849810,850260,YMR290C,-
5021,chrXIII,851419,851869,YMR290W-A,+
5022,chrXIII,854040,854490,YMR291W,+
5023,chrXIII,854987,855437,YMR292W,+
5024,chrXIII,855299,855749,YMR293C,-
5025,chrXIII,857737,858187,YMR294W,+
5026,chrXIII,858197,858647,YMR295C,-
5027,chrXIII,858218,858668,YMR294W-A,+
5028,chrXIII,858989,859439,YMR296C,-
5029,chrXIII,863279,863729,YMR297W,+
5030,chrXIII,864028,864478,YMR298W,+
5031,chrXIII,864157,864607,YMR299C,-
5032,chrXIII,865393,865843,YMR300C,-
5033,chrXIII,867377,867827,YMR301C,-
5034,chrXIII,869870,870320,YMR302C,-
5035,chrXIII,873191,873641,YMR303C,-
5036,chrXIII,878617,879067,YMR304W,+
5037,chrXIII,878680,879130,YMR304C-A,-
5038,chrXIII,878774,879224,YMR305C,-
5039,chrXIII,886083,886533,YMR306C-A,-
5040,chrXIII,886166,886616,YMR306W,+
5041,chrXIII,887631,888081,YMR307C-A,-
5042,chrXIII,888513,888963,YMR307W,+
5043,chrXIII,888778,889228,YMR308C,-
5044,chrXIII,892655,893105,YMR309C,-
5045,chrXIII,895546,895996,YMR310C,-
5046,chrXIII,896703,897153,YMR311C,-
5047,chrXIII,898935,899385,YMR312W,+
5048,chrXIII,899094,899544,YMR313C,-
5049,chrXIII,902355,902805,YMR314W,+
5050,chrXIII,903598,904048,YMR315W,+
5051,chrXIII,904043,904493,YMR315W-A,+
5052,chrXIII,905550,906000,YMR316W,+
5053,chrXIII,905562,906012,YMR316C-A,-
5054,chrXIII,907221,907671,YMR316C-B,-
5055,chrXIII,910436,910886,YMR317W,+
5056,chrXIII,910855,911305,YMR318C,-
5057,chrXIII,912615,913065,YMR319C,-
5058,chrXIII,916701,917151,YMR320W,+
5059,chrXIII,917479,917929,YMR321C,-
5060,chrXIII,918266,918716,YMR322C,-
5061,chrXIII,921051,921501,YMR323W,+
5062,chrXIII,922102,922552,YMR324C,-
5063,chrXIII,922665,923115,YMR325W,+
5064,chrXIII,923394,923844,YMR326C,-
5065,chrXIII,923655,924105,TEL13R-XC,+
5066,chrXIV,1,351,TEL14L-YP,-
5067,chrXIV,271,721,YNL339C,-
5068,chrXIV,866,1316,YNL339W-B,+
5069,chrXIV,1742,2192,YNL339W-A,+
5070,chrXIV,6369,6819,YNL338W,+
5071,chrXIV,6518,6968,TEL14L-TR,-
5072,chrXIV,6864,7314,TEL14L-XC,-
5073,chrXIV,7069,7519,YNL337W,+
5074,chrXIV,9205,9655,YNL336W,+
5075,chrXIV,11779,12229,YNL335W,+
5076,chrXIV,12108,12558,YNL334C,-
5077,chrXIV,13963,14413,YNL333W,+
5078,chrXIV,15653,16103,YNL332W,+
5079,chrXIV,15799,16249,YNL331C,-
5080,chrXIV,17836,18286,YNL330C,-
5081,chrXIV,19378,19828,YNL329C,-
5082,chrXIV,22734,23184,YNL328C,-
5083,chrXIV,26823,27273,YNL327W,+
5084,chrXIV,27195,27645,YNL326C,-
5085,chrXIV,28639,29089,YNL325C,-
5086,chrXIV,31095,31545,YNL324W,+
5087,chrXIV,33028,33478,YNL323W,+
5088,chrXIV,33194,33644,YNL322C,-
5089,chrXIV,37072,37522,YNL321W,+
5090,chrXIV,38330,38780,YNL320W,+
5091,chrXIV,38607,39057,YNL318C,-
5092,chrXIV,38732,39182,YNL319W,+
5093,chrXIV,41769,42219,YNL317W,+
5094,chrXIV,41913,42363,YNL316C,-
5095,chrXIV,43115,43565,YNL315C,-
5096,chrXIV,44962,45412,YNL314W,+
5097,chrXIV,45121,45571,YNL313C,-
5098,chrXIV,48971,49421,YNL312W,+
5099,chrXIV,49231,49681,YNL311C,-
5100,chrXIV,51712,52162,YNL310C,-
5101,chrXIV,53774,54224,YNL309W,+
5102,chrXIV,53941,54391,YNL308C,-
5103,chrXIV,56001,56451,YNL307C,-
5104,chrXIV,58497,58947,YNL306W,+
5105,chrXIV,58626,59076,YNL305C,-
5106,chrXIV,61333,61783,YNL304W,+
5107,chrXIV,61507,61957,YNL303W,+
5108,chrXIV,61640,62090,YNL302C,-
5109,chrXIV,63308,63758,YNL301C,-
5110,chrXIV,65960,66410,YNL300W,+
5111,chrXIV,68157,68607,YNL299W,+
5112,chrXIV,71172,71622,YNL298W,+
5113,chrXIV,71498,71948,YNL297C,-
5114,chrXIV,76237,76687,YNL296W,+
5115,chrXIV,78314,78764,YNL295W,+
5116,chrXIV,78449,78899,YNL294C,-
5117,chrXIV,82191,82641,YNL293W,+
5118,chrXIV,83667,84117,YNL292W,+
5119,chrXIV,84023,84473,YNL291C,-
5120,chrXIV,86967,87417,YNL290W,+
5121,chrXIV,88959,89409,YNL289W,+
5122,chrXIV,91150,91600,YNL288W,+
5123,chrXIV,94648,95098,YNL287W,+
5124,chrXIV,95806,96256,YNL286W,+
5125,chrXIV,96194,96644,YNL285W,+
5126,chrXIV,102943,103393,YNL284C,-
5127,chrXIV,105029,105479,YNL283C,-
5128,chrXIV,107924,108374,YNL282W,+
5129,chrXIV,108773,109223,YNL281W,+
5130,chrXIV,108892,109342,YNL280C,-
5131,chrXIV,112799,113249,YNL279W,+
5132,chrXIV,116295,116745,YNL278W,+
5133,chrXIV,116517,116967,YNL277W-A,+
5134,chrXIV,118331,118781,YNL276C,-
5135,chrXIV,118459,118909,YNL277W,+
5136,chrXIV,120648,121098,YNL275W,+
5137,chrXIV,121018,121468,YNL274C,-
5138,chrXIV,126305,126755,YNL273W,+
5139,chrXIV,126591,127041,YNL272C,-
5140,chrXIV,129422,129872,YNL271C,-
5141,chrXIV,135840,136290,YNL270C,-
5142,chrXIV,137744,138194,YNL269W,+
5143,chrXIV,140247,140697,YNL268W,+
5144,chrXIV,143762,144212,YNL267W,+
5145,chrXIV,143933,144383,YNL265C,-
5146,chrXIV,144314,144764,YNL266W,+
5147,chrXIV,145318,145768,YNL264C,-
5148,chrXIV,146694,147144,YNL263C,-
5149,chrXIV,154573,155023,YNL262W,+
5150,chrXIV,156296,156746,YNL261W,+
5151,chrXIV,156401,156851,YNL260C,-
5152,chrXIV,157435,157885,YNL259C,-
5153,chrXIV,157918,158368,YNL258C,-
5154,chrXIV,160485,160935,YNL257C,-
5155,chrXIV,166747,167197,YNL256W,+
5156,chrXIV,166908,167358,YNL255C,-
5157,chrXIV,167863,168313,YNL254C,-
5158,chrXIV,171096,171546,YNL253W,+
5159,chrXIV,171203,171653,YNL252C,-
5160,chrXIV,172412,172862,YNL251C,-
5161,chrXIV,178747,179197,YNL249C,-
5162,chrXIV,179150,179600,YNL250W,+
5163,chrXIV,181074,181524,YNL248C,-
5164,chrXIV,184923,185373,YNL247W,+
5165,chrXIV,185522,185972,YNL245C,-
5166,chrXIV,186280,186730,YNL246W,+
5167,chrXIV,186963,187413,YNL244C,-
5168,chrXIV,190607,191057,YNL243W,+
5169,chrXIV,195776,196226,YNL242W,+
5170,chrXIV,196120,196570,YNL241C,-
5171,chrXIV,198290,198740,YNL240C,-
5172,chrXIV,201678,202128,YNL239W,+
5173,chrXIV,204522,204972,YNL238W,+
5174,chrXIV,206398,206848,YNL237W,+
5175,chrXIV,209448,209898,YNL235C,-
5176,chrXIV,209596,210046,YNL236W,+
5177,chrXIV,211239,211689,YNL234W,+
5178,chrXIV,214339,214789,YNL233W,+
5179,chrXIV,215520,215970,YNL232W,+
5180,chrXIV,215887,216337,YNL231C,-
5181,chrXIV,217423,217873,YNL230C,-
5182,chrXIV,218949,219399,YNL229C,-
5183,chrXIV,220486,220936,YNL227C,-
5184,chrXIV,221071,221521,YNL228W,+
5185,chrXIV,222299,222749,YNL226W,+
5186,chrXIV,222624,223074,YNL225C,-
5187,chrXIV,224537,224987,YNL224C,-
5188,chrXIV,228579,229029,YNL223W,+
5189,chrXIV,229543,229993,YNL222W,+
5190,chrXIV,230823,231273,YNL221C,-
5191,chrXIV,235364,235814,YNL220W,+
5192,chrXIV,235653,236103,YNL219C,-
5193,chrXIV,239831,240281,YNL218W,+
5194,chrXIV,240961,241411,YNL217W,+
5195,chrXIV,243822,244272,YNL216W,+
5196,chrXIV,245130,245580,YNL215W,+
5197,chrXIV,246123,246573,YNL214W,+
5198,chrXIV,246251,246701,YNL213C,-
5199,chrXIV,249607,250057,YNL212W,+
5200,chrXIV,249955,250405,YNL211C,-
5201,chrXIV,251393,251843,YNL210W,+
5202,chrXIV,253674,254124,YNL209W,+
5203,chrXIV,254767,255217,YNL208W,+
5204,chrXIV,256336,256786,YNL207W,+
5205,chrXIV,256614,257064,YNL206C,-
5206,chrXIV,258055,258505,YNL205C,-
5207,chrXIV,258275,258725,YNL204C,-
5208,chrXIV,259339,259789,YNL203C,-
5209,chrXIV,260154,260604,YNL202W,+
5210,chrXIV,260335,260785,YNL201C,-
5211,chrXIV,263534,263984,YNL200C,-
5212,chrXIV,264654,265104,YNL199C,-
5213,chrXIV,266414,266864,YNL198C,-
5214,chrXIV,266818,267268,YNL197C,-
5215,chrXIV,270175,270625,YNL196C,-
5216,chrXIV,271423,271873,YNL195C,-
5217,chrXIV,272610,273060,YNL194C,-
5218,chrXIV,275751,276201,YNL193W,+
5219,chrXIV,279547,279997,YNL192W,+
5220,chrXIV,281252,281702,YNL191W,+
5221,chrXIV,283120,283570,YNL190W,+
5222,chrXIV,285790,286240,YNL189W,+
5223,chrXIV,287259,287709,YNL188W,+
5224,chrXIV,288717,289167,YNL187W,+
5225,chrXIV,291526,291976,YNL186W,+
5226,chrXIV,292078,292528,YNL185C,-
5227,chrXIV,292457,292907,YNL184C,-
5228,chrXIV,292934,293384,YNL183C,-
5229,chrXIV,295774,296224,YNL182C,-
5230,chrXIV,299208,299658,YNL181W,+
5231,chrXIV,299554,300004,YNL180C,-
5232,chrXIV,300566,301016,YNL179C,-
5233,chrXIV,303187,303637,YNL178W,+
5234,chrXIV,303403,303853,YNL177C,-
5235,chrXIV,304970,305420,YNL176C,-
5236,chrXIV,307190,307640,YNL175C,-
5237,chrXIV,308296,308746,YNL174W,+
5238,chrXIV,308761,309211,YNL173C,-
5239,chrXIV,315529,315979,YNL171C,-
5240,chrXIV,315818,316268,YNL172W,+
5241,chrXIV,315998,316448,YNL169C,-
5242,chrXIV,316023,316473,YNL170W,+
5243,chrXIV,317773,318223,YNL168C,-
5244,chrXIV,319316,319766,YNL167C,-
5245,chrXIV,322003,322453,YNL166C,-
5246,chrXIV,324800,325250,YNL165W,+
5247,chrXIV,325096,325546,YNL164C,-
5248,chrXIV,326641,327091,YNL163C,-
5249,chrXIV,330578,331028,YNL162W-A,+
5250,chrXIV,331804,332254,YNL162W,+
5251,chrXIV,334899,335349,YNL161W,+
5252,chrXIV,337259,337709,YNL160W,+
5253,chrXIV,338199,338649,YNL159C,-
5254,chrXIV,339858,340308,YNL158W,+
5255,chrXIV,340671,341121,YNL157W,+
5256,chrXIV,340847,341297,YNL156C,-
5257,chrXIV,343054,343504,YNL155W,+
5258,chrXIV,343536,343986,YNL154C,-
5259,chrXIV,345374,345824,YNL153C,-
5260,chrXIV,347192,347642,YNL152W,+
5261,chrXIV,347666,348116,YNL151C,-
5262,chrXIV,349140,349590,YNL149C,-
5263,chrXIV,349308,349758,YNL150W,+
5264,chrXIV,349807,350257,YNL148C,-
5265,chrXIV,351077,351527,YNL147W,+
5266,chrXIV,351286,351736,YNL146C-A,-
5267,chrXIV,351988,352438,YNL146W,+
5268,chrXIV,352234,352684,YNL145W,+
5269,chrXIV,352720,353170,YNL144C,-
5270,chrXIV,352794,353244,YNL144W-A,+
5271,chrXIV,356694,357144,YNL143C,-
5272,chrXIV,358640,359090,YNL142W,+
5273,chrXIV,360345,360795,YNL141W,+
5274,chrXIV,360631,361081,YNL139C,-
5275,chrXIV,360817,361267,YNL140C,-
5276,chrXIV,366231,366681,YNL138W-A,+
5277,chrXIV,368048,368498,YNL138W,+
5278,chrXIV,368414,368864,YNL137C,-
5279,chrXIV,371295,371745,YNL136W,+
5280,chrXIV,371566,372016,YNL135C,-
5281,chrXIV,372301,372751,YNL134C,-
5282,chrXIV,374071,374521,YNL133C,-
5283,chrXIV,378233,378683,YNL132W,+
5284,chrXIV,379100,379550,YNL131W,+
5285,chrXIV,379247,379697,YNL130C,-
5286,chrXIV,381145,381595,YNL130C-A,-
5287,chrXIV,381985,382435,YNL129W,+
5288,chrXIV,383313,383763,YNL128W,+
5289,chrXIV,386732,387182,YNL127W,+
5290,chrXIV,389499,389949,YNL126W,+
5291,chrXIV,389949,390399,YNL125C,-
5292,chrXIV,394074,394524,YNL124W,+
5293,chrXIV,397399,397849,YNL123W,+
5294,chrXIV,397720,398170,YNL122C,-
5295,chrXIV,398584,399034,YNL121C,-
5296,chrXIV,400933,401383,YNL120C,-
5297,chrXIV,402307,402757,YNL119W,+
5298,chrXIV,402377,402827,YNL118C,-
5299,chrXIV,407760,408210,YNL117W,+
5300,chrXIV,409727,410177,YNL116W,+
5301,chrXIV,410019,410469,YNL115C,-
5302,chrXIV,412584,413034,YNL114C,-
5303,chrXIV,413024,413474,YNL113W,+
5304,chrXIV,415931,416381,YNL112W,+
5305,chrXIV,416485,416935,YNL111C,-
5306,chrXIV,417613,418063,YNL110C,-
5307,chrXIV,418914,419364,YNL108C,-
5308,chrXIV,419159,419609,YNL109W,+
5309,chrXIV,420595,421045,YNL107W,+
5310,chrXIV,420785,421235,YNL106C,-
5311,chrXIV,424233,424683,YNL105W,+
5312,chrXIV,424654,425104,YNL104C,-
5313,chrXIV,426458,426908,YNL103W-A,+
5314,chrXIV,429403,429853,YNL103W,+
5315,chrXIV,434227,434677,YNL102W,+
5316,chrXIV,436989,437439,YNL101W,+
5317,chrXIV,438049,438499,YNL100W,+
5318,chrXIV,438205,438655,YNL099C,-
5319,chrXIV,439459,439909,YNL098C,-
5320,chrXIV,440697,441147,YNL097C-B,-
5321,chrXIV,441135,441585,YNL097C,-
5322,chrXIV,441236,441686,YNL097W-A,+
5323,chrXIV,443062,443512,YNL096C,-
5324,chrXIV,444624,445074,YNL095C,-
5325,chrXIV,449081,449531,YNL094W,+
5326,chrXIV,450456,450906,YNL093W,+
5327,chrXIV,451795,452245,YNL092W,+
5328,chrXIV,455780,456230,YNL091W,+
5329,chrXIV,456593,457043,YNL089C,-
5330,chrXIV,456954,457404,YNL090W,+
5331,chrXIV,461640,462090,YNL088W,+
5332,chrXIV,465780,466230,YNL087W,+
5333,chrXIV,466363,466813,YNL086W,+
5334,chrXIV,469460,469910,YNL085W,+
5335,chrXIV,469876,470326,YNL084C,-
5336,chrXIV,472767,473217,YNL083W,+
5337,chrXIV,475662,476112,YNL082W,+
5338,chrXIV,475909,476359,YNL081C,-
5339,chrXIV,476725,477175,YNL080C,-
5340,chrXIV,478288,478738,YNL079C,-
5341,chrXIV,480721,481171,YNL078W,+
5342,chrXIV,482673,483123,YNL077W,+
5343,chrXIV,485024,485474,YNL076W,+
5344,chrXIV,486378,486828,YNL075W,+
5345,chrXIV,486666,487116,YNL074C,-
5346,chrXIV,489852,490302,YNL073W,+
5347,chrXIV,490974,491424,YNL072W,+
5348,chrXIV,492800,493250,YNL071W,+
5349,chrXIV,493299,493749,YNL070W,+
5350,chrXIV,493856,494306,YNL069C,-
5351,chrXIV,495431,495881,YNL068C,-
5352,chrXIV,498334,498784,YNL067W-A,+
5353,chrXIV,499207,499657,YNL067W-B,+
5354,chrXIV,500136,500586,YNL067W,+
5355,chrXIV,502555,503005,YNL066W,+
5356,chrXIV,505134,505584,YNL065W,+
5357,chrXIV,505627,506077,YNL064C,-
5358,chrXIV,508352,508802,YNL063W,+
5359,chrXIV,508479,508929,YNL062C,-
5360,chrXIV,512046,512496,YNL061W,+
5361,chrXIV,512568,513018,YNL059C,-
5362,chrXIV,515557,516007,YNL058C,-
5363,chrXIV,516385,516835,YNL057W,+
5364,chrXIV,517670,518120,YNL056W,+
5365,chrXIV,517833,518283,YNL055C,-
5366,chrXIV,529233,529683,YNL054W,+
5367,chrXIV,531191,531641,YNL053W,+
5368,chrXIV,532185,532635,YNL052W,+
5369,chrXIV,533565,534015,YNL051W,+
5370,chrXIV,533979,534429,YNL050C,-
5371,chrXIV,535087,535537,YNL049C,-
5372,chrXIV,539572,540022,YNL048W,+
5373,chrXIV,539811,540261,YNL047C,-
5374,chrXIV,542629,543079,YNL046W,+
5375,chrXIV,544698,545148,YNL045W,+
5376,chrXIV,545489,545939,YNL043C,-
5377,chrXIV,545726,546176,YNL044W,+
5378,chrXIV,547020,547470,YNL042W-B,+
5379,chrXIV,549046,549496,YNL042W,+
5380,chrXIV,549272,549722,YNL041C,-
5381,chrXIV,554554,555004,YNL040W,+
5382,chrXIV,556538,556988,YNL039W,+
5383,chrXIV,557433,557883,YNL038W,+
5384,chrXIV,557792,558242,YNL037C,-
5385,chrXIV,560192,560642,YNL036W,+
5386,chrXIV,568215,568665,YNL035C,-
5387,chrXIV,571965,572415,YNL034W,+
5388,chrXIV,573617,574067,YNL033W,+
5389,chrXIV,575066,575516,YNL032W,+
5390,chrXIV,575289,575739,YNL031C,-
5391,chrXIV,576688,577138,YNL030W,+
5392,chrXIV,577105,577555,YNL029C,-
5393,chrXIV,578646,579096,YNL028W,+
5394,chrXIV,581266,581716,YNL027W,+
5395,chrXIV,583150,583600,YNL026W,+
5396,chrXIV,584215,584665,YNL025C,-
5397,chrXIV,586232,586682,YNL024C-A,-
5398,chrXIV,586939,587389,YNL024C,-
5399,chrXIV,587955,588405,YNL023C,-
5400,chrXIV,591234,591684,YNL022C,-
5401,chrXIV,594997,595447,YNL021W,+
5402,chrXIV,595371,595821,YNL020C,-
5403,chrXIV,598166,598616,YNL019C,-
5404,chrXIV,599642,600092,YNL018C,-
5405,chrXIV,602038,602488,YNL017C,-
5406,chrXIV,603952,604402,YNL016W,+
5407,chrXIV,605261,605711,YNL015W,+
5408,chrXIV,609033,609483,YNL013C,-
5409,chrXIV,609103,609553,YNL014W,+
5410,chrXIV,611609,612059,YNL012W,+
5411,chrXIV,611654,612104,YNL011C,-
5412,chrXIV,614116,614566,YNL010W,+
5413,chrXIV,615733,616183,YNL009W,+
5414,chrXIV,616066,616516,YNL008C,-
5415,chrXIV,618407,618857,YNL007C,-
5416,chrXIV,620769,621219,YNL006W,+
5417,chrXIV,621128,621578,YNL005C,-
5418,chrXIV,624341,624791,YNL004W,+
5419,chrXIV,624734,625184,YNL003C,-
5420,chrXIV,625985,626435,YNL002C,-
5421,chrXIV,628342,628792,YNL001W,+
5422,chrXIV,629325,629775,YNR001C,-
5423,chrXIV,631131,631581,YNR001W-A,+
5424,chrXIV,632761,633211,YNR002C,-
5425,chrXIV,634147,634597,YNR003C,-
5426,chrXIV,634168,634618,YNR003W-A,+
5427,chrXIV,636452,636902,YNR004W,+
5428,chrXIV,636831,637281,YNR005C,-
5429,chrXIV,638504,638954,YNR006W,+
5430,chrXIV,639082,639532,YNR007C,-
5431,chrXIV,642031,642481,YNR008W,+
5432,chrXIV,643089,643539,YNR009W,+
5433,chrXIV,643970,644420,YNR011C,-
5434,chrXIV,643975,644425,YNR010W,+
5435,chrXIV,648669,649119,YNR012W,+
5436,chrXIV,648824,649274,YNR013C,-
5437,chrXIV,652921,653371,YNR014W,+
5438,chrXIV,654231,654681,YNR015W,+
5439,chrXIV,654573,655023,YNR016C,-
5440,chrXIV,663471,663921,YNR017W,+
5441,chrXIV,664594,665044,YNR018W,+
5442,chrXIV,666917,667367,YNR019W,+
5443,chrXIV,667310,667760,YNR020C,-
5444,chrXIV,669431,669881,YNR021W,+
5445,chrXIV,669584,670034,YNR022C,-
5446,chrXIV,671861,672311,YNR023W,+
5447,chrXIV,672602,673052,YNR025C,-
5448,chrXIV,672695,673145,YNR024W,+
5449,chrXIV,672847,673297,YNR026C,-
5450,chrXIV,675526,675976,YNR027W,+
5451,chrXIV,676848,677298,YNR028W,+
5452,chrXIV,677010,677460,YNR029C,-
5453,chrXIV,680192,680642,YNR030W,+
5454,chrXIV,680502,680952,YNR031C,-
5455,chrXIV,686822,687272,YNR032W,+
5456,chrXIV,687024,687474,YNR032C-A,-
5457,chrXIV,689648,690098,YNR033W,+
5458,chrXIV,690936,691386,YNR034W,+
5459,chrXIV,692613,693063,YNR034W-A,+
5460,chrXIV,692878,693328,YNR035C,-
5461,chrXIV,694099,694549,YNR036C,-
5462,chrXIV,694839,695289,YNR037C,-
5463,chrXIV,697280,697730,YNR038W,+
5464,chrXIV,697458,697908,YNR039C,-
5465,chrXIV,700179,700629,YNR040W,+
5466,chrXIV,700400,700850,YNR041C,-
5467,chrXIV,701316,701766,YNR042W,+
5468,chrXIV,702881,703331,YNR043W,+
5469,chrXIV,705599,706049,YNR044W,+
5470,chrXIV,707308,707758,YNR045W,+
5471,chrXIV,707979,708429,YNR046W,+
5472,chrXIV,710854,711304,YNR047W,+
5473,chrXIV,712653,713103,YNR048W,+
5474,chrXIV,712808,713258,YNR049C,-
5475,chrXIV,713887,714337,YNR050C,-
5476,chrXIV,716680,717130,YNR051C,-
5477,chrXIV,719195,719645,YNR052C,-
5478,chrXIV,720961,721411,YNR053C,-
5479,chrXIV,723212,723662,YNR054C,-
5480,chrXIV,728194,728644,YNR055C,-
5481,chrXIV,731518,731968,YNR056C,-
5482,chrXIV,733256,733706,YNR057C,-
5483,chrXIV,735383,735833,YNR058W,+
5484,chrXIV,738195,738645,YNR059W,+
5485,chrXIV,741826,742276,YNR060W,+
5486,chrXIV,742466,742916,YNR061C,-
5487,chrXIV,744260,744710,YNR062C,-
5488,chrXIV,748777,749227,YNR063W,+
5489,chrXIV,749036,749486,YNR064C,-
5490,chrXIV,750250,750700,YNR065C,-
5491,chrXIV,753625,754075,YNR066C,-
5492,chrXIV,755561,756011,YNR067C,-
5493,chrXIV,759967,760417,YNR068C,-
5494,chrXIV,761023,761473,YNR069C,-
5495,chrXIV,769699,770149,YNR070W,+
5496,chrXIV,770340,770790,YNR071C,-
5497,chrXIV,774487,774937,YNR072W,+
5498,chrXIV,774564,775014,YNR073C,-
5499,chrXIV,777336,777786,YNR074C,-
5500,chrXIV,780690,781140,YNR075W,+
5501,chrXIV,781411,781861,YNR075C-A,-
5502,chrXIV,781930,782380,YNR076W,+
5503,chrXIV,783187,783637,YNR077C,-
5504,chrXIV,783390,783840,TEL14R-XC,+
5505,chrXV,289,739,TEL15L-XC,-
5506,chrXV,419,869,YOL166W-A,+
5507,chrXV,900,1350,YOL166C,-
5508,chrXV,1265,1715,YOL165C,-
5509,chrXV,3962,4412,YOL164W-A,+
5510,chrXV,7968,8418,YOL164W,+
5511,chrXV,9756,10206,YOL163W,+
5512,chrXV,10416,10866,YOL162W,+
5513,chrXV,11449,11899,YOL161C,-
5514,chrXV,14304,14754,YOL160W,+
5515,chrXV,15133,15583,YOL159C-A,-
5516,chrXV,17110,17560,YOL159C,-
5517,chrXV,19236,19686,YOL158C,-
5518,chrXV,22276,22726,YOL157C,-
5519,chrXV,26626,27076,YOL156W,+
5520,chrXV,26868,27318,YOL155W-A,+
5521,chrXV,28603,29053,YOL155C,-
5522,chrXV,35144,35594,YOL154W,+
5523,chrXV,42384,42834,YOL152W,+
5524,chrXV,44372,44822,YOL151W,+
5525,chrXV,44373,44823,YOL150C,-
5526,chrXV,45283,45733,YOL149W,+
5527,chrXV,45660,46110,YOL148C,-
5528,chrXV,47682,48132,YOL147C,-
5529,chrXV,49098,49548,YOL146W,+
5530,chrXV,49455,49905,YOL145C,-
5531,chrXV,54202,54652,YOL144W,+
5532,chrXV,54381,54831,YOL143C,-
5533,chrXV,55995,56445,YOL142W,+
5534,chrXV,58189,58639,YOL141W,+
5535,chrXV,59852,60302,YOL140W,+
5536,chrXV,60146,60596,YOL139C,-
5537,chrXV,61180,61630,YOL138C,-
5538,chrXV,66764,67214,YOL137W,+
5539,chrXV,67125,67575,YOL136C,-
5540,chrXV,69160,69610,YOL135C,-
5541,chrXV,70056,70506,YOL134C,-
5542,chrXV,70631,71081,YOL133W,+
5543,chrXV,72365,72815,YOL132W,+
5544,chrXV,73332,73782,YOL131W,+
5545,chrXV,76991,77441,YOL130W,+
5546,chrXV,77861,78311,YOL129W,+
5547,chrXV,78031,78481,YOL128C,-
5548,chrXV,81044,81494,YOL127W,+
5549,chrXV,81495,81945,YOL126C,-
5550,chrXV,84914,85364,YOL125W,+
5551,chrXV,85356,85806,YOL124C,-
5552,chrXV,89098,89548,YOL123W,+
5553,chrXV,89462,89912,YOL122C,-
5554,chrXV,91737,92187,YOL121C,-
5555,chrXV,93201,93651,YOL120C,-
5556,chrXV,94732,95182,YOL119C,-
5557,chrXV,96508,96958,YOL118C,-
5558,chrXV,99235,99685,YOL117W,+
5559,chrXV,100842,101292,YOL116W,+
5560,chrXV,102993,103443,YOL115W,+
5561,chrXV,103217,103667,YOL114C,-
5562,chrXV,105943,106393,YOL113W,+
5563,chrXV,107919,108369,YOL112W,+
5564,chrXV,108086,108536,YOL111C,-
5565,chrXV,109652,110102,YOL110W,+
5566,chrXV,110288,110738,YOL109W,+
5567,chrXV,111109,111559,YOL108C,-
5568,chrXV,112827,113277,YOL107W,+
5569,chrXV,113229,113679,YOL106W,+
5570,chrXV,113910,114360,YOL105C,-
5571,chrXV,116296,116746,YOL104C,-
5572,chrXV,125522,125972,YOL103W,+
5573,chrXV,125669,126119,YOL102C,-
5574,chrXV,126882,127332,YOL101C,-
5575,chrXV,131917,132367,YOL099C,-
5576,chrXV,132132,132582,YOL100W,+
5577,chrXV,132346,132796,YOL098C,-
5578,chrXV,136181,136631,YOL097W-A,+
5579,chrXV,136327,136777,YOL097C,-
5580,chrXV,137871,138321,YOL096C,-
5581,chrXV,139051,139501,YOL095C,-
5582,chrXV,141484,141934,YOL094C,-
5583,chrXV,143461,143911,YOL093W,+
5584,chrXV,144780,145230,YOL092W,+
5585,chrXV,146813,147263,YOL091W,+
5586,chrXV,150008,150458,YOL090W,+
5587,chrXV,150298,150748,YOL089C,-
5588,chrXV,153665,154115,YOL088C,-
5589,chrXV,155105,155555,YOL087C,-
5590,chrXV,159095,159545,YOL086W-A,+
5591,chrXV,159448,159898,YOL086C,-
5592,chrXV,161441,161891,YOL085W-A,+
5593,chrXV,161573,162023,YOL085C,-
5594,chrXV,164981,165431,YOL084W,+
5595,chrXV,166361,166811,YOL083C-A,-
5596,chrXV,167071,167521,YOL083W,+
5597,chrXV,169624,170074,YOL082W,+
5598,chrXV,180042,180492,YOL081W,+
5599,chrXV,180292,180742,YOL080C,-
5600,chrXV,181105,181555,YOL079W,+
5601,chrXV,184888,185338,YOL078W,+
5602,chrXV,185294,185744,YOL077W-A,+
5603,chrXV,185641,186091,YOL077C,-
5604,chrXV,189064,189514,YOL076W,+
5605,chrXV,189103,189553,YOL075C,-
5606,chrXV,193677,194127,YOL073C,-
5607,chrXV,196055,196505,YOL072W,+
5608,chrXV,196645,197095,YOL071W,+
5609,chrXV,197120,197570,YOL070C,-
5610,chrXV,199987,200437,YOL069W,+
5611,chrXV,200268,200718,YOL068C,-
5612,chrXV,201885,202335,YOL067C,-
5613,chrXV,202536,202986,YOL066C,-
5614,chrXV,204549,204999,YOL065C,-
5615,chrXV,205899,206349,YOL064C,-
5616,chrXV,207239,207689,YOL063C,-
5617,chrXV,210349,210799,YOL062C,-
5618,chrXV,213384,213834,YOL061W,+
5619,chrXV,213917,214367,YOL060C,-
5620,chrXV,218347,218797,YOL059W,+
5621,chrXV,220259,220709,YOL058W,+
5622,chrXV,222700,223150,YOL057W,+
5623,chrXV,223829,224279,YOL056W,+
5624,chrXV,224320,224770,YOL055C,-
5625,chrXV,229484,229934,YOL054W,+
5626,chrXV,230966,231416,YOL053W,+
5627,chrXV,231470,231920,YOL052C-A,-
5628,chrXV,232218,232668,YOL052C,-
5629,chrXV,237782,238232,YOL050C,-
5630,chrXV,237835,238285,YOL051W,+
5631,chrXV,239862,240312,YOL049W,+
5632,chrXV,240029,240479,YOL048C,-
5633,chrXV,241514,241964,YOL047C,-
5634,chrXV,243366,243816,YOL046C,-
5635,chrXV,246452,246902,YOL045W,+
5636,chrXV,248016,248466,YOL044W,+
5637,chrXV,248292,248742,YOL043C,-
5638,chrXV,250573,251023,YOL042W,+
5639,chrXV,251086,251536,YOL041C,-
5640,chrXV,252955,253405,YOL040C,-
5641,chrXV,254267,254717,YOL039W,+
5642,chrXV,254598,255048,YOL038C-A,-
5643,chrXV,255814,256264,YOL038W,+
5644,chrXV,256566,257016,YOL037C,-
5645,chrXV,258703,259153,YOL035C,-
5646,chrXV,258821,259271,YOL036W,+
5647,chrXV,262854,263304,YOL034W,+
5648,chrXV,264843,265293,YOL033W,+
5649,chrXV,265860,266310,YOL032W,+
5650,chrXV,266022,266472,YOL031C,-
5651,chrXV,269291,269741,YOL030W,+
5652,chrXV,269694,270144,YOL029C,-
5653,chrXV,270533,270983,YOL028C,-
5654,chrXV,271708,272158,YOL027C,-
5655,chrXV,273816,274266,YOL026C,-
5656,chrXV,276631,277081,YOL025W,+
5657,chrXV,277254,277704,YOL024W,+
5658,chrXV,279879,280329,YOL023W,+
5659,chrXV,280070,280520,YOL022C,-
5660,chrXV,282203,282653,YOL021C,-
5661,chrXV,287639,288089,YOL020W,+
5662,chrXV,288222,288672,YOL019W-A,+
5663,chrXV,290203,290653,YOL019W,+
5664,chrXV,290781,291231,YOL018C,-
5665,chrXV,294437,294887,YOL017W,+
5666,chrXV,294556,295006,YOL016C,-
5667,chrXV,298627,299077,YOL015W,+
5668,chrXV,299828,300278,YOL014W,+
5669,chrXV,300630,301080,YOL013W-B,+
5670,chrXV,300977,301427,YOL013W-A,+
5671,chrXV,301280,301730,YOL013C,-
5672,chrXV,303318,303768,YOL012C,-
5673,chrXV,307059,307509,YOL011W,+
5674,chrXV,308830,309280,YOL010W,+
5675,chrXV,309162,309612,YOL009C,-
5676,chrXV,310747,311197,YOL008W,+
5677,chrXV,310882,311332,YOL007C,-
5678,chrXV,312978,313428,YOL006C,-
5679,chrXV,315660,316110,YOL005C,-
5680,chrXV,321304,321754,YOL004W,+
5681,chrXV,321626,322076,YOL003C,-
5682,chrXV,323298,323748,YOL002C,-
5683,chrXV,325780,326230,YOL001W,+
5684,chrXV,328813,329263,YOR001W,+
5685,chrXV,330782,331232,YOR002W,+
5686,chrXV,332541,332991,YOR003W,+
5687,chrXV,334006,334456,YOR004W,+
5688,chrXV,334302,334752,YOR005C,-
5689,chrXV,337486,337936,YOR006C,-
5690,chrXV,338742,339192,YOR007C,-
5691,chrXV,340863,341313,YOR008C,-
5692,chrXV,342757,343207,YOR008C-A,-
5693,chrXV,343680,344130,YOR008W-B,+
5694,chrXV,345590,346040,YOR009W,+
5695,chrXV,346095,346545,YOR010C,-
5696,chrXV,353513,353963,YOR011W,+
5697,chrXV,355508,355958,YOR011W-A,+
5698,chrXV,356606,357056,YOR012W,+
5699,chrXV,356871,357321,YOR013W,+
5700,chrXV,360002,360452,YOR015W,+
5701,chrXV,360110,360560,YOR014W,+
5702,chrXV,360207,360657,YOR016C,-
5703,chrXV,363609,364059,YOR017W,+
5704,chrXV,366532,366982,YOR018W,+
5705,chrXV,370164,370614,YOR019W,+
5706,chrXV,370320,370770,YOR020C,-
5707,chrXV,371779,372229,YOR020W-A,+
5708,chrXV,372543,372993,YOR021C,-
5709,chrXV,373579,374029,YOR022C,-
5710,chrXV,375858,376308,YOR023C,-
5711,chrXV,377820,378270,YOR024W,+
5712,chrXV,379342,379792,YOR025W,+
5713,chrXV,380456,380906,YOR026W,+
5714,chrXV,382563,383013,YOR027W,+
5715,chrXV,383106,383556,YOR028C,-
5716,chrXV,384585,385035,YOR029W,+
5717,chrXV,388334,388784,YOR030W,+
5718,chrXV,389072,389522,YOR031W,+
5719,chrXV,389561,390011,YOR032C,-
5720,chrXV,392026,392476,YOR032W-A,+
5721,chrXV,392272,392722,YOR033C,-
5722,chrXV,394630,395080,YOR034C,-
5723,chrXV,397326,397776,YOR034C-A,-
5724,chrXV,397635,398085,YOR035C,-
5725,chrXV,400936,401386,YOR036W,+
5726,chrXV,402470,402920,YOR037W,+
5727,chrXV,402661,403111,YOR038C,-
5728,chrXV,406497,406947,YOR039W,+
5729,chrXV,407617,408067,YOR040W,+
5730,chrXV,408258,408708,YOR041C,-
5731,chrXV,409367,409817,YOR042W,+
5732,chrXV,412140,412590,YOR043W,+
5733,chrXV,413299,413749,YOR044W,+
5734,chrXV,413849,414299,YOR045W,+
5735,chrXV,414298,414748,YOR046C,-
5736,chrXV,416151,416601,YOR047C,-
5737,chrXV,418274,418724,YOR048C,-
5738,chrXV,422366,422816,YOR049C,-
5739,chrXV,424170,424620,YOR050C,-
5740,chrXV,424587,425037,YOR051C,-
5741,chrXV,426405,426855,YOR052C,-
5742,chrXV,427733,428183,YOR054C,-
5743,chrXV,427808,428258,YOR053W,+
5744,chrXV,429562,430012,YOR055W,+
5745,chrXV,430090,430540,YOR056C,-
5746,chrXV,433104,433554,YOR057W,+
5747,chrXV,433263,433713,YOR058C,-
5748,chrXV,438749,439199,YOR059C,-
5749,chrXV,440290,440740,YOR060C,-
5750,chrXV,442427,442877,YOR061W,+
5751,chrXV,442553,443003,YOR062C,-
5752,chrXV,445730,446180,YOR063W,+
5753,chrXV,445890,446340,YOR064C,-
5754,chrXV,448059,448509,YOR065W,+
5755,chrXV,451188,451638,YOR066W,+
5756,chrXV,451597,452047,YOR067C,-
5757,chrXV,453769,454219,YOR068C,-
5758,chrXV,455483,455933,YOR069W,+
5759,chrXV,455807,456257,YOR070C,-
5760,chrXV,459155,459605,YOR071C,-
5761,chrXV,461466,461916,YOR072W,+
5762,chrXV,461689,462139,YOR072W-A,+
5763,chrXV,464280,464730,YOR072W-B,+
5764,chrXV,466330,466780,YOR073W,+
5765,chrXV,466488,466938,YOR074C,-
5766,chrXV,467273,467723,YOR073W-A,+
5767,chrXV,468960,469410,YOR075W,+
5768,chrXV,469277,469727,YOR076C,-
5769,chrXV,472247,472697,YOR077W,+
5770,chrXV,473065,473515,YOR078W,+
5771,chrXV,473301,473751,YOR079C,-
5772,chrXV,476442,476892,YOR080W,+
5773,chrXV,476839,477289,YOR081C,-
5774,chrXV,479196,479646,YOR082C,-
5775,chrXV,480070,480520,YOR083W,+
5776,chrXV,481462,481912,YOR084W,+
5777,chrXV,482735,483185,YOR085W,+
5778,chrXV,483118,483568,YOR086C,-
5779,chrXV,489384,489834,YOR087W,+
5780,chrXV,490096,490546,YOR089C,-
5781,chrXV,490952,491402,YOR090C,-
5782,chrXV,494188,494638,YOR091W,+
5783,chrXV,496618,497068,YOR092W,+
5784,chrXV,497406,497856,YOR093C,-
5785,chrXV,503200,503650,YOR094W,+
5786,chrXV,503336,503786,YOR095C,-
5787,chrXV,506417,506867,YOR096W,+
5788,chrXV,506785,507235,YOR097C,-
5789,chrXV,507749,508199,YOR098C,-
5790,chrXV,512846,513296,YOR099W,+
5791,chrXV,513195,513645,YOR100C,-
5792,chrXV,516041,516491,YOR101W,+
5793,chrXV,516258,516708,YOR103C,-
5794,chrXV,516423,516873,YOR102W,+
5795,chrXV,518171,518621,YOR105W,+
5796,chrXV,518569,519019,YOR104W,+
5797,chrXV,519733,520183,YOR106W,+
5798,chrXV,522176,522626,YOR107W,+
5799,chrXV,524505,524955,YOR108C-A,-
5800,chrXV,524657,525107,YOR108W,+
5801,chrXV,528476,528926,YOR109W,+
5802,chrXV,529959,530409,YOR110W,+
5803,chrXV,530777,531227,YOR111W,+
5804,chrXV,533511,533961,YOR112W,+
5805,chrXV,536469,536919,YOR113W,+
5806,chrXV,538313,538763,YOR114W,+
5807,chrXV,538468,538918,YOR115C,-
5808,chrXV,539663,540113,YOR116C,-
5809,chrXV,546138,546588,YOR117W,+
5810,chrXV,548346,548796,YOR118W,+
5811,chrXV,548376,548826,YOR119C,-
5812,chrXV,551698,552148,YOR121C,-
5813,chrXV,551844,552294,YOR120W,+
5814,chrXV,552008,552458,YOR122C,-
5815,chrXV,553007,553457,YOR123C,-
5816,chrXV,554644,555094,YOR124C,-
5817,chrXV,558791,559241,YOR125C,-
5818,chrXV,559794,560244,YOR126C,-
5819,chrXV,564021,564471,YOR127W,+
5820,chrXV,564328,564778,YOR128C,-
5821,chrXV,566603,567053,YOR129C,-
5822,chrXV,569741,570191,YOR130C,-
5823,chrXV,572082,572532,YOR131C,-
5824,chrXV,574532,574982,YOR132W,+
5825,chrXV,577517,577967,YOR133W,+
5826,chrXV,579443,579893,YOR134W,+
5827,chrXV,580059,580509,YOR135C,-
5828,chrXV,581247,581697,YOR136W,+
5829,chrXV,581713,582163,YOR137C,-
5830,chrXV,584142,584592,YOR138C,-
5831,chrXV,586850,587300,YOR139C,-
5832,chrXV,588931,589381,YOR140W,+
5833,chrXV,589543,589993,YOR141C,-
5834,chrXV,593696,594146,YOR142W,+
5835,chrXV,601260,601710,YOR143C,-
5836,chrXV,602476,602926,YOR144C,-
5837,chrXV,605160,605610,YOR145C,-
5838,chrXV,605828,606278,YOR146W,+
5839,chrXV,608169,608619,YOR147W,+
5840,chrXV,608457,608907,YOR148C,-
5841,chrXV,609396,609846,YOR149C,-
5842,chrXV,612252,612702,YOR150W,+
5843,chrXV,612873,613323,YOR151C,-
5844,chrXV,617418,617868,YOR152C,-
5845,chrXV,624025,624475,YOR153W,+
5846,chrXV,626142,626592,YOR154W,+
5847,chrXV,626434,626884,YOR155C,-
5848,chrXV,628007,628457,YOR156C,-
5849,chrXV,630802,631252,YOR157C,-
5850,chrXV,632922,633372,YOR158W,+
5851,chrXV,632943,633393,YOR159C,-
5852,chrXV,636456,636906,YOR160W,+
5853,chrXV,636839,637289,YOR161C,-
5854,chrXV,637304,637754,YOR161W-A,+
5855,chrXV,637885,638335,YOR161W-B,+
5856,chrXV,639021,639471,YOR161C-C,-
5857,chrXV,639460,639910,YOR162C,-
5858,chrXV,643027,643477,YOR163W,+
5859,chrXV,643127,643577,YOR164C,-
5860,chrXV,646717,647167,YOR165W,+
5861,chrXV,646861,647311,YOR166C,-
5862,chrXV,648578,649028,YOR167C,-
5863,chrXV,651276,651726,YOR169C,-
5864,chrXV,651382,651832,YOR168W,+
5865,chrXV,651724,652174,YOR171C,-
5866,chrXV,651813,652263,YOR170W,+
5867,chrXV,656388,656838,YOR172W,+
5868,chrXV,658093,658543,YOR173W,+
5869,chrXV,659251,659701,YOR174W,+
5870,chrXV,659552,660002,YOR175C,-
5871,chrXV,663304,663754,YOR176W,+
5872,chrXV,665685,666135,YOR177C,-
5873,chrXV,667760,668210,YOR178C,-
5874,chrXV,671489,671939,YOR179C,-
5875,chrXV,674200,674650,YOR180C,-
5876,chrXV,677575,678025,YOR181W,+
5877,chrXV,678022,678472,YOR182C,-
5878,chrXV,678911,679361,YOR183W,+
5879,chrXV,680294,680744,YOR184W,+
5880,chrXV,681297,681747,YOR185C,-
5881,chrXV,683195,683645,YOR186W,+
5882,chrXV,683229,683679,YOR186C-A,-
5883,chrXV,685181,685631,YOR187W,+
5884,chrXV,689026,689476,YOR188W,+
5885,chrXV,689833,690283,YOR189W,+
5886,chrXV,692017,692467,YOR190W,+
5887,chrXV,697171,697621,YOR191W,+
5888,chrXV,698668,699118,YOR192C,-
5889,chrXV,703459,703909,YOR192C-C,-
5890,chrXV,711226,711676,YOR193W,+
5891,chrXV,711583,712033,YOR194C,-
5892,chrXV,715224,715674,YOR195W,+
5893,chrXV,715493,715943,YOR196C,-
5894,chrXV,718094,718544,YOR197W,+
5895,chrXV,718553,719003,YOR198C,-
5896,chrXV,720160,720610,YOR199W,+
5897,chrXV,720301,720751,YOR201C,-
5898,chrXV,720465,720915,YOR200W,+
5899,chrXV,722348,722798,YOR202W,+
5900,chrXV,722568,723018,YOR203W,+
5901,chrXV,725097,725547,YOR204W,+
5902,chrXV,725342,725792,YOR205C,-
5903,chrXV,729294,729744,YOR206W,+
5904,chrXV,729781,730231,YOR207C,-
5905,chrXV,735896,736346,YOR208W,+
5906,chrXV,736209,736659,YOR209C,-
5907,chrXV,738483,738933,YOR210W,+
5908,chrXV,738707,739157,YOR211C,-
5909,chrXV,743960,744410,YOR212W,+
5910,chrXV,744090,744540,YOR213C,-
5911,chrXV,745493,745943,YOR214C,-
5912,chrXV,746625,747075,YOR215C,-
5913,chrXV,747329,747779,YOR216C,-
5914,chrXV,751376,751826,YOR218C,-
5915,chrXV,751765,752215,YOR217W,+
5916,chrXV,751792,752242,YOR219C,-
5917,chrXV,755944,756394,YOR220W,+
5918,chrXV,756200,756650,YOR221C,-
5919,chrXV,758903,759353,YOR222W,+
5920,chrXV,760525,760975,YOR223W,+
5921,chrXV,760622,761072,YOR224C,-
5922,chrXV,761309,761759,YOR226C,-
5923,chrXV,761371,761821,YOR225W,+
5924,chrXV,766215,766665,YOR227W,+
5925,chrXV,766529,766979,YOR228C,-
5926,chrXV,769737,770187,YOR229W,+
5927,chrXV,771923,772373,YOR230W,+
5928,chrXV,773063,773513,YOR231C-A,-
5929,chrXV,773979,774429,YOR231W,+
5930,chrXV,775121,775571,YOR232W,+
5931,chrXV,777898,778348,YOR233W,+
5932,chrXV,778440,778890,YOR234C,-
5933,chrXV,779834,780284,YOR235W,+
5934,chrXV,781209,781659,YOR236W,+
5935,chrXV,782948,783398,YOR237W,+
5936,chrXV,784316,784766,YOR238W,+
5937,chrXV,786601,787051,YOR239W,+
5938,chrXV,788438,788888,YOR241W,+
5939,chrXV,788642,789092,YOR242C,-
5940,chrXV,789930,790380,YOR243C,-
5941,chrXV,793697,794147,YOR244W,+
5942,chrXV,793860,794310,YOR245C,-
5943,chrXV,795584,796034,YOR246C,-
5944,chrXV,797965,798415,YOR248W,+
5945,chrXV,798097,798547,YOR247W,+
5946,chrXV,798251,798701,YOR249C,-
5947,chrXV,800814,801264,YOR250C,-
5948,chrXV,802355,802805,YOR251C,-
5949,chrXV,803853,804303,YOR252W,+
5950,chrXV,804673,805123,YOR253W,+
5951,chrXV,804932,805382,YOR254C,-
5952,chrXV,807757,808207,YOR255W,+
5953,chrXV,808092,808542,YOR256C,-
5954,chrXV,811143,811593,YOR257W,+
5955,chrXV,812065,812515,YOR258W,+
5956,chrXV,812222,812672,YOR259C,-
5957,chrXV,815490,815940,YOR260W,+
5958,chrXV,815736,816186,YOR261C,-
5959,chrXV,818089,818539,YOR262W,+
5960,chrXV,818657,819107,YOR263C,-
5961,chrXV,819924,820374,YOR264W,+
5962,chrXV,820454,820904,YOR265W,+
5963,chrXV,821944,822394,YOR266W,+
5964,chrXV,822289,822739,YOR267C,-
5965,chrXV,825289,825739,YOR268C,-
5966,chrXV,827519,827969,YOR269W,+
5967,chrXV,827835,828285,YOR270C,-
5968,chrXV,830814,831264,YOR271C,-
5969,chrXV,833927,834377,YOR272W,+
5970,chrXV,834214,834664,YOR273C,-
5971,chrXV,838770,839220,YOR274W,+
5972,chrXV,838852,839302,YOR275C,-
5973,chrXV,841415,841865,YOR277C,-
5974,chrXV,841544,841994,YOR276W,+
5975,chrXV,843294,843744,YOR278W,+
5976,chrXV,843541,843991,YOR279C,-
5977,chrXV,844783,845233,YOR280C,-
5978,chrXV,846072,846522,YOR281C,-
5979,chrXV,846970,847420,YOR282W,+
5980,chrXV,847941,848391,YOR283W,+
5981,chrXV,849139,849589,YOR284W,+
5982,chrXV,849773,850223,YOR285W,+
5983,chrXV,850455,850905,YOR286W,+
5984,chrXV,850837,851287,YOR287C,-
5985,chrXV,851935,852385,YOR288C,-
5986,chrXV,853845,854295,YOR289W,+
5987,chrXV,854977,855427,YOR290C,-
5988,chrXV,865243,865693,YOR291W,+
5989,chrXV,865553,866003,YOR292C,-
5990,chrXV,867621,868071,YOR293W,+
5991,chrXV,867781,868231,YOR293C-A,-
5992,chrXV,868601,869051,YOR294W,+
5993,chrXV,869777,870227,YOR295W,+
5994,chrXV,873721,874171,YOR296W,+
5995,chrXV,874510,874960,YOR297C,-
5996,chrXV,876743,877193,YOR298W,+
5997,chrXV,876897,877347,YOR298C-A,-
5998,chrXV,880385,880835,YOR299W,+
5999,chrXV,880533,880983,YOR300W,+
6000,chrXV,882231,882681,YOR301W,+
6001,chrXV,882492,882942,YOR302W,+
6002,chrXV,883854,884304,YOR303W,+
6003,chrXV,887526,887976,YOR304W,+
6004,chrXV,888078,888528,YOR304C-A,-
6005,chrXV,889400,889850,YOR305W,+
6006,chrXV,889767,890217,YOR306C,-
6007,chrXV,892470,892920,YOR307C,-
6008,chrXV,894339,894789,YOR308C,-
6009,chrXV,896598,897048,YOR309C,-
6010,chrXV,896725,897175,YOR310C,-
6011,chrXV,898743,899193,YOR311C,-
6012,chrXV,900150,900600,YOR312C,-
6013,chrXV,901758,902208,YOR313C,-
6014,chrXV,903022,903472,YOR314W,+
6015,chrXV,904218,904668,YOR314W-A,+
6016,chrXV,905860,906310,YOR315W,+
6017,chrXV,906010,906460,YOR316C,-
6018,chrXV,907626,908076,YOR316C-A,-
6019,chrXV,911292,911742,YOR317W,+
6020,chrXV,911684,912134,YOR318C,-
6021,chrXV,913247,913697,YOR319W,+
6022,chrXV,913337,913787,YOR320C,-
6023,chrXV,917972,918422,YOR321W,+
6024,chrXV,918349,918799,YOR322C,-
6025,chrXV,921328,921778,YOR323C,-
6026,chrXV,923132,923582,YOR324C,-
6027,chrXV,924700,925150,YOR325W,+
6028,chrXV,930153,930603,YOR326W,+
6029,chrXV,930462,930912,YOR327C,-
6030,chrXV,936298,936748,YOR328W,+
6031,chrXV,936521,936971,YOR329C,-
6032,chrXV,939207,939657,YOR329W-A,+
6033,chrXV,939521,939971,YOR330C,-
6034,chrXV,943465,943915,YOR331C,-
6035,chrXV,944072,944522,YOR332W,+
6036,chrXV,944441,944891,YOR333C,-
6037,chrXV,945658,946108,YOR334W,+
6038,chrXV,946133,946583,YOR335C,-
6039,chrXV,946298,946748,YOR335W-A,+
6040,chrXV,953723,954173,YOR336W,+
6041,chrXV,956273,956723,YOR337W,+
6042,chrXV,957639,958089,YOR338W,+
6043,chrXV,957914,958364,YOR339C,-
6044,chrXV,958942,959392,YOR340C,-
6045,chrXV,965911,966361,YOR341W,+
6046,chrXV,966476,966926,YOR342C,-
6047,chrXV,968048,968498,YOR343C,-
6048,chrXV,976687,977137,YOR344C,-
6049,chrXV,981712,982162,YOR345C,-
6050,chrXV,984547,984997,YOR346W,+
6051,chrXV,984842,985292,YOR347C,-
6052,chrXV,986799,987249,YOR348C,-
6053,chrXV,992508,992958,YOR349W,+
6054,chrXV,992691,993141,YOR350C,-
6055,chrXV,994918,995368,YOR351C,-
6056,chrXV,997964,998414,YOR352W,+
6057,chrXV,998353,998803,YOR353C,-
6058,chrXV,1000917,1001367,YOR354C,-
6059,chrXV,1006547,1006997,YOR355W,+
6060,chrXV,1008766,1009216,YOR356W,+
6061,chrXV,1009124,1009574,YOR357C,-
6062,chrXV,1010835,1011285,YOR358W,+
6063,chrXV,1012507,1012957,YOR359W,+
6064,chrXV,1013141,1013591,YOR360C,-
6065,chrXV,1015171,1015621,YOR361C,-
6066,chrXV,1017630,1018080,YOR362C,-
6067,chrXV,1019777,1020227,YOR363C,-
6068,chrXV,1023361,1023811,YOR365C,-
6069,chrXV,1023389,1023839,YOR364W,+
6070,chrXV,1025259,1025709,YOR366W,+
6071,chrXV,1026350,1026800,YOR367W,+
6072,chrXV,1027698,1028148,YOR368W,+
6073,chrXV,1027904,1028354,YOR369C,-
6074,chrXV,1028901,1029351,YOR370C,-
6075,chrXV,1031389,1031839,YOR371C,-
6076,chrXV,1034707,1035157,YOR372C,-
6077,chrXV,1039133,1039583,YOR373W,+
6078,chrXV,1041133,1041583,YOR374W,+
6079,chrXV,1041565,1042015,YOR375C,-
6080,chrXV,1043209,1043659,YOR376W,+
6081,chrXV,1045369,1045819,YOR376W-A,+
6082,chrXV,1047676,1048126,YOR377W,+
6083,chrXV,1050626,1051076,YOR379C,-
6084,chrXV,1050708,1051158,YOR378W,+
6085,chrXV,1052640,1053090,YOR380W,+
6086,chrXV,1057330,1057780,YOR381W,+
6087,chrXV,1058684,1059134,YOR381W-A,+
6088,chrXV,1059739,1060189,YOR382W,+
6089,chrXV,1060184,1060634,YOR383C,-
6090,chrXV,1063298,1063748,YOR384W,+
6091,chrXV,1065842,1066292,YOR385W,+
6092,chrXV,1068411,1068861,YOR386W,+
6093,chrXV,1069521,1069971,YOR387C,-
6094,chrXV,1071693,1072143,YOR388C,-
6095,chrXV,1075737,1076187,YOR389W,+
6096,chrXV,1077561,1078011,YOR390W,+
6097,chrXV,1078445,1078895,YOR391C,-
6098,chrXV,1079375,1079825,YOR392W,+
6099,chrXV,1081239,1081689,YOR393W,+
6100,chrXV,1082862,1083312,YOR394W,+
6101,chrXV,1084017,1084467,TEL15R-XC,+
6102,chrXV,1084102,1084552,YOR394C-A,-
6103,chrXV,1089915,1090365,YOR396C-A,-
6104,chrXV,1090513,1090963,YOR396W,+
6105,chrXV,1090923,1091373,TEL15R-YP,+
6106,chrXVI,1,351,TEL16L-YP,-
6107,chrXVI,180,630,YPL283C,-
6108,chrXVI,775,1225,YPL283W-B,+
6109,chrXVI,1651,2101,YPL283W-A,+
6110,chrXVI,7833,8283,YPL282C,-
6111,chrXVI,9457,9907,YPL281C,-
6112,chrXVI,12417,12867,YPL280W,+
6113,chrXVI,12993,13443,YPL279C,-
6114,chrXVI,14953,15403,YPL278C,-
6115,chrXVI,15305,15755,YPL277C,-
6116,chrXVI,24398,24848,YPL274W,+
6117,chrXVI,25820,26270,YPL273W,+
6118,chrXVI,26511,26961,YPL272C,-
6119,chrXVI,30063,30513,YPL271W,+
6120,chrXVI,32453,32903,YPL270W,+
6121,chrXVI,34597,35047,YPL269W,+
6122,chrXVI,37538,37988,YPL268W,+
6123,chrXVI,38502,38952,YPL267W,+
6124,chrXVI,39799,40249,YPL266W,+
6125,chrXVI,42519,42969,YPL265W,+
6126,chrXVI,43183,43633,YPL264C,-
6127,chrXVI,44451,44901,YPL263C,-
6128,chrXVI,48495,48945,YPL262W,+
6129,chrXVI,48896,49346,YPL261C,-
6130,chrXVI,50800,51250,YPL260W,+
6131,chrXVI,50937,51387,YPL259C,-
6132,chrXVI,53398,53848,YPL258C,-
6133,chrXVI,64015,64465,YPL257W,+
6134,chrXVI,64687,65137,YPL256C,-
6135,chrXVI,68767,69217,YPL255W,+
6136,chrXVI,70670,71120,YPL254W,+
6137,chrXVI,70867,71317,YPL253C,-
6138,chrXVI,73263,73713,YPL252C,-
6139,chrXVI,73577,74027,YPL251W,+
6140,chrXVI,74209,74659,YPL250C,-
6141,chrXVI,75450,75900,YPL249C-A,-
6142,chrXVI,75639,76089,YPL250W-A,+
6143,chrXVI,76466,76916,YPL249C,-
6144,chrXVI,79471,79921,YPL248C,-
6145,chrXVI,82417,82867,YPL247C,-
6146,chrXVI,84311,84761,YPL246C,-
6147,chrXVI,86600,87050,YPL245W,+
6148,chrXVI,86733,87183,YPL244C,-
6149,chrXVI,90037,90487,YPL243W,+
6150,chrXVI,90464,90914,YPL242C,-
6151,chrXVI,95198,95648,YPL241C,-
6152,chrXVI,96396,96846,YPL240C,-
6153,chrXVI,99939,100389,YPL239W,+
6154,chrXVI,100374,100824,YPL238C,-
6155,chrXVI,101003,101453,YPL237W,+
6156,chrXVI,101359,101809,YPL236C,-
6157,chrXVI,104470,104920,YPL235W,+
6158,chrXVI,104676,105126,YPL234C,-
6159,chrXVI,106527,106977,YPL233W,+
6160,chrXVI,107878,108328,YPL232W,+
6161,chrXVI,114051,114501,YPL231W,+
6162,chrXVI,116137,116587,YPL230W,+
6163,chrXVI,117620,118070,YPL229W,+
6164,chrXVI,119681,120131,YPL228W,+
6165,chrXVI,120055,120505,YPL227C,-
6166,chrXVI,125262,125712,YPL226W,+
6167,chrXVI,126180,126630,YPL225W,+
6168,chrXVI,126344,126794,YPL224C,-
6169,chrXVI,128532,128982,YPL223C,-
6170,chrXVI,131770,132220,YPL222C-A,-
6171,chrXVI,131966,132416,YPL222W,+
6172,chrXVI,135132,135582,YPL221W,+
6173,chrXVI,136185,136635,YPL220W,+
6174,chrXVI,137878,138328,YPL219W,+
6175,chrXVI,139129,139579,YPL218W,+
6176,chrXVI,139520,139970,YPL217C,-
6177,chrXVI,146779,147229,YPL216W,+
6178,chrXVI,148160,148610,YPL215W,+
6179,chrXVI,148469,148919,YPL214C,-
6180,chrXVI,150980,151430,YPL213W,+
6181,chrXVI,151415,151865,YPL212C,-
6182,chrXVI,153901,154351,YPL211W,+
6183,chrXVI,154096,154546,YPL210C,-
6184,chrXVI,156291,156741,YPL209C,-
6185,chrXVI,159318,159768,YPL208W,+
6186,chrXVI,161991,162441,YPL207W,+
6187,chrXVI,162192,162642,YPL206C,-
6188,chrXVI,163822,164272,YPL205C,-
6189,chrXVI,165410,165860,YPL204W,+
6190,chrXVI,167290,167740,YPL203W,+
6191,chrXVI,167595,168045,YPL202C,-
6192,chrXVI,169670,170120,YPL201C,-
6193,chrXVI,171604,172054,YPL200W,+
6194,chrXVI,171887,172337,YPL199C,-
6195,chrXVI,174243,174693,YPL197C,-
6196,chrXVI,174447,174897,YPL198W,+
6197,chrXVI,175572,176022,YPL196W,+
6198,chrXVI,178759,179209,YPL195W,+
6199,chrXVI,180836,181286,YPL194W,+
6200,chrXVI,182265,182715,YPL193W,+
6201,chrXVI,182555,183005,YPL192C,-
6202,chrXVI,183497,183947,YPL191C,-
6203,chrXVI,185217,185667,YPL190C,-
6204,chrXVI,187969,188419,YPL189C-A,-
6205,chrXVI,190757,191207,YPL189W,+
6206,chrXVI,192300,192750,YPL188W,+
6207,chrXVI,193935,194385,YPL187W,+
6208,chrXVI,194412,194862,YPL186C,-
6209,chrXVI,195298,195748,YPL185W,+
6210,chrXVI,195751,196201,YPL184C,-
6211,chrXVI,199026,199476,YPL183W-A,+
6212,chrXVI,199395,199845,YPL183C,-
6213,chrXVI,203206,203656,YPL182C,-
6214,chrXVI,204712,205162,YPL181W,+
6215,chrXVI,207498,207948,YPL180W,+
6216,chrXVI,209707,210157,YPL179W,+
6217,chrXVI,212434,212884,YPL178W,+
6218,chrXVI,212942,213392,YPL177C,-
6219,chrXVI,215773,216223,YPL176C,-
6220,chrXVI,219851,220301,YPL175W,+
6221,chrXVI,219990,220440,YPL174C,-
6222,chrXVI,223834,224284,YPL173W,+
6223,chrXVI,224253,224703,YPL172C,-
6224,chrXVI,226069,226519,YPL171C,-
6225,chrXVI,228673,229123,YPL170W,+
6226,chrXVI,228799,229249,YPL169C,-
6227,chrXVI,232222,232672,YPL168W,+
6228,chrXVI,232493,232943,YPL167C,-
6229,chrXVI,237542,237992,YPL165C,-
6230,chrXVI,237629,238079,YPL166W,+
6231,chrXVI,239250,239700,YPL164C,-
6232,chrXVI,241563,242013,YPL163C,-
6233,chrXVI,242752,243202,YPL162C,-
6234,chrXVI,244219,244669,YPL161C,-
6235,chrXVI,250084,250534,YPL160W,+
6236,chrXVI,250611,251061,YPL159C,-
6237,chrXVI,251934,252384,YPL158C,-
6238,chrXVI,255503,255953,YPL157W,+
6239,chrXVI,255684,256134,YPL156C,-
6240,chrXVI,257116,257566,YPL155C,-
6241,chrXVI,259614,260064,YPL154C,-
6242,chrXVI,261627,262077,YPL153C,-
6243,chrXVI,264350,264800,YPL152W-A,+
6244,chrXVI,265851,266301,YPL152W,+
6245,chrXVI,265982,266432,YPL151C,-
6246,chrXVI,270641,271091,YPL150W,+
6247,chrXVI,271887,272337,YPL149W,+
6248,chrXVI,272016,272466,YPL148C,-
6249,chrXVI,275517,275967,YPL147W,+
6250,chrXVI,275914,276364,YPL146C,-
6251,chrXVI,277771,278221,YPL145C,-
6252,chrXVI,280713,281163,YPL144W,+
6253,chrXVI,282586,283036,YPL142C,-
6254,chrXVI,282670,283120,YPL143W,+
6255,chrXVI,283364,283814,YPL141C,-
6256,chrXVI,287227,287677,YPL140C,-
6257,chrXVI,289569,290019,YPL139C,-
6258,chrXVI,291137,291587,YPL138C,-
6259,chrXVI,292630,293080,YPL137C,-
6260,chrXVI,296304,296754,YPL136W,+
6261,chrXVI,297578,298028,YPL135C-A,-
6262,chrXVI,297700,298150,YPL135W,+
6263,chrXVI,298471,298921,YPL134C,-
6264,chrXVI,299640,300090,YPL133C,-
6265,chrXVI,302341,302791,YPL132W,+
6266,chrXVI,303760,304210,YPL131W,+
6267,chrXVI,304708,305158,YPL130W,+
6268,chrXVI,305858,306308,YPL129W,+
6269,chrXVI,306043,306493,YPL128C,-
6270,chrXVI,308728,309178,YPL127C,-
6271,chrXVI,312701,313151,YPL126W,+
6272,chrXVI,316209,316659,YPL125W,+
6273,chrXVI,317222,317672,YPL124W,+
6274,chrXVI,317357,317807,YPL123C,-
6275,chrXVI,319025,319475,YPL122C,-
6276,chrXVI,320862,321312,YPL121C,-
6277,chrXVI,323500,323950,YPL120W,+
6278,chrXVI,323676,324126,YPL119C-A,-
6279,chrXVI,324311,324761,YPL119C,-
6280,chrXVI,327315,327765,YPL118W,+
6281,chrXVI,327704,328154,YPL117C,-
6282,chrXVI,331436,331886,YPL116W,+
6283,chrXVI,332000,332450,YPL115C,-
6284,chrXVI,335761,336211,YPL113C,-
6285,chrXVI,336017,336467,YPL114W,+
6286,chrXVI,337336,337786,YPL112C,-
6287,chrXVI,340639,341089,YPL111W,+
6288,chrXVI,340968,341418,YPL110C,-
6289,chrXVI,345080,345530,YPL109C,-
6290,chrXVI,348738,349188,YPL108W,+
6291,chrXVI,349720,350170,YPL107W,+
6292,chrXVI,350094,350544,YPL106C,-
6293,chrXVI,352671,353121,YPL105C,-
6294,chrXVI,357462,357912,YPL104W,+
6295,chrXVI,357587,358037,YPL103C,-
6296,chrXVI,359903,360353,YPL102C,-
6297,chrXVI,361437,361887,YPL101W,+
6298,chrXVI,363057,363507,YPL100W,+
6299,chrXVI,363234,363684,YPL099C,-
6300,chrXVI,364095,364545,YPL098C,-
6301,chrXVI,366149,366599,YPL097W,+
6302,chrXVI,366306,366756,YPL096C-A,-
6303,chrXVI,367696,368146,YPL096W,+
6304,chrXVI,367915,368365,YPL095C,-
6305,chrXVI,369670,370120,YPL094C,-
6306,chrXVI,372571,373021,YPL093W,+
6307,chrXVI,374916,375366,YPL092W,+
6308,chrXVI,376713,377163,YPL091W,+
6309,chrXVI,377018,377468,YPL090C,-
6310,chrXVI,379020,379470,YPL089C,-
6311,chrXVI,382726,383176,YPL088W,+
6312,chrXVI,384194,384644,YPL087W,+
6313,chrXVI,384673,385123,YPL086C,-
6314,chrXVI,393304,393754,YPL085W,+
6315,chrXVI,396371,396821,YPL084W,+
6316,chrXVI,396372,396822,YPL083C,-
6317,chrXVI,398271,398721,YPL082C,-
6318,chrXVI,405892,406342,YPL081W,+
6319,chrXVI,406072,406522,YPL080C,-
6320,chrXVI,407293,407743,YPL079W,+
6321,chrXVI,407653,408103,YPL078C,-
6322,chrXVI,408911,409361,YPL077C,-
6323,chrXVI,411074,411524,YPL076W,+
6324,chrXVI,415230,415680,YPL075W,+
6325,chrXVI,417809,418259,YPL074W,+
6326,chrXVI,418399,418849,YPL073C,-
6327,chrXVI,419706,420156,YPL072W,+
6328,chrXVI,419855,420305,YPL071C,-
6329,chrXVI,422638,423088,YPL070W,+
6330,chrXVI,422643,423093,YPL069C,-
6331,chrXVI,424044,424494,YPL068C,-
6332,chrXVI,425151,425601,YPL067C,-
6333,chrXVI,427403,427853,YPL066W,+
6334,chrXVI,428305,428755,YPL065W,+
6335,chrXVI,428611,429061,YPL064C,-
6336,chrXVI,431117,431567,YPL063W,+
6337,chrXVI,431949,432399,YPL062W,+
6338,chrXVI,433797,434247,YPL061W,+
6339,chrXVI,435470,435920,YPL060W,+
6340,chrXVI,444816,445266,YPL059W,+
6341,chrXVI,445742,446192,YPL058C,-
6342,chrXVI,451421,451871,YPL057C,-
6343,chrXVI,453330,453780,YPL056C,-
6344,chrXVI,453815,454265,YPL055C,-
6345,chrXVI,456314,456764,YPL054W,+
6346,chrXVI,457018,457468,YPL053C,-
6347,chrXVI,459397,459847,YPL052W,+
6348,chrXVI,460209,460659,YPL051W,+
6349,chrXVI,460679,461129,YPL050C,-
6350,chrXVI,462206,462656,YPL049C,-
6351,chrXVI,465434,465884,YPL048W,+
6352,chrXVI,466249,466699,YPL047W,+
6353,chrXVI,466316,466766,YPL046C,-
6354,chrXVI,469452,469902,YPL045W,+
6355,chrXVI,469826,470276,YPL044C,-
6356,chrXVI,471646,472096,YPL043W,+
6357,chrXVI,472940,473390,YPL042C,-
6358,chrXVI,474872,475322,YPL041C,-
6359,chrXVI,475816,476266,YPL040C,-
6360,chrXVI,479825,480275,YPL039W,+
6361,chrXVI,480023,480473,YPL038W-A,+
6362,chrXVI,480829,481279,YPL038W,+
6363,chrXVI,481272,481722,YPL037C,-
6364,chrXVI,485336,485786,YPL036W,+
6365,chrXVI,486464,486914,YPL035C,-
6366,chrXVI,486859,487309,YPL034W,+
6367,chrXVI,487262,487712,YPL033C,-
6368,chrXVI,488787,489237,YPL032C,-
6369,chrXVI,491839,492289,YPL031C,-
6370,chrXVI,494985,495435,YPL030W,+
6371,chrXVI,497424,497874,YPL029W,+
6372,chrXVI,499042,499492,YPL028W,+
6373,chrXVI,500052,500502,YPL027W,+
6374,chrXVI,500320,500770,YPL026C,-
6375,chrXVI,502373,502823,YPL025C,-
6376,chrXVI,503985,504435,YPL024W,+
6377,chrXVI,504103,504553,YPL023C,-
6378,chrXVI,509781,510231,YPL022W,+
6379,chrXVI,511314,511764,YPL021W,+
6380,chrXVI,512213,512663,YPL020C,-
6381,chrXVI,514352,514802,YPL019C,-
6382,chrXVI,518410,518860,YPL018W,+
6383,chrXVI,518634,519084,YPL017C,-
6384,chrXVI,524608,525058,YPL016W,+
6385,chrXVI,525382,525832,YPL015C,-
6386,chrXVI,528596,529046,YPL014W,+
6387,chrXVI,528732,529182,YPL013C,-
6388,chrXVI,533059,533509,YPL012W,+
6389,chrXVI,533426,533876,YPL011C,-
6390,chrXVI,535383,535833,YPL010W,+
6391,chrXVI,535720,536170,YPL009C,-
6392,chrXVI,541690,542140,YPL008W,+
6393,chrXVI,541878,542328,YPL007C,-
6394,chrXVI,547853,548303,YPL006W,+
6395,chrXVI,549956,550406,YPL005W,+
6396,chrXVI,550351,550801,YPL004C,-
6397,chrXVI,553058,553508,YPL003W,+
6398,chrXVI,553136,553586,YPL002C,-
6399,chrXVI,555379,555829,YPL001W,+
6400,chrXVI,557983,558433,YPR001W,+
6401,chrXVI,559585,560035,YPR002W,+
6402,chrXVI,560469,560919,YPR002C-A,-
6403,chrXVI,561404,561854,YPR003C,-
6404,chrXVI,563828,564278,YPR004C,-
6405,chrXVI,565351,565801,YPR005C,-
6406,chrXVI,567074,567524,YPR006C,-
6407,chrXVI,569236,569686,YPR007C,-
6408,chrXVI,574752,575202,YPR008W,+
6409,chrXVI,577073,577523,YPR009W,+
6410,chrXVI,577310,577760,YPR010C,-
6411,chrXVI,582119,582569,YPR010C-A,-
6412,chrXVI,582855,583305,YPR011C,-
6413,chrXVI,584213,584663,YPR012W,+
6414,chrXVI,584260,584710,YPR013C,-
6415,chrXVI,587089,587539,YPR014C,-
6416,chrXVI,590045,590495,YPR015C,-
6417,chrXVI,592085,592535,YPR016C,-
6418,chrXVI,593006,593456,YPR016W-A,+
6419,chrXVI,593215,593665,YPR017C,-
6420,chrXVI,595946,596396,YPR018W,+
6421,chrXVI,599364,599814,YPR019W,+
6422,chrXVI,599957,600407,YPR020W,+
6423,chrXVI,600549,600999,YPR021C,-
6424,chrXVI,603762,604212,YPR022C,-
6425,chrXVI,608642,609092,YPR023C,-
6426,chrXVI,612888,613338,YPR024W,+
6427,chrXVI,613132,613582,YPR025C,-
6428,chrXVI,618664,619114,YPR026W,+
6429,chrXVI,620325,620775,YPR027C,-
6430,chrXVI,624000,624450,YPR028W,+
6431,chrXVI,624163,624613,YPR029C,-
6432,chrXVI,630895,631345,YPR030W,+
6433,chrXVI,633411,633861,YPR031W,+
6434,chrXVI,636906,637356,YPR032W,+
6435,chrXVI,637205,637655,YPR033C,-
6436,chrXVI,640813,641263,YPR034W,+
6437,chrXVI,643056,643506,YPR035W,+
6438,chrXVI,645007,645457,YPR036W,+
6439,chrXVI,645803,646253,YPR036W-A,+
6440,chrXVI,646348,646798,YPR037C,-
6441,chrXVI,646845,647295,YPR038W,+
6442,chrXVI,646997,647447,YPR039W,+
6443,chrXVI,648087,648537,YPR040W,+
6444,chrXVI,649642,650092,YPR041W,+
6445,chrXVI,650335,650785,YPR042C,-
6446,chrXVI,654424,654874,YPR044C,-
6447,chrXVI,654632,655082,YPR043W,+
6448,chrXVI,654993,655443,YPR045C,-
6449,chrXVI,656994,657444,YPR046W,+
6450,chrXVI,658691,659141,YPR047W,+
6451,chrXVI,660774,661224,YPR048W,+
6452,chrXVI,660948,661398,YPR049C,-
6453,chrXVI,664853,665303,YPR050C,-
6454,chrXVI,665284,665734,YPR051W,+
6455,chrXVI,665346,665796,YPR052C,-
6456,chrXVI,665688,666138,YPR053C,-
6457,chrXVI,667138,667588,YPR054W,+
6458,chrXVI,670586,671036,YPR055W,+
6459,chrXVI,671987,672437,YPR056W,+
6460,chrXVI,673146,673596,YPR057W,+
6461,chrXVI,674214,674664,YPR059C,-
6462,chrXVI,674431,674881,YPR058W,+
6463,chrXVI,674620,675070,YPR060C,-
6464,chrXVI,675877,676327,YPR061C,-
6465,chrXVI,677399,677849,YPR062W,+
6466,chrXVI,677514,677964,YPR063C,-
6467,chrXVI,679020,679470,YPR064W,+
6468,chrXVI,680630,681080,YPR065W,+
6469,chrXVI,681762,682212,YPR066W,+
6470,chrXVI,682525,682975,YPR067W,+
6471,chrXVI,682788,683238,YPR068C,-
6472,chrXVI,684386,684836,YPR069C,-
6473,chrXVI,687591,688041,YPR070W,+
6474,chrXVI,688867,689317,YPR071W,+
6475,chrXVI,691538,691988,YPR072W,+
6476,chrXVI,691597,692047,YPR073C,-
6477,chrXVI,692696,693146,YPR074C,-
6478,chrXVI,694838,695288,YPR074W-A,+
6479,chrXVI,695515,695965,YPR075C,-
6480,chrXVI,696500,696950,YPR076W,+
6481,chrXVI,697031,697481,YPR077C,-
6482,chrXVI,697047,697497,YPR078C,-
6483,chrXVI,699768,700218,YPR079W,+
6484,chrXVI,701647,702097,YPR080W,+
6485,chrXVI,701931,702381,YPR081C,-
6486,chrXVI,704040,704490,YPR082C,-
6487,chrXVI,706365,706815,YPR083W,+
6488,chrXVI,708132,708582,YPR084W,+
6489,chrXVI,708275,708725,YPR085C,-
6490,chrXVI,711066,711516,YPR086W,+
6491,chrXVI,711226,711676,YPR088C,-
6492,chrXVI,711324,711774,YPR087W,+
6493,chrXVI,715672,716122,YPR089W,+
6494,chrXVI,716056,716506,YPR091C,-
6495,chrXVI,718334,718784,YPR092W,+
6496,chrXVI,719332,719782,YPR093C,-
6497,chrXVI,720610,721060,YPR094W,+
6498,chrXVI,720937,721387,YPR095C,-
6499,chrXVI,724742,725192,YPR096C,-
6500,chrXVI,728265,728715,YPR097W,+
6501,chrXVI,728632,729082,YPR098C,-
6502,chrXVI,729657,730107,YPR099C,-
6503,chrXVI,729963,730413,YPR100W,+
6504,chrXVI,730669,731119,YPR101W,+
6505,chrXVI,731074,731524,YPR102C,-
6506,chrXVI,732921,733371,YPR103W,+
6507,chrXVI,733127,733577,YPR104C,-
6508,chrXVI,736809,737259,YPR105C,-
6509,chrXVI,741133,741583,YPR106W,+
6510,chrXVI,741197,741647,YPR107C,-
6511,chrXVI,743493,743943,YPR108W,+
6512,chrXVI,744037,744487,YPR108W-A,+
6513,chrXVI,745276,745726,YPR109W,+
6514,chrXVI,745508,745958,YPR110C,-
6515,chrXVI,748650,749100,YPR111W,+
6516,chrXVI,749156,749606,YPR112C,-
6517,chrXVI,752751,753201,YPR113W,+
6518,chrXVI,753999,754449,YPR114W,+
6519,chrXVI,758019,758469,YPR115W,+
6520,chrXVI,759131,759581,YPR116W,+
6521,chrXVI,767144,767594,YPR117W,+
6522,chrXVI,768702,769152,YPR118W,+
6523,chrXVI,772866,773316,YPR119W,+
6524,chrXVI,773732,774182,YPR120C,-
6525,chrXVI,779951,780401,YPR121W,+
6526,chrXVI,785458,785908,YPR122W,+
6527,chrXVI,786041,786491,YPR123C,-
6528,chrXVI,787301,787751,YPR124W,+
6529,chrXVI,788975,789425,YPR125W,+
6530,chrXVI,788977,789427,YPR126C,-
6531,chrXVI,790770,791220,YPR127W,+
6532,chrXVI,790944,791394,YPR128C,-
6533,chrXVI,793274,793724,YPR130C,-
6534,chrXVI,793459,793909,YPR129W,+
6535,chrXVI,793622,794072,YPR131C,-
6536,chrXVI,795509,795959,YPR132W,+
6537,chrXVI,795794,796244,YPR133C,-
6538,chrXVI,797527,797977,YPR133W-A,+
6539,chrXVI,798628,799078,YPR134W,+
6540,chrXVI,801967,802417,YPR135W,+
6541,chrXVI,802225,802675,YPR136C,-
6542,chrXVI,803843,804293,YPR137W,+
6543,chrXVI,810884,811334,YPR138C,-
6544,chrXVI,812958,813408,YPR139C,-
6545,chrXVI,815269,815719,YPR140W,+
6546,chrXVI,815435,815885,YPR141C,-
6547,chrXVI,818030,818480,YPR142C,-
6548,chrXVI,818852,819302,YPR143W,+
6549,chrXVI,819589,820039,YPR144C,-
6550,chrXVI,823999,824449,YPR145W,+
6551,chrXVI,824590,825040,YPR145C-A,-
6552,chrXVI,825247,825697,YPR146C,-
6553,chrXVI,825330,825780,YPR147C,-
6554,chrXVI,826612,827062,YPR148C,-
6555,chrXVI,830258,830708,YPR149W,+
6556,chrXVI,830955,831405,YPR151C,-
6557,chrXVI,831170,831620,YPR150W,+
6558,chrXVI,831735,832185,YPR152C,-
6559,chrXVI,834043,834493,YPR153W,+
6560,chrXVI,834986,835436,YPR154W,+
6561,chrXVI,835349,835799,YPR155C,-
6562,chrXVI,837631,838081,YPR156C,-
6563,chrXVI,842319,842769,YPR157W,+
6564,chrXVI,843670,844120,YPR158W,+
6565,chrXVI,859679,860129,YPR159W,+
6566,chrXVI,859840,860290,YPR159C-A,-
6567,chrXVI,861664,862114,YPR160W-A,+
6568,chrXVI,862477,862927,YPR160C-A,-
6569,chrXVI,863664,864114,YPR160W,+
6570,chrXVI,864254,864704,YPR161C,-
6571,chrXVI,866570,867020,YPR162C,-
6572,chrXVI,868498,868948,YPR163C,-
6573,chrXVI,874576,875026,YPR164W,+
6574,chrXVI,875776,876226,YPR165W,+
6575,chrXVI,875993,876443,YPR166C,-
6576,chrXVI,876685,877135,YPR167C,-
6577,chrXVI,878199,878649,YPR168W,+
6578,chrXVI,879818,880268,YPR169W,+
6579,chrXVI,882883,883333,YPR170C,-
6580,chrXVI,883107,883557,YPR169W-A,+
6581,chrXVI,883213,883663,YPR170W-A,+
6582,chrXVI,883326,883776,YPR170W-B,+
6583,chrXVI,885286,885736,YPR171W,+
6584,chrXVI,886293,886743,YPR172W,+
6585,chrXVI,886368,886818,YPR173C,-
6586,chrXVI,887864,888314,YPR174C,-
6587,chrXVI,890754,891204,YPR175W,+
6588,chrXVI,890845,891295,YPR176C,-
6589,chrXVI,892213,892663,YPR177C,-
6590,chrXVI,893429,893879,YPR178W,+
6591,chrXVI,893609,894059,YPR179C,-
6592,chrXVI,896724,897174,YPR180W,+
6593,chrXVI,897041,897491,YPR181C,-
6594,chrXVI,900179,900629,YPR182W,+
6595,chrXVI,901290,901740,YPR183W,+
6596,chrXVI,906304,906754,YPR184W,+
6597,chrXVI,909084,909534,YPR185W,+
6598,chrXVI,909633,910083,YPR186C,-
6599,chrXVI,911588,912038,YPR187W,+
6600,chrXVI,911834,912284,YPR188C,-
6601,chrXVI,916612,917062,YPR189W,+
6602,chrXVI,916895,917345,YPR190C,-
6603,chrXVI,920209,920659,YPR191W,+
6604,chrXVI,922427,922877,YPR192W,+
6605,chrXVI,922809,923259,YPR193C,-
6606,chrXVI,924011,924461,YPR194C,-
6607,chrXVI,927865,928315,YPR195C,-
6608,chrXVI,932438,932888,YPR196W,+
6609,chrXVI,933798,934248,YPR197C,-
6610,chrXVI,935403,935853,YPR198W,+
6611,chrXVI,937866,938316,YPR199C,-
6612,chrXVI,939179,939629,YPR200C,-
6613,chrXVI,940786,941236,YPR201W,+
6614,chrXVI,943546,943996,YPR202W,+
6615,chrXVI,943838,944288,YPR203W,+
6616,chrXVI,946756,947206,YPR204C-A,-
6617,chrXVI,947351,947801,YPR204W,+
6618,chrXVI,947660,948110,TEL16R-YP,+
6619,chrXVII,3988,4438,Q0010,+
6620,chrXVII,4065,4515,Q0017,+
6621,chrXVII,11607,12057,Q0032,+
6622,chrXVII,15972,16422,Q0050,+
6623,chrXVII,18480,18930,Q0055,+
6624,chrXVII,19646,20096,Q0060,+
6625,chrXVII,21585,22035,Q0065,+
6626,chrXVII,22817,23267,Q0070,+
6627,chrXVII,24905,25355,Q0075,+
6628,chrXVII,26351,26801,Q0045,+
6629,chrXVII,27462,27912,Q0080,+
6630,chrXVII,28916,29366,Q0085,+
6631,chrXVII,30664,31114,Q0092,+
6632,chrXVII,38229,38679,Q0110,+
6633,chrXVII,39915,40365,Q0115,+
6634,chrXVII,41901,42351,Q0120,+
6635,chrXVII,43297,43747,Q0105,+
6636,chrXVII,46603,47053,Q0130,+
6637,chrXVII,49747,50197,Q0140,+
6638,chrXVII,50878,51328,Q0142,+
6639,chrXVII,51079,51529,Q0143,+
6640,chrXVII,54088,54538,Q0144,+
6641,chrXVII,61379,61829,Q0160,+
6642,chrXVII,65824,66274,Q0182,+
6643,chrXVII,74163,74613,Q0250,+
6644,chrXVII,75634,76084,Q0255,+
6645,chrXVII,79672,80122,Q0275,+
6646,chrXVII,85359,85809,Q0297,+
